Host: crm.seller-capital.ru:443
Date: 2025-01-23 12:01:29
Module: Данные ovk
array (
  'UF_CRM_COMPANY_OVK_CHECKDOMAIN' => false,
  'UF_CRM_COMPANY_OVK_CHECK_COMPANY_INFO' => false,
  'UF_CRM_COMPANY_OVK_CHECK_LICENSES' => false,
  'UF_CRM_COMPANY_OVK_IS_IN_TERRORIST_LIST' => false,
  'UF_CRM_COMPANY_OVK_IS_IN_MVK_LIST' => false,
  'UF_CRM_COMPANY_OVK_IS_IN_OMU_LIST' => false,
  'UF_CRM_COMPANY_OVK_IS_IN_STRATEGIC_LIST' => false,
  'UF_CRM_COMPANY_OVK_IS_IN_OPK_ULS' => false,
  'UF_CRM_COMPANY_OVK_IS_IN_SANCTION_LIST' => false,
  'UF_CRM_COMPANY_OVK_IS_IN_PEP_LIST' => false,
  'UF_CRM_COMPANY_OVK_IS_IN_764_LIST' => false,
  'UF_CRM_COMPANY_OVK_IS_IN_FINANCIAL_PYRAMYDE' => false,
  'UF_CRM_COMPANY_OVK_IS_IN_ILLEGAL_CREDITOR' => false,
  'UF_CRM_COMPANY_OVK_RESULT' => false,
)
#0: KPLab\API\V2\Controller\BalancePlatformRequest::updateItemFields
	/home/bitrix/www/local/modules/kplab.api.v2/controller/BalancePlatformRequest.php:849
#1: KPLab\API\V2\Controller\BalancePlatformRequest::saveOvkData
	/home/bitrix/www/local/modules/kplab.api.v2/controller/BalancePlatformRequest.php:888
#2: KPLab\API\V2\Controller\BalancePlatformRequest::saveAllData
	/home/bitrix/www/local/modules/kplab.api.v2/controller/BalancePlatformRequest.php:612
#3: KPLab\API\V2\Controller\BalancePlatformRequest::setParamsCompany
	/home/bitrix/www/local/modules/kplab.api.v2/controller/BalancePlatformRequest.php:80
#4: KPLab\API\V2\Controller\BalancePlatformRequest->recieveAction
	
#5: ReflectionMethod->invokeArgs
	/home/bitrix/www/bitrix/modules/main/lib/engine/autowire/binder.php:207
----------
Host: crm.seller-capital.ru:443
Date: 2025-01-23 12:01:33
Module: Данные Kontur Focus
array (
  'UF_CRM_COMPANY_KNTR_ADMIN_OFFENCE_CASE_COUNT' => 0,
  'UF_CRM_COMPANY_KNTR_ARBITR_CLAIMS_LOST_CASES_SUM' => 0,
  'UF_CRM_COMPANY_KNTR_ARBIT_CLAIMS_REVIEW_CASES_SUM' => 0,
  'UF_CRM_COMPANY_KNTR_ANY_FNS_BLOCKED_ACCOUNTS' => false,
  'UF_CRM_COMPANY_KNTR_ANY_SENT_DOCUMENTS_TO_FNS' => false,
  'UF_CRM_COMPANY_KNTR_ANY_DISQUALIFIED_DIRECTORS' => false,
  'UF_CRM_COMPANY_KNTR_BANKS' => 
  array (
  ),
  'UF_CRM_COMPANY_KNTR_BLOCKED_ACCOUNTS' => 
  array (
  ),
  'UF_CRM_COMPANY_KNTR_CERTIFICATE' => 
  array (
    0 => 'Certificate | 2029-08-11 | Электрические аппараты и приборы бытового назначения, для ухода за волосами',
    1 => 'Certificate | 2029-05-07 | Изделия чулочно-носочные трикотажные первого слоя мужские и женские из пряжи из смеси хлопковых и синтетических волокон и нитей:',
    2 => 'Declaration | 2028-09-17 | Изделия  компрессионные   1 и 2 класса',
  ),
  'UF_CRM_COMPANY_KNTR_LESSEE_CONTRACTS' => ' | ',
  'UF_CRM_COMPANY_KNTR_CONNECTED_COMPANIES' => 
  array (
    0 => 
    array (
      'inn' => '7804664340',
      'name' => 'Общество С Ограниченной Ответственностью "Астра"',
      'roleInTheConnectedCompany' => 
      array (
        0 => 
        array (
          'roleType' => 'Manager',
          'actualityType' => 'Actual',
          'founderShare' => NULL,
        ),
        1 => 
        array (
          'roleType' => 'Founder',
          'actualityType' => 'Actual',
          'founderShare' => 
          array (
            'sum' => 60000,
            'percentagePlain' => 100,
          ),
        ),
      ),
    ),
    1 => 
    array (
      'inn' => '1660340051',
      'name' => 'Общество С Ограниченной Ответственностью "Стимул"',
      'roleInTheConnectedCompany' => 
      array (
        0 => 
        array (
          'roleType' => 'Manager',
          'actualityType' => 'Actual',
          'founderShare' => NULL,
        ),
        1 => 
        array (
          'roleType' => 'Founder',
          'actualityType' => 'Actual',
          'founderShare' => 
          array (
            'sum' => 10000,
            'percentagePlain' => 100,
          ),
        ),
      ),
    ),
  ),
  'UF_CRM_COMPANY_KNTR_CONNECTED_SITES' => 
  array (
  ),
  'UF_CRM_COMPANY_KNTR_ENFORCEMENT_PROCEEDINGS_SUM' => 0,
  'UF_CRM_COMPANY_KNTR_IN_ANY_SANCTION_LISTS' => false,
  'UF_CRM_COMPANY_KNTR_IN_ANY_FNS_LIST' => false,
  'UF_CRM_COMPANY_KNTR_IN_STRATEGIC_ENTERPRISE_LIST' => false,
  'UF_CRM_COMPANY_KNTR_IN_JOIN_STOCK_CMPNY_LIST91P' => false,
  'UF_CRM_COMPANY_KNTR_IN_UNRELIABLE_SIPPLIER_LIST' => false,
  'UF_CRM_COMPANY_KNTR_MSP_LIST_DATE' => '2023-08-10',
  'UF_CRM_COMPANY_KNTR_LICENSES' => NULL,
  'UF_CRM_COMPANY_KNTR_TRADEMARKS' => 
  array (
  ),
  'UF_CRM_COMPANY_KNTR_LAST_BANKRUPTCY_DATA' => ' | ',
)
#0: KPLab\API\V2\Controller\BalancePlatformRequest::updateItemFields
	/home/bitrix/www/local/modules/kplab.api.v2/controller/BalancePlatformRequest.php:853
#1: KPLab\API\V2\Controller\BalancePlatformRequest::saveKonturFocusData
	/home/bitrix/www/local/modules/kplab.api.v2/controller/BalancePlatformRequest.php:898
#2: KPLab\API\V2\Controller\BalancePlatformRequest::saveAllData
	/home/bitrix/www/local/modules/kplab.api.v2/controller/BalancePlatformRequest.php:612
#3: KPLab\API\V2\Controller\BalancePlatformRequest::setParamsCompany
	/home/bitrix/www/local/modules/kplab.api.v2/controller/BalancePlatformRequest.php:80
#4: KPLab\API\V2\Controller\BalancePlatformRequest->recieveAction
	
#5: ReflectionMethod->invokeArgs
	/home/bitrix/www/bitrix/modules/main/lib/engine/autowire/binder.php:207
----------
Host: crm.seller-capital.ru:443
Date: 2025-01-23 12:01:36
Module: Данные Kontur Prisma
array (
  'UF_CRM_COMPANY_KNTR_IN_GOVERNMENT_DIRECTIVE_LIST' => NULL,
  'UF_CRM_COMPANY_KNTR_IN_STRATEGIC_ORG_LIST' => NULL,
  'UF_CRM_COMPANY_KNTR_WEBSITE_BLOCK_INFOS' => 
  array (
  ),
  'UF_CRM_COMPANY_KNTR_IN_PRLIFRTN_RISK_DETECTIONLIST' => false,
  'UF_CRM_COMPANY_KNTR_IN_REFUSAL_LIST764P' => false,
  'UF_CRM_COMPANY_KNTR_IN_BANK_REFUSAL_LIST764P' => NULL,
  'UF_CRM_COMPANY_KNTR_IN_SANCTIONS_LIST' => false,
  'UF_CRM_COMPANY_KNTR_IN_STRATEGIC_COMPANIES_LIST' => false,
  'UF_CRM_COMPANY_KNTR_IN_TERRORIST_LIST' => false,
  'UF_CRM_COMPANY_KNTR_IN_EXTREMISTS_LIST' => false,
  'UF_CRM_COMPANY_KNTR_IN_INTERDEP_COMMISSION_LIST' => false,
  'UF_CRM_COMPANY_KNTR_IN_WEAPON_MASS_DESTRUCTION_DIS' => false,
  'UF_CRM_COMPANY_KNTR_IN_ILLEG_LENDER_INDICATOR_LIST' => false,
  'UF_CRM_COMPANY_KNTR_IN_PYRAMID_SCHEME_INDICATAOR_L' => false,
  'UF_CRM_COMPANY_KNTR_ILLEG_SECUR_MARKET_PARTICIPANT' => false,
)
#0: KPLab\API\V2\Controller\BalancePlatformRequest::updateItemFields
	/home/bitrix/www/local/modules/kplab.api.v2/controller/BalancePlatformRequest.php:857
#1: KPLab\API\V2\Controller\BalancePlatformRequest::saveKonturPrismaData
	/home/bitrix/www/local/modules/kplab.api.v2/controller/BalancePlatformRequest.php:907
#2: KPLab\API\V2\Controller\BalancePlatformRequest::saveAllData
	/home/bitrix/www/local/modules/kplab.api.v2/controller/BalancePlatformRequest.php:612
#3: KPLab\API\V2\Controller\BalancePlatformRequest::setParamsCompany
	/home/bitrix/www/local/modules/kplab.api.v2/controller/BalancePlatformRequest.php:80
#4: KPLab\API\V2\Controller\BalancePlatformRequest->recieveAction
	
#5: ReflectionMethod->invokeArgs
	/home/bitrix/www/bitrix/modules/main/lib/engine/autowire/binder.php:207
----------
Host: crm.seller-capital.ru:443
Date: 2025-01-23 12:01:39
Module: Данные Checklist StatusType
array (
  'UF_CRM_COMPANY_CHKLST' => '19320',
)
#0: KPLab\API\V2\Controller\BalancePlatformRequest::updateItemFields
	/home/bitrix/www/local/modules/kplab.api.v2/controller/BalancePlatformRequest.php:861
#1: KPLab\API\V2\Controller\BalancePlatformRequest::saveChecklistStatusTypeData
	/home/bitrix/www/local/modules/kplab.api.v2/controller/BalancePlatformRequest.php:916
#2: KPLab\API\V2\Controller\BalancePlatformRequest::saveAllData
	/home/bitrix/www/local/modules/kplab.api.v2/controller/BalancePlatformRequest.php:612
#3: KPLab\API\V2\Controller\BalancePlatformRequest::setParamsCompany
	/home/bitrix/www/local/modules/kplab.api.v2/controller/BalancePlatformRequest.php:80
#4: KPLab\API\V2\Controller\BalancePlatformRequest->recieveAction
	
#5: ReflectionMethod->invokeArgs
	/home/bitrix/www/bitrix/modules/main/lib/engine/autowire/binder.php:207
----------
Host: crm.seller-capital.ru:443
Date: 2025-01-23 12:01:42
Module: Данные checklistStatus
array (
  'UF_CRM_CHKLST' => 20877,
)
#0: KPLab\API\V2\Controller\BalancePlatformRequest::updateItemFields
	/home/bitrix/www/local/modules/kplab.api.v2/controller/BalancePlatformRequest.php:871
#1: KPLab\API\V2\Controller\BalancePlatformRequest::saveChecklistStatusNumData
	/home/bitrix/www/local/modules/kplab.api.v2/controller/BalancePlatformRequest.php:924
#2: KPLab\API\V2\Controller\BalancePlatformRequest::saveAllData
	/home/bitrix/www/local/modules/kplab.api.v2/controller/BalancePlatformRequest.php:612
#3: KPLab\API\V2\Controller\BalancePlatformRequest::setParamsCompany
	/home/bitrix/www/local/modules/kplab.api.v2/controller/BalancePlatformRequest.php:80
#4: KPLab\API\V2\Controller\BalancePlatformRequest->recieveAction
	
#5: ReflectionMethod->invokeArgs
	/home/bitrix/www/bitrix/modules/main/lib/engine/autowire/binder.php:207
----------
Host: crm.seller-capital.ru:443
Date: 2025-01-23 12:01:43
Module: Данные Checklist
array (
  'UF_CRM_COMPANY_INCOME_TO_SALE_RATIO' => 0.88,
  'UF_CRM_COMPANY_CHKLST_MARKETPLACE_DURATION_IN_MNTH' => 12,
  'UF_CRM_COMPANY_CHKLST_STOK_SUM_LIMIT_SIX_MTH_RATIO' => 1.7222845,
  'UF_CRM_COMPANY_CHKLST_SMOOTHED_LIM_FOR_SIX_MONTHS' => 9915537,
  'UF_CRM_COMPANY_CHKLST_PDN' => 138.0,
  'UF_CRM_COMPANY_CHKLST_ANY_FNS_BLOCKED_ACCOUNTS' => false,
  'UF_CRM_COMPANY_CHKLST_PERSON_VALID_PASSPORT' => true,
  'UF_CRM_COMPANY_CHKLST_LOCATED_IN_LISTS_NAMES' => false,
  'UF_CRM_COMPANY_CHKLST_IN_UNRELIABLE_SUPPLIER_LIST' => false,
  'UF_CRM_COMPANY_CHKLST_ANY_DISQUALIFIED_DIRECTORS' => false,
  'UF_CRM_COMPANY_CHKLST_PERSON_AGE_LIST' => 30,
  'UF_CRM_COMPANY_CHKLST_HAS_PERSON_RUSSIAN_NATIONAL' => true,
  'UF_CRM_COMPANY_CHKLST_MAX_ACTIVE_LOAN_OVERDUE_DAYS' => NULL,
  'UF_CRM_COMPANY_CHKLST_ANY_LONG_OVERDUE_LOAN' => false,
  'UF_CRM_COMPANY_CHKLST_PERSON_LOAN_DATE' => NULL,
  'UF_CRM_COMPANY_CHKLST_PERSON_ACTIVE_MICRO_LOAN_CNT' => 5,
  'UF_CRM_COMPANY_CHKLST_PERSON_ACTIVE_FSSP_SUM' => 0,
  'UF_CRM_COMPANY_CHKLST_CLAIMS_SUM_INC_FOR_SIX_MONTH' => 0,
  'UF_CRM_COMPANY_CHKLST_LAST_BANKRUPTCY_DATE' => NULL,
  'UF_CRM_COMPANY_CHKLST_AUTO_LIMIT' => 2000000,
)
#0: KPLab\API\V2\Controller\BalancePlatformRequest::updateItemFields
	/home/bitrix/www/local/modules/kplab.api.v2/controller/BalancePlatformRequest.php:879
#1: KPLab\API\V2\Controller\BalancePlatformRequest::saveChecklistData
	/home/bitrix/www/local/modules/kplab.api.v2/controller/BalancePlatformRequest.php:933
#2: KPLab\API\V2\Controller\BalancePlatformRequest::saveAllData
	/home/bitrix/www/local/modules/kplab.api.v2/controller/BalancePlatformRequest.php:612
#3: KPLab\API\V2\Controller\BalancePlatformRequest::setParamsCompany
	/home/bitrix/www/local/modules/kplab.api.v2/controller/BalancePlatformRequest.php:80
#4: KPLab\API\V2\Controller\BalancePlatformRequest->recieveAction
	
#5: ReflectionMethod->invokeArgs
	/home/bitrix/www/bitrix/modules/main/lib/engine/autowire/binder.php:207
----------
Host: crm.seller-capital.ru:443
Date: 2025-01-23 12:01:46
Module: Данные Checklist RefusedInStatusByData
array (
  'UF_CRM_COMPANY_CHKLST_REFUSED_IN_STATUS_BY_DATA' => 
  array (
  ),
  'UF_CRM_COMPANY_CHKLST_AUTOMATIC_APPROVE' => 
  array (
    0 => 'ForecastSales',
    1 => 'SmoothedLimit',
    2 => 'PersonActiveMicroLoanCount',
  ),
  'UF_CRM_COMPANY_CHKLST_AUTHORIZED_PERSON' => 
  array (
    0 => 'PersonActiveMicroLoanCount',
  ),
  'UF_CRM_COMPANY_CHKLST_CREDIT_COMMITTEE' => 
  array (
  ),
)
#0: KPLab\API\V2\Controller\BalancePlatformRequest::updateItemFields
	/home/bitrix/www/local/modules/kplab.api.v2/controller/BalancePlatformRequest.php:883
#1: KPLab\API\V2\Controller\BalancePlatformRequest::saveRefusedInStatusByData
	/home/bitrix/www/local/modules/kplab.api.v2/controller/BalancePlatformRequest.php:942
#2: KPLab\API\V2\Controller\BalancePlatformRequest::saveAllData
	/home/bitrix/www/local/modules/kplab.api.v2/controller/BalancePlatformRequest.php:612
#3: KPLab\API\V2\Controller\BalancePlatformRequest::setParamsCompany
	/home/bitrix/www/local/modules/kplab.api.v2/controller/BalancePlatformRequest.php:80
#4: KPLab\API\V2\Controller\BalancePlatformRequest->recieveAction
	
#5: ReflectionMethod->invokeArgs
	/home/bitrix/www/bitrix/modules/main/lib/engine/autowire/binder.php:207
----------
Host: crm.seller-capital.ru:443
Date: 2025-01-23 12:01:49
Module: Данные ratingStatus
array (
  'UF_CRM_TARIF_OF_SELLERS' => 20865,
)
#0: KPLab\API\V2\Controller\BalancePlatformRequest::updateItemFields
	/home/bitrix/www/local/modules/kplab.api.v2/controller/BalancePlatformRequest.php:875
#1: KPLab\API\V2\Controller\BalancePlatformRequest::saveRatingStatus
	/home/bitrix/www/local/modules/kplab.api.v2/controller/BalancePlatformRequest.php:951
#2: KPLab\API\V2\Controller\BalancePlatformRequest::saveAllData
	/home/bitrix/www/local/modules/kplab.api.v2/controller/BalancePlatformRequest.php:612
#3: KPLab\API\V2\Controller\BalancePlatformRequest::setParamsCompany
	/home/bitrix/www/local/modules/kplab.api.v2/controller/BalancePlatformRequest.php:80
#4: KPLab\API\V2\Controller\BalancePlatformRequest->recieveAction
	
#5: ReflectionMethod->invokeArgs
	/home/bitrix/www/bitrix/modules/main/lib/engine/autowire/binder.php:207
----------
Host: crm.seller-capital.ru:443
Date: 2025-01-23 12:01:52
Module: Данные HasBankStatements
array (
  'UF_CRM_AVERAGE_SALES_COUNT' => true,
  'UF_CRM_TARIF_OF_SELLERS' => true,
)
#0: KPLab\API\V2\Controller\BalancePlatformRequest::updateItemFields
	/home/bitrix/www/local/modules/kplab.api.v2/controller/BalancePlatformRequest.php:629
#1: KPLab\API\V2\Controller\BalancePlatformRequest::setParamsCompany
	/home/bitrix/www/local/modules/kplab.api.v2/controller/BalancePlatformRequest.php:80
#2: KPLab\API\V2\Controller\BalancePlatformRequest->recieveAction
	
#3: ReflectionMethod->invokeArgs
	/home/bitrix/www/bitrix/modules/main/lib/engine/autowire/binder.php:207
#4: Bitrix\Main\Engine\AutoWire\Binder->invoke
	/home/bitrix/www/bitrix/modules/main/lib/engine/action.php:117
#5: Bitrix\Main\Engine\Action->runWithSourceParametersList
	/home/bitrix/www/bitrix/modules/main/lib/engine/controller.php:425
----------
Host: crm.seller-capital.ru:443
Date: 2025-01-23 12:07:18
Module: Данные ovk
array (
  'UF_CRM_COMPANY_OVK_CHECKDOMAIN' => false,
  'UF_CRM_COMPANY_OVK_CHECK_COMPANY_INFO' => false,
  'UF_CRM_COMPANY_OVK_CHECK_LICENSES' => false,
  'UF_CRM_COMPANY_OVK_IS_IN_TERRORIST_LIST' => false,
  'UF_CRM_COMPANY_OVK_IS_IN_MVK_LIST' => false,
  'UF_CRM_COMPANY_OVK_IS_IN_OMU_LIST' => false,
  'UF_CRM_COMPANY_OVK_IS_IN_STRATEGIC_LIST' => false,
  'UF_CRM_COMPANY_OVK_IS_IN_OPK_ULS' => false,
  'UF_CRM_COMPANY_OVK_IS_IN_SANCTION_LIST' => false,
  'UF_CRM_COMPANY_OVK_IS_IN_PEP_LIST' => false,
  'UF_CRM_COMPANY_OVK_IS_IN_764_LIST' => false,
  'UF_CRM_COMPANY_OVK_IS_IN_FINANCIAL_PYRAMYDE' => false,
  'UF_CRM_COMPANY_OVK_IS_IN_ILLEGAL_CREDITOR' => false,
  'UF_CRM_COMPANY_OVK_RESULT' => false,
)
#0: KPLab\API\V2\Controller\BalancePlatformRequest::updateItemFields
	/home/bitrix/www/local/modules/kplab.api.v2/controller/BalancePlatformRequest.php:849
#1: KPLab\API\V2\Controller\BalancePlatformRequest::saveOvkData
	/home/bitrix/www/local/modules/kplab.api.v2/controller/BalancePlatformRequest.php:888
#2: KPLab\API\V2\Controller\BalancePlatformRequest::saveAllData
	/home/bitrix/www/local/modules/kplab.api.v2/controller/BalancePlatformRequest.php:612
#3: KPLab\API\V2\Controller\BalancePlatformRequest::setParamsCompany
	/home/bitrix/www/local/modules/kplab.api.v2/controller/BalancePlatformRequest.php:80
#4: KPLab\API\V2\Controller\BalancePlatformRequest->recieveAction
	
#5: ReflectionMethod->invokeArgs
	/home/bitrix/www/bitrix/modules/main/lib/engine/autowire/binder.php:207
----------
Host: crm.seller-capital.ru:443
Date: 2025-01-23 12:07:22
Module: Данные Kontur Focus
array (
  'UF_CRM_COMPANY_KNTR_ADMIN_OFFENCE_CASE_COUNT' => 0,
  'UF_CRM_COMPANY_KNTR_ARBITR_CLAIMS_LOST_CASES_SUM' => 0,
  'UF_CRM_COMPANY_KNTR_ARBIT_CLAIMS_REVIEW_CASES_SUM' => 0,
  'UF_CRM_COMPANY_KNTR_ANY_FNS_BLOCKED_ACCOUNTS' => false,
  'UF_CRM_COMPANY_KNTR_ANY_SENT_DOCUMENTS_TO_FNS' => false,
  'UF_CRM_COMPANY_KNTR_ANY_DISQUALIFIED_DIRECTORS' => false,
  'UF_CRM_COMPANY_KNTR_BANKS' => 
  array (
  ),
  'UF_CRM_COMPANY_KNTR_BLOCKED_ACCOUNTS' => 
  array (
  ),
  'UF_CRM_COMPANY_KNTR_CERTIFICATE' => 
  array (
    0 => 'Certificate | 2029-08-11 | Электрические аппараты и приборы бытового назначения, для ухода за волосами',
    1 => 'Certificate | 2029-05-07 | Изделия чулочно-носочные трикотажные первого слоя мужские и женские из пряжи из смеси хлопковых и синтетических волокон и нитей:',
    2 => 'Declaration | 2028-09-17 | Изделия  компрессионные   1 и 2 класса',
  ),
  'UF_CRM_COMPANY_KNTR_LESSEE_CONTRACTS' => ' | ',
  'UF_CRM_COMPANY_KNTR_CONNECTED_COMPANIES' => 
  array (
    0 => 
    array (
      'inn' => '7804664340',
      'name' => 'Общество С Ограниченной Ответственностью "Астра"',
      'roleInTheConnectedCompany' => 
      array (
        0 => 
        array (
          'roleType' => 'Manager',
          'actualityType' => 'Actual',
          'founderShare' => NULL,
        ),
        1 => 
        array (
          'roleType' => 'Founder',
          'actualityType' => 'Actual',
          'founderShare' => 
          array (
            'sum' => 60000,
            'percentagePlain' => 100,
          ),
        ),
      ),
    ),
    1 => 
    array (
      'inn' => '1660340051',
      'name' => 'Общество С Ограниченной Ответственностью "Стимул"',
      'roleInTheConnectedCompany' => 
      array (
        0 => 
        array (
          'roleType' => 'Manager',
          'actualityType' => 'Actual',
          'founderShare' => NULL,
        ),
        1 => 
        array (
          'roleType' => 'Founder',
          'actualityType' => 'Actual',
          'founderShare' => 
          array (
            'sum' => 10000,
            'percentagePlain' => 100,
          ),
        ),
      ),
    ),
  ),
  'UF_CRM_COMPANY_KNTR_CONNECTED_SITES' => 
  array (
  ),
  'UF_CRM_COMPANY_KNTR_ENFORCEMENT_PROCEEDINGS_SUM' => 0,
  'UF_CRM_COMPANY_KNTR_IN_ANY_SANCTION_LISTS' => false,
  'UF_CRM_COMPANY_KNTR_IN_ANY_FNS_LIST' => false,
  'UF_CRM_COMPANY_KNTR_IN_STRATEGIC_ENTERPRISE_LIST' => false,
  'UF_CRM_COMPANY_KNTR_IN_JOIN_STOCK_CMPNY_LIST91P' => false,
  'UF_CRM_COMPANY_KNTR_IN_UNRELIABLE_SIPPLIER_LIST' => false,
  'UF_CRM_COMPANY_KNTR_MSP_LIST_DATE' => '2023-08-10',
  'UF_CRM_COMPANY_KNTR_LICENSES' => NULL,
  'UF_CRM_COMPANY_KNTR_TRADEMARKS' => 
  array (
  ),
  'UF_CRM_COMPANY_KNTR_LAST_BANKRUPTCY_DATA' => ' | ',
)
#0: KPLab\API\V2\Controller\BalancePlatformRequest::updateItemFields
	/home/bitrix/www/local/modules/kplab.api.v2/controller/BalancePlatformRequest.php:853
#1: KPLab\API\V2\Controller\BalancePlatformRequest::saveKonturFocusData
	/home/bitrix/www/local/modules/kplab.api.v2/controller/BalancePlatformRequest.php:898
#2: KPLab\API\V2\Controller\BalancePlatformRequest::saveAllData
	/home/bitrix/www/local/modules/kplab.api.v2/controller/BalancePlatformRequest.php:612
#3: KPLab\API\V2\Controller\BalancePlatformRequest::setParamsCompany
	/home/bitrix/www/local/modules/kplab.api.v2/controller/BalancePlatformRequest.php:80
#4: KPLab\API\V2\Controller\BalancePlatformRequest->recieveAction
	
#5: ReflectionMethod->invokeArgs
	/home/bitrix/www/bitrix/modules/main/lib/engine/autowire/binder.php:207
----------
Host: crm.seller-capital.ru:443
Date: 2025-01-23 12:07:25
Module: Данные Kontur Prisma
array (
  'UF_CRM_COMPANY_KNTR_IN_GOVERNMENT_DIRECTIVE_LIST' => NULL,
  'UF_CRM_COMPANY_KNTR_IN_STRATEGIC_ORG_LIST' => NULL,
  'UF_CRM_COMPANY_KNTR_WEBSITE_BLOCK_INFOS' => 
  array (
  ),
  'UF_CRM_COMPANY_KNTR_IN_PRLIFRTN_RISK_DETECTIONLIST' => false,
  'UF_CRM_COMPANY_KNTR_IN_REFUSAL_LIST764P' => false,
  'UF_CRM_COMPANY_KNTR_IN_BANK_REFUSAL_LIST764P' => NULL,
  'UF_CRM_COMPANY_KNTR_IN_SANCTIONS_LIST' => false,
  'UF_CRM_COMPANY_KNTR_IN_STRATEGIC_COMPANIES_LIST' => false,
  'UF_CRM_COMPANY_KNTR_IN_TERRORIST_LIST' => false,
  'UF_CRM_COMPANY_KNTR_IN_EXTREMISTS_LIST' => false,
  'UF_CRM_COMPANY_KNTR_IN_INTERDEP_COMMISSION_LIST' => false,
  'UF_CRM_COMPANY_KNTR_IN_WEAPON_MASS_DESTRUCTION_DIS' => false,
  'UF_CRM_COMPANY_KNTR_IN_ILLEG_LENDER_INDICATOR_LIST' => false,
  'UF_CRM_COMPANY_KNTR_IN_PYRAMID_SCHEME_INDICATAOR_L' => false,
  'UF_CRM_COMPANY_KNTR_ILLEG_SECUR_MARKET_PARTICIPANT' => false,
)
#0: KPLab\API\V2\Controller\BalancePlatformRequest::updateItemFields
	/home/bitrix/www/local/modules/kplab.api.v2/controller/BalancePlatformRequest.php:857
#1: KPLab\API\V2\Controller\BalancePlatformRequest::saveKonturPrismaData
	/home/bitrix/www/local/modules/kplab.api.v2/controller/BalancePlatformRequest.php:907
#2: KPLab\API\V2\Controller\BalancePlatformRequest::saveAllData
	/home/bitrix/www/local/modules/kplab.api.v2/controller/BalancePlatformRequest.php:612
#3: KPLab\API\V2\Controller\BalancePlatformRequest::setParamsCompany
	/home/bitrix/www/local/modules/kplab.api.v2/controller/BalancePlatformRequest.php:80
#4: KPLab\API\V2\Controller\BalancePlatformRequest->recieveAction
	
#5: ReflectionMethod->invokeArgs
	/home/bitrix/www/bitrix/modules/main/lib/engine/autowire/binder.php:207
----------
Host: crm.seller-capital.ru:443
Date: 2025-01-23 12:07:28
Module: Данные Checklist StatusType
array (
  'UF_CRM_COMPANY_CHKLST' => '19320',
)
#0: KPLab\API\V2\Controller\BalancePlatformRequest::updateItemFields
	/home/bitrix/www/local/modules/kplab.api.v2/controller/BalancePlatformRequest.php:861
#1: KPLab\API\V2\Controller\BalancePlatformRequest::saveChecklistStatusTypeData
	/home/bitrix/www/local/modules/kplab.api.v2/controller/BalancePlatformRequest.php:916
#2: KPLab\API\V2\Controller\BalancePlatformRequest::saveAllData
	/home/bitrix/www/local/modules/kplab.api.v2/controller/BalancePlatformRequest.php:612
#3: KPLab\API\V2\Controller\BalancePlatformRequest::setParamsCompany
	/home/bitrix/www/local/modules/kplab.api.v2/controller/BalancePlatformRequest.php:80
#4: KPLab\API\V2\Controller\BalancePlatformRequest->recieveAction
	
#5: ReflectionMethod->invokeArgs
	/home/bitrix/www/bitrix/modules/main/lib/engine/autowire/binder.php:207
----------
Host: crm.seller-capital.ru:443
Date: 2025-01-23 12:07:32
Module: Данные checklistStatus
array (
  'UF_CRM_CHKLST' => 20877,
)
#0: KPLab\API\V2\Controller\BalancePlatformRequest::updateItemFields
	/home/bitrix/www/local/modules/kplab.api.v2/controller/BalancePlatformRequest.php:871
#1: KPLab\API\V2\Controller\BalancePlatformRequest::saveChecklistStatusNumData
	/home/bitrix/www/local/modules/kplab.api.v2/controller/BalancePlatformRequest.php:924
#2: KPLab\API\V2\Controller\BalancePlatformRequest::saveAllData
	/home/bitrix/www/local/modules/kplab.api.v2/controller/BalancePlatformRequest.php:612
#3: KPLab\API\V2\Controller\BalancePlatformRequest::setParamsCompany
	/home/bitrix/www/local/modules/kplab.api.v2/controller/BalancePlatformRequest.php:80
#4: KPLab\API\V2\Controller\BalancePlatformRequest->recieveAction
	
#5: ReflectionMethod->invokeArgs
	/home/bitrix/www/bitrix/modules/main/lib/engine/autowire/binder.php:207
----------
Host: crm.seller-capital.ru:443
Date: 2025-01-23 12:07:32
Module: Данные Checklist
array (
  'UF_CRM_COMPANY_INCOME_TO_SALE_RATIO' => 0.88,
  'UF_CRM_COMPANY_CHKLST_MARKETPLACE_DURATION_IN_MNTH' => 12,
  'UF_CRM_COMPANY_CHKLST_STOK_SUM_LIMIT_SIX_MTH_RATIO' => 1.7222845,
  'UF_CRM_COMPANY_CHKLST_SMOOTHED_LIM_FOR_SIX_MONTHS' => 9915537,
  'UF_CRM_COMPANY_CHKLST_PDN' => 138.0,
  'UF_CRM_COMPANY_CHKLST_ANY_FNS_BLOCKED_ACCOUNTS' => false,
  'UF_CRM_COMPANY_CHKLST_PERSON_VALID_PASSPORT' => true,
  'UF_CRM_COMPANY_CHKLST_LOCATED_IN_LISTS_NAMES' => false,
  'UF_CRM_COMPANY_CHKLST_IN_UNRELIABLE_SUPPLIER_LIST' => false,
  'UF_CRM_COMPANY_CHKLST_ANY_DISQUALIFIED_DIRECTORS' => false,
  'UF_CRM_COMPANY_CHKLST_PERSON_AGE_LIST' => 30,
  'UF_CRM_COMPANY_CHKLST_HAS_PERSON_RUSSIAN_NATIONAL' => true,
  'UF_CRM_COMPANY_CHKLST_MAX_ACTIVE_LOAN_OVERDUE_DAYS' => NULL,
  'UF_CRM_COMPANY_CHKLST_ANY_LONG_OVERDUE_LOAN' => false,
  'UF_CRM_COMPANY_CHKLST_PERSON_LOAN_DATE' => NULL,
  'UF_CRM_COMPANY_CHKLST_PERSON_ACTIVE_MICRO_LOAN_CNT' => 5,
  'UF_CRM_COMPANY_CHKLST_PERSON_ACTIVE_FSSP_SUM' => 0,
  'UF_CRM_COMPANY_CHKLST_CLAIMS_SUM_INC_FOR_SIX_MONTH' => 0,
  'UF_CRM_COMPANY_CHKLST_LAST_BANKRUPTCY_DATE' => NULL,
  'UF_CRM_COMPANY_CHKLST_AUTO_LIMIT' => 2000000,
)
#0: KPLab\API\V2\Controller\BalancePlatformRequest::updateItemFields
	/home/bitrix/www/local/modules/kplab.api.v2/controller/BalancePlatformRequest.php:879
#1: KPLab\API\V2\Controller\BalancePlatformRequest::saveChecklistData
	/home/bitrix/www/local/modules/kplab.api.v2/controller/BalancePlatformRequest.php:933
#2: KPLab\API\V2\Controller\BalancePlatformRequest::saveAllData
	/home/bitrix/www/local/modules/kplab.api.v2/controller/BalancePlatformRequest.php:612
#3: KPLab\API\V2\Controller\BalancePlatformRequest::setParamsCompany
	/home/bitrix/www/local/modules/kplab.api.v2/controller/BalancePlatformRequest.php:80
#4: KPLab\API\V2\Controller\BalancePlatformRequest->recieveAction
	
#5: ReflectionMethod->invokeArgs
	/home/bitrix/www/bitrix/modules/main/lib/engine/autowire/binder.php:207
----------
Host: crm.seller-capital.ru:443
Date: 2025-01-23 12:07:35
Module: Данные Checklist RefusedInStatusByData
array (
  'UF_CRM_COMPANY_CHKLST_REFUSED_IN_STATUS_BY_DATA' => 
  array (
  ),
  'UF_CRM_COMPANY_CHKLST_AUTOMATIC_APPROVE' => 
  array (
    0 => 'ForecastSales',
    1 => 'SmoothedLimit',
    2 => 'PersonActiveMicroLoanCount',
  ),
  'UF_CRM_COMPANY_CHKLST_AUTHORIZED_PERSON' => 
  array (
    0 => 'PersonActiveMicroLoanCount',
  ),
  'UF_CRM_COMPANY_CHKLST_CREDIT_COMMITTEE' => 
  array (
  ),
)
#0: KPLab\API\V2\Controller\BalancePlatformRequest::updateItemFields
	/home/bitrix/www/local/modules/kplab.api.v2/controller/BalancePlatformRequest.php:883
#1: KPLab\API\V2\Controller\BalancePlatformRequest::saveRefusedInStatusByData
	/home/bitrix/www/local/modules/kplab.api.v2/controller/BalancePlatformRequest.php:942
#2: KPLab\API\V2\Controller\BalancePlatformRequest::saveAllData
	/home/bitrix/www/local/modules/kplab.api.v2/controller/BalancePlatformRequest.php:612
#3: KPLab\API\V2\Controller\BalancePlatformRequest::setParamsCompany
	/home/bitrix/www/local/modules/kplab.api.v2/controller/BalancePlatformRequest.php:80
#4: KPLab\API\V2\Controller\BalancePlatformRequest->recieveAction
	
#5: ReflectionMethod->invokeArgs
	/home/bitrix/www/bitrix/modules/main/lib/engine/autowire/binder.php:207
----------
Host: crm.seller-capital.ru:443
Date: 2025-01-23 12:07:38
Module: Данные ratingStatus
array (
  'UF_CRM_TARIF_OF_SELLERS' => 20865,
)
#0: KPLab\API\V2\Controller\BalancePlatformRequest::updateItemFields
	/home/bitrix/www/local/modules/kplab.api.v2/controller/BalancePlatformRequest.php:875
#1: KPLab\API\V2\Controller\BalancePlatformRequest::saveRatingStatus
	/home/bitrix/www/local/modules/kplab.api.v2/controller/BalancePlatformRequest.php:951
#2: KPLab\API\V2\Controller\BalancePlatformRequest::saveAllData
	/home/bitrix/www/local/modules/kplab.api.v2/controller/BalancePlatformRequest.php:612
#3: KPLab\API\V2\Controller\BalancePlatformRequest::setParamsCompany
	/home/bitrix/www/local/modules/kplab.api.v2/controller/BalancePlatformRequest.php:80
#4: KPLab\API\V2\Controller\BalancePlatformRequest->recieveAction
	
#5: ReflectionMethod->invokeArgs
	/home/bitrix/www/bitrix/modules/main/lib/engine/autowire/binder.php:207
----------
Host: crm.seller-capital.ru:443
Date: 2025-01-23 12:07:41
Module: Данные HasBankStatements
array (
  'UF_CRM_AVERAGE_SALES_COUNT' => true,
  'UF_CRM_TARIF_OF_SELLERS' => true,
)
#0: KPLab\API\V2\Controller\BalancePlatformRequest::updateItemFields
	/home/bitrix/www/local/modules/kplab.api.v2/controller/BalancePlatformRequest.php:629
#1: KPLab\API\V2\Controller\BalancePlatformRequest::setParamsCompany
	/home/bitrix/www/local/modules/kplab.api.v2/controller/BalancePlatformRequest.php:80
#2: KPLab\API\V2\Controller\BalancePlatformRequest->recieveAction
	
#3: ReflectionMethod->invokeArgs
	/home/bitrix/www/bitrix/modules/main/lib/engine/autowire/binder.php:207
#4: Bitrix\Main\Engine\AutoWire\Binder->invoke
	/home/bitrix/www/bitrix/modules/main/lib/engine/action.php:117
#5: Bitrix\Main\Engine\Action->runWithSourceParametersList
	/home/bitrix/www/bitrix/modules/main/lib/engine/controller.php:425
----------
Host: crm.seller-capital.ru:443
Date: 2025-01-23 12:10:07
Module: Данные ovk
array (
  'UF_CRM_COMPANY_OVK_CHECKDOMAIN' => false,
  'UF_CRM_COMPANY_OVK_CHECK_COMPANY_INFO' => false,
  'UF_CRM_COMPANY_OVK_CHECK_LICENSES' => false,
  'UF_CRM_COMPANY_OVK_IS_IN_TERRORIST_LIST' => false,
  'UF_CRM_COMPANY_OVK_IS_IN_MVK_LIST' => false,
  'UF_CRM_COMPANY_OVK_IS_IN_OMU_LIST' => false,
  'UF_CRM_COMPANY_OVK_IS_IN_STRATEGIC_LIST' => false,
  'UF_CRM_COMPANY_OVK_IS_IN_OPK_ULS' => false,
  'UF_CRM_COMPANY_OVK_IS_IN_SANCTION_LIST' => false,
  'UF_CRM_COMPANY_OVK_IS_IN_PEP_LIST' => false,
  'UF_CRM_COMPANY_OVK_IS_IN_764_LIST' => false,
  'UF_CRM_COMPANY_OVK_IS_IN_FINANCIAL_PYRAMYDE' => false,
  'UF_CRM_COMPANY_OVK_IS_IN_ILLEGAL_CREDITOR' => false,
  'UF_CRM_COMPANY_OVK_RESULT' => false,
)
#0: KPLab\API\V2\Controller\BalancePlatformRequest::updateItemFields
	/home/bitrix/www/local/modules/kplab.api.v2/controller/BalancePlatformRequest.php:848
#1: KPLab\API\V2\Controller\BalancePlatformRequest::saveOvkData
	/home/bitrix/www/local/modules/kplab.api.v2/controller/BalancePlatformRequest.php:887
#2: KPLab\API\V2\Controller\BalancePlatformRequest::saveAllData
	/home/bitrix/www/local/modules/kplab.api.v2/controller/BalancePlatformRequest.php:612
#3: KPLab\API\V2\Controller\BalancePlatformRequest::setParamsCompany
	/home/bitrix/www/local/modules/kplab.api.v2/controller/BalancePlatformRequest.php:80
#4: KPLab\API\V2\Controller\BalancePlatformRequest->recieveAction
	
#5: ReflectionMethod->invokeArgs
	/home/bitrix/www/bitrix/modules/main/lib/engine/autowire/binder.php:207
----------
Host: crm.seller-capital.ru:443
Date: 2025-01-23 12:10:10
Module: Данные Kontur Focus
array (
  'UF_CRM_COMPANY_KNTR_ADMIN_OFFENCE_CASE_COUNT' => 0,
  'UF_CRM_COMPANY_KNTR_ARBITR_CLAIMS_LOST_CASES_SUM' => 0,
  'UF_CRM_COMPANY_KNTR_ARBIT_CLAIMS_REVIEW_CASES_SUM' => 0,
  'UF_CRM_COMPANY_KNTR_ANY_FNS_BLOCKED_ACCOUNTS' => false,
  'UF_CRM_COMPANY_KNTR_ANY_SENT_DOCUMENTS_TO_FNS' => false,
  'UF_CRM_COMPANY_KNTR_ANY_DISQUALIFIED_DIRECTORS' => false,
  'UF_CRM_COMPANY_KNTR_BANKS' => 
  array (
  ),
  'UF_CRM_COMPANY_KNTR_BLOCKED_ACCOUNTS' => 
  array (
  ),
  'UF_CRM_COMPANY_KNTR_CERTIFICATE' => 
  array (
    0 => 'Certificate | 2029-08-11 | Электрические аппараты и приборы бытового назначения, для ухода за волосами',
    1 => 'Certificate | 2029-05-07 | Изделия чулочно-носочные трикотажные первого слоя мужские и женские из пряжи из смеси хлопковых и синтетических волокон и нитей:',
    2 => 'Declaration | 2028-09-17 | Изделия  компрессионные   1 и 2 класса',
  ),
  'UF_CRM_COMPANY_KNTR_LESSEE_CONTRACTS' => ' | ',
  'UF_CRM_COMPANY_KNTR_CONNECTED_COMPANIES' => 
  array (
    0 => 
    array (
      'inn' => '7804664340',
      'name' => 'Общество С Ограниченной Ответственностью "Астра"',
      'roleInTheConnectedCompany' => 
      array (
        0 => 
        array (
          'roleType' => 'Manager',
          'actualityType' => 'Actual',
          'founderShare' => NULL,
        ),
        1 => 
        array (
          'roleType' => 'Founder',
          'actualityType' => 'Actual',
          'founderShare' => 
          array (
            'sum' => 60000,
            'percentagePlain' => 100,
          ),
        ),
      ),
    ),
    1 => 
    array (
      'inn' => '1660340051',
      'name' => 'Общество С Ограниченной Ответственностью "Стимул"',
      'roleInTheConnectedCompany' => 
      array (
        0 => 
        array (
          'roleType' => 'Manager',
          'actualityType' => 'Actual',
          'founderShare' => NULL,
        ),
        1 => 
        array (
          'roleType' => 'Founder',
          'actualityType' => 'Actual',
          'founderShare' => 
          array (
            'sum' => 10000,
            'percentagePlain' => 100,
          ),
        ),
      ),
    ),
  ),
  'UF_CRM_COMPANY_KNTR_CONNECTED_SITES' => 
  array (
  ),
  'UF_CRM_COMPANY_KNTR_ENFORCEMENT_PROCEEDINGS_SUM' => 0,
  'UF_CRM_COMPANY_KNTR_IN_ANY_SANCTION_LISTS' => false,
  'UF_CRM_COMPANY_KNTR_IN_ANY_FNS_LIST' => false,
  'UF_CRM_COMPANY_KNTR_IN_STRATEGIC_ENTERPRISE_LIST' => false,
  'UF_CRM_COMPANY_KNTR_IN_JOIN_STOCK_CMPNY_LIST91P' => false,
  'UF_CRM_COMPANY_KNTR_IN_UNRELIABLE_SIPPLIER_LIST' => false,
  'UF_CRM_COMPANY_KNTR_MSP_LIST_DATE' => '2023-08-10',
  'UF_CRM_COMPANY_KNTR_LICENSES' => NULL,
  'UF_CRM_COMPANY_KNTR_TRADEMARKS' => 
  array (
  ),
  'UF_CRM_COMPANY_KNTR_LAST_BANKRUPTCY_DATA' => ' | ',
)
#0: KPLab\API\V2\Controller\BalancePlatformRequest::updateItemFields
	/home/bitrix/www/local/modules/kplab.api.v2/controller/BalancePlatformRequest.php:852
#1: KPLab\API\V2\Controller\BalancePlatformRequest::saveKonturFocusData
	/home/bitrix/www/local/modules/kplab.api.v2/controller/BalancePlatformRequest.php:897
#2: KPLab\API\V2\Controller\BalancePlatformRequest::saveAllData
	/home/bitrix/www/local/modules/kplab.api.v2/controller/BalancePlatformRequest.php:612
#3: KPLab\API\V2\Controller\BalancePlatformRequest::setParamsCompany
	/home/bitrix/www/local/modules/kplab.api.v2/controller/BalancePlatformRequest.php:80
#4: KPLab\API\V2\Controller\BalancePlatformRequest->recieveAction
	
#5: ReflectionMethod->invokeArgs
	/home/bitrix/www/bitrix/modules/main/lib/engine/autowire/binder.php:207
----------
Host: crm.seller-capital.ru:443
Date: 2025-01-23 12:10:14
Module: Данные Kontur Prisma
array (
  'UF_CRM_COMPANY_KNTR_IN_GOVERNMENT_DIRECTIVE_LIST' => NULL,
  'UF_CRM_COMPANY_KNTR_IN_STRATEGIC_ORG_LIST' => NULL,
  'UF_CRM_COMPANY_KNTR_WEBSITE_BLOCK_INFOS' => 
  array (
  ),
  'UF_CRM_COMPANY_KNTR_IN_PRLIFRTN_RISK_DETECTIONLIST' => false,
  'UF_CRM_COMPANY_KNTR_IN_REFUSAL_LIST764P' => false,
  'UF_CRM_COMPANY_KNTR_IN_BANK_REFUSAL_LIST764P' => NULL,
  'UF_CRM_COMPANY_KNTR_IN_SANCTIONS_LIST' => false,
  'UF_CRM_COMPANY_KNTR_IN_STRATEGIC_COMPANIES_LIST' => false,
  'UF_CRM_COMPANY_KNTR_IN_TERRORIST_LIST' => false,
  'UF_CRM_COMPANY_KNTR_IN_EXTREMISTS_LIST' => false,
  'UF_CRM_COMPANY_KNTR_IN_INTERDEP_COMMISSION_LIST' => false,
  'UF_CRM_COMPANY_KNTR_IN_WEAPON_MASS_DESTRUCTION_DIS' => false,
  'UF_CRM_COMPANY_KNTR_IN_ILLEG_LENDER_INDICATOR_LIST' => false,
  'UF_CRM_COMPANY_KNTR_IN_PYRAMID_SCHEME_INDICATAOR_L' => false,
  'UF_CRM_COMPANY_KNTR_ILLEG_SECUR_MARKET_PARTICIPANT' => false,
)
#0: KPLab\API\V2\Controller\BalancePlatformRequest::updateItemFields
	/home/bitrix/www/local/modules/kplab.api.v2/controller/BalancePlatformRequest.php:856
#1: KPLab\API\V2\Controller\BalancePlatformRequest::saveKonturPrismaData
	/home/bitrix/www/local/modules/kplab.api.v2/controller/BalancePlatformRequest.php:906
#2: KPLab\API\V2\Controller\BalancePlatformRequest::saveAllData
	/home/bitrix/www/local/modules/kplab.api.v2/controller/BalancePlatformRequest.php:612
#3: KPLab\API\V2\Controller\BalancePlatformRequest::setParamsCompany
	/home/bitrix/www/local/modules/kplab.api.v2/controller/BalancePlatformRequest.php:80
#4: KPLab\API\V2\Controller\BalancePlatformRequest->recieveAction
	
#5: ReflectionMethod->invokeArgs
	/home/bitrix/www/bitrix/modules/main/lib/engine/autowire/binder.php:207
----------
Host: crm.seller-capital.ru:443
Date: 2025-01-23 12:10:17
Module: Данные Checklist StatusType
array (
  'UF_CRM_COMPANY_CHKLST' => '19320',
)
#0: KPLab\API\V2\Controller\BalancePlatformRequest::updateItemFields
	/home/bitrix/www/local/modules/kplab.api.v2/controller/BalancePlatformRequest.php:860
#1: KPLab\API\V2\Controller\BalancePlatformRequest::saveChecklistStatusTypeData
	/home/bitrix/www/local/modules/kplab.api.v2/controller/BalancePlatformRequest.php:915
#2: KPLab\API\V2\Controller\BalancePlatformRequest::saveAllData
	/home/bitrix/www/local/modules/kplab.api.v2/controller/BalancePlatformRequest.php:612
#3: KPLab\API\V2\Controller\BalancePlatformRequest::setParamsCompany
	/home/bitrix/www/local/modules/kplab.api.v2/controller/BalancePlatformRequest.php:80
#4: KPLab\API\V2\Controller\BalancePlatformRequest->recieveAction
	
#5: ReflectionMethod->invokeArgs
	/home/bitrix/www/bitrix/modules/main/lib/engine/autowire/binder.php:207
----------
Host: crm.seller-capital.ru:443
Date: 2025-01-23 12:10:20
Module: Данные checklistStatus
array (
  'UF_CRM_CHKLST' => 20877,
)
#0: KPLab\API\V2\Controller\BalancePlatformRequest::updateItemFields
	/home/bitrix/www/local/modules/kplab.api.v2/controller/BalancePlatformRequest.php:870
#1: KPLab\API\V2\Controller\BalancePlatformRequest::saveChecklistStatusNumData
	/home/bitrix/www/local/modules/kplab.api.v2/controller/BalancePlatformRequest.php:923
#2: KPLab\API\V2\Controller\BalancePlatformRequest::saveAllData
	/home/bitrix/www/local/modules/kplab.api.v2/controller/BalancePlatformRequest.php:612
#3: KPLab\API\V2\Controller\BalancePlatformRequest::setParamsCompany
	/home/bitrix/www/local/modules/kplab.api.v2/controller/BalancePlatformRequest.php:80
#4: KPLab\API\V2\Controller\BalancePlatformRequest->recieveAction
	
#5: ReflectionMethod->invokeArgs
	/home/bitrix/www/bitrix/modules/main/lib/engine/autowire/binder.php:207
----------
Host: crm.seller-capital.ru:443
Date: 2025-01-23 12:10:20
Module: Данные Checklist
array (
  'UF_CRM_COMPANY_INCOME_TO_SALE_RATIO' => 0.88,
  'UF_CRM_COMPANY_CHKLST_MARKETPLACE_DURATION_IN_MNTH' => 12,
  'UF_CRM_COMPANY_CHKLST_STOK_SUM_LIMIT_SIX_MTH_RATIO' => 1.7222845,
  'UF_CRM_COMPANY_CHKLST_SMOOTHED_LIM_FOR_SIX_MONTHS' => 9915537,
  'UF_CRM_COMPANY_CHKLST_PDN' => 138.0,
  'UF_CRM_COMPANY_CHKLST_ANY_FNS_BLOCKED_ACCOUNTS' => false,
  'UF_CRM_COMPANY_CHKLST_PERSON_VALID_PASSPORT' => true,
  'UF_CRM_COMPANY_CHKLST_LOCATED_IN_LISTS_NAMES' => false,
  'UF_CRM_COMPANY_CHKLST_IN_UNRELIABLE_SUPPLIER_LIST' => false,
  'UF_CRM_COMPANY_CHKLST_ANY_DISQUALIFIED_DIRECTORS' => false,
  'UF_CRM_COMPANY_CHKLST_PERSON_AGE_LIST' => 30,
  'UF_CRM_COMPANY_CHKLST_HAS_PERSON_RUSSIAN_NATIONAL' => true,
  'UF_CRM_COMPANY_CHKLST_MAX_ACTIVE_LOAN_OVERDUE_DAYS' => NULL,
  'UF_CRM_COMPANY_CHKLST_ANY_LONG_OVERDUE_LOAN' => false,
  'UF_CRM_COMPANY_CHKLST_PERSON_LOAN_DATE' => NULL,
  'UF_CRM_COMPANY_CHKLST_PERSON_ACTIVE_MICRO_LOAN_CNT' => 5,
  'UF_CRM_COMPANY_CHKLST_PERSON_ACTIVE_FSSP_SUM' => 0,
  'UF_CRM_COMPANY_CHKLST_CLAIMS_SUM_INC_FOR_SIX_MONTH' => 0,
  'UF_CRM_COMPANY_CHKLST_LAST_BANKRUPTCY_DATE' => NULL,
  'UF_CRM_COMPANY_CHKLST_AUTO_LIMIT' => 2000000,
)
#0: KPLab\API\V2\Controller\BalancePlatformRequest::updateItemFields
	/home/bitrix/www/local/modules/kplab.api.v2/controller/BalancePlatformRequest.php:878
#1: KPLab\API\V2\Controller\BalancePlatformRequest::saveChecklistData
	/home/bitrix/www/local/modules/kplab.api.v2/controller/BalancePlatformRequest.php:932
#2: KPLab\API\V2\Controller\BalancePlatformRequest::saveAllData
	/home/bitrix/www/local/modules/kplab.api.v2/controller/BalancePlatformRequest.php:612
#3: KPLab\API\V2\Controller\BalancePlatformRequest::setParamsCompany
	/home/bitrix/www/local/modules/kplab.api.v2/controller/BalancePlatformRequest.php:80
#4: KPLab\API\V2\Controller\BalancePlatformRequest->recieveAction
	
#5: ReflectionMethod->invokeArgs
	/home/bitrix/www/bitrix/modules/main/lib/engine/autowire/binder.php:207
----------
Host: crm.seller-capital.ru:443
Date: 2025-01-23 12:10:23
Module: Данные Checklist RefusedInStatusByData
array (
  'UF_CRM_COMPANY_CHKLST_REFUSED_IN_STATUS_BY_DATA' => 
  array (
  ),
  'UF_CRM_COMPANY_CHKLST_AUTOMATIC_APPROVE' => 
  array (
    0 => 'ForecastSales',
    1 => 'SmoothedLimit',
    2 => 'PersonActiveMicroLoanCount',
  ),
  'UF_CRM_COMPANY_CHKLST_AUTHORIZED_PERSON' => 
  array (
    0 => 'PersonActiveMicroLoanCount',
  ),
  'UF_CRM_COMPANY_CHKLST_CREDIT_COMMITTEE' => 
  array (
  ),
)
#0: KPLab\API\V2\Controller\BalancePlatformRequest::updateItemFields
	/home/bitrix/www/local/modules/kplab.api.v2/controller/BalancePlatformRequest.php:882
#1: KPLab\API\V2\Controller\BalancePlatformRequest::saveRefusedInStatusByData
	/home/bitrix/www/local/modules/kplab.api.v2/controller/BalancePlatformRequest.php:941
#2: KPLab\API\V2\Controller\BalancePlatformRequest::saveAllData
	/home/bitrix/www/local/modules/kplab.api.v2/controller/BalancePlatformRequest.php:612
#3: KPLab\API\V2\Controller\BalancePlatformRequest::setParamsCompany
	/home/bitrix/www/local/modules/kplab.api.v2/controller/BalancePlatformRequest.php:80
#4: KPLab\API\V2\Controller\BalancePlatformRequest->recieveAction
	
#5: ReflectionMethod->invokeArgs
	/home/bitrix/www/bitrix/modules/main/lib/engine/autowire/binder.php:207
----------
Host: crm.seller-capital.ru:443
Date: 2025-01-23 12:10:27
Module: Данные ratingStatus
array (
  'UF_CRM_TARIF_OF_SELLERS' => 20865,
)
#0: KPLab\API\V2\Controller\BalancePlatformRequest::updateItemFields
	/home/bitrix/www/local/modules/kplab.api.v2/controller/BalancePlatformRequest.php:874
#1: KPLab\API\V2\Controller\BalancePlatformRequest::saveRatingStatus
	/home/bitrix/www/local/modules/kplab.api.v2/controller/BalancePlatformRequest.php:950
#2: KPLab\API\V2\Controller\BalancePlatformRequest::saveAllData
	/home/bitrix/www/local/modules/kplab.api.v2/controller/BalancePlatformRequest.php:612
#3: KPLab\API\V2\Controller\BalancePlatformRequest::setParamsCompany
	/home/bitrix/www/local/modules/kplab.api.v2/controller/BalancePlatformRequest.php:80
#4: KPLab\API\V2\Controller\BalancePlatformRequest->recieveAction
	
#5: ReflectionMethod->invokeArgs
	/home/bitrix/www/bitrix/modules/main/lib/engine/autowire/binder.php:207
----------
Host: crm.seller-capital.ru:443
Date: 2025-01-23 12:10:30
Module: Данные HasBankStatements
array (
  'UF_CRM_AVERAGE_SALES_COUNT' => true,
)
#0: KPLab\API\V2\Controller\BalancePlatformRequest::updateItemFields
	/home/bitrix/www/local/modules/kplab.api.v2/controller/BalancePlatformRequest.php:628
#1: KPLab\API\V2\Controller\BalancePlatformRequest::setParamsCompany
	/home/bitrix/www/local/modules/kplab.api.v2/controller/BalancePlatformRequest.php:80
#2: KPLab\API\V2\Controller\BalancePlatformRequest->recieveAction
	
#3: ReflectionMethod->invokeArgs
	/home/bitrix/www/bitrix/modules/main/lib/engine/autowire/binder.php:207
#4: Bitrix\Main\Engine\AutoWire\Binder->invoke
	/home/bitrix/www/bitrix/modules/main/lib/engine/action.php:117
#5: Bitrix\Main\Engine\Action->runWithSourceParametersList
	/home/bitrix/www/bitrix/modules/main/lib/engine/controller.php:425
----------
Host: crm.seller-capital.ru:443
Date: 2025-01-23 12:47:30
Module: Данные ovk
array (
  'UF_CRM_COMPANY_OVK_CHECKDOMAIN' => false,
  'UF_CRM_COMPANY_OVK_CHECK_COMPANY_INFO' => false,
  'UF_CRM_COMPANY_OVK_CHECK_LICENSES' => false,
  'UF_CRM_COMPANY_OVK_IS_IN_TERRORIST_LIST' => false,
  'UF_CRM_COMPANY_OVK_IS_IN_MVK_LIST' => false,
  'UF_CRM_COMPANY_OVK_IS_IN_OMU_LIST' => false,
  'UF_CRM_COMPANY_OVK_IS_IN_STRATEGIC_LIST' => false,
  'UF_CRM_COMPANY_OVK_IS_IN_OPK_ULS' => false,
  'UF_CRM_COMPANY_OVK_IS_IN_SANCTION_LIST' => false,
  'UF_CRM_COMPANY_OVK_IS_IN_PEP_LIST' => false,
  'UF_CRM_COMPANY_OVK_IS_IN_764_LIST' => false,
  'UF_CRM_COMPANY_OVK_IS_IN_FINANCIAL_PYRAMYDE' => false,
  'UF_CRM_COMPANY_OVK_IS_IN_ILLEGAL_CREDITOR' => false,
  'UF_CRM_COMPANY_OVK_RESULT' => false,
)
#0: KPLab\API\V2\Controller\BalancePlatformRequest::updateItemFields
	/home/bitrix/www/local/modules/kplab.api.v2/controller/BalancePlatformRequest.php:848
#1: KPLab\API\V2\Controller\BalancePlatformRequest::saveOvkData
	/home/bitrix/www/local/modules/kplab.api.v2/controller/BalancePlatformRequest.php:887
#2: KPLab\API\V2\Controller\BalancePlatformRequest::saveAllData
	/home/bitrix/www/local/modules/kplab.api.v2/controller/BalancePlatformRequest.php:612
#3: KPLab\API\V2\Controller\BalancePlatformRequest::setParamsCompany
	/home/bitrix/www/local/modules/kplab.api.v2/controller/BalancePlatformRequest.php:80
#4: KPLab\API\V2\Controller\BalancePlatformRequest->recieveAction
	
#5: ReflectionMethod->invokeArgs
	/home/bitrix/www/bitrix/modules/main/lib/engine/autowire/binder.php:207
----------
Host: crm.seller-capital.ru:443
Date: 2025-01-23 12:47:46
Module: Данные Kontur Focus
array (
  'UF_CRM_COMPANY_KNTR_ADMIN_OFFENCE_CASE_COUNT' => 0,
  'UF_CRM_COMPANY_KNTR_ARBITR_CLAIMS_LOST_CASES_SUM' => 0,
  'UF_CRM_COMPANY_KNTR_ARBIT_CLAIMS_REVIEW_CASES_SUM' => 0,
  'UF_CRM_COMPANY_KNTR_ANY_FNS_BLOCKED_ACCOUNTS' => false,
  'UF_CRM_COMPANY_KNTR_ANY_SENT_DOCUMENTS_TO_FNS' => false,
  'UF_CRM_COMPANY_KNTR_ANY_DISQUALIFIED_DIRECTORS' => false,
  'UF_CRM_COMPANY_KNTR_BANKS' => 
  array (
  ),
  'UF_CRM_COMPANY_KNTR_BLOCKED_ACCOUNTS' => 
  array (
  ),
  'UF_CRM_COMPANY_KNTR_CERTIFICATE' => NULL,
  'UF_CRM_COMPANY_KNTR_LESSEE_CONTRACTS' => ' | ',
  'UF_CRM_COMPANY_KNTR_CONNECTED_COMPANIES' => 
  array (
    0 => 
    array (
      'inn' => '3906364517',
      'name' => 'Общество С Ограниченной Ответственностью "Балтийский Альянс"',
      'roleInTheConnectedCompany' => 
      array (
        0 => 
        array (
          'roleType' => 'Manager',
          'actualityType' => 'Actual',
          'founderShare' => NULL,
        ),
        1 => 
        array (
          'roleType' => 'Founder',
          'actualityType' => 'Actual',
          'founderShare' => 
          array (
            'sum' => 10000.0,
            'percentagePlain' => 100.0,
          ),
        ),
      ),
    ),
    1 => 
    array (
      'inn' => '3906906248',
      'name' => 'Общество С Ограниченной Ответственностью "Бизнес Консалтинг Групп"',
      'roleInTheConnectedCompany' => 
      array (
        0 => 
        array (
          'roleType' => 'Manager',
          'actualityType' => 'Actual',
          'founderShare' => NULL,
        ),
      ),
    ),
    2 => 
    array (
      'inn' => '3906289436',
      'name' => 'Общество С Ограниченной Ответственностью "Орион"',
      'roleInTheConnectedCompany' => 
      array (
        0 => 
        array (
          'roleType' => 'Founder',
          'actualityType' => 'Actual',
          'founderShare' => 
          array (
            'sum' => 3333.0,
            'percentagePlain' => 33.33,
          ),
        ),
      ),
    ),
  ),
  'UF_CRM_COMPANY_KNTR_CONNECTED_SITES' => 
  array (
    0 => 'silcryprem.ru',
  ),
  'UF_CRM_COMPANY_KNTR_ENFORCEMENT_PROCEEDINGS_SUM' => 0,
  'UF_CRM_COMPANY_KNTR_IN_ANY_SANCTION_LISTS' => false,
  'UF_CRM_COMPANY_KNTR_IN_ANY_FNS_LIST' => false,
  'UF_CRM_COMPANY_KNTR_IN_STRATEGIC_ENTERPRISE_LIST' => false,
  'UF_CRM_COMPANY_KNTR_IN_JOIN_STOCK_CMPNY_LIST91P' => false,
  'UF_CRM_COMPANY_KNTR_IN_UNRELIABLE_SIPPLIER_LIST' => false,
  'UF_CRM_COMPANY_KNTR_MSP_LIST_DATE' => '2021-02-10',
  'UF_CRM_COMPANY_KNTR_LICENSES' => NULL,
  'UF_CRM_COMPANY_KNTR_TRADEMARKS' => 
  array (
    0 => 
    array (
      'type' => 'RUTM',
      'dateEnd' => '2032-04-01',
    ),
  ),
  'UF_CRM_COMPANY_KNTR_LAST_BANKRUPTCY_DATA' => ' | ',
)
#0: KPLab\API\V2\Controller\BalancePlatformRequest::updateItemFields
	/home/bitrix/www/local/modules/kplab.api.v2/controller/BalancePlatformRequest.php:852
#1: KPLab\API\V2\Controller\BalancePlatformRequest::saveKonturFocusData
	/home/bitrix/www/local/modules/kplab.api.v2/controller/BalancePlatformRequest.php:897
#2: KPLab\API\V2\Controller\BalancePlatformRequest::saveAllData
	/home/bitrix/www/local/modules/kplab.api.v2/controller/BalancePlatformRequest.php:612
#3: KPLab\API\V2\Controller\BalancePlatformRequest::setParamsCompany
	/home/bitrix/www/local/modules/kplab.api.v2/controller/BalancePlatformRequest.php:80
#4: KPLab\API\V2\Controller\BalancePlatformRequest->recieveAction
	
#5: ReflectionMethod->invokeArgs
	/home/bitrix/www/bitrix/modules/main/lib/engine/autowire/binder.php:207
----------
Host: crm.seller-capital.ru:443
Date: 2025-01-23 12:48:03
Module: Данные Kontur Prisma
array (
  'UF_CRM_COMPANY_KNTR_IN_GOVERNMENT_DIRECTIVE_LIST' => NULL,
  'UF_CRM_COMPANY_KNTR_IN_STRATEGIC_ORG_LIST' => NULL,
  'UF_CRM_COMPANY_KNTR_WEBSITE_BLOCK_INFOS' => 
  array (
  ),
  'UF_CRM_COMPANY_KNTR_IN_PRLIFRTN_RISK_DETECTIONLIST' => false,
  'UF_CRM_COMPANY_KNTR_IN_REFUSAL_LIST764P' => false,
  'UF_CRM_COMPANY_KNTR_IN_BANK_REFUSAL_LIST764P' => NULL,
  'UF_CRM_COMPANY_KNTR_IN_SANCTIONS_LIST' => false,
  'UF_CRM_COMPANY_KNTR_IN_STRATEGIC_COMPANIES_LIST' => false,
  'UF_CRM_COMPANY_KNTR_IN_TERRORIST_LIST' => false,
  'UF_CRM_COMPANY_KNTR_IN_EXTREMISTS_LIST' => false,
  'UF_CRM_COMPANY_KNTR_IN_INTERDEP_COMMISSION_LIST' => false,
  'UF_CRM_COMPANY_KNTR_IN_WEAPON_MASS_DESTRUCTION_DIS' => false,
  'UF_CRM_COMPANY_KNTR_IN_ILLEG_LENDER_INDICATOR_LIST' => false,
  'UF_CRM_COMPANY_KNTR_IN_PYRAMID_SCHEME_INDICATAOR_L' => false,
  'UF_CRM_COMPANY_KNTR_ILLEG_SECUR_MARKET_PARTICIPANT' => false,
)
#0: KPLab\API\V2\Controller\BalancePlatformRequest::updateItemFields
	/home/bitrix/www/local/modules/kplab.api.v2/controller/BalancePlatformRequest.php:856
#1: KPLab\API\V2\Controller\BalancePlatformRequest::saveKonturPrismaData
	/home/bitrix/www/local/modules/kplab.api.v2/controller/BalancePlatformRequest.php:906
#2: KPLab\API\V2\Controller\BalancePlatformRequest::saveAllData
	/home/bitrix/www/local/modules/kplab.api.v2/controller/BalancePlatformRequest.php:612
#3: KPLab\API\V2\Controller\BalancePlatformRequest::setParamsCompany
	/home/bitrix/www/local/modules/kplab.api.v2/controller/BalancePlatformRequest.php:80
#4: KPLab\API\V2\Controller\BalancePlatformRequest->recieveAction
	
#5: ReflectionMethod->invokeArgs
	/home/bitrix/www/bitrix/modules/main/lib/engine/autowire/binder.php:207
----------
Host: crm.seller-capital.ru:443
Date: 2025-01-23 12:48:20
Module: Данные Checklist StatusType
array (
  'UF_CRM_COMPANY_CHKLST' => '19317',
)
#0: KPLab\API\V2\Controller\BalancePlatformRequest::updateItemFields
	/home/bitrix/www/local/modules/kplab.api.v2/controller/BalancePlatformRequest.php:860
#1: KPLab\API\V2\Controller\BalancePlatformRequest::saveChecklistStatusTypeData
	/home/bitrix/www/local/modules/kplab.api.v2/controller/BalancePlatformRequest.php:915
#2: KPLab\API\V2\Controller\BalancePlatformRequest::saveAllData
	/home/bitrix/www/local/modules/kplab.api.v2/controller/BalancePlatformRequest.php:612
#3: KPLab\API\V2\Controller\BalancePlatformRequest::setParamsCompany
	/home/bitrix/www/local/modules/kplab.api.v2/controller/BalancePlatformRequest.php:80
#4: KPLab\API\V2\Controller\BalancePlatformRequest->recieveAction
	
#5: ReflectionMethod->invokeArgs
	/home/bitrix/www/bitrix/modules/main/lib/engine/autowire/binder.php:207
----------
Host: crm.seller-capital.ru:443
Date: 2025-01-23 12:48:37
Module: Данные checklistStatus
array (
  'UF_CRM_CHKLST' => 20874,
)
#0: KPLab\API\V2\Controller\BalancePlatformRequest::updateItemFields
	/home/bitrix/www/local/modules/kplab.api.v2/controller/BalancePlatformRequest.php:870
#1: KPLab\API\V2\Controller\BalancePlatformRequest::saveChecklistStatusNumData
	/home/bitrix/www/local/modules/kplab.api.v2/controller/BalancePlatformRequest.php:923
#2: KPLab\API\V2\Controller\BalancePlatformRequest::saveAllData
	/home/bitrix/www/local/modules/kplab.api.v2/controller/BalancePlatformRequest.php:612
#3: KPLab\API\V2\Controller\BalancePlatformRequest::setParamsCompany
	/home/bitrix/www/local/modules/kplab.api.v2/controller/BalancePlatformRequest.php:80
#4: KPLab\API\V2\Controller\BalancePlatformRequest->recieveAction
	
#5: ReflectionMethod->invokeArgs
	/home/bitrix/www/bitrix/modules/main/lib/engine/autowire/binder.php:207
----------
Host: crm.seller-capital.ru:443
Date: 2025-01-23 12:48:37
Module: Данные Checklist
array (
  'UF_CRM_COMPANY_INCOME_TO_SALE_RATIO' => 0.0,
  'UF_CRM_COMPANY_CHKLST_MARKETPLACE_DURATION_IN_MNTH' => 13,
  'UF_CRM_COMPANY_CHKLST_STOK_SUM_LIMIT_SIX_MTH_RATIO' => 0.0,
  'UF_CRM_COMPANY_CHKLST_SMOOTHED_LIM_FOR_SIX_MONTHS' => 0.0,
  'UF_CRM_COMPANY_CHKLST_PDN' => 0.0,
  'UF_CRM_COMPANY_CHKLST_ANY_FNS_BLOCKED_ACCOUNTS' => false,
  'UF_CRM_COMPANY_CHKLST_PERSON_VALID_PASSPORT' => true,
  'UF_CRM_COMPANY_CHKLST_LOCATED_IN_LISTS_NAMES' => false,
  'UF_CRM_COMPANY_CHKLST_IN_UNRELIABLE_SUPPLIER_LIST' => false,
  'UF_CRM_COMPANY_CHKLST_ANY_DISQUALIFIED_DIRECTORS' => false,
  'UF_CRM_COMPANY_CHKLST_PERSON_AGE_LIST' => 39,
  'UF_CRM_COMPANY_CHKLST_HAS_PERSON_RUSSIAN_NATIONAL' => false,
  'UF_CRM_COMPANY_CHKLST_MAX_ACTIVE_LOAN_OVERDUE_DAYS' => NULL,
  'UF_CRM_COMPANY_CHKLST_ANY_LONG_OVERDUE_LOAN' => false,
  'UF_CRM_COMPANY_CHKLST_PERSON_LOAN_DATE' => NULL,
  'UF_CRM_COMPANY_CHKLST_PERSON_ACTIVE_MICRO_LOAN_CNT' => 0,
  'UF_CRM_COMPANY_CHKLST_PERSON_ACTIVE_FSSP_SUM' => 0.0,
  'UF_CRM_COMPANY_CHKLST_CLAIMS_SUM_INC_FOR_SIX_MONTH' => 0.0,
  'UF_CRM_COMPANY_CHKLST_LAST_BANKRUPTCY_DATE' => NULL,
  'UF_CRM_COMPANY_CHKLST_AUTO_LIMIT' => 0,
)
#0: KPLab\API\V2\Controller\BalancePlatformRequest::updateItemFields
	/home/bitrix/www/local/modules/kplab.api.v2/controller/BalancePlatformRequest.php:878
#1: KPLab\API\V2\Controller\BalancePlatformRequest::saveChecklistData
	/home/bitrix/www/local/modules/kplab.api.v2/controller/BalancePlatformRequest.php:932
#2: KPLab\API\V2\Controller\BalancePlatformRequest::saveAllData
	/home/bitrix/www/local/modules/kplab.api.v2/controller/BalancePlatformRequest.php:612
#3: KPLab\API\V2\Controller\BalancePlatformRequest::setParamsCompany
	/home/bitrix/www/local/modules/kplab.api.v2/controller/BalancePlatformRequest.php:80
#4: KPLab\API\V2\Controller\BalancePlatformRequest->recieveAction
	
#5: ReflectionMethod->invokeArgs
	/home/bitrix/www/bitrix/modules/main/lib/engine/autowire/binder.php:207
----------
Host: crm.seller-capital.ru:443
Date: 2025-01-23 12:48:54
Module: Данные Checklist RefusedInStatusByData
array (
  'UF_CRM_COMPANY_CHKLST_REFUSED_IN_STATUS_BY_DATA' => 
  array (
    0 => 'SmoothedLimit',
  ),
  'UF_CRM_COMPANY_CHKLST_AUTOMATIC_APPROVE' => 
  array (
    0 => 'IncomeToSaleRatio',
    1 => 'StockSumToSmoothedLimitRatio',
    2 => 'SmoothedLimit',
    3 => 'LimitForAutoApprove',
  ),
  'UF_CRM_COMPANY_CHKLST_AUTHORIZED_PERSON' => 
  array (
    0 => 'StockSumToSmoothedLimitRatio',
    1 => 'SmoothedLimit',
  ),
  'UF_CRM_COMPANY_CHKLST_CREDIT_COMMITTEE' => 
  array (
    0 => 'SmoothedLimit',
  ),
)
#0: KPLab\API\V2\Controller\BalancePlatformRequest::updateItemFields
	/home/bitrix/www/local/modules/kplab.api.v2/controller/BalancePlatformRequest.php:882
#1: KPLab\API\V2\Controller\BalancePlatformRequest::saveRefusedInStatusByData
	/home/bitrix/www/local/modules/kplab.api.v2/controller/BalancePlatformRequest.php:941
#2: KPLab\API\V2\Controller\BalancePlatformRequest::saveAllData
	/home/bitrix/www/local/modules/kplab.api.v2/controller/BalancePlatformRequest.php:612
#3: KPLab\API\V2\Controller\BalancePlatformRequest::setParamsCompany
	/home/bitrix/www/local/modules/kplab.api.v2/controller/BalancePlatformRequest.php:80
#4: KPLab\API\V2\Controller\BalancePlatformRequest->recieveAction
	
#5: ReflectionMethod->invokeArgs
	/home/bitrix/www/bitrix/modules/main/lib/engine/autowire/binder.php:207
----------
Host: crm.seller-capital.ru:443
Date: 2025-01-23 12:49:11
Module: Данные ratingStatus
array (
  'UF_CRM_TARIF_OF_SELLERS' => 20864,
)
#0: KPLab\API\V2\Controller\BalancePlatformRequest::updateItemFields
	/home/bitrix/www/local/modules/kplab.api.v2/controller/BalancePlatformRequest.php:874
#1: KPLab\API\V2\Controller\BalancePlatformRequest::saveRatingStatus
	/home/bitrix/www/local/modules/kplab.api.v2/controller/BalancePlatformRequest.php:950
#2: KPLab\API\V2\Controller\BalancePlatformRequest::saveAllData
	/home/bitrix/www/local/modules/kplab.api.v2/controller/BalancePlatformRequest.php:612
#3: KPLab\API\V2\Controller\BalancePlatformRequest::setParamsCompany
	/home/bitrix/www/local/modules/kplab.api.v2/controller/BalancePlatformRequest.php:80
#4: KPLab\API\V2\Controller\BalancePlatformRequest->recieveAction
	
#5: ReflectionMethod->invokeArgs
	/home/bitrix/www/bitrix/modules/main/lib/engine/autowire/binder.php:207
----------
Host: crm.seller-capital.ru:443
Date: 2025-01-23 12:49:28
Module: Данные HasBankStatements
array (
  'UF_CRM_AVERAGE_SALES_COUNT' => false,
)
#0: KPLab\API\V2\Controller\BalancePlatformRequest::updateItemFields
	/home/bitrix/www/local/modules/kplab.api.v2/controller/BalancePlatformRequest.php:628
#1: KPLab\API\V2\Controller\BalancePlatformRequest::setParamsCompany
	/home/bitrix/www/local/modules/kplab.api.v2/controller/BalancePlatformRequest.php:80
#2: KPLab\API\V2\Controller\BalancePlatformRequest->recieveAction
	
#3: ReflectionMethod->invokeArgs
	/home/bitrix/www/bitrix/modules/main/lib/engine/autowire/binder.php:207
#4: Bitrix\Main\Engine\AutoWire\Binder->invoke
	/home/bitrix/www/bitrix/modules/main/lib/engine/action.php:117
#5: Bitrix\Main\Engine\Action->runWithSourceParametersList
	/home/bitrix/www/bitrix/modules/main/lib/engine/controller.php:425
----------
Host: crm.seller-capital.ru:443
Date: 2025-01-23 13:01:21
Module: Данные ovk
array (
  'UF_CRM_COMPANY_OVK_CHECKDOMAIN' => false,
  'UF_CRM_COMPANY_OVK_CHECK_COMPANY_INFO' => false,
  'UF_CRM_COMPANY_OVK_CHECK_LICENSES' => false,
  'UF_CRM_COMPANY_OVK_IS_IN_TERRORIST_LIST' => false,
  'UF_CRM_COMPANY_OVK_IS_IN_MVK_LIST' => false,
  'UF_CRM_COMPANY_OVK_IS_IN_OMU_LIST' => false,
  'UF_CRM_COMPANY_OVK_IS_IN_STRATEGIC_LIST' => false,
  'UF_CRM_COMPANY_OVK_IS_IN_OPK_ULS' => false,
  'UF_CRM_COMPANY_OVK_IS_IN_SANCTION_LIST' => false,
  'UF_CRM_COMPANY_OVK_IS_IN_PEP_LIST' => false,
  'UF_CRM_COMPANY_OVK_IS_IN_764_LIST' => false,
  'UF_CRM_COMPANY_OVK_IS_IN_FINANCIAL_PYRAMYDE' => false,
  'UF_CRM_COMPANY_OVK_IS_IN_ILLEGAL_CREDITOR' => false,
  'UF_CRM_COMPANY_OVK_RESULT' => false,
)
#0: KPLab\API\V2\Controller\BalancePlatformRequest::updateItemFields
	/home/bitrix/www/local/modules/kplab.api.v2/controller/BalancePlatformRequest.php:848
#1: KPLab\API\V2\Controller\BalancePlatformRequest::saveOvkData
	/home/bitrix/www/local/modules/kplab.api.v2/controller/BalancePlatformRequest.php:887
#2: KPLab\API\V2\Controller\BalancePlatformRequest::saveAllData
	/home/bitrix/www/local/modules/kplab.api.v2/controller/BalancePlatformRequest.php:612
#3: KPLab\API\V2\Controller\BalancePlatformRequest::setParamsCompany
	/home/bitrix/www/local/modules/kplab.api.v2/controller/BalancePlatformRequest.php:80
#4: KPLab\API\V2\Controller\BalancePlatformRequest->recieveAction
	
#5: ReflectionMethod->invokeArgs
	/home/bitrix/www/bitrix/modules/main/lib/engine/autowire/binder.php:207
----------
Host: crm.seller-capital.ru:443
Date: 2025-01-23 13:01:29
Module: Данные Kontur Focus
array (
  'UF_CRM_COMPANY_KNTR_ADMIN_OFFENCE_CASE_COUNT' => 0,
  'UF_CRM_COMPANY_KNTR_ARBITR_CLAIMS_LOST_CASES_SUM' => 0,
  'UF_CRM_COMPANY_KNTR_ARBIT_CLAIMS_REVIEW_CASES_SUM' => 15427,
  'UF_CRM_COMPANY_KNTR_ANY_FNS_BLOCKED_ACCOUNTS' => false,
  'UF_CRM_COMPANY_KNTR_ANY_SENT_DOCUMENTS_TO_FNS' => false,
  'UF_CRM_COMPANY_KNTR_ANY_DISQUALIFIED_DIRECTORS' => false,
  'UF_CRM_COMPANY_KNTR_BANKS' => 
  array (
  ),
  'UF_CRM_COMPANY_KNTR_BLOCKED_ACCOUNTS' => 
  array (
  ),
  'UF_CRM_COMPANY_KNTR_CERTIFICATE' => 
  array (
    0 => 'Certificate | 2027-11-21 | Изделия трикотажные бельевые для детей ясельной, дошкольной, школьной и подростковой возрастных групп',
    1 => 'Certificate | 2027-11-21 | Изделия трикотажные верхние второго слоя для детей ясельной, дошкольной, школьной и подростковой возрастных групп:',
    2 => 'Declaration | 2025-01-30 | Изделия 2-го слоя верхние трикотажные, в том числе спортивного назначения (не предназначенные для экипировки спортивных команд), из хлопчатобумажной, смешанной, льняной, полульняной, шерстяной, искусственной, синтетической, полушёлковой пряжи, из натуральных шёлковых нитей, в комплектах и отдельными предметами, для мужчин и женщин:',
    3 => 'Declaration | 2023-05-26 | Изделия 2-го слоя верхние трикотажные, в том числе спортивного назначения (не предназначенные для экипировки спортивных команд), из хлопчатобумажной, смешанной, льняной, полульняной, шерстяной, искусственной, синтетической, полушёлковой пряжи, из натуральных шёлковых нитей для мужчин и женщин:',
    4 => 'Certificate | 2024-11-29 | Изделия трикотажные верхние второго слоя для детей ясельной, дошкольной, школьной и подростковой возрастных групп:',
    5 => 'Declaration | 2026-11-24 | Изделия трикотажные бельевые из хлопчатобумажной пряжи, в том числе с вложением эластомерных нитей для детей новорожденных и ясельного возраста:',
    6 => 'Certificate | 2024-11-23 | Изделия трикотажные бельевые для детей ясельной, дошкольной, школьной и подростковой возрастных групп:',
    7 => 'Certificate | 2025-03-01 | Изделия трикотажные бельевые мужские и женские',
    8 => 'Declaration | 2022-03-28 | Изделия 2-го слоя верхние трикотажные, в том числе спортивного назначения (не предназначенные для экипировки спортивных команд),',
    9 => 'Declaration | 2021-11-29 | Изделия трикотажные бельевые первого слоя для новорожденных и детей ясельной возрастной группы из хлопчатобумажных трикотажных полотен, в комплектах и отдельными предметами: ползунки, кофточки, распашонки, чепчики, простынки, комбинезоны, полукомбинезоны,',
    10 => 'Certificate | 2021-11-26 | Изделия трикотажные бельевые первого слоя для детей старше трех лет (дошкольной и школьной возрастных групп) из хлопчатобумажных (в том числе с вложением эластомерных нитей до 8%) трикотажных полотен, в комплектах и отдельными предметами: фуфайки (футболки), майки, трусы, пижамы, ночные сорочки,',
    11 => 'Certificate | 2021-11-25 | Изделия трикотажные верхние второго слоя для детей (ясельной, дошкольной и школьной возрастных групп) из хлопчатобумажной пряжи, в том числе с вложением эластомерных нитей, из смешанной пряжи, пряжи из смеси искусственных и синтетических волокон и нитей, с вложением эластомерных нитей, в комплектах и отдельными предметами: платья, в том числе модель платья-халаты, сарафаны, брюки, бриджи, костюмы (без подкладки), джемперы, водолазки, шорты, свитера, толстовки, блузки, модель топы, туники, юбки, юбки-брюки,',
    12 => 'Certificate | 2019-11-25 | Изделия трикотажные бельевые первого слоя для детей старше трех лет (дошкольной и школьной возрастных групп) из хлопчатобумажных (в том числе с вложением эластомерных нитей до 8%) трикотажных полотен, в комплектах и отдельными предметами: фуфайки (футболки), майки, трусы, пижамы, ночные сорочки,',
    13 => 'Certificate | 2021-11-18 | Изделия трикотажные верхние второго слоя для детей старше одного года из хлопчатобумажной пряжи, в том числе с вложением синтетических нитей, из искусственной пряжи в смеси с синтетическими нитями: костюмы (джемпер, брюки), платья, сарафаны, брюки, бриджи, лосины, шорты, юбки, сорочки верхние, блузки, джемперы, водолазки, свитеры, с маркировкой «ИВАШКА»',
    14 => 'Certificate | 2021-07-01 | Изделия трикотажные верхние (второго слоя) для детей ясельной, дошкольной, школьной и подростковой возрастных групп в комплектах и отдельными предметами:',
    15 => 'Declaration | 2023-05-31 | Одежда швейная верхняя 3-го слоя для детей дошкольного, школьного возраста и подростков с верхом из синтетических тканей на подкладке из хлопчатобумажных или смешанных тканей, с наполнителем из полиэфирных волокон, с маркировкой «КомТекс»: куртки, пальто, полупальто, жилеты утепленные, куртки, комбинезоны, куртки без рукавов (жилеты), куртки типа ветровки, куртки модель пуховик.',
    16 => 'Certificate | 2018-11-26 | Изделия трикотажные бельевые с товарным знаком (знак обслуживания) IVASHKA.RU для детей старше трех лет (дошкольной и школьной возрастных групп):',
    17 => 'Certificate | 2018-11-26 | Изделия трикотажные верхние второго слоя с товарным знаком (знак обслуживания) IVASHKA.RU для детей (ясельной, дошкольной и школьной возрастных групп):',
    18 => 'Certificate | 2018-11-25 | Изделия трикотажные бельевые первого слоя с товарным знаком (знак обслуживания) IVASHKA.RU для новорожденных и детей ясельной возрастной группы:',
    19 => 'Certificate | 2018-11-25 | Одежда верхняя швейная костюмного ассортимента (второго слоя) с товарным знаком (знак обслуживания) IVASHKA.RU для детей ясельной, дошкольной и школьной возрастных групп в комплектах и отдельными предметами:',
    20 => 'Declaration | 2020-10-15 | Изделия трикотажные верхние (третьего слоя) на подкладке с товарным знаком (знак обслуживания) IVASHKA.RU для мальчиков и девочек ясельной и дошкольной возрастных групп: костюмы, комбинезоны, куртки из хлопчатобумажных трикотажных полотен и синтетических трикотажных полотен в смеси с хлопчатобумажными волокнами (нитями).',
    21 => 'Certificate | 2018-10-15 | Изделия трикотажные верхние (второго слоя) с товарным знаком (знак обслуживания) IVASHKA.RU для мальчиков и девочек ясельной и дошкольной возрастных групп:',
    22 => 'Certificate | 2015-12-02 | Изделия верхние швейные костюмного ассортимента для детей ясельной, дошкольной, школьной возрастной группы в комплектах и отдельными предметами:',
    23 => 'Certificate | 2015-12-02 | Изделия трикотажные бельевые для новорожденных и детей ясельного возраста:',
    24 => 'Certificate | 2015-12-02 | Изделия верхние трикотажные для детей старше 1 года (ясельной, дошкольной, школьной возрастной группы):',
    25 => 'Certificate | 2015-12-02 | Изделия трикотажные бельевые для детей старше 3-х лет (дошкольной, школьной возрастной группы):',
    26 => 'Certificate | 2015-11-13 | Изделия верхние швейные костюмного ассортимента для детей старше 1-го года: брюки, бриджи, шорты из хлопчатобумажных, в том числе джинсовых тканей.',
    27 => 'Certificate | 2015-11-13 | Изделия верхние трикотажные для детей старше 1-го года: платья, сарафаны, брюки, кофточки, бриджи из хлопчатобумажных трикотажных полотен.',
    28 => 'Certificate | 2015-11-13 | Изделия трикотажные бельевые для детей старше 3-х лет: фуфайки (футболки), майки, трусы, пижамы из хлопчатобумажных (в том числе с вложением эластомерных нитей до 5%) трикотажных полотен',
    29 => 'Certificate | 2015-11-13 | Изделия трикотажные бельевые для детей новорожденных и ясельного возраста: ползунки, кофточки, распашонки, чепчики, простынки, комбинезоны, полукомбинезоны в комплектах и отдельными предметами из хлопчатобумажной пряжи.',
  ),
  'UF_CRM_COMPANY_KNTR_LESSEE_CONTRACTS' => 'Array | 2024-09-09',
  'UF_CRM_COMPANY_KNTR_CONNECTED_COMPANIES' => 
  array (
  ),
  'UF_CRM_COMPANY_KNTR_CONNECTED_SITES' => 
  array (
    0 => 'ivash-ka.ru',
  ),
  'UF_CRM_COMPANY_KNTR_ENFORCEMENT_PROCEEDINGS_SUM' => 0,
  'UF_CRM_COMPANY_KNTR_IN_ANY_SANCTION_LISTS' => false,
  'UF_CRM_COMPANY_KNTR_IN_ANY_FNS_LIST' => false,
  'UF_CRM_COMPANY_KNTR_IN_STRATEGIC_ENTERPRISE_LIST' => false,
  'UF_CRM_COMPANY_KNTR_IN_JOIN_STOCK_CMPNY_LIST91P' => false,
  'UF_CRM_COMPANY_KNTR_IN_UNRELIABLE_SIPPLIER_LIST' => false,
  'UF_CRM_COMPANY_KNTR_MSP_LIST_DATE' => '2016-08-01',
  'UF_CRM_COMPANY_KNTR_LICENSES' => NULL,
  'UF_CRM_COMPANY_KNTR_TRADEMARKS' => 
  array (
    0 => 
    array (
      'type' => 'RUTM',
      'dateEnd' => '2030-09-23',
    ),
    1 => 
    array (
      'type' => 'RUTM',
      'dateEnd' => '2029-09-16',
    ),
  ),
  'UF_CRM_COMPANY_KNTR_LAST_BANKRUPTCY_DATA' => ' | ',
)
#0: KPLab\API\V2\Controller\BalancePlatformRequest::updateItemFields
	/home/bitrix/www/local/modules/kplab.api.v2/controller/BalancePlatformRequest.php:852
#1: KPLab\API\V2\Controller\BalancePlatformRequest::saveKonturFocusData
	/home/bitrix/www/local/modules/kplab.api.v2/controller/BalancePlatformRequest.php:897
#2: KPLab\API\V2\Controller\BalancePlatformRequest::saveAllData
	/home/bitrix/www/local/modules/kplab.api.v2/controller/BalancePlatformRequest.php:612
#3: KPLab\API\V2\Controller\BalancePlatformRequest::setParamsCompany
	/home/bitrix/www/local/modules/kplab.api.v2/controller/BalancePlatformRequest.php:80
#4: KPLab\API\V2\Controller\BalancePlatformRequest->recieveAction
	
#5: ReflectionMethod->invokeArgs
	/home/bitrix/www/bitrix/modules/main/lib/engine/autowire/binder.php:207
----------
Host: crm.seller-capital.ru:443
Date: 2025-01-23 13:01:35
Module: Данные Kontur Prisma
array (
  'UF_CRM_COMPANY_KNTR_IN_GOVERNMENT_DIRECTIVE_LIST' => NULL,
  'UF_CRM_COMPANY_KNTR_IN_STRATEGIC_ORG_LIST' => NULL,
  'UF_CRM_COMPANY_KNTR_WEBSITE_BLOCK_INFOS' => 
  array (
  ),
  'UF_CRM_COMPANY_KNTR_IN_PRLIFRTN_RISK_DETECTIONLIST' => false,
  'UF_CRM_COMPANY_KNTR_IN_REFUSAL_LIST764P' => false,
  'UF_CRM_COMPANY_KNTR_IN_BANK_REFUSAL_LIST764P' => NULL,
  'UF_CRM_COMPANY_KNTR_IN_SANCTIONS_LIST' => false,
  'UF_CRM_COMPANY_KNTR_IN_STRATEGIC_COMPANIES_LIST' => false,
  'UF_CRM_COMPANY_KNTR_IN_TERRORIST_LIST' => false,
  'UF_CRM_COMPANY_KNTR_IN_EXTREMISTS_LIST' => false,
  'UF_CRM_COMPANY_KNTR_IN_INTERDEP_COMMISSION_LIST' => false,
  'UF_CRM_COMPANY_KNTR_IN_WEAPON_MASS_DESTRUCTION_DIS' => false,
  'UF_CRM_COMPANY_KNTR_IN_ILLEG_LENDER_INDICATOR_LIST' => false,
  'UF_CRM_COMPANY_KNTR_IN_PYRAMID_SCHEME_INDICATAOR_L' => false,
  'UF_CRM_COMPANY_KNTR_ILLEG_SECUR_MARKET_PARTICIPANT' => false,
)
#0: KPLab\API\V2\Controller\BalancePlatformRequest::updateItemFields
	/home/bitrix/www/local/modules/kplab.api.v2/controller/BalancePlatformRequest.php:856
#1: KPLab\API\V2\Controller\BalancePlatformRequest::saveKonturPrismaData
	/home/bitrix/www/local/modules/kplab.api.v2/controller/BalancePlatformRequest.php:906
#2: KPLab\API\V2\Controller\BalancePlatformRequest::saveAllData
	/home/bitrix/www/local/modules/kplab.api.v2/controller/BalancePlatformRequest.php:612
#3: KPLab\API\V2\Controller\BalancePlatformRequest::setParamsCompany
	/home/bitrix/www/local/modules/kplab.api.v2/controller/BalancePlatformRequest.php:80
#4: KPLab\API\V2\Controller\BalancePlatformRequest->recieveAction
	
#5: ReflectionMethod->invokeArgs
	/home/bitrix/www/bitrix/modules/main/lib/engine/autowire/binder.php:207
----------
Host: crm.seller-capital.ru:443
Date: 2025-01-23 13:01:42
Module: Данные Checklist StatusType
array (
  'UF_CRM_COMPANY_CHKLST' => '19317',
)
#0: KPLab\API\V2\Controller\BalancePlatformRequest::updateItemFields
	/home/bitrix/www/local/modules/kplab.api.v2/controller/BalancePlatformRequest.php:860
#1: KPLab\API\V2\Controller\BalancePlatformRequest::saveChecklistStatusTypeData
	/home/bitrix/www/local/modules/kplab.api.v2/controller/BalancePlatformRequest.php:915
#2: KPLab\API\V2\Controller\BalancePlatformRequest::saveAllData
	/home/bitrix/www/local/modules/kplab.api.v2/controller/BalancePlatformRequest.php:612
#3: KPLab\API\V2\Controller\BalancePlatformRequest::setParamsCompany
	/home/bitrix/www/local/modules/kplab.api.v2/controller/BalancePlatformRequest.php:80
#4: KPLab\API\V2\Controller\BalancePlatformRequest->recieveAction
	
#5: ReflectionMethod->invokeArgs
	/home/bitrix/www/bitrix/modules/main/lib/engine/autowire/binder.php:207
----------
Host: crm.seller-capital.ru:443
Date: 2025-01-23 13:01:50
Module: Данные checklistStatus
array (
  'UF_CRM_CHKLST' => 20874,
)
#0: KPLab\API\V2\Controller\BalancePlatformRequest::updateItemFields
	/home/bitrix/www/local/modules/kplab.api.v2/controller/BalancePlatformRequest.php:870
#1: KPLab\API\V2\Controller\BalancePlatformRequest::saveChecklistStatusNumData
	/home/bitrix/www/local/modules/kplab.api.v2/controller/BalancePlatformRequest.php:923
#2: KPLab\API\V2\Controller\BalancePlatformRequest::saveAllData
	/home/bitrix/www/local/modules/kplab.api.v2/controller/BalancePlatformRequest.php:612
#3: KPLab\API\V2\Controller\BalancePlatformRequest::setParamsCompany
	/home/bitrix/www/local/modules/kplab.api.v2/controller/BalancePlatformRequest.php:80
#4: KPLab\API\V2\Controller\BalancePlatformRequest->recieveAction
	
#5: ReflectionMethod->invokeArgs
	/home/bitrix/www/bitrix/modules/main/lib/engine/autowire/binder.php:207
----------
Host: crm.seller-capital.ru:443
Date: 2025-01-23 13:01:50
Module: Данные Checklist
array (
  'UF_CRM_COMPANY_INCOME_TO_SALE_RATIO' => 0.0,
  'UF_CRM_COMPANY_CHKLST_MARKETPLACE_DURATION_IN_MNTH' => 15,
  'UF_CRM_COMPANY_CHKLST_STOK_SUM_LIMIT_SIX_MTH_RATIO' => 0.0,
  'UF_CRM_COMPANY_CHKLST_SMOOTHED_LIM_FOR_SIX_MONTHS' => 0.0,
  'UF_CRM_COMPANY_CHKLST_PDN' => 0.0,
  'UF_CRM_COMPANY_CHKLST_ANY_FNS_BLOCKED_ACCOUNTS' => false,
  'UF_CRM_COMPANY_CHKLST_PERSON_VALID_PASSPORT' => true,
  'UF_CRM_COMPANY_CHKLST_LOCATED_IN_LISTS_NAMES' => false,
  'UF_CRM_COMPANY_CHKLST_IN_UNRELIABLE_SUPPLIER_LIST' => false,
  'UF_CRM_COMPANY_CHKLST_ANY_DISQUALIFIED_DIRECTORS' => false,
  'UF_CRM_COMPANY_CHKLST_PERSON_AGE_LIST' => 49,
  'UF_CRM_COMPANY_CHKLST_HAS_PERSON_RUSSIAN_NATIONAL' => true,
  'UF_CRM_COMPANY_CHKLST_MAX_ACTIVE_LOAN_OVERDUE_DAYS' => 739216,
  'UF_CRM_COMPANY_CHKLST_ANY_LONG_OVERDUE_LOAN' => true,
  'UF_CRM_COMPANY_CHKLST_PERSON_LOAN_DATE' => NULL,
  'UF_CRM_COMPANY_CHKLST_PERSON_ACTIVE_MICRO_LOAN_CNT' => 0,
  'UF_CRM_COMPANY_CHKLST_PERSON_ACTIVE_FSSP_SUM' => 0.0,
  'UF_CRM_COMPANY_CHKLST_CLAIMS_SUM_INC_FOR_SIX_MONTH' => 0.0,
  'UF_CRM_COMPANY_CHKLST_LAST_BANKRUPTCY_DATE' => NULL,
  'UF_CRM_COMPANY_CHKLST_AUTO_LIMIT' => 0,
)
#0: KPLab\API\V2\Controller\BalancePlatformRequest::updateItemFields
	/home/bitrix/www/local/modules/kplab.api.v2/controller/BalancePlatformRequest.php:878
#1: KPLab\API\V2\Controller\BalancePlatformRequest::saveChecklistData
	/home/bitrix/www/local/modules/kplab.api.v2/controller/BalancePlatformRequest.php:932
#2: KPLab\API\V2\Controller\BalancePlatformRequest::saveAllData
	/home/bitrix/www/local/modules/kplab.api.v2/controller/BalancePlatformRequest.php:612
#3: KPLab\API\V2\Controller\BalancePlatformRequest::setParamsCompany
	/home/bitrix/www/local/modules/kplab.api.v2/controller/BalancePlatformRequest.php:80
#4: KPLab\API\V2\Controller\BalancePlatformRequest->recieveAction
	
#5: ReflectionMethod->invokeArgs
	/home/bitrix/www/bitrix/modules/main/lib/engine/autowire/binder.php:207
----------
Host: crm.seller-capital.ru:443
Date: 2025-01-23 13:01:57
Module: Данные Checklist RefusedInStatusByData
array (
  'UF_CRM_COMPANY_CHKLST_REFUSED_IN_STATUS_BY_DATA' => 
  array (
    0 => 'ForecastSales',
    1 => 'SmoothedLimit',
  ),
  'UF_CRM_COMPANY_CHKLST_AUTOMATIC_APPROVE' => 
  array (
    0 => 'IncomeToSaleRatio',
    1 => 'ForecastSales',
    2 => 'GrowRate',
    3 => 'StockSumToSmoothedLimitRatio',
    4 => 'SmoothedLimit',
    5 => 'MaxLoanOverdueDays',
    6 => 'HasAnyLongOverdueLoan',
    7 => 'LimitForAutoApprove',
  ),
  'UF_CRM_COMPANY_CHKLST_AUTHORIZED_PERSON' => 
  array (
    0 => 'ForecastSales',
    1 => 'GrowRate',
    2 => 'StockSumToSmoothedLimitRatio',
    3 => 'SmoothedLimit',
    4 => 'MaxLoanOverdueDays',
  ),
  'UF_CRM_COMPANY_CHKLST_CREDIT_COMMITTEE' => 
  array (
    0 => 'ForecastSales',
    1 => 'SmoothedLimit',
  ),
)
#0: KPLab\API\V2\Controller\BalancePlatformRequest::updateItemFields
	/home/bitrix/www/local/modules/kplab.api.v2/controller/BalancePlatformRequest.php:882
#1: KPLab\API\V2\Controller\BalancePlatformRequest::saveRefusedInStatusByData
	/home/bitrix/www/local/modules/kplab.api.v2/controller/BalancePlatformRequest.php:941
#2: KPLab\API\V2\Controller\BalancePlatformRequest::saveAllData
	/home/bitrix/www/local/modules/kplab.api.v2/controller/BalancePlatformRequest.php:612
#3: KPLab\API\V2\Controller\BalancePlatformRequest::setParamsCompany
	/home/bitrix/www/local/modules/kplab.api.v2/controller/BalancePlatformRequest.php:80
#4: KPLab\API\V2\Controller\BalancePlatformRequest->recieveAction
	
#5: ReflectionMethod->invokeArgs
	/home/bitrix/www/bitrix/modules/main/lib/engine/autowire/binder.php:207
----------
Host: crm.seller-capital.ru:443
Date: 2025-01-23 13:02:03
Module: Данные ratingStatus
array (
  'UF_CRM_TARIF_OF_SELLERS' => 20865,
)
#0: KPLab\API\V2\Controller\BalancePlatformRequest::updateItemFields
	/home/bitrix/www/local/modules/kplab.api.v2/controller/BalancePlatformRequest.php:874
#1: KPLab\API\V2\Controller\BalancePlatformRequest::saveRatingStatus
	/home/bitrix/www/local/modules/kplab.api.v2/controller/BalancePlatformRequest.php:950
#2: KPLab\API\V2\Controller\BalancePlatformRequest::saveAllData
	/home/bitrix/www/local/modules/kplab.api.v2/controller/BalancePlatformRequest.php:612
#3: KPLab\API\V2\Controller\BalancePlatformRequest::setParamsCompany
	/home/bitrix/www/local/modules/kplab.api.v2/controller/BalancePlatformRequest.php:80
#4: KPLab\API\V2\Controller\BalancePlatformRequest->recieveAction
	
#5: ReflectionMethod->invokeArgs
	/home/bitrix/www/bitrix/modules/main/lib/engine/autowire/binder.php:207
----------
Host: crm.seller-capital.ru:443
Date: 2025-01-23 13:02:10
Module: Данные HasBankStatements
array (
  'UF_CRM_AVERAGE_SALES_COUNT' => true,
)
#0: KPLab\API\V2\Controller\BalancePlatformRequest::updateItemFields
	/home/bitrix/www/local/modules/kplab.api.v2/controller/BalancePlatformRequest.php:628
#1: KPLab\API\V2\Controller\BalancePlatformRequest::setParamsCompany
	/home/bitrix/www/local/modules/kplab.api.v2/controller/BalancePlatformRequest.php:80
#2: KPLab\API\V2\Controller\BalancePlatformRequest->recieveAction
	
#3: ReflectionMethod->invokeArgs
	/home/bitrix/www/bitrix/modules/main/lib/engine/autowire/binder.php:207
#4: Bitrix\Main\Engine\AutoWire\Binder->invoke
	/home/bitrix/www/bitrix/modules/main/lib/engine/action.php:117
#5: Bitrix\Main\Engine\Action->runWithSourceParametersList
	/home/bitrix/www/bitrix/modules/main/lib/engine/controller.php:425
----------
Host: crm.seller-capital.ru:443
Date: 2025-01-23 14:00:25
Module: Данные checklistStatus
array (
  'UF_CRM_CHKLST' => 20877,
)
#0: KPLab\API\V2\Controller\BalancePlatformRequest::updateItemFields
	/home/bitrix/www/local/modules/kplab.api.v2/controller/BalancePlatformRequest.php:870
#1: KPLab\API\V2\Controller\BalancePlatformRequest::saveChecklistStatusNumData
	/home/bitrix/www/local/modules/kplab.api.v2/controller/BalancePlatformRequest.php:395
#2: KPLab\API\V2\Controller\BalancePlatformRequest::setParams134
	/home/bitrix/www/local/modules/kplab.api.v2/controller/BalancePlatformRequest.php:178
#3: KPLab\API\V2\Controller\BalancePlatformRequest->recieveAction
	
#4: ReflectionMethod->invokeArgs
	/home/bitrix/www/bitrix/modules/main/lib/engine/autowire/binder.php:207
#5: Bitrix\Main\Engine\AutoWire\Binder->invoke
	/home/bitrix/www/bitrix/modules/main/lib/engine/action.php:117
----------
Host: crm.seller-capital.ru:443
Date: 2025-01-23 14:00:25
Module: Данные for 134
array (
  'UF_CRM_56_1684843345' => '23.01.2025 14:00:25',
  'UF_CRM_56_1705999659270' => 2440539.67,
  'UF_CRM_56_1705999684755' => 3713315.0,
  'UF_CRM_56_1705999722689' => 2265605.0,
  'UF_CRM_56_1706000045243' => 1.77,
  'UF_CRM_56_1706000068667' => 0.0,
  'UF_CRM_56_1706000119258' => '',
  'UF_CRM_56_1684846350' => 2635000.0,
  'UF_CRM_56_1710466920' => false,
  'UF_CRM_56_1706002947573' => 'Ухудшение финансового положения',
  'UF_CRM_56_1711371246' => NULL,
  'UF_CRM_LIMIT_TO_PDN' => 3000000.0,
  'UF_CRM_PDN_AFTER_TAKINGLIMIT' => 2.85,
  'UF_CRM_AVERAGE_CHECK' => 699.0,
  'UF_CRM_56_FORECAST_SALES' => 4855725.0,
  'UF_CRM_AVERAGE_SALES_COUNT' => 3486.0,
  'UF_CRM_TARIF_OF_SELLERS' => 21207,
  'UF_CRM_56_GROW_RATE' => 0.03672345102487699,
  'UF_STOCK_SUM_TO_SMOOTHED_LIMIT_RATIO' => 1.1328025,
  'UF_CRM_56_AUTOMATIC_REFUSE' => 
  array (
  ),
  'UF_CRM_56_AUTOMATIC_APPROVE' => 
  array (
    0 => 'GrowRate',
    1 => 'PersonAgeList',
  ),
  'UF_CRM_56_AUTHORIZED_PERSON' => 
  array (
    0 => 'PersonAgeList',
  ),
  'UF_CRM_56_CREDIT_COMMITTEE' => 
  array (
  ),
)
#0: KPLab\API\V2\Controller\BalancePlatformRequest::updateItemFields
	/home/bitrix/www/local/modules/kplab.api.v2/controller/BalancePlatformRequest.php:443
#1: KPLab\API\V2\Controller\BalancePlatformRequest::setParams134
	/home/bitrix/www/local/modules/kplab.api.v2/controller/BalancePlatformRequest.php:178
#2: KPLab\API\V2\Controller\BalancePlatformRequest->recieveAction
	
#3: ReflectionMethod->invokeArgs
	/home/bitrix/www/bitrix/modules/main/lib/engine/autowire/binder.php:207
#4: Bitrix\Main\Engine\AutoWire\Binder->invoke
	/home/bitrix/www/bitrix/modules/main/lib/engine/action.php:117
#5: Bitrix\Main\Engine\Action->runWithSourceParametersList
	/home/bitrix/www/bitrix/modules/main/lib/engine/controller.php:425
----------
Host: crm.seller-capital.ru:443
Date: 2025-01-23 14:00:28
Module: item
Нихуя НЕ Найдена компания
#0: KPLab\API\V2\Controller\BalancePlatformRequest::setParamsCompany
	/home/bitrix/www/local/modules/kplab.api.v2/controller/BalancePlatformRequest.php:207
#1: KPLab\API\V2\Controller\BalancePlatformRequest->recieveAction
	
#2: ReflectionMethod->invokeArgs
	/home/bitrix/www/bitrix/modules/main/lib/engine/autowire/binder.php:207
#3: Bitrix\Main\Engine\AutoWire\Binder->invoke
	/home/bitrix/www/bitrix/modules/main/lib/engine/action.php:117
#4: Bitrix\Main\Engine\Action->runWithSourceParametersList
	/home/bitrix/www/bitrix/modules/main/lib/engine/controller.php:425
#5: Bitrix\Main\Engine\Controller->run
	/home/bitrix/www/bitrix/modules/main/lib/httpapplication.php:141
----------
Host: crm.seller-capital.ru:443
Date: 2025-01-23 15:16:11
Module: Данные ovk
array (
  'UF_CRM_COMPANY_OVK_CHECKDOMAIN' => false,
  'UF_CRM_COMPANY_OVK_CHECK_COMPANY_INFO' => false,
  'UF_CRM_COMPANY_OVK_CHECK_LICENSES' => false,
  'UF_CRM_COMPANY_OVK_IS_IN_TERRORIST_LIST' => false,
  'UF_CRM_COMPANY_OVK_IS_IN_MVK_LIST' => false,
  'UF_CRM_COMPANY_OVK_IS_IN_OMU_LIST' => false,
  'UF_CRM_COMPANY_OVK_IS_IN_STRATEGIC_LIST' => false,
  'UF_CRM_COMPANY_OVK_IS_IN_OPK_ULS' => false,
  'UF_CRM_COMPANY_OVK_IS_IN_SANCTION_LIST' => false,
  'UF_CRM_COMPANY_OVK_IS_IN_PEP_LIST' => false,
  'UF_CRM_COMPANY_OVK_IS_IN_764_LIST' => false,
  'UF_CRM_COMPANY_OVK_IS_IN_FINANCIAL_PYRAMYDE' => false,
  'UF_CRM_COMPANY_OVK_IS_IN_ILLEGAL_CREDITOR' => false,
  'UF_CRM_COMPANY_OVK_RESULT' => false,
)
#0: KPLab\API\V2\Controller\BalancePlatformRequest::updateItemFields
	/home/bitrix/www/local/modules/kplab.api.v2/controller/BalancePlatformRequest.php:848
#1: KPLab\API\V2\Controller\BalancePlatformRequest::saveOvkData
	/home/bitrix/www/local/modules/kplab.api.v2/controller/BalancePlatformRequest.php:887
#2: KPLab\API\V2\Controller\BalancePlatformRequest::saveAllData
	/home/bitrix/www/local/modules/kplab.api.v2/controller/BalancePlatformRequest.php:612
#3: KPLab\API\V2\Controller\BalancePlatformRequest::setParamsCompany
	/home/bitrix/www/local/modules/kplab.api.v2/controller/BalancePlatformRequest.php:80
#4: KPLab\API\V2\Controller\BalancePlatformRequest->recieveAction
	
#5: ReflectionMethod->invokeArgs
	/home/bitrix/www/bitrix/modules/main/lib/engine/autowire/binder.php:207
----------
Host: crm.seller-capital.ru:443
Date: 2025-01-23 15:16:17
Module: Данные Kontur Focus
array (
  'UF_CRM_COMPANY_KNTR_ADMIN_OFFENCE_CASE_COUNT' => 0,
  'UF_CRM_COMPANY_KNTR_ARBITR_CLAIMS_LOST_CASES_SUM' => 0,
  'UF_CRM_COMPANY_KNTR_ARBIT_CLAIMS_REVIEW_CASES_SUM' => 0,
  'UF_CRM_COMPANY_KNTR_ANY_FNS_BLOCKED_ACCOUNTS' => false,
  'UF_CRM_COMPANY_KNTR_ANY_SENT_DOCUMENTS_TO_FNS' => false,
  'UF_CRM_COMPANY_KNTR_ANY_DISQUALIFIED_DIRECTORS' => false,
  'UF_CRM_COMPANY_KNTR_BANKS' => 
  array (
  ),
  'UF_CRM_COMPANY_KNTR_BLOCKED_ACCOUNTS' => 
  array (
  ),
  'UF_CRM_COMPANY_KNTR_CERTIFICATE' => 
  array (
    0 => 'Declaration | 2027-12-05 | Электрические аппараты и приборы бытового назначения для приготовления пищи:',
    1 => 'Declaration | 2027-06-09 | Электрические аппараты и приборы бытового назначения для обработки (глажки) одежды:',
    2 => 'Declaration | 2027-03-15 | Электрические аппараты и приборы бытового назначения для обработки (глажки) одежды:',
  ),
  'UF_CRM_COMPANY_KNTR_LESSEE_CONTRACTS' => ' | ',
  'UF_CRM_COMPANY_KNTR_CONNECTED_COMPANIES' => 
  array (
    0 => 
    array (
      'inn' => '7733378036',
      'name' => 'Общество С Ограниченной Ответственностью "Баум Зиндэх Групп"',
      'roleInTheConnectedCompany' => 
      array (
        0 => 
        array (
          'roleType' => 'Manager',
          'actualityType' => 'Actual',
          'founderShare' => NULL,
        ),
        1 => 
        array (
          'roleType' => 'Founder',
          'actualityType' => 'Actual',
          'founderShare' => 
          array (
            'sum' => 9900.0,
            'percentagePlain' => 99.0,
          ),
        ),
      ),
    ),
    1 => 
    array (
      'inn' => '9717062511',
      'name' => 'Общество С Ограниченной Ответственностью "Еврофарм Групп"',
      'roleInTheConnectedCompany' => 
      array (
        0 => 
        array (
          'roleType' => 'Manager',
          'actualityType' => 'Actual',
          'founderShare' => NULL,
        ),
        1 => 
        array (
          'roleType' => 'Founder',
          'actualityType' => 'Actual',
          'founderShare' => 
          array (
            'sum' => 10000.0,
            'percentagePlain' => 100.0,
          ),
        ),
      ),
    ),
    2 => 
    array (
      'inn' => '2508097300',
      'name' => 'Общество С Ограниченной Ответственностью "Кристал Клин"',
      'roleInTheConnectedCompany' => 
      array (
        0 => 
        array (
          'roleType' => 'Manager',
          'actualityType' => 'Actual',
          'founderShare' => NULL,
        ),
        1 => 
        array (
          'roleType' => 'Founder',
          'actualityType' => 'Actual',
          'founderShare' => 
          array (
            'sum' => 10000.0,
            'percentagePlain' => 51.0,
          ),
        ),
      ),
    ),
  ),
  'UF_CRM_COMPANY_KNTR_CONNECTED_SITES' => 
  array (
  ),
  'UF_CRM_COMPANY_KNTR_ENFORCEMENT_PROCEEDINGS_SUM' => 0,
  'UF_CRM_COMPANY_KNTR_IN_ANY_SANCTION_LISTS' => false,
  'UF_CRM_COMPANY_KNTR_IN_ANY_FNS_LIST' => false,
  'UF_CRM_COMPANY_KNTR_IN_STRATEGIC_ENTERPRISE_LIST' => false,
  'UF_CRM_COMPANY_KNTR_IN_JOIN_STOCK_CMPNY_LIST91P' => false,
  'UF_CRM_COMPANY_KNTR_IN_UNRELIABLE_SIPPLIER_LIST' => false,
  'UF_CRM_COMPANY_KNTR_MSP_LIST_DATE' => '2020-07-10',
  'UF_CRM_COMPANY_KNTR_LICENSES' => NULL,
  'UF_CRM_COMPANY_KNTR_TRADEMARKS' => 
  array (
  ),
  'UF_CRM_COMPANY_KNTR_LAST_BANKRUPTCY_DATA' => ' | ',
)
#0: KPLab\API\V2\Controller\BalancePlatformRequest::updateItemFields
	/home/bitrix/www/local/modules/kplab.api.v2/controller/BalancePlatformRequest.php:852
#1: KPLab\API\V2\Controller\BalancePlatformRequest::saveKonturFocusData
	/home/bitrix/www/local/modules/kplab.api.v2/controller/BalancePlatformRequest.php:897
#2: KPLab\API\V2\Controller\BalancePlatformRequest::saveAllData
	/home/bitrix/www/local/modules/kplab.api.v2/controller/BalancePlatformRequest.php:612
#3: KPLab\API\V2\Controller\BalancePlatformRequest::setParamsCompany
	/home/bitrix/www/local/modules/kplab.api.v2/controller/BalancePlatformRequest.php:80
#4: KPLab\API\V2\Controller\BalancePlatformRequest->recieveAction
	
#5: ReflectionMethod->invokeArgs
	/home/bitrix/www/bitrix/modules/main/lib/engine/autowire/binder.php:207
----------
Host: crm.seller-capital.ru:443
Date: 2025-01-23 15:16:22
Module: Данные Kontur Prisma
array (
  'UF_CRM_COMPANY_KNTR_IN_GOVERNMENT_DIRECTIVE_LIST' => NULL,
  'UF_CRM_COMPANY_KNTR_IN_STRATEGIC_ORG_LIST' => NULL,
  'UF_CRM_COMPANY_KNTR_WEBSITE_BLOCK_INFOS' => 
  array (
  ),
  'UF_CRM_COMPANY_KNTR_IN_PRLIFRTN_RISK_DETECTIONLIST' => false,
  'UF_CRM_COMPANY_KNTR_IN_REFUSAL_LIST764P' => false,
  'UF_CRM_COMPANY_KNTR_IN_BANK_REFUSAL_LIST764P' => NULL,
  'UF_CRM_COMPANY_KNTR_IN_SANCTIONS_LIST' => false,
  'UF_CRM_COMPANY_KNTR_IN_STRATEGIC_COMPANIES_LIST' => false,
  'UF_CRM_COMPANY_KNTR_IN_TERRORIST_LIST' => false,
  'UF_CRM_COMPANY_KNTR_IN_EXTREMISTS_LIST' => false,
  'UF_CRM_COMPANY_KNTR_IN_INTERDEP_COMMISSION_LIST' => false,
  'UF_CRM_COMPANY_KNTR_IN_WEAPON_MASS_DESTRUCTION_DIS' => false,
  'UF_CRM_COMPANY_KNTR_IN_ILLEG_LENDER_INDICATOR_LIST' => false,
  'UF_CRM_COMPANY_KNTR_IN_PYRAMID_SCHEME_INDICATAOR_L' => false,
  'UF_CRM_COMPANY_KNTR_ILLEG_SECUR_MARKET_PARTICIPANT' => false,
)
#0: KPLab\API\V2\Controller\BalancePlatformRequest::updateItemFields
	/home/bitrix/www/local/modules/kplab.api.v2/controller/BalancePlatformRequest.php:856
#1: KPLab\API\V2\Controller\BalancePlatformRequest::saveKonturPrismaData
	/home/bitrix/www/local/modules/kplab.api.v2/controller/BalancePlatformRequest.php:906
#2: KPLab\API\V2\Controller\BalancePlatformRequest::saveAllData
	/home/bitrix/www/local/modules/kplab.api.v2/controller/BalancePlatformRequest.php:612
#3: KPLab\API\V2\Controller\BalancePlatformRequest::setParamsCompany
	/home/bitrix/www/local/modules/kplab.api.v2/controller/BalancePlatformRequest.php:80
#4: KPLab\API\V2\Controller\BalancePlatformRequest->recieveAction
	
#5: ReflectionMethod->invokeArgs
	/home/bitrix/www/bitrix/modules/main/lib/engine/autowire/binder.php:207
----------
Host: crm.seller-capital.ru:443
Date: 2025-01-23 15:16:28
Module: Данные Checklist StatusType
array (
  'UF_CRM_COMPANY_CHKLST' => '19317',
)
#0: KPLab\API\V2\Controller\BalancePlatformRequest::updateItemFields
	/home/bitrix/www/local/modules/kplab.api.v2/controller/BalancePlatformRequest.php:860
#1: KPLab\API\V2\Controller\BalancePlatformRequest::saveChecklistStatusTypeData
	/home/bitrix/www/local/modules/kplab.api.v2/controller/BalancePlatformRequest.php:915
#2: KPLab\API\V2\Controller\BalancePlatformRequest::saveAllData
	/home/bitrix/www/local/modules/kplab.api.v2/controller/BalancePlatformRequest.php:612
#3: KPLab\API\V2\Controller\BalancePlatformRequest::setParamsCompany
	/home/bitrix/www/local/modules/kplab.api.v2/controller/BalancePlatformRequest.php:80
#4: KPLab\API\V2\Controller\BalancePlatformRequest->recieveAction
	
#5: ReflectionMethod->invokeArgs
	/home/bitrix/www/bitrix/modules/main/lib/engine/autowire/binder.php:207
----------
Host: crm.seller-capital.ru:443
Date: 2025-01-23 15:16:33
Module: Данные checklistStatus
array (
  'UF_CRM_CHKLST' => 20874,
)
#0: KPLab\API\V2\Controller\BalancePlatformRequest::updateItemFields
	/home/bitrix/www/local/modules/kplab.api.v2/controller/BalancePlatformRequest.php:870
#1: KPLab\API\V2\Controller\BalancePlatformRequest::saveChecklistStatusNumData
	/home/bitrix/www/local/modules/kplab.api.v2/controller/BalancePlatformRequest.php:923
#2: KPLab\API\V2\Controller\BalancePlatformRequest::saveAllData
	/home/bitrix/www/local/modules/kplab.api.v2/controller/BalancePlatformRequest.php:612
#3: KPLab\API\V2\Controller\BalancePlatformRequest::setParamsCompany
	/home/bitrix/www/local/modules/kplab.api.v2/controller/BalancePlatformRequest.php:80
#4: KPLab\API\V2\Controller\BalancePlatformRequest->recieveAction
	
#5: ReflectionMethod->invokeArgs
	/home/bitrix/www/bitrix/modules/main/lib/engine/autowire/binder.php:207
----------
Host: crm.seller-capital.ru:443
Date: 2025-01-23 15:16:33
Module: Данные Checklist
array (
  'UF_CRM_COMPANY_INCOME_TO_SALE_RATIO' => 0.881,
  'UF_CRM_COMPANY_CHKLST_MARKETPLACE_DURATION_IN_MNTH' => 37,
  'UF_CRM_COMPANY_CHKLST_STOK_SUM_LIMIT_SIX_MTH_RATIO' => 7.2350325,
  'UF_CRM_COMPANY_CHKLST_SMOOTHED_LIM_FOR_SIX_MONTHS' => 15392553.0,
  'UF_CRM_COMPANY_CHKLST_PDN' => 315.0,
  'UF_CRM_COMPANY_CHKLST_ANY_FNS_BLOCKED_ACCOUNTS' => false,
  'UF_CRM_COMPANY_CHKLST_PERSON_VALID_PASSPORT' => true,
  'UF_CRM_COMPANY_CHKLST_LOCATED_IN_LISTS_NAMES' => false,
  'UF_CRM_COMPANY_CHKLST_IN_UNRELIABLE_SUPPLIER_LIST' => false,
  'UF_CRM_COMPANY_CHKLST_ANY_DISQUALIFIED_DIRECTORS' => false,
  'UF_CRM_COMPANY_CHKLST_PERSON_AGE_LIST' => 35,
  'UF_CRM_COMPANY_CHKLST_HAS_PERSON_RUSSIAN_NATIONAL' => true,
  'UF_CRM_COMPANY_CHKLST_MAX_ACTIVE_LOAN_OVERDUE_DAYS' => NULL,
  'UF_CRM_COMPANY_CHKLST_ANY_LONG_OVERDUE_LOAN' => false,
  'UF_CRM_COMPANY_CHKLST_PERSON_LOAN_DATE' => NULL,
  'UF_CRM_COMPANY_CHKLST_PERSON_ACTIVE_MICRO_LOAN_CNT' => 0,
  'UF_CRM_COMPANY_CHKLST_PERSON_ACTIVE_FSSP_SUM' => 0.0,
  'UF_CRM_COMPANY_CHKLST_CLAIMS_SUM_INC_FOR_SIX_MONTH' => 0.0,
  'UF_CRM_COMPANY_CHKLST_LAST_BANKRUPTCY_DATE' => NULL,
  'UF_CRM_COMPANY_CHKLST_AUTO_LIMIT' => 2000000,
)
#0: KPLab\API\V2\Controller\BalancePlatformRequest::updateItemFields
	/home/bitrix/www/local/modules/kplab.api.v2/controller/BalancePlatformRequest.php:878
#1: KPLab\API\V2\Controller\BalancePlatformRequest::saveChecklistData
	/home/bitrix/www/local/modules/kplab.api.v2/controller/BalancePlatformRequest.php:932
#2: KPLab\API\V2\Controller\BalancePlatformRequest::saveAllData
	/home/bitrix/www/local/modules/kplab.api.v2/controller/BalancePlatformRequest.php:612
#3: KPLab\API\V2\Controller\BalancePlatformRequest::setParamsCompany
	/home/bitrix/www/local/modules/kplab.api.v2/controller/BalancePlatformRequest.php:80
#4: KPLab\API\V2\Controller\BalancePlatformRequest->recieveAction
	
#5: ReflectionMethod->invokeArgs
	/home/bitrix/www/bitrix/modules/main/lib/engine/autowire/binder.php:207
----------
Host: crm.seller-capital.ru:443
Date: 2025-01-23 15:16:39
Module: Данные Checklist RefusedInStatusByData
array (
  'UF_CRM_COMPANY_CHKLST_REFUSED_IN_STATUS_BY_DATA' => 
  array (
    0 => 'HasInvalidMarketplaceKeys',
  ),
  'UF_CRM_COMPANY_CHKLST_AUTOMATIC_APPROVE' => 
  array (
    0 => 'SmoothedLimit',
    1 => 'PDN',
  ),
  'UF_CRM_COMPANY_CHKLST_AUTHORIZED_PERSON' => 
  array (
    0 => 'SmoothedLimit',
    1 => 'PDN',
  ),
  'UF_CRM_COMPANY_CHKLST_CREDIT_COMMITTEE' => 
  array (
  ),
)
#0: KPLab\API\V2\Controller\BalancePlatformRequest::updateItemFields
	/home/bitrix/www/local/modules/kplab.api.v2/controller/BalancePlatformRequest.php:882
#1: KPLab\API\V2\Controller\BalancePlatformRequest::saveRefusedInStatusByData
	/home/bitrix/www/local/modules/kplab.api.v2/controller/BalancePlatformRequest.php:941
#2: KPLab\API\V2\Controller\BalancePlatformRequest::saveAllData
	/home/bitrix/www/local/modules/kplab.api.v2/controller/BalancePlatformRequest.php:612
#3: KPLab\API\V2\Controller\BalancePlatformRequest::setParamsCompany
	/home/bitrix/www/local/modules/kplab.api.v2/controller/BalancePlatformRequest.php:80
#4: KPLab\API\V2\Controller\BalancePlatformRequest->recieveAction
	
#5: ReflectionMethod->invokeArgs
	/home/bitrix/www/bitrix/modules/main/lib/engine/autowire/binder.php:207
----------
Host: crm.seller-capital.ru:443
Date: 2025-01-23 15:16:44
Module: Данные ratingStatus
array (
  'UF_CRM_TARIF_OF_SELLERS' => 20863,
)
#0: KPLab\API\V2\Controller\BalancePlatformRequest::updateItemFields
	/home/bitrix/www/local/modules/kplab.api.v2/controller/BalancePlatformRequest.php:874
#1: KPLab\API\V2\Controller\BalancePlatformRequest::saveRatingStatus
	/home/bitrix/www/local/modules/kplab.api.v2/controller/BalancePlatformRequest.php:950
#2: KPLab\API\V2\Controller\BalancePlatformRequest::saveAllData
	/home/bitrix/www/local/modules/kplab.api.v2/controller/BalancePlatformRequest.php:612
#3: KPLab\API\V2\Controller\BalancePlatformRequest::setParamsCompany
	/home/bitrix/www/local/modules/kplab.api.v2/controller/BalancePlatformRequest.php:80
#4: KPLab\API\V2\Controller\BalancePlatformRequest->recieveAction
	
#5: ReflectionMethod->invokeArgs
	/home/bitrix/www/bitrix/modules/main/lib/engine/autowire/binder.php:207
----------
Host: crm.seller-capital.ru:443
Date: 2025-01-23 15:16:50
Module: Данные HasBankStatements
array (
  'UF_CRM_AVERAGE_SALES_COUNT' => true,
)
#0: KPLab\API\V2\Controller\BalancePlatformRequest::updateItemFields
	/home/bitrix/www/local/modules/kplab.api.v2/controller/BalancePlatformRequest.php:628
#1: KPLab\API\V2\Controller\BalancePlatformRequest::setParamsCompany
	/home/bitrix/www/local/modules/kplab.api.v2/controller/BalancePlatformRequest.php:80
#2: KPLab\API\V2\Controller\BalancePlatformRequest->recieveAction
	
#3: ReflectionMethod->invokeArgs
	/home/bitrix/www/bitrix/modules/main/lib/engine/autowire/binder.php:207
#4: Bitrix\Main\Engine\AutoWire\Binder->invoke
	/home/bitrix/www/bitrix/modules/main/lib/engine/action.php:117
#5: Bitrix\Main\Engine\Action->runWithSourceParametersList
	/home/bitrix/www/bitrix/modules/main/lib/engine/controller.php:425
----------
Host: crm.seller-capital.ru:443
Date: 2025-01-23 15:40:07
Module: Данные ovk
array (
  'UF_CRM_COMPANY_OVK_CHECKDOMAIN' => false,
  'UF_CRM_COMPANY_OVK_CHECK_COMPANY_INFO' => false,
  'UF_CRM_COMPANY_OVK_CHECK_LICENSES' => false,
  'UF_CRM_COMPANY_OVK_IS_IN_TERRORIST_LIST' => false,
  'UF_CRM_COMPANY_OVK_IS_IN_MVK_LIST' => false,
  'UF_CRM_COMPANY_OVK_IS_IN_OMU_LIST' => false,
  'UF_CRM_COMPANY_OVK_IS_IN_STRATEGIC_LIST' => false,
  'UF_CRM_COMPANY_OVK_IS_IN_OPK_ULS' => false,
  'UF_CRM_COMPANY_OVK_IS_IN_SANCTION_LIST' => false,
  'UF_CRM_COMPANY_OVK_IS_IN_PEP_LIST' => false,
  'UF_CRM_COMPANY_OVK_IS_IN_764_LIST' => false,
  'UF_CRM_COMPANY_OVK_IS_IN_FINANCIAL_PYRAMYDE' => false,
  'UF_CRM_COMPANY_OVK_IS_IN_ILLEGAL_CREDITOR' => false,
  'UF_CRM_COMPANY_OVK_RESULT' => false,
)
#0: KPLab\API\V2\Controller\BalancePlatformRequest::updateItemFields
	/home/bitrix/www/local/modules/kplab.api.v2/controller/BalancePlatformRequest.php:848
#1: KPLab\API\V2\Controller\BalancePlatformRequest::saveOvkData
	/home/bitrix/www/local/modules/kplab.api.v2/controller/BalancePlatformRequest.php:887
#2: KPLab\API\V2\Controller\BalancePlatformRequest::saveAllData
	/home/bitrix/www/local/modules/kplab.api.v2/controller/BalancePlatformRequest.php:612
#3: KPLab\API\V2\Controller\BalancePlatformRequest::setParamsCompany
	/home/bitrix/www/local/modules/kplab.api.v2/controller/BalancePlatformRequest.php:80
#4: KPLab\API\V2\Controller\BalancePlatformRequest->recieveAction
	
#5: ReflectionMethod->invokeArgs
	/home/bitrix/www/bitrix/modules/main/lib/engine/autowire/binder.php:207
----------
Host: crm.seller-capital.ru:443
Date: 2025-01-23 15:40:12
Module: Данные Kontur Focus
array (
  'UF_CRM_COMPANY_KNTR_ADMIN_OFFENCE_CASE_COUNT' => 0,
  'UF_CRM_COMPANY_KNTR_ARBITR_CLAIMS_LOST_CASES_SUM' => 0,
  'UF_CRM_COMPANY_KNTR_ARBIT_CLAIMS_REVIEW_CASES_SUM' => 0,
  'UF_CRM_COMPANY_KNTR_ANY_FNS_BLOCKED_ACCOUNTS' => false,
  'UF_CRM_COMPANY_KNTR_ANY_SENT_DOCUMENTS_TO_FNS' => false,
  'UF_CRM_COMPANY_KNTR_ANY_DISQUALIFIED_DIRECTORS' => false,
  'UF_CRM_COMPANY_KNTR_BANKS' => 
  array (
  ),
  'UF_CRM_COMPANY_KNTR_BLOCKED_ACCOUNTS' => 
  array (
  ),
  'UF_CRM_COMPANY_KNTR_CERTIFICATE' => 
  array (
    0 => 'Declaration | 2027-03-11 | Обувь с подошвой из резины, пластмассы, натуральной или композиционной кожи и с верхом из текстильных материалов; обувь с подошвой из резины, пластмассы, натуральной или композиционной кожи и с верхом из натуральной кожи; прочая обувь с подошвой и с верхом из резины и пластмассы; водонепроницаемая обувь с подошвой и с верхом из резины или пластмассы, верх которой не крепится к подошве и не соединяется с ней ни ниточным, ни шпилечным, ни гвоздевым, ни винтовым, ни заклепочным, ни каким-либо другим аналогичным способом:',
  ),
  'UF_CRM_COMPANY_KNTR_LESSEE_CONTRACTS' => ' | ',
  'UF_CRM_COMPANY_KNTR_CONNECTED_COMPANIES' => 
  array (
  ),
  'UF_CRM_COMPANY_KNTR_CONNECTED_SITES' => 
  array (
  ),
  'UF_CRM_COMPANY_KNTR_ENFORCEMENT_PROCEEDINGS_SUM' => 0,
  'UF_CRM_COMPANY_KNTR_IN_ANY_SANCTION_LISTS' => false,
  'UF_CRM_COMPANY_KNTR_IN_ANY_FNS_LIST' => false,
  'UF_CRM_COMPANY_KNTR_IN_STRATEGIC_ENTERPRISE_LIST' => false,
  'UF_CRM_COMPANY_KNTR_IN_JOIN_STOCK_CMPNY_LIST91P' => false,
  'UF_CRM_COMPANY_KNTR_IN_UNRELIABLE_SIPPLIER_LIST' => false,
  'UF_CRM_COMPANY_KNTR_MSP_LIST_DATE' => '2023-12-10',
  'UF_CRM_COMPANY_KNTR_LICENSES' => NULL,
  'UF_CRM_COMPANY_KNTR_TRADEMARKS' => 
  array (
  ),
  'UF_CRM_COMPANY_KNTR_LAST_BANKRUPTCY_DATA' => ' | ',
)
#0: KPLab\API\V2\Controller\BalancePlatformRequest::updateItemFields
	/home/bitrix/www/local/modules/kplab.api.v2/controller/BalancePlatformRequest.php:852
#1: KPLab\API\V2\Controller\BalancePlatformRequest::saveKonturFocusData
	/home/bitrix/www/local/modules/kplab.api.v2/controller/BalancePlatformRequest.php:897
#2: KPLab\API\V2\Controller\BalancePlatformRequest::saveAllData
	/home/bitrix/www/local/modules/kplab.api.v2/controller/BalancePlatformRequest.php:612
#3: KPLab\API\V2\Controller\BalancePlatformRequest::setParamsCompany
	/home/bitrix/www/local/modules/kplab.api.v2/controller/BalancePlatformRequest.php:80
#4: KPLab\API\V2\Controller\BalancePlatformRequest->recieveAction
	
#5: ReflectionMethod->invokeArgs
	/home/bitrix/www/bitrix/modules/main/lib/engine/autowire/binder.php:207
----------
Host: crm.seller-capital.ru:443
Date: 2025-01-23 15:40:17
Module: Данные Kontur Prisma
array (
  'UF_CRM_COMPANY_KNTR_IN_GOVERNMENT_DIRECTIVE_LIST' => NULL,
  'UF_CRM_COMPANY_KNTR_IN_STRATEGIC_ORG_LIST' => NULL,
  'UF_CRM_COMPANY_KNTR_WEBSITE_BLOCK_INFOS' => 
  array (
  ),
  'UF_CRM_COMPANY_KNTR_IN_PRLIFRTN_RISK_DETECTIONLIST' => false,
  'UF_CRM_COMPANY_KNTR_IN_REFUSAL_LIST764P' => false,
  'UF_CRM_COMPANY_KNTR_IN_BANK_REFUSAL_LIST764P' => NULL,
  'UF_CRM_COMPANY_KNTR_IN_SANCTIONS_LIST' => false,
  'UF_CRM_COMPANY_KNTR_IN_STRATEGIC_COMPANIES_LIST' => false,
  'UF_CRM_COMPANY_KNTR_IN_TERRORIST_LIST' => false,
  'UF_CRM_COMPANY_KNTR_IN_EXTREMISTS_LIST' => false,
  'UF_CRM_COMPANY_KNTR_IN_INTERDEP_COMMISSION_LIST' => false,
  'UF_CRM_COMPANY_KNTR_IN_WEAPON_MASS_DESTRUCTION_DIS' => false,
  'UF_CRM_COMPANY_KNTR_IN_ILLEG_LENDER_INDICATOR_LIST' => false,
  'UF_CRM_COMPANY_KNTR_IN_PYRAMID_SCHEME_INDICATAOR_L' => false,
  'UF_CRM_COMPANY_KNTR_ILLEG_SECUR_MARKET_PARTICIPANT' => false,
)
#0: KPLab\API\V2\Controller\BalancePlatformRequest::updateItemFields
	/home/bitrix/www/local/modules/kplab.api.v2/controller/BalancePlatformRequest.php:856
#1: KPLab\API\V2\Controller\BalancePlatformRequest::saveKonturPrismaData
	/home/bitrix/www/local/modules/kplab.api.v2/controller/BalancePlatformRequest.php:906
#2: KPLab\API\V2\Controller\BalancePlatformRequest::saveAllData
	/home/bitrix/www/local/modules/kplab.api.v2/controller/BalancePlatformRequest.php:612
#3: KPLab\API\V2\Controller\BalancePlatformRequest::setParamsCompany
	/home/bitrix/www/local/modules/kplab.api.v2/controller/BalancePlatformRequest.php:80
#4: KPLab\API\V2\Controller\BalancePlatformRequest->recieveAction
	
#5: ReflectionMethod->invokeArgs
	/home/bitrix/www/bitrix/modules/main/lib/engine/autowire/binder.php:207
----------
Host: crm.seller-capital.ru:443
Date: 2025-01-23 15:40:23
Module: Данные Checklist StatusType
array (
  'UF_CRM_COMPANY_CHKLST' => '19317',
)
#0: KPLab\API\V2\Controller\BalancePlatformRequest::updateItemFields
	/home/bitrix/www/local/modules/kplab.api.v2/controller/BalancePlatformRequest.php:860
#1: KPLab\API\V2\Controller\BalancePlatformRequest::saveChecklistStatusTypeData
	/home/bitrix/www/local/modules/kplab.api.v2/controller/BalancePlatformRequest.php:915
#2: KPLab\API\V2\Controller\BalancePlatformRequest::saveAllData
	/home/bitrix/www/local/modules/kplab.api.v2/controller/BalancePlatformRequest.php:612
#3: KPLab\API\V2\Controller\BalancePlatformRequest::setParamsCompany
	/home/bitrix/www/local/modules/kplab.api.v2/controller/BalancePlatformRequest.php:80
#4: KPLab\API\V2\Controller\BalancePlatformRequest->recieveAction
	
#5: ReflectionMethod->invokeArgs
	/home/bitrix/www/bitrix/modules/main/lib/engine/autowire/binder.php:207
----------
Host: crm.seller-capital.ru:443
Date: 2025-01-23 15:40:28
Module: Данные checklistStatus
array (
  'UF_CRM_CHKLST' => 20874,
)
#0: KPLab\API\V2\Controller\BalancePlatformRequest::updateItemFields
	/home/bitrix/www/local/modules/kplab.api.v2/controller/BalancePlatformRequest.php:870
#1: KPLab\API\V2\Controller\BalancePlatformRequest::saveChecklistStatusNumData
	/home/bitrix/www/local/modules/kplab.api.v2/controller/BalancePlatformRequest.php:923
#2: KPLab\API\V2\Controller\BalancePlatformRequest::saveAllData
	/home/bitrix/www/local/modules/kplab.api.v2/controller/BalancePlatformRequest.php:612
#3: KPLab\API\V2\Controller\BalancePlatformRequest::setParamsCompany
	/home/bitrix/www/local/modules/kplab.api.v2/controller/BalancePlatformRequest.php:80
#4: KPLab\API\V2\Controller\BalancePlatformRequest->recieveAction
	
#5: ReflectionMethod->invokeArgs
	/home/bitrix/www/bitrix/modules/main/lib/engine/autowire/binder.php:207
----------
Host: crm.seller-capital.ru:443
Date: 2025-01-23 15:40:28
Module: Данные Checklist
array (
  'UF_CRM_COMPANY_INCOME_TO_SALE_RATIO' => 0.0,
  'UF_CRM_COMPANY_CHKLST_MARKETPLACE_DURATION_IN_MNTH' => 4,
  'UF_CRM_COMPANY_CHKLST_STOK_SUM_LIMIT_SIX_MTH_RATIO' => 0.0,
  'UF_CRM_COMPANY_CHKLST_SMOOTHED_LIM_FOR_SIX_MONTHS' => 0.0,
  'UF_CRM_COMPANY_CHKLST_PDN' => 0.0,
  'UF_CRM_COMPANY_CHKLST_ANY_FNS_BLOCKED_ACCOUNTS' => false,
  'UF_CRM_COMPANY_CHKLST_PERSON_VALID_PASSPORT' => true,
  'UF_CRM_COMPANY_CHKLST_LOCATED_IN_LISTS_NAMES' => false,
  'UF_CRM_COMPANY_CHKLST_IN_UNRELIABLE_SUPPLIER_LIST' => false,
  'UF_CRM_COMPANY_CHKLST_ANY_DISQUALIFIED_DIRECTORS' => false,
  'UF_CRM_COMPANY_CHKLST_PERSON_AGE_LIST' => 27,
  'UF_CRM_COMPANY_CHKLST_HAS_PERSON_RUSSIAN_NATIONAL' => true,
  'UF_CRM_COMPANY_CHKLST_MAX_ACTIVE_LOAN_OVERDUE_DAYS' => 222,
  'UF_CRM_COMPANY_CHKLST_ANY_LONG_OVERDUE_LOAN' => true,
  'UF_CRM_COMPANY_CHKLST_PERSON_LOAN_DATE' => NULL,
  'UF_CRM_COMPANY_CHKLST_PERSON_ACTIVE_MICRO_LOAN_CNT' => 0,
  'UF_CRM_COMPANY_CHKLST_PERSON_ACTIVE_FSSP_SUM' => 0.0,
  'UF_CRM_COMPANY_CHKLST_CLAIMS_SUM_INC_FOR_SIX_MONTH' => 0.0,
  'UF_CRM_COMPANY_CHKLST_LAST_BANKRUPTCY_DATE' => NULL,
  'UF_CRM_COMPANY_CHKLST_AUTO_LIMIT' => 0,
)
#0: KPLab\API\V2\Controller\BalancePlatformRequest::updateItemFields
	/home/bitrix/www/local/modules/kplab.api.v2/controller/BalancePlatformRequest.php:878
#1: KPLab\API\V2\Controller\BalancePlatformRequest::saveChecklistData
	/home/bitrix/www/local/modules/kplab.api.v2/controller/BalancePlatformRequest.php:932
#2: KPLab\API\V2\Controller\BalancePlatformRequest::saveAllData
	/home/bitrix/www/local/modules/kplab.api.v2/controller/BalancePlatformRequest.php:612
#3: KPLab\API\V2\Controller\BalancePlatformRequest::setParamsCompany
	/home/bitrix/www/local/modules/kplab.api.v2/controller/BalancePlatformRequest.php:80
#4: KPLab\API\V2\Controller\BalancePlatformRequest->recieveAction
	
#5: ReflectionMethod->invokeArgs
	/home/bitrix/www/bitrix/modules/main/lib/engine/autowire/binder.php:207
----------
Host: crm.seller-capital.ru:443
Date: 2025-01-23 15:40:34
Module: Данные Checklist RefusedInStatusByData
array (
  'UF_CRM_COMPANY_CHKLST_REFUSED_IN_STATUS_BY_DATA' => 
  array (
    0 => 'ForecastSales',
    1 => 'AverageSalesCount',
    2 => 'SmoothedLimit',
  ),
  'UF_CRM_COMPANY_CHKLST_AUTOMATIC_APPROVE' => 
  array (
    0 => 'IncomeToSaleRatio',
    1 => 'MarketplaceDurationInMonths',
    2 => 'ForecastSales',
    3 => 'GrowRate',
    4 => 'AverageSalesCount',
    5 => 'StockSumToSmoothedLimitRatio',
    6 => 'SmoothedLimit',
    7 => 'MaxLoanOverdueDays',
    8 => 'HasAnyLongOverdueLoan',
    9 => 'LimitForAutoApprove',
  ),
  'UF_CRM_COMPANY_CHKLST_AUTHORIZED_PERSON' => 
  array (
    0 => 'ForecastSales',
    1 => 'GrowRate',
    2 => 'AverageSalesCount',
    3 => 'StockSumToSmoothedLimitRatio',
    4 => 'SmoothedLimit',
    5 => 'MaxLoanOverdueDays',
  ),
  'UF_CRM_COMPANY_CHKLST_CREDIT_COMMITTEE' => 
  array (
    0 => 'ForecastSales',
    1 => 'AverageSalesCount',
    2 => 'SmoothedLimit',
  ),
)
#0: KPLab\API\V2\Controller\BalancePlatformRequest::updateItemFields
	/home/bitrix/www/local/modules/kplab.api.v2/controller/BalancePlatformRequest.php:882
#1: KPLab\API\V2\Controller\BalancePlatformRequest::saveRefusedInStatusByData
	/home/bitrix/www/local/modules/kplab.api.v2/controller/BalancePlatformRequest.php:941
#2: KPLab\API\V2\Controller\BalancePlatformRequest::saveAllData
	/home/bitrix/www/local/modules/kplab.api.v2/controller/BalancePlatformRequest.php:612
#3: KPLab\API\V2\Controller\BalancePlatformRequest::setParamsCompany
	/home/bitrix/www/local/modules/kplab.api.v2/controller/BalancePlatformRequest.php:80
#4: KPLab\API\V2\Controller\BalancePlatformRequest->recieveAction
	
#5: ReflectionMethod->invokeArgs
	/home/bitrix/www/bitrix/modules/main/lib/engine/autowire/binder.php:207
----------
Host: crm.seller-capital.ru:443
Date: 2025-01-23 15:40:39
Module: Данные ratingStatus
array (
  'UF_CRM_TARIF_OF_SELLERS' => 20863,
)
#0: KPLab\API\V2\Controller\BalancePlatformRequest::updateItemFields
	/home/bitrix/www/local/modules/kplab.api.v2/controller/BalancePlatformRequest.php:874
#1: KPLab\API\V2\Controller\BalancePlatformRequest::saveRatingStatus
	/home/bitrix/www/local/modules/kplab.api.v2/controller/BalancePlatformRequest.php:950
#2: KPLab\API\V2\Controller\BalancePlatformRequest::saveAllData
	/home/bitrix/www/local/modules/kplab.api.v2/controller/BalancePlatformRequest.php:612
#3: KPLab\API\V2\Controller\BalancePlatformRequest::setParamsCompany
	/home/bitrix/www/local/modules/kplab.api.v2/controller/BalancePlatformRequest.php:80
#4: KPLab\API\V2\Controller\BalancePlatformRequest->recieveAction
	
#5: ReflectionMethod->invokeArgs
	/home/bitrix/www/bitrix/modules/main/lib/engine/autowire/binder.php:207
----------
Host: crm.seller-capital.ru:443
Date: 2025-01-23 15:40:45
Module: Данные HasBankStatements
array (
  'UF_CRM_AVERAGE_SALES_COUNT' => true,
)
#0: KPLab\API\V2\Controller\BalancePlatformRequest::updateItemFields
	/home/bitrix/www/local/modules/kplab.api.v2/controller/BalancePlatformRequest.php:628
#1: KPLab\API\V2\Controller\BalancePlatformRequest::setParamsCompany
	/home/bitrix/www/local/modules/kplab.api.v2/controller/BalancePlatformRequest.php:80
#2: KPLab\API\V2\Controller\BalancePlatformRequest->recieveAction
	
#3: ReflectionMethod->invokeArgs
	/home/bitrix/www/bitrix/modules/main/lib/engine/autowire/binder.php:207
#4: Bitrix\Main\Engine\AutoWire\Binder->invoke
	/home/bitrix/www/bitrix/modules/main/lib/engine/action.php:117
#5: Bitrix\Main\Engine\Action->runWithSourceParametersList
	/home/bitrix/www/bitrix/modules/main/lib/engine/controller.php:425
----------
Host: crm.seller-capital.ru:443
Date: 2025-01-23 15:58:48
Module: Данные checklistStatus
array (
  'UF_CRM_CHKLST' => 20877,
)
#0: KPLab\API\V2\Controller\BalancePlatformRequest::updateItemFields
	/home/bitrix/www/local/modules/kplab.api.v2/controller/BalancePlatformRequest.php:870
#1: KPLab\API\V2\Controller\BalancePlatformRequest::saveChecklistStatusNumData
	/home/bitrix/www/local/modules/kplab.api.v2/controller/BalancePlatformRequest.php:395
#2: KPLab\API\V2\Controller\BalancePlatformRequest::setParams134
	/home/bitrix/www/local/modules/kplab.api.v2/controller/BalancePlatformRequest.php:178
#3: KPLab\API\V2\Controller\BalancePlatformRequest->recieveAction
	
#4: ReflectionMethod->invokeArgs
	/home/bitrix/www/bitrix/modules/main/lib/engine/autowire/binder.php:207
#5: Bitrix\Main\Engine\AutoWire\Binder->invoke
	/home/bitrix/www/bitrix/modules/main/lib/engine/action.php:117
----------
Host: crm.seller-capital.ru:443
Date: 2025-01-23 15:58:49
Module: Данные for 134
array (
  'UF_CRM_56_1684843345' => '23.01.2025 15:58:49',
  'UF_CRM_56_1705999659270' => 6452270.5,
  'UF_CRM_56_1705999684755' => 203349.0,
  'UF_CRM_56_1705999722689' => 11854725.0,
  'UF_CRM_56_1706000045243' => 0.62,
  'UF_CRM_56_1706000068667' => 0.0,
  'UF_CRM_56_1706000119258' => '',
  'UF_CRM_56_1684846350' => 3675000.0,
  'UF_CRM_56_1710466920' => false,
  'UF_CRM_56_1706002947573' => 'Ухудшение финансового положения',
  'UF_CRM_56_1711371246' => NULL,
  'UF_CRM_LIMIT_TO_PDN' => 15400000.0,
  'UF_CRM_PDN_AFTER_TAKINGLIMIT' => 0.9,
  'UF_CRM_AVERAGE_CHECK' => 1760.0,
  'UF_CRM_56_FORECAST_SALES' => 2752091.0,
  'UF_CRM_AVERAGE_SALES_COUNT' => 3534.0,
  'UF_CRM_TARIF_OF_SELLERS' => 21208,
  'UF_CRM_56_GROW_RATE' => -0.3503836254887219,
  'UF_STOCK_SUM_TO_SMOOTHED_LIMIT_RATIO' => 5.9273625,
  'UF_CRM_56_AUTOMATIC_REFUSE' => 
  array (
  ),
  'UF_CRM_56_AUTOMATIC_APPROVE' => 
  array (
    0 => 'ForecastSales',
    1 => 'GrowRate',
  ),
  'UF_CRM_56_AUTHORIZED_PERSON' => 
  array (
    0 => 'GrowRate',
  ),
  'UF_CRM_56_CREDIT_COMMITTEE' => 
  array (
  ),
)
#0: KPLab\API\V2\Controller\BalancePlatformRequest::updateItemFields
	/home/bitrix/www/local/modules/kplab.api.v2/controller/BalancePlatformRequest.php:443
#1: KPLab\API\V2\Controller\BalancePlatformRequest::setParams134
	/home/bitrix/www/local/modules/kplab.api.v2/controller/BalancePlatformRequest.php:178
#2: KPLab\API\V2\Controller\BalancePlatformRequest->recieveAction
	
#3: ReflectionMethod->invokeArgs
	/home/bitrix/www/bitrix/modules/main/lib/engine/autowire/binder.php:207
#4: Bitrix\Main\Engine\AutoWire\Binder->invoke
	/home/bitrix/www/bitrix/modules/main/lib/engine/action.php:117
#5: Bitrix\Main\Engine\Action->runWithSourceParametersList
	/home/bitrix/www/bitrix/modules/main/lib/engine/controller.php:425
----------
Host: crm.seller-capital.ru:443
Date: 2025-01-23 15:58:52
Module: item
Нихуя НЕ Найдена компания
#0: KPLab\API\V2\Controller\BalancePlatformRequest::setParamsCompany
	/home/bitrix/www/local/modules/kplab.api.v2/controller/BalancePlatformRequest.php:207
#1: KPLab\API\V2\Controller\BalancePlatformRequest->recieveAction
	
#2: ReflectionMethod->invokeArgs
	/home/bitrix/www/bitrix/modules/main/lib/engine/autowire/binder.php:207
#3: Bitrix\Main\Engine\AutoWire\Binder->invoke
	/home/bitrix/www/bitrix/modules/main/lib/engine/action.php:117
#4: Bitrix\Main\Engine\Action->runWithSourceParametersList
	/home/bitrix/www/bitrix/modules/main/lib/engine/controller.php:425
#5: Bitrix\Main\Engine\Controller->run
	/home/bitrix/www/bitrix/modules/main/lib/httpapplication.php:141
----------
Host: crm.seller-capital.ru:443
Date: 2025-01-23 16:01:23
Module: Данные ovk
array (
  'UF_CRM_COMPANY_OVK_CHECKDOMAIN' => false,
  'UF_CRM_COMPANY_OVK_CHECK_COMPANY_INFO' => false,
  'UF_CRM_COMPANY_OVK_CHECK_LICENSES' => false,
  'UF_CRM_COMPANY_OVK_IS_IN_TERRORIST_LIST' => false,
  'UF_CRM_COMPANY_OVK_IS_IN_MVK_LIST' => false,
  'UF_CRM_COMPANY_OVK_IS_IN_OMU_LIST' => false,
  'UF_CRM_COMPANY_OVK_IS_IN_STRATEGIC_LIST' => false,
  'UF_CRM_COMPANY_OVK_IS_IN_OPK_ULS' => false,
  'UF_CRM_COMPANY_OVK_IS_IN_SANCTION_LIST' => false,
  'UF_CRM_COMPANY_OVK_IS_IN_PEP_LIST' => false,
  'UF_CRM_COMPANY_OVK_IS_IN_764_LIST' => false,
  'UF_CRM_COMPANY_OVK_IS_IN_FINANCIAL_PYRAMYDE' => false,
  'UF_CRM_COMPANY_OVK_IS_IN_ILLEGAL_CREDITOR' => false,
  'UF_CRM_COMPANY_OVK_RESULT' => false,
)
#0: KPLab\API\V2\Controller\BalancePlatformRequest::updateItemFields
	/home/bitrix/www/local/modules/kplab.api.v2/controller/BalancePlatformRequest.php:848
#1: KPLab\API\V2\Controller\BalancePlatformRequest::saveOvkData
	/home/bitrix/www/local/modules/kplab.api.v2/controller/BalancePlatformRequest.php:887
#2: KPLab\API\V2\Controller\BalancePlatformRequest::saveAllData
	/home/bitrix/www/local/modules/kplab.api.v2/controller/BalancePlatformRequest.php:612
#3: KPLab\API\V2\Controller\BalancePlatformRequest::setParamsCompany
	/home/bitrix/www/local/modules/kplab.api.v2/controller/BalancePlatformRequest.php:80
#4: KPLab\API\V2\Controller\BalancePlatformRequest->recieveAction
	
#5: ReflectionMethod->invokeArgs
	/home/bitrix/www/bitrix/modules/main/lib/engine/autowire/binder.php:207
----------
Host: crm.seller-capital.ru:443
Date: 2025-01-23 16:01:26
Module: Данные Kontur Focus
array (
  'UF_CRM_COMPANY_KNTR_ADMIN_OFFENCE_CASE_COUNT' => 0,
  'UF_CRM_COMPANY_KNTR_ARBITR_CLAIMS_LOST_CASES_SUM' => 26851,
  'UF_CRM_COMPANY_KNTR_ARBIT_CLAIMS_REVIEW_CASES_SUM' => 0,
  'UF_CRM_COMPANY_KNTR_ANY_FNS_BLOCKED_ACCOUNTS' => false,
  'UF_CRM_COMPANY_KNTR_ANY_SENT_DOCUMENTS_TO_FNS' => false,
  'UF_CRM_COMPANY_KNTR_ANY_DISQUALIFIED_DIRECTORS' => false,
  'UF_CRM_COMPANY_KNTR_BANKS' => 
  array (
  ),
  'UF_CRM_COMPANY_KNTR_BLOCKED_ACCOUNTS' => 
  array (
  ),
  'UF_CRM_COMPANY_KNTR_CERTIFICATE' => NULL,
  'UF_CRM_COMPANY_KNTR_LESSEE_CONTRACTS' => ' | ',
  'UF_CRM_COMPANY_KNTR_CONNECTED_COMPANIES' => 
  array (
  ),
  'UF_CRM_COMPANY_KNTR_CONNECTED_SITES' => 
  array (
  ),
  'UF_CRM_COMPANY_KNTR_ENFORCEMENT_PROCEEDINGS_SUM' => 2500,
  'UF_CRM_COMPANY_KNTR_IN_ANY_SANCTION_LISTS' => false,
  'UF_CRM_COMPANY_KNTR_IN_ANY_FNS_LIST' => false,
  'UF_CRM_COMPANY_KNTR_IN_STRATEGIC_ENTERPRISE_LIST' => false,
  'UF_CRM_COMPANY_KNTR_IN_JOIN_STOCK_CMPNY_LIST91P' => false,
  'UF_CRM_COMPANY_KNTR_IN_UNRELIABLE_SIPPLIER_LIST' => false,
  'UF_CRM_COMPANY_KNTR_MSP_LIST_DATE' => '2023-01-10',
  'UF_CRM_COMPANY_KNTR_LICENSES' => NULL,
  'UF_CRM_COMPANY_KNTR_TRADEMARKS' => 
  array (
  ),
  'UF_CRM_COMPANY_KNTR_LAST_BANKRUPTCY_DATA' => ' | ',
)
#0: KPLab\API\V2\Controller\BalancePlatformRequest::updateItemFields
	/home/bitrix/www/local/modules/kplab.api.v2/controller/BalancePlatformRequest.php:852
#1: KPLab\API\V2\Controller\BalancePlatformRequest::saveKonturFocusData
	/home/bitrix/www/local/modules/kplab.api.v2/controller/BalancePlatformRequest.php:897
#2: KPLab\API\V2\Controller\BalancePlatformRequest::saveAllData
	/home/bitrix/www/local/modules/kplab.api.v2/controller/BalancePlatformRequest.php:612
#3: KPLab\API\V2\Controller\BalancePlatformRequest::setParamsCompany
	/home/bitrix/www/local/modules/kplab.api.v2/controller/BalancePlatformRequest.php:80
#4: KPLab\API\V2\Controller\BalancePlatformRequest->recieveAction
	
#5: ReflectionMethod->invokeArgs
	/home/bitrix/www/bitrix/modules/main/lib/engine/autowire/binder.php:207
----------
Host: crm.seller-capital.ru:443
Date: 2025-01-23 16:01:29
Module: Данные Kontur Prisma
array (
  'UF_CRM_COMPANY_KNTR_IN_GOVERNMENT_DIRECTIVE_LIST' => NULL,
  'UF_CRM_COMPANY_KNTR_IN_STRATEGIC_ORG_LIST' => NULL,
  'UF_CRM_COMPANY_KNTR_WEBSITE_BLOCK_INFOS' => 
  array (
  ),
  'UF_CRM_COMPANY_KNTR_IN_PRLIFRTN_RISK_DETECTIONLIST' => false,
  'UF_CRM_COMPANY_KNTR_IN_REFUSAL_LIST764P' => false,
  'UF_CRM_COMPANY_KNTR_IN_BANK_REFUSAL_LIST764P' => NULL,
  'UF_CRM_COMPANY_KNTR_IN_SANCTIONS_LIST' => false,
  'UF_CRM_COMPANY_KNTR_IN_STRATEGIC_COMPANIES_LIST' => false,
  'UF_CRM_COMPANY_KNTR_IN_TERRORIST_LIST' => false,
  'UF_CRM_COMPANY_KNTR_IN_EXTREMISTS_LIST' => false,
  'UF_CRM_COMPANY_KNTR_IN_INTERDEP_COMMISSION_LIST' => false,
  'UF_CRM_COMPANY_KNTR_IN_WEAPON_MASS_DESTRUCTION_DIS' => false,
  'UF_CRM_COMPANY_KNTR_IN_ILLEG_LENDER_INDICATOR_LIST' => false,
  'UF_CRM_COMPANY_KNTR_IN_PYRAMID_SCHEME_INDICATAOR_L' => false,
  'UF_CRM_COMPANY_KNTR_ILLEG_SECUR_MARKET_PARTICIPANT' => false,
)
#0: KPLab\API\V2\Controller\BalancePlatformRequest::updateItemFields
	/home/bitrix/www/local/modules/kplab.api.v2/controller/BalancePlatformRequest.php:856
#1: KPLab\API\V2\Controller\BalancePlatformRequest::saveKonturPrismaData
	/home/bitrix/www/local/modules/kplab.api.v2/controller/BalancePlatformRequest.php:906
#2: KPLab\API\V2\Controller\BalancePlatformRequest::saveAllData
	/home/bitrix/www/local/modules/kplab.api.v2/controller/BalancePlatformRequest.php:612
#3: KPLab\API\V2\Controller\BalancePlatformRequest::setParamsCompany
	/home/bitrix/www/local/modules/kplab.api.v2/controller/BalancePlatformRequest.php:80
#4: KPLab\API\V2\Controller\BalancePlatformRequest->recieveAction
	
#5: ReflectionMethod->invokeArgs
	/home/bitrix/www/bitrix/modules/main/lib/engine/autowire/binder.php:207
----------
Host: crm.seller-capital.ru:443
Date: 2025-01-23 16:01:32
Module: Данные Checklist StatusType
array (
  'UF_CRM_COMPANY_CHKLST' => '19320',
)
#0: KPLab\API\V2\Controller\BalancePlatformRequest::updateItemFields
	/home/bitrix/www/local/modules/kplab.api.v2/controller/BalancePlatformRequest.php:860
#1: KPLab\API\V2\Controller\BalancePlatformRequest::saveChecklistStatusTypeData
	/home/bitrix/www/local/modules/kplab.api.v2/controller/BalancePlatformRequest.php:915
#2: KPLab\API\V2\Controller\BalancePlatformRequest::saveAllData
	/home/bitrix/www/local/modules/kplab.api.v2/controller/BalancePlatformRequest.php:612
#3: KPLab\API\V2\Controller\BalancePlatformRequest::setParamsCompany
	/home/bitrix/www/local/modules/kplab.api.v2/controller/BalancePlatformRequest.php:80
#4: KPLab\API\V2\Controller\BalancePlatformRequest->recieveAction
	
#5: ReflectionMethod->invokeArgs
	/home/bitrix/www/bitrix/modules/main/lib/engine/autowire/binder.php:207
----------
Host: crm.seller-capital.ru:443
Date: 2025-01-23 16:01:36
Module: Данные checklistStatus
array (
  'UF_CRM_CHKLST' => 20877,
)
#0: KPLab\API\V2\Controller\BalancePlatformRequest::updateItemFields
	/home/bitrix/www/local/modules/kplab.api.v2/controller/BalancePlatformRequest.php:870
#1: KPLab\API\V2\Controller\BalancePlatformRequest::saveChecklistStatusNumData
	/home/bitrix/www/local/modules/kplab.api.v2/controller/BalancePlatformRequest.php:923
#2: KPLab\API\V2\Controller\BalancePlatformRequest::saveAllData
	/home/bitrix/www/local/modules/kplab.api.v2/controller/BalancePlatformRequest.php:612
#3: KPLab\API\V2\Controller\BalancePlatformRequest::setParamsCompany
	/home/bitrix/www/local/modules/kplab.api.v2/controller/BalancePlatformRequest.php:80
#4: KPLab\API\V2\Controller\BalancePlatformRequest->recieveAction
	
#5: ReflectionMethod->invokeArgs
	/home/bitrix/www/bitrix/modules/main/lib/engine/autowire/binder.php:207
----------
Host: crm.seller-capital.ru:443
Date: 2025-01-23 16:01:36
Module: Данные Checklist
array (
  'UF_CRM_COMPANY_INCOME_TO_SALE_RATIO' => 0.582,
  'UF_CRM_COMPANY_CHKLST_MARKETPLACE_DURATION_IN_MNTH' => 17,
  'UF_CRM_COMPANY_CHKLST_STOK_SUM_LIMIT_SIX_MTH_RATIO' => 25.007204528769787,
  'UF_CRM_COMPANY_CHKLST_SMOOTHED_LIM_FOR_SIX_MONTHS' => 4249237.0,
  'UF_CRM_COMPANY_CHKLST_PDN' => 115.99999999999999,
  'UF_CRM_COMPANY_CHKLST_ANY_FNS_BLOCKED_ACCOUNTS' => false,
  'UF_CRM_COMPANY_CHKLST_PERSON_VALID_PASSPORT' => true,
  'UF_CRM_COMPANY_CHKLST_LOCATED_IN_LISTS_NAMES' => false,
  'UF_CRM_COMPANY_CHKLST_IN_UNRELIABLE_SUPPLIER_LIST' => false,
  'UF_CRM_COMPANY_CHKLST_ANY_DISQUALIFIED_DIRECTORS' => false,
  'UF_CRM_COMPANY_CHKLST_PERSON_AGE_LIST' => 21,
  'UF_CRM_COMPANY_CHKLST_HAS_PERSON_RUSSIAN_NATIONAL' => true,
  'UF_CRM_COMPANY_CHKLST_MAX_ACTIVE_LOAN_OVERDUE_DAYS' => 275,
  'UF_CRM_COMPANY_CHKLST_ANY_LONG_OVERDUE_LOAN' => true,
  'UF_CRM_COMPANY_CHKLST_PERSON_LOAN_DATE' => NULL,
  'UF_CRM_COMPANY_CHKLST_PERSON_ACTIVE_MICRO_LOAN_CNT' => 1,
  'UF_CRM_COMPANY_CHKLST_PERSON_ACTIVE_FSSP_SUM' => 0.0,
  'UF_CRM_COMPANY_CHKLST_CLAIMS_SUM_INC_FOR_SIX_MONTH' => 0.01,
  'UF_CRM_COMPANY_CHKLST_LAST_BANKRUPTCY_DATE' => NULL,
  'UF_CRM_COMPANY_CHKLST_AUTO_LIMIT' => 2000000,
)
#0: KPLab\API\V2\Controller\BalancePlatformRequest::updateItemFields
	/home/bitrix/www/local/modules/kplab.api.v2/controller/BalancePlatformRequest.php:878
#1: KPLab\API\V2\Controller\BalancePlatformRequest::saveChecklistData
	/home/bitrix/www/local/modules/kplab.api.v2/controller/BalancePlatformRequest.php:932
#2: KPLab\API\V2\Controller\BalancePlatformRequest::saveAllData
	/home/bitrix/www/local/modules/kplab.api.v2/controller/BalancePlatformRequest.php:612
#3: KPLab\API\V2\Controller\BalancePlatformRequest::setParamsCompany
	/home/bitrix/www/local/modules/kplab.api.v2/controller/BalancePlatformRequest.php:80
#4: KPLab\API\V2\Controller\BalancePlatformRequest->recieveAction
	
#5: ReflectionMethod->invokeArgs
	/home/bitrix/www/bitrix/modules/main/lib/engine/autowire/binder.php:207
----------
Host: crm.seller-capital.ru:443
Date: 2025-01-23 16:01:39
Module: Данные Checklist RefusedInStatusByData
array (
  'UF_CRM_COMPANY_CHKLST_REFUSED_IN_STATUS_BY_DATA' => 
  array (
  ),
  'UF_CRM_COMPANY_CHKLST_AUTOMATIC_APPROVE' => 
  array (
    0 => 'IncomeToSaleRatio',
    1 => 'PersonAgeList',
    2 => 'MaxLoanOverdueDays',
    3 => 'HasAnyLongOverdueLoan',
    4 => 'PersonActiveMicroLoanCount',
  ),
  'UF_CRM_COMPANY_CHKLST_AUTHORIZED_PERSON' => 
  array (
    0 => 'PersonAgeList',
    1 => 'MaxLoanOverdueDays',
  ),
  'UF_CRM_COMPANY_CHKLST_CREDIT_COMMITTEE' => 
  array (
  ),
)
#0: KPLab\API\V2\Controller\BalancePlatformRequest::updateItemFields
	/home/bitrix/www/local/modules/kplab.api.v2/controller/BalancePlatformRequest.php:882
#1: KPLab\API\V2\Controller\BalancePlatformRequest::saveRefusedInStatusByData
	/home/bitrix/www/local/modules/kplab.api.v2/controller/BalancePlatformRequest.php:941
#2: KPLab\API\V2\Controller\BalancePlatformRequest::saveAllData
	/home/bitrix/www/local/modules/kplab.api.v2/controller/BalancePlatformRequest.php:612
#3: KPLab\API\V2\Controller\BalancePlatformRequest::setParamsCompany
	/home/bitrix/www/local/modules/kplab.api.v2/controller/BalancePlatformRequest.php:80
#4: KPLab\API\V2\Controller\BalancePlatformRequest->recieveAction
	
#5: ReflectionMethod->invokeArgs
	/home/bitrix/www/bitrix/modules/main/lib/engine/autowire/binder.php:207
----------
Host: crm.seller-capital.ru:443
Date: 2025-01-23 16:01:42
Module: Данные ratingStatus
array (
  'UF_CRM_TARIF_OF_SELLERS' => 20864,
)
#0: KPLab\API\V2\Controller\BalancePlatformRequest::updateItemFields
	/home/bitrix/www/local/modules/kplab.api.v2/controller/BalancePlatformRequest.php:874
#1: KPLab\API\V2\Controller\BalancePlatformRequest::saveRatingStatus
	/home/bitrix/www/local/modules/kplab.api.v2/controller/BalancePlatformRequest.php:950
#2: KPLab\API\V2\Controller\BalancePlatformRequest::saveAllData
	/home/bitrix/www/local/modules/kplab.api.v2/controller/BalancePlatformRequest.php:612
#3: KPLab\API\V2\Controller\BalancePlatformRequest::setParamsCompany
	/home/bitrix/www/local/modules/kplab.api.v2/controller/BalancePlatformRequest.php:80
#4: KPLab\API\V2\Controller\BalancePlatformRequest->recieveAction
	
#5: ReflectionMethod->invokeArgs
	/home/bitrix/www/bitrix/modules/main/lib/engine/autowire/binder.php:207
----------
Host: crm.seller-capital.ru:443
Date: 2025-01-23 16:01:46
Module: Данные HasBankStatements
array (
  'UF_CRM_AVERAGE_SALES_COUNT' => true,
)
#0: KPLab\API\V2\Controller\BalancePlatformRequest::updateItemFields
	/home/bitrix/www/local/modules/kplab.api.v2/controller/BalancePlatformRequest.php:628
#1: KPLab\API\V2\Controller\BalancePlatformRequest::setParamsCompany
	/home/bitrix/www/local/modules/kplab.api.v2/controller/BalancePlatformRequest.php:80
#2: KPLab\API\V2\Controller\BalancePlatformRequest->recieveAction
	
#3: ReflectionMethod->invokeArgs
	/home/bitrix/www/bitrix/modules/main/lib/engine/autowire/binder.php:207
#4: Bitrix\Main\Engine\AutoWire\Binder->invoke
	/home/bitrix/www/bitrix/modules/main/lib/engine/action.php:117
#5: Bitrix\Main\Engine\Action->runWithSourceParametersList
	/home/bitrix/www/bitrix/modules/main/lib/engine/controller.php:425
----------
Host: crm.seller-capital.ru:443
Date: 2025-01-23 16:03:58
Module: Данные ovk
array (
  'UF_CRM_COMPANY_OVK_CHECKDOMAIN' => false,
  'UF_CRM_COMPANY_OVK_CHECK_COMPANY_INFO' => false,
  'UF_CRM_COMPANY_OVK_CHECK_LICENSES' => false,
  'UF_CRM_COMPANY_OVK_IS_IN_TERRORIST_LIST' => false,
  'UF_CRM_COMPANY_OVK_IS_IN_MVK_LIST' => false,
  'UF_CRM_COMPANY_OVK_IS_IN_OMU_LIST' => false,
  'UF_CRM_COMPANY_OVK_IS_IN_STRATEGIC_LIST' => false,
  'UF_CRM_COMPANY_OVK_IS_IN_OPK_ULS' => false,
  'UF_CRM_COMPANY_OVK_IS_IN_SANCTION_LIST' => false,
  'UF_CRM_COMPANY_OVK_IS_IN_PEP_LIST' => false,
  'UF_CRM_COMPANY_OVK_IS_IN_764_LIST' => false,
  'UF_CRM_COMPANY_OVK_IS_IN_FINANCIAL_PYRAMYDE' => false,
  'UF_CRM_COMPANY_OVK_IS_IN_ILLEGAL_CREDITOR' => false,
  'UF_CRM_COMPANY_OVK_RESULT' => false,
)
#0: KPLab\API\V2\Controller\BalancePlatformRequest::updateItemFields
	/home/bitrix/www/local/modules/kplab.api.v2/controller/BalancePlatformRequest.php:848
#1: KPLab\API\V2\Controller\BalancePlatformRequest::saveOvkData
	/home/bitrix/www/local/modules/kplab.api.v2/controller/BalancePlatformRequest.php:887
#2: KPLab\API\V2\Controller\BalancePlatformRequest::saveAllData
	/home/bitrix/www/local/modules/kplab.api.v2/controller/BalancePlatformRequest.php:612
#3: KPLab\API\V2\Controller\BalancePlatformRequest::setParamsCompany
	/home/bitrix/www/local/modules/kplab.api.v2/controller/BalancePlatformRequest.php:80
#4: KPLab\API\V2\Controller\BalancePlatformRequest->recieveAction
	
#5: ReflectionMethod->invokeArgs
	/home/bitrix/www/bitrix/modules/main/lib/engine/autowire/binder.php:207
----------
Host: crm.seller-capital.ru:443
Date: 2025-01-23 16:04:03
Module: Данные Kontur Focus
array (
  'UF_CRM_COMPANY_KNTR_ADMIN_OFFENCE_CASE_COUNT' => 0,
  'UF_CRM_COMPANY_KNTR_ARBITR_CLAIMS_LOST_CASES_SUM' => 0,
  'UF_CRM_COMPANY_KNTR_ARBIT_CLAIMS_REVIEW_CASES_SUM' => 0,
  'UF_CRM_COMPANY_KNTR_ANY_FNS_BLOCKED_ACCOUNTS' => false,
  'UF_CRM_COMPANY_KNTR_ANY_SENT_DOCUMENTS_TO_FNS' => false,
  'UF_CRM_COMPANY_KNTR_ANY_DISQUALIFIED_DIRECTORS' => false,
  'UF_CRM_COMPANY_KNTR_BANKS' => 
  array (
  ),
  'UF_CRM_COMPANY_KNTR_BLOCKED_ACCOUNTS' => 
  array (
  ),
  'UF_CRM_COMPANY_KNTR_CERTIFICATE' => NULL,
  'UF_CRM_COMPANY_KNTR_LESSEE_CONTRACTS' => ' | ',
  'UF_CRM_COMPANY_KNTR_CONNECTED_COMPANIES' => 
  array (
  ),
  'UF_CRM_COMPANY_KNTR_CONNECTED_SITES' => 
  array (
  ),
  'UF_CRM_COMPANY_KNTR_ENFORCEMENT_PROCEEDINGS_SUM' => 0,
  'UF_CRM_COMPANY_KNTR_IN_ANY_SANCTION_LISTS' => false,
  'UF_CRM_COMPANY_KNTR_IN_ANY_FNS_LIST' => false,
  'UF_CRM_COMPANY_KNTR_IN_STRATEGIC_ENTERPRISE_LIST' => false,
  'UF_CRM_COMPANY_KNTR_IN_JOIN_STOCK_CMPNY_LIST91P' => false,
  'UF_CRM_COMPANY_KNTR_IN_UNRELIABLE_SIPPLIER_LIST' => false,
  'UF_CRM_COMPANY_KNTR_MSP_LIST_DATE' => '2023-11-10',
  'UF_CRM_COMPANY_KNTR_LICENSES' => NULL,
  'UF_CRM_COMPANY_KNTR_TRADEMARKS' => 
  array (
  ),
  'UF_CRM_COMPANY_KNTR_LAST_BANKRUPTCY_DATA' => ' | ',
)
#0: KPLab\API\V2\Controller\BalancePlatformRequest::updateItemFields
	/home/bitrix/www/local/modules/kplab.api.v2/controller/BalancePlatformRequest.php:852
#1: KPLab\API\V2\Controller\BalancePlatformRequest::saveKonturFocusData
	/home/bitrix/www/local/modules/kplab.api.v2/controller/BalancePlatformRequest.php:897
#2: KPLab\API\V2\Controller\BalancePlatformRequest::saveAllData
	/home/bitrix/www/local/modules/kplab.api.v2/controller/BalancePlatformRequest.php:612
#3: KPLab\API\V2\Controller\BalancePlatformRequest::setParamsCompany
	/home/bitrix/www/local/modules/kplab.api.v2/controller/BalancePlatformRequest.php:80
#4: KPLab\API\V2\Controller\BalancePlatformRequest->recieveAction
	
#5: ReflectionMethod->invokeArgs
	/home/bitrix/www/bitrix/modules/main/lib/engine/autowire/binder.php:207
----------
Host: crm.seller-capital.ru:443
Date: 2025-01-23 16:04:07
Module: Данные Kontur Prisma
array (
  'UF_CRM_COMPANY_KNTR_IN_GOVERNMENT_DIRECTIVE_LIST' => NULL,
  'UF_CRM_COMPANY_KNTR_IN_STRATEGIC_ORG_LIST' => NULL,
  'UF_CRM_COMPANY_KNTR_WEBSITE_BLOCK_INFOS' => 
  array (
  ),
  'UF_CRM_COMPANY_KNTR_IN_PRLIFRTN_RISK_DETECTIONLIST' => false,
  'UF_CRM_COMPANY_KNTR_IN_REFUSAL_LIST764P' => false,
  'UF_CRM_COMPANY_KNTR_IN_BANK_REFUSAL_LIST764P' => NULL,
  'UF_CRM_COMPANY_KNTR_IN_SANCTIONS_LIST' => false,
  'UF_CRM_COMPANY_KNTR_IN_STRATEGIC_COMPANIES_LIST' => false,
  'UF_CRM_COMPANY_KNTR_IN_TERRORIST_LIST' => false,
  'UF_CRM_COMPANY_KNTR_IN_EXTREMISTS_LIST' => false,
  'UF_CRM_COMPANY_KNTR_IN_INTERDEP_COMMISSION_LIST' => false,
  'UF_CRM_COMPANY_KNTR_IN_WEAPON_MASS_DESTRUCTION_DIS' => false,
  'UF_CRM_COMPANY_KNTR_IN_ILLEG_LENDER_INDICATOR_LIST' => false,
  'UF_CRM_COMPANY_KNTR_IN_PYRAMID_SCHEME_INDICATAOR_L' => false,
  'UF_CRM_COMPANY_KNTR_ILLEG_SECUR_MARKET_PARTICIPANT' => false,
)
#0: KPLab\API\V2\Controller\BalancePlatformRequest::updateItemFields
	/home/bitrix/www/local/modules/kplab.api.v2/controller/BalancePlatformRequest.php:856
#1: KPLab\API\V2\Controller\BalancePlatformRequest::saveKonturPrismaData
	/home/bitrix/www/local/modules/kplab.api.v2/controller/BalancePlatformRequest.php:906
#2: KPLab\API\V2\Controller\BalancePlatformRequest::saveAllData
	/home/bitrix/www/local/modules/kplab.api.v2/controller/BalancePlatformRequest.php:612
#3: KPLab\API\V2\Controller\BalancePlatformRequest::setParamsCompany
	/home/bitrix/www/local/modules/kplab.api.v2/controller/BalancePlatformRequest.php:80
#4: KPLab\API\V2\Controller\BalancePlatformRequest->recieveAction
	
#5: ReflectionMethod->invokeArgs
	/home/bitrix/www/bitrix/modules/main/lib/engine/autowire/binder.php:207
----------
Host: crm.seller-capital.ru:443
Date: 2025-01-23 16:04:12
Module: Данные Checklist StatusType
array (
  'UF_CRM_COMPANY_CHKLST' => '19320',
)
#0: KPLab\API\V2\Controller\BalancePlatformRequest::updateItemFields
	/home/bitrix/www/local/modules/kplab.api.v2/controller/BalancePlatformRequest.php:860
#1: KPLab\API\V2\Controller\BalancePlatformRequest::saveChecklistStatusTypeData
	/home/bitrix/www/local/modules/kplab.api.v2/controller/BalancePlatformRequest.php:915
#2: KPLab\API\V2\Controller\BalancePlatformRequest::saveAllData
	/home/bitrix/www/local/modules/kplab.api.v2/controller/BalancePlatformRequest.php:612
#3: KPLab\API\V2\Controller\BalancePlatformRequest::setParamsCompany
	/home/bitrix/www/local/modules/kplab.api.v2/controller/BalancePlatformRequest.php:80
#4: KPLab\API\V2\Controller\BalancePlatformRequest->recieveAction
	
#5: ReflectionMethod->invokeArgs
	/home/bitrix/www/bitrix/modules/main/lib/engine/autowire/binder.php:207
----------
Host: crm.seller-capital.ru:443
Date: 2025-01-23 16:04:17
Module: Данные checklistStatus
array (
  'UF_CRM_CHKLST' => 20877,
)
#0: KPLab\API\V2\Controller\BalancePlatformRequest::updateItemFields
	/home/bitrix/www/local/modules/kplab.api.v2/controller/BalancePlatformRequest.php:870
#1: KPLab\API\V2\Controller\BalancePlatformRequest::saveChecklistStatusNumData
	/home/bitrix/www/local/modules/kplab.api.v2/controller/BalancePlatformRequest.php:923
#2: KPLab\API\V2\Controller\BalancePlatformRequest::saveAllData
	/home/bitrix/www/local/modules/kplab.api.v2/controller/BalancePlatformRequest.php:612
#3: KPLab\API\V2\Controller\BalancePlatformRequest::setParamsCompany
	/home/bitrix/www/local/modules/kplab.api.v2/controller/BalancePlatformRequest.php:80
#4: KPLab\API\V2\Controller\BalancePlatformRequest->recieveAction
	
#5: ReflectionMethod->invokeArgs
	/home/bitrix/www/bitrix/modules/main/lib/engine/autowire/binder.php:207
----------
Host: crm.seller-capital.ru:443
Date: 2025-01-23 16:04:17
Module: Данные Checklist
array (
  'UF_CRM_COMPANY_INCOME_TO_SALE_RATIO' => 0.689,
  'UF_CRM_COMPANY_CHKLST_MARKETPLACE_DURATION_IN_MNTH' => 16,
  'UF_CRM_COMPANY_CHKLST_STOK_SUM_LIMIT_SIX_MTH_RATIO' => 0.0516815,
  'UF_CRM_COMPANY_CHKLST_SMOOTHED_LIM_FOR_SIX_MONTHS' => 12788375.0,
  'UF_CRM_COMPANY_CHKLST_PDN' => 162.0,
  'UF_CRM_COMPANY_CHKLST_ANY_FNS_BLOCKED_ACCOUNTS' => false,
  'UF_CRM_COMPANY_CHKLST_PERSON_VALID_PASSPORT' => true,
  'UF_CRM_COMPANY_CHKLST_LOCATED_IN_LISTS_NAMES' => false,
  'UF_CRM_COMPANY_CHKLST_IN_UNRELIABLE_SUPPLIER_LIST' => false,
  'UF_CRM_COMPANY_CHKLST_ANY_DISQUALIFIED_DIRECTORS' => false,
  'UF_CRM_COMPANY_CHKLST_PERSON_AGE_LIST' => 29,
  'UF_CRM_COMPANY_CHKLST_HAS_PERSON_RUSSIAN_NATIONAL' => true,
  'UF_CRM_COMPANY_CHKLST_MAX_ACTIVE_LOAN_OVERDUE_DAYS' => 5,
  'UF_CRM_COMPANY_CHKLST_ANY_LONG_OVERDUE_LOAN' => false,
  'UF_CRM_COMPANY_CHKLST_PERSON_LOAN_DATE' => NULL,
  'UF_CRM_COMPANY_CHKLST_PERSON_ACTIVE_MICRO_LOAN_CNT' => 0,
  'UF_CRM_COMPANY_CHKLST_PERSON_ACTIVE_FSSP_SUM' => 0.0,
  'UF_CRM_COMPANY_CHKLST_CLAIMS_SUM_INC_FOR_SIX_MONTH' => 0.0,
  'UF_CRM_COMPANY_CHKLST_LAST_BANKRUPTCY_DATE' => NULL,
  'UF_CRM_COMPANY_CHKLST_AUTO_LIMIT' => 2000000,
)
#0: KPLab\API\V2\Controller\BalancePlatformRequest::updateItemFields
	/home/bitrix/www/local/modules/kplab.api.v2/controller/BalancePlatformRequest.php:878
#1: KPLab\API\V2\Controller\BalancePlatformRequest::saveChecklistData
	/home/bitrix/www/local/modules/kplab.api.v2/controller/BalancePlatformRequest.php:932
#2: KPLab\API\V2\Controller\BalancePlatformRequest::saveAllData
	/home/bitrix/www/local/modules/kplab.api.v2/controller/BalancePlatformRequest.php:612
#3: KPLab\API\V2\Controller\BalancePlatformRequest::setParamsCompany
	/home/bitrix/www/local/modules/kplab.api.v2/controller/BalancePlatformRequest.php:80
#4: KPLab\API\V2\Controller\BalancePlatformRequest->recieveAction
	
#5: ReflectionMethod->invokeArgs
	/home/bitrix/www/bitrix/modules/main/lib/engine/autowire/binder.php:207
----------
Host: crm.seller-capital.ru:443
Date: 2025-01-23 16:04:23
Module: Данные Checklist RefusedInStatusByData
array (
  'UF_CRM_COMPANY_CHKLST_REFUSED_IN_STATUS_BY_DATA' => 
  array (
  ),
  'UF_CRM_COMPANY_CHKLST_AUTOMATIC_APPROVE' => 
  array (
    0 => 'IncomeToSaleRatio',
    1 => 'GrowRate',
    2 => 'StockSumToSmoothedLimitRatio',
    3 => 'SmoothedLimit',
    4 => 'MaxLoanOverdueDays',
  ),
  'UF_CRM_COMPANY_CHKLST_AUTHORIZED_PERSON' => 
  array (
    0 => 'StockSumToSmoothedLimitRatio',
    1 => 'SmoothedLimit',
  ),
  'UF_CRM_COMPANY_CHKLST_CREDIT_COMMITTEE' => 
  array (
  ),
)
#0: KPLab\API\V2\Controller\BalancePlatformRequest::updateItemFields
	/home/bitrix/www/local/modules/kplab.api.v2/controller/BalancePlatformRequest.php:882
#1: KPLab\API\V2\Controller\BalancePlatformRequest::saveRefusedInStatusByData
	/home/bitrix/www/local/modules/kplab.api.v2/controller/BalancePlatformRequest.php:941
#2: KPLab\API\V2\Controller\BalancePlatformRequest::saveAllData
	/home/bitrix/www/local/modules/kplab.api.v2/controller/BalancePlatformRequest.php:612
#3: KPLab\API\V2\Controller\BalancePlatformRequest::setParamsCompany
	/home/bitrix/www/local/modules/kplab.api.v2/controller/BalancePlatformRequest.php:80
#4: KPLab\API\V2\Controller\BalancePlatformRequest->recieveAction
	
#5: ReflectionMethod->invokeArgs
	/home/bitrix/www/bitrix/modules/main/lib/engine/autowire/binder.php:207
----------
Host: crm.seller-capital.ru:443
Date: 2025-01-23 16:04:28
Module: Данные ratingStatus
array (
  'UF_CRM_TARIF_OF_SELLERS' => 20864,
)
#0: KPLab\API\V2\Controller\BalancePlatformRequest::updateItemFields
	/home/bitrix/www/local/modules/kplab.api.v2/controller/BalancePlatformRequest.php:874
#1: KPLab\API\V2\Controller\BalancePlatformRequest::saveRatingStatus
	/home/bitrix/www/local/modules/kplab.api.v2/controller/BalancePlatformRequest.php:950
#2: KPLab\API\V2\Controller\BalancePlatformRequest::saveAllData
	/home/bitrix/www/local/modules/kplab.api.v2/controller/BalancePlatformRequest.php:612
#3: KPLab\API\V2\Controller\BalancePlatformRequest::setParamsCompany
	/home/bitrix/www/local/modules/kplab.api.v2/controller/BalancePlatformRequest.php:80
#4: KPLab\API\V2\Controller\BalancePlatformRequest->recieveAction
	
#5: ReflectionMethod->invokeArgs
	/home/bitrix/www/bitrix/modules/main/lib/engine/autowire/binder.php:207
----------
Host: crm.seller-capital.ru:443
Date: 2025-01-23 16:04:33
Module: Данные HasBankStatements
array (
  'UF_CRM_AVERAGE_SALES_COUNT' => true,
)
#0: KPLab\API\V2\Controller\BalancePlatformRequest::updateItemFields
	/home/bitrix/www/local/modules/kplab.api.v2/controller/BalancePlatformRequest.php:628
#1: KPLab\API\V2\Controller\BalancePlatformRequest::setParamsCompany
	/home/bitrix/www/local/modules/kplab.api.v2/controller/BalancePlatformRequest.php:80
#2: KPLab\API\V2\Controller\BalancePlatformRequest->recieveAction
	
#3: ReflectionMethod->invokeArgs
	/home/bitrix/www/bitrix/modules/main/lib/engine/autowire/binder.php:207
#4: Bitrix\Main\Engine\AutoWire\Binder->invoke
	/home/bitrix/www/bitrix/modules/main/lib/engine/action.php:117
#5: Bitrix\Main\Engine\Action->runWithSourceParametersList
	/home/bitrix/www/bitrix/modules/main/lib/engine/controller.php:425
----------
Host: crm.seller-capital.ru:443
Date: 2025-01-23 16:07:37
Module: Данные checklistStatus
array (
  'UF_CRM_CHKLST' => 20874,
)
#0: KPLab\API\V2\Controller\BalancePlatformRequest::updateItemFields
	/home/bitrix/www/local/modules/kplab.api.v2/controller/BalancePlatformRequest.php:870
#1: KPLab\API\V2\Controller\BalancePlatformRequest::saveChecklistStatusNumData
	/home/bitrix/www/local/modules/kplab.api.v2/controller/BalancePlatformRequest.php:395
#2: KPLab\API\V2\Controller\BalancePlatformRequest::setParams134
	/home/bitrix/www/local/modules/kplab.api.v2/controller/BalancePlatformRequest.php:178
#3: KPLab\API\V2\Controller\BalancePlatformRequest->recieveAction
	
#4: ReflectionMethod->invokeArgs
	/home/bitrix/www/bitrix/modules/main/lib/engine/autowire/binder.php:207
#5: Bitrix\Main\Engine\AutoWire\Binder->invoke
	/home/bitrix/www/bitrix/modules/main/lib/engine/action.php:117
----------
Host: crm.seller-capital.ru:443
Date: 2025-01-23 16:07:37
Module: Данные for 134
array (
  'UF_CRM_56_1684843345' => '23.01.2025 16:07:37',
  'UF_CRM_56_1705999659270' => 9901279.17,
  'UF_CRM_56_1705999684755' => 10613582.0,
  'UF_CRM_56_1705999722689' => 818766.0,
  'UF_CRM_56_1706000045243' => 0.51,
  'UF_CRM_56_1706000068667' => 0.0,
  'UF_CRM_56_1706000119258' => '',
  'UF_CRM_56_1684846350' => 11855000.0,
  'UF_CRM_56_1710466920' => true,
  'UF_CRM_56_1706002947573' => 'Отказ в финансировании',
  'UF_CRM_56_1711371246' => NULL,
  'UF_CRM_LIMIT_TO_PDN' => 24650000.0,
  'UF_CRM_PDN_AFTER_TAKINGLIMIT' => 1.6,
  'UF_CRM_AVERAGE_CHECK' => 532.0,
  'UF_CRM_56_FORECAST_SALES' => 5151920.0,
  'UF_CRM_AVERAGE_SALES_COUNT' => 20532.0,
  'UF_CRM_TARIF_OF_SELLERS' => 21207,
  'UF_CRM_56_GROW_RATE' => 0.021479160039169932,
  'UF_STOCK_SUM_TO_SMOOTHED_LIMIT_RATIO' => 0.409383,
  'UF_CRM_56_AUTOMATIC_REFUSE' => 
  array (
    0 => 'HasInvalidMarketplaceKeys',
  ),
  'UF_CRM_56_AUTOMATIC_APPROVE' => 
  array (
    0 => 'ForecastSales',
    1 => 'GrowRate',
    2 => 'StockSumToSmoothedLimitRatio',
    3 => 'SmoothedLimit',
  ),
  'UF_CRM_56_AUTHORIZED_PERSON' => 
  array (
    0 => 'StockSumToSmoothedLimitRatio',
    1 => 'SmoothedLimit',
  ),
  'UF_CRM_56_CREDIT_COMMITTEE' => 
  array (
  ),
)
#0: KPLab\API\V2\Controller\BalancePlatformRequest::updateItemFields
	/home/bitrix/www/local/modules/kplab.api.v2/controller/BalancePlatformRequest.php:443
#1: KPLab\API\V2\Controller\BalancePlatformRequest::setParams134
	/home/bitrix/www/local/modules/kplab.api.v2/controller/BalancePlatformRequest.php:178
#2: KPLab\API\V2\Controller\BalancePlatformRequest->recieveAction
	
#3: ReflectionMethod->invokeArgs
	/home/bitrix/www/bitrix/modules/main/lib/engine/autowire/binder.php:207
#4: Bitrix\Main\Engine\AutoWire\Binder->invoke
	/home/bitrix/www/bitrix/modules/main/lib/engine/action.php:117
#5: Bitrix\Main\Engine\Action->runWithSourceParametersList
	/home/bitrix/www/bitrix/modules/main/lib/engine/controller.php:425
----------
Host: crm.seller-capital.ru:443
Date: 2025-01-23 16:07:40
Module: item
Нихуя НЕ Найдена компания
#0: KPLab\API\V2\Controller\BalancePlatformRequest::setParamsCompany
	/home/bitrix/www/local/modules/kplab.api.v2/controller/BalancePlatformRequest.php:207
#1: KPLab\API\V2\Controller\BalancePlatformRequest->recieveAction
	
#2: ReflectionMethod->invokeArgs
	/home/bitrix/www/bitrix/modules/main/lib/engine/autowire/binder.php:207
#3: Bitrix\Main\Engine\AutoWire\Binder->invoke
	/home/bitrix/www/bitrix/modules/main/lib/engine/action.php:117
#4: Bitrix\Main\Engine\Action->runWithSourceParametersList
	/home/bitrix/www/bitrix/modules/main/lib/engine/controller.php:425
#5: Bitrix\Main\Engine\Controller->run
	/home/bitrix/www/bitrix/modules/main/lib/httpapplication.php:141
----------
Host: crm.seller-capital.ru:443
Date: 2025-01-23 16:50:28
Module: Данные ovk
array (
  'UF_CRM_COMPANY_OVK_CHECKDOMAIN' => false,
  'UF_CRM_COMPANY_OVK_CHECK_COMPANY_INFO' => false,
  'UF_CRM_COMPANY_OVK_CHECK_LICENSES' => false,
  'UF_CRM_COMPANY_OVK_IS_IN_TERRORIST_LIST' => false,
  'UF_CRM_COMPANY_OVK_IS_IN_MVK_LIST' => false,
  'UF_CRM_COMPANY_OVK_IS_IN_OMU_LIST' => false,
  'UF_CRM_COMPANY_OVK_IS_IN_STRATEGIC_LIST' => false,
  'UF_CRM_COMPANY_OVK_IS_IN_OPK_ULS' => false,
  'UF_CRM_COMPANY_OVK_IS_IN_SANCTION_LIST' => false,
  'UF_CRM_COMPANY_OVK_IS_IN_PEP_LIST' => false,
  'UF_CRM_COMPANY_OVK_IS_IN_764_LIST' => false,
  'UF_CRM_COMPANY_OVK_IS_IN_FINANCIAL_PYRAMYDE' => false,
  'UF_CRM_COMPANY_OVK_IS_IN_ILLEGAL_CREDITOR' => false,
  'UF_CRM_COMPANY_OVK_RESULT' => false,
)
#0: KPLab\API\V2\Controller\BalancePlatformRequest::updateItemFields
	/home/bitrix/www/local/modules/kplab.api.v2/controller/BalancePlatformRequest.php:848
#1: KPLab\API\V2\Controller\BalancePlatformRequest::saveOvkData
	/home/bitrix/www/local/modules/kplab.api.v2/controller/BalancePlatformRequest.php:887
#2: KPLab\API\V2\Controller\BalancePlatformRequest::saveAllData
	/home/bitrix/www/local/modules/kplab.api.v2/controller/BalancePlatformRequest.php:612
#3: KPLab\API\V2\Controller\BalancePlatformRequest::setParamsCompany
	/home/bitrix/www/local/modules/kplab.api.v2/controller/BalancePlatformRequest.php:80
#4: KPLab\API\V2\Controller\BalancePlatformRequest->recieveAction
	
#5: ReflectionMethod->invokeArgs
	/home/bitrix/www/bitrix/modules/main/lib/engine/autowire/binder.php:207
----------
Host: crm.seller-capital.ru:443
Date: 2025-01-23 16:50:33
Module: Данные Kontur Focus
array (
  'UF_CRM_COMPANY_KNTR_ADMIN_OFFENCE_CASE_COUNT' => 0,
  'UF_CRM_COMPANY_KNTR_ARBITR_CLAIMS_LOST_CASES_SUM' => 0,
  'UF_CRM_COMPANY_KNTR_ARBIT_CLAIMS_REVIEW_CASES_SUM' => 0,
  'UF_CRM_COMPANY_KNTR_ANY_FNS_BLOCKED_ACCOUNTS' => false,
  'UF_CRM_COMPANY_KNTR_ANY_SENT_DOCUMENTS_TO_FNS' => false,
  'UF_CRM_COMPANY_KNTR_ANY_DISQUALIFIED_DIRECTORS' => false,
  'UF_CRM_COMPANY_KNTR_BANKS' => 
  array (
  ),
  'UF_CRM_COMPANY_KNTR_BLOCKED_ACCOUNTS' => 
  array (
  ),
  'UF_CRM_COMPANY_KNTR_CERTIFICATE' => 
  array (
    0 => 'Declaration | 2025-06-13 | Одежда для взрослых трикотажная из синтетических нитей: шорты, легинсы марка: Luno',
    1 => 'Declaration | 2025-03-06 | Одежда для взрослых швейная из синтетических нитей: полукомбинезоны модели: LACROSSE WETLANDS II, LACROSSE ALPHA AGILITY SELECT марка: LACROSSE',
    2 => 'Declaration | 2025-03-06 | Обувь повседневная, в том числе для активного отдыха, мужская и женская, с верхом из натуральной кожи, текстильных материалов, в том числе с элементами отделки из натуральной, искусственной кожи, текстильных материалов, на подкладке из текстильных материалов, кожи, искусственной кожи, на подошве из резины, полимерных материалов, клеевого, литьевого и прошивного методов крепления: ботинки модели: vicios 13868, vicios 13866, Caliper 19453, Quarry USA 17321, Field Ranger 15160, Vicious 13883, Riverside 15341, Quarry USA 17317, Vicious 13860, Women`s Caliper 19455, Lead Time 12402, Visious 13880, Cedar River 14301, Quarry 17307, Vicious 13858 марка: Danner',
    3 => 'Declaration | 2025-03-06 | Одежда верхняя швейная третьего слоя для мужчин и женщин из синтетических тканей: куртки модели: Delta PRO Wading Jacket, Stratus Jacket, Hudson Jacket, Boreal Aerolite Jacket, Mountain Evo Jacket, blizzard aerolite parka, Optifade Bluff Berber Jacket, Kelvin Aerolite Jacket, Incinerator Aerolite Jacket, Stormfront Jacket, Jetstream Jacket, Ambient Jacket марка: sitka gear',
    4 => 'Declaration | 2025-03-06 | Одежда для взрослых швейная из смешанных нитей: брюки, штаны модель: Assault Pant AR Men\'s (Gen2) марка: arcteryx',
    5 => 'Declaration | 2025-03-06 | Изделия перчаточные швейные для мужчин и женщин из тканей синтетических нитей, в том числе покрытые полимерным материалом: перчатки модели: Delta Deek GTX Glove, Stormfront GTX Glove, Pantanal GTX Glove марка: sitka gear',
    6 => 'Declaration | 2025-03-06 | Изделия второго слоя швейные для мужчин и женщин из хлопчатобумажной пряжи, из шерстяной пряжи, из искусственной пряжи с вложением синтетических волокон и нитей: брюки, штаны, полукомбинезоны, кофты, жилетки модели: Core Merino 220 Half-Zip, Core Lightweight Hoody, Equinox Guard Pant, Stratus Pant, Intercept Pant, Hudson Bib, Core Merino 330 Hoody, Heavyweight Hoody, Ambient 60 UL Hoody, Stormfront Pant, blizzard aerolite bib pants, Incinerator AeroLite Bib, Dakota Hoody, Ambient 100 Vest, Boreal Aerolite Bib Pant, Fanatic Bib марка: sitka gear',
    7 => 'Declaration | 2025-02-27 | Ножи кухонные',
    8 => 'Declaration | 2026-11-25 | Хлеб из пшеничной муки формовой штучный неупакованный:',
    9 => 'Declaration | 2026-11-24 | Изделия хлебобулочные сдобные неупакованные в ассортименте:',
    10 => 'Declaration | 2024-11-24 | Полуфабрикаты мясные и мясосодержащие охлажденные и замороженные в ассортименте:',
  ),
  'UF_CRM_COMPANY_KNTR_LESSEE_CONTRACTS' => ' | ',
  'UF_CRM_COMPANY_KNTR_CONNECTED_COMPANIES' => 
  array (
  ),
  'UF_CRM_COMPANY_KNTR_CONNECTED_SITES' => 
  array (
  ),
  'UF_CRM_COMPANY_KNTR_ENFORCEMENT_PROCEEDINGS_SUM' => 0,
  'UF_CRM_COMPANY_KNTR_IN_ANY_SANCTION_LISTS' => false,
  'UF_CRM_COMPANY_KNTR_IN_ANY_FNS_LIST' => false,
  'UF_CRM_COMPANY_KNTR_IN_STRATEGIC_ENTERPRISE_LIST' => false,
  'UF_CRM_COMPANY_KNTR_IN_JOIN_STOCK_CMPNY_LIST91P' => false,
  'UF_CRM_COMPANY_KNTR_IN_UNRELIABLE_SIPPLIER_LIST' => false,
  'UF_CRM_COMPANY_KNTR_MSP_LIST_DATE' => '2021-09-10',
  'UF_CRM_COMPANY_KNTR_LICENSES' => NULL,
  'UF_CRM_COMPANY_KNTR_TRADEMARKS' => 
  array (
  ),
  'UF_CRM_COMPANY_KNTR_LAST_BANKRUPTCY_DATA' => ' | ',
)
#0: KPLab\API\V2\Controller\BalancePlatformRequest::updateItemFields
	/home/bitrix/www/local/modules/kplab.api.v2/controller/BalancePlatformRequest.php:852
#1: KPLab\API\V2\Controller\BalancePlatformRequest::saveKonturFocusData
	/home/bitrix/www/local/modules/kplab.api.v2/controller/BalancePlatformRequest.php:897
#2: KPLab\API\V2\Controller\BalancePlatformRequest::saveAllData
	/home/bitrix/www/local/modules/kplab.api.v2/controller/BalancePlatformRequest.php:612
#3: KPLab\API\V2\Controller\BalancePlatformRequest::setParamsCompany
	/home/bitrix/www/local/modules/kplab.api.v2/controller/BalancePlatformRequest.php:80
#4: KPLab\API\V2\Controller\BalancePlatformRequest->recieveAction
	
#5: ReflectionMethod->invokeArgs
	/home/bitrix/www/bitrix/modules/main/lib/engine/autowire/binder.php:207
----------
Host: crm.seller-capital.ru:443
Date: 2025-01-23 16:50:38
Module: Данные Kontur Prisma
array (
  'UF_CRM_COMPANY_KNTR_IN_GOVERNMENT_DIRECTIVE_LIST' => NULL,
  'UF_CRM_COMPANY_KNTR_IN_STRATEGIC_ORG_LIST' => NULL,
  'UF_CRM_COMPANY_KNTR_WEBSITE_BLOCK_INFOS' => 
  array (
  ),
  'UF_CRM_COMPANY_KNTR_IN_PRLIFRTN_RISK_DETECTIONLIST' => false,
  'UF_CRM_COMPANY_KNTR_IN_REFUSAL_LIST764P' => false,
  'UF_CRM_COMPANY_KNTR_IN_BANK_REFUSAL_LIST764P' => NULL,
  'UF_CRM_COMPANY_KNTR_IN_SANCTIONS_LIST' => false,
  'UF_CRM_COMPANY_KNTR_IN_STRATEGIC_COMPANIES_LIST' => false,
  'UF_CRM_COMPANY_KNTR_IN_TERRORIST_LIST' => false,
  'UF_CRM_COMPANY_KNTR_IN_EXTREMISTS_LIST' => false,
  'UF_CRM_COMPANY_KNTR_IN_INTERDEP_COMMISSION_LIST' => false,
  'UF_CRM_COMPANY_KNTR_IN_WEAPON_MASS_DESTRUCTION_DIS' => false,
  'UF_CRM_COMPANY_KNTR_IN_ILLEG_LENDER_INDICATOR_LIST' => false,
  'UF_CRM_COMPANY_KNTR_IN_PYRAMID_SCHEME_INDICATAOR_L' => false,
  'UF_CRM_COMPANY_KNTR_ILLEG_SECUR_MARKET_PARTICIPANT' => false,
)
#0: KPLab\API\V2\Controller\BalancePlatformRequest::updateItemFields
	/home/bitrix/www/local/modules/kplab.api.v2/controller/BalancePlatformRequest.php:856
#1: KPLab\API\V2\Controller\BalancePlatformRequest::saveKonturPrismaData
	/home/bitrix/www/local/modules/kplab.api.v2/controller/BalancePlatformRequest.php:906
#2: KPLab\API\V2\Controller\BalancePlatformRequest::saveAllData
	/home/bitrix/www/local/modules/kplab.api.v2/controller/BalancePlatformRequest.php:612
#3: KPLab\API\V2\Controller\BalancePlatformRequest::setParamsCompany
	/home/bitrix/www/local/modules/kplab.api.v2/controller/BalancePlatformRequest.php:80
#4: KPLab\API\V2\Controller\BalancePlatformRequest->recieveAction
	
#5: ReflectionMethod->invokeArgs
	/home/bitrix/www/bitrix/modules/main/lib/engine/autowire/binder.php:207
----------
Host: crm.seller-capital.ru:443
Date: 2025-01-23 16:50:43
Module: Данные Checklist StatusType
array (
  'UF_CRM_COMPANY_CHKLST' => '19317',
)
#0: KPLab\API\V2\Controller\BalancePlatformRequest::updateItemFields
	/home/bitrix/www/local/modules/kplab.api.v2/controller/BalancePlatformRequest.php:860
#1: KPLab\API\V2\Controller\BalancePlatformRequest::saveChecklistStatusTypeData
	/home/bitrix/www/local/modules/kplab.api.v2/controller/BalancePlatformRequest.php:915
#2: KPLab\API\V2\Controller\BalancePlatformRequest::saveAllData
	/home/bitrix/www/local/modules/kplab.api.v2/controller/BalancePlatformRequest.php:612
#3: KPLab\API\V2\Controller\BalancePlatformRequest::setParamsCompany
	/home/bitrix/www/local/modules/kplab.api.v2/controller/BalancePlatformRequest.php:80
#4: KPLab\API\V2\Controller\BalancePlatformRequest->recieveAction
	
#5: ReflectionMethod->invokeArgs
	/home/bitrix/www/bitrix/modules/main/lib/engine/autowire/binder.php:207
----------
Host: crm.seller-capital.ru:443
Date: 2025-01-23 16:50:49
Module: Данные checklistStatus
array (
  'UF_CRM_CHKLST' => 20874,
)
#0: KPLab\API\V2\Controller\BalancePlatformRequest::updateItemFields
	/home/bitrix/www/local/modules/kplab.api.v2/controller/BalancePlatformRequest.php:870
#1: KPLab\API\V2\Controller\BalancePlatformRequest::saveChecklistStatusNumData
	/home/bitrix/www/local/modules/kplab.api.v2/controller/BalancePlatformRequest.php:923
#2: KPLab\API\V2\Controller\BalancePlatformRequest::saveAllData
	/home/bitrix/www/local/modules/kplab.api.v2/controller/BalancePlatformRequest.php:612
#3: KPLab\API\V2\Controller\BalancePlatformRequest::setParamsCompany
	/home/bitrix/www/local/modules/kplab.api.v2/controller/BalancePlatformRequest.php:80
#4: KPLab\API\V2\Controller\BalancePlatformRequest->recieveAction
	
#5: ReflectionMethod->invokeArgs
	/home/bitrix/www/bitrix/modules/main/lib/engine/autowire/binder.php:207
----------
Host: crm.seller-capital.ru:443
Date: 2025-01-23 16:50:49
Module: Данные Checklist
array (
  'UF_CRM_COMPANY_INCOME_TO_SALE_RATIO' => 0.0,
  'UF_CRM_COMPANY_CHKLST_MARKETPLACE_DURATION_IN_MNTH' => 3,
  'UF_CRM_COMPANY_CHKLST_STOK_SUM_LIMIT_SIX_MTH_RATIO' => 0.0,
  'UF_CRM_COMPANY_CHKLST_SMOOTHED_LIM_FOR_SIX_MONTHS' => 0.0,
  'UF_CRM_COMPANY_CHKLST_PDN' => 0.0,
  'UF_CRM_COMPANY_CHKLST_ANY_FNS_BLOCKED_ACCOUNTS' => false,
  'UF_CRM_COMPANY_CHKLST_PERSON_VALID_PASSPORT' => true,
  'UF_CRM_COMPANY_CHKLST_LOCATED_IN_LISTS_NAMES' => false,
  'UF_CRM_COMPANY_CHKLST_IN_UNRELIABLE_SUPPLIER_LIST' => false,
  'UF_CRM_COMPANY_CHKLST_ANY_DISQUALIFIED_DIRECTORS' => false,
  'UF_CRM_COMPANY_CHKLST_PERSON_AGE_LIST' => 29,
  'UF_CRM_COMPANY_CHKLST_HAS_PERSON_RUSSIAN_NATIONAL' => true,
  'UF_CRM_COMPANY_CHKLST_MAX_ACTIVE_LOAN_OVERDUE_DAYS' => NULL,
  'UF_CRM_COMPANY_CHKLST_ANY_LONG_OVERDUE_LOAN' => false,
  'UF_CRM_COMPANY_CHKLST_PERSON_LOAN_DATE' => NULL,
  'UF_CRM_COMPANY_CHKLST_PERSON_ACTIVE_MICRO_LOAN_CNT' => 0,
  'UF_CRM_COMPANY_CHKLST_PERSON_ACTIVE_FSSP_SUM' => 0.0,
  'UF_CRM_COMPANY_CHKLST_CLAIMS_SUM_INC_FOR_SIX_MONTH' => 0.0,
  'UF_CRM_COMPANY_CHKLST_LAST_BANKRUPTCY_DATE' => NULL,
  'UF_CRM_COMPANY_CHKLST_AUTO_LIMIT' => 0,
)
#0: KPLab\API\V2\Controller\BalancePlatformRequest::updateItemFields
	/home/bitrix/www/local/modules/kplab.api.v2/controller/BalancePlatformRequest.php:878
#1: KPLab\API\V2\Controller\BalancePlatformRequest::saveChecklistData
	/home/bitrix/www/local/modules/kplab.api.v2/controller/BalancePlatformRequest.php:932
#2: KPLab\API\V2\Controller\BalancePlatformRequest::saveAllData
	/home/bitrix/www/local/modules/kplab.api.v2/controller/BalancePlatformRequest.php:612
#3: KPLab\API\V2\Controller\BalancePlatformRequest::setParamsCompany
	/home/bitrix/www/local/modules/kplab.api.v2/controller/BalancePlatformRequest.php:80
#4: KPLab\API\V2\Controller\BalancePlatformRequest->recieveAction
	
#5: ReflectionMethod->invokeArgs
	/home/bitrix/www/bitrix/modules/main/lib/engine/autowire/binder.php:207
----------
Host: crm.seller-capital.ru:443
Date: 2025-01-23 16:50:54
Module: Данные Checklist RefusedInStatusByData
array (
  'UF_CRM_COMPANY_CHKLST_REFUSED_IN_STATUS_BY_DATA' => 
  array (
    0 => 'SmoothedLimit',
  ),
  'UF_CRM_COMPANY_CHKLST_AUTOMATIC_APPROVE' => 
  array (
    0 => 'IncomeToSaleRatio',
    1 => 'MarketplaceDurationInMonths',
    2 => 'GrowRate',
    3 => 'AverageCheck',
    4 => 'StockSumToSmoothedLimitRatio',
    5 => 'SmoothedLimit',
    6 => 'LimitForAutoApprove',
  ),
  'UF_CRM_COMPANY_CHKLST_AUTHORIZED_PERSON' => 
  array (
    0 => 'MarketplaceDurationInMonths',
    1 => 'AverageCheck',
    2 => 'StockSumToSmoothedLimitRatio',
    3 => 'SmoothedLimit',
  ),
  'UF_CRM_COMPANY_CHKLST_CREDIT_COMMITTEE' => 
  array (
    0 => 'SmoothedLimit',
  ),
)
#0: KPLab\API\V2\Controller\BalancePlatformRequest::updateItemFields
	/home/bitrix/www/local/modules/kplab.api.v2/controller/BalancePlatformRequest.php:882
#1: KPLab\API\V2\Controller\BalancePlatformRequest::saveRefusedInStatusByData
	/home/bitrix/www/local/modules/kplab.api.v2/controller/BalancePlatformRequest.php:941
#2: KPLab\API\V2\Controller\BalancePlatformRequest::saveAllData
	/home/bitrix/www/local/modules/kplab.api.v2/controller/BalancePlatformRequest.php:612
#3: KPLab\API\V2\Controller\BalancePlatformRequest::setParamsCompany
	/home/bitrix/www/local/modules/kplab.api.v2/controller/BalancePlatformRequest.php:80
#4: KPLab\API\V2\Controller\BalancePlatformRequest->recieveAction
	
#5: ReflectionMethod->invokeArgs
	/home/bitrix/www/bitrix/modules/main/lib/engine/autowire/binder.php:207
----------
Host: crm.seller-capital.ru:443
Date: 2025-01-23 16:51:00
Module: Данные ratingStatus
array (
  'UF_CRM_TARIF_OF_SELLERS' => 20863,
)
#0: KPLab\API\V2\Controller\BalancePlatformRequest::updateItemFields
	/home/bitrix/www/local/modules/kplab.api.v2/controller/BalancePlatformRequest.php:874
#1: KPLab\API\V2\Controller\BalancePlatformRequest::saveRatingStatus
	/home/bitrix/www/local/modules/kplab.api.v2/controller/BalancePlatformRequest.php:950
#2: KPLab\API\V2\Controller\BalancePlatformRequest::saveAllData
	/home/bitrix/www/local/modules/kplab.api.v2/controller/BalancePlatformRequest.php:612
#3: KPLab\API\V2\Controller\BalancePlatformRequest::setParamsCompany
	/home/bitrix/www/local/modules/kplab.api.v2/controller/BalancePlatformRequest.php:80
#4: KPLab\API\V2\Controller\BalancePlatformRequest->recieveAction
	
#5: ReflectionMethod->invokeArgs
	/home/bitrix/www/bitrix/modules/main/lib/engine/autowire/binder.php:207
----------
Host: crm.seller-capital.ru:443
Date: 2025-01-23 16:51:06
Module: Данные HasBankStatements
array (
  'UF_CRM_AVERAGE_SALES_COUNT' => true,
)
#0: KPLab\API\V2\Controller\BalancePlatformRequest::updateItemFields
	/home/bitrix/www/local/modules/kplab.api.v2/controller/BalancePlatformRequest.php:628
#1: KPLab\API\V2\Controller\BalancePlatformRequest::setParamsCompany
	/home/bitrix/www/local/modules/kplab.api.v2/controller/BalancePlatformRequest.php:80
#2: KPLab\API\V2\Controller\BalancePlatformRequest->recieveAction
	
#3: ReflectionMethod->invokeArgs
	/home/bitrix/www/bitrix/modules/main/lib/engine/autowire/binder.php:207
#4: Bitrix\Main\Engine\AutoWire\Binder->invoke
	/home/bitrix/www/bitrix/modules/main/lib/engine/action.php:117
#5: Bitrix\Main\Engine\Action->runWithSourceParametersList
	/home/bitrix/www/bitrix/modules/main/lib/engine/controller.php:425
----------
Host: crm.seller-capital.ru:443
Date: 2025-01-23 17:02:54
Module: Данные ovk
array (
  'UF_CRM_COMPANY_OVK_CHECKDOMAIN' => false,
  'UF_CRM_COMPANY_OVK_CHECK_COMPANY_INFO' => false,
  'UF_CRM_COMPANY_OVK_CHECK_LICENSES' => false,
  'UF_CRM_COMPANY_OVK_IS_IN_TERRORIST_LIST' => false,
  'UF_CRM_COMPANY_OVK_IS_IN_MVK_LIST' => false,
  'UF_CRM_COMPANY_OVK_IS_IN_OMU_LIST' => false,
  'UF_CRM_COMPANY_OVK_IS_IN_STRATEGIC_LIST' => false,
  'UF_CRM_COMPANY_OVK_IS_IN_OPK_ULS' => false,
  'UF_CRM_COMPANY_OVK_IS_IN_SANCTION_LIST' => false,
  'UF_CRM_COMPANY_OVK_IS_IN_PEP_LIST' => false,
  'UF_CRM_COMPANY_OVK_IS_IN_764_LIST' => false,
  'UF_CRM_COMPANY_OVK_IS_IN_FINANCIAL_PYRAMYDE' => false,
  'UF_CRM_COMPANY_OVK_IS_IN_ILLEGAL_CREDITOR' => false,
  'UF_CRM_COMPANY_OVK_RESULT' => false,
)
#0: KPLab\API\V2\Controller\BalancePlatformRequest::updateItemFields
	/home/bitrix/www/local/modules/kplab.api.v2/controller/BalancePlatformRequest.php:848
#1: KPLab\API\V2\Controller\BalancePlatformRequest::saveOvkData
	/home/bitrix/www/local/modules/kplab.api.v2/controller/BalancePlatformRequest.php:887
#2: KPLab\API\V2\Controller\BalancePlatformRequest::saveAllData
	/home/bitrix/www/local/modules/kplab.api.v2/controller/BalancePlatformRequest.php:612
#3: KPLab\API\V2\Controller\BalancePlatformRequest::setParamsCompany
	/home/bitrix/www/local/modules/kplab.api.v2/controller/BalancePlatformRequest.php:80
#4: KPLab\API\V2\Controller\BalancePlatformRequest->recieveAction
	
#5: ReflectionMethod->invokeArgs
	/home/bitrix/www/bitrix/modules/main/lib/engine/autowire/binder.php:207
----------
Host: crm.seller-capital.ru:443
Date: 2025-01-23 17:02:59
Module: Данные Kontur Focus
array (
  'UF_CRM_COMPANY_KNTR_ADMIN_OFFENCE_CASE_COUNT' => 0,
  'UF_CRM_COMPANY_KNTR_ARBITR_CLAIMS_LOST_CASES_SUM' => 0,
  'UF_CRM_COMPANY_KNTR_ARBIT_CLAIMS_REVIEW_CASES_SUM' => 0,
  'UF_CRM_COMPANY_KNTR_ANY_FNS_BLOCKED_ACCOUNTS' => false,
  'UF_CRM_COMPANY_KNTR_ANY_SENT_DOCUMENTS_TO_FNS' => false,
  'UF_CRM_COMPANY_KNTR_ANY_DISQUALIFIED_DIRECTORS' => false,
  'UF_CRM_COMPANY_KNTR_BANKS' => 
  array (
  ),
  'UF_CRM_COMPANY_KNTR_BLOCKED_ACCOUNTS' => 
  array (
  ),
  'UF_CRM_COMPANY_KNTR_CERTIFICATE' => NULL,
  'UF_CRM_COMPANY_KNTR_LESSEE_CONTRACTS' => ' | ',
  'UF_CRM_COMPANY_KNTR_CONNECTED_COMPANIES' => 
  array (
  ),
  'UF_CRM_COMPANY_KNTR_CONNECTED_SITES' => 
  array (
  ),
  'UF_CRM_COMPANY_KNTR_ENFORCEMENT_PROCEEDINGS_SUM' => 0,
  'UF_CRM_COMPANY_KNTR_IN_ANY_SANCTION_LISTS' => false,
  'UF_CRM_COMPANY_KNTR_IN_ANY_FNS_LIST' => false,
  'UF_CRM_COMPANY_KNTR_IN_STRATEGIC_ENTERPRISE_LIST' => false,
  'UF_CRM_COMPANY_KNTR_IN_JOIN_STOCK_CMPNY_LIST91P' => false,
  'UF_CRM_COMPANY_KNTR_IN_UNRELIABLE_SIPPLIER_LIST' => false,
  'UF_CRM_COMPANY_KNTR_MSP_LIST_DATE' => '2024-09-10',
  'UF_CRM_COMPANY_KNTR_LICENSES' => NULL,
  'UF_CRM_COMPANY_KNTR_TRADEMARKS' => 
  array (
  ),
  'UF_CRM_COMPANY_KNTR_LAST_BANKRUPTCY_DATA' => ' | ',
)
#0: KPLab\API\V2\Controller\BalancePlatformRequest::updateItemFields
	/home/bitrix/www/local/modules/kplab.api.v2/controller/BalancePlatformRequest.php:852
#1: KPLab\API\V2\Controller\BalancePlatformRequest::saveKonturFocusData
	/home/bitrix/www/local/modules/kplab.api.v2/controller/BalancePlatformRequest.php:897
#2: KPLab\API\V2\Controller\BalancePlatformRequest::saveAllData
	/home/bitrix/www/local/modules/kplab.api.v2/controller/BalancePlatformRequest.php:612
#3: KPLab\API\V2\Controller\BalancePlatformRequest::setParamsCompany
	/home/bitrix/www/local/modules/kplab.api.v2/controller/BalancePlatformRequest.php:80
#4: KPLab\API\V2\Controller\BalancePlatformRequest->recieveAction
	
#5: ReflectionMethod->invokeArgs
	/home/bitrix/www/bitrix/modules/main/lib/engine/autowire/binder.php:207
----------
Host: crm.seller-capital.ru:443
Date: 2025-01-23 17:03:05
Module: Данные Kontur Prisma
array (
  'UF_CRM_COMPANY_KNTR_IN_GOVERNMENT_DIRECTIVE_LIST' => NULL,
  'UF_CRM_COMPANY_KNTR_IN_STRATEGIC_ORG_LIST' => NULL,
  'UF_CRM_COMPANY_KNTR_WEBSITE_BLOCK_INFOS' => 
  array (
  ),
  'UF_CRM_COMPANY_KNTR_IN_PRLIFRTN_RISK_DETECTIONLIST' => false,
  'UF_CRM_COMPANY_KNTR_IN_REFUSAL_LIST764P' => false,
  'UF_CRM_COMPANY_KNTR_IN_BANK_REFUSAL_LIST764P' => NULL,
  'UF_CRM_COMPANY_KNTR_IN_SANCTIONS_LIST' => false,
  'UF_CRM_COMPANY_KNTR_IN_STRATEGIC_COMPANIES_LIST' => false,
  'UF_CRM_COMPANY_KNTR_IN_TERRORIST_LIST' => false,
  'UF_CRM_COMPANY_KNTR_IN_EXTREMISTS_LIST' => false,
  'UF_CRM_COMPANY_KNTR_IN_INTERDEP_COMMISSION_LIST' => false,
  'UF_CRM_COMPANY_KNTR_IN_WEAPON_MASS_DESTRUCTION_DIS' => false,
  'UF_CRM_COMPANY_KNTR_IN_ILLEG_LENDER_INDICATOR_LIST' => false,
  'UF_CRM_COMPANY_KNTR_IN_PYRAMID_SCHEME_INDICATAOR_L' => false,
  'UF_CRM_COMPANY_KNTR_ILLEG_SECUR_MARKET_PARTICIPANT' => false,
)
#0: KPLab\API\V2\Controller\BalancePlatformRequest::updateItemFields
	/home/bitrix/www/local/modules/kplab.api.v2/controller/BalancePlatformRequest.php:856
#1: KPLab\API\V2\Controller\BalancePlatformRequest::saveKonturPrismaData
	/home/bitrix/www/local/modules/kplab.api.v2/controller/BalancePlatformRequest.php:906
#2: KPLab\API\V2\Controller\BalancePlatformRequest::saveAllData
	/home/bitrix/www/local/modules/kplab.api.v2/controller/BalancePlatformRequest.php:612
#3: KPLab\API\V2\Controller\BalancePlatformRequest::setParamsCompany
	/home/bitrix/www/local/modules/kplab.api.v2/controller/BalancePlatformRequest.php:80
#4: KPLab\API\V2\Controller\BalancePlatformRequest->recieveAction
	
#5: ReflectionMethod->invokeArgs
	/home/bitrix/www/bitrix/modules/main/lib/engine/autowire/binder.php:207
----------
Host: crm.seller-capital.ru:443
Date: 2025-01-23 17:03:10
Module: Данные Checklist StatusType
array (
  'UF_CRM_COMPANY_CHKLST' => '19317',
)
#0: KPLab\API\V2\Controller\BalancePlatformRequest::updateItemFields
	/home/bitrix/www/local/modules/kplab.api.v2/controller/BalancePlatformRequest.php:860
#1: KPLab\API\V2\Controller\BalancePlatformRequest::saveChecklistStatusTypeData
	/home/bitrix/www/local/modules/kplab.api.v2/controller/BalancePlatformRequest.php:915
#2: KPLab\API\V2\Controller\BalancePlatformRequest::saveAllData
	/home/bitrix/www/local/modules/kplab.api.v2/controller/BalancePlatformRequest.php:612
#3: KPLab\API\V2\Controller\BalancePlatformRequest::setParamsCompany
	/home/bitrix/www/local/modules/kplab.api.v2/controller/BalancePlatformRequest.php:80
#4: KPLab\API\V2\Controller\BalancePlatformRequest->recieveAction
	
#5: ReflectionMethod->invokeArgs
	/home/bitrix/www/bitrix/modules/main/lib/engine/autowire/binder.php:207
----------
Host: crm.seller-capital.ru:443
Date: 2025-01-23 17:03:15
Module: Данные checklistStatus
array (
  'UF_CRM_CHKLST' => 20874,
)
#0: KPLab\API\V2\Controller\BalancePlatformRequest::updateItemFields
	/home/bitrix/www/local/modules/kplab.api.v2/controller/BalancePlatformRequest.php:870
#1: KPLab\API\V2\Controller\BalancePlatformRequest::saveChecklistStatusNumData
	/home/bitrix/www/local/modules/kplab.api.v2/controller/BalancePlatformRequest.php:923
#2: KPLab\API\V2\Controller\BalancePlatformRequest::saveAllData
	/home/bitrix/www/local/modules/kplab.api.v2/controller/BalancePlatformRequest.php:612
#3: KPLab\API\V2\Controller\BalancePlatformRequest::setParamsCompany
	/home/bitrix/www/local/modules/kplab.api.v2/controller/BalancePlatformRequest.php:80
#4: KPLab\API\V2\Controller\BalancePlatformRequest->recieveAction
	
#5: ReflectionMethod->invokeArgs
	/home/bitrix/www/bitrix/modules/main/lib/engine/autowire/binder.php:207
----------
Host: crm.seller-capital.ru:443
Date: 2025-01-23 17:03:15
Module: Данные Checklist
array (
  'UF_CRM_COMPANY_INCOME_TO_SALE_RATIO' => 0.0,
  'UF_CRM_COMPANY_CHKLST_MARKETPLACE_DURATION_IN_MNTH' => 5,
  'UF_CRM_COMPANY_CHKLST_STOK_SUM_LIMIT_SIX_MTH_RATIO' => 0.0,
  'UF_CRM_COMPANY_CHKLST_SMOOTHED_LIM_FOR_SIX_MONTHS' => 0.0,
  'UF_CRM_COMPANY_CHKLST_PDN' => 0.0,
  'UF_CRM_COMPANY_CHKLST_ANY_FNS_BLOCKED_ACCOUNTS' => false,
  'UF_CRM_COMPANY_CHKLST_PERSON_VALID_PASSPORT' => true,
  'UF_CRM_COMPANY_CHKLST_LOCATED_IN_LISTS_NAMES' => false,
  'UF_CRM_COMPANY_CHKLST_IN_UNRELIABLE_SUPPLIER_LIST' => false,
  'UF_CRM_COMPANY_CHKLST_ANY_DISQUALIFIED_DIRECTORS' => false,
  'UF_CRM_COMPANY_CHKLST_PERSON_AGE_LIST' => 53,
  'UF_CRM_COMPANY_CHKLST_HAS_PERSON_RUSSIAN_NATIONAL' => true,
  'UF_CRM_COMPANY_CHKLST_MAX_ACTIVE_LOAN_OVERDUE_DAYS' => NULL,
  'UF_CRM_COMPANY_CHKLST_ANY_LONG_OVERDUE_LOAN' => false,
  'UF_CRM_COMPANY_CHKLST_PERSON_LOAN_DATE' => NULL,
  'UF_CRM_COMPANY_CHKLST_PERSON_ACTIVE_MICRO_LOAN_CNT' => 0,
  'UF_CRM_COMPANY_CHKLST_PERSON_ACTIVE_FSSP_SUM' => 0.0,
  'UF_CRM_COMPANY_CHKLST_CLAIMS_SUM_INC_FOR_SIX_MONTH' => 0.0,
  'UF_CRM_COMPANY_CHKLST_LAST_BANKRUPTCY_DATE' => NULL,
  'UF_CRM_COMPANY_CHKLST_AUTO_LIMIT' => 0,
)
#0: KPLab\API\V2\Controller\BalancePlatformRequest::updateItemFields
	/home/bitrix/www/local/modules/kplab.api.v2/controller/BalancePlatformRequest.php:878
#1: KPLab\API\V2\Controller\BalancePlatformRequest::saveChecklistData
	/home/bitrix/www/local/modules/kplab.api.v2/controller/BalancePlatformRequest.php:932
#2: KPLab\API\V2\Controller\BalancePlatformRequest::saveAllData
	/home/bitrix/www/local/modules/kplab.api.v2/controller/BalancePlatformRequest.php:612
#3: KPLab\API\V2\Controller\BalancePlatformRequest::setParamsCompany
	/home/bitrix/www/local/modules/kplab.api.v2/controller/BalancePlatformRequest.php:80
#4: KPLab\API\V2\Controller\BalancePlatformRequest->recieveAction
	
#5: ReflectionMethod->invokeArgs
	/home/bitrix/www/bitrix/modules/main/lib/engine/autowire/binder.php:207
----------
Host: crm.seller-capital.ru:443
Date: 2025-01-23 17:03:21
Module: Данные Checklist RefusedInStatusByData
array (
  'UF_CRM_COMPANY_CHKLST_REFUSED_IN_STATUS_BY_DATA' => 
  array (
    0 => 'SmoothedLimit',
  ),
  'UF_CRM_COMPANY_CHKLST_AUTOMATIC_APPROVE' => 
  array (
    0 => 'IncomeToSaleRatio',
    1 => 'MarketplaceDurationInMonths',
    2 => 'GrowRate',
    3 => 'StockSumToSmoothedLimitRatio',
    4 => 'PersonAgeList',
    5 => 'SmoothedLimit',
    6 => 'LimitForAutoApprove',
  ),
  'UF_CRM_COMPANY_CHKLST_AUTHORIZED_PERSON' => 
  array (
    0 => 'GrowRate',
    1 => 'StockSumToSmoothedLimitRatio',
    2 => 'PersonAgeList',
    3 => 'SmoothedLimit',
  ),
  'UF_CRM_COMPANY_CHKLST_CREDIT_COMMITTEE' => 
  array (
    0 => 'SmoothedLimit',
  ),
)
#0: KPLab\API\V2\Controller\BalancePlatformRequest::updateItemFields
	/home/bitrix/www/local/modules/kplab.api.v2/controller/BalancePlatformRequest.php:882
#1: KPLab\API\V2\Controller\BalancePlatformRequest::saveRefusedInStatusByData
	/home/bitrix/www/local/modules/kplab.api.v2/controller/BalancePlatformRequest.php:941
#2: KPLab\API\V2\Controller\BalancePlatformRequest::saveAllData
	/home/bitrix/www/local/modules/kplab.api.v2/controller/BalancePlatformRequest.php:612
#3: KPLab\API\V2\Controller\BalancePlatformRequest::setParamsCompany
	/home/bitrix/www/local/modules/kplab.api.v2/controller/BalancePlatformRequest.php:80
#4: KPLab\API\V2\Controller\BalancePlatformRequest->recieveAction
	
#5: ReflectionMethod->invokeArgs
	/home/bitrix/www/bitrix/modules/main/lib/engine/autowire/binder.php:207
----------
Host: crm.seller-capital.ru:443
Date: 2025-01-23 17:03:26
Module: Данные ratingStatus
array (
  'UF_CRM_TARIF_OF_SELLERS' => 20864,
)
#0: KPLab\API\V2\Controller\BalancePlatformRequest::updateItemFields
	/home/bitrix/www/local/modules/kplab.api.v2/controller/BalancePlatformRequest.php:874
#1: KPLab\API\V2\Controller\BalancePlatformRequest::saveRatingStatus
	/home/bitrix/www/local/modules/kplab.api.v2/controller/BalancePlatformRequest.php:950
#2: KPLab\API\V2\Controller\BalancePlatformRequest::saveAllData
	/home/bitrix/www/local/modules/kplab.api.v2/controller/BalancePlatformRequest.php:612
#3: KPLab\API\V2\Controller\BalancePlatformRequest::setParamsCompany
	/home/bitrix/www/local/modules/kplab.api.v2/controller/BalancePlatformRequest.php:80
#4: KPLab\API\V2\Controller\BalancePlatformRequest->recieveAction
	
#5: ReflectionMethod->invokeArgs
	/home/bitrix/www/bitrix/modules/main/lib/engine/autowire/binder.php:207
----------
Host: crm.seller-capital.ru:443
Date: 2025-01-23 17:03:31
Module: Данные HasBankStatements
array (
  'UF_CRM_AVERAGE_SALES_COUNT' => true,
)
#0: KPLab\API\V2\Controller\BalancePlatformRequest::updateItemFields
	/home/bitrix/www/local/modules/kplab.api.v2/controller/BalancePlatformRequest.php:628
#1: KPLab\API\V2\Controller\BalancePlatformRequest::setParamsCompany
	/home/bitrix/www/local/modules/kplab.api.v2/controller/BalancePlatformRequest.php:80
#2: KPLab\API\V2\Controller\BalancePlatformRequest->recieveAction
	
#3: ReflectionMethod->invokeArgs
	/home/bitrix/www/bitrix/modules/main/lib/engine/autowire/binder.php:207
#4: Bitrix\Main\Engine\AutoWire\Binder->invoke
	/home/bitrix/www/bitrix/modules/main/lib/engine/action.php:117
#5: Bitrix\Main\Engine\Action->runWithSourceParametersList
	/home/bitrix/www/bitrix/modules/main/lib/engine/controller.php:425
----------
Host: crm.seller-capital.ru:443
Date: 2025-01-23 17:34:27
Module: Данные ovk
array (
  'UF_CRM_COMPANY_OVK_CHECKDOMAIN' => false,
  'UF_CRM_COMPANY_OVK_CHECK_COMPANY_INFO' => false,
  'UF_CRM_COMPANY_OVK_CHECK_LICENSES' => false,
  'UF_CRM_COMPANY_OVK_IS_IN_TERRORIST_LIST' => false,
  'UF_CRM_COMPANY_OVK_IS_IN_MVK_LIST' => false,
  'UF_CRM_COMPANY_OVK_IS_IN_OMU_LIST' => false,
  'UF_CRM_COMPANY_OVK_IS_IN_STRATEGIC_LIST' => false,
  'UF_CRM_COMPANY_OVK_IS_IN_OPK_ULS' => false,
  'UF_CRM_COMPANY_OVK_IS_IN_SANCTION_LIST' => false,
  'UF_CRM_COMPANY_OVK_IS_IN_PEP_LIST' => false,
  'UF_CRM_COMPANY_OVK_IS_IN_764_LIST' => false,
  'UF_CRM_COMPANY_OVK_IS_IN_FINANCIAL_PYRAMYDE' => false,
  'UF_CRM_COMPANY_OVK_IS_IN_ILLEGAL_CREDITOR' => false,
  'UF_CRM_COMPANY_OVK_RESULT' => false,
)
#0: KPLab\API\V2\Controller\BalancePlatformRequest::updateItemFields
	/home/bitrix/www/local/modules/kplab.api.v2/controller/BalancePlatformRequest.php:848
#1: KPLab\API\V2\Controller\BalancePlatformRequest::saveOvkData
	/home/bitrix/www/local/modules/kplab.api.v2/controller/BalancePlatformRequest.php:887
#2: KPLab\API\V2\Controller\BalancePlatformRequest::saveAllData
	/home/bitrix/www/local/modules/kplab.api.v2/controller/BalancePlatformRequest.php:612
#3: KPLab\API\V2\Controller\BalancePlatformRequest::setParamsCompany
	/home/bitrix/www/local/modules/kplab.api.v2/controller/BalancePlatformRequest.php:80
#4: KPLab\API\V2\Controller\BalancePlatformRequest->recieveAction
	
#5: ReflectionMethod->invokeArgs
	/home/bitrix/www/bitrix/modules/main/lib/engine/autowire/binder.php:207
----------
Host: crm.seller-capital.ru:443
Date: 2025-01-23 17:34:33
Module: Данные Kontur Focus
array (
  'UF_CRM_COMPANY_KNTR_ADMIN_OFFENCE_CASE_COUNT' => 0,
  'UF_CRM_COMPANY_KNTR_ARBITR_CLAIMS_LOST_CASES_SUM' => 0,
  'UF_CRM_COMPANY_KNTR_ARBIT_CLAIMS_REVIEW_CASES_SUM' => 0,
  'UF_CRM_COMPANY_KNTR_ANY_FNS_BLOCKED_ACCOUNTS' => false,
  'UF_CRM_COMPANY_KNTR_ANY_SENT_DOCUMENTS_TO_FNS' => false,
  'UF_CRM_COMPANY_KNTR_ANY_DISQUALIFIED_DIRECTORS' => false,
  'UF_CRM_COMPANY_KNTR_BANKS' => 
  array (
  ),
  'UF_CRM_COMPANY_KNTR_BLOCKED_ACCOUNTS' => 
  array (
  ),
  'UF_CRM_COMPANY_KNTR_CERTIFICATE' => NULL,
  'UF_CRM_COMPANY_KNTR_LESSEE_CONTRACTS' => ' | ',
  'UF_CRM_COMPANY_KNTR_CONNECTED_COMPANIES' => 
  array (
  ),
  'UF_CRM_COMPANY_KNTR_CONNECTED_SITES' => 
  array (
  ),
  'UF_CRM_COMPANY_KNTR_ENFORCEMENT_PROCEEDINGS_SUM' => 0,
  'UF_CRM_COMPANY_KNTR_IN_ANY_SANCTION_LISTS' => false,
  'UF_CRM_COMPANY_KNTR_IN_ANY_FNS_LIST' => false,
  'UF_CRM_COMPANY_KNTR_IN_STRATEGIC_ENTERPRISE_LIST' => false,
  'UF_CRM_COMPANY_KNTR_IN_JOIN_STOCK_CMPNY_LIST91P' => false,
  'UF_CRM_COMPANY_KNTR_IN_UNRELIABLE_SIPPLIER_LIST' => false,
  'UF_CRM_COMPANY_KNTR_MSP_LIST_DATE' => '2024-09-10',
  'UF_CRM_COMPANY_KNTR_LICENSES' => NULL,
  'UF_CRM_COMPANY_KNTR_TRADEMARKS' => 
  array (
  ),
  'UF_CRM_COMPANY_KNTR_LAST_BANKRUPTCY_DATA' => ' | ',
)
#0: KPLab\API\V2\Controller\BalancePlatformRequest::updateItemFields
	/home/bitrix/www/local/modules/kplab.api.v2/controller/BalancePlatformRequest.php:852
#1: KPLab\API\V2\Controller\BalancePlatformRequest::saveKonturFocusData
	/home/bitrix/www/local/modules/kplab.api.v2/controller/BalancePlatformRequest.php:897
#2: KPLab\API\V2\Controller\BalancePlatformRequest::saveAllData
	/home/bitrix/www/local/modules/kplab.api.v2/controller/BalancePlatformRequest.php:612
#3: KPLab\API\V2\Controller\BalancePlatformRequest::setParamsCompany
	/home/bitrix/www/local/modules/kplab.api.v2/controller/BalancePlatformRequest.php:80
#4: KPLab\API\V2\Controller\BalancePlatformRequest->recieveAction
	
#5: ReflectionMethod->invokeArgs
	/home/bitrix/www/bitrix/modules/main/lib/engine/autowire/binder.php:207
----------
Host: crm.seller-capital.ru:443
Date: 2025-01-23 17:34:38
Module: Данные Kontur Prisma
array (
  'UF_CRM_COMPANY_KNTR_IN_GOVERNMENT_DIRECTIVE_LIST' => NULL,
  'UF_CRM_COMPANY_KNTR_IN_STRATEGIC_ORG_LIST' => NULL,
  'UF_CRM_COMPANY_KNTR_WEBSITE_BLOCK_INFOS' => 
  array (
  ),
  'UF_CRM_COMPANY_KNTR_IN_PRLIFRTN_RISK_DETECTIONLIST' => false,
  'UF_CRM_COMPANY_KNTR_IN_REFUSAL_LIST764P' => false,
  'UF_CRM_COMPANY_KNTR_IN_BANK_REFUSAL_LIST764P' => NULL,
  'UF_CRM_COMPANY_KNTR_IN_SANCTIONS_LIST' => false,
  'UF_CRM_COMPANY_KNTR_IN_STRATEGIC_COMPANIES_LIST' => false,
  'UF_CRM_COMPANY_KNTR_IN_TERRORIST_LIST' => false,
  'UF_CRM_COMPANY_KNTR_IN_EXTREMISTS_LIST' => false,
  'UF_CRM_COMPANY_KNTR_IN_INTERDEP_COMMISSION_LIST' => false,
  'UF_CRM_COMPANY_KNTR_IN_WEAPON_MASS_DESTRUCTION_DIS' => false,
  'UF_CRM_COMPANY_KNTR_IN_ILLEG_LENDER_INDICATOR_LIST' => false,
  'UF_CRM_COMPANY_KNTR_IN_PYRAMID_SCHEME_INDICATAOR_L' => false,
  'UF_CRM_COMPANY_KNTR_ILLEG_SECUR_MARKET_PARTICIPANT' => false,
)
#0: KPLab\API\V2\Controller\BalancePlatformRequest::updateItemFields
	/home/bitrix/www/local/modules/kplab.api.v2/controller/BalancePlatformRequest.php:856
#1: KPLab\API\V2\Controller\BalancePlatformRequest::saveKonturPrismaData
	/home/bitrix/www/local/modules/kplab.api.v2/controller/BalancePlatformRequest.php:906
#2: KPLab\API\V2\Controller\BalancePlatformRequest::saveAllData
	/home/bitrix/www/local/modules/kplab.api.v2/controller/BalancePlatformRequest.php:612
#3: KPLab\API\V2\Controller\BalancePlatformRequest::setParamsCompany
	/home/bitrix/www/local/modules/kplab.api.v2/controller/BalancePlatformRequest.php:80
#4: KPLab\API\V2\Controller\BalancePlatformRequest->recieveAction
	
#5: ReflectionMethod->invokeArgs
	/home/bitrix/www/bitrix/modules/main/lib/engine/autowire/binder.php:207
----------
Host: crm.seller-capital.ru:443
Date: 2025-01-23 17:34:43
Module: Данные Checklist StatusType
array (
  'UF_CRM_COMPANY_CHKLST' => '19320',
)
#0: KPLab\API\V2\Controller\BalancePlatformRequest::updateItemFields
	/home/bitrix/www/local/modules/kplab.api.v2/controller/BalancePlatformRequest.php:860
#1: KPLab\API\V2\Controller\BalancePlatformRequest::saveChecklistStatusTypeData
	/home/bitrix/www/local/modules/kplab.api.v2/controller/BalancePlatformRequest.php:915
#2: KPLab\API\V2\Controller\BalancePlatformRequest::saveAllData
	/home/bitrix/www/local/modules/kplab.api.v2/controller/BalancePlatformRequest.php:612
#3: KPLab\API\V2\Controller\BalancePlatformRequest::setParamsCompany
	/home/bitrix/www/local/modules/kplab.api.v2/controller/BalancePlatformRequest.php:80
#4: KPLab\API\V2\Controller\BalancePlatformRequest->recieveAction
	
#5: ReflectionMethod->invokeArgs
	/home/bitrix/www/bitrix/modules/main/lib/engine/autowire/binder.php:207
----------
Host: crm.seller-capital.ru:443
Date: 2025-01-23 17:34:49
Module: Данные checklistStatus
array (
  'UF_CRM_CHKLST' => 20877,
)
#0: KPLab\API\V2\Controller\BalancePlatformRequest::updateItemFields
	/home/bitrix/www/local/modules/kplab.api.v2/controller/BalancePlatformRequest.php:870
#1: KPLab\API\V2\Controller\BalancePlatformRequest::saveChecklistStatusNumData
	/home/bitrix/www/local/modules/kplab.api.v2/controller/BalancePlatformRequest.php:923
#2: KPLab\API\V2\Controller\BalancePlatformRequest::saveAllData
	/home/bitrix/www/local/modules/kplab.api.v2/controller/BalancePlatformRequest.php:612
#3: KPLab\API\V2\Controller\BalancePlatformRequest::setParamsCompany
	/home/bitrix/www/local/modules/kplab.api.v2/controller/BalancePlatformRequest.php:80
#4: KPLab\API\V2\Controller\BalancePlatformRequest->recieveAction
	
#5: ReflectionMethod->invokeArgs
	/home/bitrix/www/bitrix/modules/main/lib/engine/autowire/binder.php:207
----------
Host: crm.seller-capital.ru:443
Date: 2025-01-23 17:34:49
Module: Данные Checklist
array (
  'UF_CRM_COMPANY_INCOME_TO_SALE_RATIO' => 0.679,
  'UF_CRM_COMPANY_CHKLST_MARKETPLACE_DURATION_IN_MNTH' => 5,
  'UF_CRM_COMPANY_CHKLST_STOK_SUM_LIMIT_SIX_MTH_RATIO' => 0.004467,
  'UF_CRM_COMPANY_CHKLST_SMOOTHED_LIM_FOR_SIX_MONTHS' => 4012424.0,
  'UF_CRM_COMPANY_CHKLST_PDN' => 156.0,
  'UF_CRM_COMPANY_CHKLST_ANY_FNS_BLOCKED_ACCOUNTS' => false,
  'UF_CRM_COMPANY_CHKLST_PERSON_VALID_PASSPORT' => true,
  'UF_CRM_COMPANY_CHKLST_LOCATED_IN_LISTS_NAMES' => false,
  'UF_CRM_COMPANY_CHKLST_IN_UNRELIABLE_SUPPLIER_LIST' => false,
  'UF_CRM_COMPANY_CHKLST_ANY_DISQUALIFIED_DIRECTORS' => false,
  'UF_CRM_COMPANY_CHKLST_PERSON_AGE_LIST' => 53,
  'UF_CRM_COMPANY_CHKLST_HAS_PERSON_RUSSIAN_NATIONAL' => true,
  'UF_CRM_COMPANY_CHKLST_MAX_ACTIVE_LOAN_OVERDUE_DAYS' => NULL,
  'UF_CRM_COMPANY_CHKLST_ANY_LONG_OVERDUE_LOAN' => false,
  'UF_CRM_COMPANY_CHKLST_PERSON_LOAN_DATE' => NULL,
  'UF_CRM_COMPANY_CHKLST_PERSON_ACTIVE_MICRO_LOAN_CNT' => 0,
  'UF_CRM_COMPANY_CHKLST_PERSON_ACTIVE_FSSP_SUM' => 0.0,
  'UF_CRM_COMPANY_CHKLST_CLAIMS_SUM_INC_FOR_SIX_MONTH' => 0.0,
  'UF_CRM_COMPANY_CHKLST_LAST_BANKRUPTCY_DATE' => NULL,
  'UF_CRM_COMPANY_CHKLST_AUTO_LIMIT' => 2000000,
)
#0: KPLab\API\V2\Controller\BalancePlatformRequest::updateItemFields
	/home/bitrix/www/local/modules/kplab.api.v2/controller/BalancePlatformRequest.php:878
#1: KPLab\API\V2\Controller\BalancePlatformRequest::saveChecklistData
	/home/bitrix/www/local/modules/kplab.api.v2/controller/BalancePlatformRequest.php:932
#2: KPLab\API\V2\Controller\BalancePlatformRequest::saveAllData
	/home/bitrix/www/local/modules/kplab.api.v2/controller/BalancePlatformRequest.php:612
#3: KPLab\API\V2\Controller\BalancePlatformRequest::setParamsCompany
	/home/bitrix/www/local/modules/kplab.api.v2/controller/BalancePlatformRequest.php:80
#4: KPLab\API\V2\Controller\BalancePlatformRequest->recieveAction
	
#5: ReflectionMethod->invokeArgs
	/home/bitrix/www/bitrix/modules/main/lib/engine/autowire/binder.php:207
----------
Host: crm.seller-capital.ru:443
Date: 2025-01-23 17:34:54
Module: Данные Checklist RefusedInStatusByData
array (
  'UF_CRM_COMPANY_CHKLST_REFUSED_IN_STATUS_BY_DATA' => 
  array (
  ),
  'UF_CRM_COMPANY_CHKLST_AUTOMATIC_APPROVE' => 
  array (
    0 => 'IncomeToSaleRatio',
    1 => 'MarketplaceDurationInMonths',
    2 => 'GrowRate',
    3 => 'StockSumToSmoothedLimitRatio',
    4 => 'PersonAgeList',
  ),
  'UF_CRM_COMPANY_CHKLST_AUTHORIZED_PERSON' => 
  array (
    0 => 'GrowRate',
    1 => 'StockSumToSmoothedLimitRatio',
    2 => 'PersonAgeList',
  ),
  'UF_CRM_COMPANY_CHKLST_CREDIT_COMMITTEE' => 
  array (
  ),
)
#0: KPLab\API\V2\Controller\BalancePlatformRequest::updateItemFields
	/home/bitrix/www/local/modules/kplab.api.v2/controller/BalancePlatformRequest.php:882
#1: KPLab\API\V2\Controller\BalancePlatformRequest::saveRefusedInStatusByData
	/home/bitrix/www/local/modules/kplab.api.v2/controller/BalancePlatformRequest.php:941
#2: KPLab\API\V2\Controller\BalancePlatformRequest::saveAllData
	/home/bitrix/www/local/modules/kplab.api.v2/controller/BalancePlatformRequest.php:612
#3: KPLab\API\V2\Controller\BalancePlatformRequest::setParamsCompany
	/home/bitrix/www/local/modules/kplab.api.v2/controller/BalancePlatformRequest.php:80
#4: KPLab\API\V2\Controller\BalancePlatformRequest->recieveAction
	
#5: ReflectionMethod->invokeArgs
	/home/bitrix/www/bitrix/modules/main/lib/engine/autowire/binder.php:207
----------
Host: crm.seller-capital.ru:443
Date: 2025-01-23 17:34:59
Module: Данные ratingStatus
array (
  'UF_CRM_TARIF_OF_SELLERS' => 20864,
)
#0: KPLab\API\V2\Controller\BalancePlatformRequest::updateItemFields
	/home/bitrix/www/local/modules/kplab.api.v2/controller/BalancePlatformRequest.php:874
#1: KPLab\API\V2\Controller\BalancePlatformRequest::saveRatingStatus
	/home/bitrix/www/local/modules/kplab.api.v2/controller/BalancePlatformRequest.php:950
#2: KPLab\API\V2\Controller\BalancePlatformRequest::saveAllData
	/home/bitrix/www/local/modules/kplab.api.v2/controller/BalancePlatformRequest.php:612
#3: KPLab\API\V2\Controller\BalancePlatformRequest::setParamsCompany
	/home/bitrix/www/local/modules/kplab.api.v2/controller/BalancePlatformRequest.php:80
#4: KPLab\API\V2\Controller\BalancePlatformRequest->recieveAction
	
#5: ReflectionMethod->invokeArgs
	/home/bitrix/www/bitrix/modules/main/lib/engine/autowire/binder.php:207
----------
Host: crm.seller-capital.ru:443
Date: 2025-01-23 17:35:04
Module: Данные HasBankStatements
array (
  'UF_CRM_AVERAGE_SALES_COUNT' => true,
)
#0: KPLab\API\V2\Controller\BalancePlatformRequest::updateItemFields
	/home/bitrix/www/local/modules/kplab.api.v2/controller/BalancePlatformRequest.php:628
#1: KPLab\API\V2\Controller\BalancePlatformRequest::setParamsCompany
	/home/bitrix/www/local/modules/kplab.api.v2/controller/BalancePlatformRequest.php:80
#2: KPLab\API\V2\Controller\BalancePlatformRequest->recieveAction
	
#3: ReflectionMethod->invokeArgs
	/home/bitrix/www/bitrix/modules/main/lib/engine/autowire/binder.php:207
#4: Bitrix\Main\Engine\AutoWire\Binder->invoke
	/home/bitrix/www/bitrix/modules/main/lib/engine/action.php:117
#5: Bitrix\Main\Engine\Action->runWithSourceParametersList
	/home/bitrix/www/bitrix/modules/main/lib/engine/controller.php:425
----------
Host: crm.seller-capital.ru:443
Date: 2025-01-23 17:37:17
Module: Данные checklistStatus
array (
  'UF_CRM_CHKLST' => 20877,
)
#0: KPLab\API\V2\Controller\BalancePlatformRequest::updateItemFields
	/home/bitrix/www/local/modules/kplab.api.v2/controller/BalancePlatformRequest.php:870
#1: KPLab\API\V2\Controller\BalancePlatformRequest::saveChecklistStatusNumData
	/home/bitrix/www/local/modules/kplab.api.v2/controller/BalancePlatformRequest.php:395
#2: KPLab\API\V2\Controller\BalancePlatformRequest::setParams134
	/home/bitrix/www/local/modules/kplab.api.v2/controller/BalancePlatformRequest.php:178
#3: KPLab\API\V2\Controller\BalancePlatformRequest->recieveAction
	
#4: ReflectionMethod->invokeArgs
	/home/bitrix/www/bitrix/modules/main/lib/engine/autowire/binder.php:207
#5: Bitrix\Main\Engine\AutoWire\Binder->invoke
	/home/bitrix/www/bitrix/modules/main/lib/engine/action.php:117
----------
Host: crm.seller-capital.ru:443
Date: 2025-01-23 17:37:18
Module: Данные for 134
array (
  'UF_CRM_56_1684843345' => '23.01.2025 17:37:18',
  'UF_CRM_56_1705999659270' => 10265218.33,
  'UF_CRM_56_1705999684755' => 10325112.0,
  'UF_CRM_56_1705999722689' => 18933358.0,
  'UF_CRM_56_1706000045243' => 1.3,
  'UF_CRM_56_1706000068667' => 0.0,
  'UF_CRM_56_1706000119258' => '',
  'UF_CRM_56_1684846350' => 15120000.0,
  'UF_CRM_56_1710466920' => false,
  'UF_CRM_56_1706002947573' => 'Ухудшение финансового положения',
  'UF_CRM_56_1711371246' => NULL,
  'UF_CRM_LIMIT_TO_PDN' => 17500000.0,
  'UF_CRM_PDN_AFTER_TAKINGLIMIT' => 2.35,
  'UF_CRM_AVERAGE_CHECK' => 2667.0,
  'UF_CRM_56_FORECAST_SALES' => 9937809.0,
  'UF_CRM_AVERAGE_SALES_COUNT' => 3915.0,
  'UF_CRM_TARIF_OF_SELLERS' => 21208,
  'UF_CRM_56_GROW_RATE' => 0.07109727594817794,
  'UF_STOCK_SUM_TO_SMOOTHED_LIMIT_RATIO' => 9.466679,
  'UF_CRM_56_AUTOMATIC_REFUSE' => 
  array (
  ),
  'UF_CRM_56_AUTOMATIC_APPROVE' => 
  array (
    0 => 'SmoothedLimit',
  ),
  'UF_CRM_56_AUTHORIZED_PERSON' => 
  array (
    0 => 'SmoothedLimit',
  ),
  'UF_CRM_56_CREDIT_COMMITTEE' => 
  array (
  ),
)
#0: KPLab\API\V2\Controller\BalancePlatformRequest::updateItemFields
	/home/bitrix/www/local/modules/kplab.api.v2/controller/BalancePlatformRequest.php:443
#1: KPLab\API\V2\Controller\BalancePlatformRequest::setParams134
	/home/bitrix/www/local/modules/kplab.api.v2/controller/BalancePlatformRequest.php:178
#2: KPLab\API\V2\Controller\BalancePlatformRequest->recieveAction
	
#3: ReflectionMethod->invokeArgs
	/home/bitrix/www/bitrix/modules/main/lib/engine/autowire/binder.php:207
#4: Bitrix\Main\Engine\AutoWire\Binder->invoke
	/home/bitrix/www/bitrix/modules/main/lib/engine/action.php:117
#5: Bitrix\Main\Engine\Action->runWithSourceParametersList
	/home/bitrix/www/bitrix/modules/main/lib/engine/controller.php:425
----------
Host: crm.seller-capital.ru:443
Date: 2025-01-23 17:37:20
Module: item
Нихуя НЕ Найдена компания
#0: KPLab\API\V2\Controller\BalancePlatformRequest::setParamsCompany
	/home/bitrix/www/local/modules/kplab.api.v2/controller/BalancePlatformRequest.php:207
#1: KPLab\API\V2\Controller\BalancePlatformRequest->recieveAction
	
#2: ReflectionMethod->invokeArgs
	/home/bitrix/www/bitrix/modules/main/lib/engine/autowire/binder.php:207
#3: Bitrix\Main\Engine\AutoWire\Binder->invoke
	/home/bitrix/www/bitrix/modules/main/lib/engine/action.php:117
#4: Bitrix\Main\Engine\Action->runWithSourceParametersList
	/home/bitrix/www/bitrix/modules/main/lib/engine/controller.php:425
#5: Bitrix\Main\Engine\Controller->run
	/home/bitrix/www/bitrix/modules/main/lib/httpapplication.php:141
----------
Host: crm.seller-capital.ru:443
Date: 2025-01-23 17:44:22
Module: Данные ovk
array (
  'UF_CRM_COMPANY_OVK_CHECKDOMAIN' => false,
  'UF_CRM_COMPANY_OVK_CHECK_COMPANY_INFO' => false,
  'UF_CRM_COMPANY_OVK_CHECK_LICENSES' => false,
  'UF_CRM_COMPANY_OVK_IS_IN_TERRORIST_LIST' => false,
  'UF_CRM_COMPANY_OVK_IS_IN_MVK_LIST' => false,
  'UF_CRM_COMPANY_OVK_IS_IN_OMU_LIST' => false,
  'UF_CRM_COMPANY_OVK_IS_IN_STRATEGIC_LIST' => false,
  'UF_CRM_COMPANY_OVK_IS_IN_OPK_ULS' => false,
  'UF_CRM_COMPANY_OVK_IS_IN_SANCTION_LIST' => false,
  'UF_CRM_COMPANY_OVK_IS_IN_PEP_LIST' => false,
  'UF_CRM_COMPANY_OVK_IS_IN_764_LIST' => false,
  'UF_CRM_COMPANY_OVK_IS_IN_FINANCIAL_PYRAMYDE' => false,
  'UF_CRM_COMPANY_OVK_IS_IN_ILLEGAL_CREDITOR' => false,
  'UF_CRM_COMPANY_OVK_RESULT' => false,
)
#0: KPLab\API\V2\Controller\BalancePlatformRequest::updateItemFields
	/home/bitrix/www/local/modules/kplab.api.v2/controller/BalancePlatformRequest.php:848
#1: KPLab\API\V2\Controller\BalancePlatformRequest::saveOvkData
	/home/bitrix/www/local/modules/kplab.api.v2/controller/BalancePlatformRequest.php:887
#2: KPLab\API\V2\Controller\BalancePlatformRequest::saveAllData
	/home/bitrix/www/local/modules/kplab.api.v2/controller/BalancePlatformRequest.php:612
#3: KPLab\API\V2\Controller\BalancePlatformRequest::setParamsCompany
	/home/bitrix/www/local/modules/kplab.api.v2/controller/BalancePlatformRequest.php:80
#4: KPLab\API\V2\Controller\BalancePlatformRequest->recieveAction
	
#5: ReflectionMethod->invokeArgs
	/home/bitrix/www/bitrix/modules/main/lib/engine/autowire/binder.php:207
----------
Host: crm.seller-capital.ru:443
Date: 2025-01-23 17:44:27
Module: Данные Kontur Focus
array (
  'UF_CRM_COMPANY_KNTR_ADMIN_OFFENCE_CASE_COUNT' => 0,
  'UF_CRM_COMPANY_KNTR_ARBITR_CLAIMS_LOST_CASES_SUM' => 0,
  'UF_CRM_COMPANY_KNTR_ARBIT_CLAIMS_REVIEW_CASES_SUM' => 0,
  'UF_CRM_COMPANY_KNTR_ANY_FNS_BLOCKED_ACCOUNTS' => false,
  'UF_CRM_COMPANY_KNTR_ANY_SENT_DOCUMENTS_TO_FNS' => false,
  'UF_CRM_COMPANY_KNTR_ANY_DISQUALIFIED_DIRECTORS' => false,
  'UF_CRM_COMPANY_KNTR_BANKS' => 
  array (
  ),
  'UF_CRM_COMPANY_KNTR_BLOCKED_ACCOUNTS' => 
  array (
  ),
  'UF_CRM_COMPANY_KNTR_CERTIFICATE' => 
  array (
    0 => 'Declaration | 2029-09-18 | Одежда верхняя швейная третьего слоя для взрослых мужская и женская из хлопчатобумажной (в том числе денима), шерстяной, чистошерстяной, полушерстяной, кашемировой, натуральной шелковой, льняной, смешанной ткани, натуральной и композиционной кожи, искусственной кожи, экокожи, полиэстера, меха натурального и искусственного, из тканей синтетических, искусственных волокон, в том числе на подкладке из тканей синтетических, хлопчатобумажных, искусственных волокон и нитей, в том числе, в смеси с хлопковыми, шёлковыми, шерстяными, льняными, искусственными, синтетическими нитями, в том числе в смеси с металлизированными нитями, трикотажных полотен (из хлопчатобумажной, синтетической, искусственной, кашемировой, шерстяной, полушерстяной, чистошерстяной пряжи, в том числе в смеси с синтетическими, искусственными, хлопковыми, шерстяными, полушерстяными нитями), в том числе утепленная синтетическим наполнителем (полиэстер, тинсулейт, био-пух, холлофайбер, сиберия), ватином, пуховым наполнителем, шерстяным наполнителем (верблюжья шерсть), в том числе с отделкой из натурального, искусственного меха: пальто, в том числе типа «дубленки», «кейпы», плащи, в том числе типа «дождевики», тренчи, полупальто, жилеты, комбинезоны, костюмы, в том числе спортивные, лыжные, накидки, в том числе типа «пончо», куртки, в том числе типа «ветровки», «косухи», «парки», «пуховики», «тренчкоты», «бомберы», «анораки» «дафлкоты», шубы, полушубы, полушубки, полупальто типа «шубы»; комбинезоны-трансформеры, комбинезоны лыжные совместные (не для экипировки спортивных команд), в комплектах и отдельными предметами. Марки: Maresol, Bonitos, Sashyou stile, Pipino, Coverte, Jovem, Joventuda, Paravos, Parasi, Consigo',
    1 => 'Declaration | 2028-08-31 | Одежда верхняя швейная третьего слоя для взрослых мужская и женская из хлопчатобумажной (в том числе денима), шерстяной, чистошерстяной, полушерстяной, кашемировой, натуральной шелковой, льняной, смешанной ткани, натуральной и композиционной кожи, искусственной кожи, экокожи, полиэстера, меха натурального и искусственного, из тканей синтетических, искусственных волокон, в том числе на подкладке из тканей синтетических, хлопчатобумажных, искусственных волокон и нитей, в том числе, в смеси с хлопковыми, шёлковыми, шерстяными, льняными, искусственными, синтетическими нитями, в том числе в смеси с металлизированными нитями, трикотажных полотен (из хлопчатобумажной, синтетической, искусственной, кашемировой, шерстяной, полушерстяной, чистошерстяной пряжи, в том числе в смеси с синтетическими, искусственными, хлопковыми, шерстяными, полушерстяными нитями), в том числе утепленная синтетическим наполнителем (полиэстер, тинсулейт, био-пух, холлофайбер, сиберия), ватином, пуховым наполнителем, шерстяным наполнителем (верблюжья шерсть), в том числе с отделкой из натурального, искусственного меха: пальто, в том числе типа «дубленки», «кейпы», плащи, в том числе типа «дождевики», тренчи, полупальто, жилеты, комбинезоны, костюмы, в том числе спортивные, лыжные, накидки, в том числе типа «пончо», куртки, в том числе типа «ветровки», «косухи», «парки», «пуховики», «тренчкоты», «бомберы», «анораки» «дафлкоты», шубы, полушубы, полушубки, полупальто типа «шубы»; комбинезоны-трансформеры, комбинезоны лыжные совместные (не для экипировки спортивных команд), в комплектах и отдельными предметами. Торговые марки: Maresol, Bonitos, Sashyou stile, Pipino, Coverte.',
  ),
  'UF_CRM_COMPANY_KNTR_LESSEE_CONTRACTS' => ' | ',
  'UF_CRM_COMPANY_KNTR_CONNECTED_COMPANIES' => 
  array (
    0 => 
    array (
      'inn' => '9715434845',
      'name' => 'Общество С Ограниченной Ответственностью "Баблгам"',
      'roleInTheConnectedCompany' => 
      array (
        0 => 
        array (
          'roleType' => 'Manager',
          'actualityType' => 'Actual',
          'founderShare' => NULL,
        ),
        1 => 
        array (
          'roleType' => 'Founder',
          'actualityType' => 'Actual',
          'founderShare' => 
          array (
            'sum' => 150000.0,
            'percentagePlain' => 100.0,
          ),
        ),
      ),
    ),
    1 => 
    array (
      'inn' => '5007117663',
      'name' => 'Общество С Ограниченной Ответственностью "Форта"',
      'roleInTheConnectedCompany' => 
      array (
        0 => 
        array (
          'roleType' => 'Manager',
          'actualityType' => 'Actual',
          'founderShare' => NULL,
        ),
        1 => 
        array (
          'roleType' => 'Founder',
          'actualityType' => 'Actual',
          'founderShare' => 
          array (
            'sum' => 20000.0,
            'percentagePlain' => 100.0,
          ),
        ),
      ),
    ),
  ),
  'UF_CRM_COMPANY_KNTR_CONNECTED_SITES' => 
  array (
  ),
  'UF_CRM_COMPANY_KNTR_ENFORCEMENT_PROCEEDINGS_SUM' => 0,
  'UF_CRM_COMPANY_KNTR_IN_ANY_SANCTION_LISTS' => false,
  'UF_CRM_COMPANY_KNTR_IN_ANY_FNS_LIST' => false,
  'UF_CRM_COMPANY_KNTR_IN_STRATEGIC_ENTERPRISE_LIST' => false,
  'UF_CRM_COMPANY_KNTR_IN_JOIN_STOCK_CMPNY_LIST91P' => false,
  'UF_CRM_COMPANY_KNTR_IN_UNRELIABLE_SIPPLIER_LIST' => false,
  'UF_CRM_COMPANY_KNTR_MSP_LIST_DATE' => '2022-10-10',
  'UF_CRM_COMPANY_KNTR_LICENSES' => NULL,
  'UF_CRM_COMPANY_KNTR_TRADEMARKS' => 
  array (
  ),
  'UF_CRM_COMPANY_KNTR_LAST_BANKRUPTCY_DATA' => ' | ',
)
#0: KPLab\API\V2\Controller\BalancePlatformRequest::updateItemFields
	/home/bitrix/www/local/modules/kplab.api.v2/controller/BalancePlatformRequest.php:852
#1: KPLab\API\V2\Controller\BalancePlatformRequest::saveKonturFocusData
	/home/bitrix/www/local/modules/kplab.api.v2/controller/BalancePlatformRequest.php:897
#2: KPLab\API\V2\Controller\BalancePlatformRequest::saveAllData
	/home/bitrix/www/local/modules/kplab.api.v2/controller/BalancePlatformRequest.php:612
#3: KPLab\API\V2\Controller\BalancePlatformRequest::setParamsCompany
	/home/bitrix/www/local/modules/kplab.api.v2/controller/BalancePlatformRequest.php:80
#4: KPLab\API\V2\Controller\BalancePlatformRequest->recieveAction
	
#5: ReflectionMethod->invokeArgs
	/home/bitrix/www/bitrix/modules/main/lib/engine/autowire/binder.php:207
----------
Host: crm.seller-capital.ru:443
Date: 2025-01-23 17:44:32
Module: Данные Kontur Prisma
array (
  'UF_CRM_COMPANY_KNTR_IN_GOVERNMENT_DIRECTIVE_LIST' => NULL,
  'UF_CRM_COMPANY_KNTR_IN_STRATEGIC_ORG_LIST' => NULL,
  'UF_CRM_COMPANY_KNTR_WEBSITE_BLOCK_INFOS' => 
  array (
  ),
  'UF_CRM_COMPANY_KNTR_IN_PRLIFRTN_RISK_DETECTIONLIST' => false,
  'UF_CRM_COMPANY_KNTR_IN_REFUSAL_LIST764P' => false,
  'UF_CRM_COMPANY_KNTR_IN_BANK_REFUSAL_LIST764P' => NULL,
  'UF_CRM_COMPANY_KNTR_IN_SANCTIONS_LIST' => false,
  'UF_CRM_COMPANY_KNTR_IN_STRATEGIC_COMPANIES_LIST' => false,
  'UF_CRM_COMPANY_KNTR_IN_TERRORIST_LIST' => false,
  'UF_CRM_COMPANY_KNTR_IN_EXTREMISTS_LIST' => false,
  'UF_CRM_COMPANY_KNTR_IN_INTERDEP_COMMISSION_LIST' => false,
  'UF_CRM_COMPANY_KNTR_IN_WEAPON_MASS_DESTRUCTION_DIS' => false,
  'UF_CRM_COMPANY_KNTR_IN_ILLEG_LENDER_INDICATOR_LIST' => false,
  'UF_CRM_COMPANY_KNTR_IN_PYRAMID_SCHEME_INDICATAOR_L' => false,
  'UF_CRM_COMPANY_KNTR_ILLEG_SECUR_MARKET_PARTICIPANT' => false,
)
#0: KPLab\API\V2\Controller\BalancePlatformRequest::updateItemFields
	/home/bitrix/www/local/modules/kplab.api.v2/controller/BalancePlatformRequest.php:856
#1: KPLab\API\V2\Controller\BalancePlatformRequest::saveKonturPrismaData
	/home/bitrix/www/local/modules/kplab.api.v2/controller/BalancePlatformRequest.php:906
#2: KPLab\API\V2\Controller\BalancePlatformRequest::saveAllData
	/home/bitrix/www/local/modules/kplab.api.v2/controller/BalancePlatformRequest.php:612
#3: KPLab\API\V2\Controller\BalancePlatformRequest::setParamsCompany
	/home/bitrix/www/local/modules/kplab.api.v2/controller/BalancePlatformRequest.php:80
#4: KPLab\API\V2\Controller\BalancePlatformRequest->recieveAction
	
#5: ReflectionMethod->invokeArgs
	/home/bitrix/www/bitrix/modules/main/lib/engine/autowire/binder.php:207
----------
Host: crm.seller-capital.ru:443
Date: 2025-01-23 17:44:37
Module: Данные Checklist StatusType
array (
  'UF_CRM_COMPANY_CHKLST' => '19319',
)
#0: KPLab\API\V2\Controller\BalancePlatformRequest::updateItemFields
	/home/bitrix/www/local/modules/kplab.api.v2/controller/BalancePlatformRequest.php:860
#1: KPLab\API\V2\Controller\BalancePlatformRequest::saveChecklistStatusTypeData
	/home/bitrix/www/local/modules/kplab.api.v2/controller/BalancePlatformRequest.php:915
#2: KPLab\API\V2\Controller\BalancePlatformRequest::saveAllData
	/home/bitrix/www/local/modules/kplab.api.v2/controller/BalancePlatformRequest.php:612
#3: KPLab\API\V2\Controller\BalancePlatformRequest::setParamsCompany
	/home/bitrix/www/local/modules/kplab.api.v2/controller/BalancePlatformRequest.php:80
#4: KPLab\API\V2\Controller\BalancePlatformRequest->recieveAction
	
#5: ReflectionMethod->invokeArgs
	/home/bitrix/www/bitrix/modules/main/lib/engine/autowire/binder.php:207
----------
Host: crm.seller-capital.ru:443
Date: 2025-01-23 17:44:44
Module: Данные checklistStatus
array (
  'UF_CRM_CHKLST' => 20876,
)
#0: KPLab\API\V2\Controller\BalancePlatformRequest::updateItemFields
	/home/bitrix/www/local/modules/kplab.api.v2/controller/BalancePlatformRequest.php:870
#1: KPLab\API\V2\Controller\BalancePlatformRequest::saveChecklistStatusNumData
	/home/bitrix/www/local/modules/kplab.api.v2/controller/BalancePlatformRequest.php:923
#2: KPLab\API\V2\Controller\BalancePlatformRequest::saveAllData
	/home/bitrix/www/local/modules/kplab.api.v2/controller/BalancePlatformRequest.php:612
#3: KPLab\API\V2\Controller\BalancePlatformRequest::setParamsCompany
	/home/bitrix/www/local/modules/kplab.api.v2/controller/BalancePlatformRequest.php:80
#4: KPLab\API\V2\Controller\BalancePlatformRequest->recieveAction
	
#5: ReflectionMethod->invokeArgs
	/home/bitrix/www/bitrix/modules/main/lib/engine/autowire/binder.php:207
----------
Host: crm.seller-capital.ru:443
Date: 2025-01-23 17:44:44
Module: Данные Checklist
array (
  'UF_CRM_COMPANY_INCOME_TO_SALE_RATIO' => 0.528,
  'UF_CRM_COMPANY_CHKLST_MARKETPLACE_DURATION_IN_MNTH' => 20,
  'UF_CRM_COMPANY_CHKLST_STOK_SUM_LIMIT_SIX_MTH_RATIO' => 9.466679,
  'UF_CRM_COMPANY_CHKLST_SMOOTHED_LIM_FOR_SIX_MONTHS' => 6646338.0,
  'UF_CRM_COMPANY_CHKLST_PDN' => 289.0,
  'UF_CRM_COMPANY_CHKLST_ANY_FNS_BLOCKED_ACCOUNTS' => false,
  'UF_CRM_COMPANY_CHKLST_PERSON_VALID_PASSPORT' => true,
  'UF_CRM_COMPANY_CHKLST_LOCATED_IN_LISTS_NAMES' => false,
  'UF_CRM_COMPANY_CHKLST_IN_UNRELIABLE_SUPPLIER_LIST' => false,
  'UF_CRM_COMPANY_CHKLST_ANY_DISQUALIFIED_DIRECTORS' => false,
  'UF_CRM_COMPANY_CHKLST_PERSON_AGE_LIST' => 42,
  'UF_CRM_COMPANY_CHKLST_HAS_PERSON_RUSSIAN_NATIONAL' => true,
  'UF_CRM_COMPANY_CHKLST_MAX_ACTIVE_LOAN_OVERDUE_DAYS' => NULL,
  'UF_CRM_COMPANY_CHKLST_ANY_LONG_OVERDUE_LOAN' => false,
  'UF_CRM_COMPANY_CHKLST_PERSON_LOAN_DATE' => NULL,
  'UF_CRM_COMPANY_CHKLST_PERSON_ACTIVE_MICRO_LOAN_CNT' => 0,
  'UF_CRM_COMPANY_CHKLST_PERSON_ACTIVE_FSSP_SUM' => 0.0,
  'UF_CRM_COMPANY_CHKLST_CLAIMS_SUM_INC_FOR_SIX_MONTH' => 0.0,
  'UF_CRM_COMPANY_CHKLST_LAST_BANKRUPTCY_DATE' => NULL,
  'UF_CRM_COMPANY_CHKLST_AUTO_LIMIT' => 2000000,
)
#0: KPLab\API\V2\Controller\BalancePlatformRequest::updateItemFields
	/home/bitrix/www/local/modules/kplab.api.v2/controller/BalancePlatformRequest.php:878
#1: KPLab\API\V2\Controller\BalancePlatformRequest::saveChecklistData
	/home/bitrix/www/local/modules/kplab.api.v2/controller/BalancePlatformRequest.php:932
#2: KPLab\API\V2\Controller\BalancePlatformRequest::saveAllData
	/home/bitrix/www/local/modules/kplab.api.v2/controller/BalancePlatformRequest.php:612
#3: KPLab\API\V2\Controller\BalancePlatformRequest::setParamsCompany
	/home/bitrix/www/local/modules/kplab.api.v2/controller/BalancePlatformRequest.php:80
#4: KPLab\API\V2\Controller\BalancePlatformRequest->recieveAction
	
#5: ReflectionMethod->invokeArgs
	/home/bitrix/www/bitrix/modules/main/lib/engine/autowire/binder.php:207
----------
Host: crm.seller-capital.ru:443
Date: 2025-01-23 17:44:49
Module: Данные Checklist RefusedInStatusByData
array (
  'UF_CRM_COMPANY_CHKLST_REFUSED_IN_STATUS_BY_DATA' => 
  array (
  ),
  'UF_CRM_COMPANY_CHKLST_AUTOMATIC_APPROVE' => 
  array (
    0 => 'IncomeToSaleRatio',
    1 => 'SmoothedLimit',
  ),
  'UF_CRM_COMPANY_CHKLST_AUTHORIZED_PERSON' => 
  array (
  ),
  'UF_CRM_COMPANY_CHKLST_CREDIT_COMMITTEE' => 
  array (
  ),
)
#0: KPLab\API\V2\Controller\BalancePlatformRequest::updateItemFields
	/home/bitrix/www/local/modules/kplab.api.v2/controller/BalancePlatformRequest.php:882
#1: KPLab\API\V2\Controller\BalancePlatformRequest::saveRefusedInStatusByData
	/home/bitrix/www/local/modules/kplab.api.v2/controller/BalancePlatformRequest.php:941
#2: KPLab\API\V2\Controller\BalancePlatformRequest::saveAllData
	/home/bitrix/www/local/modules/kplab.api.v2/controller/BalancePlatformRequest.php:612
#3: KPLab\API\V2\Controller\BalancePlatformRequest::setParamsCompany
	/home/bitrix/www/local/modules/kplab.api.v2/controller/BalancePlatformRequest.php:80
#4: KPLab\API\V2\Controller\BalancePlatformRequest->recieveAction
	
#5: ReflectionMethod->invokeArgs
	/home/bitrix/www/bitrix/modules/main/lib/engine/autowire/binder.php:207
----------
Host: crm.seller-capital.ru:443
Date: 2025-01-23 17:44:54
Module: Данные ratingStatus
array (
  'UF_CRM_TARIF_OF_SELLERS' => 20864,
)
#0: KPLab\API\V2\Controller\BalancePlatformRequest::updateItemFields
	/home/bitrix/www/local/modules/kplab.api.v2/controller/BalancePlatformRequest.php:874
#1: KPLab\API\V2\Controller\BalancePlatformRequest::saveRatingStatus
	/home/bitrix/www/local/modules/kplab.api.v2/controller/BalancePlatformRequest.php:950
#2: KPLab\API\V2\Controller\BalancePlatformRequest::saveAllData
	/home/bitrix/www/local/modules/kplab.api.v2/controller/BalancePlatformRequest.php:612
#3: KPLab\API\V2\Controller\BalancePlatformRequest::setParamsCompany
	/home/bitrix/www/local/modules/kplab.api.v2/controller/BalancePlatformRequest.php:80
#4: KPLab\API\V2\Controller\BalancePlatformRequest->recieveAction
	
#5: ReflectionMethod->invokeArgs
	/home/bitrix/www/bitrix/modules/main/lib/engine/autowire/binder.php:207
----------
Host: crm.seller-capital.ru:443
Date: 2025-01-23 17:44:59
Module: Данные HasBankStatements
array (
  'UF_CRM_AVERAGE_SALES_COUNT' => true,
)
#0: KPLab\API\V2\Controller\BalancePlatformRequest::updateItemFields
	/home/bitrix/www/local/modules/kplab.api.v2/controller/BalancePlatformRequest.php:628
#1: KPLab\API\V2\Controller\BalancePlatformRequest::setParamsCompany
	/home/bitrix/www/local/modules/kplab.api.v2/controller/BalancePlatformRequest.php:80
#2: KPLab\API\V2\Controller\BalancePlatformRequest->recieveAction
	
#3: ReflectionMethod->invokeArgs
	/home/bitrix/www/bitrix/modules/main/lib/engine/autowire/binder.php:207
#4: Bitrix\Main\Engine\AutoWire\Binder->invoke
	/home/bitrix/www/bitrix/modules/main/lib/engine/action.php:117
#5: Bitrix\Main\Engine\Action->runWithSourceParametersList
	/home/bitrix/www/bitrix/modules/main/lib/engine/controller.php:425
----------
Host: crm.seller-capital.ru:443
Date: 2025-01-23 18:01:31
Module: Данные ovk
array (
  'UF_CRM_COMPANY_OVK_CHECKDOMAIN' => false,
  'UF_CRM_COMPANY_OVK_CHECK_COMPANY_INFO' => false,
  'UF_CRM_COMPANY_OVK_CHECK_LICENSES' => false,
  'UF_CRM_COMPANY_OVK_IS_IN_TERRORIST_LIST' => false,
  'UF_CRM_COMPANY_OVK_IS_IN_MVK_LIST' => false,
  'UF_CRM_COMPANY_OVK_IS_IN_OMU_LIST' => false,
  'UF_CRM_COMPANY_OVK_IS_IN_STRATEGIC_LIST' => false,
  'UF_CRM_COMPANY_OVK_IS_IN_OPK_ULS' => false,
  'UF_CRM_COMPANY_OVK_IS_IN_SANCTION_LIST' => false,
  'UF_CRM_COMPANY_OVK_IS_IN_PEP_LIST' => false,
  'UF_CRM_COMPANY_OVK_IS_IN_764_LIST' => false,
  'UF_CRM_COMPANY_OVK_IS_IN_FINANCIAL_PYRAMYDE' => false,
  'UF_CRM_COMPANY_OVK_IS_IN_ILLEGAL_CREDITOR' => false,
  'UF_CRM_COMPANY_OVK_RESULT' => false,
)
#0: KPLab\API\V2\Controller\BalancePlatformRequest::updateItemFields
	/home/bitrix/www/local/modules/kplab.api.v2/controller/BalancePlatformRequest.php:848
#1: KPLab\API\V2\Controller\BalancePlatformRequest::saveOvkData
	/home/bitrix/www/local/modules/kplab.api.v2/controller/BalancePlatformRequest.php:887
#2: KPLab\API\V2\Controller\BalancePlatformRequest::saveAllData
	/home/bitrix/www/local/modules/kplab.api.v2/controller/BalancePlatformRequest.php:612
#3: KPLab\API\V2\Controller\BalancePlatformRequest::setParamsCompany
	/home/bitrix/www/local/modules/kplab.api.v2/controller/BalancePlatformRequest.php:80
#4: KPLab\API\V2\Controller\BalancePlatformRequest->recieveAction
	
#5: ReflectionMethod->invokeArgs
	/home/bitrix/www/bitrix/modules/main/lib/engine/autowire/binder.php:207
----------
Host: crm.seller-capital.ru:443
Date: 2025-01-23 18:01:37
Module: Данные Kontur Focus
array (
  'UF_CRM_COMPANY_KNTR_ADMIN_OFFENCE_CASE_COUNT' => 0,
  'UF_CRM_COMPANY_KNTR_ARBITR_CLAIMS_LOST_CASES_SUM' => 0,
  'UF_CRM_COMPANY_KNTR_ARBIT_CLAIMS_REVIEW_CASES_SUM' => 0,
  'UF_CRM_COMPANY_KNTR_ANY_FNS_BLOCKED_ACCOUNTS' => false,
  'UF_CRM_COMPANY_KNTR_ANY_SENT_DOCUMENTS_TO_FNS' => false,
  'UF_CRM_COMPANY_KNTR_ANY_DISQUALIFIED_DIRECTORS' => false,
  'UF_CRM_COMPANY_KNTR_BANKS' => 
  array (
  ),
  'UF_CRM_COMPANY_KNTR_BLOCKED_ACCOUNTS' => 
  array (
  ),
  'UF_CRM_COMPANY_KNTR_CERTIFICATE' => 
  array (
    0 => 'Declaration | 2029-12-03 | Изделия 2-го слоя верхние трикотажные мужские и женские из хлопчатобумажной пряжи, в том числе в смеси с льняными, конопляными, натуральными шелковыми, искусственными, синтетическими нитями, из искусственной пряжи, в том числе в смеси с хлопковыми, льняными, шерстяными, синтетическими нитями, в том числе в смеси с металлизированными нитями, из полушерстяной, шерстяной, чистошерстяной, чистольняной, льняной пряжи, в том числе в смеси с хлопковыми, натуральными шелковыми, искусственными, синтетическими нитями, из пряжи из натуральных шелковых нитей, в том числе в смеси с хлопковыми, шерстяными, синтетическими нитями, из натуральной конопляной пряжи, в том числе в смеси с хлопковыми, натуральными шелковыми нитями, из синтетической пряжи, в том числе в смеси с хлопковыми, шерстяными, льняными, натуральными шелковыми, искусственными нитями, в том числе в смеси с металлизированными нитями, с нанесением принта в комплектах и отдельными предметами, в том числе для активного отдыха:',
    1 => 'Declaration | 2029-06-30 | Изделия верхние швейные второго слоя мужские и женские из хлопчатобумажных тканей, в том числе в смеси с льняными, натуральными шелковыми, искусственными, синтетическими нитями, из искусственных тканей, в том числе в смеси с хлопковыми, льняными, крапива, синтетическими нитями, в том числе в смеси с металлизированными нитями, из чистольняных тканей, из льняных тканей в смеси с хлопковыми, натуральными шелковыми, искусственными, синтетическими нитями, из натуральных шелковых тканей, в том числе в смеси с хлопковыми, синтетическими нитями, из натуральных конопляных тканей, в том числе в смеси с хлопковыми, натуральными шелковыми нитями, из синтетических тканей, в том числе в смеси с хлопковыми, льняными, натуральными шелковыми, искусственными нитями, в том числе в смеси с металлизированными нитями, с нанесением принта:',
    2 => 'Declaration | 2027-09-09 | Изделия хозяйственного обихода из пластмасс, металла, дерева, керамики, резины, стекла, рисового волокна, рисовой шелухи, виниловые, полиэтиленовые, пластиковые, силиконовые, пвх, эмалированные, алюминиевые, нержавеющая сталь в том числе с натуральной щетиной в наборах и отдельными предметами для взрослых:',
    3 => 'Declaration | 2027-08-08 | Аксессуары для животных, работающие от сети и на перезаряжаемых аккумуляторах: гриндер когтеточка для когтей домашних животных, машинка для стрижки триммер для домашних животных, фонтан поилка для домашних животных, марки: MOREST.',
    4 => 'Declaration | 2024-02-15 | Изделия верхние трикотажные для взрослых из хлопчатобумажной( в том числе джинсовой), смешанной, шерстяной пряжи, из пряжи из химических (синтетических, искусственных) волокон, в том числе дублированная полимерными материалами (полиамид, эластан, вискоза, полиэстер, нейлон, спандекс, лайкра, полиуретан, шерсть, акрил, хлопок): костюмы, брюки, в том числе "леггинсы", "тайтсы", "велосипедки", "джинсы", "джеггинсы", юбки, пиджаки, свитеры, в том числе "худи", в том числе с длинным воротом "водолазки", "лонгсливы", шорты, в том числе спортивные (не предназначенные для экипировки спортивных команд),',
    5 => 'Declaration | 2026-07-11 | Шторки для душа из синтетических материалов',
  ),
  'UF_CRM_COMPANY_KNTR_LESSEE_CONTRACTS' => ' | ',
  'UF_CRM_COMPANY_KNTR_CONNECTED_COMPANIES' => 
  array (
    0 => 
    array (
      'inn' => '5027170658',
      'name' => 'Общество С Ограниченной Ответственностью "Проектпро"',
      'roleInTheConnectedCompany' => 
      array (
        0 => 
        array (
          'roleType' => 'Manager',
          'actualityType' => 'Actual',
          'founderShare' => NULL,
        ),
        1 => 
        array (
          'roleType' => 'Founder',
          'actualityType' => 'Actual',
          'founderShare' => 
          array (
            'sum' => 4000.0,
            'percentagePlain' => 40.0,
          ),
        ),
      ),
    ),
  ),
  'UF_CRM_COMPANY_KNTR_CONNECTED_SITES' => 
  array (
    0 => 'aviku.ru',
  ),
  'UF_CRM_COMPANY_KNTR_ENFORCEMENT_PROCEEDINGS_SUM' => 0,
  'UF_CRM_COMPANY_KNTR_IN_ANY_SANCTION_LISTS' => false,
  'UF_CRM_COMPANY_KNTR_IN_ANY_FNS_LIST' => false,
  'UF_CRM_COMPANY_KNTR_IN_STRATEGIC_ENTERPRISE_LIST' => false,
  'UF_CRM_COMPANY_KNTR_IN_JOIN_STOCK_CMPNY_LIST91P' => false,
  'UF_CRM_COMPANY_KNTR_IN_UNRELIABLE_SIPPLIER_LIST' => false,
  'UF_CRM_COMPANY_KNTR_MSP_LIST_DATE' => '2021-08-10',
  'UF_CRM_COMPANY_KNTR_LICENSES' => NULL,
  'UF_CRM_COMPANY_KNTR_TRADEMARKS' => 
  array (
  ),
  'UF_CRM_COMPANY_KNTR_LAST_BANKRUPTCY_DATA' => ' | ',
)
#0: KPLab\API\V2\Controller\BalancePlatformRequest::updateItemFields
	/home/bitrix/www/local/modules/kplab.api.v2/controller/BalancePlatformRequest.php:852
#1: KPLab\API\V2\Controller\BalancePlatformRequest::saveKonturFocusData
	/home/bitrix/www/local/modules/kplab.api.v2/controller/BalancePlatformRequest.php:897
#2: KPLab\API\V2\Controller\BalancePlatformRequest::saveAllData
	/home/bitrix/www/local/modules/kplab.api.v2/controller/BalancePlatformRequest.php:612
#3: KPLab\API\V2\Controller\BalancePlatformRequest::setParamsCompany
	/home/bitrix/www/local/modules/kplab.api.v2/controller/BalancePlatformRequest.php:80
#4: KPLab\API\V2\Controller\BalancePlatformRequest->recieveAction
	
#5: ReflectionMethod->invokeArgs
	/home/bitrix/www/bitrix/modules/main/lib/engine/autowire/binder.php:207
----------
Host: crm.seller-capital.ru:443
Date: 2025-01-23 18:01:41
Module: Данные Kontur Prisma
array (
  'UF_CRM_COMPANY_KNTR_IN_GOVERNMENT_DIRECTIVE_LIST' => NULL,
  'UF_CRM_COMPANY_KNTR_IN_STRATEGIC_ORG_LIST' => NULL,
  'UF_CRM_COMPANY_KNTR_WEBSITE_BLOCK_INFOS' => 
  array (
  ),
  'UF_CRM_COMPANY_KNTR_IN_PRLIFRTN_RISK_DETECTIONLIST' => false,
  'UF_CRM_COMPANY_KNTR_IN_REFUSAL_LIST764P' => false,
  'UF_CRM_COMPANY_KNTR_IN_BANK_REFUSAL_LIST764P' => NULL,
  'UF_CRM_COMPANY_KNTR_IN_SANCTIONS_LIST' => false,
  'UF_CRM_COMPANY_KNTR_IN_STRATEGIC_COMPANIES_LIST' => false,
  'UF_CRM_COMPANY_KNTR_IN_TERRORIST_LIST' => false,
  'UF_CRM_COMPANY_KNTR_IN_EXTREMISTS_LIST' => false,
  'UF_CRM_COMPANY_KNTR_IN_INTERDEP_COMMISSION_LIST' => false,
  'UF_CRM_COMPANY_KNTR_IN_WEAPON_MASS_DESTRUCTION_DIS' => false,
  'UF_CRM_COMPANY_KNTR_IN_ILLEG_LENDER_INDICATOR_LIST' => false,
  'UF_CRM_COMPANY_KNTR_IN_PYRAMID_SCHEME_INDICATAOR_L' => false,
  'UF_CRM_COMPANY_KNTR_ILLEG_SECUR_MARKET_PARTICIPANT' => false,
)
#0: KPLab\API\V2\Controller\BalancePlatformRequest::updateItemFields
	/home/bitrix/www/local/modules/kplab.api.v2/controller/BalancePlatformRequest.php:856
#1: KPLab\API\V2\Controller\BalancePlatformRequest::saveKonturPrismaData
	/home/bitrix/www/local/modules/kplab.api.v2/controller/BalancePlatformRequest.php:906
#2: KPLab\API\V2\Controller\BalancePlatformRequest::saveAllData
	/home/bitrix/www/local/modules/kplab.api.v2/controller/BalancePlatformRequest.php:612
#3: KPLab\API\V2\Controller\BalancePlatformRequest::setParamsCompany
	/home/bitrix/www/local/modules/kplab.api.v2/controller/BalancePlatformRequest.php:80
#4: KPLab\API\V2\Controller\BalancePlatformRequest->recieveAction
	
#5: ReflectionMethod->invokeArgs
	/home/bitrix/www/bitrix/modules/main/lib/engine/autowire/binder.php:207
----------
Host: crm.seller-capital.ru:443
Date: 2025-01-23 18:01:46
Module: Данные Checklist StatusType
array (
  'UF_CRM_COMPANY_CHKLST' => '19317',
)
#0: KPLab\API\V2\Controller\BalancePlatformRequest::updateItemFields
	/home/bitrix/www/local/modules/kplab.api.v2/controller/BalancePlatformRequest.php:860
#1: KPLab\API\V2\Controller\BalancePlatformRequest::saveChecklistStatusTypeData
	/home/bitrix/www/local/modules/kplab.api.v2/controller/BalancePlatformRequest.php:915
#2: KPLab\API\V2\Controller\BalancePlatformRequest::saveAllData
	/home/bitrix/www/local/modules/kplab.api.v2/controller/BalancePlatformRequest.php:612
#3: KPLab\API\V2\Controller\BalancePlatformRequest::setParamsCompany
	/home/bitrix/www/local/modules/kplab.api.v2/controller/BalancePlatformRequest.php:80
#4: KPLab\API\V2\Controller\BalancePlatformRequest->recieveAction
	
#5: ReflectionMethod->invokeArgs
	/home/bitrix/www/bitrix/modules/main/lib/engine/autowire/binder.php:207
----------
Host: crm.seller-capital.ru:443
Date: 2025-01-23 18:01:51
Module: Данные checklistStatus
array (
  'UF_CRM_CHKLST' => 20874,
)
#0: KPLab\API\V2\Controller\BalancePlatformRequest::updateItemFields
	/home/bitrix/www/local/modules/kplab.api.v2/controller/BalancePlatformRequest.php:870
#1: KPLab\API\V2\Controller\BalancePlatformRequest::saveChecklistStatusNumData
	/home/bitrix/www/local/modules/kplab.api.v2/controller/BalancePlatformRequest.php:923
#2: KPLab\API\V2\Controller\BalancePlatformRequest::saveAllData
	/home/bitrix/www/local/modules/kplab.api.v2/controller/BalancePlatformRequest.php:612
#3: KPLab\API\V2\Controller\BalancePlatformRequest::setParamsCompany
	/home/bitrix/www/local/modules/kplab.api.v2/controller/BalancePlatformRequest.php:80
#4: KPLab\API\V2\Controller\BalancePlatformRequest->recieveAction
	
#5: ReflectionMethod->invokeArgs
	/home/bitrix/www/bitrix/modules/main/lib/engine/autowire/binder.php:207
----------
Host: crm.seller-capital.ru:443
Date: 2025-01-23 18:01:51
Module: Данные Checklist
array (
  'UF_CRM_COMPANY_INCOME_TO_SALE_RATIO' => 0.291,
  'UF_CRM_COMPANY_CHKLST_MARKETPLACE_DURATION_IN_MNTH' => 29,
  'UF_CRM_COMPANY_CHKLST_STOK_SUM_LIMIT_SIX_MTH_RATIO' => 6.314722897553026,
  'UF_CRM_COMPANY_CHKLST_SMOOTHED_LIM_FOR_SIX_MONTHS' => 1370534.0,
  'UF_CRM_COMPANY_CHKLST_PDN' => 473.00000000000006,
  'UF_CRM_COMPANY_CHKLST_ANY_FNS_BLOCKED_ACCOUNTS' => false,
  'UF_CRM_COMPANY_CHKLST_PERSON_VALID_PASSPORT' => true,
  'UF_CRM_COMPANY_CHKLST_LOCATED_IN_LISTS_NAMES' => false,
  'UF_CRM_COMPANY_CHKLST_IN_UNRELIABLE_SUPPLIER_LIST' => false,
  'UF_CRM_COMPANY_CHKLST_ANY_DISQUALIFIED_DIRECTORS' => false,
  'UF_CRM_COMPANY_CHKLST_PERSON_AGE_LIST' => 43,
  'UF_CRM_COMPANY_CHKLST_HAS_PERSON_RUSSIAN_NATIONAL' => true,
  'UF_CRM_COMPANY_CHKLST_MAX_ACTIVE_LOAN_OVERDUE_DAYS' => 11,
  'UF_CRM_COMPANY_CHKLST_ANY_LONG_OVERDUE_LOAN' => false,
  'UF_CRM_COMPANY_CHKLST_PERSON_LOAN_DATE' => NULL,
  'UF_CRM_COMPANY_CHKLST_PERSON_ACTIVE_MICRO_LOAN_CNT' => 0,
  'UF_CRM_COMPANY_CHKLST_PERSON_ACTIVE_FSSP_SUM' => 0.0,
  'UF_CRM_COMPANY_CHKLST_CLAIMS_SUM_INC_FOR_SIX_MONTH' => 0.0,
  'UF_CRM_COMPANY_CHKLST_LAST_BANKRUPTCY_DATE' => NULL,
  'UF_CRM_COMPANY_CHKLST_AUTO_LIMIT' => 0,
)
#0: KPLab\API\V2\Controller\BalancePlatformRequest::updateItemFields
	/home/bitrix/www/local/modules/kplab.api.v2/controller/BalancePlatformRequest.php:878
#1: KPLab\API\V2\Controller\BalancePlatformRequest::saveChecklistData
	/home/bitrix/www/local/modules/kplab.api.v2/controller/BalancePlatformRequest.php:932
#2: KPLab\API\V2\Controller\BalancePlatformRequest::saveAllData
	/home/bitrix/www/local/modules/kplab.api.v2/controller/BalancePlatformRequest.php:612
#3: KPLab\API\V2\Controller\BalancePlatformRequest::setParamsCompany
	/home/bitrix/www/local/modules/kplab.api.v2/controller/BalancePlatformRequest.php:80
#4: KPLab\API\V2\Controller\BalancePlatformRequest->recieveAction
	
#5: ReflectionMethod->invokeArgs
	/home/bitrix/www/bitrix/modules/main/lib/engine/autowire/binder.php:207
----------
Host: crm.seller-capital.ru:443
Date: 2025-01-23 18:01:56
Module: Данные Checklist RefusedInStatusByData
array (
  'UF_CRM_COMPANY_CHKLST_REFUSED_IN_STATUS_BY_DATA' => 
  array (
    0 => 'PDN',
  ),
  'UF_CRM_COMPANY_CHKLST_AUTOMATIC_APPROVE' => 
  array (
    0 => 'IncomeToSaleRatio',
    1 => 'GrowRate',
    2 => 'PDN',
    3 => 'MaxLoanOverdueDays',
    4 => 'LimitForAutoApprove',
  ),
  'UF_CRM_COMPANY_CHKLST_AUTHORIZED_PERSON' => 
  array (
    0 => 'GrowRate',
    1 => 'PDN',
  ),
  'UF_CRM_COMPANY_CHKLST_CREDIT_COMMITTEE' => 
  array (
    0 => 'PDN',
  ),
)
#0: KPLab\API\V2\Controller\BalancePlatformRequest::updateItemFields
	/home/bitrix/www/local/modules/kplab.api.v2/controller/BalancePlatformRequest.php:882
#1: KPLab\API\V2\Controller\BalancePlatformRequest::saveRefusedInStatusByData
	/home/bitrix/www/local/modules/kplab.api.v2/controller/BalancePlatformRequest.php:941
#2: KPLab\API\V2\Controller\BalancePlatformRequest::saveAllData
	/home/bitrix/www/local/modules/kplab.api.v2/controller/BalancePlatformRequest.php:612
#3: KPLab\API\V2\Controller\BalancePlatformRequest::setParamsCompany
	/home/bitrix/www/local/modules/kplab.api.v2/controller/BalancePlatformRequest.php:80
#4: KPLab\API\V2\Controller\BalancePlatformRequest->recieveAction
	
#5: ReflectionMethod->invokeArgs
	/home/bitrix/www/bitrix/modules/main/lib/engine/autowire/binder.php:207
----------
Host: crm.seller-capital.ru:443
Date: 2025-01-23 18:02:02
Module: Данные ratingStatus
array (
  'UF_CRM_TARIF_OF_SELLERS' => 20863,
)
#0: KPLab\API\V2\Controller\BalancePlatformRequest::updateItemFields
	/home/bitrix/www/local/modules/kplab.api.v2/controller/BalancePlatformRequest.php:874
#1: KPLab\API\V2\Controller\BalancePlatformRequest::saveRatingStatus
	/home/bitrix/www/local/modules/kplab.api.v2/controller/BalancePlatformRequest.php:950
#2: KPLab\API\V2\Controller\BalancePlatformRequest::saveAllData
	/home/bitrix/www/local/modules/kplab.api.v2/controller/BalancePlatformRequest.php:612
#3: KPLab\API\V2\Controller\BalancePlatformRequest::setParamsCompany
	/home/bitrix/www/local/modules/kplab.api.v2/controller/BalancePlatformRequest.php:80
#4: KPLab\API\V2\Controller\BalancePlatformRequest->recieveAction
	
#5: ReflectionMethod->invokeArgs
	/home/bitrix/www/bitrix/modules/main/lib/engine/autowire/binder.php:207
----------
Host: crm.seller-capital.ru:443
Date: 2025-01-23 18:02:08
Module: Данные HasBankStatements
array (
  'UF_CRM_AVERAGE_SALES_COUNT' => true,
)
#0: KPLab\API\V2\Controller\BalancePlatformRequest::updateItemFields
	/home/bitrix/www/local/modules/kplab.api.v2/controller/BalancePlatformRequest.php:628
#1: KPLab\API\V2\Controller\BalancePlatformRequest::setParamsCompany
	/home/bitrix/www/local/modules/kplab.api.v2/controller/BalancePlatformRequest.php:80
#2: KPLab\API\V2\Controller\BalancePlatformRequest->recieveAction
	
#3: ReflectionMethod->invokeArgs
	/home/bitrix/www/bitrix/modules/main/lib/engine/autowire/binder.php:207
#4: Bitrix\Main\Engine\AutoWire\Binder->invoke
	/home/bitrix/www/bitrix/modules/main/lib/engine/action.php:117
#5: Bitrix\Main\Engine\Action->runWithSourceParametersList
	/home/bitrix/www/bitrix/modules/main/lib/engine/controller.php:425
----------
Host: crm.seller-capital.ru:443
Date: 2025-01-23 19:26:45
Module: Данные ovk
array (
  'UF_CRM_COMPANY_OVK_CHECKDOMAIN' => false,
  'UF_CRM_COMPANY_OVK_CHECK_COMPANY_INFO' => false,
  'UF_CRM_COMPANY_OVK_CHECK_LICENSES' => false,
  'UF_CRM_COMPANY_OVK_IS_IN_TERRORIST_LIST' => false,
  'UF_CRM_COMPANY_OVK_IS_IN_MVK_LIST' => false,
  'UF_CRM_COMPANY_OVK_IS_IN_OMU_LIST' => false,
  'UF_CRM_COMPANY_OVK_IS_IN_STRATEGIC_LIST' => false,
  'UF_CRM_COMPANY_OVK_IS_IN_OPK_ULS' => false,
  'UF_CRM_COMPANY_OVK_IS_IN_SANCTION_LIST' => false,
  'UF_CRM_COMPANY_OVK_IS_IN_PEP_LIST' => false,
  'UF_CRM_COMPANY_OVK_IS_IN_764_LIST' => false,
  'UF_CRM_COMPANY_OVK_IS_IN_FINANCIAL_PYRAMYDE' => false,
  'UF_CRM_COMPANY_OVK_IS_IN_ILLEGAL_CREDITOR' => false,
  'UF_CRM_COMPANY_OVK_RESULT' => false,
)
#0: KPLab\API\V2\Controller\BalancePlatformRequest::updateItemFields
	/home/bitrix/www/local/modules/kplab.api.v2/controller/BalancePlatformRequest.php:848
#1: KPLab\API\V2\Controller\BalancePlatformRequest::saveOvkData
	/home/bitrix/www/local/modules/kplab.api.v2/controller/BalancePlatformRequest.php:887
#2: KPLab\API\V2\Controller\BalancePlatformRequest::saveAllData
	/home/bitrix/www/local/modules/kplab.api.v2/controller/BalancePlatformRequest.php:612
#3: KPLab\API\V2\Controller\BalancePlatformRequest::setParamsCompany
	/home/bitrix/www/local/modules/kplab.api.v2/controller/BalancePlatformRequest.php:80
#4: KPLab\API\V2\Controller\BalancePlatformRequest->recieveAction
	
#5: ReflectionMethod->invokeArgs
	/home/bitrix/www/bitrix/modules/main/lib/engine/autowire/binder.php:207
----------
Host: crm.seller-capital.ru:443
Date: 2025-01-23 19:26:50
Module: Данные Kontur Focus
array (
  'UF_CRM_COMPANY_KNTR_ADMIN_OFFENCE_CASE_COUNT' => 0,
  'UF_CRM_COMPANY_KNTR_ARBITR_CLAIMS_LOST_CASES_SUM' => 0,
  'UF_CRM_COMPANY_KNTR_ARBIT_CLAIMS_REVIEW_CASES_SUM' => 0,
  'UF_CRM_COMPANY_KNTR_ANY_FNS_BLOCKED_ACCOUNTS' => false,
  'UF_CRM_COMPANY_KNTR_ANY_SENT_DOCUMENTS_TO_FNS' => false,
  'UF_CRM_COMPANY_KNTR_ANY_DISQUALIFIED_DIRECTORS' => false,
  'UF_CRM_COMPANY_KNTR_BANKS' => 
  array (
    0 => 
    array (
      'name' => 'Филиал "Центральный" Банка ВТБ (ПАО)',
      'accountNumbers' => 
      array (
      ),
    ),
    1 => 
    array (
      'name' => 'ПАО Сбербанк',
      'accountNumbers' => 
      array (
      ),
    ),
    2 => 
    array (
      'name' => 'Московский Филиал АО КБ "Модульбанк"',
      'accountNumbers' => 
      array (
      ),
    ),
  ),
  'UF_CRM_COMPANY_KNTR_BLOCKED_ACCOUNTS' => 
  array (
  ),
  'UF_CRM_COMPANY_KNTR_CERTIFICATE' => 
  array (
    0 => 'Declaration | 2029-04-22 | Одежда верхняя швейная второго слоя для взрослых из тканей из смеси искусственных нитей, шерстяных волокон и синтетических нитей; из тканей из смеси синтетических нитей, шерстяных волокон и искусственных нитей; из тканей из синтетических нитей; из тканей из смеси синтетических, искусственных нитей и шерстяных волокон; из полушерстяных; смешанных тканей; из тканей из смеси синтетических нитей и хлопковых волокон; из тканей из смеси искусственных и синтетических нитей; из хлопчатобумажных тканей с добавлением эластана; из тканей из синтетических нитей с нанесенным полимерным покрытием (искусственная кожа):',
    1 => 'Certificate | 2025-11-20 | Изделия чулочно-носочные трикотажные первого слоя для мальчиков и девочек дошкольной, школьной и подростковой возрастных групп из смешанной пряжи',
    2 => 'Certificate | 2027-11-20 | Изделия чулочно-носочные трикотажные первого слоя мужские и женские из смешанной пряжи',
    3 => 'Certificate | 2025-04-17 | Обувь домашняя детская (ясельная, дошкольная, школьная – для девочек, школьная – для мальчиков,) с верхом из текстильных материалов, в том числе с элементами отделки из полимерных материалов, текстильных материалов с подкладкой и вкладной стелькой из текстильных материалов (с вложением химических волокон не более 20% для ясельной обуви), на подошве из текстильных материалов с элементами из полимерных материалов, клеевого, клеепрошивного и прошивного методов крепления, в комплектах и отдельными предметами,',
    4 => 'Certificate | 2022-11-10 | Игрушки для детей старше трех лет, мягконабивные, с верхом из текстильных материалов, с набивкой из синтетических волокон, с элементами из металла, без механизмов, не озвученные',
    5 => 'Certificate | 2022-07-29 | Мебель детская бытовая для сидения и лежания, бескаркасная, из текстильных материалов с набивкой из синтетических волокон: кресла, диваны, кровати, стулья',
    6 => 'Certificate | 2024-10-25 | Изделия чулочно-носочные трикотажные первого слоя для мальчиков и девочек дошкольной, школьной и подростковой групп из хлопкового волокна с вложением синтетических нитей, из хлопкового волокна в смеси с синтетическими волокнами с вложением полиуретановых нитей, из синтетических нитей: колготки, леггинсы, получулки, гольфы, гетры, носки, подследники,',
    7 => 'Certificate | 2026-10-25 | Изделия чулочно-носочные трикотажные первого слоя мужские и женские из хлопкового волокна в смеси с синтетическими волокнами с вложением полиуретановых нитей, из синтетических нитей с вложением эластомерных нитей, из хлопчатобумажной пряжи: колготки, леггинсы, чулки, лосины, получулки, гольфы, гетры, носки, подследники,',
  ),
  'UF_CRM_COMPANY_KNTR_LESSEE_CONTRACTS' => 'Array | 2022-03-25',
  'UF_CRM_COMPANY_KNTR_CONNECTED_COMPANIES' => 
  array (
    0 => 
    array (
      'inn' => '7724394176',
      'name' => 'Общество С Ограниченной Ответственностью "Лидер"',
      'roleInTheConnectedCompany' => 
      array (
        0 => 
        array (
          'roleType' => 'Manager',
          'actualityType' => 'Actual',
          'founderShare' => NULL,
        ),
        1 => 
        array (
          'roleType' => 'Founder',
          'actualityType' => 'Actual',
          'founderShare' => 
          array (
            'sum' => 20000.0,
            'percentagePlain' => 100.0,
          ),
        ),
      ),
    ),
    1 => 
    array (
      'inn' => '9704202218',
      'name' => 'Общество С Ограниченной Ответственностью "Гламурики"',
      'roleInTheConnectedCompany' => 
      array (
        0 => 
        array (
          'roleType' => 'Manager',
          'actualityType' => 'Actual',
          'founderShare' => NULL,
        ),
        1 => 
        array (
          'roleType' => 'Founder',
          'actualityType' => 'Actual',
          'founderShare' => 
          array (
            'sum' => 5100.0,
            'percentagePlain' => 51.0,
          ),
        ),
      ),
    ),
  ),
  'UF_CRM_COMPANY_KNTR_CONNECTED_SITES' => 
  array (
  ),
  'UF_CRM_COMPANY_KNTR_ENFORCEMENT_PROCEEDINGS_SUM' => 0,
  'UF_CRM_COMPANY_KNTR_IN_ANY_SANCTION_LISTS' => false,
  'UF_CRM_COMPANY_KNTR_IN_ANY_FNS_LIST' => false,
  'UF_CRM_COMPANY_KNTR_IN_STRATEGIC_ENTERPRISE_LIST' => false,
  'UF_CRM_COMPANY_KNTR_IN_JOIN_STOCK_CMPNY_LIST91P' => false,
  'UF_CRM_COMPANY_KNTR_IN_UNRELIABLE_SIPPLIER_LIST' => false,
  'UF_CRM_COMPANY_KNTR_MSP_LIST_DATE' => '2021-02-10',
  'UF_CRM_COMPANY_KNTR_LICENSES' => NULL,
  'UF_CRM_COMPANY_KNTR_TRADEMARKS' => 
  array (
  ),
  'UF_CRM_COMPANY_KNTR_LAST_BANKRUPTCY_DATA' => ' | ',
)
#0: KPLab\API\V2\Controller\BalancePlatformRequest::updateItemFields
	/home/bitrix/www/local/modules/kplab.api.v2/controller/BalancePlatformRequest.php:852
#1: KPLab\API\V2\Controller\BalancePlatformRequest::saveKonturFocusData
	/home/bitrix/www/local/modules/kplab.api.v2/controller/BalancePlatformRequest.php:897
#2: KPLab\API\V2\Controller\BalancePlatformRequest::saveAllData
	/home/bitrix/www/local/modules/kplab.api.v2/controller/BalancePlatformRequest.php:612
#3: KPLab\API\V2\Controller\BalancePlatformRequest::setParamsCompany
	/home/bitrix/www/local/modules/kplab.api.v2/controller/BalancePlatformRequest.php:80
#4: KPLab\API\V2\Controller\BalancePlatformRequest->recieveAction
	
#5: ReflectionMethod->invokeArgs
	/home/bitrix/www/bitrix/modules/main/lib/engine/autowire/binder.php:207
----------
Host: crm.seller-capital.ru:443
Date: 2025-01-23 19:26:56
Module: Данные Kontur Prisma
array (
  'UF_CRM_COMPANY_KNTR_IN_GOVERNMENT_DIRECTIVE_LIST' => NULL,
  'UF_CRM_COMPANY_KNTR_IN_STRATEGIC_ORG_LIST' => NULL,
  'UF_CRM_COMPANY_KNTR_WEBSITE_BLOCK_INFOS' => 
  array (
  ),
  'UF_CRM_COMPANY_KNTR_IN_PRLIFRTN_RISK_DETECTIONLIST' => false,
  'UF_CRM_COMPANY_KNTR_IN_REFUSAL_LIST764P' => false,
  'UF_CRM_COMPANY_KNTR_IN_BANK_REFUSAL_LIST764P' => NULL,
  'UF_CRM_COMPANY_KNTR_IN_SANCTIONS_LIST' => false,
  'UF_CRM_COMPANY_KNTR_IN_STRATEGIC_COMPANIES_LIST' => false,
  'UF_CRM_COMPANY_KNTR_IN_TERRORIST_LIST' => false,
  'UF_CRM_COMPANY_KNTR_IN_EXTREMISTS_LIST' => false,
  'UF_CRM_COMPANY_KNTR_IN_INTERDEP_COMMISSION_LIST' => false,
  'UF_CRM_COMPANY_KNTR_IN_WEAPON_MASS_DESTRUCTION_DIS' => false,
  'UF_CRM_COMPANY_KNTR_IN_ILLEG_LENDER_INDICATOR_LIST' => false,
  'UF_CRM_COMPANY_KNTR_IN_PYRAMID_SCHEME_INDICATAOR_L' => false,
  'UF_CRM_COMPANY_KNTR_ILLEG_SECUR_MARKET_PARTICIPANT' => false,
)
#0: KPLab\API\V2\Controller\BalancePlatformRequest::updateItemFields
	/home/bitrix/www/local/modules/kplab.api.v2/controller/BalancePlatformRequest.php:856
#1: KPLab\API\V2\Controller\BalancePlatformRequest::saveKonturPrismaData
	/home/bitrix/www/local/modules/kplab.api.v2/controller/BalancePlatformRequest.php:906
#2: KPLab\API\V2\Controller\BalancePlatformRequest::saveAllData
	/home/bitrix/www/local/modules/kplab.api.v2/controller/BalancePlatformRequest.php:612
#3: KPLab\API\V2\Controller\BalancePlatformRequest::setParamsCompany
	/home/bitrix/www/local/modules/kplab.api.v2/controller/BalancePlatformRequest.php:80
#4: KPLab\API\V2\Controller\BalancePlatformRequest->recieveAction
	
#5: ReflectionMethod->invokeArgs
	/home/bitrix/www/bitrix/modules/main/lib/engine/autowire/binder.php:207
----------
Host: crm.seller-capital.ru:443
Date: 2025-01-23 19:27:01
Module: Данные Checklist StatusType
array (
  'UF_CRM_COMPANY_CHKLST' => '19317',
)
#0: KPLab\API\V2\Controller\BalancePlatformRequest::updateItemFields
	/home/bitrix/www/local/modules/kplab.api.v2/controller/BalancePlatformRequest.php:860
#1: KPLab\API\V2\Controller\BalancePlatformRequest::saveChecklistStatusTypeData
	/home/bitrix/www/local/modules/kplab.api.v2/controller/BalancePlatformRequest.php:915
#2: KPLab\API\V2\Controller\BalancePlatformRequest::saveAllData
	/home/bitrix/www/local/modules/kplab.api.v2/controller/BalancePlatformRequest.php:612
#3: KPLab\API\V2\Controller\BalancePlatformRequest::setParamsCompany
	/home/bitrix/www/local/modules/kplab.api.v2/controller/BalancePlatformRequest.php:80
#4: KPLab\API\V2\Controller\BalancePlatformRequest->recieveAction
	
#5: ReflectionMethod->invokeArgs
	/home/bitrix/www/bitrix/modules/main/lib/engine/autowire/binder.php:207
----------
Host: crm.seller-capital.ru:443
Date: 2025-01-23 19:27:06
Module: Данные checklistStatus
array (
  'UF_CRM_CHKLST' => 20874,
)
#0: KPLab\API\V2\Controller\BalancePlatformRequest::updateItemFields
	/home/bitrix/www/local/modules/kplab.api.v2/controller/BalancePlatformRequest.php:870
#1: KPLab\API\V2\Controller\BalancePlatformRequest::saveChecklistStatusNumData
	/home/bitrix/www/local/modules/kplab.api.v2/controller/BalancePlatformRequest.php:923
#2: KPLab\API\V2\Controller\BalancePlatformRequest::saveAllData
	/home/bitrix/www/local/modules/kplab.api.v2/controller/BalancePlatformRequest.php:612
#3: KPLab\API\V2\Controller\BalancePlatformRequest::setParamsCompany
	/home/bitrix/www/local/modules/kplab.api.v2/controller/BalancePlatformRequest.php:80
#4: KPLab\API\V2\Controller\BalancePlatformRequest->recieveAction
	
#5: ReflectionMethod->invokeArgs
	/home/bitrix/www/bitrix/modules/main/lib/engine/autowire/binder.php:207
----------
Host: crm.seller-capital.ru:443
Date: 2025-01-23 19:27:06
Module: Данные Checklist
array (
  'UF_CRM_COMPANY_INCOME_TO_SALE_RATIO' => 0.322,
  'UF_CRM_COMPANY_CHKLST_MARKETPLACE_DURATION_IN_MNTH' => 48,
  'UF_CRM_COMPANY_CHKLST_STOK_SUM_LIMIT_SIX_MTH_RATIO' => 2.004637475455131,
  'UF_CRM_COMPANY_CHKLST_SMOOTHED_LIM_FOR_SIX_MONTHS' => 2918950.0,
  'UF_CRM_COMPANY_CHKLST_PDN' => 462.0,
  'UF_CRM_COMPANY_CHKLST_ANY_FNS_BLOCKED_ACCOUNTS' => false,
  'UF_CRM_COMPANY_CHKLST_PERSON_VALID_PASSPORT' => true,
  'UF_CRM_COMPANY_CHKLST_LOCATED_IN_LISTS_NAMES' => false,
  'UF_CRM_COMPANY_CHKLST_IN_UNRELIABLE_SUPPLIER_LIST' => false,
  'UF_CRM_COMPANY_CHKLST_ANY_DISQUALIFIED_DIRECTORS' => false,
  'UF_CRM_COMPANY_CHKLST_PERSON_AGE_LIST' => 57,
  'UF_CRM_COMPANY_CHKLST_HAS_PERSON_RUSSIAN_NATIONAL' => true,
  'UF_CRM_COMPANY_CHKLST_MAX_ACTIVE_LOAN_OVERDUE_DAYS' => NULL,
  'UF_CRM_COMPANY_CHKLST_ANY_LONG_OVERDUE_LOAN' => false,
  'UF_CRM_COMPANY_CHKLST_PERSON_LOAN_DATE' => NULL,
  'UF_CRM_COMPANY_CHKLST_PERSON_ACTIVE_MICRO_LOAN_CNT' => 0,
  'UF_CRM_COMPANY_CHKLST_PERSON_ACTIVE_FSSP_SUM' => 0.0,
  'UF_CRM_COMPANY_CHKLST_CLAIMS_SUM_INC_FOR_SIX_MONTH' => 0.0,
  'UF_CRM_COMPANY_CHKLST_LAST_BANKRUPTCY_DATE' => NULL,
  'UF_CRM_COMPANY_CHKLST_AUTO_LIMIT' => 0,
)
#0: KPLab\API\V2\Controller\BalancePlatformRequest::updateItemFields
	/home/bitrix/www/local/modules/kplab.api.v2/controller/BalancePlatformRequest.php:878
#1: KPLab\API\V2\Controller\BalancePlatformRequest::saveChecklistData
	/home/bitrix/www/local/modules/kplab.api.v2/controller/BalancePlatformRequest.php:932
#2: KPLab\API\V2\Controller\BalancePlatformRequest::saveAllData
	/home/bitrix/www/local/modules/kplab.api.v2/controller/BalancePlatformRequest.php:612
#3: KPLab\API\V2\Controller\BalancePlatformRequest::setParamsCompany
	/home/bitrix/www/local/modules/kplab.api.v2/controller/BalancePlatformRequest.php:80
#4: KPLab\API\V2\Controller\BalancePlatformRequest->recieveAction
	
#5: ReflectionMethod->invokeArgs
	/home/bitrix/www/bitrix/modules/main/lib/engine/autowire/binder.php:207
----------
Host: crm.seller-capital.ru:443
Date: 2025-01-23 19:27:11
Module: Данные Checklist RefusedInStatusByData
array (
  'UF_CRM_COMPANY_CHKLST_REFUSED_IN_STATUS_BY_DATA' => 
  array (
    0 => 'PDN',
  ),
  'UF_CRM_COMPANY_CHKLST_AUTOMATIC_APPROVE' => 
  array (
    0 => 'IncomeToSaleRatio',
    1 => 'ForecastSales',
    2 => 'GrowRate',
    3 => 'PersonAgeList',
    4 => 'PDN',
    5 => 'LimitForAutoApprove',
  ),
  'UF_CRM_COMPANY_CHKLST_AUTHORIZED_PERSON' => 
  array (
    0 => 'GrowRate',
    1 => 'PersonAgeList',
    2 => 'PDN',
  ),
  'UF_CRM_COMPANY_CHKLST_CREDIT_COMMITTEE' => 
  array (
    0 => 'PDN',
  ),
)
#0: KPLab\API\V2\Controller\BalancePlatformRequest::updateItemFields
	/home/bitrix/www/local/modules/kplab.api.v2/controller/BalancePlatformRequest.php:882
#1: KPLab\API\V2\Controller\BalancePlatformRequest::saveRefusedInStatusByData
	/home/bitrix/www/local/modules/kplab.api.v2/controller/BalancePlatformRequest.php:941
#2: KPLab\API\V2\Controller\BalancePlatformRequest::saveAllData
	/home/bitrix/www/local/modules/kplab.api.v2/controller/BalancePlatformRequest.php:612
#3: KPLab\API\V2\Controller\BalancePlatformRequest::setParamsCompany
	/home/bitrix/www/local/modules/kplab.api.v2/controller/BalancePlatformRequest.php:80
#4: KPLab\API\V2\Controller\BalancePlatformRequest->recieveAction
	
#5: ReflectionMethod->invokeArgs
	/home/bitrix/www/bitrix/modules/main/lib/engine/autowire/binder.php:207
----------
Host: crm.seller-capital.ru:443
Date: 2025-01-23 19:27:16
Module: Данные ratingStatus
array (
  'UF_CRM_TARIF_OF_SELLERS' => 20864,
)
#0: KPLab\API\V2\Controller\BalancePlatformRequest::updateItemFields
	/home/bitrix/www/local/modules/kplab.api.v2/controller/BalancePlatformRequest.php:874
#1: KPLab\API\V2\Controller\BalancePlatformRequest::saveRatingStatus
	/home/bitrix/www/local/modules/kplab.api.v2/controller/BalancePlatformRequest.php:950
#2: KPLab\API\V2\Controller\BalancePlatformRequest::saveAllData
	/home/bitrix/www/local/modules/kplab.api.v2/controller/BalancePlatformRequest.php:612
#3: KPLab\API\V2\Controller\BalancePlatformRequest::setParamsCompany
	/home/bitrix/www/local/modules/kplab.api.v2/controller/BalancePlatformRequest.php:80
#4: KPLab\API\V2\Controller\BalancePlatformRequest->recieveAction
	
#5: ReflectionMethod->invokeArgs
	/home/bitrix/www/bitrix/modules/main/lib/engine/autowire/binder.php:207
----------
Host: crm.seller-capital.ru:443
Date: 2025-01-23 19:27:21
Module: Данные HasBankStatements
array (
  'UF_CRM_AVERAGE_SALES_COUNT' => true,
)
#0: KPLab\API\V2\Controller\BalancePlatformRequest::updateItemFields
	/home/bitrix/www/local/modules/kplab.api.v2/controller/BalancePlatformRequest.php:628
#1: KPLab\API\V2\Controller\BalancePlatformRequest::setParamsCompany
	/home/bitrix/www/local/modules/kplab.api.v2/controller/BalancePlatformRequest.php:80
#2: KPLab\API\V2\Controller\BalancePlatformRequest->recieveAction
	
#3: ReflectionMethod->invokeArgs
	/home/bitrix/www/bitrix/modules/main/lib/engine/autowire/binder.php:207
#4: Bitrix\Main\Engine\AutoWire\Binder->invoke
	/home/bitrix/www/bitrix/modules/main/lib/engine/action.php:117
#5: Bitrix\Main\Engine\Action->runWithSourceParametersList
	/home/bitrix/www/bitrix/modules/main/lib/engine/controller.php:425
----------
