Host: crm.sodeistvie.su:443
Date: 2024-12-16 16:27:23
Module: queryArray
array (
  'partnerInn' => '632132137441',
)
#0: KPLab\API\V2\Controller\Partners->getSellersAction
	
#1: ReflectionMethod->invokeArgs
	/home/bitrix/www/bitrix/modules/main/lib/engine/autowire/binder.php:207
#2: Bitrix\Main\Engine\AutoWire\Binder->invoke
	/home/bitrix/www/bitrix/modules/main/lib/engine/action.php:117
#3: Bitrix\Main\Engine\Action->runWithSourceParametersList
	/home/bitrix/www/bitrix/modules/main/lib/engine/controller.php:425
#4: Bitrix\Main\Engine\Controller->run
	/home/bitrix/www/bitrix/modules/main/lib/httpapplication.php:140
#5: Bitrix\Main\HttpApplication->runController
	/home/bitrix/www/bitrix/modules/main/include/routing_index.php:135
----------
Host: crm.sodeistvie.su:443
Date: 2024-12-16 16:27:24
Module: referralId
false
#0: KPLab\API\V2\Controller\Partners->getSellersAction
	
#1: ReflectionMethod->invokeArgs
	/home/bitrix/www/bitrix/modules/main/lib/engine/autowire/binder.php:207
#2: Bitrix\Main\Engine\AutoWire\Binder->invoke
	/home/bitrix/www/bitrix/modules/main/lib/engine/action.php:117
#3: Bitrix\Main\Engine\Action->runWithSourceParametersList
	/home/bitrix/www/bitrix/modules/main/lib/engine/controller.php:425
#4: Bitrix\Main\Engine\Controller->run
	/home/bitrix/www/bitrix/modules/main/lib/httpapplication.php:140
#5: Bitrix\Main\HttpApplication->runController
	/home/bitrix/www/bitrix/modules/main/include/routing_index.php:135
----------
Host: crm.sodeistvie.su:443
Date: 2024-12-16 16:28:01
Module: queryArray
array (
  'partnerInn' => '772173434667',
)
#0: KPLab\API\V2\Controller\Partners->getSellersAction
	
#1: ReflectionMethod->invokeArgs
	/home/bitrix/www/bitrix/modules/main/lib/engine/autowire/binder.php:207
#2: Bitrix\Main\Engine\AutoWire\Binder->invoke
	/home/bitrix/www/bitrix/modules/main/lib/engine/action.php:117
#3: Bitrix\Main\Engine\Action->runWithSourceParametersList
	/home/bitrix/www/bitrix/modules/main/lib/engine/controller.php:425
#4: Bitrix\Main\Engine\Controller->run
	/home/bitrix/www/bitrix/modules/main/lib/httpapplication.php:140
#5: Bitrix\Main\HttpApplication->runController
	/home/bitrix/www/bitrix/modules/main/include/routing_index.php:135
----------
Host: crm.sodeistvie.su:443
Date: 2024-12-16 16:28:01
Module: referralId
49950
#0: KPLab\API\V2\Controller\Partners->getSellersAction
	
#1: ReflectionMethod->invokeArgs
	/home/bitrix/www/bitrix/modules/main/lib/engine/autowire/binder.php:207
#2: Bitrix\Main\Engine\AutoWire\Binder->invoke
	/home/bitrix/www/bitrix/modules/main/lib/engine/action.php:117
#3: Bitrix\Main\Engine\Action->runWithSourceParametersList
	/home/bitrix/www/bitrix/modules/main/lib/engine/controller.php:425
#4: Bitrix\Main\Engine\Controller->run
	/home/bitrix/www/bitrix/modules/main/lib/httpapplication.php:140
#5: Bitrix\Main\HttpApplication->runController
	/home/bitrix/www/bitrix/modules/main/include/routing_index.php:135
----------
Host: crm.sodeistvie.su:443
Date: 2024-12-16 16:28:03
Module: queryArray
array (
  'partnerInn' => '772173434667',
  'page' => '51',
  'status' => 'all',
)
#0: KPLab\API\V2\Controller\Partners->getSellersAction
	
#1: ReflectionMethod->invokeArgs
	/home/bitrix/www/bitrix/modules/main/lib/engine/autowire/binder.php:207
#2: Bitrix\Main\Engine\AutoWire\Binder->invoke
	/home/bitrix/www/bitrix/modules/main/lib/engine/action.php:117
#3: Bitrix\Main\Engine\Action->runWithSourceParametersList
	/home/bitrix/www/bitrix/modules/main/lib/engine/controller.php:425
#4: Bitrix\Main\Engine\Controller->run
	/home/bitrix/www/bitrix/modules/main/lib/httpapplication.php:140
#5: Bitrix\Main\HttpApplication->runController
	/home/bitrix/www/bitrix/modules/main/include/routing_index.php:135
----------
Host: crm.sodeistvie.su:443
Date: 2024-12-16 16:28:03
Module: referralId
49950
#0: KPLab\API\V2\Controller\Partners->getSellersAction
	
#1: ReflectionMethod->invokeArgs
	/home/bitrix/www/bitrix/modules/main/lib/engine/autowire/binder.php:207
#2: Bitrix\Main\Engine\AutoWire\Binder->invoke
	/home/bitrix/www/bitrix/modules/main/lib/engine/action.php:117
#3: Bitrix\Main\Engine\Action->runWithSourceParametersList
	/home/bitrix/www/bitrix/modules/main/lib/engine/controller.php:425
#4: Bitrix\Main\Engine\Controller->run
	/home/bitrix/www/bitrix/modules/main/lib/httpapplication.php:140
#5: Bitrix\Main\HttpApplication->runController
	/home/bitrix/www/bitrix/modules/main/include/routing_index.php:135
----------
Host: crm.sodeistvie.su:443
Date: 2024-12-16 16:42:48
Module: queryArray
array (
  'partnerInn' => '632132137441',
)
#0: KPLab\API\V2\Controller\Partners->getSellersAction
	
#1: ReflectionMethod->invokeArgs
	/home/bitrix/www/bitrix/modules/main/lib/engine/autowire/binder.php:207
#2: Bitrix\Main\Engine\AutoWire\Binder->invoke
	/home/bitrix/www/bitrix/modules/main/lib/engine/action.php:117
#3: Bitrix\Main\Engine\Action->runWithSourceParametersList
	/home/bitrix/www/bitrix/modules/main/lib/engine/controller.php:425
#4: Bitrix\Main\Engine\Controller->run
	/home/bitrix/www/bitrix/modules/main/lib/httpapplication.php:140
#5: Bitrix\Main\HttpApplication->runController
	/home/bitrix/www/bitrix/modules/main/include/routing_index.php:135
----------
Host: crm.sodeistvie.su:443
Date: 2024-12-16 16:42:48
Module: referralId
46515
#0: KPLab\API\V2\Controller\Partners->getSellersAction
	
#1: ReflectionMethod->invokeArgs
	/home/bitrix/www/bitrix/modules/main/lib/engine/autowire/binder.php:207
#2: Bitrix\Main\Engine\AutoWire\Binder->invoke
	/home/bitrix/www/bitrix/modules/main/lib/engine/action.php:117
#3: Bitrix\Main\Engine\Action->runWithSourceParametersList
	/home/bitrix/www/bitrix/modules/main/lib/engine/controller.php:425
#4: Bitrix\Main\Engine\Controller->run
	/home/bitrix/www/bitrix/modules/main/lib/httpapplication.php:140
#5: Bitrix\Main\HttpApplication->runController
	/home/bitrix/www/bitrix/modules/main/include/routing_index.php:135
----------
Host: crm.sodeistvie.su:443
Date: 2024-12-16 17:59:32
Module: queryArray
array (
  'partnerInn' => '632132137441',
)
#0: KPLab\API\V2\Controller\Partners->getSellersAction
	
#1: ReflectionMethod->invokeArgs
	/home/bitrix/www/bitrix/modules/main/lib/engine/autowire/binder.php:207
#2: Bitrix\Main\Engine\AutoWire\Binder->invoke
	/home/bitrix/www/bitrix/modules/main/lib/engine/action.php:117
#3: Bitrix\Main\Engine\Action->runWithSourceParametersList
	/home/bitrix/www/bitrix/modules/main/lib/engine/controller.php:425
#4: Bitrix\Main\Engine\Controller->run
	/home/bitrix/www/bitrix/modules/main/lib/httpapplication.php:140
#5: Bitrix\Main\HttpApplication->runController
	/home/bitrix/www/bitrix/modules/main/include/routing_index.php:135
----------
Host: crm.sodeistvie.su:443
Date: 2024-12-16 17:59:33
Module: referralId
46515
#0: KPLab\API\V2\Controller\Partners->getSellersAction
	
#1: ReflectionMethod->invokeArgs
	/home/bitrix/www/bitrix/modules/main/lib/engine/autowire/binder.php:207
#2: Bitrix\Main\Engine\AutoWire\Binder->invoke
	/home/bitrix/www/bitrix/modules/main/lib/engine/action.php:117
#3: Bitrix\Main\Engine\Action->runWithSourceParametersList
	/home/bitrix/www/bitrix/modules/main/lib/engine/controller.php:425
#4: Bitrix\Main\Engine\Controller->run
	/home/bitrix/www/bitrix/modules/main/lib/httpapplication.php:140
#5: Bitrix\Main\HttpApplication->runController
	/home/bitrix/www/bitrix/modules/main/include/routing_index.php:135
----------
Host: crm.sodeistvie.su:443
Date: 2024-12-16 17:59:33
Module: queryArray
array (
  'partnerInn' => '632132137441',
  'page' => '51',
  'status' => 'all',
)
#0: KPLab\API\V2\Controller\Partners->getSellersAction
	
#1: ReflectionMethod->invokeArgs
	/home/bitrix/www/bitrix/modules/main/lib/engine/autowire/binder.php:207
#2: Bitrix\Main\Engine\AutoWire\Binder->invoke
	/home/bitrix/www/bitrix/modules/main/lib/engine/action.php:117
#3: Bitrix\Main\Engine\Action->runWithSourceParametersList
	/home/bitrix/www/bitrix/modules/main/lib/engine/controller.php:425
#4: Bitrix\Main\Engine\Controller->run
	/home/bitrix/www/bitrix/modules/main/lib/httpapplication.php:140
#5: Bitrix\Main\HttpApplication->runController
	/home/bitrix/www/bitrix/modules/main/include/routing_index.php:135
----------
Host: crm.sodeistvie.su:443
Date: 2024-12-16 17:59:33
Module: referralId
46515
#0: KPLab\API\V2\Controller\Partners->getSellersAction
	
#1: ReflectionMethod->invokeArgs
	/home/bitrix/www/bitrix/modules/main/lib/engine/autowire/binder.php:207
#2: Bitrix\Main\Engine\AutoWire\Binder->invoke
	/home/bitrix/www/bitrix/modules/main/lib/engine/action.php:117
#3: Bitrix\Main\Engine\Action->runWithSourceParametersList
	/home/bitrix/www/bitrix/modules/main/lib/engine/controller.php:425
#4: Bitrix\Main\Engine\Controller->run
	/home/bitrix/www/bitrix/modules/main/lib/httpapplication.php:140
#5: Bitrix\Main\HttpApplication->runController
	/home/bitrix/www/bitrix/modules/main/include/routing_index.php:135
----------
Host: crm.sodeistvie.su:443
Date: 2024-12-16 17:59:36
Module: queryArray
array (
  'partnerInn' => '632132137441',
  'page' => '1',
  'status' => 'new',
)
#0: KPLab\API\V2\Controller\Partners->getSellersAction
	
#1: ReflectionMethod->invokeArgs
	/home/bitrix/www/bitrix/modules/main/lib/engine/autowire/binder.php:207
#2: Bitrix\Main\Engine\AutoWire\Binder->invoke
	/home/bitrix/www/bitrix/modules/main/lib/engine/action.php:117
#3: Bitrix\Main\Engine\Action->runWithSourceParametersList
	/home/bitrix/www/bitrix/modules/main/lib/engine/controller.php:425
#4: Bitrix\Main\Engine\Controller->run
	/home/bitrix/www/bitrix/modules/main/lib/httpapplication.php:140
#5: Bitrix\Main\HttpApplication->runController
	/home/bitrix/www/bitrix/modules/main/include/routing_index.php:135
----------
Host: crm.sodeistvie.su:443
Date: 2024-12-16 17:59:36
Module: referralId
46515
#0: KPLab\API\V2\Controller\Partners->getSellersAction
	
#1: ReflectionMethod->invokeArgs
	/home/bitrix/www/bitrix/modules/main/lib/engine/autowire/binder.php:207
#2: Bitrix\Main\Engine\AutoWire\Binder->invoke
	/home/bitrix/www/bitrix/modules/main/lib/engine/action.php:117
#3: Bitrix\Main\Engine\Action->runWithSourceParametersList
	/home/bitrix/www/bitrix/modules/main/lib/engine/controller.php:425
#4: Bitrix\Main\Engine\Controller->run
	/home/bitrix/www/bitrix/modules/main/lib/httpapplication.php:140
#5: Bitrix\Main\HttpApplication->runController
	/home/bitrix/www/bitrix/modules/main/include/routing_index.php:135
----------
Host: crm.sodeistvie.su:443
Date: 2024-12-16 17:59:36
Module: arFilter
array (
  '::LOGIC' => 'AND',
  'IBLOCK_ID' => 167,
  '=PROPERTY_REFERRAL_ID' => 46515,
  'PROPERTY_STATUS_VALUE' => 'Новый',
  '>=PROPERTY_DATE_LEAD' => '2000-01-01T00:00:00',
  '<=PROPERTY_DATE_LEAD' => '2024-12-16T23:59:59',
)
#0: KPLab\API\V2\Controller\Partners->getSellersAction
	
#1: ReflectionMethod->invokeArgs
	/home/bitrix/www/bitrix/modules/main/lib/engine/autowire/binder.php:207
#2: Bitrix\Main\Engine\AutoWire\Binder->invoke
	/home/bitrix/www/bitrix/modules/main/lib/engine/action.php:117
#3: Bitrix\Main\Engine\Action->runWithSourceParametersList
	/home/bitrix/www/bitrix/modules/main/lib/engine/controller.php:425
#4: Bitrix\Main\Engine\Controller->run
	/home/bitrix/www/bitrix/modules/main/lib/httpapplication.php:140
#5: Bitrix\Main\HttpApplication->runController
	/home/bitrix/www/bitrix/modules/main/include/routing_index.php:135
----------
Host: crm.sodeistvie.su:443
Date: 2024-12-16 17:59:37
Module: queryArray
array (
  'partnerInn' => '632132137441',
  'page' => '1',
  'status' => 'in_processed',
)
#0: KPLab\API\V2\Controller\Partners->getSellersAction
	
#1: ReflectionMethod->invokeArgs
	/home/bitrix/www/bitrix/modules/main/lib/engine/autowire/binder.php:207
#2: Bitrix\Main\Engine\AutoWire\Binder->invoke
	/home/bitrix/www/bitrix/modules/main/lib/engine/action.php:117
#3: Bitrix\Main\Engine\Action->runWithSourceParametersList
	/home/bitrix/www/bitrix/modules/main/lib/engine/controller.php:425
#4: Bitrix\Main\Engine\Controller->run
	/home/bitrix/www/bitrix/modules/main/lib/httpapplication.php:140
#5: Bitrix\Main\HttpApplication->runController
	/home/bitrix/www/bitrix/modules/main/include/routing_index.php:135
----------
Host: crm.sodeistvie.su:443
Date: 2024-12-16 17:59:37
Module: referralId
46515
#0: KPLab\API\V2\Controller\Partners->getSellersAction
	
#1: ReflectionMethod->invokeArgs
	/home/bitrix/www/bitrix/modules/main/lib/engine/autowire/binder.php:207
#2: Bitrix\Main\Engine\AutoWire\Binder->invoke
	/home/bitrix/www/bitrix/modules/main/lib/engine/action.php:117
#3: Bitrix\Main\Engine\Action->runWithSourceParametersList
	/home/bitrix/www/bitrix/modules/main/lib/engine/controller.php:425
#4: Bitrix\Main\Engine\Controller->run
	/home/bitrix/www/bitrix/modules/main/lib/httpapplication.php:140
#5: Bitrix\Main\HttpApplication->runController
	/home/bitrix/www/bitrix/modules/main/include/routing_index.php:135
----------
Host: crm.sodeistvie.su:443
Date: 2024-12-16 17:59:37
Module: arFilter
array (
  '::LOGIC' => 'AND',
  'IBLOCK_ID' => 167,
  '=PROPERTY_REFERRAL_ID' => 46515,
  'PROPERTY_STATUS_VALUE' => 'В обработке',
  '>=PROPERTY_DATE_LEAD' => '2000-01-01T00:00:00',
  '<=PROPERTY_DATE_LEAD' => '2024-12-16T23:59:59',
)
#0: KPLab\API\V2\Controller\Partners->getSellersAction
	
#1: ReflectionMethod->invokeArgs
	/home/bitrix/www/bitrix/modules/main/lib/engine/autowire/binder.php:207
#2: Bitrix\Main\Engine\AutoWire\Binder->invoke
	/home/bitrix/www/bitrix/modules/main/lib/engine/action.php:117
#3: Bitrix\Main\Engine\Action->runWithSourceParametersList
	/home/bitrix/www/bitrix/modules/main/lib/engine/controller.php:425
#4: Bitrix\Main\Engine\Controller->run
	/home/bitrix/www/bitrix/modules/main/lib/httpapplication.php:140
#5: Bitrix\Main\HttpApplication->runController
	/home/bitrix/www/bitrix/modules/main/include/routing_index.php:135
----------
Host: crm.sodeistvie.su:443
Date: 2024-12-16 17:59:38
Module: queryArray
array (
  'partnerInn' => '632132137441',
  'page' => '1',
  'status' => 'issued',
)
#0: KPLab\API\V2\Controller\Partners->getSellersAction
	
#1: ReflectionMethod->invokeArgs
	/home/bitrix/www/bitrix/modules/main/lib/engine/autowire/binder.php:207
#2: Bitrix\Main\Engine\AutoWire\Binder->invoke
	/home/bitrix/www/bitrix/modules/main/lib/engine/action.php:117
#3: Bitrix\Main\Engine\Action->runWithSourceParametersList
	/home/bitrix/www/bitrix/modules/main/lib/engine/controller.php:425
#4: Bitrix\Main\Engine\Controller->run
	/home/bitrix/www/bitrix/modules/main/lib/httpapplication.php:140
#5: Bitrix\Main\HttpApplication->runController
	/home/bitrix/www/bitrix/modules/main/include/routing_index.php:135
----------
Host: crm.sodeistvie.su:443
Date: 2024-12-16 17:59:38
Module: referralId
46515
#0: KPLab\API\V2\Controller\Partners->getSellersAction
	
#1: ReflectionMethod->invokeArgs
	/home/bitrix/www/bitrix/modules/main/lib/engine/autowire/binder.php:207
#2: Bitrix\Main\Engine\AutoWire\Binder->invoke
	/home/bitrix/www/bitrix/modules/main/lib/engine/action.php:117
#3: Bitrix\Main\Engine\Action->runWithSourceParametersList
	/home/bitrix/www/bitrix/modules/main/lib/engine/controller.php:425
#4: Bitrix\Main\Engine\Controller->run
	/home/bitrix/www/bitrix/modules/main/lib/httpapplication.php:140
#5: Bitrix\Main\HttpApplication->runController
	/home/bitrix/www/bitrix/modules/main/include/routing_index.php:135
----------
Host: crm.sodeistvie.su:443
Date: 2024-12-16 17:59:38
Module: queryArray
array (
  'partnerInn' => '632132137441',
  'page' => '1',
  'status' => 'refused',
)
#0: KPLab\API\V2\Controller\Partners->getSellersAction
	
#1: ReflectionMethod->invokeArgs
	/home/bitrix/www/bitrix/modules/main/lib/engine/autowire/binder.php:207
#2: Bitrix\Main\Engine\AutoWire\Binder->invoke
	/home/bitrix/www/bitrix/modules/main/lib/engine/action.php:117
#3: Bitrix\Main\Engine\Action->runWithSourceParametersList
	/home/bitrix/www/bitrix/modules/main/lib/engine/controller.php:425
#4: Bitrix\Main\Engine\Controller->run
	/home/bitrix/www/bitrix/modules/main/lib/httpapplication.php:140
#5: Bitrix\Main\HttpApplication->runController
	/home/bitrix/www/bitrix/modules/main/include/routing_index.php:135
----------
Host: crm.sodeistvie.su:443
Date: 2024-12-16 17:59:39
Module: referralId
46515
#0: KPLab\API\V2\Controller\Partners->getSellersAction
	
#1: ReflectionMethod->invokeArgs
	/home/bitrix/www/bitrix/modules/main/lib/engine/autowire/binder.php:207
#2: Bitrix\Main\Engine\AutoWire\Binder->invoke
	/home/bitrix/www/bitrix/modules/main/lib/engine/action.php:117
#3: Bitrix\Main\Engine\Action->runWithSourceParametersList
	/home/bitrix/www/bitrix/modules/main/lib/engine/controller.php:425
#4: Bitrix\Main\Engine\Controller->run
	/home/bitrix/www/bitrix/modules/main/lib/httpapplication.php:140
#5: Bitrix\Main\HttpApplication->runController
	/home/bitrix/www/bitrix/modules/main/include/routing_index.php:135
----------
Host: crm.sodeistvie.su:443
Date: 2024-12-16 17:59:39
Module: arFilter
array (
  '::LOGIC' => 'AND',
  'IBLOCK_ID' => 167,
  '=PROPERTY_REFERRAL_ID' => 46515,
  'PROPERTY_STATUS_VALUE' => 'Отказ',
  '>=PROPERTY_DATE_LEAD' => '2000-01-01T00:00:00',
  '<=PROPERTY_DATE_LEAD' => '2024-12-16T23:59:59',
)
#0: KPLab\API\V2\Controller\Partners->getSellersAction
	
#1: ReflectionMethod->invokeArgs
	/home/bitrix/www/bitrix/modules/main/lib/engine/autowire/binder.php:207
#2: Bitrix\Main\Engine\AutoWire\Binder->invoke
	/home/bitrix/www/bitrix/modules/main/lib/engine/action.php:117
#3: Bitrix\Main\Engine\Action->runWithSourceParametersList
	/home/bitrix/www/bitrix/modules/main/lib/engine/controller.php:425
#4: Bitrix\Main\Engine\Controller->run
	/home/bitrix/www/bitrix/modules/main/lib/httpapplication.php:140
#5: Bitrix\Main\HttpApplication->runController
	/home/bitrix/www/bitrix/modules/main/include/routing_index.php:135
----------
Host: crm.sodeistvie.su:443
Date: 2024-12-16 17:59:39
Module: queryArray
array (
  'partnerInn' => '632132137441',
  'page' => '1',
  'status' => 'all',
)
#0: KPLab\API\V2\Controller\Partners->getSellersAction
	
#1: ReflectionMethod->invokeArgs
	/home/bitrix/www/bitrix/modules/main/lib/engine/autowire/binder.php:207
#2: Bitrix\Main\Engine\AutoWire\Binder->invoke
	/home/bitrix/www/bitrix/modules/main/lib/engine/action.php:117
#3: Bitrix\Main\Engine\Action->runWithSourceParametersList
	/home/bitrix/www/bitrix/modules/main/lib/engine/controller.php:425
#4: Bitrix\Main\Engine\Controller->run
	/home/bitrix/www/bitrix/modules/main/lib/httpapplication.php:140
#5: Bitrix\Main\HttpApplication->runController
	/home/bitrix/www/bitrix/modules/main/include/routing_index.php:135
----------
Host: crm.sodeistvie.su:443
Date: 2024-12-16 17:59:39
Module: referralId
46515
#0: KPLab\API\V2\Controller\Partners->getSellersAction
	
#1: ReflectionMethod->invokeArgs
	/home/bitrix/www/bitrix/modules/main/lib/engine/autowire/binder.php:207
#2: Bitrix\Main\Engine\AutoWire\Binder->invoke
	/home/bitrix/www/bitrix/modules/main/lib/engine/action.php:117
#3: Bitrix\Main\Engine\Action->runWithSourceParametersList
	/home/bitrix/www/bitrix/modules/main/lib/engine/controller.php:425
#4: Bitrix\Main\Engine\Controller->run
	/home/bitrix/www/bitrix/modules/main/lib/httpapplication.php:140
#5: Bitrix\Main\HttpApplication->runController
	/home/bitrix/www/bitrix/modules/main/include/routing_index.php:135
----------
Host: crm.sodeistvie.su:443
Date: 2024-12-16 17:59:40
Module: queryArray
array (
  'partnerInn' => '632132137441',
  'page' => '51',
  'status' => 'all',
)
#0: KPLab\API\V2\Controller\Partners->getSellersAction
	
#1: ReflectionMethod->invokeArgs
	/home/bitrix/www/bitrix/modules/main/lib/engine/autowire/binder.php:207
#2: Bitrix\Main\Engine\AutoWire\Binder->invoke
	/home/bitrix/www/bitrix/modules/main/lib/engine/action.php:117
#3: Bitrix\Main\Engine\Action->runWithSourceParametersList
	/home/bitrix/www/bitrix/modules/main/lib/engine/controller.php:425
#4: Bitrix\Main\Engine\Controller->run
	/home/bitrix/www/bitrix/modules/main/lib/httpapplication.php:140
#5: Bitrix\Main\HttpApplication->runController
	/home/bitrix/www/bitrix/modules/main/include/routing_index.php:135
----------
Host: crm.sodeistvie.su:443
Date: 2024-12-16 17:59:40
Module: referralId
46515
#0: KPLab\API\V2\Controller\Partners->getSellersAction
	
#1: ReflectionMethod->invokeArgs
	/home/bitrix/www/bitrix/modules/main/lib/engine/autowire/binder.php:207
#2: Bitrix\Main\Engine\AutoWire\Binder->invoke
	/home/bitrix/www/bitrix/modules/main/lib/engine/action.php:117
#3: Bitrix\Main\Engine\Action->runWithSourceParametersList
	/home/bitrix/www/bitrix/modules/main/lib/engine/controller.php:425
#4: Bitrix\Main\Engine\Controller->run
	/home/bitrix/www/bitrix/modules/main/lib/httpapplication.php:140
#5: Bitrix\Main\HttpApplication->runController
	/home/bitrix/www/bitrix/modules/main/include/routing_index.php:135
----------
Host: crm.sodeistvie.su:443
Date: 2024-12-16 17:59:42
Module: queryArray
array (
  'partnerInn' => '632132137441',
  'page' => '1',
  'status' => 'new',
)
#0: KPLab\API\V2\Controller\Partners->getSellersAction
	
#1: ReflectionMethod->invokeArgs
	/home/bitrix/www/bitrix/modules/main/lib/engine/autowire/binder.php:207
#2: Bitrix\Main\Engine\AutoWire\Binder->invoke
	/home/bitrix/www/bitrix/modules/main/lib/engine/action.php:117
#3: Bitrix\Main\Engine\Action->runWithSourceParametersList
	/home/bitrix/www/bitrix/modules/main/lib/engine/controller.php:425
#4: Bitrix\Main\Engine\Controller->run
	/home/bitrix/www/bitrix/modules/main/lib/httpapplication.php:140
#5: Bitrix\Main\HttpApplication->runController
	/home/bitrix/www/bitrix/modules/main/include/routing_index.php:135
----------
Host: crm.sodeistvie.su:443
Date: 2024-12-16 17:59:43
Module: referralId
46515
#0: KPLab\API\V2\Controller\Partners->getSellersAction
	
#1: ReflectionMethod->invokeArgs
	/home/bitrix/www/bitrix/modules/main/lib/engine/autowire/binder.php:207
#2: Bitrix\Main\Engine\AutoWire\Binder->invoke
	/home/bitrix/www/bitrix/modules/main/lib/engine/action.php:117
#3: Bitrix\Main\Engine\Action->runWithSourceParametersList
	/home/bitrix/www/bitrix/modules/main/lib/engine/controller.php:425
#4: Bitrix\Main\Engine\Controller->run
	/home/bitrix/www/bitrix/modules/main/lib/httpapplication.php:140
#5: Bitrix\Main\HttpApplication->runController
	/home/bitrix/www/bitrix/modules/main/include/routing_index.php:135
----------
Host: crm.sodeistvie.su:443
Date: 2024-12-16 17:59:43
Module: arFilter
array (
  '::LOGIC' => 'AND',
  'IBLOCK_ID' => 167,
  '=PROPERTY_REFERRAL_ID' => 46515,
  'PROPERTY_STATUS_VALUE' => 'Новый',
  '>=PROPERTY_DATE_LEAD' => '2000-01-01T00:00:00',
  '<=PROPERTY_DATE_LEAD' => '2024-12-16T23:59:59',
)
#0: KPLab\API\V2\Controller\Partners->getSellersAction
	
#1: ReflectionMethod->invokeArgs
	/home/bitrix/www/bitrix/modules/main/lib/engine/autowire/binder.php:207
#2: Bitrix\Main\Engine\AutoWire\Binder->invoke
	/home/bitrix/www/bitrix/modules/main/lib/engine/action.php:117
#3: Bitrix\Main\Engine\Action->runWithSourceParametersList
	/home/bitrix/www/bitrix/modules/main/lib/engine/controller.php:425
#4: Bitrix\Main\Engine\Controller->run
	/home/bitrix/www/bitrix/modules/main/lib/httpapplication.php:140
#5: Bitrix\Main\HttpApplication->runController
	/home/bitrix/www/bitrix/modules/main/include/routing_index.php:135
----------
Host: crm.sodeistvie.su:443
Date: 2024-12-16 17:59:43
Module: queryArray
array (
  'partnerInn' => '632132137441',
  'page' => '1',
  'status' => 'in_processed',
)
#0: KPLab\API\V2\Controller\Partners->getSellersAction
	
#1: ReflectionMethod->invokeArgs
	/home/bitrix/www/bitrix/modules/main/lib/engine/autowire/binder.php:207
#2: Bitrix\Main\Engine\AutoWire\Binder->invoke
	/home/bitrix/www/bitrix/modules/main/lib/engine/action.php:117
#3: Bitrix\Main\Engine\Action->runWithSourceParametersList
	/home/bitrix/www/bitrix/modules/main/lib/engine/controller.php:425
#4: Bitrix\Main\Engine\Controller->run
	/home/bitrix/www/bitrix/modules/main/lib/httpapplication.php:140
#5: Bitrix\Main\HttpApplication->runController
	/home/bitrix/www/bitrix/modules/main/include/routing_index.php:135
----------
Host: crm.sodeistvie.su:443
Date: 2024-12-16 17:59:43
Module: referralId
46515
#0: KPLab\API\V2\Controller\Partners->getSellersAction
	
#1: ReflectionMethod->invokeArgs
	/home/bitrix/www/bitrix/modules/main/lib/engine/autowire/binder.php:207
#2: Bitrix\Main\Engine\AutoWire\Binder->invoke
	/home/bitrix/www/bitrix/modules/main/lib/engine/action.php:117
#3: Bitrix\Main\Engine\Action->runWithSourceParametersList
	/home/bitrix/www/bitrix/modules/main/lib/engine/controller.php:425
#4: Bitrix\Main\Engine\Controller->run
	/home/bitrix/www/bitrix/modules/main/lib/httpapplication.php:140
#5: Bitrix\Main\HttpApplication->runController
	/home/bitrix/www/bitrix/modules/main/include/routing_index.php:135
----------
Host: crm.sodeistvie.su:443
Date: 2024-12-16 17:59:43
Module: arFilter
array (
  '::LOGIC' => 'AND',
  'IBLOCK_ID' => 167,
  '=PROPERTY_REFERRAL_ID' => 46515,
  'PROPERTY_STATUS_VALUE' => 'В обработке',
  '>=PROPERTY_DATE_LEAD' => '2000-01-01T00:00:00',
  '<=PROPERTY_DATE_LEAD' => '2024-12-16T23:59:59',
)
#0: KPLab\API\V2\Controller\Partners->getSellersAction
	
#1: ReflectionMethod->invokeArgs
	/home/bitrix/www/bitrix/modules/main/lib/engine/autowire/binder.php:207
#2: Bitrix\Main\Engine\AutoWire\Binder->invoke
	/home/bitrix/www/bitrix/modules/main/lib/engine/action.php:117
#3: Bitrix\Main\Engine\Action->runWithSourceParametersList
	/home/bitrix/www/bitrix/modules/main/lib/engine/controller.php:425
#4: Bitrix\Main\Engine\Controller->run
	/home/bitrix/www/bitrix/modules/main/lib/httpapplication.php:140
#5: Bitrix\Main\HttpApplication->runController
	/home/bitrix/www/bitrix/modules/main/include/routing_index.php:135
----------
Host: crm.sodeistvie.su:443
Date: 2024-12-16 17:59:44
Module: queryArray
array (
  'partnerInn' => '632132137441',
  'page' => '1',
  'status' => 'refused',
)
#0: KPLab\API\V2\Controller\Partners->getSellersAction
	
#1: ReflectionMethod->invokeArgs
	/home/bitrix/www/bitrix/modules/main/lib/engine/autowire/binder.php:207
#2: Bitrix\Main\Engine\AutoWire\Binder->invoke
	/home/bitrix/www/bitrix/modules/main/lib/engine/action.php:117
#3: Bitrix\Main\Engine\Action->runWithSourceParametersList
	/home/bitrix/www/bitrix/modules/main/lib/engine/controller.php:425
#4: Bitrix\Main\Engine\Controller->run
	/home/bitrix/www/bitrix/modules/main/lib/httpapplication.php:140
#5: Bitrix\Main\HttpApplication->runController
	/home/bitrix/www/bitrix/modules/main/include/routing_index.php:135
----------
Host: crm.sodeistvie.su:443
Date: 2024-12-16 17:59:44
Module: referralId
46515
#0: KPLab\API\V2\Controller\Partners->getSellersAction
	
#1: ReflectionMethod->invokeArgs
	/home/bitrix/www/bitrix/modules/main/lib/engine/autowire/binder.php:207
#2: Bitrix\Main\Engine\AutoWire\Binder->invoke
	/home/bitrix/www/bitrix/modules/main/lib/engine/action.php:117
#3: Bitrix\Main\Engine\Action->runWithSourceParametersList
	/home/bitrix/www/bitrix/modules/main/lib/engine/controller.php:425
#4: Bitrix\Main\Engine\Controller->run
	/home/bitrix/www/bitrix/modules/main/lib/httpapplication.php:140
#5: Bitrix\Main\HttpApplication->runController
	/home/bitrix/www/bitrix/modules/main/include/routing_index.php:135
----------
Host: crm.sodeistvie.su:443
Date: 2024-12-16 17:59:44
Module: arFilter
array (
  '::LOGIC' => 'AND',
  'IBLOCK_ID' => 167,
  '=PROPERTY_REFERRAL_ID' => 46515,
  'PROPERTY_STATUS_VALUE' => 'Отказ',
  '>=PROPERTY_DATE_LEAD' => '2000-01-01T00:00:00',
  '<=PROPERTY_DATE_LEAD' => '2024-12-16T23:59:59',
)
#0: KPLab\API\V2\Controller\Partners->getSellersAction
	
#1: ReflectionMethod->invokeArgs
	/home/bitrix/www/bitrix/modules/main/lib/engine/autowire/binder.php:207
#2: Bitrix\Main\Engine\AutoWire\Binder->invoke
	/home/bitrix/www/bitrix/modules/main/lib/engine/action.php:117
#3: Bitrix\Main\Engine\Action->runWithSourceParametersList
	/home/bitrix/www/bitrix/modules/main/lib/engine/controller.php:425
#4: Bitrix\Main\Engine\Controller->run
	/home/bitrix/www/bitrix/modules/main/lib/httpapplication.php:140
#5: Bitrix\Main\HttpApplication->runController
	/home/bitrix/www/bitrix/modules/main/include/routing_index.php:135
----------
Host: crm.sodeistvie.su:443
Date: 2024-12-16 17:59:44
Module: queryArray
array (
  'partnerInn' => '632132137441',
  'page' => '1',
  'status' => 'issued',
)
#0: KPLab\API\V2\Controller\Partners->getSellersAction
	
#1: ReflectionMethod->invokeArgs
	/home/bitrix/www/bitrix/modules/main/lib/engine/autowire/binder.php:207
#2: Bitrix\Main\Engine\AutoWire\Binder->invoke
	/home/bitrix/www/bitrix/modules/main/lib/engine/action.php:117
#3: Bitrix\Main\Engine\Action->runWithSourceParametersList
	/home/bitrix/www/bitrix/modules/main/lib/engine/controller.php:425
#4: Bitrix\Main\Engine\Controller->run
	/home/bitrix/www/bitrix/modules/main/lib/httpapplication.php:140
#5: Bitrix\Main\HttpApplication->runController
	/home/bitrix/www/bitrix/modules/main/include/routing_index.php:135
----------
Host: crm.sodeistvie.su:443
Date: 2024-12-16 17:59:45
Module: referralId
46515
#0: KPLab\API\V2\Controller\Partners->getSellersAction
	
#1: ReflectionMethod->invokeArgs
	/home/bitrix/www/bitrix/modules/main/lib/engine/autowire/binder.php:207
#2: Bitrix\Main\Engine\AutoWire\Binder->invoke
	/home/bitrix/www/bitrix/modules/main/lib/engine/action.php:117
#3: Bitrix\Main\Engine\Action->runWithSourceParametersList
	/home/bitrix/www/bitrix/modules/main/lib/engine/controller.php:425
#4: Bitrix\Main\Engine\Controller->run
	/home/bitrix/www/bitrix/modules/main/lib/httpapplication.php:140
#5: Bitrix\Main\HttpApplication->runController
	/home/bitrix/www/bitrix/modules/main/include/routing_index.php:135
----------
Host: crm.sodeistvie.su:443
Date: 2024-12-16 17:59:45
Module: queryArray
array (
  'partnerInn' => '632132137441',
  'page' => '51',
  'status' => 'issued',
)
#0: KPLab\API\V2\Controller\Partners->getSellersAction
	
#1: ReflectionMethod->invokeArgs
	/home/bitrix/www/bitrix/modules/main/lib/engine/autowire/binder.php:207
#2: Bitrix\Main\Engine\AutoWire\Binder->invoke
	/home/bitrix/www/bitrix/modules/main/lib/engine/action.php:117
#3: Bitrix\Main\Engine\Action->runWithSourceParametersList
	/home/bitrix/www/bitrix/modules/main/lib/engine/controller.php:425
#4: Bitrix\Main\Engine\Controller->run
	/home/bitrix/www/bitrix/modules/main/lib/httpapplication.php:140
#5: Bitrix\Main\HttpApplication->runController
	/home/bitrix/www/bitrix/modules/main/include/routing_index.php:135
----------
Host: crm.sodeistvie.su:443
Date: 2024-12-16 17:59:45
Module: referralId
46515
#0: KPLab\API\V2\Controller\Partners->getSellersAction
	
#1: ReflectionMethod->invokeArgs
	/home/bitrix/www/bitrix/modules/main/lib/engine/autowire/binder.php:207
#2: Bitrix\Main\Engine\AutoWire\Binder->invoke
	/home/bitrix/www/bitrix/modules/main/lib/engine/action.php:117
#3: Bitrix\Main\Engine\Action->runWithSourceParametersList
	/home/bitrix/www/bitrix/modules/main/lib/engine/controller.php:425
#4: Bitrix\Main\Engine\Controller->run
	/home/bitrix/www/bitrix/modules/main/lib/httpapplication.php:140
#5: Bitrix\Main\HttpApplication->runController
	/home/bitrix/www/bitrix/modules/main/include/routing_index.php:135
----------
Host: crm.sodeistvie.su:443
Date: 2024-12-16 17:59:46
Module: queryArray
array (
  'partnerInn' => '632132137441',
  'page' => '1',
  'status' => 'all',
)
#0: KPLab\API\V2\Controller\Partners->getSellersAction
	
#1: ReflectionMethod->invokeArgs
	/home/bitrix/www/bitrix/modules/main/lib/engine/autowire/binder.php:207
#2: Bitrix\Main\Engine\AutoWire\Binder->invoke
	/home/bitrix/www/bitrix/modules/main/lib/engine/action.php:117
#3: Bitrix\Main\Engine\Action->runWithSourceParametersList
	/home/bitrix/www/bitrix/modules/main/lib/engine/controller.php:425
#4: Bitrix\Main\Engine\Controller->run
	/home/bitrix/www/bitrix/modules/main/lib/httpapplication.php:140
#5: Bitrix\Main\HttpApplication->runController
	/home/bitrix/www/bitrix/modules/main/include/routing_index.php:135
----------
Host: crm.sodeistvie.su:443
Date: 2024-12-16 17:59:47
Module: referralId
46515
#0: KPLab\API\V2\Controller\Partners->getSellersAction
	
#1: ReflectionMethod->invokeArgs
	/home/bitrix/www/bitrix/modules/main/lib/engine/autowire/binder.php:207
#2: Bitrix\Main\Engine\AutoWire\Binder->invoke
	/home/bitrix/www/bitrix/modules/main/lib/engine/action.php:117
#3: Bitrix\Main\Engine\Action->runWithSourceParametersList
	/home/bitrix/www/bitrix/modules/main/lib/engine/controller.php:425
#4: Bitrix\Main\Engine\Controller->run
	/home/bitrix/www/bitrix/modules/main/lib/httpapplication.php:140
#5: Bitrix\Main\HttpApplication->runController
	/home/bitrix/www/bitrix/modules/main/include/routing_index.php:135
----------
Host: crm.sodeistvie.su:443
Date: 2024-12-16 17:59:47
Module: queryArray
array (
  'partnerInn' => '632132137441',
  'page' => '51',
  'status' => 'all',
)
#0: KPLab\API\V2\Controller\Partners->getSellersAction
	
#1: ReflectionMethod->invokeArgs
	/home/bitrix/www/bitrix/modules/main/lib/engine/autowire/binder.php:207
#2: Bitrix\Main\Engine\AutoWire\Binder->invoke
	/home/bitrix/www/bitrix/modules/main/lib/engine/action.php:117
#3: Bitrix\Main\Engine\Action->runWithSourceParametersList
	/home/bitrix/www/bitrix/modules/main/lib/engine/controller.php:425
#4: Bitrix\Main\Engine\Controller->run
	/home/bitrix/www/bitrix/modules/main/lib/httpapplication.php:140
#5: Bitrix\Main\HttpApplication->runController
	/home/bitrix/www/bitrix/modules/main/include/routing_index.php:135
----------
Host: crm.sodeistvie.su:443
Date: 2024-12-16 17:59:48
Module: referralId
46515
#0: KPLab\API\V2\Controller\Partners->getSellersAction
	
#1: ReflectionMethod->invokeArgs
	/home/bitrix/www/bitrix/modules/main/lib/engine/autowire/binder.php:207
#2: Bitrix\Main\Engine\AutoWire\Binder->invoke
	/home/bitrix/www/bitrix/modules/main/lib/engine/action.php:117
#3: Bitrix\Main\Engine\Action->runWithSourceParametersList
	/home/bitrix/www/bitrix/modules/main/lib/engine/controller.php:425
#4: Bitrix\Main\Engine\Controller->run
	/home/bitrix/www/bitrix/modules/main/lib/httpapplication.php:140
#5: Bitrix\Main\HttpApplication->runController
	/home/bitrix/www/bitrix/modules/main/include/routing_index.php:135
----------
Host: crm.sodeistvie.su:443
Date: 2024-12-16 20:49:02
Module: queryArray
array (
  'partnerInn' => '022700488647',
  'page' => '1',
)
#0: KPLab\API\V2\Controller\Partners->getSellersAction
	
#1: ReflectionMethod->invokeArgs
	/home/bitrix/www/bitrix/modules/main/lib/engine/autowire/binder.php:207
#2: Bitrix\Main\Engine\AutoWire\Binder->invoke
	/home/bitrix/www/bitrix/modules/main/lib/engine/action.php:117
#3: Bitrix\Main\Engine\Action->runWithSourceParametersList
	/home/bitrix/www/bitrix/modules/main/lib/engine/controller.php:425
#4: Bitrix\Main\Engine\Controller->run
	/home/bitrix/www/bitrix/modules/main/lib/httpapplication.php:140
#5: Bitrix\Main\HttpApplication->runController
	/home/bitrix/www/bitrix/modules/main/include/routing_index.php:135
----------
Host: crm.sodeistvie.su:443
Date: 2024-12-16 20:49:03
Module: referralId
45948
#0: KPLab\API\V2\Controller\Partners->getSellersAction
	
#1: ReflectionMethod->invokeArgs
	/home/bitrix/www/bitrix/modules/main/lib/engine/autowire/binder.php:207
#2: Bitrix\Main\Engine\AutoWire\Binder->invoke
	/home/bitrix/www/bitrix/modules/main/lib/engine/action.php:117
#3: Bitrix\Main\Engine\Action->runWithSourceParametersList
	/home/bitrix/www/bitrix/modules/main/lib/engine/controller.php:425
#4: Bitrix\Main\Engine\Controller->run
	/home/bitrix/www/bitrix/modules/main/lib/httpapplication.php:140
#5: Bitrix\Main\HttpApplication->runController
	/home/bitrix/www/bitrix/modules/main/include/routing_index.php:135
----------
Host: crm.sodeistvie.su:443
Date: 2024-12-16 21:31:34
Module: queryArray
array (
  'partnerInn' => '540526598833',
)
#0: KPLab\API\V2\Controller\Partners->getSellersAction
	
#1: ReflectionMethod->invokeArgs
	/home/bitrix/www/bitrix/modules/main/lib/engine/autowire/binder.php:207
#2: Bitrix\Main\Engine\AutoWire\Binder->invoke
	/home/bitrix/www/bitrix/modules/main/lib/engine/action.php:117
#3: Bitrix\Main\Engine\Action->runWithSourceParametersList
	/home/bitrix/www/bitrix/modules/main/lib/engine/controller.php:425
#4: Bitrix\Main\Engine\Controller->run
	/home/bitrix/www/bitrix/modules/main/lib/httpapplication.php:140
#5: Bitrix\Main\HttpApplication->runController
	/home/bitrix/www/bitrix/modules/main/include/routing_index.php:135
----------
Host: crm.sodeistvie.su:443
Date: 2024-12-16 21:31:34
Module: referralId
42346
#0: KPLab\API\V2\Controller\Partners->getSellersAction
	
#1: ReflectionMethod->invokeArgs
	/home/bitrix/www/bitrix/modules/main/lib/engine/autowire/binder.php:207
#2: Bitrix\Main\Engine\AutoWire\Binder->invoke
	/home/bitrix/www/bitrix/modules/main/lib/engine/action.php:117
#3: Bitrix\Main\Engine\Action->runWithSourceParametersList
	/home/bitrix/www/bitrix/modules/main/lib/engine/controller.php:425
#4: Bitrix\Main\Engine\Controller->run
	/home/bitrix/www/bitrix/modules/main/lib/httpapplication.php:140
#5: Bitrix\Main\HttpApplication->runController
	/home/bitrix/www/bitrix/modules/main/include/routing_index.php:135
----------
Host: crm.sodeistvie.su:443
Date: 2024-12-16 21:31:34
Module: queryArray
array (
  'partnerInn' => '540526598833',
  'page' => '51',
  'status' => 'all',
)
#0: KPLab\API\V2\Controller\Partners->getSellersAction
	
#1: ReflectionMethod->invokeArgs
	/home/bitrix/www/bitrix/modules/main/lib/engine/autowire/binder.php:207
#2: Bitrix\Main\Engine\AutoWire\Binder->invoke
	/home/bitrix/www/bitrix/modules/main/lib/engine/action.php:117
#3: Bitrix\Main\Engine\Action->runWithSourceParametersList
	/home/bitrix/www/bitrix/modules/main/lib/engine/controller.php:425
#4: Bitrix\Main\Engine\Controller->run
	/home/bitrix/www/bitrix/modules/main/lib/httpapplication.php:140
#5: Bitrix\Main\HttpApplication->runController
	/home/bitrix/www/bitrix/modules/main/include/routing_index.php:135
----------
Host: crm.sodeistvie.su:443
Date: 2024-12-16 21:31:35
Module: referralId
42346
#0: KPLab\API\V2\Controller\Partners->getSellersAction
	
#1: ReflectionMethod->invokeArgs
	/home/bitrix/www/bitrix/modules/main/lib/engine/autowire/binder.php:207
#2: Bitrix\Main\Engine\AutoWire\Binder->invoke
	/home/bitrix/www/bitrix/modules/main/lib/engine/action.php:117
#3: Bitrix\Main\Engine\Action->runWithSourceParametersList
	/home/bitrix/www/bitrix/modules/main/lib/engine/controller.php:425
#4: Bitrix\Main\Engine\Controller->run
	/home/bitrix/www/bitrix/modules/main/lib/httpapplication.php:140
#5: Bitrix\Main\HttpApplication->runController
	/home/bitrix/www/bitrix/modules/main/include/routing_index.php:135
----------
Host: crm.sodeistvie.su:443
Date: 2024-12-16 21:32:07
Module: queryArray
array (
  'partnerInn' => '540526598833',
)
#0: KPLab\API\V2\Controller\Partners->getSellersAction
	
#1: ReflectionMethod->invokeArgs
	/home/bitrix/www/bitrix/modules/main/lib/engine/autowire/binder.php:207
#2: Bitrix\Main\Engine\AutoWire\Binder->invoke
	/home/bitrix/www/bitrix/modules/main/lib/engine/action.php:117
#3: Bitrix\Main\Engine\Action->runWithSourceParametersList
	/home/bitrix/www/bitrix/modules/main/lib/engine/controller.php:425
#4: Bitrix\Main\Engine\Controller->run
	/home/bitrix/www/bitrix/modules/main/lib/httpapplication.php:140
#5: Bitrix\Main\HttpApplication->runController
	/home/bitrix/www/bitrix/modules/main/include/routing_index.php:135
----------
Host: crm.sodeistvie.su:443
Date: 2024-12-16 21:32:08
Module: referralId
42346
#0: KPLab\API\V2\Controller\Partners->getSellersAction
	
#1: ReflectionMethod->invokeArgs
	/home/bitrix/www/bitrix/modules/main/lib/engine/autowire/binder.php:207
#2: Bitrix\Main\Engine\AutoWire\Binder->invoke
	/home/bitrix/www/bitrix/modules/main/lib/engine/action.php:117
#3: Bitrix\Main\Engine\Action->runWithSourceParametersList
	/home/bitrix/www/bitrix/modules/main/lib/engine/controller.php:425
#4: Bitrix\Main\Engine\Controller->run
	/home/bitrix/www/bitrix/modules/main/lib/httpapplication.php:140
#5: Bitrix\Main\HttpApplication->runController
	/home/bitrix/www/bitrix/modules/main/include/routing_index.php:135
----------
Host: crm.sodeistvie.su:443
Date: 2024-12-16 21:32:08
Module: queryArray
array (
  'partnerInn' => '540526598833',
  'page' => '51',
  'status' => 'all',
)
#0: KPLab\API\V2\Controller\Partners->getSellersAction
	
#1: ReflectionMethod->invokeArgs
	/home/bitrix/www/bitrix/modules/main/lib/engine/autowire/binder.php:207
#2: Bitrix\Main\Engine\AutoWire\Binder->invoke
	/home/bitrix/www/bitrix/modules/main/lib/engine/action.php:117
#3: Bitrix\Main\Engine\Action->runWithSourceParametersList
	/home/bitrix/www/bitrix/modules/main/lib/engine/controller.php:425
#4: Bitrix\Main\Engine\Controller->run
	/home/bitrix/www/bitrix/modules/main/lib/httpapplication.php:140
#5: Bitrix\Main\HttpApplication->runController
	/home/bitrix/www/bitrix/modules/main/include/routing_index.php:135
----------
Host: crm.sodeistvie.su:443
Date: 2024-12-16 21:32:09
Module: referralId
42346
#0: KPLab\API\V2\Controller\Partners->getSellersAction
	
#1: ReflectionMethod->invokeArgs
	/home/bitrix/www/bitrix/modules/main/lib/engine/autowire/binder.php:207
#2: Bitrix\Main\Engine\AutoWire\Binder->invoke
	/home/bitrix/www/bitrix/modules/main/lib/engine/action.php:117
#3: Bitrix\Main\Engine\Action->runWithSourceParametersList
	/home/bitrix/www/bitrix/modules/main/lib/engine/controller.php:425
#4: Bitrix\Main\Engine\Controller->run
	/home/bitrix/www/bitrix/modules/main/lib/httpapplication.php:140
#5: Bitrix\Main\HttpApplication->runController
	/home/bitrix/www/bitrix/modules/main/include/routing_index.php:135
----------
Host: crm.sodeistvie.su:443
Date: 2024-12-17 02:27:24
Module: queryArray
array (
  'partnerInn' => '312703301063',
)
#0: KPLab\API\V2\Controller\Partners->getSellersAction
	
#1: ReflectionMethod->invokeArgs
	/home/bitrix/www/bitrix/modules/main/lib/engine/autowire/binder.php:207
#2: Bitrix\Main\Engine\AutoWire\Binder->invoke
	/home/bitrix/www/bitrix/modules/main/lib/engine/action.php:117
#3: Bitrix\Main\Engine\Action->runWithSourceParametersList
	/home/bitrix/www/bitrix/modules/main/lib/engine/controller.php:425
#4: Bitrix\Main\Engine\Controller->run
	/home/bitrix/www/bitrix/modules/main/lib/httpapplication.php:140
#5: Bitrix\Main\HttpApplication->runController
	/home/bitrix/www/bitrix/modules/main/include/routing_index.php:135
----------
Host: crm.sodeistvie.su:443
Date: 2024-12-17 02:27:25
Module: referralId
31069
#0: KPLab\API\V2\Controller\Partners->getSellersAction
	
#1: ReflectionMethod->invokeArgs
	/home/bitrix/www/bitrix/modules/main/lib/engine/autowire/binder.php:207
#2: Bitrix\Main\Engine\AutoWire\Binder->invoke
	/home/bitrix/www/bitrix/modules/main/lib/engine/action.php:117
#3: Bitrix\Main\Engine\Action->runWithSourceParametersList
	/home/bitrix/www/bitrix/modules/main/lib/engine/controller.php:425
#4: Bitrix\Main\Engine\Controller->run
	/home/bitrix/www/bitrix/modules/main/lib/httpapplication.php:140
#5: Bitrix\Main\HttpApplication->runController
	/home/bitrix/www/bitrix/modules/main/include/routing_index.php:135
----------
Host: crm.sodeistvie.su:443
Date: 2024-12-17 09:25:09
Module: queryArray
array (
  'partnerInn' => '744921687205',
)
#0: KPLab\API\V2\Controller\Partners->getSellersAction
	
#1: ReflectionMethod->invokeArgs
	/home/bitrix/www/bitrix/modules/main/lib/engine/autowire/binder.php:207
#2: Bitrix\Main\Engine\AutoWire\Binder->invoke
	/home/bitrix/www/bitrix/modules/main/lib/engine/action.php:117
#3: Bitrix\Main\Engine\Action->runWithSourceParametersList
	/home/bitrix/www/bitrix/modules/main/lib/engine/controller.php:425
#4: Bitrix\Main\Engine\Controller->run
	/home/bitrix/www/bitrix/modules/main/lib/httpapplication.php:140
#5: Bitrix\Main\HttpApplication->runController
	/home/bitrix/www/bitrix/modules/main/include/routing_index.php:135
----------
Host: crm.sodeistvie.su:443
Date: 2024-12-17 09:25:10
Module: referralId
41088
#0: KPLab\API\V2\Controller\Partners->getSellersAction
	
#1: ReflectionMethod->invokeArgs
	/home/bitrix/www/bitrix/modules/main/lib/engine/autowire/binder.php:207
#2: Bitrix\Main\Engine\AutoWire\Binder->invoke
	/home/bitrix/www/bitrix/modules/main/lib/engine/action.php:117
#3: Bitrix\Main\Engine\Action->runWithSourceParametersList
	/home/bitrix/www/bitrix/modules/main/lib/engine/controller.php:425
#4: Bitrix\Main\Engine\Controller->run
	/home/bitrix/www/bitrix/modules/main/lib/httpapplication.php:140
#5: Bitrix\Main\HttpApplication->runController
	/home/bitrix/www/bitrix/modules/main/include/routing_index.php:135
----------
Host: crm.sodeistvie.su:443
Date: 2024-12-17 10:18:40
Module: queryArray
array (
  'partnerInn' => '632132137441',
)
#0: KPLab\API\V2\Controller\Partners->getSellersAction
	
#1: ReflectionMethod->invokeArgs
	/home/bitrix/www/bitrix/modules/main/lib/engine/autowire/binder.php:207
#2: Bitrix\Main\Engine\AutoWire\Binder->invoke
	/home/bitrix/www/bitrix/modules/main/lib/engine/action.php:117
#3: Bitrix\Main\Engine\Action->runWithSourceParametersList
	/home/bitrix/www/bitrix/modules/main/lib/engine/controller.php:425
#4: Bitrix\Main\Engine\Controller->run
	/home/bitrix/www/bitrix/modules/main/lib/httpapplication.php:140
#5: Bitrix\Main\HttpApplication->runController
	/home/bitrix/www/bitrix/modules/main/include/routing_index.php:135
----------
Host: crm.sodeistvie.su:443
Date: 2024-12-17 10:18:40
Module: referralId
46515
#0: KPLab\API\V2\Controller\Partners->getSellersAction
	
#1: ReflectionMethod->invokeArgs
	/home/bitrix/www/bitrix/modules/main/lib/engine/autowire/binder.php:207
#2: Bitrix\Main\Engine\AutoWire\Binder->invoke
	/home/bitrix/www/bitrix/modules/main/lib/engine/action.php:117
#3: Bitrix\Main\Engine\Action->runWithSourceParametersList
	/home/bitrix/www/bitrix/modules/main/lib/engine/controller.php:425
#4: Bitrix\Main\Engine\Controller->run
	/home/bitrix/www/bitrix/modules/main/lib/httpapplication.php:140
#5: Bitrix\Main\HttpApplication->runController
	/home/bitrix/www/bitrix/modules/main/include/routing_index.php:135
----------
Host: crm.sodeistvie.su:443
Date: 2024-12-17 10:18:40
Module: queryArray
array (
  'partnerInn' => '632132137441',
  'page' => '51',
  'status' => 'all',
)
#0: KPLab\API\V2\Controller\Partners->getSellersAction
	
#1: ReflectionMethod->invokeArgs
	/home/bitrix/www/bitrix/modules/main/lib/engine/autowire/binder.php:207
#2: Bitrix\Main\Engine\AutoWire\Binder->invoke
	/home/bitrix/www/bitrix/modules/main/lib/engine/action.php:117
#3: Bitrix\Main\Engine\Action->runWithSourceParametersList
	/home/bitrix/www/bitrix/modules/main/lib/engine/controller.php:425
#4: Bitrix\Main\Engine\Controller->run
	/home/bitrix/www/bitrix/modules/main/lib/httpapplication.php:140
#5: Bitrix\Main\HttpApplication->runController
	/home/bitrix/www/bitrix/modules/main/include/routing_index.php:135
----------
Host: crm.sodeistvie.su:443
Date: 2024-12-17 10:18:41
Module: referralId
46515
#0: KPLab\API\V2\Controller\Partners->getSellersAction
	
#1: ReflectionMethod->invokeArgs
	/home/bitrix/www/bitrix/modules/main/lib/engine/autowire/binder.php:207
#2: Bitrix\Main\Engine\AutoWire\Binder->invoke
	/home/bitrix/www/bitrix/modules/main/lib/engine/action.php:117
#3: Bitrix\Main\Engine\Action->runWithSourceParametersList
	/home/bitrix/www/bitrix/modules/main/lib/engine/controller.php:425
#4: Bitrix\Main\Engine\Controller->run
	/home/bitrix/www/bitrix/modules/main/lib/httpapplication.php:140
#5: Bitrix\Main\HttpApplication->runController
	/home/bitrix/www/bitrix/modules/main/include/routing_index.php:135
----------
Host: crm.sodeistvie.su:443
Date: 2024-12-17 11:28:53
Module: queryArray
array (
  'partnerInn' => '632132137441',
)
#0: KPLab\API\V2\Controller\Partners->getSellersAction
	
#1: ReflectionMethod->invokeArgs
	/home/bitrix/www/bitrix/modules/main/lib/engine/autowire/binder.php:207
#2: Bitrix\Main\Engine\AutoWire\Binder->invoke
	/home/bitrix/www/bitrix/modules/main/lib/engine/action.php:117
#3: Bitrix\Main\Engine\Action->runWithSourceParametersList
	/home/bitrix/www/bitrix/modules/main/lib/engine/controller.php:425
#4: Bitrix\Main\Engine\Controller->run
	/home/bitrix/www/bitrix/modules/main/lib/httpapplication.php:140
#5: Bitrix\Main\HttpApplication->runController
	/home/bitrix/www/bitrix/modules/main/include/routing_index.php:135
----------
Host: crm.sodeistvie.su:443
Date: 2024-12-17 11:28:53
Module: referralId
46515
#0: KPLab\API\V2\Controller\Partners->getSellersAction
	
#1: ReflectionMethod->invokeArgs
	/home/bitrix/www/bitrix/modules/main/lib/engine/autowire/binder.php:207
#2: Bitrix\Main\Engine\AutoWire\Binder->invoke
	/home/bitrix/www/bitrix/modules/main/lib/engine/action.php:117
#3: Bitrix\Main\Engine\Action->runWithSourceParametersList
	/home/bitrix/www/bitrix/modules/main/lib/engine/controller.php:425
#4: Bitrix\Main\Engine\Controller->run
	/home/bitrix/www/bitrix/modules/main/lib/httpapplication.php:140
#5: Bitrix\Main\HttpApplication->runController
	/home/bitrix/www/bitrix/modules/main/include/routing_index.php:135
----------
Host: crm.sodeistvie.su:443
Date: 2024-12-17 11:28:54
Module: queryArray
array (
  'partnerInn' => '632132137441',
  'page' => '51',
  'status' => 'all',
)
#0: KPLab\API\V2\Controller\Partners->getSellersAction
	
#1: ReflectionMethod->invokeArgs
	/home/bitrix/www/bitrix/modules/main/lib/engine/autowire/binder.php:207
#2: Bitrix\Main\Engine\AutoWire\Binder->invoke
	/home/bitrix/www/bitrix/modules/main/lib/engine/action.php:117
#3: Bitrix\Main\Engine\Action->runWithSourceParametersList
	/home/bitrix/www/bitrix/modules/main/lib/engine/controller.php:425
#4: Bitrix\Main\Engine\Controller->run
	/home/bitrix/www/bitrix/modules/main/lib/httpapplication.php:140
#5: Bitrix\Main\HttpApplication->runController
	/home/bitrix/www/bitrix/modules/main/include/routing_index.php:135
----------
Host: crm.sodeistvie.su:443
Date: 2024-12-17 11:28:54
Module: referralId
46515
#0: KPLab\API\V2\Controller\Partners->getSellersAction
	
#1: ReflectionMethod->invokeArgs
	/home/bitrix/www/bitrix/modules/main/lib/engine/autowire/binder.php:207
#2: Bitrix\Main\Engine\AutoWire\Binder->invoke
	/home/bitrix/www/bitrix/modules/main/lib/engine/action.php:117
#3: Bitrix\Main\Engine\Action->runWithSourceParametersList
	/home/bitrix/www/bitrix/modules/main/lib/engine/controller.php:425
#4: Bitrix\Main\Engine\Controller->run
	/home/bitrix/www/bitrix/modules/main/lib/httpapplication.php:140
#5: Bitrix\Main\HttpApplication->runController
	/home/bitrix/www/bitrix/modules/main/include/routing_index.php:135
----------
Host: crm.sodeistvie.su:443
Date: 2024-12-17 11:32:11
Module: queryArray
array (
  'partnerInn' => '632132137441',
)
#0: KPLab\API\V2\Controller\Partners->getSellersAction
	
#1: ReflectionMethod->invokeArgs
	/home/bitrix/www/bitrix/modules/main/lib/engine/autowire/binder.php:207
#2: Bitrix\Main\Engine\AutoWire\Binder->invoke
	/home/bitrix/www/bitrix/modules/main/lib/engine/action.php:117
#3: Bitrix\Main\Engine\Action->runWithSourceParametersList
	/home/bitrix/www/bitrix/modules/main/lib/engine/controller.php:425
#4: Bitrix\Main\Engine\Controller->run
	/home/bitrix/www/bitrix/modules/main/lib/httpapplication.php:140
#5: Bitrix\Main\HttpApplication->runController
	/home/bitrix/www/bitrix/modules/main/include/routing_index.php:135
----------
Host: crm.sodeistvie.su:443
Date: 2024-12-17 11:32:12
Module: referralId
46515
#0: KPLab\API\V2\Controller\Partners->getSellersAction
	
#1: ReflectionMethod->invokeArgs
	/home/bitrix/www/bitrix/modules/main/lib/engine/autowire/binder.php:207
#2: Bitrix\Main\Engine\AutoWire\Binder->invoke
	/home/bitrix/www/bitrix/modules/main/lib/engine/action.php:117
#3: Bitrix\Main\Engine\Action->runWithSourceParametersList
	/home/bitrix/www/bitrix/modules/main/lib/engine/controller.php:425
#4: Bitrix\Main\Engine\Controller->run
	/home/bitrix/www/bitrix/modules/main/lib/httpapplication.php:140
#5: Bitrix\Main\HttpApplication->runController
	/home/bitrix/www/bitrix/modules/main/include/routing_index.php:135
----------
Host: crm.sodeistvie.su:443
Date: 2024-12-17 11:32:12
Module: queryArray
array (
  'partnerInn' => '632132137441',
  'page' => '51',
  'status' => 'all',
)
#0: KPLab\API\V2\Controller\Partners->getSellersAction
	
#1: ReflectionMethod->invokeArgs
	/home/bitrix/www/bitrix/modules/main/lib/engine/autowire/binder.php:207
#2: Bitrix\Main\Engine\AutoWire\Binder->invoke
	/home/bitrix/www/bitrix/modules/main/lib/engine/action.php:117
#3: Bitrix\Main\Engine\Action->runWithSourceParametersList
	/home/bitrix/www/bitrix/modules/main/lib/engine/controller.php:425
#4: Bitrix\Main\Engine\Controller->run
	/home/bitrix/www/bitrix/modules/main/lib/httpapplication.php:140
#5: Bitrix\Main\HttpApplication->runController
	/home/bitrix/www/bitrix/modules/main/include/routing_index.php:135
----------
Host: crm.sodeistvie.su:443
Date: 2024-12-17 11:32:12
Module: referralId
46515
#0: KPLab\API\V2\Controller\Partners->getSellersAction
	
#1: ReflectionMethod->invokeArgs
	/home/bitrix/www/bitrix/modules/main/lib/engine/autowire/binder.php:207
#2: Bitrix\Main\Engine\AutoWire\Binder->invoke
	/home/bitrix/www/bitrix/modules/main/lib/engine/action.php:117
#3: Bitrix\Main\Engine\Action->runWithSourceParametersList
	/home/bitrix/www/bitrix/modules/main/lib/engine/controller.php:425
#4: Bitrix\Main\Engine\Controller->run
	/home/bitrix/www/bitrix/modules/main/lib/httpapplication.php:140
#5: Bitrix\Main\HttpApplication->runController
	/home/bitrix/www/bitrix/modules/main/include/routing_index.php:135
----------
Host: crm.sodeistvie.su:443
Date: 2024-12-17 12:18:00
Module: queryArray
array (
  'partnerInn' => '632132137441',
)
#0: KPLab\API\V2\Controller\Partners->getSellersAction
	
#1: ReflectionMethod->invokeArgs
	/home/bitrix/www/bitrix/modules/main/lib/engine/autowire/binder.php:207
#2: Bitrix\Main\Engine\AutoWire\Binder->invoke
	/home/bitrix/www/bitrix/modules/main/lib/engine/action.php:117
#3: Bitrix\Main\Engine\Action->runWithSourceParametersList
	/home/bitrix/www/bitrix/modules/main/lib/engine/controller.php:425
#4: Bitrix\Main\Engine\Controller->run
	/home/bitrix/www/bitrix/modules/main/lib/httpapplication.php:140
#5: Bitrix\Main\HttpApplication->runController
	/home/bitrix/www/bitrix/modules/main/include/routing_index.php:135
----------
Host: crm.sodeistvie.su:443
Date: 2024-12-17 12:18:01
Module: referralId
46515
#0: KPLab\API\V2\Controller\Partners->getSellersAction
	
#1: ReflectionMethod->invokeArgs
	/home/bitrix/www/bitrix/modules/main/lib/engine/autowire/binder.php:207
#2: Bitrix\Main\Engine\AutoWire\Binder->invoke
	/home/bitrix/www/bitrix/modules/main/lib/engine/action.php:117
#3: Bitrix\Main\Engine\Action->runWithSourceParametersList
	/home/bitrix/www/bitrix/modules/main/lib/engine/controller.php:425
#4: Bitrix\Main\Engine\Controller->run
	/home/bitrix/www/bitrix/modules/main/lib/httpapplication.php:140
#5: Bitrix\Main\HttpApplication->runController
	/home/bitrix/www/bitrix/modules/main/include/routing_index.php:135
----------
Host: crm.sodeistvie.su:443
Date: 2024-12-17 13:29:27
Module: queryArray
array (
  'partnerInn' => '632132137441',
  'page' => '1',
)
#0: KPLab\API\V2\Controller\Partners->getSellersAction
	
#1: ReflectionMethod->invokeArgs
	/home/bitrix/www/bitrix/modules/main/lib/engine/autowire/binder.php:207
#2: Bitrix\Main\Engine\AutoWire\Binder->invoke
	/home/bitrix/www/bitrix/modules/main/lib/engine/action.php:117
#3: Bitrix\Main\Engine\Action->runWithSourceParametersList
	/home/bitrix/www/bitrix/modules/main/lib/engine/controller.php:425
#4: Bitrix\Main\Engine\Controller->run
	/home/bitrix/www/bitrix/modules/main/lib/httpapplication.php:140
#5: Bitrix\Main\HttpApplication->runController
	/home/bitrix/www/bitrix/modules/main/include/routing_index.php:135
----------
Host: crm.sodeistvie.su:443
Date: 2024-12-17 13:29:28
Module: referralId
46515
#0: KPLab\API\V2\Controller\Partners->getSellersAction
	
#1: ReflectionMethod->invokeArgs
	/home/bitrix/www/bitrix/modules/main/lib/engine/autowire/binder.php:207
#2: Bitrix\Main\Engine\AutoWire\Binder->invoke
	/home/bitrix/www/bitrix/modules/main/lib/engine/action.php:117
#3: Bitrix\Main\Engine\Action->runWithSourceParametersList
	/home/bitrix/www/bitrix/modules/main/lib/engine/controller.php:425
#4: Bitrix\Main\Engine\Controller->run
	/home/bitrix/www/bitrix/modules/main/lib/httpapplication.php:140
#5: Bitrix\Main\HttpApplication->runController
	/home/bitrix/www/bitrix/modules/main/include/routing_index.php:135
----------
Host: crm.sodeistvie.su:443
Date: 2024-12-17 13:55:12
Module: queryArray
array (
  'partnerInn' => '027722954650',
  'page' => '1',
)
#0: KPLab\API\V2\Controller\Partners->getSellersAction
	
#1: ReflectionMethod->invokeArgs
	/home/bitrix/www/bitrix/modules/main/lib/engine/autowire/binder.php:207
#2: Bitrix\Main\Engine\AutoWire\Binder->invoke
	/home/bitrix/www/bitrix/modules/main/lib/engine/action.php:117
#3: Bitrix\Main\Engine\Action->runWithSourceParametersList
	/home/bitrix/www/bitrix/modules/main/lib/engine/controller.php:425
#4: Bitrix\Main\Engine\Controller->run
	/home/bitrix/www/bitrix/modules/main/lib/httpapplication.php:140
#5: Bitrix\Main\HttpApplication->runController
	/home/bitrix/www/bitrix/modules/main/include/routing_index.php:135
----------
Host: crm.sodeistvie.su:443
Date: 2024-12-17 13:55:13
Module: referralId
47962
#0: KPLab\API\V2\Controller\Partners->getSellersAction
	
#1: ReflectionMethod->invokeArgs
	/home/bitrix/www/bitrix/modules/main/lib/engine/autowire/binder.php:207
#2: Bitrix\Main\Engine\AutoWire\Binder->invoke
	/home/bitrix/www/bitrix/modules/main/lib/engine/action.php:117
#3: Bitrix\Main\Engine\Action->runWithSourceParametersList
	/home/bitrix/www/bitrix/modules/main/lib/engine/controller.php:425
#4: Bitrix\Main\Engine\Controller->run
	/home/bitrix/www/bitrix/modules/main/lib/httpapplication.php:140
#5: Bitrix\Main\HttpApplication->runController
	/home/bitrix/www/bitrix/modules/main/include/routing_index.php:135
----------
Host: crm.sodeistvie.su:443
Date: 2024-12-17 13:56:12
Module: queryArray
array (
  'partnerInn' => '632132137441',
  'page' => '1',
)
#0: KPLab\API\V2\Controller\Partners->getSellersAction
	
#1: ReflectionMethod->invokeArgs
	/home/bitrix/www/bitrix/modules/main/lib/engine/autowire/binder.php:207
#2: Bitrix\Main\Engine\AutoWire\Binder->invoke
	/home/bitrix/www/bitrix/modules/main/lib/engine/action.php:117
#3: Bitrix\Main\Engine\Action->runWithSourceParametersList
	/home/bitrix/www/bitrix/modules/main/lib/engine/controller.php:425
#4: Bitrix\Main\Engine\Controller->run
	/home/bitrix/www/bitrix/modules/main/lib/httpapplication.php:140
#5: Bitrix\Main\HttpApplication->runController
	/home/bitrix/www/bitrix/modules/main/include/routing_index.php:135
----------
Host: crm.sodeistvie.su:443
Date: 2024-12-17 13:56:12
Module: referralId
46515
#0: KPLab\API\V2\Controller\Partners->getSellersAction
	
#1: ReflectionMethod->invokeArgs
	/home/bitrix/www/bitrix/modules/main/lib/engine/autowire/binder.php:207
#2: Bitrix\Main\Engine\AutoWire\Binder->invoke
	/home/bitrix/www/bitrix/modules/main/lib/engine/action.php:117
#3: Bitrix\Main\Engine\Action->runWithSourceParametersList
	/home/bitrix/www/bitrix/modules/main/lib/engine/controller.php:425
#4: Bitrix\Main\Engine\Controller->run
	/home/bitrix/www/bitrix/modules/main/lib/httpapplication.php:140
#5: Bitrix\Main\HttpApplication->runController
	/home/bitrix/www/bitrix/modules/main/include/routing_index.php:135
----------
Host: crm.sodeistvie.su:443
Date: 2024-12-17 13:56:22
Module: queryArray
array (
  'partnerInn' => '632132137441',
  'page' => '1',
)
#0: KPLab\API\V2\Controller\Partners->getSellersAction
	
#1: ReflectionMethod->invokeArgs
	/home/bitrix/www/bitrix/modules/main/lib/engine/autowire/binder.php:207
#2: Bitrix\Main\Engine\AutoWire\Binder->invoke
	/home/bitrix/www/bitrix/modules/main/lib/engine/action.php:117
#3: Bitrix\Main\Engine\Action->runWithSourceParametersList
	/home/bitrix/www/bitrix/modules/main/lib/engine/controller.php:425
#4: Bitrix\Main\Engine\Controller->run
	/home/bitrix/www/bitrix/modules/main/lib/httpapplication.php:140
#5: Bitrix\Main\HttpApplication->runController
	/home/bitrix/www/bitrix/modules/main/include/routing_index.php:135
----------
Host: crm.sodeistvie.su:443
Date: 2024-12-17 13:56:22
Module: referralId
46515
#0: KPLab\API\V2\Controller\Partners->getSellersAction
	
#1: ReflectionMethod->invokeArgs
	/home/bitrix/www/bitrix/modules/main/lib/engine/autowire/binder.php:207
#2: Bitrix\Main\Engine\AutoWire\Binder->invoke
	/home/bitrix/www/bitrix/modules/main/lib/engine/action.php:117
#3: Bitrix\Main\Engine\Action->runWithSourceParametersList
	/home/bitrix/www/bitrix/modules/main/lib/engine/controller.php:425
#4: Bitrix\Main\Engine\Controller->run
	/home/bitrix/www/bitrix/modules/main/lib/httpapplication.php:140
#5: Bitrix\Main\HttpApplication->runController
	/home/bitrix/www/bitrix/modules/main/include/routing_index.php:135
----------
Host: crm.sodeistvie.su:443
Date: 2024-12-17 13:56:23
Module: queryArray
array (
  'partnerInn' => '632132137441',
  'page' => '51',
  'status' => 'all',
)
#0: KPLab\API\V2\Controller\Partners->getSellersAction
	
#1: ReflectionMethod->invokeArgs
	/home/bitrix/www/bitrix/modules/main/lib/engine/autowire/binder.php:207
#2: Bitrix\Main\Engine\AutoWire\Binder->invoke
	/home/bitrix/www/bitrix/modules/main/lib/engine/action.php:117
#3: Bitrix\Main\Engine\Action->runWithSourceParametersList
	/home/bitrix/www/bitrix/modules/main/lib/engine/controller.php:425
#4: Bitrix\Main\Engine\Controller->run
	/home/bitrix/www/bitrix/modules/main/lib/httpapplication.php:140
#5: Bitrix\Main\HttpApplication->runController
	/home/bitrix/www/bitrix/modules/main/include/routing_index.php:135
----------
Host: crm.sodeistvie.su:443
Date: 2024-12-17 13:56:23
Module: referralId
46515
#0: KPLab\API\V2\Controller\Partners->getSellersAction
	
#1: ReflectionMethod->invokeArgs
	/home/bitrix/www/bitrix/modules/main/lib/engine/autowire/binder.php:207
#2: Bitrix\Main\Engine\AutoWire\Binder->invoke
	/home/bitrix/www/bitrix/modules/main/lib/engine/action.php:117
#3: Bitrix\Main\Engine\Action->runWithSourceParametersList
	/home/bitrix/www/bitrix/modules/main/lib/engine/controller.php:425
#4: Bitrix\Main\Engine\Controller->run
	/home/bitrix/www/bitrix/modules/main/lib/httpapplication.php:140
#5: Bitrix\Main\HttpApplication->runController
	/home/bitrix/www/bitrix/modules/main/include/routing_index.php:135
----------
Host: crm.sodeistvie.su:443
Date: 2024-12-17 13:57:23
Module: queryArray
array (
  'partnerInn' => '632132137441',
  'page' => '1',
)
#0: KPLab\API\V2\Controller\Partners->getSellersAction
	
#1: ReflectionMethod->invokeArgs
	/home/bitrix/www/bitrix/modules/main/lib/engine/autowire/binder.php:207
#2: Bitrix\Main\Engine\AutoWire\Binder->invoke
	/home/bitrix/www/bitrix/modules/main/lib/engine/action.php:117
#3: Bitrix\Main\Engine\Action->runWithSourceParametersList
	/home/bitrix/www/bitrix/modules/main/lib/engine/controller.php:425
#4: Bitrix\Main\Engine\Controller->run
	/home/bitrix/www/bitrix/modules/main/lib/httpapplication.php:140
#5: Bitrix\Main\HttpApplication->runController
	/home/bitrix/www/bitrix/modules/main/include/routing_index.php:135
----------
Host: crm.sodeistvie.su:443
Date: 2024-12-17 13:57:24
Module: referralId
46515
#0: KPLab\API\V2\Controller\Partners->getSellersAction
	
#1: ReflectionMethod->invokeArgs
	/home/bitrix/www/bitrix/modules/main/lib/engine/autowire/binder.php:207
#2: Bitrix\Main\Engine\AutoWire\Binder->invoke
	/home/bitrix/www/bitrix/modules/main/lib/engine/action.php:117
#3: Bitrix\Main\Engine\Action->runWithSourceParametersList
	/home/bitrix/www/bitrix/modules/main/lib/engine/controller.php:425
#4: Bitrix\Main\Engine\Controller->run
	/home/bitrix/www/bitrix/modules/main/lib/httpapplication.php:140
#5: Bitrix\Main\HttpApplication->runController
	/home/bitrix/www/bitrix/modules/main/include/routing_index.php:135
----------
Host: crm.sodeistvie.su:443
Date: 2024-12-17 16:37:32
Module: queryArray
array (
  'partnerInn' => '026205145219',
  'page' => '1',
)
#0: KPLab\API\V2\Controller\Partners->getSellersAction
	
#1: ReflectionMethod->invokeArgs
	/home/bitrix/www/bitrix/modules/main/lib/engine/autowire/binder.php:207
#2: Bitrix\Main\Engine\AutoWire\Binder->invoke
	/home/bitrix/www/bitrix/modules/main/lib/engine/action.php:117
#3: Bitrix\Main\Engine\Action->runWithSourceParametersList
	/home/bitrix/www/bitrix/modules/main/lib/engine/controller.php:425
#4: Bitrix\Main\Engine\Controller->run
	/home/bitrix/www/bitrix/modules/main/lib/httpapplication.php:140
#5: Bitrix\Main\HttpApplication->runController
	/home/bitrix/www/bitrix/modules/main/include/routing_index.php:135
----------
Host: crm.sodeistvie.su:443
Date: 2024-12-17 16:37:33
Module: referralId
51346
#0: KPLab\API\V2\Controller\Partners->getSellersAction
	
#1: ReflectionMethod->invokeArgs
	/home/bitrix/www/bitrix/modules/main/lib/engine/autowire/binder.php:207
#2: Bitrix\Main\Engine\AutoWire\Binder->invoke
	/home/bitrix/www/bitrix/modules/main/lib/engine/action.php:117
#3: Bitrix\Main\Engine\Action->runWithSourceParametersList
	/home/bitrix/www/bitrix/modules/main/lib/engine/controller.php:425
#4: Bitrix\Main\Engine\Controller->run
	/home/bitrix/www/bitrix/modules/main/lib/httpapplication.php:140
#5: Bitrix\Main\HttpApplication->runController
	/home/bitrix/www/bitrix/modules/main/include/routing_index.php:135
----------
Host: crm.sodeistvie.su:443
Date: 2024-12-17 16:43:11
Module: queryArray
array (
  'partnerInn' => '772173434667',
)
#0: KPLab\API\V2\Controller\Partners->getSellersAction
	
#1: ReflectionMethod->invokeArgs
	/home/bitrix/www/bitrix/modules/main/lib/engine/autowire/binder.php:207
#2: Bitrix\Main\Engine\AutoWire\Binder->invoke
	/home/bitrix/www/bitrix/modules/main/lib/engine/action.php:117
#3: Bitrix\Main\Engine\Action->runWithSourceParametersList
	/home/bitrix/www/bitrix/modules/main/lib/engine/controller.php:425
#4: Bitrix\Main\Engine\Controller->run
	/home/bitrix/www/bitrix/modules/main/lib/httpapplication.php:140
#5: Bitrix\Main\HttpApplication->runController
	/home/bitrix/www/bitrix/modules/main/include/routing_index.php:135
----------
Host: crm.sodeistvie.su:443
Date: 2024-12-17 16:43:12
Module: referralId
49950
#0: KPLab\API\V2\Controller\Partners->getSellersAction
	
#1: ReflectionMethod->invokeArgs
	/home/bitrix/www/bitrix/modules/main/lib/engine/autowire/binder.php:207
#2: Bitrix\Main\Engine\AutoWire\Binder->invoke
	/home/bitrix/www/bitrix/modules/main/lib/engine/action.php:117
#3: Bitrix\Main\Engine\Action->runWithSourceParametersList
	/home/bitrix/www/bitrix/modules/main/lib/engine/controller.php:425
#4: Bitrix\Main\Engine\Controller->run
	/home/bitrix/www/bitrix/modules/main/lib/httpapplication.php:140
#5: Bitrix\Main\HttpApplication->runController
	/home/bitrix/www/bitrix/modules/main/include/routing_index.php:135
----------
Host: crm.sodeistvie.su:443
Date: 2024-12-17 16:43:24
Module: queryArray
array (
  'partnerInn' => '772173434667',
  'page' => '1',
)
#0: KPLab\API\V2\Controller\Partners->getSellersAction
	
#1: ReflectionMethod->invokeArgs
	/home/bitrix/www/bitrix/modules/main/lib/engine/autowire/binder.php:207
#2: Bitrix\Main\Engine\AutoWire\Binder->invoke
	/home/bitrix/www/bitrix/modules/main/lib/engine/action.php:117
#3: Bitrix\Main\Engine\Action->runWithSourceParametersList
	/home/bitrix/www/bitrix/modules/main/lib/engine/controller.php:425
#4: Bitrix\Main\Engine\Controller->run
	/home/bitrix/www/bitrix/modules/main/lib/httpapplication.php:140
#5: Bitrix\Main\HttpApplication->runController
	/home/bitrix/www/bitrix/modules/main/include/routing_index.php:135
----------
Host: crm.sodeistvie.su:443
Date: 2024-12-17 16:43:25
Module: referralId
49950
#0: KPLab\API\V2\Controller\Partners->getSellersAction
	
#1: ReflectionMethod->invokeArgs
	/home/bitrix/www/bitrix/modules/main/lib/engine/autowire/binder.php:207
#2: Bitrix\Main\Engine\AutoWire\Binder->invoke
	/home/bitrix/www/bitrix/modules/main/lib/engine/action.php:117
#3: Bitrix\Main\Engine\Action->runWithSourceParametersList
	/home/bitrix/www/bitrix/modules/main/lib/engine/controller.php:425
#4: Bitrix\Main\Engine\Controller->run
	/home/bitrix/www/bitrix/modules/main/lib/httpapplication.php:140
#5: Bitrix\Main\HttpApplication->runController
	/home/bitrix/www/bitrix/modules/main/include/routing_index.php:135
----------
Host: crm.sodeistvie.su:443
Date: 2024-12-17 16:43:27
Module: queryArray
array (
  'partnerInn' => '772173434667',
  'page' => '51',
  'status' => 'all',
)
#0: KPLab\API\V2\Controller\Partners->getSellersAction
	
#1: ReflectionMethod->invokeArgs
	/home/bitrix/www/bitrix/modules/main/lib/engine/autowire/binder.php:207
#2: Bitrix\Main\Engine\AutoWire\Binder->invoke
	/home/bitrix/www/bitrix/modules/main/lib/engine/action.php:117
#3: Bitrix\Main\Engine\Action->runWithSourceParametersList
	/home/bitrix/www/bitrix/modules/main/lib/engine/controller.php:425
#4: Bitrix\Main\Engine\Controller->run
	/home/bitrix/www/bitrix/modules/main/lib/httpapplication.php:140
#5: Bitrix\Main\HttpApplication->runController
	/home/bitrix/www/bitrix/modules/main/include/routing_index.php:135
----------
Host: crm.sodeistvie.su:443
Date: 2024-12-17 16:43:27
Module: referralId
49950
#0: KPLab\API\V2\Controller\Partners->getSellersAction
	
#1: ReflectionMethod->invokeArgs
	/home/bitrix/www/bitrix/modules/main/lib/engine/autowire/binder.php:207
#2: Bitrix\Main\Engine\AutoWire\Binder->invoke
	/home/bitrix/www/bitrix/modules/main/lib/engine/action.php:117
#3: Bitrix\Main\Engine\Action->runWithSourceParametersList
	/home/bitrix/www/bitrix/modules/main/lib/engine/controller.php:425
#4: Bitrix\Main\Engine\Controller->run
	/home/bitrix/www/bitrix/modules/main/lib/httpapplication.php:140
#5: Bitrix\Main\HttpApplication->runController
	/home/bitrix/www/bitrix/modules/main/include/routing_index.php:135
----------
Host: crm.sodeistvie.su:443
Date: 2024-12-17 16:48:32
Module: queryArray
array (
  'partnerInn' => '772173434667',
  'page' => '1',
)
#0: KPLab\API\V2\Controller\Partners->getSellersAction
	
#1: ReflectionMethod->invokeArgs
	/home/bitrix/www/bitrix/modules/main/lib/engine/autowire/binder.php:207
#2: Bitrix\Main\Engine\AutoWire\Binder->invoke
	/home/bitrix/www/bitrix/modules/main/lib/engine/action.php:117
#3: Bitrix\Main\Engine\Action->runWithSourceParametersList
	/home/bitrix/www/bitrix/modules/main/lib/engine/controller.php:425
#4: Bitrix\Main\Engine\Controller->run
	/home/bitrix/www/bitrix/modules/main/lib/httpapplication.php:140
#5: Bitrix\Main\HttpApplication->runController
	/home/bitrix/www/bitrix/modules/main/include/routing_index.php:135
----------
Host: crm.sodeistvie.su:443
Date: 2024-12-17 16:48:33
Module: referralId
49950
#0: KPLab\API\V2\Controller\Partners->getSellersAction
	
#1: ReflectionMethod->invokeArgs
	/home/bitrix/www/bitrix/modules/main/lib/engine/autowire/binder.php:207
#2: Bitrix\Main\Engine\AutoWire\Binder->invoke
	/home/bitrix/www/bitrix/modules/main/lib/engine/action.php:117
#3: Bitrix\Main\Engine\Action->runWithSourceParametersList
	/home/bitrix/www/bitrix/modules/main/lib/engine/controller.php:425
#4: Bitrix\Main\Engine\Controller->run
	/home/bitrix/www/bitrix/modules/main/lib/httpapplication.php:140
#5: Bitrix\Main\HttpApplication->runController
	/home/bitrix/www/bitrix/modules/main/include/routing_index.php:135
----------
Host: crm.sodeistvie.su:443
Date: 2024-12-17 16:48:34
Module: queryArray
array (
  'partnerInn' => '772173434667',
  'page' => '51',
  'status' => 'all',
)
#0: KPLab\API\V2\Controller\Partners->getSellersAction
	
#1: ReflectionMethod->invokeArgs
	/home/bitrix/www/bitrix/modules/main/lib/engine/autowire/binder.php:207
#2: Bitrix\Main\Engine\AutoWire\Binder->invoke
	/home/bitrix/www/bitrix/modules/main/lib/engine/action.php:117
#3: Bitrix\Main\Engine\Action->runWithSourceParametersList
	/home/bitrix/www/bitrix/modules/main/lib/engine/controller.php:425
#4: Bitrix\Main\Engine\Controller->run
	/home/bitrix/www/bitrix/modules/main/lib/httpapplication.php:140
#5: Bitrix\Main\HttpApplication->runController
	/home/bitrix/www/bitrix/modules/main/include/routing_index.php:135
----------
Host: crm.sodeistvie.su:443
Date: 2024-12-17 16:48:34
Module: referralId
49950
#0: KPLab\API\V2\Controller\Partners->getSellersAction
	
#1: ReflectionMethod->invokeArgs
	/home/bitrix/www/bitrix/modules/main/lib/engine/autowire/binder.php:207
#2: Bitrix\Main\Engine\AutoWire\Binder->invoke
	/home/bitrix/www/bitrix/modules/main/lib/engine/action.php:117
#3: Bitrix\Main\Engine\Action->runWithSourceParametersList
	/home/bitrix/www/bitrix/modules/main/lib/engine/controller.php:425
#4: Bitrix\Main\Engine\Controller->run
	/home/bitrix/www/bitrix/modules/main/lib/httpapplication.php:140
#5: Bitrix\Main\HttpApplication->runController
	/home/bitrix/www/bitrix/modules/main/include/routing_index.php:135
----------
Host: crm.sodeistvie.su:443
Date: 2024-12-17 17:23:37
Module: queryArray
array (
  'partnerInn' => '632132137441',
  'page' => '1',
)
#0: KPLab\API\V2\Controller\Partners->getSellersAction
	
#1: ReflectionMethod->invokeArgs
	/home/bitrix/www/bitrix/modules/main/lib/engine/autowire/binder.php:207
#2: Bitrix\Main\Engine\AutoWire\Binder->invoke
	/home/bitrix/www/bitrix/modules/main/lib/engine/action.php:117
#3: Bitrix\Main\Engine\Action->runWithSourceParametersList
	/home/bitrix/www/bitrix/modules/main/lib/engine/controller.php:425
#4: Bitrix\Main\Engine\Controller->run
	/home/bitrix/www/bitrix/modules/main/lib/httpapplication.php:140
#5: Bitrix\Main\HttpApplication->runController
	/home/bitrix/www/bitrix/modules/main/include/routing_index.php:135
----------
Host: crm.sodeistvie.su:443
Date: 2024-12-17 17:23:37
Module: referralId
46515
#0: KPLab\API\V2\Controller\Partners->getSellersAction
	
#1: ReflectionMethod->invokeArgs
	/home/bitrix/www/bitrix/modules/main/lib/engine/autowire/binder.php:207
#2: Bitrix\Main\Engine\AutoWire\Binder->invoke
	/home/bitrix/www/bitrix/modules/main/lib/engine/action.php:117
#3: Bitrix\Main\Engine\Action->runWithSourceParametersList
	/home/bitrix/www/bitrix/modules/main/lib/engine/controller.php:425
#4: Bitrix\Main\Engine\Controller->run
	/home/bitrix/www/bitrix/modules/main/lib/httpapplication.php:140
#5: Bitrix\Main\HttpApplication->runController
	/home/bitrix/www/bitrix/modules/main/include/routing_index.php:135
----------
Host: crm.sodeistvie.su:443
Date: 2024-12-17 17:23:39
Module: queryArray
array (
  'partnerInn' => '632132137441',
  'page' => '51',
  'status' => 'all',
)
#0: KPLab\API\V2\Controller\Partners->getSellersAction
	
#1: ReflectionMethod->invokeArgs
	/home/bitrix/www/bitrix/modules/main/lib/engine/autowire/binder.php:207
#2: Bitrix\Main\Engine\AutoWire\Binder->invoke
	/home/bitrix/www/bitrix/modules/main/lib/engine/action.php:117
#3: Bitrix\Main\Engine\Action->runWithSourceParametersList
	/home/bitrix/www/bitrix/modules/main/lib/engine/controller.php:425
#4: Bitrix\Main\Engine\Controller->run
	/home/bitrix/www/bitrix/modules/main/lib/httpapplication.php:140
#5: Bitrix\Main\HttpApplication->runController
	/home/bitrix/www/bitrix/modules/main/include/routing_index.php:135
----------
Host: crm.sodeistvie.su:443
Date: 2024-12-17 17:23:39
Module: referralId
46515
#0: KPLab\API\V2\Controller\Partners->getSellersAction
	
#1: ReflectionMethod->invokeArgs
	/home/bitrix/www/bitrix/modules/main/lib/engine/autowire/binder.php:207
#2: Bitrix\Main\Engine\AutoWire\Binder->invoke
	/home/bitrix/www/bitrix/modules/main/lib/engine/action.php:117
#3: Bitrix\Main\Engine\Action->runWithSourceParametersList
	/home/bitrix/www/bitrix/modules/main/lib/engine/controller.php:425
#4: Bitrix\Main\Engine\Controller->run
	/home/bitrix/www/bitrix/modules/main/lib/httpapplication.php:140
#5: Bitrix\Main\HttpApplication->runController
	/home/bitrix/www/bitrix/modules/main/include/routing_index.php:135
----------
Host: crm.sodeistvie.su:443
Date: 2024-12-17 17:43:42
Module: queryArray
array (
  'partnerInn' => '026205145219',
  'page' => '1',
)
#0: KPLab\API\V2\Controller\Partners->getSellersAction
	
#1: ReflectionMethod->invokeArgs
	/home/bitrix/www/bitrix/modules/main/lib/engine/autowire/binder.php:207
#2: Bitrix\Main\Engine\AutoWire\Binder->invoke
	/home/bitrix/www/bitrix/modules/main/lib/engine/action.php:117
#3: Bitrix\Main\Engine\Action->runWithSourceParametersList
	/home/bitrix/www/bitrix/modules/main/lib/engine/controller.php:425
#4: Bitrix\Main\Engine\Controller->run
	/home/bitrix/www/bitrix/modules/main/lib/httpapplication.php:140
#5: Bitrix\Main\HttpApplication->runController
	/home/bitrix/www/bitrix/modules/main/include/routing_index.php:135
----------
Host: crm.sodeistvie.su:443
Date: 2024-12-17 17:43:42
Module: referralId
51346
#0: KPLab\API\V2\Controller\Partners->getSellersAction
	
#1: ReflectionMethod->invokeArgs
	/home/bitrix/www/bitrix/modules/main/lib/engine/autowire/binder.php:207
#2: Bitrix\Main\Engine\AutoWire\Binder->invoke
	/home/bitrix/www/bitrix/modules/main/lib/engine/action.php:117
#3: Bitrix\Main\Engine\Action->runWithSourceParametersList
	/home/bitrix/www/bitrix/modules/main/lib/engine/controller.php:425
#4: Bitrix\Main\Engine\Controller->run
	/home/bitrix/www/bitrix/modules/main/lib/httpapplication.php:140
#5: Bitrix\Main\HttpApplication->runController
	/home/bitrix/www/bitrix/modules/main/include/routing_index.php:135
----------
Host: crm.sodeistvie.su:443
Date: 2024-12-17 17:50:21
Module: queryArray
array (
  'partnerInn' => '772173434667',
  'page' => '1',
)
#0: KPLab\API\V2\Controller\Partners->getSellersAction
	
#1: ReflectionMethod->invokeArgs
	/home/bitrix/www/bitrix/modules/main/lib/engine/autowire/binder.php:207
#2: Bitrix\Main\Engine\AutoWire\Binder->invoke
	/home/bitrix/www/bitrix/modules/main/lib/engine/action.php:117
#3: Bitrix\Main\Engine\Action->runWithSourceParametersList
	/home/bitrix/www/bitrix/modules/main/lib/engine/controller.php:425
#4: Bitrix\Main\Engine\Controller->run
	/home/bitrix/www/bitrix/modules/main/lib/httpapplication.php:140
#5: Bitrix\Main\HttpApplication->runController
	/home/bitrix/www/bitrix/modules/main/include/routing_index.php:135
----------
Host: crm.sodeistvie.su:443
Date: 2024-12-17 17:50:22
Module: referralId
49950
#0: KPLab\API\V2\Controller\Partners->getSellersAction
	
#1: ReflectionMethod->invokeArgs
	/home/bitrix/www/bitrix/modules/main/lib/engine/autowire/binder.php:207
#2: Bitrix\Main\Engine\AutoWire\Binder->invoke
	/home/bitrix/www/bitrix/modules/main/lib/engine/action.php:117
#3: Bitrix\Main\Engine\Action->runWithSourceParametersList
	/home/bitrix/www/bitrix/modules/main/lib/engine/controller.php:425
#4: Bitrix\Main\Engine\Controller->run
	/home/bitrix/www/bitrix/modules/main/lib/httpapplication.php:140
#5: Bitrix\Main\HttpApplication->runController
	/home/bitrix/www/bitrix/modules/main/include/routing_index.php:135
----------
Host: crm.sodeistvie.su:443
Date: 2024-12-17 17:50:24
Module: queryArray
array (
  'partnerInn' => '772173434667',
  'page' => '51',
  'status' => 'all',
)
#0: KPLab\API\V2\Controller\Partners->getSellersAction
	
#1: ReflectionMethod->invokeArgs
	/home/bitrix/www/bitrix/modules/main/lib/engine/autowire/binder.php:207
#2: Bitrix\Main\Engine\AutoWire\Binder->invoke
	/home/bitrix/www/bitrix/modules/main/lib/engine/action.php:117
#3: Bitrix\Main\Engine\Action->runWithSourceParametersList
	/home/bitrix/www/bitrix/modules/main/lib/engine/controller.php:425
#4: Bitrix\Main\Engine\Controller->run
	/home/bitrix/www/bitrix/modules/main/lib/httpapplication.php:140
#5: Bitrix\Main\HttpApplication->runController
	/home/bitrix/www/bitrix/modules/main/include/routing_index.php:135
----------
Host: crm.sodeistvie.su:443
Date: 2024-12-17 17:50:24
Module: referralId
49950
#0: KPLab\API\V2\Controller\Partners->getSellersAction
	
#1: ReflectionMethod->invokeArgs
	/home/bitrix/www/bitrix/modules/main/lib/engine/autowire/binder.php:207
#2: Bitrix\Main\Engine\AutoWire\Binder->invoke
	/home/bitrix/www/bitrix/modules/main/lib/engine/action.php:117
#3: Bitrix\Main\Engine\Action->runWithSourceParametersList
	/home/bitrix/www/bitrix/modules/main/lib/engine/controller.php:425
#4: Bitrix\Main\Engine\Controller->run
	/home/bitrix/www/bitrix/modules/main/lib/httpapplication.php:140
#5: Bitrix\Main\HttpApplication->runController
	/home/bitrix/www/bitrix/modules/main/include/routing_index.php:135
----------
Host: crm.sodeistvie.su:443
Date: 2024-12-17 18:23:52
Module: queryArray
array (
  'partnerInn' => '772173434667',
  'page' => '1',
)
#0: KPLab\API\V2\Controller\Partners->getSellersAction
	
#1: ReflectionMethod->invokeArgs
	/home/bitrix/www/bitrix/modules/main/lib/engine/autowire/binder.php:207
#2: Bitrix\Main\Engine\AutoWire\Binder->invoke
	/home/bitrix/www/bitrix/modules/main/lib/engine/action.php:117
#3: Bitrix\Main\Engine\Action->runWithSourceParametersList
	/home/bitrix/www/bitrix/modules/main/lib/engine/controller.php:425
#4: Bitrix\Main\Engine\Controller->run
	/home/bitrix/www/bitrix/modules/main/lib/httpapplication.php:140
#5: Bitrix\Main\HttpApplication->runController
	/home/bitrix/www/bitrix/modules/main/include/routing_index.php:135
----------
Host: crm.sodeistvie.su:443
Date: 2024-12-17 18:23:53
Module: referralId
49950
#0: KPLab\API\V2\Controller\Partners->getSellersAction
	
#1: ReflectionMethod->invokeArgs
	/home/bitrix/www/bitrix/modules/main/lib/engine/autowire/binder.php:207
#2: Bitrix\Main\Engine\AutoWire\Binder->invoke
	/home/bitrix/www/bitrix/modules/main/lib/engine/action.php:117
#3: Bitrix\Main\Engine\Action->runWithSourceParametersList
	/home/bitrix/www/bitrix/modules/main/lib/engine/controller.php:425
#4: Bitrix\Main\Engine\Controller->run
	/home/bitrix/www/bitrix/modules/main/lib/httpapplication.php:140
#5: Bitrix\Main\HttpApplication->runController
	/home/bitrix/www/bitrix/modules/main/include/routing_index.php:135
----------
Host: crm.sodeistvie.su:443
Date: 2024-12-17 18:31:07
Module: queryArray
array (
  'partnerInn' => '772173434667',
  'page' => '51',
  'status' => 'all',
)
#0: KPLab\API\V2\Controller\Partners->getSellersAction
	
#1: ReflectionMethod->invokeArgs
	/home/bitrix/www/bitrix/modules/main/lib/engine/autowire/binder.php:207
#2: Bitrix\Main\Engine\AutoWire\Binder->invoke
	/home/bitrix/www/bitrix/modules/main/lib/engine/action.php:117
#3: Bitrix\Main\Engine\Action->runWithSourceParametersList
	/home/bitrix/www/bitrix/modules/main/lib/engine/controller.php:425
#4: Bitrix\Main\Engine\Controller->run
	/home/bitrix/www/bitrix/modules/main/lib/httpapplication.php:140
#5: Bitrix\Main\HttpApplication->runController
	/home/bitrix/www/bitrix/modules/main/include/routing_index.php:135
----------
Host: crm.sodeistvie.su:443
Date: 2024-12-17 18:31:08
Module: referralId
49950
#0: KPLab\API\V2\Controller\Partners->getSellersAction
	
#1: ReflectionMethod->invokeArgs
	/home/bitrix/www/bitrix/modules/main/lib/engine/autowire/binder.php:207
#2: Bitrix\Main\Engine\AutoWire\Binder->invoke
	/home/bitrix/www/bitrix/modules/main/lib/engine/action.php:117
#3: Bitrix\Main\Engine\Action->runWithSourceParametersList
	/home/bitrix/www/bitrix/modules/main/lib/engine/controller.php:425
#4: Bitrix\Main\Engine\Controller->run
	/home/bitrix/www/bitrix/modules/main/lib/httpapplication.php:140
#5: Bitrix\Main\HttpApplication->runController
	/home/bitrix/www/bitrix/modules/main/include/routing_index.php:135
----------
Host: crm.sodeistvie.su:443
Date: 2024-12-17 18:31:11
Module: queryArray
array (
  'partnerInn' => '772173434667',
  'page' => '1',
)
#0: KPLab\API\V2\Controller\Partners->getSellersAction
	
#1: ReflectionMethod->invokeArgs
	/home/bitrix/www/bitrix/modules/main/lib/engine/autowire/binder.php:207
#2: Bitrix\Main\Engine\AutoWire\Binder->invoke
	/home/bitrix/www/bitrix/modules/main/lib/engine/action.php:117
#3: Bitrix\Main\Engine\Action->runWithSourceParametersList
	/home/bitrix/www/bitrix/modules/main/lib/engine/controller.php:425
#4: Bitrix\Main\Engine\Controller->run
	/home/bitrix/www/bitrix/modules/main/lib/httpapplication.php:140
#5: Bitrix\Main\HttpApplication->runController
	/home/bitrix/www/bitrix/modules/main/include/routing_index.php:135
----------
Host: crm.sodeistvie.su:443
Date: 2024-12-17 18:31:11
Module: referralId
49950
#0: KPLab\API\V2\Controller\Partners->getSellersAction
	
#1: ReflectionMethod->invokeArgs
	/home/bitrix/www/bitrix/modules/main/lib/engine/autowire/binder.php:207
#2: Bitrix\Main\Engine\AutoWire\Binder->invoke
	/home/bitrix/www/bitrix/modules/main/lib/engine/action.php:117
#3: Bitrix\Main\Engine\Action->runWithSourceParametersList
	/home/bitrix/www/bitrix/modules/main/lib/engine/controller.php:425
#4: Bitrix\Main\Engine\Controller->run
	/home/bitrix/www/bitrix/modules/main/lib/httpapplication.php:140
#5: Bitrix\Main\HttpApplication->runController
	/home/bitrix/www/bitrix/modules/main/include/routing_index.php:135
----------
Host: crm.sodeistvie.su:443
Date: 2024-12-17 18:31:16
Module: queryArray
array (
  'partnerInn' => '772173434667',
  'page' => '51',
  'status' => 'all',
)
#0: KPLab\API\V2\Controller\Partners->getSellersAction
	
#1: ReflectionMethod->invokeArgs
	/home/bitrix/www/bitrix/modules/main/lib/engine/autowire/binder.php:207
#2: Bitrix\Main\Engine\AutoWire\Binder->invoke
	/home/bitrix/www/bitrix/modules/main/lib/engine/action.php:117
#3: Bitrix\Main\Engine\Action->runWithSourceParametersList
	/home/bitrix/www/bitrix/modules/main/lib/engine/controller.php:425
#4: Bitrix\Main\Engine\Controller->run
	/home/bitrix/www/bitrix/modules/main/lib/httpapplication.php:140
#5: Bitrix\Main\HttpApplication->runController
	/home/bitrix/www/bitrix/modules/main/include/routing_index.php:135
----------
Host: crm.sodeistvie.su:443
Date: 2024-12-17 18:31:16
Module: referralId
49950
#0: KPLab\API\V2\Controller\Partners->getSellersAction
	
#1: ReflectionMethod->invokeArgs
	/home/bitrix/www/bitrix/modules/main/lib/engine/autowire/binder.php:207
#2: Bitrix\Main\Engine\AutoWire\Binder->invoke
	/home/bitrix/www/bitrix/modules/main/lib/engine/action.php:117
#3: Bitrix\Main\Engine\Action->runWithSourceParametersList
	/home/bitrix/www/bitrix/modules/main/lib/engine/controller.php:425
#4: Bitrix\Main\Engine\Controller->run
	/home/bitrix/www/bitrix/modules/main/lib/httpapplication.php:140
#5: Bitrix\Main\HttpApplication->runController
	/home/bitrix/www/bitrix/modules/main/include/routing_index.php:135
----------
Host: crm.sodeistvie.su:443
Date: 2024-12-17 19:46:42
Module: queryArray
array (
  'partnerInn' => '772173434667',
  'page' => '1',
)
#0: KPLab\API\V2\Controller\Partners->getSellersAction
	
#1: ReflectionMethod->invokeArgs
	/home/bitrix/www/bitrix/modules/main/lib/engine/autowire/binder.php:207
#2: Bitrix\Main\Engine\AutoWire\Binder->invoke
	/home/bitrix/www/bitrix/modules/main/lib/engine/action.php:117
#3: Bitrix\Main\Engine\Action->runWithSourceParametersList
	/home/bitrix/www/bitrix/modules/main/lib/engine/controller.php:425
#4: Bitrix\Main\Engine\Controller->run
	/home/bitrix/www/bitrix/modules/main/lib/httpapplication.php:140
#5: Bitrix\Main\HttpApplication->runController
	/home/bitrix/www/bitrix/modules/main/include/routing_index.php:135
----------
Host: crm.sodeistvie.su:443
Date: 2024-12-17 19:46:42
Module: referralId
49950
#0: KPLab\API\V2\Controller\Partners->getSellersAction
	
#1: ReflectionMethod->invokeArgs
	/home/bitrix/www/bitrix/modules/main/lib/engine/autowire/binder.php:207
#2: Bitrix\Main\Engine\AutoWire\Binder->invoke
	/home/bitrix/www/bitrix/modules/main/lib/engine/action.php:117
#3: Bitrix\Main\Engine\Action->runWithSourceParametersList
	/home/bitrix/www/bitrix/modules/main/lib/engine/controller.php:425
#4: Bitrix\Main\Engine\Controller->run
	/home/bitrix/www/bitrix/modules/main/lib/httpapplication.php:140
#5: Bitrix\Main\HttpApplication->runController
	/home/bitrix/www/bitrix/modules/main/include/routing_index.php:135
----------
Host: crm.sodeistvie.su:443
Date: 2024-12-17 19:46:45
Module: queryArray
array (
  'partnerInn' => '772173434667',
  'page' => '51',
  'status' => 'all',
)
#0: KPLab\API\V2\Controller\Partners->getSellersAction
	
#1: ReflectionMethod->invokeArgs
	/home/bitrix/www/bitrix/modules/main/lib/engine/autowire/binder.php:207
#2: Bitrix\Main\Engine\AutoWire\Binder->invoke
	/home/bitrix/www/bitrix/modules/main/lib/engine/action.php:117
#3: Bitrix\Main\Engine\Action->runWithSourceParametersList
	/home/bitrix/www/bitrix/modules/main/lib/engine/controller.php:425
#4: Bitrix\Main\Engine\Controller->run
	/home/bitrix/www/bitrix/modules/main/lib/httpapplication.php:140
#5: Bitrix\Main\HttpApplication->runController
	/home/bitrix/www/bitrix/modules/main/include/routing_index.php:135
----------
Host: crm.sodeistvie.su:443
Date: 2024-12-17 19:46:46
Module: referralId
49950
#0: KPLab\API\V2\Controller\Partners->getSellersAction
	
#1: ReflectionMethod->invokeArgs
	/home/bitrix/www/bitrix/modules/main/lib/engine/autowire/binder.php:207
#2: Bitrix\Main\Engine\AutoWire\Binder->invoke
	/home/bitrix/www/bitrix/modules/main/lib/engine/action.php:117
#3: Bitrix\Main\Engine\Action->runWithSourceParametersList
	/home/bitrix/www/bitrix/modules/main/lib/engine/controller.php:425
#4: Bitrix\Main\Engine\Controller->run
	/home/bitrix/www/bitrix/modules/main/lib/httpapplication.php:140
#5: Bitrix\Main\HttpApplication->runController
	/home/bitrix/www/bitrix/modules/main/include/routing_index.php:135
----------
Host: crm.sodeistvie.su:443
Date: 2024-12-17 20:35:03
Module: queryArray
array (
  'partnerInn' => '9731043856',
  'page' => '1',
)
#0: KPLab\API\V2\Controller\Partners->getSellersAction
	
#1: ReflectionMethod->invokeArgs
	/home/bitrix/www/bitrix/modules/main/lib/engine/autowire/binder.php:207
#2: Bitrix\Main\Engine\AutoWire\Binder->invoke
	/home/bitrix/www/bitrix/modules/main/lib/engine/action.php:117
#3: Bitrix\Main\Engine\Action->runWithSourceParametersList
	/home/bitrix/www/bitrix/modules/main/lib/engine/controller.php:425
#4: Bitrix\Main\Engine\Controller->run
	/home/bitrix/www/bitrix/modules/main/lib/httpapplication.php:140
#5: Bitrix\Main\HttpApplication->runController
	/home/bitrix/www/bitrix/modules/main/include/routing_index.php:135
----------
Host: crm.sodeistvie.su:443
Date: 2024-12-17 20:35:03
Module: referralId
50189
#0: KPLab\API\V2\Controller\Partners->getSellersAction
	
#1: ReflectionMethod->invokeArgs
	/home/bitrix/www/bitrix/modules/main/lib/engine/autowire/binder.php:207
#2: Bitrix\Main\Engine\AutoWire\Binder->invoke
	/home/bitrix/www/bitrix/modules/main/lib/engine/action.php:117
#3: Bitrix\Main\Engine\Action->runWithSourceParametersList
	/home/bitrix/www/bitrix/modules/main/lib/engine/controller.php:425
#4: Bitrix\Main\Engine\Controller->run
	/home/bitrix/www/bitrix/modules/main/lib/httpapplication.php:140
#5: Bitrix\Main\HttpApplication->runController
	/home/bitrix/www/bitrix/modules/main/include/routing_index.php:135
----------
Host: crm.sodeistvie.su:443
Date: 2024-12-17 20:52:31
Module: queryArray
array (
  'partnerInn' => '9731043856',
  'page' => '1',
)
#0: KPLab\API\V2\Controller\Partners->getSellersAction
	
#1: ReflectionMethod->invokeArgs
	/home/bitrix/www/bitrix/modules/main/lib/engine/autowire/binder.php:207
#2: Bitrix\Main\Engine\AutoWire\Binder->invoke
	/home/bitrix/www/bitrix/modules/main/lib/engine/action.php:117
#3: Bitrix\Main\Engine\Action->runWithSourceParametersList
	/home/bitrix/www/bitrix/modules/main/lib/engine/controller.php:425
#4: Bitrix\Main\Engine\Controller->run
	/home/bitrix/www/bitrix/modules/main/lib/httpapplication.php:140
#5: Bitrix\Main\HttpApplication->runController
	/home/bitrix/www/bitrix/modules/main/include/routing_index.php:135
----------
Host: crm.sodeistvie.su:443
Date: 2024-12-17 20:52:31
Module: referralId
50189
#0: KPLab\API\V2\Controller\Partners->getSellersAction
	
#1: ReflectionMethod->invokeArgs
	/home/bitrix/www/bitrix/modules/main/lib/engine/autowire/binder.php:207
#2: Bitrix\Main\Engine\AutoWire\Binder->invoke
	/home/bitrix/www/bitrix/modules/main/lib/engine/action.php:117
#3: Bitrix\Main\Engine\Action->runWithSourceParametersList
	/home/bitrix/www/bitrix/modules/main/lib/engine/controller.php:425
#4: Bitrix\Main\Engine\Controller->run
	/home/bitrix/www/bitrix/modules/main/lib/httpapplication.php:140
#5: Bitrix\Main\HttpApplication->runController
	/home/bitrix/www/bitrix/modules/main/include/routing_index.php:135
----------
Host: crm.sodeistvie.su:443
Date: 2024-12-18 00:30:42
Module: queryArray
array (
  'partnerInn' => '772173434667',
  'page' => '1',
)
#0: KPLab\API\V2\Controller\Partners->getSellersAction
	
#1: ReflectionMethod->invokeArgs
	/home/bitrix/www/bitrix/modules/main/lib/engine/autowire/binder.php:207
#2: Bitrix\Main\Engine\AutoWire\Binder->invoke
	/home/bitrix/www/bitrix/modules/main/lib/engine/action.php:117
#3: Bitrix\Main\Engine\Action->runWithSourceParametersList
	/home/bitrix/www/bitrix/modules/main/lib/engine/controller.php:425
#4: Bitrix\Main\Engine\Controller->run
	/home/bitrix/www/bitrix/modules/main/lib/httpapplication.php:140
#5: Bitrix\Main\HttpApplication->runController
	/home/bitrix/www/bitrix/modules/main/include/routing_index.php:135
----------
Host: crm.sodeistvie.su:443
Date: 2024-12-18 00:30:42
Module: referralId
49950
#0: KPLab\API\V2\Controller\Partners->getSellersAction
	
#1: ReflectionMethod->invokeArgs
	/home/bitrix/www/bitrix/modules/main/lib/engine/autowire/binder.php:207
#2: Bitrix\Main\Engine\AutoWire\Binder->invoke
	/home/bitrix/www/bitrix/modules/main/lib/engine/action.php:117
#3: Bitrix\Main\Engine\Action->runWithSourceParametersList
	/home/bitrix/www/bitrix/modules/main/lib/engine/controller.php:425
#4: Bitrix\Main\Engine\Controller->run
	/home/bitrix/www/bitrix/modules/main/lib/httpapplication.php:140
#5: Bitrix\Main\HttpApplication->runController
	/home/bitrix/www/bitrix/modules/main/include/routing_index.php:135
----------
Host: crm.sodeistvie.su:443
Date: 2024-12-18 00:53:30
Module: queryArray
array (
  'partnerInn' => '772173434667',
  'page' => '1',
)
#0: KPLab\API\V2\Controller\Partners->getSellersAction
	
#1: ReflectionMethod->invokeArgs
	/home/bitrix/www/bitrix/modules/main/lib/engine/autowire/binder.php:207
#2: Bitrix\Main\Engine\AutoWire\Binder->invoke
	/home/bitrix/www/bitrix/modules/main/lib/engine/action.php:117
#3: Bitrix\Main\Engine\Action->runWithSourceParametersList
	/home/bitrix/www/bitrix/modules/main/lib/engine/controller.php:425
#4: Bitrix\Main\Engine\Controller->run
	/home/bitrix/www/bitrix/modules/main/lib/httpapplication.php:140
#5: Bitrix\Main\HttpApplication->runController
	/home/bitrix/www/bitrix/modules/main/include/routing_index.php:135
----------
Host: crm.sodeistvie.su:443
Date: 2024-12-18 00:53:31
Module: referralId
49950
#0: KPLab\API\V2\Controller\Partners->getSellersAction
	
#1: ReflectionMethod->invokeArgs
	/home/bitrix/www/bitrix/modules/main/lib/engine/autowire/binder.php:207
#2: Bitrix\Main\Engine\AutoWire\Binder->invoke
	/home/bitrix/www/bitrix/modules/main/lib/engine/action.php:117
#3: Bitrix\Main\Engine\Action->runWithSourceParametersList
	/home/bitrix/www/bitrix/modules/main/lib/engine/controller.php:425
#4: Bitrix\Main\Engine\Controller->run
	/home/bitrix/www/bitrix/modules/main/lib/httpapplication.php:140
#5: Bitrix\Main\HttpApplication->runController
	/home/bitrix/www/bitrix/modules/main/include/routing_index.php:135
----------
Host: crm.sodeistvie.su:443
Date: 2024-12-18 00:53:33
Module: queryArray
array (
  'partnerInn' => '772173434667',
  'page' => '51',
  'status' => 'all',
)
#0: KPLab\API\V2\Controller\Partners->getSellersAction
	
#1: ReflectionMethod->invokeArgs
	/home/bitrix/www/bitrix/modules/main/lib/engine/autowire/binder.php:207
#2: Bitrix\Main\Engine\AutoWire\Binder->invoke
	/home/bitrix/www/bitrix/modules/main/lib/engine/action.php:117
#3: Bitrix\Main\Engine\Action->runWithSourceParametersList
	/home/bitrix/www/bitrix/modules/main/lib/engine/controller.php:425
#4: Bitrix\Main\Engine\Controller->run
	/home/bitrix/www/bitrix/modules/main/lib/httpapplication.php:140
#5: Bitrix\Main\HttpApplication->runController
	/home/bitrix/www/bitrix/modules/main/include/routing_index.php:135
----------
Host: crm.sodeistvie.su:443
Date: 2024-12-18 00:53:33
Module: referralId
49950
#0: KPLab\API\V2\Controller\Partners->getSellersAction
	
#1: ReflectionMethod->invokeArgs
	/home/bitrix/www/bitrix/modules/main/lib/engine/autowire/binder.php:207
#2: Bitrix\Main\Engine\AutoWire\Binder->invoke
	/home/bitrix/www/bitrix/modules/main/lib/engine/action.php:117
#3: Bitrix\Main\Engine\Action->runWithSourceParametersList
	/home/bitrix/www/bitrix/modules/main/lib/engine/controller.php:425
#4: Bitrix\Main\Engine\Controller->run
	/home/bitrix/www/bitrix/modules/main/lib/httpapplication.php:140
#5: Bitrix\Main\HttpApplication->runController
	/home/bitrix/www/bitrix/modules/main/include/routing_index.php:135
----------
Host: crm.sodeistvie.su:443
Date: 2024-12-18 11:49:04
Module: queryArray
array (
  'partnerInn' => '026205145219',
  'page' => '1',
)
#0: KPLab\API\V2\Controller\Partners->getSellersAction
	
#1: ReflectionMethod->invokeArgs
	/home/bitrix/www/bitrix/modules/main/lib/engine/autowire/binder.php:207
#2: Bitrix\Main\Engine\AutoWire\Binder->invoke
	/home/bitrix/www/bitrix/modules/main/lib/engine/action.php:117
#3: Bitrix\Main\Engine\Action->runWithSourceParametersList
	/home/bitrix/www/bitrix/modules/main/lib/engine/controller.php:425
#4: Bitrix\Main\Engine\Controller->run
	/home/bitrix/www/bitrix/modules/main/lib/httpapplication.php:140
#5: Bitrix\Main\HttpApplication->runController
	/home/bitrix/www/bitrix/modules/main/include/routing_index.php:135
----------
Host: crm.sodeistvie.su:443
Date: 2024-12-18 11:49:04
Module: referralId
51346
#0: KPLab\API\V2\Controller\Partners->getSellersAction
	
#1: ReflectionMethod->invokeArgs
	/home/bitrix/www/bitrix/modules/main/lib/engine/autowire/binder.php:207
#2: Bitrix\Main\Engine\AutoWire\Binder->invoke
	/home/bitrix/www/bitrix/modules/main/lib/engine/action.php:117
#3: Bitrix\Main\Engine\Action->runWithSourceParametersList
	/home/bitrix/www/bitrix/modules/main/lib/engine/controller.php:425
#4: Bitrix\Main\Engine\Controller->run
	/home/bitrix/www/bitrix/modules/main/lib/httpapplication.php:140
#5: Bitrix\Main\HttpApplication->runController
	/home/bitrix/www/bitrix/modules/main/include/routing_index.php:135
----------
Host: crm.sodeistvie.su:443
Date: 2024-12-18 11:49:31
Module: queryArray
array (
  'partnerInn' => '026205145219',
  'page' => '1',
  'status' => 'new',
)
#0: KPLab\API\V2\Controller\Partners->getSellersAction
	
#1: ReflectionMethod->invokeArgs
	/home/bitrix/www/bitrix/modules/main/lib/engine/autowire/binder.php:207
#2: Bitrix\Main\Engine\AutoWire\Binder->invoke
	/home/bitrix/www/bitrix/modules/main/lib/engine/action.php:117
#3: Bitrix\Main\Engine\Action->runWithSourceParametersList
	/home/bitrix/www/bitrix/modules/main/lib/engine/controller.php:425
#4: Bitrix\Main\Engine\Controller->run
	/home/bitrix/www/bitrix/modules/main/lib/httpapplication.php:140
#5: Bitrix\Main\HttpApplication->runController
	/home/bitrix/www/bitrix/modules/main/include/routing_index.php:135
----------
Host: crm.sodeistvie.su:443
Date: 2024-12-18 11:49:31
Module: referralId
51346
#0: KPLab\API\V2\Controller\Partners->getSellersAction
	
#1: ReflectionMethod->invokeArgs
	/home/bitrix/www/bitrix/modules/main/lib/engine/autowire/binder.php:207
#2: Bitrix\Main\Engine\AutoWire\Binder->invoke
	/home/bitrix/www/bitrix/modules/main/lib/engine/action.php:117
#3: Bitrix\Main\Engine\Action->runWithSourceParametersList
	/home/bitrix/www/bitrix/modules/main/lib/engine/controller.php:425
#4: Bitrix\Main\Engine\Controller->run
	/home/bitrix/www/bitrix/modules/main/lib/httpapplication.php:140
#5: Bitrix\Main\HttpApplication->runController
	/home/bitrix/www/bitrix/modules/main/include/routing_index.php:135
----------
Host: crm.sodeistvie.su:443
Date: 2024-12-18 11:49:31
Module: arFilter
array (
  '::LOGIC' => 'AND',
  'IBLOCK_ID' => 167,
  '=PROPERTY_REFERRAL_ID' => 51346,
  'PROPERTY_STATUS_VALUE' => 'Новый',
  '>=PROPERTY_DATE_LEAD' => '2000-01-01T00:00:00',
  '<=PROPERTY_DATE_LEAD' => '2024-12-18T23:59:59',
)
#0: KPLab\API\V2\Controller\Partners->getSellersAction
	
#1: ReflectionMethod->invokeArgs
	/home/bitrix/www/bitrix/modules/main/lib/engine/autowire/binder.php:207
#2: Bitrix\Main\Engine\AutoWire\Binder->invoke
	/home/bitrix/www/bitrix/modules/main/lib/engine/action.php:117
#3: Bitrix\Main\Engine\Action->runWithSourceParametersList
	/home/bitrix/www/bitrix/modules/main/lib/engine/controller.php:425
#4: Bitrix\Main\Engine\Controller->run
	/home/bitrix/www/bitrix/modules/main/lib/httpapplication.php:140
#5: Bitrix\Main\HttpApplication->runController
	/home/bitrix/www/bitrix/modules/main/include/routing_index.php:135
----------
Host: crm.sodeistvie.su:443
Date: 2024-12-18 11:59:54
Module: queryArray
array (
  'partnerInn' => '026205145219',
  'page' => '1',
)
#0: KPLab\API\V2\Controller\Partners->getSellersAction
	
#1: ReflectionMethod->invokeArgs
	/home/bitrix/www/bitrix/modules/main/lib/engine/autowire/binder.php:207
#2: Bitrix\Main\Engine\AutoWire\Binder->invoke
	/home/bitrix/www/bitrix/modules/main/lib/engine/action.php:117
#3: Bitrix\Main\Engine\Action->runWithSourceParametersList
	/home/bitrix/www/bitrix/modules/main/lib/engine/controller.php:425
#4: Bitrix\Main\Engine\Controller->run
	/home/bitrix/www/bitrix/modules/main/lib/httpapplication.php:140
#5: Bitrix\Main\HttpApplication->runController
	/home/bitrix/www/bitrix/modules/main/include/routing_index.php:135
----------
Host: crm.sodeistvie.su:443
Date: 2024-12-18 11:59:55
Module: referralId
51346
#0: KPLab\API\V2\Controller\Partners->getSellersAction
	
#1: ReflectionMethod->invokeArgs
	/home/bitrix/www/bitrix/modules/main/lib/engine/autowire/binder.php:207
#2: Bitrix\Main\Engine\AutoWire\Binder->invoke
	/home/bitrix/www/bitrix/modules/main/lib/engine/action.php:117
#3: Bitrix\Main\Engine\Action->runWithSourceParametersList
	/home/bitrix/www/bitrix/modules/main/lib/engine/controller.php:425
#4: Bitrix\Main\Engine\Controller->run
	/home/bitrix/www/bitrix/modules/main/lib/httpapplication.php:140
#5: Bitrix\Main\HttpApplication->runController
	/home/bitrix/www/bitrix/modules/main/include/routing_index.php:135
----------
Host: crm.sodeistvie.su:443
Date: 2024-12-18 12:00:02
Module: queryArray
array (
  'partnerInn' => '026205145219',
  'page' => '1',
)
#0: KPLab\API\V2\Controller\Partners->getSellersAction
	
#1: ReflectionMethod->invokeArgs
	/home/bitrix/www/bitrix/modules/main/lib/engine/autowire/binder.php:207
#2: Bitrix\Main\Engine\AutoWire\Binder->invoke
	/home/bitrix/www/bitrix/modules/main/lib/engine/action.php:117
#3: Bitrix\Main\Engine\Action->runWithSourceParametersList
	/home/bitrix/www/bitrix/modules/main/lib/engine/controller.php:425
#4: Bitrix\Main\Engine\Controller->run
	/home/bitrix/www/bitrix/modules/main/lib/httpapplication.php:140
#5: Bitrix\Main\HttpApplication->runController
	/home/bitrix/www/bitrix/modules/main/include/routing_index.php:135
----------
Host: crm.sodeistvie.su:443
Date: 2024-12-18 12:00:03
Module: referralId
51346
#0: KPLab\API\V2\Controller\Partners->getSellersAction
	
#1: ReflectionMethod->invokeArgs
	/home/bitrix/www/bitrix/modules/main/lib/engine/autowire/binder.php:207
#2: Bitrix\Main\Engine\AutoWire\Binder->invoke
	/home/bitrix/www/bitrix/modules/main/lib/engine/action.php:117
#3: Bitrix\Main\Engine\Action->runWithSourceParametersList
	/home/bitrix/www/bitrix/modules/main/lib/engine/controller.php:425
#4: Bitrix\Main\Engine\Controller->run
	/home/bitrix/www/bitrix/modules/main/lib/httpapplication.php:140
#5: Bitrix\Main\HttpApplication->runController
	/home/bitrix/www/bitrix/modules/main/include/routing_index.php:135
----------
Host: crm.sodeistvie.su:443
Date: 2024-12-18 12:11:23
Module: queryArray
array (
  'partnerInn' => '027722954650',
  'page' => '1',
)
#0: KPLab\API\V2\Controller\Partners->getSellersAction
	
#1: ReflectionMethod->invokeArgs
	/home/bitrix/www/bitrix/modules/main/lib/engine/autowire/binder.php:207
#2: Bitrix\Main\Engine\AutoWire\Binder->invoke
	/home/bitrix/www/bitrix/modules/main/lib/engine/action.php:117
#3: Bitrix\Main\Engine\Action->runWithSourceParametersList
	/home/bitrix/www/bitrix/modules/main/lib/engine/controller.php:425
#4: Bitrix\Main\Engine\Controller->run
	/home/bitrix/www/bitrix/modules/main/lib/httpapplication.php:140
#5: Bitrix\Main\HttpApplication->runController
	/home/bitrix/www/bitrix/modules/main/include/routing_index.php:135
----------
Host: crm.sodeistvie.su:443
Date: 2024-12-18 12:11:23
Module: referralId
38987
#0: KPLab\API\V2\Controller\Partners->getSellersAction
	
#1: ReflectionMethod->invokeArgs
	/home/bitrix/www/bitrix/modules/main/lib/engine/autowire/binder.php:207
#2: Bitrix\Main\Engine\AutoWire\Binder->invoke
	/home/bitrix/www/bitrix/modules/main/lib/engine/action.php:117
#3: Bitrix\Main\Engine\Action->runWithSourceParametersList
	/home/bitrix/www/bitrix/modules/main/lib/engine/controller.php:425
#4: Bitrix\Main\Engine\Controller->run
	/home/bitrix/www/bitrix/modules/main/lib/httpapplication.php:140
#5: Bitrix\Main\HttpApplication->runController
	/home/bitrix/www/bitrix/modules/main/include/routing_index.php:135
----------
Host: crm.sodeistvie.su:443
Date: 2024-12-18 12:33:00
Module: queryArray
array (
  'partnerInn' => '026205145219',
  'page' => '1',
)
#0: KPLab\API\V2\Controller\Partners->getSellersAction
	
#1: ReflectionMethod->invokeArgs
	/home/bitrix/www/bitrix/modules/main/lib/engine/autowire/binder.php:207
#2: Bitrix\Main\Engine\AutoWire\Binder->invoke
	/home/bitrix/www/bitrix/modules/main/lib/engine/action.php:117
#3: Bitrix\Main\Engine\Action->runWithSourceParametersList
	/home/bitrix/www/bitrix/modules/main/lib/engine/controller.php:425
#4: Bitrix\Main\Engine\Controller->run
	/home/bitrix/www/bitrix/modules/main/lib/httpapplication.php:140
#5: Bitrix\Main\HttpApplication->runController
	/home/bitrix/www/bitrix/modules/main/include/routing_index.php:135
----------
Host: crm.sodeistvie.su:443
Date: 2024-12-18 12:33:01
Module: referralId
51346
#0: KPLab\API\V2\Controller\Partners->getSellersAction
	
#1: ReflectionMethod->invokeArgs
	/home/bitrix/www/bitrix/modules/main/lib/engine/autowire/binder.php:207
#2: Bitrix\Main\Engine\AutoWire\Binder->invoke
	/home/bitrix/www/bitrix/modules/main/lib/engine/action.php:117
#3: Bitrix\Main\Engine\Action->runWithSourceParametersList
	/home/bitrix/www/bitrix/modules/main/lib/engine/controller.php:425
#4: Bitrix\Main\Engine\Controller->run
	/home/bitrix/www/bitrix/modules/main/lib/httpapplication.php:140
#5: Bitrix\Main\HttpApplication->runController
	/home/bitrix/www/bitrix/modules/main/include/routing_index.php:135
----------
Host: crm.sodeistvie.su:443
Date: 2024-12-18 12:33:03
Module: queryArray
array (
  'partnerInn' => '026205145219',
  'page' => '51',
  'status' => 'all',
)
#0: KPLab\API\V2\Controller\Partners->getSellersAction
	
#1: ReflectionMethod->invokeArgs
	/home/bitrix/www/bitrix/modules/main/lib/engine/autowire/binder.php:207
#2: Bitrix\Main\Engine\AutoWire\Binder->invoke
	/home/bitrix/www/bitrix/modules/main/lib/engine/action.php:117
#3: Bitrix\Main\Engine\Action->runWithSourceParametersList
	/home/bitrix/www/bitrix/modules/main/lib/engine/controller.php:425
#4: Bitrix\Main\Engine\Controller->run
	/home/bitrix/www/bitrix/modules/main/lib/httpapplication.php:140
#5: Bitrix\Main\HttpApplication->runController
	/home/bitrix/www/bitrix/modules/main/include/routing_index.php:135
----------
Host: crm.sodeistvie.su:443
Date: 2024-12-18 12:33:04
Module: referralId
51346
#0: KPLab\API\V2\Controller\Partners->getSellersAction
	
#1: ReflectionMethod->invokeArgs
	/home/bitrix/www/bitrix/modules/main/lib/engine/autowire/binder.php:207
#2: Bitrix\Main\Engine\AutoWire\Binder->invoke
	/home/bitrix/www/bitrix/modules/main/lib/engine/action.php:117
#3: Bitrix\Main\Engine\Action->runWithSourceParametersList
	/home/bitrix/www/bitrix/modules/main/lib/engine/controller.php:425
#4: Bitrix\Main\Engine\Controller->run
	/home/bitrix/www/bitrix/modules/main/lib/httpapplication.php:140
#5: Bitrix\Main\HttpApplication->runController
	/home/bitrix/www/bitrix/modules/main/include/routing_index.php:135
----------
Host: crm.sodeistvie.su:443
Date: 2024-12-18 12:51:07
Module: queryArray
array (
  'partnerInn' => '7721546864',
  'page' => '51',
  'status' => 'all',
)
#0: KPLab\API\V2\Controller\Partners->getSellersAction
	
#1: ReflectionMethod->invokeArgs
	/home/bitrix/www/bitrix/modules/main/lib/engine/autowire/binder.php:207
#2: Bitrix\Main\Engine\AutoWire\Binder->invoke
	/home/bitrix/www/bitrix/modules/main/lib/engine/action.php:117
#3: Bitrix\Main\Engine\Action->runWithSourceParametersList
	/home/bitrix/www/bitrix/modules/main/lib/engine/controller.php:425
#4: Bitrix\Main\Engine\Controller->run
	/home/bitrix/www/bitrix/modules/main/lib/httpapplication.php:140
#5: Bitrix\Main\HttpApplication->runController
	/home/bitrix/www/bitrix/modules/main/include/routing_index.php:135
----------
Host: crm.sodeistvie.su:443
Date: 2024-12-18 12:51:08
Module: queryArray
array (
  'partnerInn' => '7721546864',
  'page' => '101',
  'status' => 'all',
)
#0: KPLab\API\V2\Controller\Partners->getSellersAction
	
#1: ReflectionMethod->invokeArgs
	/home/bitrix/www/bitrix/modules/main/lib/engine/autowire/binder.php:207
#2: Bitrix\Main\Engine\AutoWire\Binder->invoke
	/home/bitrix/www/bitrix/modules/main/lib/engine/action.php:117
#3: Bitrix\Main\Engine\Action->runWithSourceParametersList
	/home/bitrix/www/bitrix/modules/main/lib/engine/controller.php:425
#4: Bitrix\Main\Engine\Controller->run
	/home/bitrix/www/bitrix/modules/main/lib/httpapplication.php:140
#5: Bitrix\Main\HttpApplication->runController
	/home/bitrix/www/bitrix/modules/main/include/routing_index.php:135
----------
Host: crm.sodeistvie.su:443
Date: 2024-12-18 12:51:08
Module: queryArray
array (
  'partnerInn' => '7721546864',
  'page' => '151',
  'status' => 'all',
)
#0: KPLab\API\V2\Controller\Partners->getSellersAction
	
#1: ReflectionMethod->invokeArgs
	/home/bitrix/www/bitrix/modules/main/lib/engine/autowire/binder.php:207
#2: Bitrix\Main\Engine\AutoWire\Binder->invoke
	/home/bitrix/www/bitrix/modules/main/lib/engine/action.php:117
#3: Bitrix\Main\Engine\Action->runWithSourceParametersList
	/home/bitrix/www/bitrix/modules/main/lib/engine/controller.php:425
#4: Bitrix\Main\Engine\Controller->run
	/home/bitrix/www/bitrix/modules/main/lib/httpapplication.php:140
#5: Bitrix\Main\HttpApplication->runController
	/home/bitrix/www/bitrix/modules/main/include/routing_index.php:135
----------
Host: crm.sodeistvie.su:443
Date: 2024-12-18 12:51:08
Module: referralId
32813
#0: KPLab\API\V2\Controller\Partners->getSellersAction
	
#1: ReflectionMethod->invokeArgs
	/home/bitrix/www/bitrix/modules/main/lib/engine/autowire/binder.php:207
#2: Bitrix\Main\Engine\AutoWire\Binder->invoke
	/home/bitrix/www/bitrix/modules/main/lib/engine/action.php:117
#3: Bitrix\Main\Engine\Action->runWithSourceParametersList
	/home/bitrix/www/bitrix/modules/main/lib/engine/controller.php:425
#4: Bitrix\Main\Engine\Controller->run
	/home/bitrix/www/bitrix/modules/main/lib/httpapplication.php:140
#5: Bitrix\Main\HttpApplication->runController
	/home/bitrix/www/bitrix/modules/main/include/routing_index.php:135
----------
Host: crm.sodeistvie.su:443
Date: 2024-12-18 12:51:08
Module: referralId
32813
#0: KPLab\API\V2\Controller\Partners->getSellersAction
	
#1: ReflectionMethod->invokeArgs
	/home/bitrix/www/bitrix/modules/main/lib/engine/autowire/binder.php:207
#2: Bitrix\Main\Engine\AutoWire\Binder->invoke
	/home/bitrix/www/bitrix/modules/main/lib/engine/action.php:117
#3: Bitrix\Main\Engine\Action->runWithSourceParametersList
	/home/bitrix/www/bitrix/modules/main/lib/engine/controller.php:425
#4: Bitrix\Main\Engine\Controller->run
	/home/bitrix/www/bitrix/modules/main/lib/httpapplication.php:140
#5: Bitrix\Main\HttpApplication->runController
	/home/bitrix/www/bitrix/modules/main/include/routing_index.php:135
----------
Host: crm.sodeistvie.su:443
Date: 2024-12-18 12:51:08
Module: referralId
32813
#0: KPLab\API\V2\Controller\Partners->getSellersAction
	
#1: ReflectionMethod->invokeArgs
	/home/bitrix/www/bitrix/modules/main/lib/engine/autowire/binder.php:207
#2: Bitrix\Main\Engine\AutoWire\Binder->invoke
	/home/bitrix/www/bitrix/modules/main/lib/engine/action.php:117
#3: Bitrix\Main\Engine\Action->runWithSourceParametersList
	/home/bitrix/www/bitrix/modules/main/lib/engine/controller.php:425
#4: Bitrix\Main\Engine\Controller->run
	/home/bitrix/www/bitrix/modules/main/lib/httpapplication.php:140
#5: Bitrix\Main\HttpApplication->runController
	/home/bitrix/www/bitrix/modules/main/include/routing_index.php:135
----------
Host: crm.sodeistvie.su:443
Date: 2024-12-18 12:51:18
Module: queryArray
array (
  'partnerInn' => '7721546864',
)
#0: KPLab\API\V2\Controller\Partners->getSellersAction
	
#1: ReflectionMethod->invokeArgs
	/home/bitrix/www/bitrix/modules/main/lib/engine/autowire/binder.php:207
#2: Bitrix\Main\Engine\AutoWire\Binder->invoke
	/home/bitrix/www/bitrix/modules/main/lib/engine/action.php:117
#3: Bitrix\Main\Engine\Action->runWithSourceParametersList
	/home/bitrix/www/bitrix/modules/main/lib/engine/controller.php:425
#4: Bitrix\Main\Engine\Controller->run
	/home/bitrix/www/bitrix/modules/main/lib/httpapplication.php:140
#5: Bitrix\Main\HttpApplication->runController
	/home/bitrix/www/bitrix/modules/main/include/routing_index.php:135
----------
Host: crm.sodeistvie.su:443
Date: 2024-12-18 12:51:18
Module: referralId
32813
#0: KPLab\API\V2\Controller\Partners->getSellersAction
	
#1: ReflectionMethod->invokeArgs
	/home/bitrix/www/bitrix/modules/main/lib/engine/autowire/binder.php:207
#2: Bitrix\Main\Engine\AutoWire\Binder->invoke
	/home/bitrix/www/bitrix/modules/main/lib/engine/action.php:117
#3: Bitrix\Main\Engine\Action->runWithSourceParametersList
	/home/bitrix/www/bitrix/modules/main/lib/engine/controller.php:425
#4: Bitrix\Main\Engine\Controller->run
	/home/bitrix/www/bitrix/modules/main/lib/httpapplication.php:140
#5: Bitrix\Main\HttpApplication->runController
	/home/bitrix/www/bitrix/modules/main/include/routing_index.php:135
----------
Host: crm.sodeistvie.su:443
Date: 2024-12-18 12:51:20
Module: queryArray
array (
  'partnerInn' => '7721546864',
  'page' => '51',
  'status' => 'all',
)
#0: KPLab\API\V2\Controller\Partners->getSellersAction
	
#1: ReflectionMethod->invokeArgs
	/home/bitrix/www/bitrix/modules/main/lib/engine/autowire/binder.php:207
#2: Bitrix\Main\Engine\AutoWire\Binder->invoke
	/home/bitrix/www/bitrix/modules/main/lib/engine/action.php:117
#3: Bitrix\Main\Engine\Action->runWithSourceParametersList
	/home/bitrix/www/bitrix/modules/main/lib/engine/controller.php:425
#4: Bitrix\Main\Engine\Controller->run
	/home/bitrix/www/bitrix/modules/main/lib/httpapplication.php:140
#5: Bitrix\Main\HttpApplication->runController
	/home/bitrix/www/bitrix/modules/main/include/routing_index.php:135
----------
Host: crm.sodeistvie.su:443
Date: 2024-12-18 12:51:20
Module: referralId
32813
#0: KPLab\API\V2\Controller\Partners->getSellersAction
	
#1: ReflectionMethod->invokeArgs
	/home/bitrix/www/bitrix/modules/main/lib/engine/autowire/binder.php:207
#2: Bitrix\Main\Engine\AutoWire\Binder->invoke
	/home/bitrix/www/bitrix/modules/main/lib/engine/action.php:117
#3: Bitrix\Main\Engine\Action->runWithSourceParametersList
	/home/bitrix/www/bitrix/modules/main/lib/engine/controller.php:425
#4: Bitrix\Main\Engine\Controller->run
	/home/bitrix/www/bitrix/modules/main/lib/httpapplication.php:140
#5: Bitrix\Main\HttpApplication->runController
	/home/bitrix/www/bitrix/modules/main/include/routing_index.php:135
----------
Host: crm.sodeistvie.su:443
Date: 2024-12-18 12:51:21
Module: queryArray
array (
  'partnerInn' => '7721546864',
  'page' => '101',
  'status' => 'all',
)
#0: KPLab\API\V2\Controller\Partners->getSellersAction
	
#1: ReflectionMethod->invokeArgs
	/home/bitrix/www/bitrix/modules/main/lib/engine/autowire/binder.php:207
#2: Bitrix\Main\Engine\AutoWire\Binder->invoke
	/home/bitrix/www/bitrix/modules/main/lib/engine/action.php:117
#3: Bitrix\Main\Engine\Action->runWithSourceParametersList
	/home/bitrix/www/bitrix/modules/main/lib/engine/controller.php:425
#4: Bitrix\Main\Engine\Controller->run
	/home/bitrix/www/bitrix/modules/main/lib/httpapplication.php:140
#5: Bitrix\Main\HttpApplication->runController
	/home/bitrix/www/bitrix/modules/main/include/routing_index.php:135
----------
Host: crm.sodeistvie.su:443
Date: 2024-12-18 12:51:21
Module: referralId
32813
#0: KPLab\API\V2\Controller\Partners->getSellersAction
	
#1: ReflectionMethod->invokeArgs
	/home/bitrix/www/bitrix/modules/main/lib/engine/autowire/binder.php:207
#2: Bitrix\Main\Engine\AutoWire\Binder->invoke
	/home/bitrix/www/bitrix/modules/main/lib/engine/action.php:117
#3: Bitrix\Main\Engine\Action->runWithSourceParametersList
	/home/bitrix/www/bitrix/modules/main/lib/engine/controller.php:425
#4: Bitrix\Main\Engine\Controller->run
	/home/bitrix/www/bitrix/modules/main/lib/httpapplication.php:140
#5: Bitrix\Main\HttpApplication->runController
	/home/bitrix/www/bitrix/modules/main/include/routing_index.php:135
----------
Host: crm.sodeistvie.su:443
Date: 2024-12-18 12:51:21
Module: queryArray
array (
  'partnerInn' => '7721546864',
  'page' => '151',
  'status' => 'all',
)
#0: KPLab\API\V2\Controller\Partners->getSellersAction
	
#1: ReflectionMethod->invokeArgs
	/home/bitrix/www/bitrix/modules/main/lib/engine/autowire/binder.php:207
#2: Bitrix\Main\Engine\AutoWire\Binder->invoke
	/home/bitrix/www/bitrix/modules/main/lib/engine/action.php:117
#3: Bitrix\Main\Engine\Action->runWithSourceParametersList
	/home/bitrix/www/bitrix/modules/main/lib/engine/controller.php:425
#4: Bitrix\Main\Engine\Controller->run
	/home/bitrix/www/bitrix/modules/main/lib/httpapplication.php:140
#5: Bitrix\Main\HttpApplication->runController
	/home/bitrix/www/bitrix/modules/main/include/routing_index.php:135
----------
Host: crm.sodeistvie.su:443
Date: 2024-12-18 12:51:22
Module: referralId
32813
#0: KPLab\API\V2\Controller\Partners->getSellersAction
	
#1: ReflectionMethod->invokeArgs
	/home/bitrix/www/bitrix/modules/main/lib/engine/autowire/binder.php:207
#2: Bitrix\Main\Engine\AutoWire\Binder->invoke
	/home/bitrix/www/bitrix/modules/main/lib/engine/action.php:117
#3: Bitrix\Main\Engine\Action->runWithSourceParametersList
	/home/bitrix/www/bitrix/modules/main/lib/engine/controller.php:425
#4: Bitrix\Main\Engine\Controller->run
	/home/bitrix/www/bitrix/modules/main/lib/httpapplication.php:140
#5: Bitrix\Main\HttpApplication->runController
	/home/bitrix/www/bitrix/modules/main/include/routing_index.php:135
----------
Host: crm.sodeistvie.su:443
Date: 2024-12-18 12:51:29
Module: queryArray
array (
  'partnerInn' => '7721546864',
)
#0: KPLab\API\V2\Controller\Partners->getSellersAction
	
#1: ReflectionMethod->invokeArgs
	/home/bitrix/www/bitrix/modules/main/lib/engine/autowire/binder.php:207
#2: Bitrix\Main\Engine\AutoWire\Binder->invoke
	/home/bitrix/www/bitrix/modules/main/lib/engine/action.php:117
#3: Bitrix\Main\Engine\Action->runWithSourceParametersList
	/home/bitrix/www/bitrix/modules/main/lib/engine/controller.php:425
#4: Bitrix\Main\Engine\Controller->run
	/home/bitrix/www/bitrix/modules/main/lib/httpapplication.php:140
#5: Bitrix\Main\HttpApplication->runController
	/home/bitrix/www/bitrix/modules/main/include/routing_index.php:135
----------
Host: crm.sodeistvie.su:443
Date: 2024-12-18 12:51:30
Module: referralId
32813
#0: KPLab\API\V2\Controller\Partners->getSellersAction
	
#1: ReflectionMethod->invokeArgs
	/home/bitrix/www/bitrix/modules/main/lib/engine/autowire/binder.php:207
#2: Bitrix\Main\Engine\AutoWire\Binder->invoke
	/home/bitrix/www/bitrix/modules/main/lib/engine/action.php:117
#3: Bitrix\Main\Engine\Action->runWithSourceParametersList
	/home/bitrix/www/bitrix/modules/main/lib/engine/controller.php:425
#4: Bitrix\Main\Engine\Controller->run
	/home/bitrix/www/bitrix/modules/main/lib/httpapplication.php:140
#5: Bitrix\Main\HttpApplication->runController
	/home/bitrix/www/bitrix/modules/main/include/routing_index.php:135
----------
Host: crm.sodeistvie.su:443
Date: 2024-12-18 12:51:31
Module: queryArray
array (
  'partnerInn' => '7721546864',
  'page' => '51',
  'status' => 'all',
)
#0: KPLab\API\V2\Controller\Partners->getSellersAction
	
#1: ReflectionMethod->invokeArgs
	/home/bitrix/www/bitrix/modules/main/lib/engine/autowire/binder.php:207
#2: Bitrix\Main\Engine\AutoWire\Binder->invoke
	/home/bitrix/www/bitrix/modules/main/lib/engine/action.php:117
#3: Bitrix\Main\Engine\Action->runWithSourceParametersList
	/home/bitrix/www/bitrix/modules/main/lib/engine/controller.php:425
#4: Bitrix\Main\Engine\Controller->run
	/home/bitrix/www/bitrix/modules/main/lib/httpapplication.php:140
#5: Bitrix\Main\HttpApplication->runController
	/home/bitrix/www/bitrix/modules/main/include/routing_index.php:135
----------
Host: crm.sodeistvie.su:443
Date: 2024-12-18 12:51:31
Module: referralId
32813
#0: KPLab\API\V2\Controller\Partners->getSellersAction
	
#1: ReflectionMethod->invokeArgs
	/home/bitrix/www/bitrix/modules/main/lib/engine/autowire/binder.php:207
#2: Bitrix\Main\Engine\AutoWire\Binder->invoke
	/home/bitrix/www/bitrix/modules/main/lib/engine/action.php:117
#3: Bitrix\Main\Engine\Action->runWithSourceParametersList
	/home/bitrix/www/bitrix/modules/main/lib/engine/controller.php:425
#4: Bitrix\Main\Engine\Controller->run
	/home/bitrix/www/bitrix/modules/main/lib/httpapplication.php:140
#5: Bitrix\Main\HttpApplication->runController
	/home/bitrix/www/bitrix/modules/main/include/routing_index.php:135
----------
Host: crm.sodeistvie.su:443
Date: 2024-12-18 12:51:37
Module: queryArray
array (
  'partnerInn' => '7721546864',
  'page' => '101',
  'status' => 'all',
)
#0: KPLab\API\V2\Controller\Partners->getSellersAction
	
#1: ReflectionMethod->invokeArgs
	/home/bitrix/www/bitrix/modules/main/lib/engine/autowire/binder.php:207
#2: Bitrix\Main\Engine\AutoWire\Binder->invoke
	/home/bitrix/www/bitrix/modules/main/lib/engine/action.php:117
#3: Bitrix\Main\Engine\Action->runWithSourceParametersList
	/home/bitrix/www/bitrix/modules/main/lib/engine/controller.php:425
#4: Bitrix\Main\Engine\Controller->run
	/home/bitrix/www/bitrix/modules/main/lib/httpapplication.php:140
#5: Bitrix\Main\HttpApplication->runController
	/home/bitrix/www/bitrix/modules/main/include/routing_index.php:135
----------
Host: crm.sodeistvie.su:443
Date: 2024-12-18 12:51:37
Module: referralId
32813
#0: KPLab\API\V2\Controller\Partners->getSellersAction
	
#1: ReflectionMethod->invokeArgs
	/home/bitrix/www/bitrix/modules/main/lib/engine/autowire/binder.php:207
#2: Bitrix\Main\Engine\AutoWire\Binder->invoke
	/home/bitrix/www/bitrix/modules/main/lib/engine/action.php:117
#3: Bitrix\Main\Engine\Action->runWithSourceParametersList
	/home/bitrix/www/bitrix/modules/main/lib/engine/controller.php:425
#4: Bitrix\Main\Engine\Controller->run
	/home/bitrix/www/bitrix/modules/main/lib/httpapplication.php:140
#5: Bitrix\Main\HttpApplication->runController
	/home/bitrix/www/bitrix/modules/main/include/routing_index.php:135
----------
Host: crm.sodeistvie.su:443
Date: 2024-12-18 12:52:16
Module: queryArray
array (
  'partnerInn' => '6670523511',
  'page' => '1',
)
#0: KPLab\API\V2\Controller\Partners->getSellersAction
	
#1: ReflectionMethod->invokeArgs
	/home/bitrix/www/bitrix/modules/main/lib/engine/autowire/binder.php:207
#2: Bitrix\Main\Engine\AutoWire\Binder->invoke
	/home/bitrix/www/bitrix/modules/main/lib/engine/action.php:117
#3: Bitrix\Main\Engine\Action->runWithSourceParametersList
	/home/bitrix/www/bitrix/modules/main/lib/engine/controller.php:425
#4: Bitrix\Main\Engine\Controller->run
	/home/bitrix/www/bitrix/modules/main/lib/httpapplication.php:140
#5: Bitrix\Main\HttpApplication->runController
	/home/bitrix/www/bitrix/modules/main/include/routing_index.php:135
----------
Host: crm.sodeistvie.su:443
Date: 2024-12-18 12:52:16
Module: referralId
49944
#0: KPLab\API\V2\Controller\Partners->getSellersAction
	
#1: ReflectionMethod->invokeArgs
	/home/bitrix/www/bitrix/modules/main/lib/engine/autowire/binder.php:207
#2: Bitrix\Main\Engine\AutoWire\Binder->invoke
	/home/bitrix/www/bitrix/modules/main/lib/engine/action.php:117
#3: Bitrix\Main\Engine\Action->runWithSourceParametersList
	/home/bitrix/www/bitrix/modules/main/lib/engine/controller.php:425
#4: Bitrix\Main\Engine\Controller->run
	/home/bitrix/www/bitrix/modules/main/lib/httpapplication.php:140
#5: Bitrix\Main\HttpApplication->runController
	/home/bitrix/www/bitrix/modules/main/include/routing_index.php:135
----------
Host: crm.sodeistvie.su:443
Date: 2024-12-18 14:28:57
Module: queryArray
array (
  'partnerInn' => '026205145219',
  'page' => '1',
)
#0: KPLab\API\V2\Controller\Partners->getSellersAction
	
#1: ReflectionMethod->invokeArgs
	/home/bitrix/www/bitrix/modules/main/lib/engine/autowire/binder.php:207
#2: Bitrix\Main\Engine\AutoWire\Binder->invoke
	/home/bitrix/www/bitrix/modules/main/lib/engine/action.php:117
#3: Bitrix\Main\Engine\Action->runWithSourceParametersList
	/home/bitrix/www/bitrix/modules/main/lib/engine/controller.php:425
#4: Bitrix\Main\Engine\Controller->run
	/home/bitrix/www/bitrix/modules/main/lib/httpapplication.php:140
#5: Bitrix\Main\HttpApplication->runController
	/home/bitrix/www/bitrix/modules/main/include/routing_index.php:135
----------
Host: crm.sodeistvie.su:443
Date: 2024-12-18 14:28:57
Module: referralId
51346
#0: KPLab\API\V2\Controller\Partners->getSellersAction
	
#1: ReflectionMethod->invokeArgs
	/home/bitrix/www/bitrix/modules/main/lib/engine/autowire/binder.php:207
#2: Bitrix\Main\Engine\AutoWire\Binder->invoke
	/home/bitrix/www/bitrix/modules/main/lib/engine/action.php:117
#3: Bitrix\Main\Engine\Action->runWithSourceParametersList
	/home/bitrix/www/bitrix/modules/main/lib/engine/controller.php:425
#4: Bitrix\Main\Engine\Controller->run
	/home/bitrix/www/bitrix/modules/main/lib/httpapplication.php:140
#5: Bitrix\Main\HttpApplication->runController
	/home/bitrix/www/bitrix/modules/main/include/routing_index.php:135
----------
Host: crm.sodeistvie.su:443
Date: 2024-12-18 14:28:58
Module: queryArray
array (
  'partnerInn' => '026205145219',
  'page' => '51',
  'status' => 'all',
)
#0: KPLab\API\V2\Controller\Partners->getSellersAction
	
#1: ReflectionMethod->invokeArgs
	/home/bitrix/www/bitrix/modules/main/lib/engine/autowire/binder.php:207
#2: Bitrix\Main\Engine\AutoWire\Binder->invoke
	/home/bitrix/www/bitrix/modules/main/lib/engine/action.php:117
#3: Bitrix\Main\Engine\Action->runWithSourceParametersList
	/home/bitrix/www/bitrix/modules/main/lib/engine/controller.php:425
#4: Bitrix\Main\Engine\Controller->run
	/home/bitrix/www/bitrix/modules/main/lib/httpapplication.php:140
#5: Bitrix\Main\HttpApplication->runController
	/home/bitrix/www/bitrix/modules/main/include/routing_index.php:135
----------
Host: crm.sodeistvie.su:443
Date: 2024-12-18 14:28:59
Module: referralId
51346
#0: KPLab\API\V2\Controller\Partners->getSellersAction
	
#1: ReflectionMethod->invokeArgs
	/home/bitrix/www/bitrix/modules/main/lib/engine/autowire/binder.php:207
#2: Bitrix\Main\Engine\AutoWire\Binder->invoke
	/home/bitrix/www/bitrix/modules/main/lib/engine/action.php:117
#3: Bitrix\Main\Engine\Action->runWithSourceParametersList
	/home/bitrix/www/bitrix/modules/main/lib/engine/controller.php:425
#4: Bitrix\Main\Engine\Controller->run
	/home/bitrix/www/bitrix/modules/main/lib/httpapplication.php:140
#5: Bitrix\Main\HttpApplication->runController
	/home/bitrix/www/bitrix/modules/main/include/routing_index.php:135
----------
Host: crm.sodeistvie.su:443
Date: 2024-12-18 16:04:49
Module: queryArray
array (
  'partnerInn' => '344816282576',
  'page' => '1',
)
#0: KPLab\API\V2\Controller\Partners->getSellersAction
	
#1: ReflectionMethod->invokeArgs
	/home/bitrix/www/bitrix/modules/main/lib/engine/autowire/binder.php:207
#2: Bitrix\Main\Engine\AutoWire\Binder->invoke
	/home/bitrix/www/bitrix/modules/main/lib/engine/action.php:117
#3: Bitrix\Main\Engine\Action->runWithSourceParametersList
	/home/bitrix/www/bitrix/modules/main/lib/engine/controller.php:425
#4: Bitrix\Main\Engine\Controller->run
	/home/bitrix/www/bitrix/modules/main/lib/httpapplication.php:140
#5: Bitrix\Main\HttpApplication->runController
	/home/bitrix/www/bitrix/modules/main/include/routing_index.php:135
----------
Host: crm.sodeistvie.su:443
Date: 2024-12-18 16:04:49
Module: referralId
31970
#0: KPLab\API\V2\Controller\Partners->getSellersAction
	
#1: ReflectionMethod->invokeArgs
	/home/bitrix/www/bitrix/modules/main/lib/engine/autowire/binder.php:207
#2: Bitrix\Main\Engine\AutoWire\Binder->invoke
	/home/bitrix/www/bitrix/modules/main/lib/engine/action.php:117
#3: Bitrix\Main\Engine\Action->runWithSourceParametersList
	/home/bitrix/www/bitrix/modules/main/lib/engine/controller.php:425
#4: Bitrix\Main\Engine\Controller->run
	/home/bitrix/www/bitrix/modules/main/lib/httpapplication.php:140
#5: Bitrix\Main\HttpApplication->runController
	/home/bitrix/www/bitrix/modules/main/include/routing_index.php:135
----------
Host: crm.sodeistvie.su:443
Date: 2024-12-18 17:57:14
Module: queryArray
array (
  'partnerInn' => '344816282576',
  'page' => '1',
)
#0: KPLab\API\V2\Controller\Partners->getSellersAction
	
#1: ReflectionMethod->invokeArgs
	/home/bitrix/www/bitrix/modules/main/lib/engine/autowire/binder.php:207
#2: Bitrix\Main\Engine\AutoWire\Binder->invoke
	/home/bitrix/www/bitrix/modules/main/lib/engine/action.php:117
#3: Bitrix\Main\Engine\Action->runWithSourceParametersList
	/home/bitrix/www/bitrix/modules/main/lib/engine/controller.php:425
#4: Bitrix\Main\Engine\Controller->run
	/home/bitrix/www/bitrix/modules/main/lib/httpapplication.php:140
#5: Bitrix\Main\HttpApplication->runController
	/home/bitrix/www/bitrix/modules/main/include/routing_index.php:135
----------
Host: crm.sodeistvie.su:443
Date: 2024-12-18 17:57:15
Module: referralId
31970
#0: KPLab\API\V2\Controller\Partners->getSellersAction
	
#1: ReflectionMethod->invokeArgs
	/home/bitrix/www/bitrix/modules/main/lib/engine/autowire/binder.php:207
#2: Bitrix\Main\Engine\AutoWire\Binder->invoke
	/home/bitrix/www/bitrix/modules/main/lib/engine/action.php:117
#3: Bitrix\Main\Engine\Action->runWithSourceParametersList
	/home/bitrix/www/bitrix/modules/main/lib/engine/controller.php:425
#4: Bitrix\Main\Engine\Controller->run
	/home/bitrix/www/bitrix/modules/main/lib/httpapplication.php:140
#5: Bitrix\Main\HttpApplication->runController
	/home/bitrix/www/bitrix/modules/main/include/routing_index.php:135
----------
Host: crm.sodeistvie.su:443
Date: 2024-12-18 18:53:00
Module: queryArray
array (
  'partnerInn' => '140211048930',
  'page' => '1',
)
#0: KPLab\API\V2\Controller\Partners->getSellersAction
	
#1: ReflectionMethod->invokeArgs
	/home/bitrix/www/bitrix/modules/main/lib/engine/autowire/binder.php:207
#2: Bitrix\Main\Engine\AutoWire\Binder->invoke
	/home/bitrix/www/bitrix/modules/main/lib/engine/action.php:117
#3: Bitrix\Main\Engine\Action->runWithSourceParametersList
	/home/bitrix/www/bitrix/modules/main/lib/engine/controller.php:425
#4: Bitrix\Main\Engine\Controller->run
	/home/bitrix/www/bitrix/modules/main/lib/httpapplication.php:140
#5: Bitrix\Main\HttpApplication->runController
	/home/bitrix/www/bitrix/modules/main/include/routing_index.php:135
----------
Host: crm.sodeistvie.su:443
Date: 2024-12-18 18:53:01
Module: referralId
51771
#0: KPLab\API\V2\Controller\Partners->getSellersAction
	
#1: ReflectionMethod->invokeArgs
	/home/bitrix/www/bitrix/modules/main/lib/engine/autowire/binder.php:207
#2: Bitrix\Main\Engine\AutoWire\Binder->invoke
	/home/bitrix/www/bitrix/modules/main/lib/engine/action.php:117
#3: Bitrix\Main\Engine\Action->runWithSourceParametersList
	/home/bitrix/www/bitrix/modules/main/lib/engine/controller.php:425
#4: Bitrix\Main\Engine\Controller->run
	/home/bitrix/www/bitrix/modules/main/lib/httpapplication.php:140
#5: Bitrix\Main\HttpApplication->runController
	/home/bitrix/www/bitrix/modules/main/include/routing_index.php:135
----------
Host: crm.sodeistvie.su:443
Date: 2024-12-18 18:53:25
Module: queryArray
array (
  'partnerInn' => '140211048930',
  'startDate' => '12/01/2024 00:00:00',
  'endDate' => '12/31/2024 00:00:00',
  'page' => '1',
  'status' => 'all',
)
#0: KPLab\API\V2\Controller\Partners->getSellersAction
	
#1: ReflectionMethod->invokeArgs
	/home/bitrix/www/bitrix/modules/main/lib/engine/autowire/binder.php:207
#2: Bitrix\Main\Engine\AutoWire\Binder->invoke
	/home/bitrix/www/bitrix/modules/main/lib/engine/action.php:117
#3: Bitrix\Main\Engine\Action->runWithSourceParametersList
	/home/bitrix/www/bitrix/modules/main/lib/engine/controller.php:425
#4: Bitrix\Main\Engine\Controller->run
	/home/bitrix/www/bitrix/modules/main/lib/httpapplication.php:140
#5: Bitrix\Main\HttpApplication->runController
	/home/bitrix/www/bitrix/modules/main/include/routing_index.php:135
----------
Host: crm.sodeistvie.su:443
Date: 2024-12-18 18:53:26
Module: referralId
51771
#0: KPLab\API\V2\Controller\Partners->getSellersAction
	
#1: ReflectionMethod->invokeArgs
	/home/bitrix/www/bitrix/modules/main/lib/engine/autowire/binder.php:207
#2: Bitrix\Main\Engine\AutoWire\Binder->invoke
	/home/bitrix/www/bitrix/modules/main/lib/engine/action.php:117
#3: Bitrix\Main\Engine\Action->runWithSourceParametersList
	/home/bitrix/www/bitrix/modules/main/lib/engine/controller.php:425
#4: Bitrix\Main\Engine\Controller->run
	/home/bitrix/www/bitrix/modules/main/lib/httpapplication.php:140
#5: Bitrix\Main\HttpApplication->runController
	/home/bitrix/www/bitrix/modules/main/include/routing_index.php:135
----------
Host: crm.sodeistvie.su:443
Date: 2024-12-18 18:53:31
Module: queryArray
array (
  'partnerInn' => '140211048930',
  'startDate' => '12/01/2024 00:00:00',
  'endDate' => '12/31/2024 00:00:00',
  'page' => '1',
  'status' => 'new',
)
#0: KPLab\API\V2\Controller\Partners->getSellersAction
	
#1: ReflectionMethod->invokeArgs
	/home/bitrix/www/bitrix/modules/main/lib/engine/autowire/binder.php:207
#2: Bitrix\Main\Engine\AutoWire\Binder->invoke
	/home/bitrix/www/bitrix/modules/main/lib/engine/action.php:117
#3: Bitrix\Main\Engine\Action->runWithSourceParametersList
	/home/bitrix/www/bitrix/modules/main/lib/engine/controller.php:425
#4: Bitrix\Main\Engine\Controller->run
	/home/bitrix/www/bitrix/modules/main/lib/httpapplication.php:140
#5: Bitrix\Main\HttpApplication->runController
	/home/bitrix/www/bitrix/modules/main/include/routing_index.php:135
----------
Host: crm.sodeistvie.su:443
Date: 2024-12-18 18:53:32
Module: referralId
51771
#0: KPLab\API\V2\Controller\Partners->getSellersAction
	
#1: ReflectionMethod->invokeArgs
	/home/bitrix/www/bitrix/modules/main/lib/engine/autowire/binder.php:207
#2: Bitrix\Main\Engine\AutoWire\Binder->invoke
	/home/bitrix/www/bitrix/modules/main/lib/engine/action.php:117
#3: Bitrix\Main\Engine\Action->runWithSourceParametersList
	/home/bitrix/www/bitrix/modules/main/lib/engine/controller.php:425
#4: Bitrix\Main\Engine\Controller->run
	/home/bitrix/www/bitrix/modules/main/lib/httpapplication.php:140
#5: Bitrix\Main\HttpApplication->runController
	/home/bitrix/www/bitrix/modules/main/include/routing_index.php:135
----------
Host: crm.sodeistvie.su:443
Date: 2024-12-18 18:53:32
Module: arFilter
array (
  '::LOGIC' => 'AND',
  'IBLOCK_ID' => 167,
  '=PROPERTY_REFERRAL_ID' => 51771,
  'PROPERTY_STATUS_VALUE' => 'Новый',
  '>=PROPERTY_DATE_LEAD' => '2024-12-01T00:00:00',
  '<=PROPERTY_DATE_LEAD' => '2024-12-31T23:59:59',
)
#0: KPLab\API\V2\Controller\Partners->getSellersAction
	
#1: ReflectionMethod->invokeArgs
	/home/bitrix/www/bitrix/modules/main/lib/engine/autowire/binder.php:207
#2: Bitrix\Main\Engine\AutoWire\Binder->invoke
	/home/bitrix/www/bitrix/modules/main/lib/engine/action.php:117
#3: Bitrix\Main\Engine\Action->runWithSourceParametersList
	/home/bitrix/www/bitrix/modules/main/lib/engine/controller.php:425
#4: Bitrix\Main\Engine\Controller->run
	/home/bitrix/www/bitrix/modules/main/lib/httpapplication.php:140
#5: Bitrix\Main\HttpApplication->runController
	/home/bitrix/www/bitrix/modules/main/include/routing_index.php:135
----------
Host: crm.sodeistvie.su:443
Date: 2024-12-18 18:53:32
Module: queryArray
array (
  'partnerInn' => '140211048930',
  'startDate' => '12/01/2024 00:00:00',
  'endDate' => '12/31/2024 00:00:00',
  'page' => '1',
  'status' => 'all',
)
#0: KPLab\API\V2\Controller\Partners->getSellersAction
	
#1: ReflectionMethod->invokeArgs
	/home/bitrix/www/bitrix/modules/main/lib/engine/autowire/binder.php:207
#2: Bitrix\Main\Engine\AutoWire\Binder->invoke
	/home/bitrix/www/bitrix/modules/main/lib/engine/action.php:117
#3: Bitrix\Main\Engine\Action->runWithSourceParametersList
	/home/bitrix/www/bitrix/modules/main/lib/engine/controller.php:425
#4: Bitrix\Main\Engine\Controller->run
	/home/bitrix/www/bitrix/modules/main/lib/httpapplication.php:140
#5: Bitrix\Main\HttpApplication->runController
	/home/bitrix/www/bitrix/modules/main/include/routing_index.php:135
----------
Host: crm.sodeistvie.su:443
Date: 2024-12-18 18:53:33
Module: referralId
51771
#0: KPLab\API\V2\Controller\Partners->getSellersAction
	
#1: ReflectionMethod->invokeArgs
	/home/bitrix/www/bitrix/modules/main/lib/engine/autowire/binder.php:207
#2: Bitrix\Main\Engine\AutoWire\Binder->invoke
	/home/bitrix/www/bitrix/modules/main/lib/engine/action.php:117
#3: Bitrix\Main\Engine\Action->runWithSourceParametersList
	/home/bitrix/www/bitrix/modules/main/lib/engine/controller.php:425
#4: Bitrix\Main\Engine\Controller->run
	/home/bitrix/www/bitrix/modules/main/lib/httpapplication.php:140
#5: Bitrix\Main\HttpApplication->runController
	/home/bitrix/www/bitrix/modules/main/include/routing_index.php:135
----------
Host: crm.sodeistvie.su:443
Date: 2024-12-18 20:13:50
Module: queryArray
array (
  'partnerInn' => '312703301063',
)
#0: KPLab\API\V2\Controller\Partners->getSellersAction
	
#1: ReflectionMethod->invokeArgs
	/home/bitrix/www/bitrix/modules/main/lib/engine/autowire/binder.php:207
#2: Bitrix\Main\Engine\AutoWire\Binder->invoke
	/home/bitrix/www/bitrix/modules/main/lib/engine/action.php:117
#3: Bitrix\Main\Engine\Action->runWithSourceParametersList
	/home/bitrix/www/bitrix/modules/main/lib/engine/controller.php:425
#4: Bitrix\Main\Engine\Controller->run
	/home/bitrix/www/bitrix/modules/main/lib/httpapplication.php:140
#5: Bitrix\Main\HttpApplication->runController
	/home/bitrix/www/bitrix/modules/main/include/routing_index.php:135
----------
Host: crm.sodeistvie.su:443
Date: 2024-12-18 20:13:50
Module: referralId
31069
#0: KPLab\API\V2\Controller\Partners->getSellersAction
	
#1: ReflectionMethod->invokeArgs
	/home/bitrix/www/bitrix/modules/main/lib/engine/autowire/binder.php:207
#2: Bitrix\Main\Engine\AutoWire\Binder->invoke
	/home/bitrix/www/bitrix/modules/main/lib/engine/action.php:117
#3: Bitrix\Main\Engine\Action->runWithSourceParametersList
	/home/bitrix/www/bitrix/modules/main/lib/engine/controller.php:425
#4: Bitrix\Main\Engine\Controller->run
	/home/bitrix/www/bitrix/modules/main/lib/httpapplication.php:140
#5: Bitrix\Main\HttpApplication->runController
	/home/bitrix/www/bitrix/modules/main/include/routing_index.php:135
----------
Host: crm.sodeistvie.su:443
Date: 2024-12-19 00:09:06
Module: queryArray
array (
  'partnerInn' => '772173434667',
  'page' => '1',
)
#0: KPLab\API\V2\Controller\Partners->getSellersAction
	
#1: ReflectionMethod->invokeArgs
	/home/bitrix/www/bitrix/modules/main/lib/engine/autowire/binder.php:207
#2: Bitrix\Main\Engine\AutoWire\Binder->invoke
	/home/bitrix/www/bitrix/modules/main/lib/engine/action.php:117
#3: Bitrix\Main\Engine\Action->runWithSourceParametersList
	/home/bitrix/www/bitrix/modules/main/lib/engine/controller.php:425
#4: Bitrix\Main\Engine\Controller->run
	/home/bitrix/www/bitrix/modules/main/lib/httpapplication.php:140
#5: Bitrix\Main\HttpApplication->runController
	/home/bitrix/www/bitrix/modules/main/include/routing_index.php:135
----------
Host: crm.sodeistvie.su:443
Date: 2024-12-19 00:09:06
Module: referralId
49950
#0: KPLab\API\V2\Controller\Partners->getSellersAction
	
#1: ReflectionMethod->invokeArgs
	/home/bitrix/www/bitrix/modules/main/lib/engine/autowire/binder.php:207
#2: Bitrix\Main\Engine\AutoWire\Binder->invoke
	/home/bitrix/www/bitrix/modules/main/lib/engine/action.php:117
#3: Bitrix\Main\Engine\Action->runWithSourceParametersList
	/home/bitrix/www/bitrix/modules/main/lib/engine/controller.php:425
#4: Bitrix\Main\Engine\Controller->run
	/home/bitrix/www/bitrix/modules/main/lib/httpapplication.php:140
#5: Bitrix\Main\HttpApplication->runController
	/home/bitrix/www/bitrix/modules/main/include/routing_index.php:135
----------
Host: crm.sodeistvie.su:443
Date: 2024-12-19 00:09:29
Module: queryArray
array (
  'partnerInn' => '772173434667',
  'page' => '1',
)
#0: KPLab\API\V2\Controller\Partners->getSellersAction
	
#1: ReflectionMethod->invokeArgs
	/home/bitrix/www/bitrix/modules/main/lib/engine/autowire/binder.php:207
#2: Bitrix\Main\Engine\AutoWire\Binder->invoke
	/home/bitrix/www/bitrix/modules/main/lib/engine/action.php:117
#3: Bitrix\Main\Engine\Action->runWithSourceParametersList
	/home/bitrix/www/bitrix/modules/main/lib/engine/controller.php:425
#4: Bitrix\Main\Engine\Controller->run
	/home/bitrix/www/bitrix/modules/main/lib/httpapplication.php:140
#5: Bitrix\Main\HttpApplication->runController
	/home/bitrix/www/bitrix/modules/main/include/routing_index.php:135
----------
Host: crm.sodeistvie.su:443
Date: 2024-12-19 00:09:29
Module: referralId
49950
#0: KPLab\API\V2\Controller\Partners->getSellersAction
	
#1: ReflectionMethod->invokeArgs
	/home/bitrix/www/bitrix/modules/main/lib/engine/autowire/binder.php:207
#2: Bitrix\Main\Engine\AutoWire\Binder->invoke
	/home/bitrix/www/bitrix/modules/main/lib/engine/action.php:117
#3: Bitrix\Main\Engine\Action->runWithSourceParametersList
	/home/bitrix/www/bitrix/modules/main/lib/engine/controller.php:425
#4: Bitrix\Main\Engine\Controller->run
	/home/bitrix/www/bitrix/modules/main/lib/httpapplication.php:140
#5: Bitrix\Main\HttpApplication->runController
	/home/bitrix/www/bitrix/modules/main/include/routing_index.php:135
----------
Host: crm.sodeistvie.su:443
Date: 2024-12-19 00:09:34
Module: queryArray
array (
  'partnerInn' => '772173434667',
  'page' => '51',
  'status' => 'all',
)
#0: KPLab\API\V2\Controller\Partners->getSellersAction
	
#1: ReflectionMethod->invokeArgs
	/home/bitrix/www/bitrix/modules/main/lib/engine/autowire/binder.php:207
#2: Bitrix\Main\Engine\AutoWire\Binder->invoke
	/home/bitrix/www/bitrix/modules/main/lib/engine/action.php:117
#3: Bitrix\Main\Engine\Action->runWithSourceParametersList
	/home/bitrix/www/bitrix/modules/main/lib/engine/controller.php:425
#4: Bitrix\Main\Engine\Controller->run
	/home/bitrix/www/bitrix/modules/main/lib/httpapplication.php:140
#5: Bitrix\Main\HttpApplication->runController
	/home/bitrix/www/bitrix/modules/main/include/routing_index.php:135
----------
Host: crm.sodeistvie.su:443
Date: 2024-12-19 00:09:34
Module: referralId
49950
#0: KPLab\API\V2\Controller\Partners->getSellersAction
	
#1: ReflectionMethod->invokeArgs
	/home/bitrix/www/bitrix/modules/main/lib/engine/autowire/binder.php:207
#2: Bitrix\Main\Engine\AutoWire\Binder->invoke
	/home/bitrix/www/bitrix/modules/main/lib/engine/action.php:117
#3: Bitrix\Main\Engine\Action->runWithSourceParametersList
	/home/bitrix/www/bitrix/modules/main/lib/engine/controller.php:425
#4: Bitrix\Main\Engine\Controller->run
	/home/bitrix/www/bitrix/modules/main/lib/httpapplication.php:140
#5: Bitrix\Main\HttpApplication->runController
	/home/bitrix/www/bitrix/modules/main/include/routing_index.php:135
----------
Host: crm.sodeistvie.su:443
Date: 2024-12-19 00:23:04
Module: queryArray
array (
  'partnerInn' => '772173434667',
  'page' => '1',
)
#0: KPLab\API\V2\Controller\Partners->getSellersAction
	
#1: ReflectionMethod->invokeArgs
	/home/bitrix/www/bitrix/modules/main/lib/engine/autowire/binder.php:207
#2: Bitrix\Main\Engine\AutoWire\Binder->invoke
	/home/bitrix/www/bitrix/modules/main/lib/engine/action.php:117
#3: Bitrix\Main\Engine\Action->runWithSourceParametersList
	/home/bitrix/www/bitrix/modules/main/lib/engine/controller.php:425
#4: Bitrix\Main\Engine\Controller->run
	/home/bitrix/www/bitrix/modules/main/lib/httpapplication.php:140
#5: Bitrix\Main\HttpApplication->runController
	/home/bitrix/www/bitrix/modules/main/include/routing_index.php:135
----------
Host: crm.sodeistvie.su:443
Date: 2024-12-19 00:23:04
Module: referralId
49950
#0: KPLab\API\V2\Controller\Partners->getSellersAction
	
#1: ReflectionMethod->invokeArgs
	/home/bitrix/www/bitrix/modules/main/lib/engine/autowire/binder.php:207
#2: Bitrix\Main\Engine\AutoWire\Binder->invoke
	/home/bitrix/www/bitrix/modules/main/lib/engine/action.php:117
#3: Bitrix\Main\Engine\Action->runWithSourceParametersList
	/home/bitrix/www/bitrix/modules/main/lib/engine/controller.php:425
#4: Bitrix\Main\Engine\Controller->run
	/home/bitrix/www/bitrix/modules/main/lib/httpapplication.php:140
#5: Bitrix\Main\HttpApplication->runController
	/home/bitrix/www/bitrix/modules/main/include/routing_index.php:135
----------
Host: crm.sodeistvie.su:443
Date: 2024-12-19 00:23:11
Module: queryArray
array (
  'partnerInn' => '772173434667',
  'page' => '51',
  'status' => 'all',
)
#0: KPLab\API\V2\Controller\Partners->getSellersAction
	
#1: ReflectionMethod->invokeArgs
	/home/bitrix/www/bitrix/modules/main/lib/engine/autowire/binder.php:207
#2: Bitrix\Main\Engine\AutoWire\Binder->invoke
	/home/bitrix/www/bitrix/modules/main/lib/engine/action.php:117
#3: Bitrix\Main\Engine\Action->runWithSourceParametersList
	/home/bitrix/www/bitrix/modules/main/lib/engine/controller.php:425
#4: Bitrix\Main\Engine\Controller->run
	/home/bitrix/www/bitrix/modules/main/lib/httpapplication.php:140
#5: Bitrix\Main\HttpApplication->runController
	/home/bitrix/www/bitrix/modules/main/include/routing_index.php:135
----------
Host: crm.sodeistvie.su:443
Date: 2024-12-19 00:23:11
Module: referralId
49950
#0: KPLab\API\V2\Controller\Partners->getSellersAction
	
#1: ReflectionMethod->invokeArgs
	/home/bitrix/www/bitrix/modules/main/lib/engine/autowire/binder.php:207
#2: Bitrix\Main\Engine\AutoWire\Binder->invoke
	/home/bitrix/www/bitrix/modules/main/lib/engine/action.php:117
#3: Bitrix\Main\Engine\Action->runWithSourceParametersList
	/home/bitrix/www/bitrix/modules/main/lib/engine/controller.php:425
#4: Bitrix\Main\Engine\Controller->run
	/home/bitrix/www/bitrix/modules/main/lib/httpapplication.php:140
#5: Bitrix\Main\HttpApplication->runController
	/home/bitrix/www/bitrix/modules/main/include/routing_index.php:135
----------
Host: crm.sodeistvie.su:443
Date: 2024-12-19 11:58:42
Module: queryArray
array (
  'partnerInn' => '632132137441',
  'page' => '1',
)
#0: KPLab\API\V2\Controller\Partners->getSellersAction
	
#1: ReflectionMethod->invokeArgs
	/home/bitrix/www/bitrix/modules/main/lib/engine/autowire/binder.php:207
#2: Bitrix\Main\Engine\AutoWire\Binder->invoke
	/home/bitrix/www/bitrix/modules/main/lib/engine/action.php:117
#3: Bitrix\Main\Engine\Action->runWithSourceParametersList
	/home/bitrix/www/bitrix/modules/main/lib/engine/controller.php:425
#4: Bitrix\Main\Engine\Controller->run
	/home/bitrix/www/bitrix/modules/main/lib/httpapplication.php:140
#5: Bitrix\Main\HttpApplication->runController
	/home/bitrix/www/bitrix/modules/main/include/routing_index.php:135
----------
Host: crm.sodeistvie.su:443
Date: 2024-12-19 11:58:43
Module: referralId
46515
#0: KPLab\API\V2\Controller\Partners->getSellersAction
	
#1: ReflectionMethod->invokeArgs
	/home/bitrix/www/bitrix/modules/main/lib/engine/autowire/binder.php:207
#2: Bitrix\Main\Engine\AutoWire\Binder->invoke
	/home/bitrix/www/bitrix/modules/main/lib/engine/action.php:117
#3: Bitrix\Main\Engine\Action->runWithSourceParametersList
	/home/bitrix/www/bitrix/modules/main/lib/engine/controller.php:425
#4: Bitrix\Main\Engine\Controller->run
	/home/bitrix/www/bitrix/modules/main/lib/httpapplication.php:140
#5: Bitrix\Main\HttpApplication->runController
	/home/bitrix/www/bitrix/modules/main/include/routing_index.php:135
----------
Host: crm.sodeistvie.su:443
Date: 2024-12-19 11:58:49
Module: queryArray
array (
  'partnerInn' => '632132137441',
  'page' => '1',
)
#0: KPLab\API\V2\Controller\Partners->getSellersAction
	
#1: ReflectionMethod->invokeArgs
	/home/bitrix/www/bitrix/modules/main/lib/engine/autowire/binder.php:207
#2: Bitrix\Main\Engine\AutoWire\Binder->invoke
	/home/bitrix/www/bitrix/modules/main/lib/engine/action.php:117
#3: Bitrix\Main\Engine\Action->runWithSourceParametersList
	/home/bitrix/www/bitrix/modules/main/lib/engine/controller.php:425
#4: Bitrix\Main\Engine\Controller->run
	/home/bitrix/www/bitrix/modules/main/lib/httpapplication.php:140
#5: Bitrix\Main\HttpApplication->runController
	/home/bitrix/www/bitrix/modules/main/include/routing_index.php:135
----------
Host: crm.sodeistvie.su:443
Date: 2024-12-19 11:58:49
Module: referralId
46515
#0: KPLab\API\V2\Controller\Partners->getSellersAction
	
#1: ReflectionMethod->invokeArgs
	/home/bitrix/www/bitrix/modules/main/lib/engine/autowire/binder.php:207
#2: Bitrix\Main\Engine\AutoWire\Binder->invoke
	/home/bitrix/www/bitrix/modules/main/lib/engine/action.php:117
#3: Bitrix\Main\Engine\Action->runWithSourceParametersList
	/home/bitrix/www/bitrix/modules/main/lib/engine/controller.php:425
#4: Bitrix\Main\Engine\Controller->run
	/home/bitrix/www/bitrix/modules/main/lib/httpapplication.php:140
#5: Bitrix\Main\HttpApplication->runController
	/home/bitrix/www/bitrix/modules/main/include/routing_index.php:135
----------
Host: crm.sodeistvie.su:443
Date: 2024-12-19 11:59:04
Module: queryArray
array (
  'partnerInn' => '632132137441',
  'page' => '1',
)
#0: KPLab\API\V2\Controller\Partners->getSellersAction
	
#1: ReflectionMethod->invokeArgs
	/home/bitrix/www/bitrix/modules/main/lib/engine/autowire/binder.php:207
#2: Bitrix\Main\Engine\AutoWire\Binder->invoke
	/home/bitrix/www/bitrix/modules/main/lib/engine/action.php:117
#3: Bitrix\Main\Engine\Action->runWithSourceParametersList
	/home/bitrix/www/bitrix/modules/main/lib/engine/controller.php:425
#4: Bitrix\Main\Engine\Controller->run
	/home/bitrix/www/bitrix/modules/main/lib/httpapplication.php:140
#5: Bitrix\Main\HttpApplication->runController
	/home/bitrix/www/bitrix/modules/main/include/routing_index.php:135
----------
Host: crm.sodeistvie.su:443
Date: 2024-12-19 11:59:04
Module: referralId
46515
#0: KPLab\API\V2\Controller\Partners->getSellersAction
	
#1: ReflectionMethod->invokeArgs
	/home/bitrix/www/bitrix/modules/main/lib/engine/autowire/binder.php:207
#2: Bitrix\Main\Engine\AutoWire\Binder->invoke
	/home/bitrix/www/bitrix/modules/main/lib/engine/action.php:117
#3: Bitrix\Main\Engine\Action->runWithSourceParametersList
	/home/bitrix/www/bitrix/modules/main/lib/engine/controller.php:425
#4: Bitrix\Main\Engine\Controller->run
	/home/bitrix/www/bitrix/modules/main/lib/httpapplication.php:140
#5: Bitrix\Main\HttpApplication->runController
	/home/bitrix/www/bitrix/modules/main/include/routing_index.php:135
----------
Host: crm.sodeistvie.su:443
Date: 2024-12-19 11:59:19
Module: queryArray
array (
  'partnerInn' => '632132137441',
  'page' => '1',
)
#0: KPLab\API\V2\Controller\Partners->getSellersAction
	
#1: ReflectionMethod->invokeArgs
	/home/bitrix/www/bitrix/modules/main/lib/engine/autowire/binder.php:207
#2: Bitrix\Main\Engine\AutoWire\Binder->invoke
	/home/bitrix/www/bitrix/modules/main/lib/engine/action.php:117
#3: Bitrix\Main\Engine\Action->runWithSourceParametersList
	/home/bitrix/www/bitrix/modules/main/lib/engine/controller.php:425
#4: Bitrix\Main\Engine\Controller->run
	/home/bitrix/www/bitrix/modules/main/lib/httpapplication.php:140
#5: Bitrix\Main\HttpApplication->runController
	/home/bitrix/www/bitrix/modules/main/include/routing_index.php:135
----------
Host: crm.sodeistvie.su:443
Date: 2024-12-19 11:59:19
Module: referralId
46515
#0: KPLab\API\V2\Controller\Partners->getSellersAction
	
#1: ReflectionMethod->invokeArgs
	/home/bitrix/www/bitrix/modules/main/lib/engine/autowire/binder.php:207
#2: Bitrix\Main\Engine\AutoWire\Binder->invoke
	/home/bitrix/www/bitrix/modules/main/lib/engine/action.php:117
#3: Bitrix\Main\Engine\Action->runWithSourceParametersList
	/home/bitrix/www/bitrix/modules/main/lib/engine/controller.php:425
#4: Bitrix\Main\Engine\Controller->run
	/home/bitrix/www/bitrix/modules/main/lib/httpapplication.php:140
#5: Bitrix\Main\HttpApplication->runController
	/home/bitrix/www/bitrix/modules/main/include/routing_index.php:135
----------
Host: crm.sodeistvie.su:443
Date: 2024-12-19 11:59:29
Module: queryArray
array (
  'partnerInn' => '632132137441',
  'page' => '1',
)
#0: KPLab\API\V2\Controller\Partners->getSellersAction
	
#1: ReflectionMethod->invokeArgs
	/home/bitrix/www/bitrix/modules/main/lib/engine/autowire/binder.php:207
#2: Bitrix\Main\Engine\AutoWire\Binder->invoke
	/home/bitrix/www/bitrix/modules/main/lib/engine/action.php:117
#3: Bitrix\Main\Engine\Action->runWithSourceParametersList
	/home/bitrix/www/bitrix/modules/main/lib/engine/controller.php:425
#4: Bitrix\Main\Engine\Controller->run
	/home/bitrix/www/bitrix/modules/main/lib/httpapplication.php:140
#5: Bitrix\Main\HttpApplication->runController
	/home/bitrix/www/bitrix/modules/main/include/routing_index.php:135
----------
Host: crm.sodeistvie.su:443
Date: 2024-12-19 11:59:30
Module: referralId
46515
#0: KPLab\API\V2\Controller\Partners->getSellersAction
	
#1: ReflectionMethod->invokeArgs
	/home/bitrix/www/bitrix/modules/main/lib/engine/autowire/binder.php:207
#2: Bitrix\Main\Engine\AutoWire\Binder->invoke
	/home/bitrix/www/bitrix/modules/main/lib/engine/action.php:117
#3: Bitrix\Main\Engine\Action->runWithSourceParametersList
	/home/bitrix/www/bitrix/modules/main/lib/engine/controller.php:425
#4: Bitrix\Main\Engine\Controller->run
	/home/bitrix/www/bitrix/modules/main/lib/httpapplication.php:140
#5: Bitrix\Main\HttpApplication->runController
	/home/bitrix/www/bitrix/modules/main/include/routing_index.php:135
----------
Host: crm.sodeistvie.su:443
Date: 2024-12-19 11:59:50
Module: queryArray
array (
  'partnerInn' => '632132137441',
  'page' => '1',
)
#0: KPLab\API\V2\Controller\Partners->getSellersAction
	
#1: ReflectionMethod->invokeArgs
	/home/bitrix/www/bitrix/modules/main/lib/engine/autowire/binder.php:207
#2: Bitrix\Main\Engine\AutoWire\Binder->invoke
	/home/bitrix/www/bitrix/modules/main/lib/engine/action.php:117
#3: Bitrix\Main\Engine\Action->runWithSourceParametersList
	/home/bitrix/www/bitrix/modules/main/lib/engine/controller.php:425
#4: Bitrix\Main\Engine\Controller->run
	/home/bitrix/www/bitrix/modules/main/lib/httpapplication.php:140
#5: Bitrix\Main\HttpApplication->runController
	/home/bitrix/www/bitrix/modules/main/include/routing_index.php:135
----------
Host: crm.sodeistvie.su:443
Date: 2024-12-19 11:59:50
Module: referralId
46515
#0: KPLab\API\V2\Controller\Partners->getSellersAction
	
#1: ReflectionMethod->invokeArgs
	/home/bitrix/www/bitrix/modules/main/lib/engine/autowire/binder.php:207
#2: Bitrix\Main\Engine\AutoWire\Binder->invoke
	/home/bitrix/www/bitrix/modules/main/lib/engine/action.php:117
#3: Bitrix\Main\Engine\Action->runWithSourceParametersList
	/home/bitrix/www/bitrix/modules/main/lib/engine/controller.php:425
#4: Bitrix\Main\Engine\Controller->run
	/home/bitrix/www/bitrix/modules/main/lib/httpapplication.php:140
#5: Bitrix\Main\HttpApplication->runController
	/home/bitrix/www/bitrix/modules/main/include/routing_index.php:135
----------
Host: crm.sodeistvie.su:443
Date: 2024-12-19 12:40:43
Module: queryArray
array (
  'partnerInn' => '744921687205',
  'page' => '1',
)
#0: KPLab\API\V2\Controller\Partners->getSellersAction
	
#1: ReflectionMethod->invokeArgs
	/home/bitrix/www/bitrix/modules/main/lib/engine/autowire/binder.php:207
#2: Bitrix\Main\Engine\AutoWire\Binder->invoke
	/home/bitrix/www/bitrix/modules/main/lib/engine/action.php:117
#3: Bitrix\Main\Engine\Action->runWithSourceParametersList
	/home/bitrix/www/bitrix/modules/main/lib/engine/controller.php:425
#4: Bitrix\Main\Engine\Controller->run
	/home/bitrix/www/bitrix/modules/main/lib/httpapplication.php:140
#5: Bitrix\Main\HttpApplication->runController
	/home/bitrix/www/bitrix/modules/main/include/routing_index.php:135
----------
Host: crm.sodeistvie.su:443
Date: 2024-12-19 12:40:43
Module: referralId
41088
#0: KPLab\API\V2\Controller\Partners->getSellersAction
	
#1: ReflectionMethod->invokeArgs
	/home/bitrix/www/bitrix/modules/main/lib/engine/autowire/binder.php:207
#2: Bitrix\Main\Engine\AutoWire\Binder->invoke
	/home/bitrix/www/bitrix/modules/main/lib/engine/action.php:117
#3: Bitrix\Main\Engine\Action->runWithSourceParametersList
	/home/bitrix/www/bitrix/modules/main/lib/engine/controller.php:425
#4: Bitrix\Main\Engine\Controller->run
	/home/bitrix/www/bitrix/modules/main/lib/httpapplication.php:140
#5: Bitrix\Main\HttpApplication->runController
	/home/bitrix/www/bitrix/modules/main/include/routing_index.php:135
----------
Host: crm.sodeistvie.su:443
Date: 2024-12-19 12:41:15
Module: queryArray
array (
  'partnerInn' => '744921687205',
  'page' => '1',
)
#0: KPLab\API\V2\Controller\Partners->getSellersAction
	
#1: ReflectionMethod->invokeArgs
	/home/bitrix/www/bitrix/modules/main/lib/engine/autowire/binder.php:207
#2: Bitrix\Main\Engine\AutoWire\Binder->invoke
	/home/bitrix/www/bitrix/modules/main/lib/engine/action.php:117
#3: Bitrix\Main\Engine\Action->runWithSourceParametersList
	/home/bitrix/www/bitrix/modules/main/lib/engine/controller.php:425
#4: Bitrix\Main\Engine\Controller->run
	/home/bitrix/www/bitrix/modules/main/lib/httpapplication.php:140
#5: Bitrix\Main\HttpApplication->runController
	/home/bitrix/www/bitrix/modules/main/include/routing_index.php:135
----------
Host: crm.sodeistvie.su:443
Date: 2024-12-19 12:41:15
Module: referralId
41088
#0: KPLab\API\V2\Controller\Partners->getSellersAction
	
#1: ReflectionMethod->invokeArgs
	/home/bitrix/www/bitrix/modules/main/lib/engine/autowire/binder.php:207
#2: Bitrix\Main\Engine\AutoWire\Binder->invoke
	/home/bitrix/www/bitrix/modules/main/lib/engine/action.php:117
#3: Bitrix\Main\Engine\Action->runWithSourceParametersList
	/home/bitrix/www/bitrix/modules/main/lib/engine/controller.php:425
#4: Bitrix\Main\Engine\Controller->run
	/home/bitrix/www/bitrix/modules/main/lib/httpapplication.php:140
#5: Bitrix\Main\HttpApplication->runController
	/home/bitrix/www/bitrix/modules/main/include/routing_index.php:135
----------
Host: crm.sodeistvie.su:443
Date: 2024-12-19 12:50:44
Module: queryArray
array (
  'partnerInn' => '772173434667',
  'page' => '1',
)
#0: KPLab\API\V2\Controller\Partners->getSellersAction
	
#1: ReflectionMethod->invokeArgs
	/home/bitrix/www/bitrix/modules/main/lib/engine/autowire/binder.php:207
#2: Bitrix\Main\Engine\AutoWire\Binder->invoke
	/home/bitrix/www/bitrix/modules/main/lib/engine/action.php:117
#3: Bitrix\Main\Engine\Action->runWithSourceParametersList
	/home/bitrix/www/bitrix/modules/main/lib/engine/controller.php:425
#4: Bitrix\Main\Engine\Controller->run
	/home/bitrix/www/bitrix/modules/main/lib/httpapplication.php:140
#5: Bitrix\Main\HttpApplication->runController
	/home/bitrix/www/bitrix/modules/main/include/routing_index.php:135
----------
Host: crm.sodeistvie.su:443
Date: 2024-12-19 12:50:45
Module: referralId
49950
#0: KPLab\API\V2\Controller\Partners->getSellersAction
	
#1: ReflectionMethod->invokeArgs
	/home/bitrix/www/bitrix/modules/main/lib/engine/autowire/binder.php:207
#2: Bitrix\Main\Engine\AutoWire\Binder->invoke
	/home/bitrix/www/bitrix/modules/main/lib/engine/action.php:117
#3: Bitrix\Main\Engine\Action->runWithSourceParametersList
	/home/bitrix/www/bitrix/modules/main/lib/engine/controller.php:425
#4: Bitrix\Main\Engine\Controller->run
	/home/bitrix/www/bitrix/modules/main/lib/httpapplication.php:140
#5: Bitrix\Main\HttpApplication->runController
	/home/bitrix/www/bitrix/modules/main/include/routing_index.php:135
----------
Host: crm.sodeistvie.su:443
Date: 2024-12-19 12:50:47
Module: queryArray
array (
  'partnerInn' => '772173434667',
  'page' => '51',
  'status' => 'all',
)
#0: KPLab\API\V2\Controller\Partners->getSellersAction
	
#1: ReflectionMethod->invokeArgs
	/home/bitrix/www/bitrix/modules/main/lib/engine/autowire/binder.php:207
#2: Bitrix\Main\Engine\AutoWire\Binder->invoke
	/home/bitrix/www/bitrix/modules/main/lib/engine/action.php:117
#3: Bitrix\Main\Engine\Action->runWithSourceParametersList
	/home/bitrix/www/bitrix/modules/main/lib/engine/controller.php:425
#4: Bitrix\Main\Engine\Controller->run
	/home/bitrix/www/bitrix/modules/main/lib/httpapplication.php:140
#5: Bitrix\Main\HttpApplication->runController
	/home/bitrix/www/bitrix/modules/main/include/routing_index.php:135
----------
Host: crm.sodeistvie.su:443
Date: 2024-12-19 12:50:47
Module: referralId
49950
#0: KPLab\API\V2\Controller\Partners->getSellersAction
	
#1: ReflectionMethod->invokeArgs
	/home/bitrix/www/bitrix/modules/main/lib/engine/autowire/binder.php:207
#2: Bitrix\Main\Engine\AutoWire\Binder->invoke
	/home/bitrix/www/bitrix/modules/main/lib/engine/action.php:117
#3: Bitrix\Main\Engine\Action->runWithSourceParametersList
	/home/bitrix/www/bitrix/modules/main/lib/engine/controller.php:425
#4: Bitrix\Main\Engine\Controller->run
	/home/bitrix/www/bitrix/modules/main/lib/httpapplication.php:140
#5: Bitrix\Main\HttpApplication->runController
	/home/bitrix/www/bitrix/modules/main/include/routing_index.php:135
----------
Host: crm.sodeistvie.su:443
Date: 2024-12-19 13:28:14
Module: queryArray
array (
  'partnerInn' => '9731043856',
  'page' => '1',
)
#0: KPLab\API\V2\Controller\Partners->getSellersAction
	
#1: ReflectionMethod->invokeArgs
	/home/bitrix/www/bitrix/modules/main/lib/engine/autowire/binder.php:207
#2: Bitrix\Main\Engine\AutoWire\Binder->invoke
	/home/bitrix/www/bitrix/modules/main/lib/engine/action.php:117
#3: Bitrix\Main\Engine\Action->runWithSourceParametersList
	/home/bitrix/www/bitrix/modules/main/lib/engine/controller.php:425
#4: Bitrix\Main\Engine\Controller->run
	/home/bitrix/www/bitrix/modules/main/lib/httpapplication.php:140
#5: Bitrix\Main\HttpApplication->runController
	/home/bitrix/www/bitrix/modules/main/include/routing_index.php:135
----------
Host: crm.sodeistvie.su:443
Date: 2024-12-19 13:28:14
Module: referralId
50189
#0: KPLab\API\V2\Controller\Partners->getSellersAction
	
#1: ReflectionMethod->invokeArgs
	/home/bitrix/www/bitrix/modules/main/lib/engine/autowire/binder.php:207
#2: Bitrix\Main\Engine\AutoWire\Binder->invoke
	/home/bitrix/www/bitrix/modules/main/lib/engine/action.php:117
#3: Bitrix\Main\Engine\Action->runWithSourceParametersList
	/home/bitrix/www/bitrix/modules/main/lib/engine/controller.php:425
#4: Bitrix\Main\Engine\Controller->run
	/home/bitrix/www/bitrix/modules/main/lib/httpapplication.php:140
#5: Bitrix\Main\HttpApplication->runController
	/home/bitrix/www/bitrix/modules/main/include/routing_index.php:135
----------
Host: crm.sodeistvie.su:443
Date: 2024-12-19 13:48:40
Module: queryArray
array (
  'partnerInn' => '7721546864',
  'page' => '151',
  'status' => 'all',
)
#0: KPLab\API\V2\Controller\Partners->getSellersAction
	
#1: ReflectionMethod->invokeArgs
	/home/bitrix/www/bitrix/modules/main/lib/engine/autowire/binder.php:207
#2: Bitrix\Main\Engine\AutoWire\Binder->invoke
	/home/bitrix/www/bitrix/modules/main/lib/engine/action.php:117
#3: Bitrix\Main\Engine\Action->runWithSourceParametersList
	/home/bitrix/www/bitrix/modules/main/lib/engine/controller.php:425
#4: Bitrix\Main\Engine\Controller->run
	/home/bitrix/www/bitrix/modules/main/lib/httpapplication.php:140
#5: Bitrix\Main\HttpApplication->runController
	/home/bitrix/www/bitrix/modules/main/include/routing_index.php:135
----------
Host: crm.sodeistvie.su:443
Date: 2024-12-19 13:48:40
Module: queryArray
array (
  'partnerInn' => '7721546864',
  'page' => '201',
  'status' => 'all',
)
#0: KPLab\API\V2\Controller\Partners->getSellersAction
	
#1: ReflectionMethod->invokeArgs
	/home/bitrix/www/bitrix/modules/main/lib/engine/autowire/binder.php:207
#2: Bitrix\Main\Engine\AutoWire\Binder->invoke
	/home/bitrix/www/bitrix/modules/main/lib/engine/action.php:117
#3: Bitrix\Main\Engine\Action->runWithSourceParametersList
	/home/bitrix/www/bitrix/modules/main/lib/engine/controller.php:425
#4: Bitrix\Main\Engine\Controller->run
	/home/bitrix/www/bitrix/modules/main/lib/httpapplication.php:140
#5: Bitrix\Main\HttpApplication->runController
	/home/bitrix/www/bitrix/modules/main/include/routing_index.php:135
----------
Host: crm.sodeistvie.su:443
Date: 2024-12-19 13:48:40
Module: referralId
32813
#0: KPLab\API\V2\Controller\Partners->getSellersAction
	
#1: ReflectionMethod->invokeArgs
	/home/bitrix/www/bitrix/modules/main/lib/engine/autowire/binder.php:207
#2: Bitrix\Main\Engine\AutoWire\Binder->invoke
	/home/bitrix/www/bitrix/modules/main/lib/engine/action.php:117
#3: Bitrix\Main\Engine\Action->runWithSourceParametersList
	/home/bitrix/www/bitrix/modules/main/lib/engine/controller.php:425
#4: Bitrix\Main\Engine\Controller->run
	/home/bitrix/www/bitrix/modules/main/lib/httpapplication.php:140
#5: Bitrix\Main\HttpApplication->runController
	/home/bitrix/www/bitrix/modules/main/include/routing_index.php:135
----------
Host: crm.sodeistvie.su:443
Date: 2024-12-19 13:48:40
Module: referralId
32813
#0: KPLab\API\V2\Controller\Partners->getSellersAction
	
#1: ReflectionMethod->invokeArgs
	/home/bitrix/www/bitrix/modules/main/lib/engine/autowire/binder.php:207
#2: Bitrix\Main\Engine\AutoWire\Binder->invoke
	/home/bitrix/www/bitrix/modules/main/lib/engine/action.php:117
#3: Bitrix\Main\Engine\Action->runWithSourceParametersList
	/home/bitrix/www/bitrix/modules/main/lib/engine/controller.php:425
#4: Bitrix\Main\Engine\Controller->run
	/home/bitrix/www/bitrix/modules/main/lib/httpapplication.php:140
#5: Bitrix\Main\HttpApplication->runController
	/home/bitrix/www/bitrix/modules/main/include/routing_index.php:135
----------
Host: crm.sodeistvie.su:443
Date: 2024-12-19 13:48:43
Module: queryArray
array (
  'partnerInn' => '7721546864',
  'page' => '251',
  'status' => 'all',
)
#0: KPLab\API\V2\Controller\Partners->getSellersAction
	
#1: ReflectionMethod->invokeArgs
	/home/bitrix/www/bitrix/modules/main/lib/engine/autowire/binder.php:207
#2: Bitrix\Main\Engine\AutoWire\Binder->invoke
	/home/bitrix/www/bitrix/modules/main/lib/engine/action.php:117
#3: Bitrix\Main\Engine\Action->runWithSourceParametersList
	/home/bitrix/www/bitrix/modules/main/lib/engine/controller.php:425
#4: Bitrix\Main\Engine\Controller->run
	/home/bitrix/www/bitrix/modules/main/lib/httpapplication.php:140
#5: Bitrix\Main\HttpApplication->runController
	/home/bitrix/www/bitrix/modules/main/include/routing_index.php:135
----------
Host: crm.sodeistvie.su:443
Date: 2024-12-19 13:48:44
Module: referralId
32813
#0: KPLab\API\V2\Controller\Partners->getSellersAction
	
#1: ReflectionMethod->invokeArgs
	/home/bitrix/www/bitrix/modules/main/lib/engine/autowire/binder.php:207
#2: Bitrix\Main\Engine\AutoWire\Binder->invoke
	/home/bitrix/www/bitrix/modules/main/lib/engine/action.php:117
#3: Bitrix\Main\Engine\Action->runWithSourceParametersList
	/home/bitrix/www/bitrix/modules/main/lib/engine/controller.php:425
#4: Bitrix\Main\Engine\Controller->run
	/home/bitrix/www/bitrix/modules/main/lib/httpapplication.php:140
#5: Bitrix\Main\HttpApplication->runController
	/home/bitrix/www/bitrix/modules/main/include/routing_index.php:135
----------
Host: crm.sodeistvie.su:443
Date: 2024-12-19 13:48:44
Module: queryArray
array (
  'partnerInn' => '7721546864',
  'page' => '301',
  'status' => 'all',
)
#0: KPLab\API\V2\Controller\Partners->getSellersAction
	
#1: ReflectionMethod->invokeArgs
	/home/bitrix/www/bitrix/modules/main/lib/engine/autowire/binder.php:207
#2: Bitrix\Main\Engine\AutoWire\Binder->invoke
	/home/bitrix/www/bitrix/modules/main/lib/engine/action.php:117
#3: Bitrix\Main\Engine\Action->runWithSourceParametersList
	/home/bitrix/www/bitrix/modules/main/lib/engine/controller.php:425
#4: Bitrix\Main\Engine\Controller->run
	/home/bitrix/www/bitrix/modules/main/lib/httpapplication.php:140
#5: Bitrix\Main\HttpApplication->runController
	/home/bitrix/www/bitrix/modules/main/include/routing_index.php:135
----------
Host: crm.sodeistvie.su:443
Date: 2024-12-19 13:48:45
Module: referralId
32813
#0: KPLab\API\V2\Controller\Partners->getSellersAction
	
#1: ReflectionMethod->invokeArgs
	/home/bitrix/www/bitrix/modules/main/lib/engine/autowire/binder.php:207
#2: Bitrix\Main\Engine\AutoWire\Binder->invoke
	/home/bitrix/www/bitrix/modules/main/lib/engine/action.php:117
#3: Bitrix\Main\Engine\Action->runWithSourceParametersList
	/home/bitrix/www/bitrix/modules/main/lib/engine/controller.php:425
#4: Bitrix\Main\Engine\Controller->run
	/home/bitrix/www/bitrix/modules/main/lib/httpapplication.php:140
#5: Bitrix\Main\HttpApplication->runController
	/home/bitrix/www/bitrix/modules/main/include/routing_index.php:135
----------
Host: crm.sodeistvie.su:443
Date: 2024-12-19 14:28:48
Module: queryArray
array (
  'partnerInn' => '7721546864',
  'page' => '351',
  'status' => 'all',
)
#0: KPLab\API\V2\Controller\Partners->getSellersAction
	
#1: ReflectionMethod->invokeArgs
	/home/bitrix/www/bitrix/modules/main/lib/engine/autowire/binder.php:207
#2: Bitrix\Main\Engine\AutoWire\Binder->invoke
	/home/bitrix/www/bitrix/modules/main/lib/engine/action.php:117
#3: Bitrix\Main\Engine\Action->runWithSourceParametersList
	/home/bitrix/www/bitrix/modules/main/lib/engine/controller.php:425
#4: Bitrix\Main\Engine\Controller->run
	/home/bitrix/www/bitrix/modules/main/lib/httpapplication.php:140
#5: Bitrix\Main\HttpApplication->runController
	/home/bitrix/www/bitrix/modules/main/include/routing_index.php:135
----------
Host: crm.sodeistvie.su:443
Date: 2024-12-19 14:28:48
Module: queryArray
array (
  'partnerInn' => '7721546864',
  'page' => '401',
  'status' => 'all',
)
#0: KPLab\API\V2\Controller\Partners->getSellersAction
	
#1: ReflectionMethod->invokeArgs
	/home/bitrix/www/bitrix/modules/main/lib/engine/autowire/binder.php:207
#2: Bitrix\Main\Engine\AutoWire\Binder->invoke
	/home/bitrix/www/bitrix/modules/main/lib/engine/action.php:117
#3: Bitrix\Main\Engine\Action->runWithSourceParametersList
	/home/bitrix/www/bitrix/modules/main/lib/engine/controller.php:425
#4: Bitrix\Main\Engine\Controller->run
	/home/bitrix/www/bitrix/modules/main/lib/httpapplication.php:140
#5: Bitrix\Main\HttpApplication->runController
	/home/bitrix/www/bitrix/modules/main/include/routing_index.php:135
----------
Host: crm.sodeistvie.su:443
Date: 2024-12-19 14:28:49
Module: referralId
32813
#0: KPLab\API\V2\Controller\Partners->getSellersAction
	
#1: ReflectionMethod->invokeArgs
	/home/bitrix/www/bitrix/modules/main/lib/engine/autowire/binder.php:207
#2: Bitrix\Main\Engine\AutoWire\Binder->invoke
	/home/bitrix/www/bitrix/modules/main/lib/engine/action.php:117
#3: Bitrix\Main\Engine\Action->runWithSourceParametersList
	/home/bitrix/www/bitrix/modules/main/lib/engine/controller.php:425
#4: Bitrix\Main\Engine\Controller->run
	/home/bitrix/www/bitrix/modules/main/lib/httpapplication.php:140
#5: Bitrix\Main\HttpApplication->runController
	/home/bitrix/www/bitrix/modules/main/include/routing_index.php:135
----------
Host: crm.sodeistvie.su:443
Date: 2024-12-19 14:28:49
Module: queryArray
array (
  'partnerInn' => '7721546864',
  'page' => '451',
  'status' => 'all',
)
#0: KPLab\API\V2\Controller\Partners->getSellersAction
	
#1: ReflectionMethod->invokeArgs
	/home/bitrix/www/bitrix/modules/main/lib/engine/autowire/binder.php:207
#2: Bitrix\Main\Engine\AutoWire\Binder->invoke
	/home/bitrix/www/bitrix/modules/main/lib/engine/action.php:117
#3: Bitrix\Main\Engine\Action->runWithSourceParametersList
	/home/bitrix/www/bitrix/modules/main/lib/engine/controller.php:425
#4: Bitrix\Main\Engine\Controller->run
	/home/bitrix/www/bitrix/modules/main/lib/httpapplication.php:140
#5: Bitrix\Main\HttpApplication->runController
	/home/bitrix/www/bitrix/modules/main/include/routing_index.php:135
----------
Host: crm.sodeistvie.su:443
Date: 2024-12-19 14:28:49
Module: referralId
32813
#0: KPLab\API\V2\Controller\Partners->getSellersAction
	
#1: ReflectionMethod->invokeArgs
	/home/bitrix/www/bitrix/modules/main/lib/engine/autowire/binder.php:207
#2: Bitrix\Main\Engine\AutoWire\Binder->invoke
	/home/bitrix/www/bitrix/modules/main/lib/engine/action.php:117
#3: Bitrix\Main\Engine\Action->runWithSourceParametersList
	/home/bitrix/www/bitrix/modules/main/lib/engine/controller.php:425
#4: Bitrix\Main\Engine\Controller->run
	/home/bitrix/www/bitrix/modules/main/lib/httpapplication.php:140
#5: Bitrix\Main\HttpApplication->runController
	/home/bitrix/www/bitrix/modules/main/include/routing_index.php:135
----------
Host: crm.sodeistvie.su:443
Date: 2024-12-19 14:28:49
Module: referralId
32813
#0: KPLab\API\V2\Controller\Partners->getSellersAction
	
#1: ReflectionMethod->invokeArgs
	/home/bitrix/www/bitrix/modules/main/lib/engine/autowire/binder.php:207
#2: Bitrix\Main\Engine\AutoWire\Binder->invoke
	/home/bitrix/www/bitrix/modules/main/lib/engine/action.php:117
#3: Bitrix\Main\Engine\Action->runWithSourceParametersList
	/home/bitrix/www/bitrix/modules/main/lib/engine/controller.php:425
#4: Bitrix\Main\Engine\Controller->run
	/home/bitrix/www/bitrix/modules/main/lib/httpapplication.php:140
#5: Bitrix\Main\HttpApplication->runController
	/home/bitrix/www/bitrix/modules/main/include/routing_index.php:135
----------
Host: crm.sodeistvie.su:443
Date: 2024-12-19 14:29:10
Module: queryArray
array (
  'partnerInn' => '7721546864',
  'page' => '501',
  'status' => 'all',
)
#0: KPLab\API\V2\Controller\Partners->getSellersAction
	
#1: ReflectionMethod->invokeArgs
	/home/bitrix/www/bitrix/modules/main/lib/engine/autowire/binder.php:207
#2: Bitrix\Main\Engine\AutoWire\Binder->invoke
	/home/bitrix/www/bitrix/modules/main/lib/engine/action.php:117
#3: Bitrix\Main\Engine\Action->runWithSourceParametersList
	/home/bitrix/www/bitrix/modules/main/lib/engine/controller.php:425
#4: Bitrix\Main\Engine\Controller->run
	/home/bitrix/www/bitrix/modules/main/lib/httpapplication.php:140
#5: Bitrix\Main\HttpApplication->runController
	/home/bitrix/www/bitrix/modules/main/include/routing_index.php:135
----------
Host: crm.sodeistvie.su:443
Date: 2024-12-19 14:29:10
Module: referralId
32813
#0: KPLab\API\V2\Controller\Partners->getSellersAction
	
#1: ReflectionMethod->invokeArgs
	/home/bitrix/www/bitrix/modules/main/lib/engine/autowire/binder.php:207
#2: Bitrix\Main\Engine\AutoWire\Binder->invoke
	/home/bitrix/www/bitrix/modules/main/lib/engine/action.php:117
#3: Bitrix\Main\Engine\Action->runWithSourceParametersList
	/home/bitrix/www/bitrix/modules/main/lib/engine/controller.php:425
#4: Bitrix\Main\Engine\Controller->run
	/home/bitrix/www/bitrix/modules/main/lib/httpapplication.php:140
#5: Bitrix\Main\HttpApplication->runController
	/home/bitrix/www/bitrix/modules/main/include/routing_index.php:135
----------
Host: crm.sodeistvie.su:443
Date: 2024-12-19 16:20:11
Module: queryArray
array (
  'partnerInn' => '072602355111',
  'page' => '1',
)
#0: KPLab\API\V2\Controller\Partners->getSellersAction
	
#1: ReflectionMethod->invokeArgs
	/home/bitrix/www/bitrix/modules/main/lib/engine/autowire/binder.php:207
#2: Bitrix\Main\Engine\AutoWire\Binder->invoke
	/home/bitrix/www/bitrix/modules/main/lib/engine/action.php:117
#3: Bitrix\Main\Engine\Action->runWithSourceParametersList
	/home/bitrix/www/bitrix/modules/main/lib/engine/controller.php:425
#4: Bitrix\Main\Engine\Controller->run
	/home/bitrix/www/bitrix/modules/main/lib/httpapplication.php:140
#5: Bitrix\Main\HttpApplication->runController
	/home/bitrix/www/bitrix/modules/main/include/routing_index.php:135
----------
Host: crm.sodeistvie.su:443
Date: 2024-12-19 16:20:11
Module: referralId
39397
#0: KPLab\API\V2\Controller\Partners->getSellersAction
	
#1: ReflectionMethod->invokeArgs
	/home/bitrix/www/bitrix/modules/main/lib/engine/autowire/binder.php:207
#2: Bitrix\Main\Engine\AutoWire\Binder->invoke
	/home/bitrix/www/bitrix/modules/main/lib/engine/action.php:117
#3: Bitrix\Main\Engine\Action->runWithSourceParametersList
	/home/bitrix/www/bitrix/modules/main/lib/engine/controller.php:425
#4: Bitrix\Main\Engine\Controller->run
	/home/bitrix/www/bitrix/modules/main/lib/httpapplication.php:140
#5: Bitrix\Main\HttpApplication->runController
	/home/bitrix/www/bitrix/modules/main/include/routing_index.php:135
----------
Host: crm.sodeistvie.su:443
Date: 2024-12-19 18:21:41
Module: queryArray
array (
  'partnerInn' => '772173434667',
  'page' => '1',
)
#0: KPLab\API\V2\Controller\Partners->getSellersAction
	
#1: ReflectionMethod->invokeArgs
	/home/bitrix/www/bitrix/modules/main/lib/engine/autowire/binder.php:207
#2: Bitrix\Main\Engine\AutoWire\Binder->invoke
	/home/bitrix/www/bitrix/modules/main/lib/engine/action.php:117
#3: Bitrix\Main\Engine\Action->runWithSourceParametersList
	/home/bitrix/www/bitrix/modules/main/lib/engine/controller.php:425
#4: Bitrix\Main\Engine\Controller->run
	/home/bitrix/www/bitrix/modules/main/lib/httpapplication.php:140
#5: Bitrix\Main\HttpApplication->runController
	/home/bitrix/www/bitrix/modules/main/include/routing_index.php:135
----------
Host: crm.sodeistvie.su:443
Date: 2024-12-19 18:21:42
Module: referralId
49950
#0: KPLab\API\V2\Controller\Partners->getSellersAction
	
#1: ReflectionMethod->invokeArgs
	/home/bitrix/www/bitrix/modules/main/lib/engine/autowire/binder.php:207
#2: Bitrix\Main\Engine\AutoWire\Binder->invoke
	/home/bitrix/www/bitrix/modules/main/lib/engine/action.php:117
#3: Bitrix\Main\Engine\Action->runWithSourceParametersList
	/home/bitrix/www/bitrix/modules/main/lib/engine/controller.php:425
#4: Bitrix\Main\Engine\Controller->run
	/home/bitrix/www/bitrix/modules/main/lib/httpapplication.php:140
#5: Bitrix\Main\HttpApplication->runController
	/home/bitrix/www/bitrix/modules/main/include/routing_index.php:135
----------
Host: crm.sodeistvie.su:443
Date: 2024-12-20 10:11:01
Module: queryArray
array (
  'partnerInn' => '753706532878',
  'page' => '1',
)
#0: KPLab\API\V2\Controller\Partners->getSellersAction
	
#1: ReflectionMethod->invokeArgs
	/home/bitrix/www/bitrix/modules/main/lib/engine/autowire/binder.php:207
#2: Bitrix\Main\Engine\AutoWire\Binder->invoke
	/home/bitrix/www/bitrix/modules/main/lib/engine/action.php:117
#3: Bitrix\Main\Engine\Action->runWithSourceParametersList
	/home/bitrix/www/bitrix/modules/main/lib/engine/controller.php:425
#4: Bitrix\Main\Engine\Controller->run
	/home/bitrix/www/bitrix/modules/main/lib/httpapplication.php:140
#5: Bitrix\Main\HttpApplication->runController
	/home/bitrix/www/bitrix/modules/main/include/routing_index.php:135
----------
Host: crm.sodeistvie.su:443
Date: 2024-12-20 10:11:02
Module: referralId
295
#0: KPLab\API\V2\Controller\Partners->getSellersAction
	
#1: ReflectionMethod->invokeArgs
	/home/bitrix/www/bitrix/modules/main/lib/engine/autowire/binder.php:207
#2: Bitrix\Main\Engine\AutoWire\Binder->invoke
	/home/bitrix/www/bitrix/modules/main/lib/engine/action.php:117
#3: Bitrix\Main\Engine\Action->runWithSourceParametersList
	/home/bitrix/www/bitrix/modules/main/lib/engine/controller.php:425
#4: Bitrix\Main\Engine\Controller->run
	/home/bitrix/www/bitrix/modules/main/lib/httpapplication.php:140
#5: Bitrix\Main\HttpApplication->runController
	/home/bitrix/www/bitrix/modules/main/include/routing_index.php:135
----------
Host: crm.sodeistvie.su:443
Date: 2024-12-20 11:37:27
Module: queryArray
array (
  'partnerInn' => '210701686044',
  'page' => '1',
)
#0: KPLab\API\V2\Controller\Partners->getSellersAction
	
#1: ReflectionMethod->invokeArgs
	/home/bitrix/www/bitrix/modules/main/lib/engine/autowire/binder.php:207
#2: Bitrix\Main\Engine\AutoWire\Binder->invoke
	/home/bitrix/www/bitrix/modules/main/lib/engine/action.php:117
#3: Bitrix\Main\Engine\Action->runWithSourceParametersList
	/home/bitrix/www/bitrix/modules/main/lib/engine/controller.php:425
#4: Bitrix\Main\Engine\Controller->run
	/home/bitrix/www/bitrix/modules/main/lib/httpapplication.php:140
#5: Bitrix\Main\HttpApplication->runController
	/home/bitrix/www/bitrix/modules/main/include/routing_index.php:135
----------
Host: crm.sodeistvie.su:443
Date: 2024-12-20 11:37:27
Module: referralId
31175
#0: KPLab\API\V2\Controller\Partners->getSellersAction
	
#1: ReflectionMethod->invokeArgs
	/home/bitrix/www/bitrix/modules/main/lib/engine/autowire/binder.php:207
#2: Bitrix\Main\Engine\AutoWire\Binder->invoke
	/home/bitrix/www/bitrix/modules/main/lib/engine/action.php:117
#3: Bitrix\Main\Engine\Action->runWithSourceParametersList
	/home/bitrix/www/bitrix/modules/main/lib/engine/controller.php:425
#4: Bitrix\Main\Engine\Controller->run
	/home/bitrix/www/bitrix/modules/main/lib/httpapplication.php:140
#5: Bitrix\Main\HttpApplication->runController
	/home/bitrix/www/bitrix/modules/main/include/routing_index.php:135
----------
Host: crm.sodeistvie.su:443
Date: 2024-12-20 11:37:41
Module: queryArray
array (
  'partnerInn' => '210701686044',
  'page' => '51',
  'status' => 'all',
)
#0: KPLab\API\V2\Controller\Partners->getSellersAction
	
#1: ReflectionMethod->invokeArgs
	/home/bitrix/www/bitrix/modules/main/lib/engine/autowire/binder.php:207
#2: Bitrix\Main\Engine\AutoWire\Binder->invoke
	/home/bitrix/www/bitrix/modules/main/lib/engine/action.php:117
#3: Bitrix\Main\Engine\Action->runWithSourceParametersList
	/home/bitrix/www/bitrix/modules/main/lib/engine/controller.php:425
#4: Bitrix\Main\Engine\Controller->run
	/home/bitrix/www/bitrix/modules/main/lib/httpapplication.php:140
#5: Bitrix\Main\HttpApplication->runController
	/home/bitrix/www/bitrix/modules/main/include/routing_index.php:135
----------
Host: crm.sodeistvie.su:443
Date: 2024-12-20 11:37:41
Module: referralId
31175
#0: KPLab\API\V2\Controller\Partners->getSellersAction
	
#1: ReflectionMethod->invokeArgs
	/home/bitrix/www/bitrix/modules/main/lib/engine/autowire/binder.php:207
#2: Bitrix\Main\Engine\AutoWire\Binder->invoke
	/home/bitrix/www/bitrix/modules/main/lib/engine/action.php:117
#3: Bitrix\Main\Engine\Action->runWithSourceParametersList
	/home/bitrix/www/bitrix/modules/main/lib/engine/controller.php:425
#4: Bitrix\Main\Engine\Controller->run
	/home/bitrix/www/bitrix/modules/main/lib/httpapplication.php:140
#5: Bitrix\Main\HttpApplication->runController
	/home/bitrix/www/bitrix/modules/main/include/routing_index.php:135
----------
Host: crm.sodeistvie.su:443
Date: 2024-12-20 12:21:32
Module: queryArray
array (
  'partnerInn' => '344816282576',
  'page' => '1',
)
#0: KPLab\API\V2\Controller\Partners->getSellersAction
	
#1: ReflectionMethod->invokeArgs
	/home/bitrix/www/bitrix/modules/main/lib/engine/autowire/binder.php:207
#2: Bitrix\Main\Engine\AutoWire\Binder->invoke
	/home/bitrix/www/bitrix/modules/main/lib/engine/action.php:117
#3: Bitrix\Main\Engine\Action->runWithSourceParametersList
	/home/bitrix/www/bitrix/modules/main/lib/engine/controller.php:425
#4: Bitrix\Main\Engine\Controller->run
	/home/bitrix/www/bitrix/modules/main/lib/httpapplication.php:140
#5: Bitrix\Main\HttpApplication->runController
	/home/bitrix/www/bitrix/modules/main/include/routing_index.php:135
----------
Host: crm.sodeistvie.su:443
Date: 2024-12-20 12:21:33
Module: referralId
31970
#0: KPLab\API\V2\Controller\Partners->getSellersAction
	
#1: ReflectionMethod->invokeArgs
	/home/bitrix/www/bitrix/modules/main/lib/engine/autowire/binder.php:207
#2: Bitrix\Main\Engine\AutoWire\Binder->invoke
	/home/bitrix/www/bitrix/modules/main/lib/engine/action.php:117
#3: Bitrix\Main\Engine\Action->runWithSourceParametersList
	/home/bitrix/www/bitrix/modules/main/lib/engine/controller.php:425
#4: Bitrix\Main\Engine\Controller->run
	/home/bitrix/www/bitrix/modules/main/lib/httpapplication.php:140
#5: Bitrix\Main\HttpApplication->runController
	/home/bitrix/www/bitrix/modules/main/include/routing_index.php:135
----------
Host: crm.sodeistvie.su:443
Date: 2024-12-20 12:32:42
Module: queryArray
array (
  'partnerInn' => '772173434667',
  'page' => '1',
)
#0: KPLab\API\V2\Controller\Partners->getSellersAction
	
#1: ReflectionMethod->invokeArgs
	/home/bitrix/www/bitrix/modules/main/lib/engine/autowire/binder.php:207
#2: Bitrix\Main\Engine\AutoWire\Binder->invoke
	/home/bitrix/www/bitrix/modules/main/lib/engine/action.php:117
#3: Bitrix\Main\Engine\Action->runWithSourceParametersList
	/home/bitrix/www/bitrix/modules/main/lib/engine/controller.php:425
#4: Bitrix\Main\Engine\Controller->run
	/home/bitrix/www/bitrix/modules/main/lib/httpapplication.php:140
#5: Bitrix\Main\HttpApplication->runController
	/home/bitrix/www/bitrix/modules/main/include/routing_index.php:135
----------
Host: crm.sodeistvie.su:443
Date: 2024-12-20 12:32:43
Module: referralId
49950
#0: KPLab\API\V2\Controller\Partners->getSellersAction
	
#1: ReflectionMethod->invokeArgs
	/home/bitrix/www/bitrix/modules/main/lib/engine/autowire/binder.php:207
#2: Bitrix\Main\Engine\AutoWire\Binder->invoke
	/home/bitrix/www/bitrix/modules/main/lib/engine/action.php:117
#3: Bitrix\Main\Engine\Action->runWithSourceParametersList
	/home/bitrix/www/bitrix/modules/main/lib/engine/controller.php:425
#4: Bitrix\Main\Engine\Controller->run
	/home/bitrix/www/bitrix/modules/main/lib/httpapplication.php:140
#5: Bitrix\Main\HttpApplication->runController
	/home/bitrix/www/bitrix/modules/main/include/routing_index.php:135
----------
Host: crm.sodeistvie.su:443
Date: 2024-12-20 12:32:45
Module: queryArray
array (
  'partnerInn' => '772173434667',
  'page' => '51',
  'status' => 'all',
)
#0: KPLab\API\V2\Controller\Partners->getSellersAction
	
#1: ReflectionMethod->invokeArgs
	/home/bitrix/www/bitrix/modules/main/lib/engine/autowire/binder.php:207
#2: Bitrix\Main\Engine\AutoWire\Binder->invoke
	/home/bitrix/www/bitrix/modules/main/lib/engine/action.php:117
#3: Bitrix\Main\Engine\Action->runWithSourceParametersList
	/home/bitrix/www/bitrix/modules/main/lib/engine/controller.php:425
#4: Bitrix\Main\Engine\Controller->run
	/home/bitrix/www/bitrix/modules/main/lib/httpapplication.php:140
#5: Bitrix\Main\HttpApplication->runController
	/home/bitrix/www/bitrix/modules/main/include/routing_index.php:135
----------
Host: crm.sodeistvie.su:443
Date: 2024-12-20 12:32:46
Module: referralId
49950
#0: KPLab\API\V2\Controller\Partners->getSellersAction
	
#1: ReflectionMethod->invokeArgs
	/home/bitrix/www/bitrix/modules/main/lib/engine/autowire/binder.php:207
#2: Bitrix\Main\Engine\AutoWire\Binder->invoke
	/home/bitrix/www/bitrix/modules/main/lib/engine/action.php:117
#3: Bitrix\Main\Engine\Action->runWithSourceParametersList
	/home/bitrix/www/bitrix/modules/main/lib/engine/controller.php:425
#4: Bitrix\Main\Engine\Controller->run
	/home/bitrix/www/bitrix/modules/main/lib/httpapplication.php:140
#5: Bitrix\Main\HttpApplication->runController
	/home/bitrix/www/bitrix/modules/main/include/routing_index.php:135
----------
Host: crm.sodeistvie.su:443
Date: 2024-12-20 15:12:23
Module: queryArray
array (
  'partnerInn' => '6908014898',
  'page' => '1',
)
#0: KPLab\API\V2\Controller\Partners->getSellersAction
	
#1: ReflectionMethod->invokeArgs
	/home/bitrix/www/bitrix/modules/main/lib/engine/autowire/binder.php:207
#2: Bitrix\Main\Engine\AutoWire\Binder->invoke
	/home/bitrix/www/bitrix/modules/main/lib/engine/action.php:117
#3: Bitrix\Main\Engine\Action->runWithSourceParametersList
	/home/bitrix/www/bitrix/modules/main/lib/engine/controller.php:425
#4: Bitrix\Main\Engine\Controller->run
	/home/bitrix/www/bitrix/modules/main/lib/httpapplication.php:140
#5: Bitrix\Main\HttpApplication->runController
	/home/bitrix/www/bitrix/modules/main/include/routing_index.php:135
----------
Host: crm.sodeistvie.su:443
Date: 2024-12-20 15:12:24
Module: referralId
52162
#0: KPLab\API\V2\Controller\Partners->getSellersAction
	
#1: ReflectionMethod->invokeArgs
	/home/bitrix/www/bitrix/modules/main/lib/engine/autowire/binder.php:207
#2: Bitrix\Main\Engine\AutoWire\Binder->invoke
	/home/bitrix/www/bitrix/modules/main/lib/engine/action.php:117
#3: Bitrix\Main\Engine\Action->runWithSourceParametersList
	/home/bitrix/www/bitrix/modules/main/lib/engine/controller.php:425
#4: Bitrix\Main\Engine\Controller->run
	/home/bitrix/www/bitrix/modules/main/lib/httpapplication.php:140
#5: Bitrix\Main\HttpApplication->runController
	/home/bitrix/www/bitrix/modules/main/include/routing_index.php:135
----------
Host: crm.sodeistvie.su:443
Date: 2024-12-20 15:19:24
Module: queryArray
array (
  'partnerInn' => '6908014898',
  'page' => '1',
)
#0: KPLab\API\V2\Controller\Partners->getSellersAction
	
#1: ReflectionMethod->invokeArgs
	/home/bitrix/www/bitrix/modules/main/lib/engine/autowire/binder.php:207
#2: Bitrix\Main\Engine\AutoWire\Binder->invoke
	/home/bitrix/www/bitrix/modules/main/lib/engine/action.php:117
#3: Bitrix\Main\Engine\Action->runWithSourceParametersList
	/home/bitrix/www/bitrix/modules/main/lib/engine/controller.php:425
#4: Bitrix\Main\Engine\Controller->run
	/home/bitrix/www/bitrix/modules/main/lib/httpapplication.php:140
#5: Bitrix\Main\HttpApplication->runController
	/home/bitrix/www/bitrix/modules/main/include/routing_index.php:135
----------
Host: crm.sodeistvie.su:443
Date: 2024-12-20 15:19:24
Module: referralId
52162
#0: KPLab\API\V2\Controller\Partners->getSellersAction
	
#1: ReflectionMethod->invokeArgs
	/home/bitrix/www/bitrix/modules/main/lib/engine/autowire/binder.php:207
#2: Bitrix\Main\Engine\AutoWire\Binder->invoke
	/home/bitrix/www/bitrix/modules/main/lib/engine/action.php:117
#3: Bitrix\Main\Engine\Action->runWithSourceParametersList
	/home/bitrix/www/bitrix/modules/main/lib/engine/controller.php:425
#4: Bitrix\Main\Engine\Controller->run
	/home/bitrix/www/bitrix/modules/main/lib/httpapplication.php:140
#5: Bitrix\Main\HttpApplication->runController
	/home/bitrix/www/bitrix/modules/main/include/routing_index.php:135
----------
Host: crm.sodeistvie.su:443
Date: 2024-12-20 16:00:17
Module: queryArray
array (
  'partnerInn' => '6908014898',
  'page' => '1',
)
#0: KPLab\API\V2\Controller\Partners->getSellersAction
	
#1: ReflectionMethod->invokeArgs
	/home/bitrix/www/bitrix/modules/main/lib/engine/autowire/binder.php:207
#2: Bitrix\Main\Engine\AutoWire\Binder->invoke
	/home/bitrix/www/bitrix/modules/main/lib/engine/action.php:117
#3: Bitrix\Main\Engine\Action->runWithSourceParametersList
	/home/bitrix/www/bitrix/modules/main/lib/engine/controller.php:425
#4: Bitrix\Main\Engine\Controller->run
	/home/bitrix/www/bitrix/modules/main/lib/httpapplication.php:140
#5: Bitrix\Main\HttpApplication->runController
	/home/bitrix/www/bitrix/modules/main/include/routing_index.php:135
----------
Host: crm.sodeistvie.su:443
Date: 2024-12-20 16:00:18
Module: referralId
52162
#0: KPLab\API\V2\Controller\Partners->getSellersAction
	
#1: ReflectionMethod->invokeArgs
	/home/bitrix/www/bitrix/modules/main/lib/engine/autowire/binder.php:207
#2: Bitrix\Main\Engine\AutoWire\Binder->invoke
	/home/bitrix/www/bitrix/modules/main/lib/engine/action.php:117
#3: Bitrix\Main\Engine\Action->runWithSourceParametersList
	/home/bitrix/www/bitrix/modules/main/lib/engine/controller.php:425
#4: Bitrix\Main\Engine\Controller->run
	/home/bitrix/www/bitrix/modules/main/lib/httpapplication.php:140
#5: Bitrix\Main\HttpApplication->runController
	/home/bitrix/www/bitrix/modules/main/include/routing_index.php:135
----------
Host: crm.sodeistvie.su:443
Date: 2024-12-20 19:01:16
Module: queryArray
array (
  'partnerInn' => '9731038662',
  'page' => '1',
)
#0: KPLab\API\V2\Controller\Partners->getSellersAction
	
#1: ReflectionMethod->invokeArgs
	/home/bitrix/www/bitrix/modules/main/lib/engine/autowire/binder.php:207
#2: Bitrix\Main\Engine\AutoWire\Binder->invoke
	/home/bitrix/www/bitrix/modules/main/lib/engine/action.php:117
#3: Bitrix\Main\Engine\Action->runWithSourceParametersList
	/home/bitrix/www/bitrix/modules/main/lib/engine/controller.php:425
#4: Bitrix\Main\Engine\Controller->run
	/home/bitrix/www/bitrix/modules/main/lib/httpapplication.php:140
#5: Bitrix\Main\HttpApplication->runController
	/home/bitrix/www/bitrix/modules/main/include/routing_index.php:135
----------
Host: crm.sodeistvie.su:443
Date: 2024-12-20 19:01:16
Module: referralId
45271
#0: KPLab\API\V2\Controller\Partners->getSellersAction
	
#1: ReflectionMethod->invokeArgs
	/home/bitrix/www/bitrix/modules/main/lib/engine/autowire/binder.php:207
#2: Bitrix\Main\Engine\AutoWire\Binder->invoke
	/home/bitrix/www/bitrix/modules/main/lib/engine/action.php:117
#3: Bitrix\Main\Engine\Action->runWithSourceParametersList
	/home/bitrix/www/bitrix/modules/main/lib/engine/controller.php:425
#4: Bitrix\Main\Engine\Controller->run
	/home/bitrix/www/bitrix/modules/main/lib/httpapplication.php:140
#5: Bitrix\Main\HttpApplication->runController
	/home/bitrix/www/bitrix/modules/main/include/routing_index.php:135
----------
Host: crm.sodeistvie.su:443
Date: 2024-12-20 19:01:27
Module: queryArray
array (
  'partnerInn' => '9731038662',
  'page' => '1',
  'status' => 'new',
)
#0: KPLab\API\V2\Controller\Partners->getSellersAction
	
#1: ReflectionMethod->invokeArgs
	/home/bitrix/www/bitrix/modules/main/lib/engine/autowire/binder.php:207
#2: Bitrix\Main\Engine\AutoWire\Binder->invoke
	/home/bitrix/www/bitrix/modules/main/lib/engine/action.php:117
#3: Bitrix\Main\Engine\Action->runWithSourceParametersList
	/home/bitrix/www/bitrix/modules/main/lib/engine/controller.php:425
#4: Bitrix\Main\Engine\Controller->run
	/home/bitrix/www/bitrix/modules/main/lib/httpapplication.php:140
#5: Bitrix\Main\HttpApplication->runController
	/home/bitrix/www/bitrix/modules/main/include/routing_index.php:135
----------
Host: crm.sodeistvie.su:443
Date: 2024-12-20 19:01:27
Module: referralId
45271
#0: KPLab\API\V2\Controller\Partners->getSellersAction
	
#1: ReflectionMethod->invokeArgs
	/home/bitrix/www/bitrix/modules/main/lib/engine/autowire/binder.php:207
#2: Bitrix\Main\Engine\AutoWire\Binder->invoke
	/home/bitrix/www/bitrix/modules/main/lib/engine/action.php:117
#3: Bitrix\Main\Engine\Action->runWithSourceParametersList
	/home/bitrix/www/bitrix/modules/main/lib/engine/controller.php:425
#4: Bitrix\Main\Engine\Controller->run
	/home/bitrix/www/bitrix/modules/main/lib/httpapplication.php:140
#5: Bitrix\Main\HttpApplication->runController
	/home/bitrix/www/bitrix/modules/main/include/routing_index.php:135
----------
Host: crm.sodeistvie.su:443
Date: 2024-12-20 19:01:27
Module: arFilter
array (
  '::LOGIC' => 'AND',
  'IBLOCK_ID' => 167,
  '=PROPERTY_REFERRAL_ID' => 45271,
  'PROPERTY_STATUS_VALUE' => 'Новый',
  '>=PROPERTY_DATE_LEAD' => '2000-01-01T00:00:00',
  '<=PROPERTY_DATE_LEAD' => '2024-12-20T23:59:59',
)
#0: KPLab\API\V2\Controller\Partners->getSellersAction
	
#1: ReflectionMethod->invokeArgs
	/home/bitrix/www/bitrix/modules/main/lib/engine/autowire/binder.php:207
#2: Bitrix\Main\Engine\AutoWire\Binder->invoke
	/home/bitrix/www/bitrix/modules/main/lib/engine/action.php:117
#3: Bitrix\Main\Engine\Action->runWithSourceParametersList
	/home/bitrix/www/bitrix/modules/main/lib/engine/controller.php:425
#4: Bitrix\Main\Engine\Controller->run
	/home/bitrix/www/bitrix/modules/main/lib/httpapplication.php:140
#5: Bitrix\Main\HttpApplication->runController
	/home/bitrix/www/bitrix/modules/main/include/routing_index.php:135
----------
Host: crm.sodeistvie.su:443
Date: 2024-12-20 19:01:27
Module: queryArray
array (
  'partnerInn' => '9731038662',
  'page' => '51',
  'status' => 'new',
)
#0: KPLab\API\V2\Controller\Partners->getSellersAction
	
#1: ReflectionMethod->invokeArgs
	/home/bitrix/www/bitrix/modules/main/lib/engine/autowire/binder.php:207
#2: Bitrix\Main\Engine\AutoWire\Binder->invoke
	/home/bitrix/www/bitrix/modules/main/lib/engine/action.php:117
#3: Bitrix\Main\Engine\Action->runWithSourceParametersList
	/home/bitrix/www/bitrix/modules/main/lib/engine/controller.php:425
#4: Bitrix\Main\Engine\Controller->run
	/home/bitrix/www/bitrix/modules/main/lib/httpapplication.php:140
#5: Bitrix\Main\HttpApplication->runController
	/home/bitrix/www/bitrix/modules/main/include/routing_index.php:135
----------
Host: crm.sodeistvie.su:443
Date: 2024-12-20 19:01:28
Module: referralId
45271
#0: KPLab\API\V2\Controller\Partners->getSellersAction
	
#1: ReflectionMethod->invokeArgs
	/home/bitrix/www/bitrix/modules/main/lib/engine/autowire/binder.php:207
#2: Bitrix\Main\Engine\AutoWire\Binder->invoke
	/home/bitrix/www/bitrix/modules/main/lib/engine/action.php:117
#3: Bitrix\Main\Engine\Action->runWithSourceParametersList
	/home/bitrix/www/bitrix/modules/main/lib/engine/controller.php:425
#4: Bitrix\Main\Engine\Controller->run
	/home/bitrix/www/bitrix/modules/main/lib/httpapplication.php:140
#5: Bitrix\Main\HttpApplication->runController
	/home/bitrix/www/bitrix/modules/main/include/routing_index.php:135
----------
Host: crm.sodeistvie.su:443
Date: 2024-12-20 19:01:28
Module: arFilter
array (
  '::LOGIC' => 'AND',
  'IBLOCK_ID' => 167,
  '=PROPERTY_REFERRAL_ID' => 45271,
  'PROPERTY_STATUS_VALUE' => 'Новый',
  '>=PROPERTY_DATE_LEAD' => '2000-01-01T00:00:00',
  '<=PROPERTY_DATE_LEAD' => '2024-12-20T23:59:59',
)
#0: KPLab\API\V2\Controller\Partners->getSellersAction
	
#1: ReflectionMethod->invokeArgs
	/home/bitrix/www/bitrix/modules/main/lib/engine/autowire/binder.php:207
#2: Bitrix\Main\Engine\AutoWire\Binder->invoke
	/home/bitrix/www/bitrix/modules/main/lib/engine/action.php:117
#3: Bitrix\Main\Engine\Action->runWithSourceParametersList
	/home/bitrix/www/bitrix/modules/main/lib/engine/controller.php:425
#4: Bitrix\Main\Engine\Controller->run
	/home/bitrix/www/bitrix/modules/main/lib/httpapplication.php:140
#5: Bitrix\Main\HttpApplication->runController
	/home/bitrix/www/bitrix/modules/main/include/routing_index.php:135
----------
Host: crm.sodeistvie.su:443
Date: 2024-12-20 19:01:41
Module: queryArray
array (
  'partnerInn' => '9731038662',
  'page' => '1',
)
#0: KPLab\API\V2\Controller\Partners->getSellersAction
	
#1: ReflectionMethod->invokeArgs
	/home/bitrix/www/bitrix/modules/main/lib/engine/autowire/binder.php:207
#2: Bitrix\Main\Engine\AutoWire\Binder->invoke
	/home/bitrix/www/bitrix/modules/main/lib/engine/action.php:117
#3: Bitrix\Main\Engine\Action->runWithSourceParametersList
	/home/bitrix/www/bitrix/modules/main/lib/engine/controller.php:425
#4: Bitrix\Main\Engine\Controller->run
	/home/bitrix/www/bitrix/modules/main/lib/httpapplication.php:140
#5: Bitrix\Main\HttpApplication->runController
	/home/bitrix/www/bitrix/modules/main/include/routing_index.php:135
----------
Host: crm.sodeistvie.su:443
Date: 2024-12-20 19:01:42
Module: referralId
45271
#0: KPLab\API\V2\Controller\Partners->getSellersAction
	
#1: ReflectionMethod->invokeArgs
	/home/bitrix/www/bitrix/modules/main/lib/engine/autowire/binder.php:207
#2: Bitrix\Main\Engine\AutoWire\Binder->invoke
	/home/bitrix/www/bitrix/modules/main/lib/engine/action.php:117
#3: Bitrix\Main\Engine\Action->runWithSourceParametersList
	/home/bitrix/www/bitrix/modules/main/lib/engine/controller.php:425
#4: Bitrix\Main\Engine\Controller->run
	/home/bitrix/www/bitrix/modules/main/lib/httpapplication.php:140
#5: Bitrix\Main\HttpApplication->runController
	/home/bitrix/www/bitrix/modules/main/include/routing_index.php:135
----------
Host: crm.sodeistvie.su:443
Date: 2024-12-20 19:01:46
Module: queryArray
array (
  'partnerInn' => '9731038662',
  'page' => '51',
  'status' => 'all',
)
#0: KPLab\API\V2\Controller\Partners->getSellersAction
	
#1: ReflectionMethod->invokeArgs
	/home/bitrix/www/bitrix/modules/main/lib/engine/autowire/binder.php:207
#2: Bitrix\Main\Engine\AutoWire\Binder->invoke
	/home/bitrix/www/bitrix/modules/main/lib/engine/action.php:117
#3: Bitrix\Main\Engine\Action->runWithSourceParametersList
	/home/bitrix/www/bitrix/modules/main/lib/engine/controller.php:425
#4: Bitrix\Main\Engine\Controller->run
	/home/bitrix/www/bitrix/modules/main/lib/httpapplication.php:140
#5: Bitrix\Main\HttpApplication->runController
	/home/bitrix/www/bitrix/modules/main/include/routing_index.php:135
----------
Host: crm.sodeistvie.su:443
Date: 2024-12-20 19:01:47
Module: referralId
45271
#0: KPLab\API\V2\Controller\Partners->getSellersAction
	
#1: ReflectionMethod->invokeArgs
	/home/bitrix/www/bitrix/modules/main/lib/engine/autowire/binder.php:207
#2: Bitrix\Main\Engine\AutoWire\Binder->invoke
	/home/bitrix/www/bitrix/modules/main/lib/engine/action.php:117
#3: Bitrix\Main\Engine\Action->runWithSourceParametersList
	/home/bitrix/www/bitrix/modules/main/lib/engine/controller.php:425
#4: Bitrix\Main\Engine\Controller->run
	/home/bitrix/www/bitrix/modules/main/lib/httpapplication.php:140
#5: Bitrix\Main\HttpApplication->runController
	/home/bitrix/www/bitrix/modules/main/include/routing_index.php:135
----------
Host: crm.sodeistvie.su:443
Date: 2024-12-20 19:02:56
Module: queryArray
array (
  'partnerInn' => '9731038662',
  'page' => '1',
)
#0: KPLab\API\V2\Controller\Partners->getSellersAction
	
#1: ReflectionMethod->invokeArgs
	/home/bitrix/www/bitrix/modules/main/lib/engine/autowire/binder.php:207
#2: Bitrix\Main\Engine\AutoWire\Binder->invoke
	/home/bitrix/www/bitrix/modules/main/lib/engine/action.php:117
#3: Bitrix\Main\Engine\Action->runWithSourceParametersList
	/home/bitrix/www/bitrix/modules/main/lib/engine/controller.php:425
#4: Bitrix\Main\Engine\Controller->run
	/home/bitrix/www/bitrix/modules/main/lib/httpapplication.php:140
#5: Bitrix\Main\HttpApplication->runController
	/home/bitrix/www/bitrix/modules/main/include/routing_index.php:135
----------
Host: crm.sodeistvie.su:443
Date: 2024-12-20 19:02:56
Module: referralId
45271
#0: KPLab\API\V2\Controller\Partners->getSellersAction
	
#1: ReflectionMethod->invokeArgs
	/home/bitrix/www/bitrix/modules/main/lib/engine/autowire/binder.php:207
#2: Bitrix\Main\Engine\AutoWire\Binder->invoke
	/home/bitrix/www/bitrix/modules/main/lib/engine/action.php:117
#3: Bitrix\Main\Engine\Action->runWithSourceParametersList
	/home/bitrix/www/bitrix/modules/main/lib/engine/controller.php:425
#4: Bitrix\Main\Engine\Controller->run
	/home/bitrix/www/bitrix/modules/main/lib/httpapplication.php:140
#5: Bitrix\Main\HttpApplication->runController
	/home/bitrix/www/bitrix/modules/main/include/routing_index.php:135
----------
Host: crm.sodeistvie.su:443
Date: 2024-12-20 19:02:59
Module: queryArray
array (
  'partnerInn' => '9731038662',
  'page' => '51',
  'status' => 'all',
)
#0: KPLab\API\V2\Controller\Partners->getSellersAction
	
#1: ReflectionMethod->invokeArgs
	/home/bitrix/www/bitrix/modules/main/lib/engine/autowire/binder.php:207
#2: Bitrix\Main\Engine\AutoWire\Binder->invoke
	/home/bitrix/www/bitrix/modules/main/lib/engine/action.php:117
#3: Bitrix\Main\Engine\Action->runWithSourceParametersList
	/home/bitrix/www/bitrix/modules/main/lib/engine/controller.php:425
#4: Bitrix\Main\Engine\Controller->run
	/home/bitrix/www/bitrix/modules/main/lib/httpapplication.php:140
#5: Bitrix\Main\HttpApplication->runController
	/home/bitrix/www/bitrix/modules/main/include/routing_index.php:135
----------
Host: crm.sodeistvie.su:443
Date: 2024-12-20 19:03:00
Module: referralId
45271
#0: KPLab\API\V2\Controller\Partners->getSellersAction
	
#1: ReflectionMethod->invokeArgs
	/home/bitrix/www/bitrix/modules/main/lib/engine/autowire/binder.php:207
#2: Bitrix\Main\Engine\AutoWire\Binder->invoke
	/home/bitrix/www/bitrix/modules/main/lib/engine/action.php:117
#3: Bitrix\Main\Engine\Action->runWithSourceParametersList
	/home/bitrix/www/bitrix/modules/main/lib/engine/controller.php:425
#4: Bitrix\Main\Engine\Controller->run
	/home/bitrix/www/bitrix/modules/main/lib/httpapplication.php:140
#5: Bitrix\Main\HttpApplication->runController
	/home/bitrix/www/bitrix/modules/main/include/routing_index.php:135
----------
Host: crm.sodeistvie.su:443
Date: 2024-12-20 19:03:54
Module: queryArray
array (
  'partnerInn' => '9731038662',
  'page' => '1',
)
#0: KPLab\API\V2\Controller\Partners->getSellersAction
	
#1: ReflectionMethod->invokeArgs
	/home/bitrix/www/bitrix/modules/main/lib/engine/autowire/binder.php:207
#2: Bitrix\Main\Engine\AutoWire\Binder->invoke
	/home/bitrix/www/bitrix/modules/main/lib/engine/action.php:117
#3: Bitrix\Main\Engine\Action->runWithSourceParametersList
	/home/bitrix/www/bitrix/modules/main/lib/engine/controller.php:425
#4: Bitrix\Main\Engine\Controller->run
	/home/bitrix/www/bitrix/modules/main/lib/httpapplication.php:140
#5: Bitrix\Main\HttpApplication->runController
	/home/bitrix/www/bitrix/modules/main/include/routing_index.php:135
----------
Host: crm.sodeistvie.su:443
Date: 2024-12-20 19:03:55
Module: referralId
45271
#0: KPLab\API\V2\Controller\Partners->getSellersAction
	
#1: ReflectionMethod->invokeArgs
	/home/bitrix/www/bitrix/modules/main/lib/engine/autowire/binder.php:207
#2: Bitrix\Main\Engine\AutoWire\Binder->invoke
	/home/bitrix/www/bitrix/modules/main/lib/engine/action.php:117
#3: Bitrix\Main\Engine\Action->runWithSourceParametersList
	/home/bitrix/www/bitrix/modules/main/lib/engine/controller.php:425
#4: Bitrix\Main\Engine\Controller->run
	/home/bitrix/www/bitrix/modules/main/lib/httpapplication.php:140
#5: Bitrix\Main\HttpApplication->runController
	/home/bitrix/www/bitrix/modules/main/include/routing_index.php:135
----------
Host: crm.sodeistvie.su:443
Date: 2024-12-20 19:03:57
Module: queryArray
array (
  'partnerInn' => '9731038662',
  'page' => '51',
  'status' => 'all',
)
#0: KPLab\API\V2\Controller\Partners->getSellersAction
	
#1: ReflectionMethod->invokeArgs
	/home/bitrix/www/bitrix/modules/main/lib/engine/autowire/binder.php:207
#2: Bitrix\Main\Engine\AutoWire\Binder->invoke
	/home/bitrix/www/bitrix/modules/main/lib/engine/action.php:117
#3: Bitrix\Main\Engine\Action->runWithSourceParametersList
	/home/bitrix/www/bitrix/modules/main/lib/engine/controller.php:425
#4: Bitrix\Main\Engine\Controller->run
	/home/bitrix/www/bitrix/modules/main/lib/httpapplication.php:140
#5: Bitrix\Main\HttpApplication->runController
	/home/bitrix/www/bitrix/modules/main/include/routing_index.php:135
----------
Host: crm.sodeistvie.su:443
Date: 2024-12-20 19:03:58
Module: referralId
45271
#0: KPLab\API\V2\Controller\Partners->getSellersAction
	
#1: ReflectionMethod->invokeArgs
	/home/bitrix/www/bitrix/modules/main/lib/engine/autowire/binder.php:207
#2: Bitrix\Main\Engine\AutoWire\Binder->invoke
	/home/bitrix/www/bitrix/modules/main/lib/engine/action.php:117
#3: Bitrix\Main\Engine\Action->runWithSourceParametersList
	/home/bitrix/www/bitrix/modules/main/lib/engine/controller.php:425
#4: Bitrix\Main\Engine\Controller->run
	/home/bitrix/www/bitrix/modules/main/lib/httpapplication.php:140
#5: Bitrix\Main\HttpApplication->runController
	/home/bitrix/www/bitrix/modules/main/include/routing_index.php:135
----------
Host: crm.sodeistvie.su:443
Date: 2024-12-21 13:58:29
Module: queryArray
array (
  'partnerInn' => '772173434667',
  'page' => '1',
)
#0: KPLab\API\V2\Controller\Partners->getSellersAction
	
#1: ReflectionMethod->invokeArgs
	/home/bitrix/www/bitrix/modules/main/lib/engine/autowire/binder.php:207
#2: Bitrix\Main\Engine\AutoWire\Binder->invoke
	/home/bitrix/www/bitrix/modules/main/lib/engine/action.php:117
#3: Bitrix\Main\Engine\Action->runWithSourceParametersList
	/home/bitrix/www/bitrix/modules/main/lib/engine/controller.php:425
#4: Bitrix\Main\Engine\Controller->run
	/home/bitrix/www/bitrix/modules/main/lib/httpapplication.php:140
#5: Bitrix\Main\HttpApplication->runController
	/home/bitrix/www/bitrix/modules/main/include/routing_index.php:135
----------
Host: crm.sodeistvie.su:443
Date: 2024-12-21 13:58:30
Module: referralId
49950
#0: KPLab\API\V2\Controller\Partners->getSellersAction
	
#1: ReflectionMethod->invokeArgs
	/home/bitrix/www/bitrix/modules/main/lib/engine/autowire/binder.php:207
#2: Bitrix\Main\Engine\AutoWire\Binder->invoke
	/home/bitrix/www/bitrix/modules/main/lib/engine/action.php:117
#3: Bitrix\Main\Engine\Action->runWithSourceParametersList
	/home/bitrix/www/bitrix/modules/main/lib/engine/controller.php:425
#4: Bitrix\Main\Engine\Controller->run
	/home/bitrix/www/bitrix/modules/main/lib/httpapplication.php:140
#5: Bitrix\Main\HttpApplication->runController
	/home/bitrix/www/bitrix/modules/main/include/routing_index.php:135
----------
Host: crm.sodeistvie.su:443
Date: 2024-12-21 13:58:33
Module: queryArray
array (
  'partnerInn' => '772173434667',
  'page' => '51',
  'status' => 'all',
)
#0: KPLab\API\V2\Controller\Partners->getSellersAction
	
#1: ReflectionMethod->invokeArgs
	/home/bitrix/www/bitrix/modules/main/lib/engine/autowire/binder.php:207
#2: Bitrix\Main\Engine\AutoWire\Binder->invoke
	/home/bitrix/www/bitrix/modules/main/lib/engine/action.php:117
#3: Bitrix\Main\Engine\Action->runWithSourceParametersList
	/home/bitrix/www/bitrix/modules/main/lib/engine/controller.php:425
#4: Bitrix\Main\Engine\Controller->run
	/home/bitrix/www/bitrix/modules/main/lib/httpapplication.php:140
#5: Bitrix\Main\HttpApplication->runController
	/home/bitrix/www/bitrix/modules/main/include/routing_index.php:135
----------
Host: crm.sodeistvie.su:443
Date: 2024-12-21 13:58:34
Module: referralId
49950
#0: KPLab\API\V2\Controller\Partners->getSellersAction
	
#1: ReflectionMethod->invokeArgs
	/home/bitrix/www/bitrix/modules/main/lib/engine/autowire/binder.php:207
#2: Bitrix\Main\Engine\AutoWire\Binder->invoke
	/home/bitrix/www/bitrix/modules/main/lib/engine/action.php:117
#3: Bitrix\Main\Engine\Action->runWithSourceParametersList
	/home/bitrix/www/bitrix/modules/main/lib/engine/controller.php:425
#4: Bitrix\Main\Engine\Controller->run
	/home/bitrix/www/bitrix/modules/main/lib/httpapplication.php:140
#5: Bitrix\Main\HttpApplication->runController
	/home/bitrix/www/bitrix/modules/main/include/routing_index.php:135
----------
Host: crm.sodeistvie.su:443
Date: 2024-12-21 14:29:55
Module: queryArray
array (
  'partnerInn' => '6908014898',
  'page' => '1',
)
#0: KPLab\API\V2\Controller\Partners->getSellersAction
	
#1: ReflectionMethod->invokeArgs
	/home/bitrix/www/bitrix/modules/main/lib/engine/autowire/binder.php:207
#2: Bitrix\Main\Engine\AutoWire\Binder->invoke
	/home/bitrix/www/bitrix/modules/main/lib/engine/action.php:117
#3: Bitrix\Main\Engine\Action->runWithSourceParametersList
	/home/bitrix/www/bitrix/modules/main/lib/engine/controller.php:425
#4: Bitrix\Main\Engine\Controller->run
	/home/bitrix/www/bitrix/modules/main/lib/httpapplication.php:140
#5: Bitrix\Main\HttpApplication->runController
	/home/bitrix/www/bitrix/modules/main/include/routing_index.php:135
----------
Host: crm.sodeistvie.su:443
Date: 2024-12-21 14:29:56
Module: referralId
52162
#0: KPLab\API\V2\Controller\Partners->getSellersAction
	
#1: ReflectionMethod->invokeArgs
	/home/bitrix/www/bitrix/modules/main/lib/engine/autowire/binder.php:207
#2: Bitrix\Main\Engine\AutoWire\Binder->invoke
	/home/bitrix/www/bitrix/modules/main/lib/engine/action.php:117
#3: Bitrix\Main\Engine\Action->runWithSourceParametersList
	/home/bitrix/www/bitrix/modules/main/lib/engine/controller.php:425
#4: Bitrix\Main\Engine\Controller->run
	/home/bitrix/www/bitrix/modules/main/lib/httpapplication.php:140
#5: Bitrix\Main\HttpApplication->runController
	/home/bitrix/www/bitrix/modules/main/include/routing_index.php:135
----------
Host: crm.sodeistvie.su:443
Date: 2024-12-21 14:39:42
Module: queryArray
array (
  'partnerInn' => '6908014898',
  'page' => '1',
)
#0: KPLab\API\V2\Controller\Partners->getSellersAction
	
#1: ReflectionMethod->invokeArgs
	/home/bitrix/www/bitrix/modules/main/lib/engine/autowire/binder.php:207
#2: Bitrix\Main\Engine\AutoWire\Binder->invoke
	/home/bitrix/www/bitrix/modules/main/lib/engine/action.php:117
#3: Bitrix\Main\Engine\Action->runWithSourceParametersList
	/home/bitrix/www/bitrix/modules/main/lib/engine/controller.php:425
#4: Bitrix\Main\Engine\Controller->run
	/home/bitrix/www/bitrix/modules/main/lib/httpapplication.php:140
#5: Bitrix\Main\HttpApplication->runController
	/home/bitrix/www/bitrix/modules/main/include/routing_index.php:135
----------
Host: crm.sodeistvie.su:443
Date: 2024-12-21 14:39:42
Module: referralId
52162
#0: KPLab\API\V2\Controller\Partners->getSellersAction
	
#1: ReflectionMethod->invokeArgs
	/home/bitrix/www/bitrix/modules/main/lib/engine/autowire/binder.php:207
#2: Bitrix\Main\Engine\AutoWire\Binder->invoke
	/home/bitrix/www/bitrix/modules/main/lib/engine/action.php:117
#3: Bitrix\Main\Engine\Action->runWithSourceParametersList
	/home/bitrix/www/bitrix/modules/main/lib/engine/controller.php:425
#4: Bitrix\Main\Engine\Controller->run
	/home/bitrix/www/bitrix/modules/main/lib/httpapplication.php:140
#5: Bitrix\Main\HttpApplication->runController
	/home/bitrix/www/bitrix/modules/main/include/routing_index.php:135
----------
Host: crm.sodeistvie.su:443
Date: 2024-12-21 14:40:18
Module: queryArray
array (
  'partnerInn' => '6908014898',
  'page' => '1',
)
#0: KPLab\API\V2\Controller\Partners->getSellersAction
	
#1: ReflectionMethod->invokeArgs
	/home/bitrix/www/bitrix/modules/main/lib/engine/autowire/binder.php:207
#2: Bitrix\Main\Engine\AutoWire\Binder->invoke
	/home/bitrix/www/bitrix/modules/main/lib/engine/action.php:117
#3: Bitrix\Main\Engine\Action->runWithSourceParametersList
	/home/bitrix/www/bitrix/modules/main/lib/engine/controller.php:425
#4: Bitrix\Main\Engine\Controller->run
	/home/bitrix/www/bitrix/modules/main/lib/httpapplication.php:140
#5: Bitrix\Main\HttpApplication->runController
	/home/bitrix/www/bitrix/modules/main/include/routing_index.php:135
----------
Host: crm.sodeistvie.su:443
Date: 2024-12-21 14:40:19
Module: referralId
52162
#0: KPLab\API\V2\Controller\Partners->getSellersAction
	
#1: ReflectionMethod->invokeArgs
	/home/bitrix/www/bitrix/modules/main/lib/engine/autowire/binder.php:207
#2: Bitrix\Main\Engine\AutoWire\Binder->invoke
	/home/bitrix/www/bitrix/modules/main/lib/engine/action.php:117
#3: Bitrix\Main\Engine\Action->runWithSourceParametersList
	/home/bitrix/www/bitrix/modules/main/lib/engine/controller.php:425
#4: Bitrix\Main\Engine\Controller->run
	/home/bitrix/www/bitrix/modules/main/lib/httpapplication.php:140
#5: Bitrix\Main\HttpApplication->runController
	/home/bitrix/www/bitrix/modules/main/include/routing_index.php:135
----------
Host: crm.sodeistvie.su:443
Date: 2024-12-21 14:41:56
Module: queryArray
array (
  'partnerInn' => '6908014898',
  'page' => '1',
)
#0: KPLab\API\V2\Controller\Partners->getSellersAction
	
#1: ReflectionMethod->invokeArgs
	/home/bitrix/www/bitrix/modules/main/lib/engine/autowire/binder.php:207
#2: Bitrix\Main\Engine\AutoWire\Binder->invoke
	/home/bitrix/www/bitrix/modules/main/lib/engine/action.php:117
#3: Bitrix\Main\Engine\Action->runWithSourceParametersList
	/home/bitrix/www/bitrix/modules/main/lib/engine/controller.php:425
#4: Bitrix\Main\Engine\Controller->run
	/home/bitrix/www/bitrix/modules/main/lib/httpapplication.php:140
#5: Bitrix\Main\HttpApplication->runController
	/home/bitrix/www/bitrix/modules/main/include/routing_index.php:135
----------
Host: crm.sodeistvie.su:443
Date: 2024-12-21 14:41:56
Module: referralId
52162
#0: KPLab\API\V2\Controller\Partners->getSellersAction
	
#1: ReflectionMethod->invokeArgs
	/home/bitrix/www/bitrix/modules/main/lib/engine/autowire/binder.php:207
#2: Bitrix\Main\Engine\AutoWire\Binder->invoke
	/home/bitrix/www/bitrix/modules/main/lib/engine/action.php:117
#3: Bitrix\Main\Engine\Action->runWithSourceParametersList
	/home/bitrix/www/bitrix/modules/main/lib/engine/controller.php:425
#4: Bitrix\Main\Engine\Controller->run
	/home/bitrix/www/bitrix/modules/main/lib/httpapplication.php:140
#5: Bitrix\Main\HttpApplication->runController
	/home/bitrix/www/bitrix/modules/main/include/routing_index.php:135
----------
Host: crm.sodeistvie.su:443
Date: 2024-12-21 14:42:00
Module: queryArray
array (
  'partnerInn' => '6908014898',
  'page' => '1',
)
#0: KPLab\API\V2\Controller\Partners->getSellersAction
	
#1: ReflectionMethod->invokeArgs
	/home/bitrix/www/bitrix/modules/main/lib/engine/autowire/binder.php:207
#2: Bitrix\Main\Engine\AutoWire\Binder->invoke
	/home/bitrix/www/bitrix/modules/main/lib/engine/action.php:117
#3: Bitrix\Main\Engine\Action->runWithSourceParametersList
	/home/bitrix/www/bitrix/modules/main/lib/engine/controller.php:425
#4: Bitrix\Main\Engine\Controller->run
	/home/bitrix/www/bitrix/modules/main/lib/httpapplication.php:140
#5: Bitrix\Main\HttpApplication->runController
	/home/bitrix/www/bitrix/modules/main/include/routing_index.php:135
----------
Host: crm.sodeistvie.su:443
Date: 2024-12-21 14:42:01
Module: referralId
52162
#0: KPLab\API\V2\Controller\Partners->getSellersAction
	
#1: ReflectionMethod->invokeArgs
	/home/bitrix/www/bitrix/modules/main/lib/engine/autowire/binder.php:207
#2: Bitrix\Main\Engine\AutoWire\Binder->invoke
	/home/bitrix/www/bitrix/modules/main/lib/engine/action.php:117
#3: Bitrix\Main\Engine\Action->runWithSourceParametersList
	/home/bitrix/www/bitrix/modules/main/lib/engine/controller.php:425
#4: Bitrix\Main\Engine\Controller->run
	/home/bitrix/www/bitrix/modules/main/lib/httpapplication.php:140
#5: Bitrix\Main\HttpApplication->runController
	/home/bitrix/www/bitrix/modules/main/include/routing_index.php:135
----------
Host: crm.sodeistvie.su:443
Date: 2024-12-21 14:42:28
Module: queryArray
array (
  'partnerInn' => '6908014898',
  'page' => '1',
)
#0: KPLab\API\V2\Controller\Partners->getSellersAction
	
#1: ReflectionMethod->invokeArgs
	/home/bitrix/www/bitrix/modules/main/lib/engine/autowire/binder.php:207
#2: Bitrix\Main\Engine\AutoWire\Binder->invoke
	/home/bitrix/www/bitrix/modules/main/lib/engine/action.php:117
#3: Bitrix\Main\Engine\Action->runWithSourceParametersList
	/home/bitrix/www/bitrix/modules/main/lib/engine/controller.php:425
#4: Bitrix\Main\Engine\Controller->run
	/home/bitrix/www/bitrix/modules/main/lib/httpapplication.php:140
#5: Bitrix\Main\HttpApplication->runController
	/home/bitrix/www/bitrix/modules/main/include/routing_index.php:135
----------
Host: crm.sodeistvie.su:443
Date: 2024-12-21 14:42:28
Module: referralId
52162
#0: KPLab\API\V2\Controller\Partners->getSellersAction
	
#1: ReflectionMethod->invokeArgs
	/home/bitrix/www/bitrix/modules/main/lib/engine/autowire/binder.php:207
#2: Bitrix\Main\Engine\AutoWire\Binder->invoke
	/home/bitrix/www/bitrix/modules/main/lib/engine/action.php:117
#3: Bitrix\Main\Engine\Action->runWithSourceParametersList
	/home/bitrix/www/bitrix/modules/main/lib/engine/controller.php:425
#4: Bitrix\Main\Engine\Controller->run
	/home/bitrix/www/bitrix/modules/main/lib/httpapplication.php:140
#5: Bitrix\Main\HttpApplication->runController
	/home/bitrix/www/bitrix/modules/main/include/routing_index.php:135
----------
Host: crm.sodeistvie.su:443
Date: 2024-12-21 19:50:05
Module: queryArray
array (
  'partnerInn' => '772173434667',
  'page' => '1',
)
#0: KPLab\API\V2\Controller\Partners->getSellersAction
	
#1: ReflectionMethod->invokeArgs
	/home/bitrix/www/bitrix/modules/main/lib/engine/autowire/binder.php:207
#2: Bitrix\Main\Engine\AutoWire\Binder->invoke
	/home/bitrix/www/bitrix/modules/main/lib/engine/action.php:117
#3: Bitrix\Main\Engine\Action->runWithSourceParametersList
	/home/bitrix/www/bitrix/modules/main/lib/engine/controller.php:425
#4: Bitrix\Main\Engine\Controller->run
	/home/bitrix/www/bitrix/modules/main/lib/httpapplication.php:140
#5: Bitrix\Main\HttpApplication->runController
	/home/bitrix/www/bitrix/modules/main/include/routing_index.php:135
----------
Host: crm.sodeistvie.su:443
Date: 2024-12-21 19:50:06
Module: referralId
49950
#0: KPLab\API\V2\Controller\Partners->getSellersAction
	
#1: ReflectionMethod->invokeArgs
	/home/bitrix/www/bitrix/modules/main/lib/engine/autowire/binder.php:207
#2: Bitrix\Main\Engine\AutoWire\Binder->invoke
	/home/bitrix/www/bitrix/modules/main/lib/engine/action.php:117
#3: Bitrix\Main\Engine\Action->runWithSourceParametersList
	/home/bitrix/www/bitrix/modules/main/lib/engine/controller.php:425
#4: Bitrix\Main\Engine\Controller->run
	/home/bitrix/www/bitrix/modules/main/lib/httpapplication.php:140
#5: Bitrix\Main\HttpApplication->runController
	/home/bitrix/www/bitrix/modules/main/include/routing_index.php:135
----------
Host: crm.sodeistvie.su:443
Date: 2024-12-21 19:50:08
Module: queryArray
array (
  'partnerInn' => '772173434667',
  'page' => '51',
  'status' => 'all',
)
#0: KPLab\API\V2\Controller\Partners->getSellersAction
	
#1: ReflectionMethod->invokeArgs
	/home/bitrix/www/bitrix/modules/main/lib/engine/autowire/binder.php:207
#2: Bitrix\Main\Engine\AutoWire\Binder->invoke
	/home/bitrix/www/bitrix/modules/main/lib/engine/action.php:117
#3: Bitrix\Main\Engine\Action->runWithSourceParametersList
	/home/bitrix/www/bitrix/modules/main/lib/engine/controller.php:425
#4: Bitrix\Main\Engine\Controller->run
	/home/bitrix/www/bitrix/modules/main/lib/httpapplication.php:140
#5: Bitrix\Main\HttpApplication->runController
	/home/bitrix/www/bitrix/modules/main/include/routing_index.php:135
----------
Host: crm.sodeistvie.su:443
Date: 2024-12-21 19:50:08
Module: referralId
49950
#0: KPLab\API\V2\Controller\Partners->getSellersAction
	
#1: ReflectionMethod->invokeArgs
	/home/bitrix/www/bitrix/modules/main/lib/engine/autowire/binder.php:207
#2: Bitrix\Main\Engine\AutoWire\Binder->invoke
	/home/bitrix/www/bitrix/modules/main/lib/engine/action.php:117
#3: Bitrix\Main\Engine\Action->runWithSourceParametersList
	/home/bitrix/www/bitrix/modules/main/lib/engine/controller.php:425
#4: Bitrix\Main\Engine\Controller->run
	/home/bitrix/www/bitrix/modules/main/lib/httpapplication.php:140
#5: Bitrix\Main\HttpApplication->runController
	/home/bitrix/www/bitrix/modules/main/include/routing_index.php:135
----------
Host: crm.sodeistvie.su:443
Date: 2024-12-22 02:06:15
Module: queryArray
array (
  'partnerInn' => '772173434667',
  'page' => '1',
)
#0: KPLab\API\V2\Controller\Partners->getSellersAction
	
#1: ReflectionMethod->invokeArgs
	/home/bitrix/www/bitrix/modules/main/lib/engine/autowire/binder.php:207
#2: Bitrix\Main\Engine\AutoWire\Binder->invoke
	/home/bitrix/www/bitrix/modules/main/lib/engine/action.php:117
#3: Bitrix\Main\Engine\Action->runWithSourceParametersList
	/home/bitrix/www/bitrix/modules/main/lib/engine/controller.php:425
#4: Bitrix\Main\Engine\Controller->run
	/home/bitrix/www/bitrix/modules/main/lib/httpapplication.php:140
#5: Bitrix\Main\HttpApplication->runController
	/home/bitrix/www/bitrix/modules/main/include/routing_index.php:135
----------
Host: crm.sodeistvie.su:443
Date: 2024-12-22 02:06:16
Module: referralId
49950
#0: KPLab\API\V2\Controller\Partners->getSellersAction
	
#1: ReflectionMethod->invokeArgs
	/home/bitrix/www/bitrix/modules/main/lib/engine/autowire/binder.php:207
#2: Bitrix\Main\Engine\AutoWire\Binder->invoke
	/home/bitrix/www/bitrix/modules/main/lib/engine/action.php:117
#3: Bitrix\Main\Engine\Action->runWithSourceParametersList
	/home/bitrix/www/bitrix/modules/main/lib/engine/controller.php:425
#4: Bitrix\Main\Engine\Controller->run
	/home/bitrix/www/bitrix/modules/main/lib/httpapplication.php:140
#5: Bitrix\Main\HttpApplication->runController
	/home/bitrix/www/bitrix/modules/main/include/routing_index.php:135
----------
Host: crm.sodeistvie.su:443
Date: 2024-12-22 02:06:17
Module: queryArray
array (
  'partnerInn' => '772173434667',
  'page' => '51',
  'status' => 'all',
)
#0: KPLab\API\V2\Controller\Partners->getSellersAction
	
#1: ReflectionMethod->invokeArgs
	/home/bitrix/www/bitrix/modules/main/lib/engine/autowire/binder.php:207
#2: Bitrix\Main\Engine\AutoWire\Binder->invoke
	/home/bitrix/www/bitrix/modules/main/lib/engine/action.php:117
#3: Bitrix\Main\Engine\Action->runWithSourceParametersList
	/home/bitrix/www/bitrix/modules/main/lib/engine/controller.php:425
#4: Bitrix\Main\Engine\Controller->run
	/home/bitrix/www/bitrix/modules/main/lib/httpapplication.php:140
#5: Bitrix\Main\HttpApplication->runController
	/home/bitrix/www/bitrix/modules/main/include/routing_index.php:135
----------
Host: crm.sodeistvie.su:443
Date: 2024-12-22 02:06:17
Module: referralId
49950
#0: KPLab\API\V2\Controller\Partners->getSellersAction
	
#1: ReflectionMethod->invokeArgs
	/home/bitrix/www/bitrix/modules/main/lib/engine/autowire/binder.php:207
#2: Bitrix\Main\Engine\AutoWire\Binder->invoke
	/home/bitrix/www/bitrix/modules/main/lib/engine/action.php:117
#3: Bitrix\Main\Engine\Action->runWithSourceParametersList
	/home/bitrix/www/bitrix/modules/main/lib/engine/controller.php:425
#4: Bitrix\Main\Engine\Controller->run
	/home/bitrix/www/bitrix/modules/main/lib/httpapplication.php:140
#5: Bitrix\Main\HttpApplication->runController
	/home/bitrix/www/bitrix/modules/main/include/routing_index.php:135
----------
Host: crm.sodeistvie.su:443
Date: 2024-12-22 21:26:11
Module: queryArray
array (
  'partnerInn' => '772173434667',
  'page' => '1',
)
#0: KPLab\API\V2\Controller\Partners->getSellersAction
	
#1: ReflectionMethod->invokeArgs
	/home/bitrix/www/bitrix/modules/main/lib/engine/autowire/binder.php:207
#2: Bitrix\Main\Engine\AutoWire\Binder->invoke
	/home/bitrix/www/bitrix/modules/main/lib/engine/action.php:117
#3: Bitrix\Main\Engine\Action->runWithSourceParametersList
	/home/bitrix/www/bitrix/modules/main/lib/engine/controller.php:425
#4: Bitrix\Main\Engine\Controller->run
	/home/bitrix/www/bitrix/modules/main/lib/httpapplication.php:140
#5: Bitrix\Main\HttpApplication->runController
	/home/bitrix/www/bitrix/modules/main/include/routing_index.php:135
----------
Host: crm.sodeistvie.su:443
Date: 2024-12-22 21:26:11
Module: referralId
49950
#0: KPLab\API\V2\Controller\Partners->getSellersAction
	
#1: ReflectionMethod->invokeArgs
	/home/bitrix/www/bitrix/modules/main/lib/engine/autowire/binder.php:207
#2: Bitrix\Main\Engine\AutoWire\Binder->invoke
	/home/bitrix/www/bitrix/modules/main/lib/engine/action.php:117
#3: Bitrix\Main\Engine\Action->runWithSourceParametersList
	/home/bitrix/www/bitrix/modules/main/lib/engine/controller.php:425
#4: Bitrix\Main\Engine\Controller->run
	/home/bitrix/www/bitrix/modules/main/lib/httpapplication.php:140
#5: Bitrix\Main\HttpApplication->runController
	/home/bitrix/www/bitrix/modules/main/include/routing_index.php:135
----------
Host: crm.sodeistvie.su:443
Date: 2024-12-22 21:26:15
Module: queryArray
array (
  'partnerInn' => '772173434667',
  'page' => '51',
  'status' => 'all',
)
#0: KPLab\API\V2\Controller\Partners->getSellersAction
	
#1: ReflectionMethod->invokeArgs
	/home/bitrix/www/bitrix/modules/main/lib/engine/autowire/binder.php:207
#2: Bitrix\Main\Engine\AutoWire\Binder->invoke
	/home/bitrix/www/bitrix/modules/main/lib/engine/action.php:117
#3: Bitrix\Main\Engine\Action->runWithSourceParametersList
	/home/bitrix/www/bitrix/modules/main/lib/engine/controller.php:425
#4: Bitrix\Main\Engine\Controller->run
	/home/bitrix/www/bitrix/modules/main/lib/httpapplication.php:140
#5: Bitrix\Main\HttpApplication->runController
	/home/bitrix/www/bitrix/modules/main/include/routing_index.php:135
----------
Host: crm.sodeistvie.su:443
Date: 2024-12-22 21:26:15
Module: referralId
49950
#0: KPLab\API\V2\Controller\Partners->getSellersAction
	
#1: ReflectionMethod->invokeArgs
	/home/bitrix/www/bitrix/modules/main/lib/engine/autowire/binder.php:207
#2: Bitrix\Main\Engine\AutoWire\Binder->invoke
	/home/bitrix/www/bitrix/modules/main/lib/engine/action.php:117
#3: Bitrix\Main\Engine\Action->runWithSourceParametersList
	/home/bitrix/www/bitrix/modules/main/lib/engine/controller.php:425
#4: Bitrix\Main\Engine\Controller->run
	/home/bitrix/www/bitrix/modules/main/lib/httpapplication.php:140
#5: Bitrix\Main\HttpApplication->runController
	/home/bitrix/www/bitrix/modules/main/include/routing_index.php:135
----------
Host: crm.sodeistvie.su:443
Date: 2024-12-23 11:22:27
Module: queryArray
array (
  'partnerInn' => '9731038662',
  'page' => '1',
)
#0: KPLab\API\V2\Controller\Partners->getSellersAction
	
#1: ReflectionMethod->invokeArgs
	/home/bitrix/www/bitrix/modules/main/lib/engine/autowire/binder.php:207
#2: Bitrix\Main\Engine\AutoWire\Binder->invoke
	/home/bitrix/www/bitrix/modules/main/lib/engine/action.php:117
#3: Bitrix\Main\Engine\Action->runWithSourceParametersList
	/home/bitrix/www/bitrix/modules/main/lib/engine/controller.php:425
#4: Bitrix\Main\Engine\Controller->run
	/home/bitrix/www/bitrix/modules/main/lib/httpapplication.php:140
#5: Bitrix\Main\HttpApplication->runController
	/home/bitrix/www/bitrix/modules/main/include/routing_index.php:135
----------
Host: crm.sodeistvie.su:443
Date: 2024-12-23 11:22:28
Module: referralId
45271
#0: KPLab\API\V2\Controller\Partners->getSellersAction
	
#1: ReflectionMethod->invokeArgs
	/home/bitrix/www/bitrix/modules/main/lib/engine/autowire/binder.php:207
#2: Bitrix\Main\Engine\AutoWire\Binder->invoke
	/home/bitrix/www/bitrix/modules/main/lib/engine/action.php:117
#3: Bitrix\Main\Engine\Action->runWithSourceParametersList
	/home/bitrix/www/bitrix/modules/main/lib/engine/controller.php:425
#4: Bitrix\Main\Engine\Controller->run
	/home/bitrix/www/bitrix/modules/main/lib/httpapplication.php:140
#5: Bitrix\Main\HttpApplication->runController
	/home/bitrix/www/bitrix/modules/main/include/routing_index.php:135
----------
Host: crm.sodeistvie.su:443
Date: 2024-12-23 11:43:08
Module: queryArray
array (
  'partnerInn' => '6908014898',
  'page' => '1',
)
#0: KPLab\API\V2\Controller\Partners->getSellersAction
	
#1: ReflectionMethod->invokeArgs
	/home/bitrix/www/bitrix/modules/main/lib/engine/autowire/binder.php:207
#2: Bitrix\Main\Engine\AutoWire\Binder->invoke
	/home/bitrix/www/bitrix/modules/main/lib/engine/action.php:117
#3: Bitrix\Main\Engine\Action->runWithSourceParametersList
	/home/bitrix/www/bitrix/modules/main/lib/engine/controller.php:425
#4: Bitrix\Main\Engine\Controller->run
	/home/bitrix/www/bitrix/modules/main/lib/httpapplication.php:140
#5: Bitrix\Main\HttpApplication->runController
	/home/bitrix/www/bitrix/modules/main/include/routing_index.php:135
----------
Host: crm.sodeistvie.su:443
Date: 2024-12-23 11:43:08
Module: referralId
52162
#0: KPLab\API\V2\Controller\Partners->getSellersAction
	
#1: ReflectionMethod->invokeArgs
	/home/bitrix/www/bitrix/modules/main/lib/engine/autowire/binder.php:207
#2: Bitrix\Main\Engine\AutoWire\Binder->invoke
	/home/bitrix/www/bitrix/modules/main/lib/engine/action.php:117
#3: Bitrix\Main\Engine\Action->runWithSourceParametersList
	/home/bitrix/www/bitrix/modules/main/lib/engine/controller.php:425
#4: Bitrix\Main\Engine\Controller->run
	/home/bitrix/www/bitrix/modules/main/lib/httpapplication.php:140
#5: Bitrix\Main\HttpApplication->runController
	/home/bitrix/www/bitrix/modules/main/include/routing_index.php:135
----------
Host: crm.sodeistvie.su:443
Date: 2024-12-23 11:43:35
Module: queryArray
array (
  'partnerInn' => '6908014898',
  'page' => '1',
)
#0: KPLab\API\V2\Controller\Partners->getSellersAction
	
#1: ReflectionMethod->invokeArgs
	/home/bitrix/www/bitrix/modules/main/lib/engine/autowire/binder.php:207
#2: Bitrix\Main\Engine\AutoWire\Binder->invoke
	/home/bitrix/www/bitrix/modules/main/lib/engine/action.php:117
#3: Bitrix\Main\Engine\Action->runWithSourceParametersList
	/home/bitrix/www/bitrix/modules/main/lib/engine/controller.php:425
#4: Bitrix\Main\Engine\Controller->run
	/home/bitrix/www/bitrix/modules/main/lib/httpapplication.php:140
#5: Bitrix\Main\HttpApplication->runController
	/home/bitrix/www/bitrix/modules/main/include/routing_index.php:135
----------
Host: crm.sodeistvie.su:443
Date: 2024-12-23 11:43:35
Module: referralId
52162
#0: KPLab\API\V2\Controller\Partners->getSellersAction
	
#1: ReflectionMethod->invokeArgs
	/home/bitrix/www/bitrix/modules/main/lib/engine/autowire/binder.php:207
#2: Bitrix\Main\Engine\AutoWire\Binder->invoke
	/home/bitrix/www/bitrix/modules/main/lib/engine/action.php:117
#3: Bitrix\Main\Engine\Action->runWithSourceParametersList
	/home/bitrix/www/bitrix/modules/main/lib/engine/controller.php:425
#4: Bitrix\Main\Engine\Controller->run
	/home/bitrix/www/bitrix/modules/main/lib/httpapplication.php:140
#5: Bitrix\Main\HttpApplication->runController
	/home/bitrix/www/bitrix/modules/main/include/routing_index.php:135
----------
Host: crm.sodeistvie.su:443
Date: 2024-12-23 12:40:12
Module: queryArray
array (
  'partnerInn' => '6908014898',
  'page' => '1',
)
#0: KPLab\API\V2\Controller\Partners->getSellersAction
	
#1: ReflectionMethod->invokeArgs
	/home/bitrix/www/bitrix/modules/main/lib/engine/autowire/binder.php:207
#2: Bitrix\Main\Engine\AutoWire\Binder->invoke
	/home/bitrix/www/bitrix/modules/main/lib/engine/action.php:117
#3: Bitrix\Main\Engine\Action->runWithSourceParametersList
	/home/bitrix/www/bitrix/modules/main/lib/engine/controller.php:425
#4: Bitrix\Main\Engine\Controller->run
	/home/bitrix/www/bitrix/modules/main/lib/httpapplication.php:140
#5: Bitrix\Main\HttpApplication->runController
	/home/bitrix/www/bitrix/modules/main/include/routing_index.php:135
----------
Host: crm.sodeistvie.su:443
Date: 2024-12-23 12:40:12
Module: referralId
52162
#0: KPLab\API\V2\Controller\Partners->getSellersAction
	
#1: ReflectionMethod->invokeArgs
	/home/bitrix/www/bitrix/modules/main/lib/engine/autowire/binder.php:207
#2: Bitrix\Main\Engine\AutoWire\Binder->invoke
	/home/bitrix/www/bitrix/modules/main/lib/engine/action.php:117
#3: Bitrix\Main\Engine\Action->runWithSourceParametersList
	/home/bitrix/www/bitrix/modules/main/lib/engine/controller.php:425
#4: Bitrix\Main\Engine\Controller->run
	/home/bitrix/www/bitrix/modules/main/lib/httpapplication.php:140
#5: Bitrix\Main\HttpApplication->runController
	/home/bitrix/www/bitrix/modules/main/include/routing_index.php:135
----------
Host: crm.sodeistvie.su:443
Date: 2024-12-23 12:50:46
Module: queryArray
array (
  'partnerInn' => '6908014898',
  'page' => '1',
)
#0: KPLab\API\V2\Controller\Partners->getSellersAction
	
#1: ReflectionMethod->invokeArgs
	/home/bitrix/www/bitrix/modules/main/lib/engine/autowire/binder.php:207
#2: Bitrix\Main\Engine\AutoWire\Binder->invoke
	/home/bitrix/www/bitrix/modules/main/lib/engine/action.php:117
#3: Bitrix\Main\Engine\Action->runWithSourceParametersList
	/home/bitrix/www/bitrix/modules/main/lib/engine/controller.php:425
#4: Bitrix\Main\Engine\Controller->run
	/home/bitrix/www/bitrix/modules/main/lib/httpapplication.php:140
#5: Bitrix\Main\HttpApplication->runController
	/home/bitrix/www/bitrix/modules/main/include/routing_index.php:135
----------
Host: crm.sodeistvie.su:443
Date: 2024-12-23 12:50:46
Module: referralId
52162
#0: KPLab\API\V2\Controller\Partners->getSellersAction
	
#1: ReflectionMethod->invokeArgs
	/home/bitrix/www/bitrix/modules/main/lib/engine/autowire/binder.php:207
#2: Bitrix\Main\Engine\AutoWire\Binder->invoke
	/home/bitrix/www/bitrix/modules/main/lib/engine/action.php:117
#3: Bitrix\Main\Engine\Action->runWithSourceParametersList
	/home/bitrix/www/bitrix/modules/main/lib/engine/controller.php:425
#4: Bitrix\Main\Engine\Controller->run
	/home/bitrix/www/bitrix/modules/main/lib/httpapplication.php:140
#5: Bitrix\Main\HttpApplication->runController
	/home/bitrix/www/bitrix/modules/main/include/routing_index.php:135
----------
Host: crm.sodeistvie.su:443
Date: 2024-12-23 12:51:20
Module: queryArray
array (
  'partnerInn' => '6908014898',
  'page' => '1',
  'status' => 'new',
)
#0: KPLab\API\V2\Controller\Partners->getSellersAction
	
#1: ReflectionMethod->invokeArgs
	/home/bitrix/www/bitrix/modules/main/lib/engine/autowire/binder.php:207
#2: Bitrix\Main\Engine\AutoWire\Binder->invoke
	/home/bitrix/www/bitrix/modules/main/lib/engine/action.php:117
#3: Bitrix\Main\Engine\Action->runWithSourceParametersList
	/home/bitrix/www/bitrix/modules/main/lib/engine/controller.php:425
#4: Bitrix\Main\Engine\Controller->run
	/home/bitrix/www/bitrix/modules/main/lib/httpapplication.php:140
#5: Bitrix\Main\HttpApplication->runController
	/home/bitrix/www/bitrix/modules/main/include/routing_index.php:135
----------
Host: crm.sodeistvie.su:443
Date: 2024-12-23 12:51:21
Module: referralId
52162
#0: KPLab\API\V2\Controller\Partners->getSellersAction
	
#1: ReflectionMethod->invokeArgs
	/home/bitrix/www/bitrix/modules/main/lib/engine/autowire/binder.php:207
#2: Bitrix\Main\Engine\AutoWire\Binder->invoke
	/home/bitrix/www/bitrix/modules/main/lib/engine/action.php:117
#3: Bitrix\Main\Engine\Action->runWithSourceParametersList
	/home/bitrix/www/bitrix/modules/main/lib/engine/controller.php:425
#4: Bitrix\Main\Engine\Controller->run
	/home/bitrix/www/bitrix/modules/main/lib/httpapplication.php:140
#5: Bitrix\Main\HttpApplication->runController
	/home/bitrix/www/bitrix/modules/main/include/routing_index.php:135
----------
Host: crm.sodeistvie.su:443
Date: 2024-12-23 12:51:21
Module: arFilter
array (
  '::LOGIC' => 'AND',
  'IBLOCK_ID' => 167,
  '=PROPERTY_REFERRAL_ID' => 52162,
  'PROPERTY_STATUS_VALUE' => 'Новый',
  '>=PROPERTY_DATE_LEAD' => '2000-01-01T00:00:00',
  '<=PROPERTY_DATE_LEAD' => '2024-12-23T23:59:59',
)
#0: KPLab\API\V2\Controller\Partners->getSellersAction
	
#1: ReflectionMethod->invokeArgs
	/home/bitrix/www/bitrix/modules/main/lib/engine/autowire/binder.php:207
#2: Bitrix\Main\Engine\AutoWire\Binder->invoke
	/home/bitrix/www/bitrix/modules/main/lib/engine/action.php:117
#3: Bitrix\Main\Engine\Action->runWithSourceParametersList
	/home/bitrix/www/bitrix/modules/main/lib/engine/controller.php:425
#4: Bitrix\Main\Engine\Controller->run
	/home/bitrix/www/bitrix/modules/main/lib/httpapplication.php:140
#5: Bitrix\Main\HttpApplication->runController
	/home/bitrix/www/bitrix/modules/main/include/routing_index.php:135
----------
Host: crm.sodeistvie.su:443
Date: 2024-12-23 12:51:23
Module: queryArray
array (
  'partnerInn' => '6908014898',
  'page' => '1',
  'status' => 'all',
)
#0: KPLab\API\V2\Controller\Partners->getSellersAction
	
#1: ReflectionMethod->invokeArgs
	/home/bitrix/www/bitrix/modules/main/lib/engine/autowire/binder.php:207
#2: Bitrix\Main\Engine\AutoWire\Binder->invoke
	/home/bitrix/www/bitrix/modules/main/lib/engine/action.php:117
#3: Bitrix\Main\Engine\Action->runWithSourceParametersList
	/home/bitrix/www/bitrix/modules/main/lib/engine/controller.php:425
#4: Bitrix\Main\Engine\Controller->run
	/home/bitrix/www/bitrix/modules/main/lib/httpapplication.php:140
#5: Bitrix\Main\HttpApplication->runController
	/home/bitrix/www/bitrix/modules/main/include/routing_index.php:135
----------
Host: crm.sodeistvie.su:443
Date: 2024-12-23 12:51:23
Module: referralId
52162
#0: KPLab\API\V2\Controller\Partners->getSellersAction
	
#1: ReflectionMethod->invokeArgs
	/home/bitrix/www/bitrix/modules/main/lib/engine/autowire/binder.php:207
#2: Bitrix\Main\Engine\AutoWire\Binder->invoke
	/home/bitrix/www/bitrix/modules/main/lib/engine/action.php:117
#3: Bitrix\Main\Engine\Action->runWithSourceParametersList
	/home/bitrix/www/bitrix/modules/main/lib/engine/controller.php:425
#4: Bitrix\Main\Engine\Controller->run
	/home/bitrix/www/bitrix/modules/main/lib/httpapplication.php:140
#5: Bitrix\Main\HttpApplication->runController
	/home/bitrix/www/bitrix/modules/main/include/routing_index.php:135
----------
Host: crm.sodeistvie.su:443
Date: 2024-12-23 12:51:36
Module: queryArray
array (
  'partnerInn' => '6908014898',
  'page' => '1',
)
#0: KPLab\API\V2\Controller\Partners->getSellersAction
	
#1: ReflectionMethod->invokeArgs
	/home/bitrix/www/bitrix/modules/main/lib/engine/autowire/binder.php:207
#2: Bitrix\Main\Engine\AutoWire\Binder->invoke
	/home/bitrix/www/bitrix/modules/main/lib/engine/action.php:117
#3: Bitrix\Main\Engine\Action->runWithSourceParametersList
	/home/bitrix/www/bitrix/modules/main/lib/engine/controller.php:425
#4: Bitrix\Main\Engine\Controller->run
	/home/bitrix/www/bitrix/modules/main/lib/httpapplication.php:140
#5: Bitrix\Main\HttpApplication->runController
	/home/bitrix/www/bitrix/modules/main/include/routing_index.php:135
----------
Host: crm.sodeistvie.su:443
Date: 2024-12-23 12:51:37
Module: referralId
52162
#0: KPLab\API\V2\Controller\Partners->getSellersAction
	
#1: ReflectionMethod->invokeArgs
	/home/bitrix/www/bitrix/modules/main/lib/engine/autowire/binder.php:207
#2: Bitrix\Main\Engine\AutoWire\Binder->invoke
	/home/bitrix/www/bitrix/modules/main/lib/engine/action.php:117
#3: Bitrix\Main\Engine\Action->runWithSourceParametersList
	/home/bitrix/www/bitrix/modules/main/lib/engine/controller.php:425
#4: Bitrix\Main\Engine\Controller->run
	/home/bitrix/www/bitrix/modules/main/lib/httpapplication.php:140
#5: Bitrix\Main\HttpApplication->runController
	/home/bitrix/www/bitrix/modules/main/include/routing_index.php:135
----------
Host: crm.sodeistvie.su:443
Date: 2024-12-23 12:53:03
Module: queryArray
array (
  'partnerInn' => '6908014898',
  'page' => '1',
)
#0: KPLab\API\V2\Controller\Partners->getSellersAction
	
#1: ReflectionMethod->invokeArgs
	/home/bitrix/www/bitrix/modules/main/lib/engine/autowire/binder.php:207
#2: Bitrix\Main\Engine\AutoWire\Binder->invoke
	/home/bitrix/www/bitrix/modules/main/lib/engine/action.php:117
#3: Bitrix\Main\Engine\Action->runWithSourceParametersList
	/home/bitrix/www/bitrix/modules/main/lib/engine/controller.php:425
#4: Bitrix\Main\Engine\Controller->run
	/home/bitrix/www/bitrix/modules/main/lib/httpapplication.php:140
#5: Bitrix\Main\HttpApplication->runController
	/home/bitrix/www/bitrix/modules/main/include/routing_index.php:135
----------
Host: crm.sodeistvie.su:443
Date: 2024-12-23 12:53:03
Module: referralId
52162
#0: KPLab\API\V2\Controller\Partners->getSellersAction
	
#1: ReflectionMethod->invokeArgs
	/home/bitrix/www/bitrix/modules/main/lib/engine/autowire/binder.php:207
#2: Bitrix\Main\Engine\AutoWire\Binder->invoke
	/home/bitrix/www/bitrix/modules/main/lib/engine/action.php:117
#3: Bitrix\Main\Engine\Action->runWithSourceParametersList
	/home/bitrix/www/bitrix/modules/main/lib/engine/controller.php:425
#4: Bitrix\Main\Engine\Controller->run
	/home/bitrix/www/bitrix/modules/main/lib/httpapplication.php:140
#5: Bitrix\Main\HttpApplication->runController
	/home/bitrix/www/bitrix/modules/main/include/routing_index.php:135
----------
Host: crm.sodeistvie.su:443
Date: 2024-12-23 12:56:00
Module: queryArray
array (
  'partnerInn' => '6908014898',
  'page' => '1',
)
#0: KPLab\API\V2\Controller\Partners->getSellersAction
	
#1: ReflectionMethod->invokeArgs
	/home/bitrix/www/bitrix/modules/main/lib/engine/autowire/binder.php:207
#2: Bitrix\Main\Engine\AutoWire\Binder->invoke
	/home/bitrix/www/bitrix/modules/main/lib/engine/action.php:117
#3: Bitrix\Main\Engine\Action->runWithSourceParametersList
	/home/bitrix/www/bitrix/modules/main/lib/engine/controller.php:425
#4: Bitrix\Main\Engine\Controller->run
	/home/bitrix/www/bitrix/modules/main/lib/httpapplication.php:140
#5: Bitrix\Main\HttpApplication->runController
	/home/bitrix/www/bitrix/modules/main/include/routing_index.php:135
----------
Host: crm.sodeistvie.su:443
Date: 2024-12-23 12:56:01
Module: referralId
52162
#0: KPLab\API\V2\Controller\Partners->getSellersAction
	
#1: ReflectionMethod->invokeArgs
	/home/bitrix/www/bitrix/modules/main/lib/engine/autowire/binder.php:207
#2: Bitrix\Main\Engine\AutoWire\Binder->invoke
	/home/bitrix/www/bitrix/modules/main/lib/engine/action.php:117
#3: Bitrix\Main\Engine\Action->runWithSourceParametersList
	/home/bitrix/www/bitrix/modules/main/lib/engine/controller.php:425
#4: Bitrix\Main\Engine\Controller->run
	/home/bitrix/www/bitrix/modules/main/lib/httpapplication.php:140
#5: Bitrix\Main\HttpApplication->runController
	/home/bitrix/www/bitrix/modules/main/include/routing_index.php:135
----------
Host: crm.sodeistvie.su:443
Date: 2024-12-23 13:16:05
Module: queryArray
array (
  'partnerInn' => '6908014898',
  'page' => '1',
)
#0: KPLab\API\V2\Controller\Partners->getSellersAction
	
#1: ReflectionMethod->invokeArgs
	/home/bitrix/www/bitrix/modules/main/lib/engine/autowire/binder.php:207
#2: Bitrix\Main\Engine\AutoWire\Binder->invoke
	/home/bitrix/www/bitrix/modules/main/lib/engine/action.php:117
#3: Bitrix\Main\Engine\Action->runWithSourceParametersList
	/home/bitrix/www/bitrix/modules/main/lib/engine/controller.php:425
#4: Bitrix\Main\Engine\Controller->run
	/home/bitrix/www/bitrix/modules/main/lib/httpapplication.php:140
#5: Bitrix\Main\HttpApplication->runController
	/home/bitrix/www/bitrix/modules/main/include/routing_index.php:135
----------
Host: crm.sodeistvie.su:443
Date: 2024-12-23 13:16:06
Module: referralId
52162
#0: KPLab\API\V2\Controller\Partners->getSellersAction
	
#1: ReflectionMethod->invokeArgs
	/home/bitrix/www/bitrix/modules/main/lib/engine/autowire/binder.php:207
#2: Bitrix\Main\Engine\AutoWire\Binder->invoke
	/home/bitrix/www/bitrix/modules/main/lib/engine/action.php:117
#3: Bitrix\Main\Engine\Action->runWithSourceParametersList
	/home/bitrix/www/bitrix/modules/main/lib/engine/controller.php:425
#4: Bitrix\Main\Engine\Controller->run
	/home/bitrix/www/bitrix/modules/main/lib/httpapplication.php:140
#5: Bitrix\Main\HttpApplication->runController
	/home/bitrix/www/bitrix/modules/main/include/routing_index.php:135
----------
Host: crm.sodeistvie.su:443
Date: 2024-12-23 13:21:22
Module: queryArray
array (
  'partnerInn' => '6908014898',
  'page' => '1',
)
#0: KPLab\API\V2\Controller\Partners->getSellersAction
	
#1: ReflectionMethod->invokeArgs
	/home/bitrix/www/bitrix/modules/main/lib/engine/autowire/binder.php:207
#2: Bitrix\Main\Engine\AutoWire\Binder->invoke
	/home/bitrix/www/bitrix/modules/main/lib/engine/action.php:117
#3: Bitrix\Main\Engine\Action->runWithSourceParametersList
	/home/bitrix/www/bitrix/modules/main/lib/engine/controller.php:425
#4: Bitrix\Main\Engine\Controller->run
	/home/bitrix/www/bitrix/modules/main/lib/httpapplication.php:140
#5: Bitrix\Main\HttpApplication->runController
	/home/bitrix/www/bitrix/modules/main/include/routing_index.php:135
----------
Host: crm.sodeistvie.su:443
Date: 2024-12-23 13:21:22
Module: referralId
52162
#0: KPLab\API\V2\Controller\Partners->getSellersAction
	
#1: ReflectionMethod->invokeArgs
	/home/bitrix/www/bitrix/modules/main/lib/engine/autowire/binder.php:207
#2: Bitrix\Main\Engine\AutoWire\Binder->invoke
	/home/bitrix/www/bitrix/modules/main/lib/engine/action.php:117
#3: Bitrix\Main\Engine\Action->runWithSourceParametersList
	/home/bitrix/www/bitrix/modules/main/lib/engine/controller.php:425
#4: Bitrix\Main\Engine\Controller->run
	/home/bitrix/www/bitrix/modules/main/lib/httpapplication.php:140
#5: Bitrix\Main\HttpApplication->runController
	/home/bitrix/www/bitrix/modules/main/include/routing_index.php:135
----------
Host: crm.sodeistvie.su:443
Date: 2024-12-23 13:46:27
Module: queryArray
array (
  'partnerInn' => '7721546864',
  'page' => '1',
)
#0: KPLab\API\V2\Controller\Partners->getSellersAction
	
#1: ReflectionMethod->invokeArgs
	/home/bitrix/www/bitrix/modules/main/lib/engine/autowire/binder.php:207
#2: Bitrix\Main\Engine\AutoWire\Binder->invoke
	/home/bitrix/www/bitrix/modules/main/lib/engine/action.php:117
#3: Bitrix\Main\Engine\Action->runWithSourceParametersList
	/home/bitrix/www/bitrix/modules/main/lib/engine/controller.php:425
#4: Bitrix\Main\Engine\Controller->run
	/home/bitrix/www/bitrix/modules/main/lib/httpapplication.php:140
#5: Bitrix\Main\HttpApplication->runController
	/home/bitrix/www/bitrix/modules/main/include/routing_index.php:135
----------
Host: crm.sodeistvie.su:443
Date: 2024-12-23 13:46:27
Module: referralId
32813
#0: KPLab\API\V2\Controller\Partners->getSellersAction
	
#1: ReflectionMethod->invokeArgs
	/home/bitrix/www/bitrix/modules/main/lib/engine/autowire/binder.php:207
#2: Bitrix\Main\Engine\AutoWire\Binder->invoke
	/home/bitrix/www/bitrix/modules/main/lib/engine/action.php:117
#3: Bitrix\Main\Engine\Action->runWithSourceParametersList
	/home/bitrix/www/bitrix/modules/main/lib/engine/controller.php:425
#4: Bitrix\Main\Engine\Controller->run
	/home/bitrix/www/bitrix/modules/main/lib/httpapplication.php:140
#5: Bitrix\Main\HttpApplication->runController
	/home/bitrix/www/bitrix/modules/main/include/routing_index.php:135
----------
Host: crm.sodeistvie.su:443
Date: 2024-12-23 15:01:26
Module: queryArray
array (
  'partnerInn' => '772173434667',
  'page' => '1',
)
#0: KPLab\API\V2\Controller\Partners->getSellersAction
	
#1: ReflectionMethod->invokeArgs
	/home/bitrix/www/bitrix/modules/main/lib/engine/autowire/binder.php:207
#2: Bitrix\Main\Engine\AutoWire\Binder->invoke
	/home/bitrix/www/bitrix/modules/main/lib/engine/action.php:117
#3: Bitrix\Main\Engine\Action->runWithSourceParametersList
	/home/bitrix/www/bitrix/modules/main/lib/engine/controller.php:425
#4: Bitrix\Main\Engine\Controller->run
	/home/bitrix/www/bitrix/modules/main/lib/httpapplication.php:140
#5: Bitrix\Main\HttpApplication->runController
	/home/bitrix/www/bitrix/modules/main/include/routing_index.php:135
----------
Host: crm.sodeistvie.su:443
Date: 2024-12-23 15:01:27
Module: referralId
49950
#0: KPLab\API\V2\Controller\Partners->getSellersAction
	
#1: ReflectionMethod->invokeArgs
	/home/bitrix/www/bitrix/modules/main/lib/engine/autowire/binder.php:207
#2: Bitrix\Main\Engine\AutoWire\Binder->invoke
	/home/bitrix/www/bitrix/modules/main/lib/engine/action.php:117
#3: Bitrix\Main\Engine\Action->runWithSourceParametersList
	/home/bitrix/www/bitrix/modules/main/lib/engine/controller.php:425
#4: Bitrix\Main\Engine\Controller->run
	/home/bitrix/www/bitrix/modules/main/lib/httpapplication.php:140
#5: Bitrix\Main\HttpApplication->runController
	/home/bitrix/www/bitrix/modules/main/include/routing_index.php:135
----------
Host: crm.sodeistvie.su:443
Date: 2024-12-23 15:01:28
Module: queryArray
array (
  'partnerInn' => '772173434667',
  'page' => '51',
  'status' => 'all',
)
#0: KPLab\API\V2\Controller\Partners->getSellersAction
	
#1: ReflectionMethod->invokeArgs
	/home/bitrix/www/bitrix/modules/main/lib/engine/autowire/binder.php:207
#2: Bitrix\Main\Engine\AutoWire\Binder->invoke
	/home/bitrix/www/bitrix/modules/main/lib/engine/action.php:117
#3: Bitrix\Main\Engine\Action->runWithSourceParametersList
	/home/bitrix/www/bitrix/modules/main/lib/engine/controller.php:425
#4: Bitrix\Main\Engine\Controller->run
	/home/bitrix/www/bitrix/modules/main/lib/httpapplication.php:140
#5: Bitrix\Main\HttpApplication->runController
	/home/bitrix/www/bitrix/modules/main/include/routing_index.php:135
----------
Host: crm.sodeistvie.su:443
Date: 2024-12-23 15:01:29
Module: referralId
49950
#0: KPLab\API\V2\Controller\Partners->getSellersAction
	
#1: ReflectionMethod->invokeArgs
	/home/bitrix/www/bitrix/modules/main/lib/engine/autowire/binder.php:207
#2: Bitrix\Main\Engine\AutoWire\Binder->invoke
	/home/bitrix/www/bitrix/modules/main/lib/engine/action.php:117
#3: Bitrix\Main\Engine\Action->runWithSourceParametersList
	/home/bitrix/www/bitrix/modules/main/lib/engine/controller.php:425
#4: Bitrix\Main\Engine\Controller->run
	/home/bitrix/www/bitrix/modules/main/lib/httpapplication.php:140
#5: Bitrix\Main\HttpApplication->runController
	/home/bitrix/www/bitrix/modules/main/include/routing_index.php:135
----------
Host: crm.sodeistvie.su:443
Date: 2024-12-23 18:57:39
Module: queryArray
array (
  'partnerInn' => '772173434667',
  'page' => '1',
)
#0: KPLab\API\V2\Controller\Partners->getSellersAction
	
#1: ReflectionMethod->invokeArgs
	/home/bitrix/www/bitrix/modules/main/lib/engine/autowire/binder.php:207
#2: Bitrix\Main\Engine\AutoWire\Binder->invoke
	/home/bitrix/www/bitrix/modules/main/lib/engine/action.php:117
#3: Bitrix\Main\Engine\Action->runWithSourceParametersList
	/home/bitrix/www/bitrix/modules/main/lib/engine/controller.php:425
#4: Bitrix\Main\Engine\Controller->run
	/home/bitrix/www/bitrix/modules/main/lib/httpapplication.php:140
#5: Bitrix\Main\HttpApplication->runController
	/home/bitrix/www/bitrix/modules/main/include/routing_index.php:135
----------
Host: crm.sodeistvie.su:443
Date: 2024-12-23 18:57:39
Module: referralId
49950
#0: KPLab\API\V2\Controller\Partners->getSellersAction
	
#1: ReflectionMethod->invokeArgs
	/home/bitrix/www/bitrix/modules/main/lib/engine/autowire/binder.php:207
#2: Bitrix\Main\Engine\AutoWire\Binder->invoke
	/home/bitrix/www/bitrix/modules/main/lib/engine/action.php:117
#3: Bitrix\Main\Engine\Action->runWithSourceParametersList
	/home/bitrix/www/bitrix/modules/main/lib/engine/controller.php:425
#4: Bitrix\Main\Engine\Controller->run
	/home/bitrix/www/bitrix/modules/main/lib/httpapplication.php:140
#5: Bitrix\Main\HttpApplication->runController
	/home/bitrix/www/bitrix/modules/main/include/routing_index.php:135
----------
Host: crm.sodeistvie.su:443
Date: 2024-12-23 18:57:40
Module: queryArray
array (
  'partnerInn' => '772173434667',
  'page' => '51',
  'status' => 'all',
)
#0: KPLab\API\V2\Controller\Partners->getSellersAction
	
#1: ReflectionMethod->invokeArgs
	/home/bitrix/www/bitrix/modules/main/lib/engine/autowire/binder.php:207
#2: Bitrix\Main\Engine\AutoWire\Binder->invoke
	/home/bitrix/www/bitrix/modules/main/lib/engine/action.php:117
#3: Bitrix\Main\Engine\Action->runWithSourceParametersList
	/home/bitrix/www/bitrix/modules/main/lib/engine/controller.php:425
#4: Bitrix\Main\Engine\Controller->run
	/home/bitrix/www/bitrix/modules/main/lib/httpapplication.php:140
#5: Bitrix\Main\HttpApplication->runController
	/home/bitrix/www/bitrix/modules/main/include/routing_index.php:135
----------
Host: crm.sodeistvie.su:443
Date: 2024-12-23 18:57:41
Module: referralId
49950
#0: KPLab\API\V2\Controller\Partners->getSellersAction
	
#1: ReflectionMethod->invokeArgs
	/home/bitrix/www/bitrix/modules/main/lib/engine/autowire/binder.php:207
#2: Bitrix\Main\Engine\AutoWire\Binder->invoke
	/home/bitrix/www/bitrix/modules/main/lib/engine/action.php:117
#3: Bitrix\Main\Engine\Action->runWithSourceParametersList
	/home/bitrix/www/bitrix/modules/main/lib/engine/controller.php:425
#4: Bitrix\Main\Engine\Controller->run
	/home/bitrix/www/bitrix/modules/main/lib/httpapplication.php:140
#5: Bitrix\Main\HttpApplication->runController
	/home/bitrix/www/bitrix/modules/main/include/routing_index.php:135
----------
Host: crm.sodeistvie.su:443
Date: 2024-12-23 21:51:08
Module: queryArray
array (
  'partnerInn' => '344816282576',
  'page' => '1',
)
#0: KPLab\API\V2\Controller\Partners->getSellersAction
	
#1: ReflectionMethod->invokeArgs
	/home/bitrix/www/bitrix/modules/main/lib/engine/autowire/binder.php:207
#2: Bitrix\Main\Engine\AutoWire\Binder->invoke
	/home/bitrix/www/bitrix/modules/main/lib/engine/action.php:117
#3: Bitrix\Main\Engine\Action->runWithSourceParametersList
	/home/bitrix/www/bitrix/modules/main/lib/engine/controller.php:425
#4: Bitrix\Main\Engine\Controller->run
	/home/bitrix/www/bitrix/modules/main/lib/httpapplication.php:140
#5: Bitrix\Main\HttpApplication->runController
	/home/bitrix/www/bitrix/modules/main/include/routing_index.php:135
----------
Host: crm.sodeistvie.su:443
Date: 2024-12-23 21:51:09
Module: referralId
31970
#0: KPLab\API\V2\Controller\Partners->getSellersAction
	
#1: ReflectionMethod->invokeArgs
	/home/bitrix/www/bitrix/modules/main/lib/engine/autowire/binder.php:207
#2: Bitrix\Main\Engine\AutoWire\Binder->invoke
	/home/bitrix/www/bitrix/modules/main/lib/engine/action.php:117
#3: Bitrix\Main\Engine\Action->runWithSourceParametersList
	/home/bitrix/www/bitrix/modules/main/lib/engine/controller.php:425
#4: Bitrix\Main\Engine\Controller->run
	/home/bitrix/www/bitrix/modules/main/lib/httpapplication.php:140
#5: Bitrix\Main\HttpApplication->runController
	/home/bitrix/www/bitrix/modules/main/include/routing_index.php:135
----------
Host: crm.sodeistvie.su:443
Date: 2024-12-24 11:52:42
Module: queryArray
array (
  'partnerInn' => '772173434667',
  'page' => '1',
)
#0: KPLab\API\V2\Controller\Partners->getSellersAction
	
#1: ReflectionMethod->invokeArgs
	/home/bitrix/www/bitrix/modules/main/lib/engine/autowire/binder.php:207
#2: Bitrix\Main\Engine\AutoWire\Binder->invoke
	/home/bitrix/www/bitrix/modules/main/lib/engine/action.php:117
#3: Bitrix\Main\Engine\Action->runWithSourceParametersList
	/home/bitrix/www/bitrix/modules/main/lib/engine/controller.php:425
#4: Bitrix\Main\Engine\Controller->run
	/home/bitrix/www/bitrix/modules/main/lib/httpapplication.php:140
#5: Bitrix\Main\HttpApplication->runController
	/home/bitrix/www/bitrix/modules/main/include/routing_index.php:135
----------
Host: crm.sodeistvie.su:443
Date: 2024-12-24 11:52:42
Module: referralId
49950
#0: KPLab\API\V2\Controller\Partners->getSellersAction
	
#1: ReflectionMethod->invokeArgs
	/home/bitrix/www/bitrix/modules/main/lib/engine/autowire/binder.php:207
#2: Bitrix\Main\Engine\AutoWire\Binder->invoke
	/home/bitrix/www/bitrix/modules/main/lib/engine/action.php:117
#3: Bitrix\Main\Engine\Action->runWithSourceParametersList
	/home/bitrix/www/bitrix/modules/main/lib/engine/controller.php:425
#4: Bitrix\Main\Engine\Controller->run
	/home/bitrix/www/bitrix/modules/main/lib/httpapplication.php:140
#5: Bitrix\Main\HttpApplication->runController
	/home/bitrix/www/bitrix/modules/main/include/routing_index.php:135
----------
Host: crm.sodeistvie.su:443
Date: 2024-12-24 11:52:46
Module: queryArray
array (
  'partnerInn' => '772173434667',
  'page' => '1',
)
#0: KPLab\API\V2\Controller\Partners->getSellersAction
	
#1: ReflectionMethod->invokeArgs
	/home/bitrix/www/bitrix/modules/main/lib/engine/autowire/binder.php:207
#2: Bitrix\Main\Engine\AutoWire\Binder->invoke
	/home/bitrix/www/bitrix/modules/main/lib/engine/action.php:117
#3: Bitrix\Main\Engine\Action->runWithSourceParametersList
	/home/bitrix/www/bitrix/modules/main/lib/engine/controller.php:425
#4: Bitrix\Main\Engine\Controller->run
	/home/bitrix/www/bitrix/modules/main/lib/httpapplication.php:140
#5: Bitrix\Main\HttpApplication->runController
	/home/bitrix/www/bitrix/modules/main/include/routing_index.php:135
----------
Host: crm.sodeistvie.su:443
Date: 2024-12-24 11:52:47
Module: referralId
49950
#0: KPLab\API\V2\Controller\Partners->getSellersAction
	
#1: ReflectionMethod->invokeArgs
	/home/bitrix/www/bitrix/modules/main/lib/engine/autowire/binder.php:207
#2: Bitrix\Main\Engine\AutoWire\Binder->invoke
	/home/bitrix/www/bitrix/modules/main/lib/engine/action.php:117
#3: Bitrix\Main\Engine\Action->runWithSourceParametersList
	/home/bitrix/www/bitrix/modules/main/lib/engine/controller.php:425
#4: Bitrix\Main\Engine\Controller->run
	/home/bitrix/www/bitrix/modules/main/lib/httpapplication.php:140
#5: Bitrix\Main\HttpApplication->runController
	/home/bitrix/www/bitrix/modules/main/include/routing_index.php:135
----------
Host: crm.sodeistvie.su:443
Date: 2024-12-24 11:52:49
Module: queryArray
array (
  'partnerInn' => '772173434667',
  'page' => '51',
  'status' => 'all',
)
#0: KPLab\API\V2\Controller\Partners->getSellersAction
	
#1: ReflectionMethod->invokeArgs
	/home/bitrix/www/bitrix/modules/main/lib/engine/autowire/binder.php:207
#2: Bitrix\Main\Engine\AutoWire\Binder->invoke
	/home/bitrix/www/bitrix/modules/main/lib/engine/action.php:117
#3: Bitrix\Main\Engine\Action->runWithSourceParametersList
	/home/bitrix/www/bitrix/modules/main/lib/engine/controller.php:425
#4: Bitrix\Main\Engine\Controller->run
	/home/bitrix/www/bitrix/modules/main/lib/httpapplication.php:140
#5: Bitrix\Main\HttpApplication->runController
	/home/bitrix/www/bitrix/modules/main/include/routing_index.php:135
----------
Host: crm.sodeistvie.su:443
Date: 2024-12-24 11:52:50
Module: referralId
49950
#0: KPLab\API\V2\Controller\Partners->getSellersAction
	
#1: ReflectionMethod->invokeArgs
	/home/bitrix/www/bitrix/modules/main/lib/engine/autowire/binder.php:207
#2: Bitrix\Main\Engine\AutoWire\Binder->invoke
	/home/bitrix/www/bitrix/modules/main/lib/engine/action.php:117
#3: Bitrix\Main\Engine\Action->runWithSourceParametersList
	/home/bitrix/www/bitrix/modules/main/lib/engine/controller.php:425
#4: Bitrix\Main\Engine\Controller->run
	/home/bitrix/www/bitrix/modules/main/lib/httpapplication.php:140
#5: Bitrix\Main\HttpApplication->runController
	/home/bitrix/www/bitrix/modules/main/include/routing_index.php:135
----------
Host: crm.sodeistvie.su:443
Date: 2024-12-24 12:22:28
Module: queryArray
array (
  'partnerInn' => '9731038662',
  'page' => '1',
)
#0: KPLab\API\V2\Controller\Partners->getSellersAction
	
#1: ReflectionMethod->invokeArgs
	/home/bitrix/www/bitrix/modules/main/lib/engine/autowire/binder.php:207
#2: Bitrix\Main\Engine\AutoWire\Binder->invoke
	/home/bitrix/www/bitrix/modules/main/lib/engine/action.php:117
#3: Bitrix\Main\Engine\Action->runWithSourceParametersList
	/home/bitrix/www/bitrix/modules/main/lib/engine/controller.php:425
#4: Bitrix\Main\Engine\Controller->run
	/home/bitrix/www/bitrix/modules/main/lib/httpapplication.php:140
#5: Bitrix\Main\HttpApplication->runController
	/home/bitrix/www/bitrix/modules/main/include/routing_index.php:135
----------
Host: crm.sodeistvie.su:443
Date: 2024-12-24 12:22:28
Module: referralId
45271
#0: KPLab\API\V2\Controller\Partners->getSellersAction
	
#1: ReflectionMethod->invokeArgs
	/home/bitrix/www/bitrix/modules/main/lib/engine/autowire/binder.php:207
#2: Bitrix\Main\Engine\AutoWire\Binder->invoke
	/home/bitrix/www/bitrix/modules/main/lib/engine/action.php:117
#3: Bitrix\Main\Engine\Action->runWithSourceParametersList
	/home/bitrix/www/bitrix/modules/main/lib/engine/controller.php:425
#4: Bitrix\Main\Engine\Controller->run
	/home/bitrix/www/bitrix/modules/main/lib/httpapplication.php:140
#5: Bitrix\Main\HttpApplication->runController
	/home/bitrix/www/bitrix/modules/main/include/routing_index.php:135
----------
Host: crm.sodeistvie.su:443
Date: 2024-12-24 12:47:27
Module: queryArray
array (
  'partnerInn' => '9731043856',
  'page' => '1',
)
#0: KPLab\API\V2\Controller\Partners->getSellersAction
	
#1: ReflectionMethod->invokeArgs
	/home/bitrix/www/bitrix/modules/main/lib/engine/autowire/binder.php:207
#2: Bitrix\Main\Engine\AutoWire\Binder->invoke
	/home/bitrix/www/bitrix/modules/main/lib/engine/action.php:117
#3: Bitrix\Main\Engine\Action->runWithSourceParametersList
	/home/bitrix/www/bitrix/modules/main/lib/engine/controller.php:425
#4: Bitrix\Main\Engine\Controller->run
	/home/bitrix/www/bitrix/modules/main/lib/httpapplication.php:140
#5: Bitrix\Main\HttpApplication->runController
	/home/bitrix/www/bitrix/modules/main/include/routing_index.php:135
----------
Host: crm.sodeistvie.su:443
Date: 2024-12-24 12:47:27
Module: referralId
50189
#0: KPLab\API\V2\Controller\Partners->getSellersAction
	
#1: ReflectionMethod->invokeArgs
	/home/bitrix/www/bitrix/modules/main/lib/engine/autowire/binder.php:207
#2: Bitrix\Main\Engine\AutoWire\Binder->invoke
	/home/bitrix/www/bitrix/modules/main/lib/engine/action.php:117
#3: Bitrix\Main\Engine\Action->runWithSourceParametersList
	/home/bitrix/www/bitrix/modules/main/lib/engine/controller.php:425
#4: Bitrix\Main\Engine\Controller->run
	/home/bitrix/www/bitrix/modules/main/lib/httpapplication.php:140
#5: Bitrix\Main\HttpApplication->runController
	/home/bitrix/www/bitrix/modules/main/include/routing_index.php:135
----------
Host: crm.sodeistvie.su:443
Date: 2024-12-24 13:09:42
Module: queryArray
array (
  'partnerInn' => '665900240182',
  'page' => '1',
)
#0: KPLab\API\V2\Controller\Partners->getSellersAction
	
#1: ReflectionMethod->invokeArgs
	/home/bitrix/www/bitrix/modules/main/lib/engine/autowire/binder.php:207
#2: Bitrix\Main\Engine\AutoWire\Binder->invoke
	/home/bitrix/www/bitrix/modules/main/lib/engine/action.php:117
#3: Bitrix\Main\Engine\Action->runWithSourceParametersList
	/home/bitrix/www/bitrix/modules/main/lib/engine/controller.php:425
#4: Bitrix\Main\Engine\Controller->run
	/home/bitrix/www/bitrix/modules/main/lib/httpapplication.php:140
#5: Bitrix\Main\HttpApplication->runController
	/home/bitrix/www/bitrix/modules/main/include/routing_index.php:135
----------
Host: crm.sodeistvie.su:443
Date: 2024-12-24 13:09:42
Module: referralId
40101
#0: KPLab\API\V2\Controller\Partners->getSellersAction
	
#1: ReflectionMethod->invokeArgs
	/home/bitrix/www/bitrix/modules/main/lib/engine/autowire/binder.php:207
#2: Bitrix\Main\Engine\AutoWire\Binder->invoke
	/home/bitrix/www/bitrix/modules/main/lib/engine/action.php:117
#3: Bitrix\Main\Engine\Action->runWithSourceParametersList
	/home/bitrix/www/bitrix/modules/main/lib/engine/controller.php:425
#4: Bitrix\Main\Engine\Controller->run
	/home/bitrix/www/bitrix/modules/main/lib/httpapplication.php:140
#5: Bitrix\Main\HttpApplication->runController
	/home/bitrix/www/bitrix/modules/main/include/routing_index.php:135
----------
Host: crm.sodeistvie.su:443
Date: 2024-12-24 13:13:09
Module: queryArray
array (
  'partnerInn' => '665900240182',
  'page' => '1',
  'status' => 'new',
)
#0: KPLab\API\V2\Controller\Partners->getSellersAction
	
#1: ReflectionMethod->invokeArgs
	/home/bitrix/www/bitrix/modules/main/lib/engine/autowire/binder.php:207
#2: Bitrix\Main\Engine\AutoWire\Binder->invoke
	/home/bitrix/www/bitrix/modules/main/lib/engine/action.php:117
#3: Bitrix\Main\Engine\Action->runWithSourceParametersList
	/home/bitrix/www/bitrix/modules/main/lib/engine/controller.php:425
#4: Bitrix\Main\Engine\Controller->run
	/home/bitrix/www/bitrix/modules/main/lib/httpapplication.php:140
#5: Bitrix\Main\HttpApplication->runController
	/home/bitrix/www/bitrix/modules/main/include/routing_index.php:135
----------
Host: crm.sodeistvie.su:443
Date: 2024-12-24 13:13:10
Module: referralId
40101
#0: KPLab\API\V2\Controller\Partners->getSellersAction
	
#1: ReflectionMethod->invokeArgs
	/home/bitrix/www/bitrix/modules/main/lib/engine/autowire/binder.php:207
#2: Bitrix\Main\Engine\AutoWire\Binder->invoke
	/home/bitrix/www/bitrix/modules/main/lib/engine/action.php:117
#3: Bitrix\Main\Engine\Action->runWithSourceParametersList
	/home/bitrix/www/bitrix/modules/main/lib/engine/controller.php:425
#4: Bitrix\Main\Engine\Controller->run
	/home/bitrix/www/bitrix/modules/main/lib/httpapplication.php:140
#5: Bitrix\Main\HttpApplication->runController
	/home/bitrix/www/bitrix/modules/main/include/routing_index.php:135
----------
Host: crm.sodeistvie.su:443
Date: 2024-12-24 13:13:10
Module: arFilter
array (
  '::LOGIC' => 'AND',
  'IBLOCK_ID' => 167,
  '=PROPERTY_REFERRAL_ID' => 40101,
  'PROPERTY_STATUS_VALUE' => 'Новый',
  '>=PROPERTY_DATE_LEAD' => '2000-01-01T00:00:00',
  '<=PROPERTY_DATE_LEAD' => '2024-12-24T23:59:59',
)
#0: KPLab\API\V2\Controller\Partners->getSellersAction
	
#1: ReflectionMethod->invokeArgs
	/home/bitrix/www/bitrix/modules/main/lib/engine/autowire/binder.php:207
#2: Bitrix\Main\Engine\AutoWire\Binder->invoke
	/home/bitrix/www/bitrix/modules/main/lib/engine/action.php:117
#3: Bitrix\Main\Engine\Action->runWithSourceParametersList
	/home/bitrix/www/bitrix/modules/main/lib/engine/controller.php:425
#4: Bitrix\Main\Engine\Controller->run
	/home/bitrix/www/bitrix/modules/main/lib/httpapplication.php:140
#5: Bitrix\Main\HttpApplication->runController
	/home/bitrix/www/bitrix/modules/main/include/routing_index.php:135
----------
Host: crm.sodeistvie.su:443
Date: 2024-12-24 13:13:10
Module: queryArray
array (
  'partnerInn' => '665900240182',
  'page' => '1',
  'status' => 'in_processed',
)
#0: KPLab\API\V2\Controller\Partners->getSellersAction
	
#1: ReflectionMethod->invokeArgs
	/home/bitrix/www/bitrix/modules/main/lib/engine/autowire/binder.php:207
#2: Bitrix\Main\Engine\AutoWire\Binder->invoke
	/home/bitrix/www/bitrix/modules/main/lib/engine/action.php:117
#3: Bitrix\Main\Engine\Action->runWithSourceParametersList
	/home/bitrix/www/bitrix/modules/main/lib/engine/controller.php:425
#4: Bitrix\Main\Engine\Controller->run
	/home/bitrix/www/bitrix/modules/main/lib/httpapplication.php:140
#5: Bitrix\Main\HttpApplication->runController
	/home/bitrix/www/bitrix/modules/main/include/routing_index.php:135
----------
Host: crm.sodeistvie.su:443
Date: 2024-12-24 13:13:11
Module: referralId
40101
#0: KPLab\API\V2\Controller\Partners->getSellersAction
	
#1: ReflectionMethod->invokeArgs
	/home/bitrix/www/bitrix/modules/main/lib/engine/autowire/binder.php:207
#2: Bitrix\Main\Engine\AutoWire\Binder->invoke
	/home/bitrix/www/bitrix/modules/main/lib/engine/action.php:117
#3: Bitrix\Main\Engine\Action->runWithSourceParametersList
	/home/bitrix/www/bitrix/modules/main/lib/engine/controller.php:425
#4: Bitrix\Main\Engine\Controller->run
	/home/bitrix/www/bitrix/modules/main/lib/httpapplication.php:140
#5: Bitrix\Main\HttpApplication->runController
	/home/bitrix/www/bitrix/modules/main/include/routing_index.php:135
----------
Host: crm.sodeistvie.su:443
Date: 2024-12-24 13:13:11
Module: arFilter
array (
  '::LOGIC' => 'AND',
  'IBLOCK_ID' => 167,
  '=PROPERTY_REFERRAL_ID' => 40101,
  'PROPERTY_STATUS_VALUE' => 'В обработке',
  '>=PROPERTY_DATE_LEAD' => '2000-01-01T00:00:00',
  '<=PROPERTY_DATE_LEAD' => '2024-12-24T23:59:59',
)
#0: KPLab\API\V2\Controller\Partners->getSellersAction
	
#1: ReflectionMethod->invokeArgs
	/home/bitrix/www/bitrix/modules/main/lib/engine/autowire/binder.php:207
#2: Bitrix\Main\Engine\AutoWire\Binder->invoke
	/home/bitrix/www/bitrix/modules/main/lib/engine/action.php:117
#3: Bitrix\Main\Engine\Action->runWithSourceParametersList
	/home/bitrix/www/bitrix/modules/main/lib/engine/controller.php:425
#4: Bitrix\Main\Engine\Controller->run
	/home/bitrix/www/bitrix/modules/main/lib/httpapplication.php:140
#5: Bitrix\Main\HttpApplication->runController
	/home/bitrix/www/bitrix/modules/main/include/routing_index.php:135
----------
Host: crm.sodeistvie.su:443
Date: 2024-12-24 13:13:12
Module: queryArray
array (
  'partnerInn' => '665900240182',
  'page' => '1',
  'status' => 'issued',
)
#0: KPLab\API\V2\Controller\Partners->getSellersAction
	
#1: ReflectionMethod->invokeArgs
	/home/bitrix/www/bitrix/modules/main/lib/engine/autowire/binder.php:207
#2: Bitrix\Main\Engine\AutoWire\Binder->invoke
	/home/bitrix/www/bitrix/modules/main/lib/engine/action.php:117
#3: Bitrix\Main\Engine\Action->runWithSourceParametersList
	/home/bitrix/www/bitrix/modules/main/lib/engine/controller.php:425
#4: Bitrix\Main\Engine\Controller->run
	/home/bitrix/www/bitrix/modules/main/lib/httpapplication.php:140
#5: Bitrix\Main\HttpApplication->runController
	/home/bitrix/www/bitrix/modules/main/include/routing_index.php:135
----------
Host: crm.sodeistvie.su:443
Date: 2024-12-24 13:13:13
Module: referralId
40101
#0: KPLab\API\V2\Controller\Partners->getSellersAction
	
#1: ReflectionMethod->invokeArgs
	/home/bitrix/www/bitrix/modules/main/lib/engine/autowire/binder.php:207
#2: Bitrix\Main\Engine\AutoWire\Binder->invoke
	/home/bitrix/www/bitrix/modules/main/lib/engine/action.php:117
#3: Bitrix\Main\Engine\Action->runWithSourceParametersList
	/home/bitrix/www/bitrix/modules/main/lib/engine/controller.php:425
#4: Bitrix\Main\Engine\Controller->run
	/home/bitrix/www/bitrix/modules/main/lib/httpapplication.php:140
#5: Bitrix\Main\HttpApplication->runController
	/home/bitrix/www/bitrix/modules/main/include/routing_index.php:135
----------
Host: crm.sodeistvie.su:443
Date: 2024-12-24 13:13:15
Module: queryArray
array (
  'partnerInn' => '665900240182',
  'page' => '1',
  'status' => 'refused',
)
#0: KPLab\API\V2\Controller\Partners->getSellersAction
	
#1: ReflectionMethod->invokeArgs
	/home/bitrix/www/bitrix/modules/main/lib/engine/autowire/binder.php:207
#2: Bitrix\Main\Engine\AutoWire\Binder->invoke
	/home/bitrix/www/bitrix/modules/main/lib/engine/action.php:117
#3: Bitrix\Main\Engine\Action->runWithSourceParametersList
	/home/bitrix/www/bitrix/modules/main/lib/engine/controller.php:425
#4: Bitrix\Main\Engine\Controller->run
	/home/bitrix/www/bitrix/modules/main/lib/httpapplication.php:140
#5: Bitrix\Main\HttpApplication->runController
	/home/bitrix/www/bitrix/modules/main/include/routing_index.php:135
----------
Host: crm.sodeistvie.su:443
Date: 2024-12-24 13:13:15
Module: referralId
40101
#0: KPLab\API\V2\Controller\Partners->getSellersAction
	
#1: ReflectionMethod->invokeArgs
	/home/bitrix/www/bitrix/modules/main/lib/engine/autowire/binder.php:207
#2: Bitrix\Main\Engine\AutoWire\Binder->invoke
	/home/bitrix/www/bitrix/modules/main/lib/engine/action.php:117
#3: Bitrix\Main\Engine\Action->runWithSourceParametersList
	/home/bitrix/www/bitrix/modules/main/lib/engine/controller.php:425
#4: Bitrix\Main\Engine\Controller->run
	/home/bitrix/www/bitrix/modules/main/lib/httpapplication.php:140
#5: Bitrix\Main\HttpApplication->runController
	/home/bitrix/www/bitrix/modules/main/include/routing_index.php:135
----------
Host: crm.sodeistvie.su:443
Date: 2024-12-24 13:13:15
Module: arFilter
array (
  '::LOGIC' => 'AND',
  'IBLOCK_ID' => 167,
  '=PROPERTY_REFERRAL_ID' => 40101,
  'PROPERTY_STATUS_VALUE' => 'Отказ',
  '>=PROPERTY_DATE_LEAD' => '2000-01-01T00:00:00',
  '<=PROPERTY_DATE_LEAD' => '2024-12-24T23:59:59',
)
#0: KPLab\API\V2\Controller\Partners->getSellersAction
	
#1: ReflectionMethod->invokeArgs
	/home/bitrix/www/bitrix/modules/main/lib/engine/autowire/binder.php:207
#2: Bitrix\Main\Engine\AutoWire\Binder->invoke
	/home/bitrix/www/bitrix/modules/main/lib/engine/action.php:117
#3: Bitrix\Main\Engine\Action->runWithSourceParametersList
	/home/bitrix/www/bitrix/modules/main/lib/engine/controller.php:425
#4: Bitrix\Main\Engine\Controller->run
	/home/bitrix/www/bitrix/modules/main/lib/httpapplication.php:140
#5: Bitrix\Main\HttpApplication->runController
	/home/bitrix/www/bitrix/modules/main/include/routing_index.php:135
----------
Host: crm.sodeistvie.su:443
Date: 2024-12-24 13:13:23
Module: queryArray
array (
  'partnerInn' => '665900240182',
  'startDate' => '08/01/2024 00:00:00',
  'endDate' => '12/31/2024 00:00:00',
  'page' => '1',
  'status' => 'refused',
)
#0: KPLab\API\V2\Controller\Partners->getSellersAction
	
#1: ReflectionMethod->invokeArgs
	/home/bitrix/www/bitrix/modules/main/lib/engine/autowire/binder.php:207
#2: Bitrix\Main\Engine\AutoWire\Binder->invoke
	/home/bitrix/www/bitrix/modules/main/lib/engine/action.php:117
#3: Bitrix\Main\Engine\Action->runWithSourceParametersList
	/home/bitrix/www/bitrix/modules/main/lib/engine/controller.php:425
#4: Bitrix\Main\Engine\Controller->run
	/home/bitrix/www/bitrix/modules/main/lib/httpapplication.php:140
#5: Bitrix\Main\HttpApplication->runController
	/home/bitrix/www/bitrix/modules/main/include/routing_index.php:135
----------
Host: crm.sodeistvie.su:443
Date: 2024-12-24 13:13:24
Module: referralId
40101
#0: KPLab\API\V2\Controller\Partners->getSellersAction
	
#1: ReflectionMethod->invokeArgs
	/home/bitrix/www/bitrix/modules/main/lib/engine/autowire/binder.php:207
#2: Bitrix\Main\Engine\AutoWire\Binder->invoke
	/home/bitrix/www/bitrix/modules/main/lib/engine/action.php:117
#3: Bitrix\Main\Engine\Action->runWithSourceParametersList
	/home/bitrix/www/bitrix/modules/main/lib/engine/controller.php:425
#4: Bitrix\Main\Engine\Controller->run
	/home/bitrix/www/bitrix/modules/main/lib/httpapplication.php:140
#5: Bitrix\Main\HttpApplication->runController
	/home/bitrix/www/bitrix/modules/main/include/routing_index.php:135
----------
Host: crm.sodeistvie.su:443
Date: 2024-12-24 13:13:24
Module: arFilter
array (
  '::LOGIC' => 'AND',
  'IBLOCK_ID' => 167,
  '=PROPERTY_REFERRAL_ID' => 40101,
  'PROPERTY_STATUS_VALUE' => 'Отказ',
  '>=PROPERTY_DATE_LEAD' => '2024-08-01T00:00:00',
  '<=PROPERTY_DATE_LEAD' => '2024-12-31T23:59:59',
)
#0: KPLab\API\V2\Controller\Partners->getSellersAction
	
#1: ReflectionMethod->invokeArgs
	/home/bitrix/www/bitrix/modules/main/lib/engine/autowire/binder.php:207
#2: Bitrix\Main\Engine\AutoWire\Binder->invoke
	/home/bitrix/www/bitrix/modules/main/lib/engine/action.php:117
#3: Bitrix\Main\Engine\Action->runWithSourceParametersList
	/home/bitrix/www/bitrix/modules/main/lib/engine/controller.php:425
#4: Bitrix\Main\Engine\Controller->run
	/home/bitrix/www/bitrix/modules/main/lib/httpapplication.php:140
#5: Bitrix\Main\HttpApplication->runController
	/home/bitrix/www/bitrix/modules/main/include/routing_index.php:135
----------
Host: crm.sodeistvie.su:443
Date: 2024-12-24 13:13:26
Module: queryArray
array (
  'partnerInn' => '665900240182',
  'startDate' => '08/01/2024 00:00:00',
  'endDate' => '12/31/2024 00:00:00',
  'page' => '1',
  'status' => 'all',
)
#0: KPLab\API\V2\Controller\Partners->getSellersAction
	
#1: ReflectionMethod->invokeArgs
	/home/bitrix/www/bitrix/modules/main/lib/engine/autowire/binder.php:207
#2: Bitrix\Main\Engine\AutoWire\Binder->invoke
	/home/bitrix/www/bitrix/modules/main/lib/engine/action.php:117
#3: Bitrix\Main\Engine\Action->runWithSourceParametersList
	/home/bitrix/www/bitrix/modules/main/lib/engine/controller.php:425
#4: Bitrix\Main\Engine\Controller->run
	/home/bitrix/www/bitrix/modules/main/lib/httpapplication.php:140
#5: Bitrix\Main\HttpApplication->runController
	/home/bitrix/www/bitrix/modules/main/include/routing_index.php:135
----------
Host: crm.sodeistvie.su:443
Date: 2024-12-24 13:13:26
Module: referralId
40101
#0: KPLab\API\V2\Controller\Partners->getSellersAction
	
#1: ReflectionMethod->invokeArgs
	/home/bitrix/www/bitrix/modules/main/lib/engine/autowire/binder.php:207
#2: Bitrix\Main\Engine\AutoWire\Binder->invoke
	/home/bitrix/www/bitrix/modules/main/lib/engine/action.php:117
#3: Bitrix\Main\Engine\Action->runWithSourceParametersList
	/home/bitrix/www/bitrix/modules/main/lib/engine/controller.php:425
#4: Bitrix\Main\Engine\Controller->run
	/home/bitrix/www/bitrix/modules/main/lib/httpapplication.php:140
#5: Bitrix\Main\HttpApplication->runController
	/home/bitrix/www/bitrix/modules/main/include/routing_index.php:135
----------
Host: crm.sodeistvie.su:443
Date: 2024-12-24 13:13:28
Module: queryArray
array (
  'partnerInn' => '665900240182',
  'startDate' => '08/01/2024 00:00:00',
  'endDate' => '12/31/2024 00:00:00',
  'page' => '1',
  'status' => 'new',
)
#0: KPLab\API\V2\Controller\Partners->getSellersAction
	
#1: ReflectionMethod->invokeArgs
	/home/bitrix/www/bitrix/modules/main/lib/engine/autowire/binder.php:207
#2: Bitrix\Main\Engine\AutoWire\Binder->invoke
	/home/bitrix/www/bitrix/modules/main/lib/engine/action.php:117
#3: Bitrix\Main\Engine\Action->runWithSourceParametersList
	/home/bitrix/www/bitrix/modules/main/lib/engine/controller.php:425
#4: Bitrix\Main\Engine\Controller->run
	/home/bitrix/www/bitrix/modules/main/lib/httpapplication.php:140
#5: Bitrix\Main\HttpApplication->runController
	/home/bitrix/www/bitrix/modules/main/include/routing_index.php:135
----------
Host: crm.sodeistvie.su:443
Date: 2024-12-24 13:13:28
Module: referralId
40101
#0: KPLab\API\V2\Controller\Partners->getSellersAction
	
#1: ReflectionMethod->invokeArgs
	/home/bitrix/www/bitrix/modules/main/lib/engine/autowire/binder.php:207
#2: Bitrix\Main\Engine\AutoWire\Binder->invoke
	/home/bitrix/www/bitrix/modules/main/lib/engine/action.php:117
#3: Bitrix\Main\Engine\Action->runWithSourceParametersList
	/home/bitrix/www/bitrix/modules/main/lib/engine/controller.php:425
#4: Bitrix\Main\Engine\Controller->run
	/home/bitrix/www/bitrix/modules/main/lib/httpapplication.php:140
#5: Bitrix\Main\HttpApplication->runController
	/home/bitrix/www/bitrix/modules/main/include/routing_index.php:135
----------
Host: crm.sodeistvie.su:443
Date: 2024-12-24 13:13:28
Module: arFilter
array (
  '::LOGIC' => 'AND',
  'IBLOCK_ID' => 167,
  '=PROPERTY_REFERRAL_ID' => 40101,
  'PROPERTY_STATUS_VALUE' => 'Новый',
  '>=PROPERTY_DATE_LEAD' => '2024-08-01T00:00:00',
  '<=PROPERTY_DATE_LEAD' => '2024-12-31T23:59:59',
)
#0: KPLab\API\V2\Controller\Partners->getSellersAction
	
#1: ReflectionMethod->invokeArgs
	/home/bitrix/www/bitrix/modules/main/lib/engine/autowire/binder.php:207
#2: Bitrix\Main\Engine\AutoWire\Binder->invoke
	/home/bitrix/www/bitrix/modules/main/lib/engine/action.php:117
#3: Bitrix\Main\Engine\Action->runWithSourceParametersList
	/home/bitrix/www/bitrix/modules/main/lib/engine/controller.php:425
#4: Bitrix\Main\Engine\Controller->run
	/home/bitrix/www/bitrix/modules/main/lib/httpapplication.php:140
#5: Bitrix\Main\HttpApplication->runController
	/home/bitrix/www/bitrix/modules/main/include/routing_index.php:135
----------
Host: crm.sodeistvie.su:443
Date: 2024-12-24 14:28:27
Module: queryArray
array (
  'partnerInn' => '7721546864',
  'page' => '601',
  'status' => 'all',
)
#0: KPLab\API\V2\Controller\Partners->getSellersAction
	
#1: ReflectionMethod->invokeArgs
	/home/bitrix/www/bitrix/modules/main/lib/engine/autowire/binder.php:207
#2: Bitrix\Main\Engine\AutoWire\Binder->invoke
	/home/bitrix/www/bitrix/modules/main/lib/engine/action.php:117
#3: Bitrix\Main\Engine\Action->runWithSourceParametersList
	/home/bitrix/www/bitrix/modules/main/lib/engine/controller.php:425
#4: Bitrix\Main\Engine\Controller->run
	/home/bitrix/www/bitrix/modules/main/lib/httpapplication.php:140
#5: Bitrix\Main\HttpApplication->runController
	/home/bitrix/www/bitrix/modules/main/include/routing_index.php:135
----------
Host: crm.sodeistvie.su:443
Date: 2024-12-24 14:28:27
Module: queryArray
array (
  'partnerInn' => '7721546864',
  'page' => '551',
  'status' => 'all',
)
#0: KPLab\API\V2\Controller\Partners->getSellersAction
	
#1: ReflectionMethod->invokeArgs
	/home/bitrix/www/bitrix/modules/main/lib/engine/autowire/binder.php:207
#2: Bitrix\Main\Engine\AutoWire\Binder->invoke
	/home/bitrix/www/bitrix/modules/main/lib/engine/action.php:117
#3: Bitrix\Main\Engine\Action->runWithSourceParametersList
	/home/bitrix/www/bitrix/modules/main/lib/engine/controller.php:425
#4: Bitrix\Main\Engine\Controller->run
	/home/bitrix/www/bitrix/modules/main/lib/httpapplication.php:140
#5: Bitrix\Main\HttpApplication->runController
	/home/bitrix/www/bitrix/modules/main/include/routing_index.php:135
----------
Host: crm.sodeistvie.su:443
Date: 2024-12-24 14:28:28
Module: referralId
32813
#0: KPLab\API\V2\Controller\Partners->getSellersAction
	
#1: ReflectionMethod->invokeArgs
	/home/bitrix/www/bitrix/modules/main/lib/engine/autowire/binder.php:207
#2: Bitrix\Main\Engine\AutoWire\Binder->invoke
	/home/bitrix/www/bitrix/modules/main/lib/engine/action.php:117
#3: Bitrix\Main\Engine\Action->runWithSourceParametersList
	/home/bitrix/www/bitrix/modules/main/lib/engine/controller.php:425
#4: Bitrix\Main\Engine\Controller->run
	/home/bitrix/www/bitrix/modules/main/lib/httpapplication.php:140
#5: Bitrix\Main\HttpApplication->runController
	/home/bitrix/www/bitrix/modules/main/include/routing_index.php:135
----------
Host: crm.sodeistvie.su:443
Date: 2024-12-24 14:28:28
Module: referralId
32813
#0: KPLab\API\V2\Controller\Partners->getSellersAction
	
#1: ReflectionMethod->invokeArgs
	/home/bitrix/www/bitrix/modules/main/lib/engine/autowire/binder.php:207
#2: Bitrix\Main\Engine\AutoWire\Binder->invoke
	/home/bitrix/www/bitrix/modules/main/lib/engine/action.php:117
#3: Bitrix\Main\Engine\Action->runWithSourceParametersList
	/home/bitrix/www/bitrix/modules/main/lib/engine/controller.php:425
#4: Bitrix\Main\Engine\Controller->run
	/home/bitrix/www/bitrix/modules/main/lib/httpapplication.php:140
#5: Bitrix\Main\HttpApplication->runController
	/home/bitrix/www/bitrix/modules/main/include/routing_index.php:135
----------
Host: crm.sodeistvie.su:443
Date: 2024-12-24 14:58:36
Module: queryArray
array (
  'partnerInn' => '072602355111',
  'page' => '1',
)
#0: KPLab\API\V2\Controller\Partners->getSellersAction
	
#1: ReflectionMethod->invokeArgs
	/home/bitrix/www/bitrix/modules/main/lib/engine/autowire/binder.php:207
#2: Bitrix\Main\Engine\AutoWire\Binder->invoke
	/home/bitrix/www/bitrix/modules/main/lib/engine/action.php:117
#3: Bitrix\Main\Engine\Action->runWithSourceParametersList
	/home/bitrix/www/bitrix/modules/main/lib/engine/controller.php:425
#4: Bitrix\Main\Engine\Controller->run
	/home/bitrix/www/bitrix/modules/main/lib/httpapplication.php:140
#5: Bitrix\Main\HttpApplication->runController
	/home/bitrix/www/bitrix/modules/main/include/routing_index.php:135
----------
Host: crm.sodeistvie.su:443
Date: 2024-12-24 14:58:36
Module: referralId
39397
#0: KPLab\API\V2\Controller\Partners->getSellersAction
	
#1: ReflectionMethod->invokeArgs
	/home/bitrix/www/bitrix/modules/main/lib/engine/autowire/binder.php:207
#2: Bitrix\Main\Engine\AutoWire\Binder->invoke
	/home/bitrix/www/bitrix/modules/main/lib/engine/action.php:117
#3: Bitrix\Main\Engine\Action->runWithSourceParametersList
	/home/bitrix/www/bitrix/modules/main/lib/engine/controller.php:425
#4: Bitrix\Main\Engine\Controller->run
	/home/bitrix/www/bitrix/modules/main/lib/httpapplication.php:140
#5: Bitrix\Main\HttpApplication->runController
	/home/bitrix/www/bitrix/modules/main/include/routing_index.php:135
----------
Host: crm.sodeistvie.su:443
Date: 2024-12-24 14:58:40
Module: queryArray
array (
  'partnerInn' => '072602355111',
  'page' => '1',
)
#0: KPLab\API\V2\Controller\Partners->getSellersAction
	
#1: ReflectionMethod->invokeArgs
	/home/bitrix/www/bitrix/modules/main/lib/engine/autowire/binder.php:207
#2: Bitrix\Main\Engine\AutoWire\Binder->invoke
	/home/bitrix/www/bitrix/modules/main/lib/engine/action.php:117
#3: Bitrix\Main\Engine\Action->runWithSourceParametersList
	/home/bitrix/www/bitrix/modules/main/lib/engine/controller.php:425
#4: Bitrix\Main\Engine\Controller->run
	/home/bitrix/www/bitrix/modules/main/lib/httpapplication.php:140
#5: Bitrix\Main\HttpApplication->runController
	/home/bitrix/www/bitrix/modules/main/include/routing_index.php:135
----------
Host: crm.sodeistvie.su:443
Date: 2024-12-24 14:58:41
Module: referralId
39397
#0: KPLab\API\V2\Controller\Partners->getSellersAction
	
#1: ReflectionMethod->invokeArgs
	/home/bitrix/www/bitrix/modules/main/lib/engine/autowire/binder.php:207
#2: Bitrix\Main\Engine\AutoWire\Binder->invoke
	/home/bitrix/www/bitrix/modules/main/lib/engine/action.php:117
#3: Bitrix\Main\Engine\Action->runWithSourceParametersList
	/home/bitrix/www/bitrix/modules/main/lib/engine/controller.php:425
#4: Bitrix\Main\Engine\Controller->run
	/home/bitrix/www/bitrix/modules/main/lib/httpapplication.php:140
#5: Bitrix\Main\HttpApplication->runController
	/home/bitrix/www/bitrix/modules/main/include/routing_index.php:135
----------
Host: crm.sodeistvie.su:443
Date: 2024-12-24 14:58:46
Module: queryArray
array (
  'partnerInn' => '072602355111',
  'page' => '51',
  'status' => 'all',
)
#0: KPLab\API\V2\Controller\Partners->getSellersAction
	
#1: ReflectionMethod->invokeArgs
	/home/bitrix/www/bitrix/modules/main/lib/engine/autowire/binder.php:207
#2: Bitrix\Main\Engine\AutoWire\Binder->invoke
	/home/bitrix/www/bitrix/modules/main/lib/engine/action.php:117
#3: Bitrix\Main\Engine\Action->runWithSourceParametersList
	/home/bitrix/www/bitrix/modules/main/lib/engine/controller.php:425
#4: Bitrix\Main\Engine\Controller->run
	/home/bitrix/www/bitrix/modules/main/lib/httpapplication.php:140
#5: Bitrix\Main\HttpApplication->runController
	/home/bitrix/www/bitrix/modules/main/include/routing_index.php:135
----------
Host: crm.sodeistvie.su:443
Date: 2024-12-24 14:58:47
Module: referralId
39397
#0: KPLab\API\V2\Controller\Partners->getSellersAction
	
#1: ReflectionMethod->invokeArgs
	/home/bitrix/www/bitrix/modules/main/lib/engine/autowire/binder.php:207
#2: Bitrix\Main\Engine\AutoWire\Binder->invoke
	/home/bitrix/www/bitrix/modules/main/lib/engine/action.php:117
#3: Bitrix\Main\Engine\Action->runWithSourceParametersList
	/home/bitrix/www/bitrix/modules/main/lib/engine/controller.php:425
#4: Bitrix\Main\Engine\Controller->run
	/home/bitrix/www/bitrix/modules/main/lib/httpapplication.php:140
#5: Bitrix\Main\HttpApplication->runController
	/home/bitrix/www/bitrix/modules/main/include/routing_index.php:135
----------
Host: crm.sodeistvie.su:443
Date: 2024-12-24 15:41:26
Module: queryArray
array (
  'partnerInn' => '7721546864',
  'page' => '651',
  'status' => 'all',
)
#0: KPLab\API\V2\Controller\Partners->getSellersAction
	
#1: ReflectionMethod->invokeArgs
	/home/bitrix/www/bitrix/modules/main/lib/engine/autowire/binder.php:207
#2: Bitrix\Main\Engine\AutoWire\Binder->invoke
	/home/bitrix/www/bitrix/modules/main/lib/engine/action.php:117
#3: Bitrix\Main\Engine\Action->runWithSourceParametersList
	/home/bitrix/www/bitrix/modules/main/lib/engine/controller.php:425
#4: Bitrix\Main\Engine\Controller->run
	/home/bitrix/www/bitrix/modules/main/lib/httpapplication.php:140
#5: Bitrix\Main\HttpApplication->runController
	/home/bitrix/www/bitrix/modules/main/include/routing_index.php:135
----------
Host: crm.sodeistvie.su:443
Date: 2024-12-24 15:41:26
Module: queryArray
array (
  'partnerInn' => '7721546864',
  'page' => '701',
  'status' => 'all',
)
#0: KPLab\API\V2\Controller\Partners->getSellersAction
	
#1: ReflectionMethod->invokeArgs
	/home/bitrix/www/bitrix/modules/main/lib/engine/autowire/binder.php:207
#2: Bitrix\Main\Engine\AutoWire\Binder->invoke
	/home/bitrix/www/bitrix/modules/main/lib/engine/action.php:117
#3: Bitrix\Main\Engine\Action->runWithSourceParametersList
	/home/bitrix/www/bitrix/modules/main/lib/engine/controller.php:425
#4: Bitrix\Main\Engine\Controller->run
	/home/bitrix/www/bitrix/modules/main/lib/httpapplication.php:140
#5: Bitrix\Main\HttpApplication->runController
	/home/bitrix/www/bitrix/modules/main/include/routing_index.php:135
----------
Host: crm.sodeistvie.su:443
Date: 2024-12-24 15:41:26
Module: referralId
32813
#0: KPLab\API\V2\Controller\Partners->getSellersAction
	
#1: ReflectionMethod->invokeArgs
	/home/bitrix/www/bitrix/modules/main/lib/engine/autowire/binder.php:207
#2: Bitrix\Main\Engine\AutoWire\Binder->invoke
	/home/bitrix/www/bitrix/modules/main/lib/engine/action.php:117
#3: Bitrix\Main\Engine\Action->runWithSourceParametersList
	/home/bitrix/www/bitrix/modules/main/lib/engine/controller.php:425
#4: Bitrix\Main\Engine\Controller->run
	/home/bitrix/www/bitrix/modules/main/lib/httpapplication.php:140
#5: Bitrix\Main\HttpApplication->runController
	/home/bitrix/www/bitrix/modules/main/include/routing_index.php:135
----------
Host: crm.sodeistvie.su:443
Date: 2024-12-24 15:41:26
Module: referralId
32813
#0: KPLab\API\V2\Controller\Partners->getSellersAction
	
#1: ReflectionMethod->invokeArgs
	/home/bitrix/www/bitrix/modules/main/lib/engine/autowire/binder.php:207
#2: Bitrix\Main\Engine\AutoWire\Binder->invoke
	/home/bitrix/www/bitrix/modules/main/lib/engine/action.php:117
#3: Bitrix\Main\Engine\Action->runWithSourceParametersList
	/home/bitrix/www/bitrix/modules/main/lib/engine/controller.php:425
#4: Bitrix\Main\Engine\Controller->run
	/home/bitrix/www/bitrix/modules/main/lib/httpapplication.php:140
#5: Bitrix\Main\HttpApplication->runController
	/home/bitrix/www/bitrix/modules/main/include/routing_index.php:135
----------
Host: crm.sodeistvie.su:443
Date: 2024-12-24 16:23:08
Module: queryArray
array (
  'partnerInn' => '245728327820',
  'page' => '1',
)
#0: KPLab\API\V2\Controller\Partners->getSellersAction
	
#1: ReflectionMethod->invokeArgs
	/home/bitrix/www/bitrix/modules/main/lib/engine/autowire/binder.php:207
#2: Bitrix\Main\Engine\AutoWire\Binder->invoke
	/home/bitrix/www/bitrix/modules/main/lib/engine/action.php:117
#3: Bitrix\Main\Engine\Action->runWithSourceParametersList
	/home/bitrix/www/bitrix/modules/main/lib/engine/controller.php:425
#4: Bitrix\Main\Engine\Controller->run
	/home/bitrix/www/bitrix/modules/main/lib/httpapplication.php:140
#5: Bitrix\Main\HttpApplication->runController
	/home/bitrix/www/bitrix/modules/main/include/routing_index.php:135
----------
Host: crm.sodeistvie.su:443
Date: 2024-12-24 16:23:08
Module: referralId
31652
#0: KPLab\API\V2\Controller\Partners->getSellersAction
	
#1: ReflectionMethod->invokeArgs
	/home/bitrix/www/bitrix/modules/main/lib/engine/autowire/binder.php:207
#2: Bitrix\Main\Engine\AutoWire\Binder->invoke
	/home/bitrix/www/bitrix/modules/main/lib/engine/action.php:117
#3: Bitrix\Main\Engine\Action->runWithSourceParametersList
	/home/bitrix/www/bitrix/modules/main/lib/engine/controller.php:425
#4: Bitrix\Main\Engine\Controller->run
	/home/bitrix/www/bitrix/modules/main/lib/httpapplication.php:140
#5: Bitrix\Main\HttpApplication->runController
	/home/bitrix/www/bitrix/modules/main/include/routing_index.php:135
----------
Host: crm.sodeistvie.su:443
Date: 2024-12-24 16:53:10
Module: queryArray
array (
  'partnerInn' => '771507882362',
  'page' => '1',
)
#0: KPLab\API\V2\Controller\Partners->getSellersAction
	
#1: ReflectionMethod->invokeArgs
	/home/bitrix/www/bitrix/modules/main/lib/engine/autowire/binder.php:207
#2: Bitrix\Main\Engine\AutoWire\Binder->invoke
	/home/bitrix/www/bitrix/modules/main/lib/engine/action.php:117
#3: Bitrix\Main\Engine\Action->runWithSourceParametersList
	/home/bitrix/www/bitrix/modules/main/lib/engine/controller.php:425
#4: Bitrix\Main\Engine\Controller->run
	/home/bitrix/www/bitrix/modules/main/lib/httpapplication.php:140
#5: Bitrix\Main\HttpApplication->runController
	/home/bitrix/www/bitrix/modules/main/include/routing_index.php:135
----------
Host: crm.sodeistvie.su:443
Date: 2024-12-24 16:53:10
Module: referralId
51760
#0: KPLab\API\V2\Controller\Partners->getSellersAction
	
#1: ReflectionMethod->invokeArgs
	/home/bitrix/www/bitrix/modules/main/lib/engine/autowire/binder.php:207
#2: Bitrix\Main\Engine\AutoWire\Binder->invoke
	/home/bitrix/www/bitrix/modules/main/lib/engine/action.php:117
#3: Bitrix\Main\Engine\Action->runWithSourceParametersList
	/home/bitrix/www/bitrix/modules/main/lib/engine/controller.php:425
#4: Bitrix\Main\Engine\Controller->run
	/home/bitrix/www/bitrix/modules/main/lib/httpapplication.php:140
#5: Bitrix\Main\HttpApplication->runController
	/home/bitrix/www/bitrix/modules/main/include/routing_index.php:135
----------
Host: crm.sodeistvie.su:443
Date: 2024-12-25 11:43:22
Module: queryArray
array (
  'partnerInn' => '771507882362',
  'page' => '1',
)
#0: KPLab\API\V2\Controller\Partners->getSellersAction
	
#1: ReflectionMethod->invokeArgs
	/home/bitrix/www/bitrix/modules/main/lib/engine/autowire/binder.php:207
#2: Bitrix\Main\Engine\AutoWire\Binder->invoke
	/home/bitrix/www/bitrix/modules/main/lib/engine/action.php:117
#3: Bitrix\Main\Engine\Action->runWithSourceParametersList
	/home/bitrix/www/bitrix/modules/main/lib/engine/controller.php:425
#4: Bitrix\Main\Engine\Controller->run
	/home/bitrix/www/bitrix/modules/main/lib/httpapplication.php:140
#5: Bitrix\Main\HttpApplication->runController
	/home/bitrix/www/bitrix/modules/main/include/routing_index.php:135
----------
Host: crm.sodeistvie.su:443
Date: 2024-12-25 11:43:23
Module: referralId
51760
#0: KPLab\API\V2\Controller\Partners->getSellersAction
	
#1: ReflectionMethod->invokeArgs
	/home/bitrix/www/bitrix/modules/main/lib/engine/autowire/binder.php:207
#2: Bitrix\Main\Engine\AutoWire\Binder->invoke
	/home/bitrix/www/bitrix/modules/main/lib/engine/action.php:117
#3: Bitrix\Main\Engine\Action->runWithSourceParametersList
	/home/bitrix/www/bitrix/modules/main/lib/engine/controller.php:425
#4: Bitrix\Main\Engine\Controller->run
	/home/bitrix/www/bitrix/modules/main/lib/httpapplication.php:140
#5: Bitrix\Main\HttpApplication->runController
	/home/bitrix/www/bitrix/modules/main/include/routing_index.php:135
----------
Host: crm.sodeistvie.su:443
Date: 2024-12-25 11:59:59
Module: queryArray
array (
  'partnerInn' => '312703301063',
  'page' => '1',
)
#0: KPLab\API\V2\Controller\Partners->getSellersAction
	
#1: ReflectionMethod->invokeArgs
	/home/bitrix/www/bitrix/modules/main/lib/engine/autowire/binder.php:207
#2: Bitrix\Main\Engine\AutoWire\Binder->invoke
	/home/bitrix/www/bitrix/modules/main/lib/engine/action.php:117
#3: Bitrix\Main\Engine\Action->runWithSourceParametersList
	/home/bitrix/www/bitrix/modules/main/lib/engine/controller.php:425
#4: Bitrix\Main\Engine\Controller->run
	/home/bitrix/www/bitrix/modules/main/lib/httpapplication.php:140
#5: Bitrix\Main\HttpApplication->runController
	/home/bitrix/www/bitrix/modules/main/include/routing_index.php:135
----------
Host: crm.sodeistvie.su:443
Date: 2024-12-25 12:00:00
Module: referralId
31069
#0: KPLab\API\V2\Controller\Partners->getSellersAction
	
#1: ReflectionMethod->invokeArgs
	/home/bitrix/www/bitrix/modules/main/lib/engine/autowire/binder.php:207
#2: Bitrix\Main\Engine\AutoWire\Binder->invoke
	/home/bitrix/www/bitrix/modules/main/lib/engine/action.php:117
#3: Bitrix\Main\Engine\Action->runWithSourceParametersList
	/home/bitrix/www/bitrix/modules/main/lib/engine/controller.php:425
#4: Bitrix\Main\Engine\Controller->run
	/home/bitrix/www/bitrix/modules/main/lib/httpapplication.php:140
#5: Bitrix\Main\HttpApplication->runController
	/home/bitrix/www/bitrix/modules/main/include/routing_index.php:135
----------
Host: crm.sodeistvie.su:443
Date: 2024-12-25 12:02:47
Module: queryArray
array (
  'partnerInn' => '312703301063',
  'page' => '1',
)
#0: KPLab\API\V2\Controller\Partners->getSellersAction
	
#1: ReflectionMethod->invokeArgs
	/home/bitrix/www/bitrix/modules/main/lib/engine/autowire/binder.php:207
#2: Bitrix\Main\Engine\AutoWire\Binder->invoke
	/home/bitrix/www/bitrix/modules/main/lib/engine/action.php:117
#3: Bitrix\Main\Engine\Action->runWithSourceParametersList
	/home/bitrix/www/bitrix/modules/main/lib/engine/controller.php:425
#4: Bitrix\Main\Engine\Controller->run
	/home/bitrix/www/bitrix/modules/main/lib/httpapplication.php:140
#5: Bitrix\Main\HttpApplication->runController
	/home/bitrix/www/bitrix/modules/main/include/routing_index.php:135
----------
Host: crm.sodeistvie.su:443
Date: 2024-12-25 12:02:47
Module: referralId
31069
#0: KPLab\API\V2\Controller\Partners->getSellersAction
	
#1: ReflectionMethod->invokeArgs
	/home/bitrix/www/bitrix/modules/main/lib/engine/autowire/binder.php:207
#2: Bitrix\Main\Engine\AutoWire\Binder->invoke
	/home/bitrix/www/bitrix/modules/main/lib/engine/action.php:117
#3: Bitrix\Main\Engine\Action->runWithSourceParametersList
	/home/bitrix/www/bitrix/modules/main/lib/engine/controller.php:425
#4: Bitrix\Main\Engine\Controller->run
	/home/bitrix/www/bitrix/modules/main/lib/httpapplication.php:140
#5: Bitrix\Main\HttpApplication->runController
	/home/bitrix/www/bitrix/modules/main/include/routing_index.php:135
----------
Host: crm.sodeistvie.su:443
Date: 2024-12-25 12:03:17
Module: queryArray
array (
  'partnerInn' => '312703301063',
  'page' => '1',
)
#0: KPLab\API\V2\Controller\Partners->getSellersAction
	
#1: ReflectionMethod->invokeArgs
	/home/bitrix/www/bitrix/modules/main/lib/engine/autowire/binder.php:207
#2: Bitrix\Main\Engine\AutoWire\Binder->invoke
	/home/bitrix/www/bitrix/modules/main/lib/engine/action.php:117
#3: Bitrix\Main\Engine\Action->runWithSourceParametersList
	/home/bitrix/www/bitrix/modules/main/lib/engine/controller.php:425
#4: Bitrix\Main\Engine\Controller->run
	/home/bitrix/www/bitrix/modules/main/lib/httpapplication.php:140
#5: Bitrix\Main\HttpApplication->runController
	/home/bitrix/www/bitrix/modules/main/include/routing_index.php:135
----------
Host: crm.sodeistvie.su:443
Date: 2024-12-25 12:03:17
Module: referralId
31069
#0: KPLab\API\V2\Controller\Partners->getSellersAction
	
#1: ReflectionMethod->invokeArgs
	/home/bitrix/www/bitrix/modules/main/lib/engine/autowire/binder.php:207
#2: Bitrix\Main\Engine\AutoWire\Binder->invoke
	/home/bitrix/www/bitrix/modules/main/lib/engine/action.php:117
#3: Bitrix\Main\Engine\Action->runWithSourceParametersList
	/home/bitrix/www/bitrix/modules/main/lib/engine/controller.php:425
#4: Bitrix\Main\Engine\Controller->run
	/home/bitrix/www/bitrix/modules/main/lib/httpapplication.php:140
#5: Bitrix\Main\HttpApplication->runController
	/home/bitrix/www/bitrix/modules/main/include/routing_index.php:135
----------
Host: crm.sodeistvie.su:443
Date: 2024-12-25 12:20:06
Module: queryArray
array (
  'partnerInn' => '7721546864',
  'page' => '751',
  'status' => 'all',
)
#0: KPLab\API\V2\Controller\Partners->getSellersAction
	
#1: ReflectionMethod->invokeArgs
	/home/bitrix/www/bitrix/modules/main/lib/engine/autowire/binder.php:207
#2: Bitrix\Main\Engine\AutoWire\Binder->invoke
	/home/bitrix/www/bitrix/modules/main/lib/engine/action.php:117
#3: Bitrix\Main\Engine\Action->runWithSourceParametersList
	/home/bitrix/www/bitrix/modules/main/lib/engine/controller.php:425
#4: Bitrix\Main\Engine\Controller->run
	/home/bitrix/www/bitrix/modules/main/lib/httpapplication.php:140
#5: Bitrix\Main\HttpApplication->runController
	/home/bitrix/www/bitrix/modules/main/include/routing_index.php:135
----------
Host: crm.sodeistvie.su:443
Date: 2024-12-25 12:20:06
Module: queryArray
array (
  'partnerInn' => '7721546864',
  'page' => '801',
  'status' => 'all',
)
#0: KPLab\API\V2\Controller\Partners->getSellersAction
	
#1: ReflectionMethod->invokeArgs
	/home/bitrix/www/bitrix/modules/main/lib/engine/autowire/binder.php:207
#2: Bitrix\Main\Engine\AutoWire\Binder->invoke
	/home/bitrix/www/bitrix/modules/main/lib/engine/action.php:117
#3: Bitrix\Main\Engine\Action->runWithSourceParametersList
	/home/bitrix/www/bitrix/modules/main/lib/engine/controller.php:425
#4: Bitrix\Main\Engine\Controller->run
	/home/bitrix/www/bitrix/modules/main/lib/httpapplication.php:140
#5: Bitrix\Main\HttpApplication->runController
	/home/bitrix/www/bitrix/modules/main/include/routing_index.php:135
----------
Host: crm.sodeistvie.su:443
Date: 2024-12-25 12:20:07
Module: queryArray
array (
  'partnerInn' => '7721546864',
  'page' => '851',
  'status' => 'all',
)
#0: KPLab\API\V2\Controller\Partners->getSellersAction
	
#1: ReflectionMethod->invokeArgs
	/home/bitrix/www/bitrix/modules/main/lib/engine/autowire/binder.php:207
#2: Bitrix\Main\Engine\AutoWire\Binder->invoke
	/home/bitrix/www/bitrix/modules/main/lib/engine/action.php:117
#3: Bitrix\Main\Engine\Action->runWithSourceParametersList
	/home/bitrix/www/bitrix/modules/main/lib/engine/controller.php:425
#4: Bitrix\Main\Engine\Controller->run
	/home/bitrix/www/bitrix/modules/main/lib/httpapplication.php:140
#5: Bitrix\Main\HttpApplication->runController
	/home/bitrix/www/bitrix/modules/main/include/routing_index.php:135
----------
Host: crm.sodeistvie.su:443
Date: 2024-12-25 12:20:07
Module: referralId
32813
#0: KPLab\API\V2\Controller\Partners->getSellersAction
	
#1: ReflectionMethod->invokeArgs
	/home/bitrix/www/bitrix/modules/main/lib/engine/autowire/binder.php:207
#2: Bitrix\Main\Engine\AutoWire\Binder->invoke
	/home/bitrix/www/bitrix/modules/main/lib/engine/action.php:117
#3: Bitrix\Main\Engine\Action->runWithSourceParametersList
	/home/bitrix/www/bitrix/modules/main/lib/engine/controller.php:425
#4: Bitrix\Main\Engine\Controller->run
	/home/bitrix/www/bitrix/modules/main/lib/httpapplication.php:140
#5: Bitrix\Main\HttpApplication->runController
	/home/bitrix/www/bitrix/modules/main/include/routing_index.php:135
----------
Host: crm.sodeistvie.su:443
Date: 2024-12-25 12:20:07
Module: referralId
32813
#0: KPLab\API\V2\Controller\Partners->getSellersAction
	
#1: ReflectionMethod->invokeArgs
	/home/bitrix/www/bitrix/modules/main/lib/engine/autowire/binder.php:207
#2: Bitrix\Main\Engine\AutoWire\Binder->invoke
	/home/bitrix/www/bitrix/modules/main/lib/engine/action.php:117
#3: Bitrix\Main\Engine\Action->runWithSourceParametersList
	/home/bitrix/www/bitrix/modules/main/lib/engine/controller.php:425
#4: Bitrix\Main\Engine\Controller->run
	/home/bitrix/www/bitrix/modules/main/lib/httpapplication.php:140
#5: Bitrix\Main\HttpApplication->runController
	/home/bitrix/www/bitrix/modules/main/include/routing_index.php:135
----------
Host: crm.sodeistvie.su:443
Date: 2024-12-25 12:20:07
Module: referralId
32813
#0: KPLab\API\V2\Controller\Partners->getSellersAction
	
#1: ReflectionMethod->invokeArgs
	/home/bitrix/www/bitrix/modules/main/lib/engine/autowire/binder.php:207
#2: Bitrix\Main\Engine\AutoWire\Binder->invoke
	/home/bitrix/www/bitrix/modules/main/lib/engine/action.php:117
#3: Bitrix\Main\Engine\Action->runWithSourceParametersList
	/home/bitrix/www/bitrix/modules/main/lib/engine/controller.php:425
#4: Bitrix\Main\Engine\Controller->run
	/home/bitrix/www/bitrix/modules/main/lib/httpapplication.php:140
#5: Bitrix\Main\HttpApplication->runController
	/home/bitrix/www/bitrix/modules/main/include/routing_index.php:135
----------
Host: crm.sodeistvie.su:443
Date: 2024-12-25 12:20:21
Module: queryArray
array (
  'partnerInn' => '7721546864',
  'page' => '901',
  'status' => 'all',
)
#0: KPLab\API\V2\Controller\Partners->getSellersAction
	
#1: ReflectionMethod->invokeArgs
	/home/bitrix/www/bitrix/modules/main/lib/engine/autowire/binder.php:207
#2: Bitrix\Main\Engine\AutoWire\Binder->invoke
	/home/bitrix/www/bitrix/modules/main/lib/engine/action.php:117
#3: Bitrix\Main\Engine\Action->runWithSourceParametersList
	/home/bitrix/www/bitrix/modules/main/lib/engine/controller.php:425
#4: Bitrix\Main\Engine\Controller->run
	/home/bitrix/www/bitrix/modules/main/lib/httpapplication.php:140
#5: Bitrix\Main\HttpApplication->runController
	/home/bitrix/www/bitrix/modules/main/include/routing_index.php:135
----------
Host: crm.sodeistvie.su:443
Date: 2024-12-25 12:20:22
Module: referralId
32813
#0: KPLab\API\V2\Controller\Partners->getSellersAction
	
#1: ReflectionMethod->invokeArgs
	/home/bitrix/www/bitrix/modules/main/lib/engine/autowire/binder.php:207
#2: Bitrix\Main\Engine\AutoWire\Binder->invoke
	/home/bitrix/www/bitrix/modules/main/lib/engine/action.php:117
#3: Bitrix\Main\Engine\Action->runWithSourceParametersList
	/home/bitrix/www/bitrix/modules/main/lib/engine/controller.php:425
#4: Bitrix\Main\Engine\Controller->run
	/home/bitrix/www/bitrix/modules/main/lib/httpapplication.php:140
#5: Bitrix\Main\HttpApplication->runController
	/home/bitrix/www/bitrix/modules/main/include/routing_index.php:135
----------
Host: crm.sodeistvie.su:443
Date: 2024-12-25 12:20:22
Module: queryArray
array (
  'partnerInn' => '7721546864',
  'page' => '951',
  'status' => 'all',
)
#0: KPLab\API\V2\Controller\Partners->getSellersAction
	
#1: ReflectionMethod->invokeArgs
	/home/bitrix/www/bitrix/modules/main/lib/engine/autowire/binder.php:207
#2: Bitrix\Main\Engine\AutoWire\Binder->invoke
	/home/bitrix/www/bitrix/modules/main/lib/engine/action.php:117
#3: Bitrix\Main\Engine\Action->runWithSourceParametersList
	/home/bitrix/www/bitrix/modules/main/lib/engine/controller.php:425
#4: Bitrix\Main\Engine\Controller->run
	/home/bitrix/www/bitrix/modules/main/lib/httpapplication.php:140
#5: Bitrix\Main\HttpApplication->runController
	/home/bitrix/www/bitrix/modules/main/include/routing_index.php:135
----------
Host: crm.sodeistvie.su:443
Date: 2024-12-25 12:20:23
Module: referralId
32813
#0: KPLab\API\V2\Controller\Partners->getSellersAction
	
#1: ReflectionMethod->invokeArgs
	/home/bitrix/www/bitrix/modules/main/lib/engine/autowire/binder.php:207
#2: Bitrix\Main\Engine\AutoWire\Binder->invoke
	/home/bitrix/www/bitrix/modules/main/lib/engine/action.php:117
#3: Bitrix\Main\Engine\Action->runWithSourceParametersList
	/home/bitrix/www/bitrix/modules/main/lib/engine/controller.php:425
#4: Bitrix\Main\Engine\Controller->run
	/home/bitrix/www/bitrix/modules/main/lib/httpapplication.php:140
#5: Bitrix\Main\HttpApplication->runController
	/home/bitrix/www/bitrix/modules/main/include/routing_index.php:135
----------
Host: crm.sodeistvie.su:443
Date: 2024-12-25 12:20:23
Module: queryArray
array (
  'partnerInn' => '7721546864',
  'page' => '1001',
  'status' => 'all',
)
#0: KPLab\API\V2\Controller\Partners->getSellersAction
	
#1: ReflectionMethod->invokeArgs
	/home/bitrix/www/bitrix/modules/main/lib/engine/autowire/binder.php:207
#2: Bitrix\Main\Engine\AutoWire\Binder->invoke
	/home/bitrix/www/bitrix/modules/main/lib/engine/action.php:117
#3: Bitrix\Main\Engine\Action->runWithSourceParametersList
	/home/bitrix/www/bitrix/modules/main/lib/engine/controller.php:425
#4: Bitrix\Main\Engine\Controller->run
	/home/bitrix/www/bitrix/modules/main/lib/httpapplication.php:140
#5: Bitrix\Main\HttpApplication->runController
	/home/bitrix/www/bitrix/modules/main/include/routing_index.php:135
----------
Host: crm.sodeistvie.su:443
Date: 2024-12-25 12:20:23
Module: referralId
32813
#0: KPLab\API\V2\Controller\Partners->getSellersAction
	
#1: ReflectionMethod->invokeArgs
	/home/bitrix/www/bitrix/modules/main/lib/engine/autowire/binder.php:207
#2: Bitrix\Main\Engine\AutoWire\Binder->invoke
	/home/bitrix/www/bitrix/modules/main/lib/engine/action.php:117
#3: Bitrix\Main\Engine\Action->runWithSourceParametersList
	/home/bitrix/www/bitrix/modules/main/lib/engine/controller.php:425
#4: Bitrix\Main\Engine\Controller->run
	/home/bitrix/www/bitrix/modules/main/lib/httpapplication.php:140
#5: Bitrix\Main\HttpApplication->runController
	/home/bitrix/www/bitrix/modules/main/include/routing_index.php:135
----------
Host: crm.sodeistvie.su:443
Date: 2024-12-25 12:20:24
Module: queryArray
array (
  'partnerInn' => '7721546864',
  'page' => '1051',
  'status' => 'all',
)
#0: KPLab\API\V2\Controller\Partners->getSellersAction
	
#1: ReflectionMethod->invokeArgs
	/home/bitrix/www/bitrix/modules/main/lib/engine/autowire/binder.php:207
#2: Bitrix\Main\Engine\AutoWire\Binder->invoke
	/home/bitrix/www/bitrix/modules/main/lib/engine/action.php:117
#3: Bitrix\Main\Engine\Action->runWithSourceParametersList
	/home/bitrix/www/bitrix/modules/main/lib/engine/controller.php:425
#4: Bitrix\Main\Engine\Controller->run
	/home/bitrix/www/bitrix/modules/main/lib/httpapplication.php:140
#5: Bitrix\Main\HttpApplication->runController
	/home/bitrix/www/bitrix/modules/main/include/routing_index.php:135
----------
Host: crm.sodeistvie.su:443
Date: 2024-12-25 12:20:24
Module: referralId
32813
#0: KPLab\API\V2\Controller\Partners->getSellersAction
	
#1: ReflectionMethod->invokeArgs
	/home/bitrix/www/bitrix/modules/main/lib/engine/autowire/binder.php:207
#2: Bitrix\Main\Engine\AutoWire\Binder->invoke
	/home/bitrix/www/bitrix/modules/main/lib/engine/action.php:117
#3: Bitrix\Main\Engine\Action->runWithSourceParametersList
	/home/bitrix/www/bitrix/modules/main/lib/engine/controller.php:425
#4: Bitrix\Main\Engine\Controller->run
	/home/bitrix/www/bitrix/modules/main/lib/httpapplication.php:140
#5: Bitrix\Main\HttpApplication->runController
	/home/bitrix/www/bitrix/modules/main/include/routing_index.php:135
----------
Host: crm.sodeistvie.su:443
Date: 2024-12-25 12:20:35
Module: queryArray
array (
  'partnerInn' => '7721546864',
)
#0: KPLab\API\V2\Controller\Partners->getSellersAction
	
#1: ReflectionMethod->invokeArgs
	/home/bitrix/www/bitrix/modules/main/lib/engine/autowire/binder.php:207
#2: Bitrix\Main\Engine\AutoWire\Binder->invoke
	/home/bitrix/www/bitrix/modules/main/lib/engine/action.php:117
#3: Bitrix\Main\Engine\Action->runWithSourceParametersList
	/home/bitrix/www/bitrix/modules/main/lib/engine/controller.php:425
#4: Bitrix\Main\Engine\Controller->run
	/home/bitrix/www/bitrix/modules/main/lib/httpapplication.php:140
#5: Bitrix\Main\HttpApplication->runController
	/home/bitrix/www/bitrix/modules/main/include/routing_index.php:135
----------
Host: crm.sodeistvie.su:443
Date: 2024-12-25 12:20:36
Module: referralId
32813
#0: KPLab\API\V2\Controller\Partners->getSellersAction
	
#1: ReflectionMethod->invokeArgs
	/home/bitrix/www/bitrix/modules/main/lib/engine/autowire/binder.php:207
#2: Bitrix\Main\Engine\AutoWire\Binder->invoke
	/home/bitrix/www/bitrix/modules/main/lib/engine/action.php:117
#3: Bitrix\Main\Engine\Action->runWithSourceParametersList
	/home/bitrix/www/bitrix/modules/main/lib/engine/controller.php:425
#4: Bitrix\Main\Engine\Controller->run
	/home/bitrix/www/bitrix/modules/main/lib/httpapplication.php:140
#5: Bitrix\Main\HttpApplication->runController
	/home/bitrix/www/bitrix/modules/main/include/routing_index.php:135
----------
Host: crm.sodeistvie.su:443
Date: 2024-12-25 12:20:49
Module: queryArray
array (
  'partnerInn' => '7721546864',
)
#0: KPLab\API\V2\Controller\Partners->getSellersAction
	
#1: ReflectionMethod->invokeArgs
	/home/bitrix/www/bitrix/modules/main/lib/engine/autowire/binder.php:207
#2: Bitrix\Main\Engine\AutoWire\Binder->invoke
	/home/bitrix/www/bitrix/modules/main/lib/engine/action.php:117
#3: Bitrix\Main\Engine\Action->runWithSourceParametersList
	/home/bitrix/www/bitrix/modules/main/lib/engine/controller.php:425
#4: Bitrix\Main\Engine\Controller->run
	/home/bitrix/www/bitrix/modules/main/lib/httpapplication.php:140
#5: Bitrix\Main\HttpApplication->runController
	/home/bitrix/www/bitrix/modules/main/include/routing_index.php:135
----------
Host: crm.sodeistvie.su:443
Date: 2024-12-25 12:20:50
Module: referralId
32813
#0: KPLab\API\V2\Controller\Partners->getSellersAction
	
#1: ReflectionMethod->invokeArgs
	/home/bitrix/www/bitrix/modules/main/lib/engine/autowire/binder.php:207
#2: Bitrix\Main\Engine\AutoWire\Binder->invoke
	/home/bitrix/www/bitrix/modules/main/lib/engine/action.php:117
#3: Bitrix\Main\Engine\Action->runWithSourceParametersList
	/home/bitrix/www/bitrix/modules/main/lib/engine/controller.php:425
#4: Bitrix\Main\Engine\Controller->run
	/home/bitrix/www/bitrix/modules/main/lib/httpapplication.php:140
#5: Bitrix\Main\HttpApplication->runController
	/home/bitrix/www/bitrix/modules/main/include/routing_index.php:135
----------
Host: crm.sodeistvie.su:443
Date: 2024-12-25 12:20:51
Module: queryArray
array (
  'partnerInn' => '7721546864',
  'page' => '51',
  'status' => 'all',
)
#0: KPLab\API\V2\Controller\Partners->getSellersAction
	
#1: ReflectionMethod->invokeArgs
	/home/bitrix/www/bitrix/modules/main/lib/engine/autowire/binder.php:207
#2: Bitrix\Main\Engine\AutoWire\Binder->invoke
	/home/bitrix/www/bitrix/modules/main/lib/engine/action.php:117
#3: Bitrix\Main\Engine\Action->runWithSourceParametersList
	/home/bitrix/www/bitrix/modules/main/lib/engine/controller.php:425
#4: Bitrix\Main\Engine\Controller->run
	/home/bitrix/www/bitrix/modules/main/lib/httpapplication.php:140
#5: Bitrix\Main\HttpApplication->runController
	/home/bitrix/www/bitrix/modules/main/include/routing_index.php:135
----------
Host: crm.sodeistvie.su:443
Date: 2024-12-25 12:20:51
Module: referralId
32813
#0: KPLab\API\V2\Controller\Partners->getSellersAction
	
#1: ReflectionMethod->invokeArgs
	/home/bitrix/www/bitrix/modules/main/lib/engine/autowire/binder.php:207
#2: Bitrix\Main\Engine\AutoWire\Binder->invoke
	/home/bitrix/www/bitrix/modules/main/lib/engine/action.php:117
#3: Bitrix\Main\Engine\Action->runWithSourceParametersList
	/home/bitrix/www/bitrix/modules/main/lib/engine/controller.php:425
#4: Bitrix\Main\Engine\Controller->run
	/home/bitrix/www/bitrix/modules/main/lib/httpapplication.php:140
#5: Bitrix\Main\HttpApplication->runController
	/home/bitrix/www/bitrix/modules/main/include/routing_index.php:135
----------
Host: crm.sodeistvie.su:443
Date: 2024-12-25 12:49:10
Module: queryArray
array (
  'partnerInn' => '7721546864',
  'page' => '101',
  'status' => 'all',
)
#0: KPLab\API\V2\Controller\Partners->getSellersAction
	
#1: ReflectionMethod->invokeArgs
	/home/bitrix/www/bitrix/modules/main/lib/engine/autowire/binder.php:207
#2: Bitrix\Main\Engine\AutoWire\Binder->invoke
	/home/bitrix/www/bitrix/modules/main/lib/engine/action.php:117
#3: Bitrix\Main\Engine\Action->runWithSourceParametersList
	/home/bitrix/www/bitrix/modules/main/lib/engine/controller.php:425
#4: Bitrix\Main\Engine\Controller->run
	/home/bitrix/www/bitrix/modules/main/lib/httpapplication.php:140
#5: Bitrix\Main\HttpApplication->runController
	/home/bitrix/www/bitrix/modules/main/include/routing_index.php:135
----------
Host: crm.sodeistvie.su:443
Date: 2024-12-25 12:49:11
Module: referralId
32813
#0: KPLab\API\V2\Controller\Partners->getSellersAction
	
#1: ReflectionMethod->invokeArgs
	/home/bitrix/www/bitrix/modules/main/lib/engine/autowire/binder.php:207
#2: Bitrix\Main\Engine\AutoWire\Binder->invoke
	/home/bitrix/www/bitrix/modules/main/lib/engine/action.php:117
#3: Bitrix\Main\Engine\Action->runWithSourceParametersList
	/home/bitrix/www/bitrix/modules/main/lib/engine/controller.php:425
#4: Bitrix\Main\Engine\Controller->run
	/home/bitrix/www/bitrix/modules/main/lib/httpapplication.php:140
#5: Bitrix\Main\HttpApplication->runController
	/home/bitrix/www/bitrix/modules/main/include/routing_index.php:135
----------
Host: crm.sodeistvie.su:443
Date: 2024-12-25 13:53:54
Module: queryArray
array (
  'partnerInn' => '7721546864',
  'page' => '1',
)
#0: KPLab\API\V2\Controller\Partners->getSellersAction
	
#1: ReflectionMethod->invokeArgs
	/home/bitrix/www/bitrix/modules/main/lib/engine/autowire/binder.php:207
#2: Bitrix\Main\Engine\AutoWire\Binder->invoke
	/home/bitrix/www/bitrix/modules/main/lib/engine/action.php:117
#3: Bitrix\Main\Engine\Action->runWithSourceParametersList
	/home/bitrix/www/bitrix/modules/main/lib/engine/controller.php:425
#4: Bitrix\Main\Engine\Controller->run
	/home/bitrix/www/bitrix/modules/main/lib/httpapplication.php:140
#5: Bitrix\Main\HttpApplication->runController
	/home/bitrix/www/bitrix/modules/main/include/routing_index.php:135
----------
Host: crm.sodeistvie.su:443
Date: 2024-12-25 13:53:54
Module: referralId
32813
#0: KPLab\API\V2\Controller\Partners->getSellersAction
	
#1: ReflectionMethod->invokeArgs
	/home/bitrix/www/bitrix/modules/main/lib/engine/autowire/binder.php:207
#2: Bitrix\Main\Engine\AutoWire\Binder->invoke
	/home/bitrix/www/bitrix/modules/main/lib/engine/action.php:117
#3: Bitrix\Main\Engine\Action->runWithSourceParametersList
	/home/bitrix/www/bitrix/modules/main/lib/engine/controller.php:425
#4: Bitrix\Main\Engine\Controller->run
	/home/bitrix/www/bitrix/modules/main/lib/httpapplication.php:140
#5: Bitrix\Main\HttpApplication->runController
	/home/bitrix/www/bitrix/modules/main/include/routing_index.php:135
----------
Host: crm.sodeistvie.su:443
Date: 2024-12-25 14:14:15
Module: queryArray
array (
  'partnerInn' => '7721546864',
  'page' => '1',
)
#0: KPLab\API\V2\Controller\Partners->getSellersAction
	
#1: ReflectionMethod->invokeArgs
	/home/bitrix/www/bitrix/modules/main/lib/engine/autowire/binder.php:207
#2: Bitrix\Main\Engine\AutoWire\Binder->invoke
	/home/bitrix/www/bitrix/modules/main/lib/engine/action.php:117
#3: Bitrix\Main\Engine\Action->runWithSourceParametersList
	/home/bitrix/www/bitrix/modules/main/lib/engine/controller.php:425
#4: Bitrix\Main\Engine\Controller->run
	/home/bitrix/www/bitrix/modules/main/lib/httpapplication.php:140
#5: Bitrix\Main\HttpApplication->runController
	/home/bitrix/www/bitrix/modules/main/include/routing_index.php:135
----------
Host: crm.sodeistvie.su:443
Date: 2024-12-25 14:14:15
Module: referralId
32813
#0: KPLab\API\V2\Controller\Partners->getSellersAction
	
#1: ReflectionMethod->invokeArgs
	/home/bitrix/www/bitrix/modules/main/lib/engine/autowire/binder.php:207
#2: Bitrix\Main\Engine\AutoWire\Binder->invoke
	/home/bitrix/www/bitrix/modules/main/lib/engine/action.php:117
#3: Bitrix\Main\Engine\Action->runWithSourceParametersList
	/home/bitrix/www/bitrix/modules/main/lib/engine/controller.php:425
#4: Bitrix\Main\Engine\Controller->run
	/home/bitrix/www/bitrix/modules/main/lib/httpapplication.php:140
#5: Bitrix\Main\HttpApplication->runController
	/home/bitrix/www/bitrix/modules/main/include/routing_index.php:135
----------
Host: crm.sodeistvie.su:443
Date: 2024-12-25 15:04:08
Module: queryArray
array (
  'partnerInn' => '772173434667',
  'page' => '1',
)
#0: KPLab\API\V2\Controller\Partners->getSellersAction
	
#1: ReflectionMethod->invokeArgs
	/home/bitrix/www/bitrix/modules/main/lib/engine/autowire/binder.php:207
#2: Bitrix\Main\Engine\AutoWire\Binder->invoke
	/home/bitrix/www/bitrix/modules/main/lib/engine/action.php:117
#3: Bitrix\Main\Engine\Action->runWithSourceParametersList
	/home/bitrix/www/bitrix/modules/main/lib/engine/controller.php:425
#4: Bitrix\Main\Engine\Controller->run
	/home/bitrix/www/bitrix/modules/main/lib/httpapplication.php:140
#5: Bitrix\Main\HttpApplication->runController
	/home/bitrix/www/bitrix/modules/main/include/routing_index.php:135
----------
Host: crm.sodeistvie.su:443
Date: 2024-12-25 15:04:09
Module: referralId
49950
#0: KPLab\API\V2\Controller\Partners->getSellersAction
	
#1: ReflectionMethod->invokeArgs
	/home/bitrix/www/bitrix/modules/main/lib/engine/autowire/binder.php:207
#2: Bitrix\Main\Engine\AutoWire\Binder->invoke
	/home/bitrix/www/bitrix/modules/main/lib/engine/action.php:117
#3: Bitrix\Main\Engine\Action->runWithSourceParametersList
	/home/bitrix/www/bitrix/modules/main/lib/engine/controller.php:425
#4: Bitrix\Main\Engine\Controller->run
	/home/bitrix/www/bitrix/modules/main/lib/httpapplication.php:140
#5: Bitrix\Main\HttpApplication->runController
	/home/bitrix/www/bitrix/modules/main/include/routing_index.php:135
----------
Host: crm.sodeistvie.su:443
Date: 2024-12-25 15:04:11
Module: queryArray
array (
  'partnerInn' => '772173434667',
  'page' => '51',
  'status' => 'all',
)
#0: KPLab\API\V2\Controller\Partners->getSellersAction
	
#1: ReflectionMethod->invokeArgs
	/home/bitrix/www/bitrix/modules/main/lib/engine/autowire/binder.php:207
#2: Bitrix\Main\Engine\AutoWire\Binder->invoke
	/home/bitrix/www/bitrix/modules/main/lib/engine/action.php:117
#3: Bitrix\Main\Engine\Action->runWithSourceParametersList
	/home/bitrix/www/bitrix/modules/main/lib/engine/controller.php:425
#4: Bitrix\Main\Engine\Controller->run
	/home/bitrix/www/bitrix/modules/main/lib/httpapplication.php:140
#5: Bitrix\Main\HttpApplication->runController
	/home/bitrix/www/bitrix/modules/main/include/routing_index.php:135
----------
Host: crm.sodeistvie.su:443
Date: 2024-12-25 15:04:11
Module: referralId
49950
#0: KPLab\API\V2\Controller\Partners->getSellersAction
	
#1: ReflectionMethod->invokeArgs
	/home/bitrix/www/bitrix/modules/main/lib/engine/autowire/binder.php:207
#2: Bitrix\Main\Engine\AutoWire\Binder->invoke
	/home/bitrix/www/bitrix/modules/main/lib/engine/action.php:117
#3: Bitrix\Main\Engine\Action->runWithSourceParametersList
	/home/bitrix/www/bitrix/modules/main/lib/engine/controller.php:425
#4: Bitrix\Main\Engine\Controller->run
	/home/bitrix/www/bitrix/modules/main/lib/httpapplication.php:140
#5: Bitrix\Main\HttpApplication->runController
	/home/bitrix/www/bitrix/modules/main/include/routing_index.php:135
----------
Host: crm.sodeistvie.su:443
Date: 2024-12-25 15:04:18
Module: queryArray
array (
  'partnerInn' => '772173434667',
  'page' => '1',
)
#0: KPLab\API\V2\Controller\Partners->getSellersAction
	
#1: ReflectionMethod->invokeArgs
	/home/bitrix/www/bitrix/modules/main/lib/engine/autowire/binder.php:207
#2: Bitrix\Main\Engine\AutoWire\Binder->invoke
	/home/bitrix/www/bitrix/modules/main/lib/engine/action.php:117
#3: Bitrix\Main\Engine\Action->runWithSourceParametersList
	/home/bitrix/www/bitrix/modules/main/lib/engine/controller.php:425
#4: Bitrix\Main\Engine\Controller->run
	/home/bitrix/www/bitrix/modules/main/lib/httpapplication.php:140
#5: Bitrix\Main\HttpApplication->runController
	/home/bitrix/www/bitrix/modules/main/include/routing_index.php:135
----------
Host: crm.sodeistvie.su:443
Date: 2024-12-25 15:04:19
Module: referralId
49950
#0: KPLab\API\V2\Controller\Partners->getSellersAction
	
#1: ReflectionMethod->invokeArgs
	/home/bitrix/www/bitrix/modules/main/lib/engine/autowire/binder.php:207
#2: Bitrix\Main\Engine\AutoWire\Binder->invoke
	/home/bitrix/www/bitrix/modules/main/lib/engine/action.php:117
#3: Bitrix\Main\Engine\Action->runWithSourceParametersList
	/home/bitrix/www/bitrix/modules/main/lib/engine/controller.php:425
#4: Bitrix\Main\Engine\Controller->run
	/home/bitrix/www/bitrix/modules/main/lib/httpapplication.php:140
#5: Bitrix\Main\HttpApplication->runController
	/home/bitrix/www/bitrix/modules/main/include/routing_index.php:135
----------
Host: crm.sodeistvie.su:443
Date: 2024-12-25 15:04:20
Module: queryArray
array (
  'partnerInn' => '772173434667',
  'page' => '51',
  'status' => 'all',
)
#0: KPLab\API\V2\Controller\Partners->getSellersAction
	
#1: ReflectionMethod->invokeArgs
	/home/bitrix/www/bitrix/modules/main/lib/engine/autowire/binder.php:207
#2: Bitrix\Main\Engine\AutoWire\Binder->invoke
	/home/bitrix/www/bitrix/modules/main/lib/engine/action.php:117
#3: Bitrix\Main\Engine\Action->runWithSourceParametersList
	/home/bitrix/www/bitrix/modules/main/lib/engine/controller.php:425
#4: Bitrix\Main\Engine\Controller->run
	/home/bitrix/www/bitrix/modules/main/lib/httpapplication.php:140
#5: Bitrix\Main\HttpApplication->runController
	/home/bitrix/www/bitrix/modules/main/include/routing_index.php:135
----------
Host: crm.sodeistvie.su:443
Date: 2024-12-25 15:04:21
Module: referralId
49950
#0: KPLab\API\V2\Controller\Partners->getSellersAction
	
#1: ReflectionMethod->invokeArgs
	/home/bitrix/www/bitrix/modules/main/lib/engine/autowire/binder.php:207
#2: Bitrix\Main\Engine\AutoWire\Binder->invoke
	/home/bitrix/www/bitrix/modules/main/lib/engine/action.php:117
#3: Bitrix\Main\Engine\Action->runWithSourceParametersList
	/home/bitrix/www/bitrix/modules/main/lib/engine/controller.php:425
#4: Bitrix\Main\Engine\Controller->run
	/home/bitrix/www/bitrix/modules/main/lib/httpapplication.php:140
#5: Bitrix\Main\HttpApplication->runController
	/home/bitrix/www/bitrix/modules/main/include/routing_index.php:135
----------
Host: crm.sodeistvie.su:443
Date: 2024-12-25 15:42:44
Module: queryArray
array (
  'partnerInn' => '7721546864',
  'page' => '1',
)
#0: KPLab\API\V2\Controller\Partners->getSellersAction
	
#1: ReflectionMethod->invokeArgs
	/home/bitrix/www/bitrix/modules/main/lib/engine/autowire/binder.php:207
#2: Bitrix\Main\Engine\AutoWire\Binder->invoke
	/home/bitrix/www/bitrix/modules/main/lib/engine/action.php:117
#3: Bitrix\Main\Engine\Action->runWithSourceParametersList
	/home/bitrix/www/bitrix/modules/main/lib/engine/controller.php:425
#4: Bitrix\Main\Engine\Controller->run
	/home/bitrix/www/bitrix/modules/main/lib/httpapplication.php:140
#5: Bitrix\Main\HttpApplication->runController
	/home/bitrix/www/bitrix/modules/main/include/routing_index.php:135
----------
Host: crm.sodeistvie.su:443
Date: 2024-12-25 15:42:44
Module: referralId
32813
#0: KPLab\API\V2\Controller\Partners->getSellersAction
	
#1: ReflectionMethod->invokeArgs
	/home/bitrix/www/bitrix/modules/main/lib/engine/autowire/binder.php:207
#2: Bitrix\Main\Engine\AutoWire\Binder->invoke
	/home/bitrix/www/bitrix/modules/main/lib/engine/action.php:117
#3: Bitrix\Main\Engine\Action->runWithSourceParametersList
	/home/bitrix/www/bitrix/modules/main/lib/engine/controller.php:425
#4: Bitrix\Main\Engine\Controller->run
	/home/bitrix/www/bitrix/modules/main/lib/httpapplication.php:140
#5: Bitrix\Main\HttpApplication->runController
	/home/bitrix/www/bitrix/modules/main/include/routing_index.php:135
----------
Host: crm.sodeistvie.su:443
Date: 2024-12-25 17:15:07
Module: queryArray
array (
  'partnerInn' => '7203526909',
  'page' => '1',
)
#0: KPLab\API\V2\Controller\Partners->getSellersAction
	
#1: ReflectionMethod->invokeArgs
	/home/bitrix/www/bitrix/modules/main/lib/engine/autowire/binder.php:207
#2: Bitrix\Main\Engine\AutoWire\Binder->invoke
	/home/bitrix/www/bitrix/modules/main/lib/engine/action.php:117
#3: Bitrix\Main\Engine\Action->runWithSourceParametersList
	/home/bitrix/www/bitrix/modules/main/lib/engine/controller.php:425
#4: Bitrix\Main\Engine\Controller->run
	/home/bitrix/www/bitrix/modules/main/lib/httpapplication.php:140
#5: Bitrix\Main\HttpApplication->runController
	/home/bitrix/www/bitrix/modules/main/include/routing_index.php:135
----------
Host: crm.sodeistvie.su:443
Date: 2024-12-25 17:15:08
Module: referralId
52359
#0: KPLab\API\V2\Controller\Partners->getSellersAction
	
#1: ReflectionMethod->invokeArgs
	/home/bitrix/www/bitrix/modules/main/lib/engine/autowire/binder.php:207
#2: Bitrix\Main\Engine\AutoWire\Binder->invoke
	/home/bitrix/www/bitrix/modules/main/lib/engine/action.php:117
#3: Bitrix\Main\Engine\Action->runWithSourceParametersList
	/home/bitrix/www/bitrix/modules/main/lib/engine/controller.php:425
#4: Bitrix\Main\Engine\Controller->run
	/home/bitrix/www/bitrix/modules/main/lib/httpapplication.php:140
#5: Bitrix\Main\HttpApplication->runController
	/home/bitrix/www/bitrix/modules/main/include/routing_index.php:135
----------
Host: crm.sodeistvie.su:443
Date: 2024-12-25 17:15:18
Module: queryArray
array (
  'partnerInn' => '7203526909',
  'page' => '1',
)
#0: KPLab\API\V2\Controller\Partners->getSellersAction
	
#1: ReflectionMethod->invokeArgs
	/home/bitrix/www/bitrix/modules/main/lib/engine/autowire/binder.php:207
#2: Bitrix\Main\Engine\AutoWire\Binder->invoke
	/home/bitrix/www/bitrix/modules/main/lib/engine/action.php:117
#3: Bitrix\Main\Engine\Action->runWithSourceParametersList
	/home/bitrix/www/bitrix/modules/main/lib/engine/controller.php:425
#4: Bitrix\Main\Engine\Controller->run
	/home/bitrix/www/bitrix/modules/main/lib/httpapplication.php:140
#5: Bitrix\Main\HttpApplication->runController
	/home/bitrix/www/bitrix/modules/main/include/routing_index.php:135
----------
Host: crm.sodeistvie.su:443
Date: 2024-12-25 17:15:19
Module: referralId
52359
#0: KPLab\API\V2\Controller\Partners->getSellersAction
	
#1: ReflectionMethod->invokeArgs
	/home/bitrix/www/bitrix/modules/main/lib/engine/autowire/binder.php:207
#2: Bitrix\Main\Engine\AutoWire\Binder->invoke
	/home/bitrix/www/bitrix/modules/main/lib/engine/action.php:117
#3: Bitrix\Main\Engine\Action->runWithSourceParametersList
	/home/bitrix/www/bitrix/modules/main/lib/engine/controller.php:425
#4: Bitrix\Main\Engine\Controller->run
	/home/bitrix/www/bitrix/modules/main/lib/httpapplication.php:140
#5: Bitrix\Main\HttpApplication->runController
	/home/bitrix/www/bitrix/modules/main/include/routing_index.php:135
----------
Host: crm.sodeistvie.su:443
Date: 2024-12-25 18:50:25
Module: queryArray
array (
  'partnerInn' => '772173434667',
  'page' => '1',
)
#0: KPLab\API\V2\Controller\Partners->getSellersAction
	
#1: ReflectionMethod->invokeArgs
	/home/bitrix/www/bitrix/modules/main/lib/engine/autowire/binder.php:207
#2: Bitrix\Main\Engine\AutoWire\Binder->invoke
	/home/bitrix/www/bitrix/modules/main/lib/engine/action.php:117
#3: Bitrix\Main\Engine\Action->runWithSourceParametersList
	/home/bitrix/www/bitrix/modules/main/lib/engine/controller.php:425
#4: Bitrix\Main\Engine\Controller->run
	/home/bitrix/www/bitrix/modules/main/lib/httpapplication.php:140
#5: Bitrix\Main\HttpApplication->runController
	/home/bitrix/www/bitrix/modules/main/include/routing_index.php:135
----------
Host: crm.sodeistvie.su:443
Date: 2024-12-25 18:50:25
Module: referralId
49950
#0: KPLab\API\V2\Controller\Partners->getSellersAction
	
#1: ReflectionMethod->invokeArgs
	/home/bitrix/www/bitrix/modules/main/lib/engine/autowire/binder.php:207
#2: Bitrix\Main\Engine\AutoWire\Binder->invoke
	/home/bitrix/www/bitrix/modules/main/lib/engine/action.php:117
#3: Bitrix\Main\Engine\Action->runWithSourceParametersList
	/home/bitrix/www/bitrix/modules/main/lib/engine/controller.php:425
#4: Bitrix\Main\Engine\Controller->run
	/home/bitrix/www/bitrix/modules/main/lib/httpapplication.php:140
#5: Bitrix\Main\HttpApplication->runController
	/home/bitrix/www/bitrix/modules/main/include/routing_index.php:135
----------
Host: crm.sodeistvie.su:443
Date: 2024-12-25 18:50:29
Module: queryArray
array (
  'partnerInn' => '772173434667',
  'page' => '51',
  'status' => 'all',
)
#0: KPLab\API\V2\Controller\Partners->getSellersAction
	
#1: ReflectionMethod->invokeArgs
	/home/bitrix/www/bitrix/modules/main/lib/engine/autowire/binder.php:207
#2: Bitrix\Main\Engine\AutoWire\Binder->invoke
	/home/bitrix/www/bitrix/modules/main/lib/engine/action.php:117
#3: Bitrix\Main\Engine\Action->runWithSourceParametersList
	/home/bitrix/www/bitrix/modules/main/lib/engine/controller.php:425
#4: Bitrix\Main\Engine\Controller->run
	/home/bitrix/www/bitrix/modules/main/lib/httpapplication.php:140
#5: Bitrix\Main\HttpApplication->runController
	/home/bitrix/www/bitrix/modules/main/include/routing_index.php:135
----------
Host: crm.sodeistvie.su:443
Date: 2024-12-25 18:50:29
Module: referralId
49950
#0: KPLab\API\V2\Controller\Partners->getSellersAction
	
#1: ReflectionMethod->invokeArgs
	/home/bitrix/www/bitrix/modules/main/lib/engine/autowire/binder.php:207
#2: Bitrix\Main\Engine\AutoWire\Binder->invoke
	/home/bitrix/www/bitrix/modules/main/lib/engine/action.php:117
#3: Bitrix\Main\Engine\Action->runWithSourceParametersList
	/home/bitrix/www/bitrix/modules/main/lib/engine/controller.php:425
#4: Bitrix\Main\Engine\Controller->run
	/home/bitrix/www/bitrix/modules/main/lib/httpapplication.php:140
#5: Bitrix\Main\HttpApplication->runController
	/home/bitrix/www/bitrix/modules/main/include/routing_index.php:135
----------
Host: crm.sodeistvie.su:443
Date: 2024-12-25 19:34:10
Module: queryArray
array (
  'partnerInn' => '632132137441',
  'page' => '1',
)
#0: KPLab\API\V2\Controller\Partners->getSellersAction
	
#1: ReflectionMethod->invokeArgs
	/home/bitrix/www/bitrix/modules/main/lib/engine/autowire/binder.php:207
#2: Bitrix\Main\Engine\AutoWire\Binder->invoke
	/home/bitrix/www/bitrix/modules/main/lib/engine/action.php:117
#3: Bitrix\Main\Engine\Action->runWithSourceParametersList
	/home/bitrix/www/bitrix/modules/main/lib/engine/controller.php:425
#4: Bitrix\Main\Engine\Controller->run
	/home/bitrix/www/bitrix/modules/main/lib/httpapplication.php:140
#5: Bitrix\Main\HttpApplication->runController
	/home/bitrix/www/bitrix/modules/main/include/routing_index.php:135
----------
Host: crm.sodeistvie.su:443
Date: 2024-12-25 19:34:10
Module: referralId
46515
#0: KPLab\API\V2\Controller\Partners->getSellersAction
	
#1: ReflectionMethod->invokeArgs
	/home/bitrix/www/bitrix/modules/main/lib/engine/autowire/binder.php:207
#2: Bitrix\Main\Engine\AutoWire\Binder->invoke
	/home/bitrix/www/bitrix/modules/main/lib/engine/action.php:117
#3: Bitrix\Main\Engine\Action->runWithSourceParametersList
	/home/bitrix/www/bitrix/modules/main/lib/engine/controller.php:425
#4: Bitrix\Main\Engine\Controller->run
	/home/bitrix/www/bitrix/modules/main/lib/httpapplication.php:140
#5: Bitrix\Main\HttpApplication->runController
	/home/bitrix/www/bitrix/modules/main/include/routing_index.php:135
----------
Host: crm.sodeistvie.su:443
Date: 2024-12-25 19:34:10
Module: queryArray
array (
  'partnerInn' => '632132137441',
  'page' => '51',
  'status' => 'all',
)
#0: KPLab\API\V2\Controller\Partners->getSellersAction
	
#1: ReflectionMethod->invokeArgs
	/home/bitrix/www/bitrix/modules/main/lib/engine/autowire/binder.php:207
#2: Bitrix\Main\Engine\AutoWire\Binder->invoke
	/home/bitrix/www/bitrix/modules/main/lib/engine/action.php:117
#3: Bitrix\Main\Engine\Action->runWithSourceParametersList
	/home/bitrix/www/bitrix/modules/main/lib/engine/controller.php:425
#4: Bitrix\Main\Engine\Controller->run
	/home/bitrix/www/bitrix/modules/main/lib/httpapplication.php:140
#5: Bitrix\Main\HttpApplication->runController
	/home/bitrix/www/bitrix/modules/main/include/routing_index.php:135
----------
Host: crm.sodeistvie.su:443
Date: 2024-12-25 19:34:11
Module: referralId
46515
#0: KPLab\API\V2\Controller\Partners->getSellersAction
	
#1: ReflectionMethod->invokeArgs
	/home/bitrix/www/bitrix/modules/main/lib/engine/autowire/binder.php:207
#2: Bitrix\Main\Engine\AutoWire\Binder->invoke
	/home/bitrix/www/bitrix/modules/main/lib/engine/action.php:117
#3: Bitrix\Main\Engine\Action->runWithSourceParametersList
	/home/bitrix/www/bitrix/modules/main/lib/engine/controller.php:425
#4: Bitrix\Main\Engine\Controller->run
	/home/bitrix/www/bitrix/modules/main/lib/httpapplication.php:140
#5: Bitrix\Main\HttpApplication->runController
	/home/bitrix/www/bitrix/modules/main/include/routing_index.php:135
----------
Host: crm.sodeistvie.su:443
Date: 2024-12-26 02:29:24
Module: queryArray
array (
  'partnerInn' => '744310161024',
  'page' => '1',
)
#0: KPLab\API\V2\Controller\Partners->getSellersAction
	
#1: ReflectionMethod->invokeArgs
	/home/bitrix/www/bitrix/modules/main/lib/engine/autowire/binder.php:207
#2: Bitrix\Main\Engine\AutoWire\Binder->invoke
	/home/bitrix/www/bitrix/modules/main/lib/engine/action.php:117
#3: Bitrix\Main\Engine\Action->runWithSourceParametersList
	/home/bitrix/www/bitrix/modules/main/lib/engine/controller.php:425
#4: Bitrix\Main\Engine\Controller->run
	/home/bitrix/www/bitrix/modules/main/lib/httpapplication.php:140
#5: Bitrix\Main\HttpApplication->runController
	/home/bitrix/www/bitrix/modules/main/include/routing_index.php:135
----------
Host: crm.sodeistvie.su:443
Date: 2024-12-26 02:29:24
Module: referralId
50071
#0: KPLab\API\V2\Controller\Partners->getSellersAction
	
#1: ReflectionMethod->invokeArgs
	/home/bitrix/www/bitrix/modules/main/lib/engine/autowire/binder.php:207
#2: Bitrix\Main\Engine\AutoWire\Binder->invoke
	/home/bitrix/www/bitrix/modules/main/lib/engine/action.php:117
#3: Bitrix\Main\Engine\Action->runWithSourceParametersList
	/home/bitrix/www/bitrix/modules/main/lib/engine/controller.php:425
#4: Bitrix\Main\Engine\Controller->run
	/home/bitrix/www/bitrix/modules/main/lib/httpapplication.php:140
#5: Bitrix\Main\HttpApplication->runController
	/home/bitrix/www/bitrix/modules/main/include/routing_index.php:135
----------
Host: crm.sodeistvie.su:443
Date: 2024-12-26 02:29:27
Module: queryArray
array (
  'partnerInn' => '744310161024',
  'page' => '51',
  'status' => 'all',
)
#0: KPLab\API\V2\Controller\Partners->getSellersAction
	
#1: ReflectionMethod->invokeArgs
	/home/bitrix/www/bitrix/modules/main/lib/engine/autowire/binder.php:207
#2: Bitrix\Main\Engine\AutoWire\Binder->invoke
	/home/bitrix/www/bitrix/modules/main/lib/engine/action.php:117
#3: Bitrix\Main\Engine\Action->runWithSourceParametersList
	/home/bitrix/www/bitrix/modules/main/lib/engine/controller.php:425
#4: Bitrix\Main\Engine\Controller->run
	/home/bitrix/www/bitrix/modules/main/lib/httpapplication.php:140
#5: Bitrix\Main\HttpApplication->runController
	/home/bitrix/www/bitrix/modules/main/include/routing_index.php:135
----------
Host: crm.sodeistvie.su:443
Date: 2024-12-26 02:29:27
Module: referralId
50071
#0: KPLab\API\V2\Controller\Partners->getSellersAction
	
#1: ReflectionMethod->invokeArgs
	/home/bitrix/www/bitrix/modules/main/lib/engine/autowire/binder.php:207
#2: Bitrix\Main\Engine\AutoWire\Binder->invoke
	/home/bitrix/www/bitrix/modules/main/lib/engine/action.php:117
#3: Bitrix\Main\Engine\Action->runWithSourceParametersList
	/home/bitrix/www/bitrix/modules/main/lib/engine/controller.php:425
#4: Bitrix\Main\Engine\Controller->run
	/home/bitrix/www/bitrix/modules/main/lib/httpapplication.php:140
#5: Bitrix\Main\HttpApplication->runController
	/home/bitrix/www/bitrix/modules/main/include/routing_index.php:135
----------
Host: crm.sodeistvie.su:443
Date: 2024-12-26 02:29:35
Module: queryArray
array (
  'partnerInn' => '744310161024',
  'page' => '1',
)
#0: KPLab\API\V2\Controller\Partners->getSellersAction
	
#1: ReflectionMethod->invokeArgs
	/home/bitrix/www/bitrix/modules/main/lib/engine/autowire/binder.php:207
#2: Bitrix\Main\Engine\AutoWire\Binder->invoke
	/home/bitrix/www/bitrix/modules/main/lib/engine/action.php:117
#3: Bitrix\Main\Engine\Action->runWithSourceParametersList
	/home/bitrix/www/bitrix/modules/main/lib/engine/controller.php:425
#4: Bitrix\Main\Engine\Controller->run
	/home/bitrix/www/bitrix/modules/main/lib/httpapplication.php:140
#5: Bitrix\Main\HttpApplication->runController
	/home/bitrix/www/bitrix/modules/main/include/routing_index.php:135
----------
Host: crm.sodeistvie.su:443
Date: 2024-12-26 02:29:35
Module: referralId
50071
#0: KPLab\API\V2\Controller\Partners->getSellersAction
	
#1: ReflectionMethod->invokeArgs
	/home/bitrix/www/bitrix/modules/main/lib/engine/autowire/binder.php:207
#2: Bitrix\Main\Engine\AutoWire\Binder->invoke
	/home/bitrix/www/bitrix/modules/main/lib/engine/action.php:117
#3: Bitrix\Main\Engine\Action->runWithSourceParametersList
	/home/bitrix/www/bitrix/modules/main/lib/engine/controller.php:425
#4: Bitrix\Main\Engine\Controller->run
	/home/bitrix/www/bitrix/modules/main/lib/httpapplication.php:140
#5: Bitrix\Main\HttpApplication->runController
	/home/bitrix/www/bitrix/modules/main/include/routing_index.php:135
----------
Host: crm.sodeistvie.su:443
Date: 2024-12-26 02:29:38
Module: queryArray
array (
  'partnerInn' => '744310161024',
  'page' => '51',
  'status' => 'all',
)
#0: KPLab\API\V2\Controller\Partners->getSellersAction
	
#1: ReflectionMethod->invokeArgs
	/home/bitrix/www/bitrix/modules/main/lib/engine/autowire/binder.php:207
#2: Bitrix\Main\Engine\AutoWire\Binder->invoke
	/home/bitrix/www/bitrix/modules/main/lib/engine/action.php:117
#3: Bitrix\Main\Engine\Action->runWithSourceParametersList
	/home/bitrix/www/bitrix/modules/main/lib/engine/controller.php:425
#4: Bitrix\Main\Engine\Controller->run
	/home/bitrix/www/bitrix/modules/main/lib/httpapplication.php:140
#5: Bitrix\Main\HttpApplication->runController
	/home/bitrix/www/bitrix/modules/main/include/routing_index.php:135
----------
Host: crm.sodeistvie.su:443
Date: 2024-12-26 02:29:39
Module: referralId
50071
#0: KPLab\API\V2\Controller\Partners->getSellersAction
	
#1: ReflectionMethod->invokeArgs
	/home/bitrix/www/bitrix/modules/main/lib/engine/autowire/binder.php:207
#2: Bitrix\Main\Engine\AutoWire\Binder->invoke
	/home/bitrix/www/bitrix/modules/main/lib/engine/action.php:117
#3: Bitrix\Main\Engine\Action->runWithSourceParametersList
	/home/bitrix/www/bitrix/modules/main/lib/engine/controller.php:425
#4: Bitrix\Main\Engine\Controller->run
	/home/bitrix/www/bitrix/modules/main/lib/httpapplication.php:140
#5: Bitrix\Main\HttpApplication->runController
	/home/bitrix/www/bitrix/modules/main/include/routing_index.php:135
----------
Host: crm.sodeistvie.su:443
Date: 2024-12-26 14:41:46
Module: queryArray
array (
  'partnerInn' => '7719874730',
  'page' => '1',
)
#0: KPLab\API\V2\Controller\Partners->getSellersAction
	
#1: ReflectionMethod->invokeArgs
	/home/bitrix/www/bitrix/modules/main/lib/engine/autowire/binder.php:207
#2: Bitrix\Main\Engine\AutoWire\Binder->invoke
	/home/bitrix/www/bitrix/modules/main/lib/engine/action.php:117
#3: Bitrix\Main\Engine\Action->runWithSourceParametersList
	/home/bitrix/www/bitrix/modules/main/lib/engine/controller.php:425
#4: Bitrix\Main\Engine\Controller->run
	/home/bitrix/www/bitrix/modules/main/lib/httpapplication.php:141
#5: Bitrix\Main\HttpApplication->runController
	/home/bitrix/www/bitrix/modules/main/include/routing_index.php:135
----------
Host: crm.sodeistvie.su:443
Date: 2024-12-26 14:41:46
Module: referralId
49522
#0: KPLab\API\V2\Controller\Partners->getSellersAction
	
#1: ReflectionMethod->invokeArgs
	/home/bitrix/www/bitrix/modules/main/lib/engine/autowire/binder.php:207
#2: Bitrix\Main\Engine\AutoWire\Binder->invoke
	/home/bitrix/www/bitrix/modules/main/lib/engine/action.php:117
#3: Bitrix\Main\Engine\Action->runWithSourceParametersList
	/home/bitrix/www/bitrix/modules/main/lib/engine/controller.php:425
#4: Bitrix\Main\Engine\Controller->run
	/home/bitrix/www/bitrix/modules/main/lib/httpapplication.php:141
#5: Bitrix\Main\HttpApplication->runController
	/home/bitrix/www/bitrix/modules/main/include/routing_index.php:135
----------
Host: crm.sodeistvie.su:443
Date: 2024-12-26 14:41:57
Module: queryArray
array (
  'partnerInn' => '7719874730',
  'page' => '1',
)
#0: KPLab\API\V2\Controller\Partners->getSellersAction
	
#1: ReflectionMethod->invokeArgs
	/home/bitrix/www/bitrix/modules/main/lib/engine/autowire/binder.php:207
#2: Bitrix\Main\Engine\AutoWire\Binder->invoke
	/home/bitrix/www/bitrix/modules/main/lib/engine/action.php:117
#3: Bitrix\Main\Engine\Action->runWithSourceParametersList
	/home/bitrix/www/bitrix/modules/main/lib/engine/controller.php:425
#4: Bitrix\Main\Engine\Controller->run
	/home/bitrix/www/bitrix/modules/main/lib/httpapplication.php:141
#5: Bitrix\Main\HttpApplication->runController
	/home/bitrix/www/bitrix/modules/main/include/routing_index.php:135
----------
Host: crm.sodeistvie.su:443
Date: 2024-12-26 14:41:57
Module: referralId
49522
#0: KPLab\API\V2\Controller\Partners->getSellersAction
	
#1: ReflectionMethod->invokeArgs
	/home/bitrix/www/bitrix/modules/main/lib/engine/autowire/binder.php:207
#2: Bitrix\Main\Engine\AutoWire\Binder->invoke
	/home/bitrix/www/bitrix/modules/main/lib/engine/action.php:117
#3: Bitrix\Main\Engine\Action->runWithSourceParametersList
	/home/bitrix/www/bitrix/modules/main/lib/engine/controller.php:425
#4: Bitrix\Main\Engine\Controller->run
	/home/bitrix/www/bitrix/modules/main/lib/httpapplication.php:141
#5: Bitrix\Main\HttpApplication->runController
	/home/bitrix/www/bitrix/modules/main/include/routing_index.php:135
----------
Host: crm.sodeistvie.su:443
Date: 2024-12-26 15:25:49
Module: queryArray
array (
  'partnerInn' => '667471321669',
  'page' => '1',
)
#0: KPLab\API\V2\Controller\Partners->getSellersAction
	
#1: ReflectionMethod->invokeArgs
	/home/bitrix/www/bitrix/modules/main/lib/engine/autowire/binder.php:207
#2: Bitrix\Main\Engine\AutoWire\Binder->invoke
	/home/bitrix/www/bitrix/modules/main/lib/engine/action.php:117
#3: Bitrix\Main\Engine\Action->runWithSourceParametersList
	/home/bitrix/www/bitrix/modules/main/lib/engine/controller.php:425
#4: Bitrix\Main\Engine\Controller->run
	/home/bitrix/www/bitrix/modules/main/lib/httpapplication.php:141
#5: Bitrix\Main\HttpApplication->runController
	/home/bitrix/www/bitrix/modules/main/include/routing_index.php:135
----------
Host: crm.sodeistvie.su:443
Date: 2024-12-26 15:25:49
Module: referralId
37552
#0: KPLab\API\V2\Controller\Partners->getSellersAction
	
#1: ReflectionMethod->invokeArgs
	/home/bitrix/www/bitrix/modules/main/lib/engine/autowire/binder.php:207
#2: Bitrix\Main\Engine\AutoWire\Binder->invoke
	/home/bitrix/www/bitrix/modules/main/lib/engine/action.php:117
#3: Bitrix\Main\Engine\Action->runWithSourceParametersList
	/home/bitrix/www/bitrix/modules/main/lib/engine/controller.php:425
#4: Bitrix\Main\Engine\Controller->run
	/home/bitrix/www/bitrix/modules/main/lib/httpapplication.php:141
#5: Bitrix\Main\HttpApplication->runController
	/home/bitrix/www/bitrix/modules/main/include/routing_index.php:135
----------
Host: crm.sodeistvie.su:443
Date: 2024-12-26 15:28:14
Module: queryArray
array (
  'partnerInn' => '667471321669',
  'page' => '1',
)
#0: KPLab\API\V2\Controller\Partners->getSellersAction
	
#1: ReflectionMethod->invokeArgs
	/home/bitrix/www/bitrix/modules/main/lib/engine/autowire/binder.php:207
#2: Bitrix\Main\Engine\AutoWire\Binder->invoke
	/home/bitrix/www/bitrix/modules/main/lib/engine/action.php:117
#3: Bitrix\Main\Engine\Action->runWithSourceParametersList
	/home/bitrix/www/bitrix/modules/main/lib/engine/controller.php:425
#4: Bitrix\Main\Engine\Controller->run
	/home/bitrix/www/bitrix/modules/main/lib/httpapplication.php:141
#5: Bitrix\Main\HttpApplication->runController
	/home/bitrix/www/bitrix/modules/main/include/routing_index.php:135
----------
Host: crm.sodeistvie.su:443
Date: 2024-12-26 15:28:15
Module: referralId
37552
#0: KPLab\API\V2\Controller\Partners->getSellersAction
	
#1: ReflectionMethod->invokeArgs
	/home/bitrix/www/bitrix/modules/main/lib/engine/autowire/binder.php:207
#2: Bitrix\Main\Engine\AutoWire\Binder->invoke
	/home/bitrix/www/bitrix/modules/main/lib/engine/action.php:117
#3: Bitrix\Main\Engine\Action->runWithSourceParametersList
	/home/bitrix/www/bitrix/modules/main/lib/engine/controller.php:425
#4: Bitrix\Main\Engine\Controller->run
	/home/bitrix/www/bitrix/modules/main/lib/httpapplication.php:141
#5: Bitrix\Main\HttpApplication->runController
	/home/bitrix/www/bitrix/modules/main/include/routing_index.php:135
----------
Host: crm.sodeistvie.su:443
Date: 2024-12-26 15:29:13
Module: queryArray
array (
  'partnerInn' => '667471321669',
  'page' => '1',
)
#0: KPLab\API\V2\Controller\Partners->getSellersAction
	
#1: ReflectionMethod->invokeArgs
	/home/bitrix/www/bitrix/modules/main/lib/engine/autowire/binder.php:207
#2: Bitrix\Main\Engine\AutoWire\Binder->invoke
	/home/bitrix/www/bitrix/modules/main/lib/engine/action.php:117
#3: Bitrix\Main\Engine\Action->runWithSourceParametersList
	/home/bitrix/www/bitrix/modules/main/lib/engine/controller.php:425
#4: Bitrix\Main\Engine\Controller->run
	/home/bitrix/www/bitrix/modules/main/lib/httpapplication.php:141
#5: Bitrix\Main\HttpApplication->runController
	/home/bitrix/www/bitrix/modules/main/include/routing_index.php:135
----------
Host: crm.sodeistvie.su:443
Date: 2024-12-26 15:29:13
Module: referralId
37552
#0: KPLab\API\V2\Controller\Partners->getSellersAction
	
#1: ReflectionMethod->invokeArgs
	/home/bitrix/www/bitrix/modules/main/lib/engine/autowire/binder.php:207
#2: Bitrix\Main\Engine\AutoWire\Binder->invoke
	/home/bitrix/www/bitrix/modules/main/lib/engine/action.php:117
#3: Bitrix\Main\Engine\Action->runWithSourceParametersList
	/home/bitrix/www/bitrix/modules/main/lib/engine/controller.php:425
#4: Bitrix\Main\Engine\Controller->run
	/home/bitrix/www/bitrix/modules/main/lib/httpapplication.php:141
#5: Bitrix\Main\HttpApplication->runController
	/home/bitrix/www/bitrix/modules/main/include/routing_index.php:135
----------
Host: crm.sodeistvie.su:443
Date: 2024-12-26 15:29:16
Module: queryArray
array (
  'partnerInn' => '667471321669',
  'page' => '51',
  'status' => 'all',
)
#0: KPLab\API\V2\Controller\Partners->getSellersAction
	
#1: ReflectionMethod->invokeArgs
	/home/bitrix/www/bitrix/modules/main/lib/engine/autowire/binder.php:207
#2: Bitrix\Main\Engine\AutoWire\Binder->invoke
	/home/bitrix/www/bitrix/modules/main/lib/engine/action.php:117
#3: Bitrix\Main\Engine\Action->runWithSourceParametersList
	/home/bitrix/www/bitrix/modules/main/lib/engine/controller.php:425
#4: Bitrix\Main\Engine\Controller->run
	/home/bitrix/www/bitrix/modules/main/lib/httpapplication.php:141
#5: Bitrix\Main\HttpApplication->runController
	/home/bitrix/www/bitrix/modules/main/include/routing_index.php:135
----------
Host: crm.sodeistvie.su:443
Date: 2024-12-26 15:29:16
Module: referralId
37552
#0: KPLab\API\V2\Controller\Partners->getSellersAction
	
#1: ReflectionMethod->invokeArgs
	/home/bitrix/www/bitrix/modules/main/lib/engine/autowire/binder.php:207
#2: Bitrix\Main\Engine\AutoWire\Binder->invoke
	/home/bitrix/www/bitrix/modules/main/lib/engine/action.php:117
#3: Bitrix\Main\Engine\Action->runWithSourceParametersList
	/home/bitrix/www/bitrix/modules/main/lib/engine/controller.php:425
#4: Bitrix\Main\Engine\Controller->run
	/home/bitrix/www/bitrix/modules/main/lib/httpapplication.php:141
#5: Bitrix\Main\HttpApplication->runController
	/home/bitrix/www/bitrix/modules/main/include/routing_index.php:135
----------
Host: crm.sodeistvie.su:443
Date: 2024-12-26 16:52:20
Module: queryArray
array (
  'partnerInn' => '7721546864',
  'page' => '1',
)
#0: KPLab\API\V2\Controller\Partners->getSellersAction
	
#1: ReflectionMethod->invokeArgs
	/home/bitrix/www/bitrix/modules/main/lib/engine/autowire/binder.php:207
#2: Bitrix\Main\Engine\AutoWire\Binder->invoke
	/home/bitrix/www/bitrix/modules/main/lib/engine/action.php:117
#3: Bitrix\Main\Engine\Action->runWithSourceParametersList
	/home/bitrix/www/bitrix/modules/main/lib/engine/controller.php:425
#4: Bitrix\Main\Engine\Controller->run
	/home/bitrix/www/bitrix/modules/main/lib/httpapplication.php:141
#5: Bitrix\Main\HttpApplication->runController
	/home/bitrix/www/bitrix/modules/main/include/routing_index.php:135
----------
Host: crm.sodeistvie.su:443
Date: 2024-12-26 16:52:20
Module: referralId
32813
#0: KPLab\API\V2\Controller\Partners->getSellersAction
	
#1: ReflectionMethod->invokeArgs
	/home/bitrix/www/bitrix/modules/main/lib/engine/autowire/binder.php:207
#2: Bitrix\Main\Engine\AutoWire\Binder->invoke
	/home/bitrix/www/bitrix/modules/main/lib/engine/action.php:117
#3: Bitrix\Main\Engine\Action->runWithSourceParametersList
	/home/bitrix/www/bitrix/modules/main/lib/engine/controller.php:425
#4: Bitrix\Main\Engine\Controller->run
	/home/bitrix/www/bitrix/modules/main/lib/httpapplication.php:141
#5: Bitrix\Main\HttpApplication->runController
	/home/bitrix/www/bitrix/modules/main/include/routing_index.php:135
----------
Host: crm.sodeistvie.su:443
Date: 2024-12-26 17:07:59
Module: queryArray
array (
  'partnerInn' => '732101639571',
  'page' => '1',
)
#0: KPLab\API\V2\Controller\Partners->getSellersAction
	
#1: ReflectionMethod->invokeArgs
	/home/bitrix/www/bitrix/modules/main/lib/engine/autowire/binder.php:207
#2: Bitrix\Main\Engine\AutoWire\Binder->invoke
	/home/bitrix/www/bitrix/modules/main/lib/engine/action.php:117
#3: Bitrix\Main\Engine\Action->runWithSourceParametersList
	/home/bitrix/www/bitrix/modules/main/lib/engine/controller.php:425
#4: Bitrix\Main\Engine\Controller->run
	/home/bitrix/www/bitrix/modules/main/lib/httpapplication.php:141
#5: Bitrix\Main\HttpApplication->runController
	/home/bitrix/www/bitrix/modules/main/include/routing_index.php:135
----------
Host: crm.sodeistvie.su:443
Date: 2024-12-26 17:08:00
Module: referralId
31252
#0: KPLab\API\V2\Controller\Partners->getSellersAction
	
#1: ReflectionMethod->invokeArgs
	/home/bitrix/www/bitrix/modules/main/lib/engine/autowire/binder.php:207
#2: Bitrix\Main\Engine\AutoWire\Binder->invoke
	/home/bitrix/www/bitrix/modules/main/lib/engine/action.php:117
#3: Bitrix\Main\Engine\Action->runWithSourceParametersList
	/home/bitrix/www/bitrix/modules/main/lib/engine/controller.php:425
#4: Bitrix\Main\Engine\Controller->run
	/home/bitrix/www/bitrix/modules/main/lib/httpapplication.php:141
#5: Bitrix\Main\HttpApplication->runController
	/home/bitrix/www/bitrix/modules/main/include/routing_index.php:135
----------
Host: crm.sodeistvie.su:443
Date: 2024-12-26 19:23:00
Module: queryArray
array (
  'partnerInn' => '772173434667',
  'page' => '1',
)
#0: KPLab\API\V2\Controller\Partners->getSellersAction
	
#1: ReflectionMethod->invokeArgs
	/home/bitrix/www/bitrix/modules/main/lib/engine/autowire/binder.php:207
#2: Bitrix\Main\Engine\AutoWire\Binder->invoke
	/home/bitrix/www/bitrix/modules/main/lib/engine/action.php:117
#3: Bitrix\Main\Engine\Action->runWithSourceParametersList
	/home/bitrix/www/bitrix/modules/main/lib/engine/controller.php:425
#4: Bitrix\Main\Engine\Controller->run
	/home/bitrix/www/bitrix/modules/main/lib/httpapplication.php:141
#5: Bitrix\Main\HttpApplication->runController
	/home/bitrix/www/bitrix/modules/main/include/routing_index.php:135
----------
Host: crm.sodeistvie.su:443
Date: 2024-12-26 19:23:00
Module: referralId
49950
#0: KPLab\API\V2\Controller\Partners->getSellersAction
	
#1: ReflectionMethod->invokeArgs
	/home/bitrix/www/bitrix/modules/main/lib/engine/autowire/binder.php:207
#2: Bitrix\Main\Engine\AutoWire\Binder->invoke
	/home/bitrix/www/bitrix/modules/main/lib/engine/action.php:117
#3: Bitrix\Main\Engine\Action->runWithSourceParametersList
	/home/bitrix/www/bitrix/modules/main/lib/engine/controller.php:425
#4: Bitrix\Main\Engine\Controller->run
	/home/bitrix/www/bitrix/modules/main/lib/httpapplication.php:141
#5: Bitrix\Main\HttpApplication->runController
	/home/bitrix/www/bitrix/modules/main/include/routing_index.php:135
----------
Host: crm.sodeistvie.su:443
Date: 2024-12-26 19:23:04
Module: queryArray
array (
  'partnerInn' => '772173434667',
  'page' => '51',
  'status' => 'all',
)
#0: KPLab\API\V2\Controller\Partners->getSellersAction
	
#1: ReflectionMethod->invokeArgs
	/home/bitrix/www/bitrix/modules/main/lib/engine/autowire/binder.php:207
#2: Bitrix\Main\Engine\AutoWire\Binder->invoke
	/home/bitrix/www/bitrix/modules/main/lib/engine/action.php:117
#3: Bitrix\Main\Engine\Action->runWithSourceParametersList
	/home/bitrix/www/bitrix/modules/main/lib/engine/controller.php:425
#4: Bitrix\Main\Engine\Controller->run
	/home/bitrix/www/bitrix/modules/main/lib/httpapplication.php:141
#5: Bitrix\Main\HttpApplication->runController
	/home/bitrix/www/bitrix/modules/main/include/routing_index.php:135
----------
Host: crm.sodeistvie.su:443
Date: 2024-12-26 19:23:04
Module: referralId
49950
#0: KPLab\API\V2\Controller\Partners->getSellersAction
	
#1: ReflectionMethod->invokeArgs
	/home/bitrix/www/bitrix/modules/main/lib/engine/autowire/binder.php:207
#2: Bitrix\Main\Engine\AutoWire\Binder->invoke
	/home/bitrix/www/bitrix/modules/main/lib/engine/action.php:117
#3: Bitrix\Main\Engine\Action->runWithSourceParametersList
	/home/bitrix/www/bitrix/modules/main/lib/engine/controller.php:425
#4: Bitrix\Main\Engine\Controller->run
	/home/bitrix/www/bitrix/modules/main/lib/httpapplication.php:141
#5: Bitrix\Main\HttpApplication->runController
	/home/bitrix/www/bitrix/modules/main/include/routing_index.php:135
----------
Host: crm.sodeistvie.su:443
Date: 2024-12-26 21:50:49
Module: queryArray
array (
  'partnerInn' => '331620983543',
  'page' => '1',
)
#0: KPLab\API\V2\Controller\Partners->getSellersAction
	
#1: ReflectionMethod->invokeArgs
	/home/bitrix/www/bitrix/modules/main/lib/engine/autowire/binder.php:207
#2: Bitrix\Main\Engine\AutoWire\Binder->invoke
	/home/bitrix/www/bitrix/modules/main/lib/engine/action.php:117
#3: Bitrix\Main\Engine\Action->runWithSourceParametersList
	/home/bitrix/www/bitrix/modules/main/lib/engine/controller.php:425
#4: Bitrix\Main\Engine\Controller->run
	/home/bitrix/www/bitrix/modules/main/lib/httpapplication.php:141
#5: Bitrix\Main\HttpApplication->runController
	/home/bitrix/www/bitrix/modules/main/include/routing_index.php:135
----------
Host: crm.sodeistvie.su:443
Date: 2024-12-26 21:50:49
Module: referralId
9178
#0: KPLab\API\V2\Controller\Partners->getSellersAction
	
#1: ReflectionMethod->invokeArgs
	/home/bitrix/www/bitrix/modules/main/lib/engine/autowire/binder.php:207
#2: Bitrix\Main\Engine\AutoWire\Binder->invoke
	/home/bitrix/www/bitrix/modules/main/lib/engine/action.php:117
#3: Bitrix\Main\Engine\Action->runWithSourceParametersList
	/home/bitrix/www/bitrix/modules/main/lib/engine/controller.php:425
#4: Bitrix\Main\Engine\Controller->run
	/home/bitrix/www/bitrix/modules/main/lib/httpapplication.php:141
#5: Bitrix\Main\HttpApplication->runController
	/home/bitrix/www/bitrix/modules/main/include/routing_index.php:135
----------
Host: crm.sodeistvie.su:443
Date: 2024-12-27 05:51:38
Module: queryArray
array (
  'partnerInn' => '231205668300',
  'page' => '1',
)
#0: KPLab\API\V2\Controller\Partners->getSellersAction
	
#1: ReflectionMethod->invokeArgs
	/home/bitrix/www/bitrix/modules/main/lib/engine/autowire/binder.php:207
#2: Bitrix\Main\Engine\AutoWire\Binder->invoke
	/home/bitrix/www/bitrix/modules/main/lib/engine/action.php:117
#3: Bitrix\Main\Engine\Action->runWithSourceParametersList
	/home/bitrix/www/bitrix/modules/main/lib/engine/controller.php:425
#4: Bitrix\Main\Engine\Controller->run
	/home/bitrix/www/bitrix/modules/main/lib/httpapplication.php:141
#5: Bitrix\Main\HttpApplication->runController
	/home/bitrix/www/bitrix/modules/main/include/routing_index.php:135
----------
Host: crm.sodeistvie.su:443
Date: 2024-12-27 05:51:38
Module: referralId
50933
#0: KPLab\API\V2\Controller\Partners->getSellersAction
	
#1: ReflectionMethod->invokeArgs
	/home/bitrix/www/bitrix/modules/main/lib/engine/autowire/binder.php:207
#2: Bitrix\Main\Engine\AutoWire\Binder->invoke
	/home/bitrix/www/bitrix/modules/main/lib/engine/action.php:117
#3: Bitrix\Main\Engine\Action->runWithSourceParametersList
	/home/bitrix/www/bitrix/modules/main/lib/engine/controller.php:425
#4: Bitrix\Main\Engine\Controller->run
	/home/bitrix/www/bitrix/modules/main/lib/httpapplication.php:141
#5: Bitrix\Main\HttpApplication->runController
	/home/bitrix/www/bitrix/modules/main/include/routing_index.php:135
----------
Host: crm.sodeistvie.su:443
Date: 2024-12-27 11:35:28
Module: queryArray
array (
  'partnerInn' => '744921687205',
  'page' => '1',
)
#0: KPLab\API\V2\Controller\Partners->getSellersAction
	
#1: ReflectionMethod->invokeArgs
	/home/bitrix/www/bitrix/modules/main/lib/engine/autowire/binder.php:207
#2: Bitrix\Main\Engine\AutoWire\Binder->invoke
	/home/bitrix/www/bitrix/modules/main/lib/engine/action.php:117
#3: Bitrix\Main\Engine\Action->runWithSourceParametersList
	/home/bitrix/www/bitrix/modules/main/lib/engine/controller.php:425
#4: Bitrix\Main\Engine\Controller->run
	/home/bitrix/www/bitrix/modules/main/lib/httpapplication.php:141
#5: Bitrix\Main\HttpApplication->runController
	/home/bitrix/www/bitrix/modules/main/include/routing_index.php:135
----------
Host: crm.sodeistvie.su:443
Date: 2024-12-27 11:35:28
Module: referralId
41088
#0: KPLab\API\V2\Controller\Partners->getSellersAction
	
#1: ReflectionMethod->invokeArgs
	/home/bitrix/www/bitrix/modules/main/lib/engine/autowire/binder.php:207
#2: Bitrix\Main\Engine\AutoWire\Binder->invoke
	/home/bitrix/www/bitrix/modules/main/lib/engine/action.php:117
#3: Bitrix\Main\Engine\Action->runWithSourceParametersList
	/home/bitrix/www/bitrix/modules/main/lib/engine/controller.php:425
#4: Bitrix\Main\Engine\Controller->run
	/home/bitrix/www/bitrix/modules/main/lib/httpapplication.php:141
#5: Bitrix\Main\HttpApplication->runController
	/home/bitrix/www/bitrix/modules/main/include/routing_index.php:135
----------
Host: crm.sodeistvie.su:443
Date: 2024-12-27 12:00:03
Module: queryArray
array (
  'partnerInn' => '772173434667',
  'page' => '1',
)
#0: KPLab\API\V2\Controller\Partners->getSellersAction
	
#1: ReflectionMethod->invokeArgs
	/home/bitrix/www/bitrix/modules/main/lib/engine/autowire/binder.php:207
#2: Bitrix\Main\Engine\AutoWire\Binder->invoke
	/home/bitrix/www/bitrix/modules/main/lib/engine/action.php:117
#3: Bitrix\Main\Engine\Action->runWithSourceParametersList
	/home/bitrix/www/bitrix/modules/main/lib/engine/controller.php:425
#4: Bitrix\Main\Engine\Controller->run
	/home/bitrix/www/bitrix/modules/main/lib/httpapplication.php:141
#5: Bitrix\Main\HttpApplication->runController
	/home/bitrix/www/bitrix/modules/main/include/routing_index.php:135
----------
Host: crm.sodeistvie.su:443
Date: 2024-12-27 12:00:04
Module: referralId
49950
#0: KPLab\API\V2\Controller\Partners->getSellersAction
	
#1: ReflectionMethod->invokeArgs
	/home/bitrix/www/bitrix/modules/main/lib/engine/autowire/binder.php:207
#2: Bitrix\Main\Engine\AutoWire\Binder->invoke
	/home/bitrix/www/bitrix/modules/main/lib/engine/action.php:117
#3: Bitrix\Main\Engine\Action->runWithSourceParametersList
	/home/bitrix/www/bitrix/modules/main/lib/engine/controller.php:425
#4: Bitrix\Main\Engine\Controller->run
	/home/bitrix/www/bitrix/modules/main/lib/httpapplication.php:141
#5: Bitrix\Main\HttpApplication->runController
	/home/bitrix/www/bitrix/modules/main/include/routing_index.php:135
----------
Host: crm.sodeistvie.su:443
Date: 2024-12-27 12:00:07
Module: queryArray
array (
  'partnerInn' => '772173434667',
  'page' => '51',
  'status' => 'all',
)
#0: KPLab\API\V2\Controller\Partners->getSellersAction
	
#1: ReflectionMethod->invokeArgs
	/home/bitrix/www/bitrix/modules/main/lib/engine/autowire/binder.php:207
#2: Bitrix\Main\Engine\AutoWire\Binder->invoke
	/home/bitrix/www/bitrix/modules/main/lib/engine/action.php:117
#3: Bitrix\Main\Engine\Action->runWithSourceParametersList
	/home/bitrix/www/bitrix/modules/main/lib/engine/controller.php:425
#4: Bitrix\Main\Engine\Controller->run
	/home/bitrix/www/bitrix/modules/main/lib/httpapplication.php:141
#5: Bitrix\Main\HttpApplication->runController
	/home/bitrix/www/bitrix/modules/main/include/routing_index.php:135
----------
Host: crm.sodeistvie.su:443
Date: 2024-12-27 12:00:08
Module: referralId
49950
#0: KPLab\API\V2\Controller\Partners->getSellersAction
	
#1: ReflectionMethod->invokeArgs
	/home/bitrix/www/bitrix/modules/main/lib/engine/autowire/binder.php:207
#2: Bitrix\Main\Engine\AutoWire\Binder->invoke
	/home/bitrix/www/bitrix/modules/main/lib/engine/action.php:117
#3: Bitrix\Main\Engine\Action->runWithSourceParametersList
	/home/bitrix/www/bitrix/modules/main/lib/engine/controller.php:425
#4: Bitrix\Main\Engine\Controller->run
	/home/bitrix/www/bitrix/modules/main/lib/httpapplication.php:141
#5: Bitrix\Main\HttpApplication->runController
	/home/bitrix/www/bitrix/modules/main/include/routing_index.php:135
----------
Host: crm.sodeistvie.su:443
Date: 2024-12-27 12:43:05
Module: queryArray
array (
  'partnerInn' => '7721546864',
  'page' => '1',
)
#0: KPLab\API\V2\Controller\Partners->getSellersAction
	
#1: ReflectionMethod->invokeArgs
	/home/bitrix/www/bitrix/modules/main/lib/engine/autowire/binder.php:207
#2: Bitrix\Main\Engine\AutoWire\Binder->invoke
	/home/bitrix/www/bitrix/modules/main/lib/engine/action.php:117
#3: Bitrix\Main\Engine\Action->runWithSourceParametersList
	/home/bitrix/www/bitrix/modules/main/lib/engine/controller.php:425
#4: Bitrix\Main\Engine\Controller->run
	/home/bitrix/www/bitrix/modules/main/lib/httpapplication.php:141
#5: Bitrix\Main\HttpApplication->runController
	/home/bitrix/www/bitrix/modules/main/include/routing_index.php:135
----------
Host: crm.sodeistvie.su:443
Date: 2024-12-27 12:43:05
Module: referralId
32813
#0: KPLab\API\V2\Controller\Partners->getSellersAction
	
#1: ReflectionMethod->invokeArgs
	/home/bitrix/www/bitrix/modules/main/lib/engine/autowire/binder.php:207
#2: Bitrix\Main\Engine\AutoWire\Binder->invoke
	/home/bitrix/www/bitrix/modules/main/lib/engine/action.php:117
#3: Bitrix\Main\Engine\Action->runWithSourceParametersList
	/home/bitrix/www/bitrix/modules/main/lib/engine/controller.php:425
#4: Bitrix\Main\Engine\Controller->run
	/home/bitrix/www/bitrix/modules/main/lib/httpapplication.php:141
#5: Bitrix\Main\HttpApplication->runController
	/home/bitrix/www/bitrix/modules/main/include/routing_index.php:135
----------
Host: crm.sodeistvie.su:443
Date: 2024-12-27 12:43:18
Module: queryArray
array (
  'partnerInn' => '7721546864',
  'page' => '1',
)
#0: KPLab\API\V2\Controller\Partners->getSellersAction
	
#1: ReflectionMethod->invokeArgs
	/home/bitrix/www/bitrix/modules/main/lib/engine/autowire/binder.php:207
#2: Bitrix\Main\Engine\AutoWire\Binder->invoke
	/home/bitrix/www/bitrix/modules/main/lib/engine/action.php:117
#3: Bitrix\Main\Engine\Action->runWithSourceParametersList
	/home/bitrix/www/bitrix/modules/main/lib/engine/controller.php:425
#4: Bitrix\Main\Engine\Controller->run
	/home/bitrix/www/bitrix/modules/main/lib/httpapplication.php:141
#5: Bitrix\Main\HttpApplication->runController
	/home/bitrix/www/bitrix/modules/main/include/routing_index.php:135
----------
Host: crm.sodeistvie.su:443
Date: 2024-12-27 12:43:19
Module: referralId
32813
#0: KPLab\API\V2\Controller\Partners->getSellersAction
	
#1: ReflectionMethod->invokeArgs
	/home/bitrix/www/bitrix/modules/main/lib/engine/autowire/binder.php:207
#2: Bitrix\Main\Engine\AutoWire\Binder->invoke
	/home/bitrix/www/bitrix/modules/main/lib/engine/action.php:117
#3: Bitrix\Main\Engine\Action->runWithSourceParametersList
	/home/bitrix/www/bitrix/modules/main/lib/engine/controller.php:425
#4: Bitrix\Main\Engine\Controller->run
	/home/bitrix/www/bitrix/modules/main/lib/httpapplication.php:141
#5: Bitrix\Main\HttpApplication->runController
	/home/bitrix/www/bitrix/modules/main/include/routing_index.php:135
----------
Host: crm.sodeistvie.su:443
Date: 2024-12-27 14:26:16
Module: queryArray
array (
  'partnerInn' => '7721546864',
  'page' => '1',
)
#0: KPLab\API\V2\Controller\Partners->getSellersAction
	
#1: ReflectionMethod->invokeArgs
	/home/bitrix/www/bitrix/modules/main/lib/engine/autowire/binder.php:207
#2: Bitrix\Main\Engine\AutoWire\Binder->invoke
	/home/bitrix/www/bitrix/modules/main/lib/engine/action.php:117
#3: Bitrix\Main\Engine\Action->runWithSourceParametersList
	/home/bitrix/www/bitrix/modules/main/lib/engine/controller.php:425
#4: Bitrix\Main\Engine\Controller->run
	/home/bitrix/www/bitrix/modules/main/lib/httpapplication.php:141
#5: Bitrix\Main\HttpApplication->runController
	/home/bitrix/www/bitrix/modules/main/include/routing_index.php:135
----------
Host: crm.sodeistvie.su:443
Date: 2024-12-27 14:26:16
Module: referralId
32813
#0: KPLab\API\V2\Controller\Partners->getSellersAction
	
#1: ReflectionMethod->invokeArgs
	/home/bitrix/www/bitrix/modules/main/lib/engine/autowire/binder.php:207
#2: Bitrix\Main\Engine\AutoWire\Binder->invoke
	/home/bitrix/www/bitrix/modules/main/lib/engine/action.php:117
#3: Bitrix\Main\Engine\Action->runWithSourceParametersList
	/home/bitrix/www/bitrix/modules/main/lib/engine/controller.php:425
#4: Bitrix\Main\Engine\Controller->run
	/home/bitrix/www/bitrix/modules/main/lib/httpapplication.php:141
#5: Bitrix\Main\HttpApplication->runController
	/home/bitrix/www/bitrix/modules/main/include/routing_index.php:135
----------
Host: crm.sodeistvie.su:443
Date: 2024-12-27 14:26:38
Module: queryArray
array (
  'partnerInn' => '7721546864',
  'page' => '1',
)
#0: KPLab\API\V2\Controller\Partners->getSellersAction
	
#1: ReflectionMethod->invokeArgs
	/home/bitrix/www/bitrix/modules/main/lib/engine/autowire/binder.php:207
#2: Bitrix\Main\Engine\AutoWire\Binder->invoke
	/home/bitrix/www/bitrix/modules/main/lib/engine/action.php:117
#3: Bitrix\Main\Engine\Action->runWithSourceParametersList
	/home/bitrix/www/bitrix/modules/main/lib/engine/controller.php:425
#4: Bitrix\Main\Engine\Controller->run
	/home/bitrix/www/bitrix/modules/main/lib/httpapplication.php:141
#5: Bitrix\Main\HttpApplication->runController
	/home/bitrix/www/bitrix/modules/main/include/routing_index.php:135
----------
Host: crm.sodeistvie.su:443
Date: 2024-12-27 14:26:39
Module: referralId
32813
#0: KPLab\API\V2\Controller\Partners->getSellersAction
	
#1: ReflectionMethod->invokeArgs
	/home/bitrix/www/bitrix/modules/main/lib/engine/autowire/binder.php:207
#2: Bitrix\Main\Engine\AutoWire\Binder->invoke
	/home/bitrix/www/bitrix/modules/main/lib/engine/action.php:117
#3: Bitrix\Main\Engine\Action->runWithSourceParametersList
	/home/bitrix/www/bitrix/modules/main/lib/engine/controller.php:425
#4: Bitrix\Main\Engine\Controller->run
	/home/bitrix/www/bitrix/modules/main/lib/httpapplication.php:141
#5: Bitrix\Main\HttpApplication->runController
	/home/bitrix/www/bitrix/modules/main/include/routing_index.php:135
----------
Host: crm.sodeistvie.su:443
Date: 2024-12-27 16:31:48
Module: queryArray
array (
  'partnerInn' => '9731038662',
  'page' => '1',
)
#0: KPLab\API\V2\Controller\Partners->getSellersAction
	
#1: ReflectionMethod->invokeArgs
	/home/bitrix/www/bitrix/modules/main/lib/engine/autowire/binder.php:207
#2: Bitrix\Main\Engine\AutoWire\Binder->invoke
	/home/bitrix/www/bitrix/modules/main/lib/engine/action.php:117
#3: Bitrix\Main\Engine\Action->runWithSourceParametersList
	/home/bitrix/www/bitrix/modules/main/lib/engine/controller.php:425
#4: Bitrix\Main\Engine\Controller->run
	/home/bitrix/www/bitrix/modules/main/lib/httpapplication.php:141
#5: Bitrix\Main\HttpApplication->runController
	/home/bitrix/www/bitrix/modules/main/include/routing_index.php:135
----------
Host: crm.sodeistvie.su:443
Date: 2024-12-27 16:31:49
Module: referralId
45271
#0: KPLab\API\V2\Controller\Partners->getSellersAction
	
#1: ReflectionMethod->invokeArgs
	/home/bitrix/www/bitrix/modules/main/lib/engine/autowire/binder.php:207
#2: Bitrix\Main\Engine\AutoWire\Binder->invoke
	/home/bitrix/www/bitrix/modules/main/lib/engine/action.php:117
#3: Bitrix\Main\Engine\Action->runWithSourceParametersList
	/home/bitrix/www/bitrix/modules/main/lib/engine/controller.php:425
#4: Bitrix\Main\Engine\Controller->run
	/home/bitrix/www/bitrix/modules/main/lib/httpapplication.php:141
#5: Bitrix\Main\HttpApplication->runController
	/home/bitrix/www/bitrix/modules/main/include/routing_index.php:135
----------
Host: crm.sodeistvie.su:443
Date: 2024-12-27 16:32:51
Module: queryArray
array (
  'partnerInn' => '9731038662',
  'page' => '1',
)
#0: KPLab\API\V2\Controller\Partners->getSellersAction
	
#1: ReflectionMethod->invokeArgs
	/home/bitrix/www/bitrix/modules/main/lib/engine/autowire/binder.php:207
#2: Bitrix\Main\Engine\AutoWire\Binder->invoke
	/home/bitrix/www/bitrix/modules/main/lib/engine/action.php:117
#3: Bitrix\Main\Engine\Action->runWithSourceParametersList
	/home/bitrix/www/bitrix/modules/main/lib/engine/controller.php:425
#4: Bitrix\Main\Engine\Controller->run
	/home/bitrix/www/bitrix/modules/main/lib/httpapplication.php:141
#5: Bitrix\Main\HttpApplication->runController
	/home/bitrix/www/bitrix/modules/main/include/routing_index.php:135
----------
Host: crm.sodeistvie.su:443
Date: 2024-12-27 16:32:51
Module: referralId
45271
#0: KPLab\API\V2\Controller\Partners->getSellersAction
	
#1: ReflectionMethod->invokeArgs
	/home/bitrix/www/bitrix/modules/main/lib/engine/autowire/binder.php:207
#2: Bitrix\Main\Engine\AutoWire\Binder->invoke
	/home/bitrix/www/bitrix/modules/main/lib/engine/action.php:117
#3: Bitrix\Main\Engine\Action->runWithSourceParametersList
	/home/bitrix/www/bitrix/modules/main/lib/engine/controller.php:425
#4: Bitrix\Main\Engine\Controller->run
	/home/bitrix/www/bitrix/modules/main/lib/httpapplication.php:141
#5: Bitrix\Main\HttpApplication->runController
	/home/bitrix/www/bitrix/modules/main/include/routing_index.php:135
----------
Host: crm.sodeistvie.su:443
Date: 2024-12-27 16:57:41
Module: queryArray
array (
  'partnerInn' => '9731038662',
  'page' => '1',
  'status' => 'new',
)
#0: KPLab\API\V2\Controller\Partners->getSellersAction
	
#1: ReflectionMethod->invokeArgs
	/home/bitrix/www/bitrix/modules/main/lib/engine/autowire/binder.php:207
#2: Bitrix\Main\Engine\AutoWire\Binder->invoke
	/home/bitrix/www/bitrix/modules/main/lib/engine/action.php:117
#3: Bitrix\Main\Engine\Action->runWithSourceParametersList
	/home/bitrix/www/bitrix/modules/main/lib/engine/controller.php:425
#4: Bitrix\Main\Engine\Controller->run
	/home/bitrix/www/bitrix/modules/main/lib/httpapplication.php:141
#5: Bitrix\Main\HttpApplication->runController
	/home/bitrix/www/bitrix/modules/main/include/routing_index.php:135
----------
Host: crm.sodeistvie.su:443
Date: 2024-12-27 16:57:42
Module: referralId
45271
#0: KPLab\API\V2\Controller\Partners->getSellersAction
	
#1: ReflectionMethod->invokeArgs
	/home/bitrix/www/bitrix/modules/main/lib/engine/autowire/binder.php:207
#2: Bitrix\Main\Engine\AutoWire\Binder->invoke
	/home/bitrix/www/bitrix/modules/main/lib/engine/action.php:117
#3: Bitrix\Main\Engine\Action->runWithSourceParametersList
	/home/bitrix/www/bitrix/modules/main/lib/engine/controller.php:425
#4: Bitrix\Main\Engine\Controller->run
	/home/bitrix/www/bitrix/modules/main/lib/httpapplication.php:141
#5: Bitrix\Main\HttpApplication->runController
	/home/bitrix/www/bitrix/modules/main/include/routing_index.php:135
----------
Host: crm.sodeistvie.su:443
Date: 2024-12-27 16:57:42
Module: arFilter
array (
  '::LOGIC' => 'AND',
  'IBLOCK_ID' => 167,
  '=PROPERTY_REFERRAL_ID' => 45271,
  'PROPERTY_STATUS_VALUE' => 'Новый',
  '>=PROPERTY_DATE_LEAD' => '2000-01-01T00:00:00',
  '<=PROPERTY_DATE_LEAD' => '2024-12-27T23:59:59',
)
#0: KPLab\API\V2\Controller\Partners->getSellersAction
	
#1: ReflectionMethod->invokeArgs
	/home/bitrix/www/bitrix/modules/main/lib/engine/autowire/binder.php:207
#2: Bitrix\Main\Engine\AutoWire\Binder->invoke
	/home/bitrix/www/bitrix/modules/main/lib/engine/action.php:117
#3: Bitrix\Main\Engine\Action->runWithSourceParametersList
	/home/bitrix/www/bitrix/modules/main/lib/engine/controller.php:425
#4: Bitrix\Main\Engine\Controller->run
	/home/bitrix/www/bitrix/modules/main/lib/httpapplication.php:141
#5: Bitrix\Main\HttpApplication->runController
	/home/bitrix/www/bitrix/modules/main/include/routing_index.php:135
----------
Host: crm.sodeistvie.su:443
Date: 2024-12-27 16:57:42
Module: queryArray
array (
  'partnerInn' => '9731038662',
  'page' => '51',
  'status' => 'new',
)
#0: KPLab\API\V2\Controller\Partners->getSellersAction
	
#1: ReflectionMethod->invokeArgs
	/home/bitrix/www/bitrix/modules/main/lib/engine/autowire/binder.php:207
#2: Bitrix\Main\Engine\AutoWire\Binder->invoke
	/home/bitrix/www/bitrix/modules/main/lib/engine/action.php:117
#3: Bitrix\Main\Engine\Action->runWithSourceParametersList
	/home/bitrix/www/bitrix/modules/main/lib/engine/controller.php:425
#4: Bitrix\Main\Engine\Controller->run
	/home/bitrix/www/bitrix/modules/main/lib/httpapplication.php:141
#5: Bitrix\Main\HttpApplication->runController
	/home/bitrix/www/bitrix/modules/main/include/routing_index.php:135
----------
Host: crm.sodeistvie.su:443
Date: 2024-12-27 16:57:42
Module: referralId
45271
#0: KPLab\API\V2\Controller\Partners->getSellersAction
	
#1: ReflectionMethod->invokeArgs
	/home/bitrix/www/bitrix/modules/main/lib/engine/autowire/binder.php:207
#2: Bitrix\Main\Engine\AutoWire\Binder->invoke
	/home/bitrix/www/bitrix/modules/main/lib/engine/action.php:117
#3: Bitrix\Main\Engine\Action->runWithSourceParametersList
	/home/bitrix/www/bitrix/modules/main/lib/engine/controller.php:425
#4: Bitrix\Main\Engine\Controller->run
	/home/bitrix/www/bitrix/modules/main/lib/httpapplication.php:141
#5: Bitrix\Main\HttpApplication->runController
	/home/bitrix/www/bitrix/modules/main/include/routing_index.php:135
----------
Host: crm.sodeistvie.su:443
Date: 2024-12-27 16:57:42
Module: arFilter
array (
  '::LOGIC' => 'AND',
  'IBLOCK_ID' => 167,
  '=PROPERTY_REFERRAL_ID' => 45271,
  'PROPERTY_STATUS_VALUE' => 'Новый',
  '>=PROPERTY_DATE_LEAD' => '2000-01-01T00:00:00',
  '<=PROPERTY_DATE_LEAD' => '2024-12-27T23:59:59',
)
#0: KPLab\API\V2\Controller\Partners->getSellersAction
	
#1: ReflectionMethod->invokeArgs
	/home/bitrix/www/bitrix/modules/main/lib/engine/autowire/binder.php:207
#2: Bitrix\Main\Engine\AutoWire\Binder->invoke
	/home/bitrix/www/bitrix/modules/main/lib/engine/action.php:117
#3: Bitrix\Main\Engine\Action->runWithSourceParametersList
	/home/bitrix/www/bitrix/modules/main/lib/engine/controller.php:425
#4: Bitrix\Main\Engine\Controller->run
	/home/bitrix/www/bitrix/modules/main/lib/httpapplication.php:141
#5: Bitrix\Main\HttpApplication->runController
	/home/bitrix/www/bitrix/modules/main/include/routing_index.php:135
----------
Host: crm.sodeistvie.su:443
Date: 2024-12-27 16:57:49
Module: queryArray
array (
  'partnerInn' => '9731038662',
  'page' => '1',
  'status' => 'in_processed',
)
#0: KPLab\API\V2\Controller\Partners->getSellersAction
	
#1: ReflectionMethod->invokeArgs
	/home/bitrix/www/bitrix/modules/main/lib/engine/autowire/binder.php:207
#2: Bitrix\Main\Engine\AutoWire\Binder->invoke
	/home/bitrix/www/bitrix/modules/main/lib/engine/action.php:117
#3: Bitrix\Main\Engine\Action->runWithSourceParametersList
	/home/bitrix/www/bitrix/modules/main/lib/engine/controller.php:425
#4: Bitrix\Main\Engine\Controller->run
	/home/bitrix/www/bitrix/modules/main/lib/httpapplication.php:141
#5: Bitrix\Main\HttpApplication->runController
	/home/bitrix/www/bitrix/modules/main/include/routing_index.php:135
----------
Host: crm.sodeistvie.su:443
Date: 2024-12-27 16:57:50
Module: referralId
45271
#0: KPLab\API\V2\Controller\Partners->getSellersAction
	
#1: ReflectionMethod->invokeArgs
	/home/bitrix/www/bitrix/modules/main/lib/engine/autowire/binder.php:207
#2: Bitrix\Main\Engine\AutoWire\Binder->invoke
	/home/bitrix/www/bitrix/modules/main/lib/engine/action.php:117
#3: Bitrix\Main\Engine\Action->runWithSourceParametersList
	/home/bitrix/www/bitrix/modules/main/lib/engine/controller.php:425
#4: Bitrix\Main\Engine\Controller->run
	/home/bitrix/www/bitrix/modules/main/lib/httpapplication.php:141
#5: Bitrix\Main\HttpApplication->runController
	/home/bitrix/www/bitrix/modules/main/include/routing_index.php:135
----------
Host: crm.sodeistvie.su:443
Date: 2024-12-27 16:57:50
Module: arFilter
array (
  '::LOGIC' => 'AND',
  'IBLOCK_ID' => 167,
  '=PROPERTY_REFERRAL_ID' => 45271,
  'PROPERTY_STATUS_VALUE' => 'В обработке',
  '>=PROPERTY_DATE_LEAD' => '2000-01-01T00:00:00',
  '<=PROPERTY_DATE_LEAD' => '2024-12-27T23:59:59',
)
#0: KPLab\API\V2\Controller\Partners->getSellersAction
	
#1: ReflectionMethod->invokeArgs
	/home/bitrix/www/bitrix/modules/main/lib/engine/autowire/binder.php:207
#2: Bitrix\Main\Engine\AutoWire\Binder->invoke
	/home/bitrix/www/bitrix/modules/main/lib/engine/action.php:117
#3: Bitrix\Main\Engine\Action->runWithSourceParametersList
	/home/bitrix/www/bitrix/modules/main/lib/engine/controller.php:425
#4: Bitrix\Main\Engine\Controller->run
	/home/bitrix/www/bitrix/modules/main/lib/httpapplication.php:141
#5: Bitrix\Main\HttpApplication->runController
	/home/bitrix/www/bitrix/modules/main/include/routing_index.php:135
----------
Host: crm.sodeistvie.su:443
Date: 2024-12-27 16:57:51
Module: queryArray
array (
  'partnerInn' => '9731038662',
  'page' => '51',
  'status' => 'in_processed',
)
#0: KPLab\API\V2\Controller\Partners->getSellersAction
	
#1: ReflectionMethod->invokeArgs
	/home/bitrix/www/bitrix/modules/main/lib/engine/autowire/binder.php:207
#2: Bitrix\Main\Engine\AutoWire\Binder->invoke
	/home/bitrix/www/bitrix/modules/main/lib/engine/action.php:117
#3: Bitrix\Main\Engine\Action->runWithSourceParametersList
	/home/bitrix/www/bitrix/modules/main/lib/engine/controller.php:425
#4: Bitrix\Main\Engine\Controller->run
	/home/bitrix/www/bitrix/modules/main/lib/httpapplication.php:141
#5: Bitrix\Main\HttpApplication->runController
	/home/bitrix/www/bitrix/modules/main/include/routing_index.php:135
----------
Host: crm.sodeistvie.su:443
Date: 2024-12-27 16:57:51
Module: referralId
45271
#0: KPLab\API\V2\Controller\Partners->getSellersAction
	
#1: ReflectionMethod->invokeArgs
	/home/bitrix/www/bitrix/modules/main/lib/engine/autowire/binder.php:207
#2: Bitrix\Main\Engine\AutoWire\Binder->invoke
	/home/bitrix/www/bitrix/modules/main/lib/engine/action.php:117
#3: Bitrix\Main\Engine\Action->runWithSourceParametersList
	/home/bitrix/www/bitrix/modules/main/lib/engine/controller.php:425
#4: Bitrix\Main\Engine\Controller->run
	/home/bitrix/www/bitrix/modules/main/lib/httpapplication.php:141
#5: Bitrix\Main\HttpApplication->runController
	/home/bitrix/www/bitrix/modules/main/include/routing_index.php:135
----------
Host: crm.sodeistvie.su:443
Date: 2024-12-27 16:57:51
Module: arFilter
array (
  '::LOGIC' => 'AND',
  'IBLOCK_ID' => 167,
  '=PROPERTY_REFERRAL_ID' => 45271,
  'PROPERTY_STATUS_VALUE' => 'В обработке',
  '>=PROPERTY_DATE_LEAD' => '2000-01-01T00:00:00',
  '<=PROPERTY_DATE_LEAD' => '2024-12-27T23:59:59',
)
#0: KPLab\API\V2\Controller\Partners->getSellersAction
	
#1: ReflectionMethod->invokeArgs
	/home/bitrix/www/bitrix/modules/main/lib/engine/autowire/binder.php:207
#2: Bitrix\Main\Engine\AutoWire\Binder->invoke
	/home/bitrix/www/bitrix/modules/main/lib/engine/action.php:117
#3: Bitrix\Main\Engine\Action->runWithSourceParametersList
	/home/bitrix/www/bitrix/modules/main/lib/engine/controller.php:425
#4: Bitrix\Main\Engine\Controller->run
	/home/bitrix/www/bitrix/modules/main/lib/httpapplication.php:141
#5: Bitrix\Main\HttpApplication->runController
	/home/bitrix/www/bitrix/modules/main/include/routing_index.php:135
----------
Host: crm.sodeistvie.su:443
Date: 2024-12-27 17:58:51
Module: queryArray
array (
  'partnerInn' => '772173434667',
  'page' => '1',
)
#0: KPLab\API\V2\Controller\Partners->getSellersAction
	
#1: ReflectionMethod->invokeArgs
	/home/bitrix/www/bitrix/modules/main/lib/engine/autowire/binder.php:207
#2: Bitrix\Main\Engine\AutoWire\Binder->invoke
	/home/bitrix/www/bitrix/modules/main/lib/engine/action.php:117
#3: Bitrix\Main\Engine\Action->runWithSourceParametersList
	/home/bitrix/www/bitrix/modules/main/lib/engine/controller.php:425
#4: Bitrix\Main\Engine\Controller->run
	/home/bitrix/www/bitrix/modules/main/lib/httpapplication.php:141
#5: Bitrix\Main\HttpApplication->runController
	/home/bitrix/www/bitrix/modules/main/include/routing_index.php:135
----------
Host: crm.sodeistvie.su:443
Date: 2024-12-27 17:58:52
Module: referralId
49950
#0: KPLab\API\V2\Controller\Partners->getSellersAction
	
#1: ReflectionMethod->invokeArgs
	/home/bitrix/www/bitrix/modules/main/lib/engine/autowire/binder.php:207
#2: Bitrix\Main\Engine\AutoWire\Binder->invoke
	/home/bitrix/www/bitrix/modules/main/lib/engine/action.php:117
#3: Bitrix\Main\Engine\Action->runWithSourceParametersList
	/home/bitrix/www/bitrix/modules/main/lib/engine/controller.php:425
#4: Bitrix\Main\Engine\Controller->run
	/home/bitrix/www/bitrix/modules/main/lib/httpapplication.php:141
#5: Bitrix\Main\HttpApplication->runController
	/home/bitrix/www/bitrix/modules/main/include/routing_index.php:135
----------
Host: crm.sodeistvie.su:443
Date: 2024-12-27 17:58:56
Module: queryArray
array (
  'partnerInn' => '772173434667',
  'page' => '51',
  'status' => 'all',
)
#0: KPLab\API\V2\Controller\Partners->getSellersAction
	
#1: ReflectionMethod->invokeArgs
	/home/bitrix/www/bitrix/modules/main/lib/engine/autowire/binder.php:207
#2: Bitrix\Main\Engine\AutoWire\Binder->invoke
	/home/bitrix/www/bitrix/modules/main/lib/engine/action.php:117
#3: Bitrix\Main\Engine\Action->runWithSourceParametersList
	/home/bitrix/www/bitrix/modules/main/lib/engine/controller.php:425
#4: Bitrix\Main\Engine\Controller->run
	/home/bitrix/www/bitrix/modules/main/lib/httpapplication.php:141
#5: Bitrix\Main\HttpApplication->runController
	/home/bitrix/www/bitrix/modules/main/include/routing_index.php:135
----------
Host: crm.sodeistvie.su:443
Date: 2024-12-27 17:58:56
Module: referralId
49950
#0: KPLab\API\V2\Controller\Partners->getSellersAction
	
#1: ReflectionMethod->invokeArgs
	/home/bitrix/www/bitrix/modules/main/lib/engine/autowire/binder.php:207
#2: Bitrix\Main\Engine\AutoWire\Binder->invoke
	/home/bitrix/www/bitrix/modules/main/lib/engine/action.php:117
#3: Bitrix\Main\Engine\Action->runWithSourceParametersList
	/home/bitrix/www/bitrix/modules/main/lib/engine/controller.php:425
#4: Bitrix\Main\Engine\Controller->run
	/home/bitrix/www/bitrix/modules/main/lib/httpapplication.php:141
#5: Bitrix\Main\HttpApplication->runController
	/home/bitrix/www/bitrix/modules/main/include/routing_index.php:135
----------
Host: crm.sodeistvie.su:443
Date: 2024-12-27 17:59:01
Module: queryArray
array (
  'partnerInn' => '772173434667',
  'page' => '1',
)
#0: KPLab\API\V2\Controller\Partners->getSellersAction
	
#1: ReflectionMethod->invokeArgs
	/home/bitrix/www/bitrix/modules/main/lib/engine/autowire/binder.php:207
#2: Bitrix\Main\Engine\AutoWire\Binder->invoke
	/home/bitrix/www/bitrix/modules/main/lib/engine/action.php:117
#3: Bitrix\Main\Engine\Action->runWithSourceParametersList
	/home/bitrix/www/bitrix/modules/main/lib/engine/controller.php:425
#4: Bitrix\Main\Engine\Controller->run
	/home/bitrix/www/bitrix/modules/main/lib/httpapplication.php:141
#5: Bitrix\Main\HttpApplication->runController
	/home/bitrix/www/bitrix/modules/main/include/routing_index.php:135
----------
Host: crm.sodeistvie.su:443
Date: 2024-12-27 17:59:02
Module: referralId
49950
#0: KPLab\API\V2\Controller\Partners->getSellersAction
	
#1: ReflectionMethod->invokeArgs
	/home/bitrix/www/bitrix/modules/main/lib/engine/autowire/binder.php:207
#2: Bitrix\Main\Engine\AutoWire\Binder->invoke
	/home/bitrix/www/bitrix/modules/main/lib/engine/action.php:117
#3: Bitrix\Main\Engine\Action->runWithSourceParametersList
	/home/bitrix/www/bitrix/modules/main/lib/engine/controller.php:425
#4: Bitrix\Main\Engine\Controller->run
	/home/bitrix/www/bitrix/modules/main/lib/httpapplication.php:141
#5: Bitrix\Main\HttpApplication->runController
	/home/bitrix/www/bitrix/modules/main/include/routing_index.php:135
----------
Host: crm.sodeistvie.su:443
Date: 2024-12-27 17:59:04
Module: queryArray
array (
  'partnerInn' => '772173434667',
  'page' => '51',
  'status' => 'all',
)
#0: KPLab\API\V2\Controller\Partners->getSellersAction
	
#1: ReflectionMethod->invokeArgs
	/home/bitrix/www/bitrix/modules/main/lib/engine/autowire/binder.php:207
#2: Bitrix\Main\Engine\AutoWire\Binder->invoke
	/home/bitrix/www/bitrix/modules/main/lib/engine/action.php:117
#3: Bitrix\Main\Engine\Action->runWithSourceParametersList
	/home/bitrix/www/bitrix/modules/main/lib/engine/controller.php:425
#4: Bitrix\Main\Engine\Controller->run
	/home/bitrix/www/bitrix/modules/main/lib/httpapplication.php:141
#5: Bitrix\Main\HttpApplication->runController
	/home/bitrix/www/bitrix/modules/main/include/routing_index.php:135
----------
Host: crm.sodeistvie.su:443
Date: 2024-12-27 17:59:04
Module: referralId
49950
#0: KPLab\API\V2\Controller\Partners->getSellersAction
	
#1: ReflectionMethod->invokeArgs
	/home/bitrix/www/bitrix/modules/main/lib/engine/autowire/binder.php:207
#2: Bitrix\Main\Engine\AutoWire\Binder->invoke
	/home/bitrix/www/bitrix/modules/main/lib/engine/action.php:117
#3: Bitrix\Main\Engine\Action->runWithSourceParametersList
	/home/bitrix/www/bitrix/modules/main/lib/engine/controller.php:425
#4: Bitrix\Main\Engine\Controller->run
	/home/bitrix/www/bitrix/modules/main/lib/httpapplication.php:141
#5: Bitrix\Main\HttpApplication->runController
	/home/bitrix/www/bitrix/modules/main/include/routing_index.php:135
----------
Host: crm.sodeistvie.su:443
Date: 2024-12-27 18:53:45
Module: queryArray
array (
  'partnerInn' => '7721546864',
  'page' => '1',
)
#0: KPLab\API\V2\Controller\Partners->getSellersAction
	
#1: ReflectionMethod->invokeArgs
	/home/bitrix/www/bitrix/modules/main/lib/engine/autowire/binder.php:207
#2: Bitrix\Main\Engine\AutoWire\Binder->invoke
	/home/bitrix/www/bitrix/modules/main/lib/engine/action.php:117
#3: Bitrix\Main\Engine\Action->runWithSourceParametersList
	/home/bitrix/www/bitrix/modules/main/lib/engine/controller.php:425
#4: Bitrix\Main\Engine\Controller->run
	/home/bitrix/www/bitrix/modules/main/lib/httpapplication.php:141
#5: Bitrix\Main\HttpApplication->runController
	/home/bitrix/www/bitrix/modules/main/include/routing_index.php:135
----------
Host: crm.sodeistvie.su:443
Date: 2024-12-27 18:53:46
Module: referralId
32813
#0: KPLab\API\V2\Controller\Partners->getSellersAction
	
#1: ReflectionMethod->invokeArgs
	/home/bitrix/www/bitrix/modules/main/lib/engine/autowire/binder.php:207
#2: Bitrix\Main\Engine\AutoWire\Binder->invoke
	/home/bitrix/www/bitrix/modules/main/lib/engine/action.php:117
#3: Bitrix\Main\Engine\Action->runWithSourceParametersList
	/home/bitrix/www/bitrix/modules/main/lib/engine/controller.php:425
#4: Bitrix\Main\Engine\Controller->run
	/home/bitrix/www/bitrix/modules/main/lib/httpapplication.php:141
#5: Bitrix\Main\HttpApplication->runController
	/home/bitrix/www/bitrix/modules/main/include/routing_index.php:135
----------
Host: crm.sodeistvie.su:443
Date: 2024-12-28 11:45:54
Module: queryArray
array (
  'partnerInn' => '6608003052',
  'page' => '1',
)
#0: KPLab\API\V2\Controller\Partners->getSellersAction
	
#1: ReflectionMethod->invokeArgs
	/home/bitrix/www/bitrix/modules/main/lib/engine/autowire/binder.php:207
#2: Bitrix\Main\Engine\AutoWire\Binder->invoke
	/home/bitrix/www/bitrix/modules/main/lib/engine/action.php:117
#3: Bitrix\Main\Engine\Action->runWithSourceParametersList
	/home/bitrix/www/bitrix/modules/main/lib/engine/controller.php:425
#4: Bitrix\Main\Engine\Controller->run
	/home/bitrix/www/bitrix/modules/main/lib/httpapplication.php:141
#5: Bitrix\Main\HttpApplication->runController
	/home/bitrix/www/bitrix/modules/main/include/routing_index.php:135
----------
Host: crm.sodeistvie.su:443
Date: 2024-12-28 11:45:54
Module: referralId
20863
#0: KPLab\API\V2\Controller\Partners->getSellersAction
	
#1: ReflectionMethod->invokeArgs
	/home/bitrix/www/bitrix/modules/main/lib/engine/autowire/binder.php:207
#2: Bitrix\Main\Engine\AutoWire\Binder->invoke
	/home/bitrix/www/bitrix/modules/main/lib/engine/action.php:117
#3: Bitrix\Main\Engine\Action->runWithSourceParametersList
	/home/bitrix/www/bitrix/modules/main/lib/engine/controller.php:425
#4: Bitrix\Main\Engine\Controller->run
	/home/bitrix/www/bitrix/modules/main/lib/httpapplication.php:141
#5: Bitrix\Main\HttpApplication->runController
	/home/bitrix/www/bitrix/modules/main/include/routing_index.php:135
----------
Host: crm.sodeistvie.su:443
Date: 2024-12-28 11:49:52
Module: queryArray
array (
  'partnerInn' => '6608003052',
  'page' => '1',
)
#0: KPLab\API\V2\Controller\Partners->getSellersAction
	
#1: ReflectionMethod->invokeArgs
	/home/bitrix/www/bitrix/modules/main/lib/engine/autowire/binder.php:207
#2: Bitrix\Main\Engine\AutoWire\Binder->invoke
	/home/bitrix/www/bitrix/modules/main/lib/engine/action.php:117
#3: Bitrix\Main\Engine\Action->runWithSourceParametersList
	/home/bitrix/www/bitrix/modules/main/lib/engine/controller.php:425
#4: Bitrix\Main\Engine\Controller->run
	/home/bitrix/www/bitrix/modules/main/lib/httpapplication.php:141
#5: Bitrix\Main\HttpApplication->runController
	/home/bitrix/www/bitrix/modules/main/include/routing_index.php:135
----------
Host: crm.sodeistvie.su:443
Date: 2024-12-28 11:49:52
Module: referralId
20863
#0: KPLab\API\V2\Controller\Partners->getSellersAction
	
#1: ReflectionMethod->invokeArgs
	/home/bitrix/www/bitrix/modules/main/lib/engine/autowire/binder.php:207
#2: Bitrix\Main\Engine\AutoWire\Binder->invoke
	/home/bitrix/www/bitrix/modules/main/lib/engine/action.php:117
#3: Bitrix\Main\Engine\Action->runWithSourceParametersList
	/home/bitrix/www/bitrix/modules/main/lib/engine/controller.php:425
#4: Bitrix\Main\Engine\Controller->run
	/home/bitrix/www/bitrix/modules/main/lib/httpapplication.php:141
#5: Bitrix\Main\HttpApplication->runController
	/home/bitrix/www/bitrix/modules/main/include/routing_index.php:135
----------
Host: crm.sodeistvie.su:443
Date: 2024-12-28 11:54:34
Module: queryArray
array (
  'partnerInn' => '6608003052',
  'page' => '51',
  'status' => 'all',
)
#0: KPLab\API\V2\Controller\Partners->getSellersAction
	
#1: ReflectionMethod->invokeArgs
	/home/bitrix/www/bitrix/modules/main/lib/engine/autowire/binder.php:207
#2: Bitrix\Main\Engine\AutoWire\Binder->invoke
	/home/bitrix/www/bitrix/modules/main/lib/engine/action.php:117
#3: Bitrix\Main\Engine\Action->runWithSourceParametersList
	/home/bitrix/www/bitrix/modules/main/lib/engine/controller.php:425
#4: Bitrix\Main\Engine\Controller->run
	/home/bitrix/www/bitrix/modules/main/lib/httpapplication.php:141
#5: Bitrix\Main\HttpApplication->runController
	/home/bitrix/www/bitrix/modules/main/include/routing_index.php:135
----------
Host: crm.sodeistvie.su:443
Date: 2024-12-28 11:54:34
Module: referralId
20863
#0: KPLab\API\V2\Controller\Partners->getSellersAction
	
#1: ReflectionMethod->invokeArgs
	/home/bitrix/www/bitrix/modules/main/lib/engine/autowire/binder.php:207
#2: Bitrix\Main\Engine\AutoWire\Binder->invoke
	/home/bitrix/www/bitrix/modules/main/lib/engine/action.php:117
#3: Bitrix\Main\Engine\Action->runWithSourceParametersList
	/home/bitrix/www/bitrix/modules/main/lib/engine/controller.php:425
#4: Bitrix\Main\Engine\Controller->run
	/home/bitrix/www/bitrix/modules/main/lib/httpapplication.php:141
#5: Bitrix\Main\HttpApplication->runController
	/home/bitrix/www/bitrix/modules/main/include/routing_index.php:135
----------
Host: crm.sodeistvie.su:443
Date: 2024-12-28 15:27:49
Module: queryArray
array (
  'partnerInn' => '665900240182',
  'page' => '1',
)
#0: KPLab\API\V2\Controller\Partners->getSellersAction
	
#1: ReflectionMethod->invokeArgs
	/home/bitrix/www/bitrix/modules/main/lib/engine/autowire/binder.php:207
#2: Bitrix\Main\Engine\AutoWire\Binder->invoke
	/home/bitrix/www/bitrix/modules/main/lib/engine/action.php:117
#3: Bitrix\Main\Engine\Action->runWithSourceParametersList
	/home/bitrix/www/bitrix/modules/main/lib/engine/controller.php:425
#4: Bitrix\Main\Engine\Controller->run
	/home/bitrix/www/bitrix/modules/main/lib/httpapplication.php:141
#5: Bitrix\Main\HttpApplication->runController
	/home/bitrix/www/bitrix/modules/main/include/routing_index.php:135
----------
Host: crm.sodeistvie.su:443
Date: 2024-12-28 15:27:49
Module: referralId
40101
#0: KPLab\API\V2\Controller\Partners->getSellersAction
	
#1: ReflectionMethod->invokeArgs
	/home/bitrix/www/bitrix/modules/main/lib/engine/autowire/binder.php:207
#2: Bitrix\Main\Engine\AutoWire\Binder->invoke
	/home/bitrix/www/bitrix/modules/main/lib/engine/action.php:117
#3: Bitrix\Main\Engine\Action->runWithSourceParametersList
	/home/bitrix/www/bitrix/modules/main/lib/engine/controller.php:425
#4: Bitrix\Main\Engine\Controller->run
	/home/bitrix/www/bitrix/modules/main/lib/httpapplication.php:141
#5: Bitrix\Main\HttpApplication->runController
	/home/bitrix/www/bitrix/modules/main/include/routing_index.php:135
----------
Host: crm.sodeistvie.su:443
Date: 2024-12-28 15:28:05
Module: queryArray
array (
  'partnerInn' => '665900240182',
  'startDate' => '08/01/2024 00:00:00',
  'endDate' => '12/31/2024 00:00:00',
  'page' => '1',
  'status' => 'all',
)
#0: KPLab\API\V2\Controller\Partners->getSellersAction
	
#1: ReflectionMethod->invokeArgs
	/home/bitrix/www/bitrix/modules/main/lib/engine/autowire/binder.php:207
#2: Bitrix\Main\Engine\AutoWire\Binder->invoke
	/home/bitrix/www/bitrix/modules/main/lib/engine/action.php:117
#3: Bitrix\Main\Engine\Action->runWithSourceParametersList
	/home/bitrix/www/bitrix/modules/main/lib/engine/controller.php:425
#4: Bitrix\Main\Engine\Controller->run
	/home/bitrix/www/bitrix/modules/main/lib/httpapplication.php:141
#5: Bitrix\Main\HttpApplication->runController
	/home/bitrix/www/bitrix/modules/main/include/routing_index.php:135
----------
Host: crm.sodeistvie.su:443
Date: 2024-12-28 15:28:06
Module: referralId
40101
#0: KPLab\API\V2\Controller\Partners->getSellersAction
	
#1: ReflectionMethod->invokeArgs
	/home/bitrix/www/bitrix/modules/main/lib/engine/autowire/binder.php:207
#2: Bitrix\Main\Engine\AutoWire\Binder->invoke
	/home/bitrix/www/bitrix/modules/main/lib/engine/action.php:117
#3: Bitrix\Main\Engine\Action->runWithSourceParametersList
	/home/bitrix/www/bitrix/modules/main/lib/engine/controller.php:425
#4: Bitrix\Main\Engine\Controller->run
	/home/bitrix/www/bitrix/modules/main/lib/httpapplication.php:141
#5: Bitrix\Main\HttpApplication->runController
	/home/bitrix/www/bitrix/modules/main/include/routing_index.php:135
----------
Host: crm.sodeistvie.su:443
Date: 2024-12-28 15:28:18
Module: queryArray
array (
  'partnerInn' => '665900240182',
  'page' => '1',
)
#0: KPLab\API\V2\Controller\Partners->getSellersAction
	
#1: ReflectionMethod->invokeArgs
	/home/bitrix/www/bitrix/modules/main/lib/engine/autowire/binder.php:207
#2: Bitrix\Main\Engine\AutoWire\Binder->invoke
	/home/bitrix/www/bitrix/modules/main/lib/engine/action.php:117
#3: Bitrix\Main\Engine\Action->runWithSourceParametersList
	/home/bitrix/www/bitrix/modules/main/lib/engine/controller.php:425
#4: Bitrix\Main\Engine\Controller->run
	/home/bitrix/www/bitrix/modules/main/lib/httpapplication.php:141
#5: Bitrix\Main\HttpApplication->runController
	/home/bitrix/www/bitrix/modules/main/include/routing_index.php:135
----------
Host: crm.sodeistvie.su:443
Date: 2024-12-28 15:28:18
Module: referralId
40101
#0: KPLab\API\V2\Controller\Partners->getSellersAction
	
#1: ReflectionMethod->invokeArgs
	/home/bitrix/www/bitrix/modules/main/lib/engine/autowire/binder.php:207
#2: Bitrix\Main\Engine\AutoWire\Binder->invoke
	/home/bitrix/www/bitrix/modules/main/lib/engine/action.php:117
#3: Bitrix\Main\Engine\Action->runWithSourceParametersList
	/home/bitrix/www/bitrix/modules/main/lib/engine/controller.php:425
#4: Bitrix\Main\Engine\Controller->run
	/home/bitrix/www/bitrix/modules/main/lib/httpapplication.php:141
#5: Bitrix\Main\HttpApplication->runController
	/home/bitrix/www/bitrix/modules/main/include/routing_index.php:135
----------
Host: crm.sodeistvie.su:443
Date: 2024-12-28 15:28:28
Module: queryArray
array (
  'partnerInn' => '665900240182',
  'page' => '1',
  'status' => 'new',
)
#0: KPLab\API\V2\Controller\Partners->getSellersAction
	
#1: ReflectionMethod->invokeArgs
	/home/bitrix/www/bitrix/modules/main/lib/engine/autowire/binder.php:207
#2: Bitrix\Main\Engine\AutoWire\Binder->invoke
	/home/bitrix/www/bitrix/modules/main/lib/engine/action.php:117
#3: Bitrix\Main\Engine\Action->runWithSourceParametersList
	/home/bitrix/www/bitrix/modules/main/lib/engine/controller.php:425
#4: Bitrix\Main\Engine\Controller->run
	/home/bitrix/www/bitrix/modules/main/lib/httpapplication.php:141
#5: Bitrix\Main\HttpApplication->runController
	/home/bitrix/www/bitrix/modules/main/include/routing_index.php:135
----------
Host: crm.sodeistvie.su:443
Date: 2024-12-28 15:28:28
Module: referralId
40101
#0: KPLab\API\V2\Controller\Partners->getSellersAction
	
#1: ReflectionMethod->invokeArgs
	/home/bitrix/www/bitrix/modules/main/lib/engine/autowire/binder.php:207
#2: Bitrix\Main\Engine\AutoWire\Binder->invoke
	/home/bitrix/www/bitrix/modules/main/lib/engine/action.php:117
#3: Bitrix\Main\Engine\Action->runWithSourceParametersList
	/home/bitrix/www/bitrix/modules/main/lib/engine/controller.php:425
#4: Bitrix\Main\Engine\Controller->run
	/home/bitrix/www/bitrix/modules/main/lib/httpapplication.php:141
#5: Bitrix\Main\HttpApplication->runController
	/home/bitrix/www/bitrix/modules/main/include/routing_index.php:135
----------
Host: crm.sodeistvie.su:443
Date: 2024-12-28 15:28:28
Module: arFilter
array (
  '::LOGIC' => 'AND',
  'IBLOCK_ID' => 167,
  '=PROPERTY_REFERRAL_ID' => 40101,
  'PROPERTY_STATUS_VALUE' => 'Новый',
  '>=PROPERTY_DATE_LEAD' => '2000-01-01T00:00:00',
  '<=PROPERTY_DATE_LEAD' => '2024-12-28T23:59:59',
)
#0: KPLab\API\V2\Controller\Partners->getSellersAction
	
#1: ReflectionMethod->invokeArgs
	/home/bitrix/www/bitrix/modules/main/lib/engine/autowire/binder.php:207
#2: Bitrix\Main\Engine\AutoWire\Binder->invoke
	/home/bitrix/www/bitrix/modules/main/lib/engine/action.php:117
#3: Bitrix\Main\Engine\Action->runWithSourceParametersList
	/home/bitrix/www/bitrix/modules/main/lib/engine/controller.php:425
#4: Bitrix\Main\Engine\Controller->run
	/home/bitrix/www/bitrix/modules/main/lib/httpapplication.php:141
#5: Bitrix\Main\HttpApplication->runController
	/home/bitrix/www/bitrix/modules/main/include/routing_index.php:135
----------
Host: crm.sodeistvie.su:443
Date: 2024-12-28 15:28:29
Module: queryArray
array (
  'partnerInn' => '665900240182',
  'page' => '1',
  'status' => 'in_processed',
)
#0: KPLab\API\V2\Controller\Partners->getSellersAction
	
#1: ReflectionMethod->invokeArgs
	/home/bitrix/www/bitrix/modules/main/lib/engine/autowire/binder.php:207
#2: Bitrix\Main\Engine\AutoWire\Binder->invoke
	/home/bitrix/www/bitrix/modules/main/lib/engine/action.php:117
#3: Bitrix\Main\Engine\Action->runWithSourceParametersList
	/home/bitrix/www/bitrix/modules/main/lib/engine/controller.php:425
#4: Bitrix\Main\Engine\Controller->run
	/home/bitrix/www/bitrix/modules/main/lib/httpapplication.php:141
#5: Bitrix\Main\HttpApplication->runController
	/home/bitrix/www/bitrix/modules/main/include/routing_index.php:135
----------
Host: crm.sodeistvie.su:443
Date: 2024-12-28 15:28:30
Module: referralId
40101
#0: KPLab\API\V2\Controller\Partners->getSellersAction
	
#1: ReflectionMethod->invokeArgs
	/home/bitrix/www/bitrix/modules/main/lib/engine/autowire/binder.php:207
#2: Bitrix\Main\Engine\AutoWire\Binder->invoke
	/home/bitrix/www/bitrix/modules/main/lib/engine/action.php:117
#3: Bitrix\Main\Engine\Action->runWithSourceParametersList
	/home/bitrix/www/bitrix/modules/main/lib/engine/controller.php:425
#4: Bitrix\Main\Engine\Controller->run
	/home/bitrix/www/bitrix/modules/main/lib/httpapplication.php:141
#5: Bitrix\Main\HttpApplication->runController
	/home/bitrix/www/bitrix/modules/main/include/routing_index.php:135
----------
Host: crm.sodeistvie.su:443
Date: 2024-12-28 15:28:30
Module: arFilter
array (
  '::LOGIC' => 'AND',
  'IBLOCK_ID' => 167,
  '=PROPERTY_REFERRAL_ID' => 40101,
  'PROPERTY_STATUS_VALUE' => 'В обработке',
  '>=PROPERTY_DATE_LEAD' => '2000-01-01T00:00:00',
  '<=PROPERTY_DATE_LEAD' => '2024-12-28T23:59:59',
)
#0: KPLab\API\V2\Controller\Partners->getSellersAction
	
#1: ReflectionMethod->invokeArgs
	/home/bitrix/www/bitrix/modules/main/lib/engine/autowire/binder.php:207
#2: Bitrix\Main\Engine\AutoWire\Binder->invoke
	/home/bitrix/www/bitrix/modules/main/lib/engine/action.php:117
#3: Bitrix\Main\Engine\Action->runWithSourceParametersList
	/home/bitrix/www/bitrix/modules/main/lib/engine/controller.php:425
#4: Bitrix\Main\Engine\Controller->run
	/home/bitrix/www/bitrix/modules/main/lib/httpapplication.php:141
#5: Bitrix\Main\HttpApplication->runController
	/home/bitrix/www/bitrix/modules/main/include/routing_index.php:135
----------
Host: crm.sodeistvie.su:443
Date: 2024-12-28 15:28:30
Module: queryArray
array (
  'partnerInn' => '665900240182',
  'page' => '1',
  'status' => 'issued',
)
#0: KPLab\API\V2\Controller\Partners->getSellersAction
	
#1: ReflectionMethod->invokeArgs
	/home/bitrix/www/bitrix/modules/main/lib/engine/autowire/binder.php:207
#2: Bitrix\Main\Engine\AutoWire\Binder->invoke
	/home/bitrix/www/bitrix/modules/main/lib/engine/action.php:117
#3: Bitrix\Main\Engine\Action->runWithSourceParametersList
	/home/bitrix/www/bitrix/modules/main/lib/engine/controller.php:425
#4: Bitrix\Main\Engine\Controller->run
	/home/bitrix/www/bitrix/modules/main/lib/httpapplication.php:141
#5: Bitrix\Main\HttpApplication->runController
	/home/bitrix/www/bitrix/modules/main/include/routing_index.php:135
----------
Host: crm.sodeistvie.su:443
Date: 2024-12-28 15:28:31
Module: referralId
40101
#0: KPLab\API\V2\Controller\Partners->getSellersAction
	
#1: ReflectionMethod->invokeArgs
	/home/bitrix/www/bitrix/modules/main/lib/engine/autowire/binder.php:207
#2: Bitrix\Main\Engine\AutoWire\Binder->invoke
	/home/bitrix/www/bitrix/modules/main/lib/engine/action.php:117
#3: Bitrix\Main\Engine\Action->runWithSourceParametersList
	/home/bitrix/www/bitrix/modules/main/lib/engine/controller.php:425
#4: Bitrix\Main\Engine\Controller->run
	/home/bitrix/www/bitrix/modules/main/lib/httpapplication.php:141
#5: Bitrix\Main\HttpApplication->runController
	/home/bitrix/www/bitrix/modules/main/include/routing_index.php:135
----------
Host: crm.sodeistvie.su:443
Date: 2024-12-28 15:28:31
Module: queryArray
array (
  'partnerInn' => '665900240182',
  'page' => '1',
  'status' => 'refused',
)
#0: KPLab\API\V2\Controller\Partners->getSellersAction
	
#1: ReflectionMethod->invokeArgs
	/home/bitrix/www/bitrix/modules/main/lib/engine/autowire/binder.php:207
#2: Bitrix\Main\Engine\AutoWire\Binder->invoke
	/home/bitrix/www/bitrix/modules/main/lib/engine/action.php:117
#3: Bitrix\Main\Engine\Action->runWithSourceParametersList
	/home/bitrix/www/bitrix/modules/main/lib/engine/controller.php:425
#4: Bitrix\Main\Engine\Controller->run
	/home/bitrix/www/bitrix/modules/main/lib/httpapplication.php:141
#5: Bitrix\Main\HttpApplication->runController
	/home/bitrix/www/bitrix/modules/main/include/routing_index.php:135
----------
Host: crm.sodeistvie.su:443
Date: 2024-12-28 15:28:31
Module: referralId
40101
#0: KPLab\API\V2\Controller\Partners->getSellersAction
	
#1: ReflectionMethod->invokeArgs
	/home/bitrix/www/bitrix/modules/main/lib/engine/autowire/binder.php:207
#2: Bitrix\Main\Engine\AutoWire\Binder->invoke
	/home/bitrix/www/bitrix/modules/main/lib/engine/action.php:117
#3: Bitrix\Main\Engine\Action->runWithSourceParametersList
	/home/bitrix/www/bitrix/modules/main/lib/engine/controller.php:425
#4: Bitrix\Main\Engine\Controller->run
	/home/bitrix/www/bitrix/modules/main/lib/httpapplication.php:141
#5: Bitrix\Main\HttpApplication->runController
	/home/bitrix/www/bitrix/modules/main/include/routing_index.php:135
----------
Host: crm.sodeistvie.su:443
Date: 2024-12-28 15:28:31
Module: arFilter
array (
  '::LOGIC' => 'AND',
  'IBLOCK_ID' => 167,
  '=PROPERTY_REFERRAL_ID' => 40101,
  'PROPERTY_STATUS_VALUE' => 'Отказ',
  '>=PROPERTY_DATE_LEAD' => '2000-01-01T00:00:00',
  '<=PROPERTY_DATE_LEAD' => '2024-12-28T23:59:59',
)
#0: KPLab\API\V2\Controller\Partners->getSellersAction
	
#1: ReflectionMethod->invokeArgs
	/home/bitrix/www/bitrix/modules/main/lib/engine/autowire/binder.php:207
#2: Bitrix\Main\Engine\AutoWire\Binder->invoke
	/home/bitrix/www/bitrix/modules/main/lib/engine/action.php:117
#3: Bitrix\Main\Engine\Action->runWithSourceParametersList
	/home/bitrix/www/bitrix/modules/main/lib/engine/controller.php:425
#4: Bitrix\Main\Engine\Controller->run
	/home/bitrix/www/bitrix/modules/main/lib/httpapplication.php:141
#5: Bitrix\Main\HttpApplication->runController
	/home/bitrix/www/bitrix/modules/main/include/routing_index.php:135
----------
Host: crm.sodeistvie.su:443
Date: 2024-12-28 15:28:31
Module: queryArray
array (
  'partnerInn' => '665900240182',
  'page' => '1',
  'status' => 'all',
)
#0: KPLab\API\V2\Controller\Partners->getSellersAction
	
#1: ReflectionMethod->invokeArgs
	/home/bitrix/www/bitrix/modules/main/lib/engine/autowire/binder.php:207
#2: Bitrix\Main\Engine\AutoWire\Binder->invoke
	/home/bitrix/www/bitrix/modules/main/lib/engine/action.php:117
#3: Bitrix\Main\Engine\Action->runWithSourceParametersList
	/home/bitrix/www/bitrix/modules/main/lib/engine/controller.php:425
#4: Bitrix\Main\Engine\Controller->run
	/home/bitrix/www/bitrix/modules/main/lib/httpapplication.php:141
#5: Bitrix\Main\HttpApplication->runController
	/home/bitrix/www/bitrix/modules/main/include/routing_index.php:135
----------
Host: crm.sodeistvie.su:443
Date: 2024-12-28 15:28:32
Module: referralId
40101
#0: KPLab\API\V2\Controller\Partners->getSellersAction
	
#1: ReflectionMethod->invokeArgs
	/home/bitrix/www/bitrix/modules/main/lib/engine/autowire/binder.php:207
#2: Bitrix\Main\Engine\AutoWire\Binder->invoke
	/home/bitrix/www/bitrix/modules/main/lib/engine/action.php:117
#3: Bitrix\Main\Engine\Action->runWithSourceParametersList
	/home/bitrix/www/bitrix/modules/main/lib/engine/controller.php:425
#4: Bitrix\Main\Engine\Controller->run
	/home/bitrix/www/bitrix/modules/main/lib/httpapplication.php:141
#5: Bitrix\Main\HttpApplication->runController
	/home/bitrix/www/bitrix/modules/main/include/routing_index.php:135
----------
Host: crm.sodeistvie.su:443
Date: 2024-12-28 22:28:22
Module: queryArray
array (
  'partnerInn' => '771507882362',
  'page' => '1',
)
#0: KPLab\API\V2\Controller\Partners->getSellersAction
	
#1: ReflectionMethod->invokeArgs
	/home/bitrix/www/bitrix/modules/main/lib/engine/autowire/binder.php:207
#2: Bitrix\Main\Engine\AutoWire\Binder->invoke
	/home/bitrix/www/bitrix/modules/main/lib/engine/action.php:117
#3: Bitrix\Main\Engine\Action->runWithSourceParametersList
	/home/bitrix/www/bitrix/modules/main/lib/engine/controller.php:425
#4: Bitrix\Main\Engine\Controller->run
	/home/bitrix/www/bitrix/modules/main/lib/httpapplication.php:141
#5: Bitrix\Main\HttpApplication->runController
	/home/bitrix/www/bitrix/modules/main/include/routing_index.php:135
----------
Host: crm.sodeistvie.su:443
Date: 2024-12-28 22:28:22
Module: referralId
51760
#0: KPLab\API\V2\Controller\Partners->getSellersAction
	
#1: ReflectionMethod->invokeArgs
	/home/bitrix/www/bitrix/modules/main/lib/engine/autowire/binder.php:207
#2: Bitrix\Main\Engine\AutoWire\Binder->invoke
	/home/bitrix/www/bitrix/modules/main/lib/engine/action.php:117
#3: Bitrix\Main\Engine\Action->runWithSourceParametersList
	/home/bitrix/www/bitrix/modules/main/lib/engine/controller.php:425
#4: Bitrix\Main\Engine\Controller->run
	/home/bitrix/www/bitrix/modules/main/lib/httpapplication.php:141
#5: Bitrix\Main\HttpApplication->runController
	/home/bitrix/www/bitrix/modules/main/include/routing_index.php:135
----------
Host: crm.sodeistvie.su:443
Date: 2024-12-29 20:31:22
Module: queryArray
array (
  'partnerInn' => '772173434667',
  'page' => '1',
)
#0: KPLab\API\V2\Controller\Partners->getSellersAction
	
#1: ReflectionMethod->invokeArgs
	/home/bitrix/www/bitrix/modules/main/lib/engine/autowire/binder.php:207
#2: Bitrix\Main\Engine\AutoWire\Binder->invoke
	/home/bitrix/www/bitrix/modules/main/lib/engine/action.php:117
#3: Bitrix\Main\Engine\Action->runWithSourceParametersList
	/home/bitrix/www/bitrix/modules/main/lib/engine/controller.php:425
#4: Bitrix\Main\Engine\Controller->run
	/home/bitrix/www/bitrix/modules/main/lib/httpapplication.php:141
#5: Bitrix\Main\HttpApplication->runController
	/home/bitrix/www/bitrix/modules/main/include/routing_index.php:135
----------
Host: crm.sodeistvie.su:443
Date: 2024-12-29 20:31:22
Module: referralId
49950
#0: KPLab\API\V2\Controller\Partners->getSellersAction
	
#1: ReflectionMethod->invokeArgs
	/home/bitrix/www/bitrix/modules/main/lib/engine/autowire/binder.php:207
#2: Bitrix\Main\Engine\AutoWire\Binder->invoke
	/home/bitrix/www/bitrix/modules/main/lib/engine/action.php:117
#3: Bitrix\Main\Engine\Action->runWithSourceParametersList
	/home/bitrix/www/bitrix/modules/main/lib/engine/controller.php:425
#4: Bitrix\Main\Engine\Controller->run
	/home/bitrix/www/bitrix/modules/main/lib/httpapplication.php:141
#5: Bitrix\Main\HttpApplication->runController
	/home/bitrix/www/bitrix/modules/main/include/routing_index.php:135
----------
Host: crm.sodeistvie.su:443
Date: 2024-12-29 20:31:24
Module: queryArray
array (
  'partnerInn' => '772173434667',
  'page' => '51',
  'status' => 'all',
)
#0: KPLab\API\V2\Controller\Partners->getSellersAction
	
#1: ReflectionMethod->invokeArgs
	/home/bitrix/www/bitrix/modules/main/lib/engine/autowire/binder.php:207
#2: Bitrix\Main\Engine\AutoWire\Binder->invoke
	/home/bitrix/www/bitrix/modules/main/lib/engine/action.php:117
#3: Bitrix\Main\Engine\Action->runWithSourceParametersList
	/home/bitrix/www/bitrix/modules/main/lib/engine/controller.php:425
#4: Bitrix\Main\Engine\Controller->run
	/home/bitrix/www/bitrix/modules/main/lib/httpapplication.php:141
#5: Bitrix\Main\HttpApplication->runController
	/home/bitrix/www/bitrix/modules/main/include/routing_index.php:135
----------
Host: crm.sodeistvie.su:443
Date: 2024-12-29 20:31:24
Module: referralId
49950
#0: KPLab\API\V2\Controller\Partners->getSellersAction
	
#1: ReflectionMethod->invokeArgs
	/home/bitrix/www/bitrix/modules/main/lib/engine/autowire/binder.php:207
#2: Bitrix\Main\Engine\AutoWire\Binder->invoke
	/home/bitrix/www/bitrix/modules/main/lib/engine/action.php:117
#3: Bitrix\Main\Engine\Action->runWithSourceParametersList
	/home/bitrix/www/bitrix/modules/main/lib/engine/controller.php:425
#4: Bitrix\Main\Engine\Controller->run
	/home/bitrix/www/bitrix/modules/main/lib/httpapplication.php:141
#5: Bitrix\Main\HttpApplication->runController
	/home/bitrix/www/bitrix/modules/main/include/routing_index.php:135
----------
Host: crm.sodeistvie.su:443
Date: 2024-12-30 11:43:21
Module: queryArray
array (
  'partnerInn' => '744921687205',
  'page' => '1',
)
#0: KPLab\API\V2\Controller\Partners->getSellersAction
	
#1: ReflectionMethod->invokeArgs
	/home/bitrix/www/bitrix/modules/main/lib/engine/autowire/binder.php:207
#2: Bitrix\Main\Engine\AutoWire\Binder->invoke
	/home/bitrix/www/bitrix/modules/main/lib/engine/action.php:117
#3: Bitrix\Main\Engine\Action->runWithSourceParametersList
	/home/bitrix/www/bitrix/modules/main/lib/engine/controller.php:425
#4: Bitrix\Main\Engine\Controller->run
	/home/bitrix/www/bitrix/modules/main/lib/httpapplication.php:141
#5: Bitrix\Main\HttpApplication->runController
	/home/bitrix/www/bitrix/modules/main/include/routing_index.php:135
----------
Host: crm.sodeistvie.su:443
Date: 2024-12-30 11:43:22
Module: referralId
41088
#0: KPLab\API\V2\Controller\Partners->getSellersAction
	
#1: ReflectionMethod->invokeArgs
	/home/bitrix/www/bitrix/modules/main/lib/engine/autowire/binder.php:207
#2: Bitrix\Main\Engine\AutoWire\Binder->invoke
	/home/bitrix/www/bitrix/modules/main/lib/engine/action.php:117
#3: Bitrix\Main\Engine\Action->runWithSourceParametersList
	/home/bitrix/www/bitrix/modules/main/lib/engine/controller.php:425
#4: Bitrix\Main\Engine\Controller->run
	/home/bitrix/www/bitrix/modules/main/lib/httpapplication.php:141
#5: Bitrix\Main\HttpApplication->runController
	/home/bitrix/www/bitrix/modules/main/include/routing_index.php:135
----------
Host: crm.sodeistvie.su:443
Date: 2024-12-30 13:17:16
Module: queryArray
array (
  'partnerInn' => '772173434667',
  'page' => '1',
)
#0: KPLab\API\V2\Controller\Partners->getSellersAction
	
#1: ReflectionMethod->invokeArgs
	/home/bitrix/www/bitrix/modules/main/lib/engine/autowire/binder.php:207
#2: Bitrix\Main\Engine\AutoWire\Binder->invoke
	/home/bitrix/www/bitrix/modules/main/lib/engine/action.php:117
#3: Bitrix\Main\Engine\Action->runWithSourceParametersList
	/home/bitrix/www/bitrix/modules/main/lib/engine/controller.php:425
#4: Bitrix\Main\Engine\Controller->run
	/home/bitrix/www/bitrix/modules/main/lib/httpapplication.php:141
#5: Bitrix\Main\HttpApplication->runController
	/home/bitrix/www/bitrix/modules/main/include/routing_index.php:135
----------
Host: crm.sodeistvie.su:443
Date: 2024-12-30 13:17:17
Module: referralId
49950
#0: KPLab\API\V2\Controller\Partners->getSellersAction
	
#1: ReflectionMethod->invokeArgs
	/home/bitrix/www/bitrix/modules/main/lib/engine/autowire/binder.php:207
#2: Bitrix\Main\Engine\AutoWire\Binder->invoke
	/home/bitrix/www/bitrix/modules/main/lib/engine/action.php:117
#3: Bitrix\Main\Engine\Action->runWithSourceParametersList
	/home/bitrix/www/bitrix/modules/main/lib/engine/controller.php:425
#4: Bitrix\Main\Engine\Controller->run
	/home/bitrix/www/bitrix/modules/main/lib/httpapplication.php:141
#5: Bitrix\Main\HttpApplication->runController
	/home/bitrix/www/bitrix/modules/main/include/routing_index.php:135
----------
Host: crm.sodeistvie.su:443
Date: 2024-12-30 13:17:20
Module: queryArray
array (
  'partnerInn' => '772173434667',
  'page' => '51',
  'status' => 'all',
)
#0: KPLab\API\V2\Controller\Partners->getSellersAction
	
#1: ReflectionMethod->invokeArgs
	/home/bitrix/www/bitrix/modules/main/lib/engine/autowire/binder.php:207
#2: Bitrix\Main\Engine\AutoWire\Binder->invoke
	/home/bitrix/www/bitrix/modules/main/lib/engine/action.php:117
#3: Bitrix\Main\Engine\Action->runWithSourceParametersList
	/home/bitrix/www/bitrix/modules/main/lib/engine/controller.php:425
#4: Bitrix\Main\Engine\Controller->run
	/home/bitrix/www/bitrix/modules/main/lib/httpapplication.php:141
#5: Bitrix\Main\HttpApplication->runController
	/home/bitrix/www/bitrix/modules/main/include/routing_index.php:135
----------
Host: crm.sodeistvie.su:443
Date: 2024-12-30 13:17:21
Module: referralId
49950
#0: KPLab\API\V2\Controller\Partners->getSellersAction
	
#1: ReflectionMethod->invokeArgs
	/home/bitrix/www/bitrix/modules/main/lib/engine/autowire/binder.php:207
#2: Bitrix\Main\Engine\AutoWire\Binder->invoke
	/home/bitrix/www/bitrix/modules/main/lib/engine/action.php:117
#3: Bitrix\Main\Engine\Action->runWithSourceParametersList
	/home/bitrix/www/bitrix/modules/main/lib/engine/controller.php:425
#4: Bitrix\Main\Engine\Controller->run
	/home/bitrix/www/bitrix/modules/main/lib/httpapplication.php:141
#5: Bitrix\Main\HttpApplication->runController
	/home/bitrix/www/bitrix/modules/main/include/routing_index.php:135
----------
Host: crm.sodeistvie.su:443
Date: 2024-12-30 15:02:03
Module: queryArray
array (
  'partnerInn' => '772796700934',
  'page' => '1',
)
#0: KPLab\API\V2\Controller\Partners->getSellersAction
	
#1: ReflectionMethod->invokeArgs
	/home/bitrix/www/bitrix/modules/main/lib/engine/autowire/binder.php:207
#2: Bitrix\Main\Engine\AutoWire\Binder->invoke
	/home/bitrix/www/bitrix/modules/main/lib/engine/action.php:117
#3: Bitrix\Main\Engine\Action->runWithSourceParametersList
	/home/bitrix/www/bitrix/modules/main/lib/engine/controller.php:425
#4: Bitrix\Main\Engine\Controller->run
	/home/bitrix/www/bitrix/modules/main/lib/httpapplication.php:141
#5: Bitrix\Main\HttpApplication->runController
	/home/bitrix/www/bitrix/modules/main/include/routing_index.php:135
----------
Host: crm.sodeistvie.su:443
Date: 2024-12-30 15:02:03
Module: referralId
33020
#0: KPLab\API\V2\Controller\Partners->getSellersAction
	
#1: ReflectionMethod->invokeArgs
	/home/bitrix/www/bitrix/modules/main/lib/engine/autowire/binder.php:207
#2: Bitrix\Main\Engine\AutoWire\Binder->invoke
	/home/bitrix/www/bitrix/modules/main/lib/engine/action.php:117
#3: Bitrix\Main\Engine\Action->runWithSourceParametersList
	/home/bitrix/www/bitrix/modules/main/lib/engine/controller.php:425
#4: Bitrix\Main\Engine\Controller->run
	/home/bitrix/www/bitrix/modules/main/lib/httpapplication.php:141
#5: Bitrix\Main\HttpApplication->runController
	/home/bitrix/www/bitrix/modules/main/include/routing_index.php:135
----------
Host: crm.sodeistvie.su:443
Date: 2024-12-30 15:02:12
Module: queryArray
array (
  'partnerInn' => '772796700934',
  'page' => '1',
  'status' => 'issued',
)
#0: KPLab\API\V2\Controller\Partners->getSellersAction
	
#1: ReflectionMethod->invokeArgs
	/home/bitrix/www/bitrix/modules/main/lib/engine/autowire/binder.php:207
#2: Bitrix\Main\Engine\AutoWire\Binder->invoke
	/home/bitrix/www/bitrix/modules/main/lib/engine/action.php:117
#3: Bitrix\Main\Engine\Action->runWithSourceParametersList
	/home/bitrix/www/bitrix/modules/main/lib/engine/controller.php:425
#4: Bitrix\Main\Engine\Controller->run
	/home/bitrix/www/bitrix/modules/main/lib/httpapplication.php:141
#5: Bitrix\Main\HttpApplication->runController
	/home/bitrix/www/bitrix/modules/main/include/routing_index.php:135
----------
Host: crm.sodeistvie.su:443
Date: 2024-12-30 15:02:13
Module: referralId
33020
#0: KPLab\API\V2\Controller\Partners->getSellersAction
	
#1: ReflectionMethod->invokeArgs
	/home/bitrix/www/bitrix/modules/main/lib/engine/autowire/binder.php:207
#2: Bitrix\Main\Engine\AutoWire\Binder->invoke
	/home/bitrix/www/bitrix/modules/main/lib/engine/action.php:117
#3: Bitrix\Main\Engine\Action->runWithSourceParametersList
	/home/bitrix/www/bitrix/modules/main/lib/engine/controller.php:425
#4: Bitrix\Main\Engine\Controller->run
	/home/bitrix/www/bitrix/modules/main/lib/httpapplication.php:141
#5: Bitrix\Main\HttpApplication->runController
	/home/bitrix/www/bitrix/modules/main/include/routing_index.php:135
----------
Host: crm.sodeistvie.su:443
Date: 2024-12-30 15:02:22
Module: queryArray
array (
  'partnerInn' => '772796700934',
  'page' => '1',
  'status' => 'refused',
)
#0: KPLab\API\V2\Controller\Partners->getSellersAction
	
#1: ReflectionMethod->invokeArgs
	/home/bitrix/www/bitrix/modules/main/lib/engine/autowire/binder.php:207
#2: Bitrix\Main\Engine\AutoWire\Binder->invoke
	/home/bitrix/www/bitrix/modules/main/lib/engine/action.php:117
#3: Bitrix\Main\Engine\Action->runWithSourceParametersList
	/home/bitrix/www/bitrix/modules/main/lib/engine/controller.php:425
#4: Bitrix\Main\Engine\Controller->run
	/home/bitrix/www/bitrix/modules/main/lib/httpapplication.php:141
#5: Bitrix\Main\HttpApplication->runController
	/home/bitrix/www/bitrix/modules/main/include/routing_index.php:135
----------
Host: crm.sodeistvie.su:443
Date: 2024-12-30 15:02:23
Module: referralId
33020
#0: KPLab\API\V2\Controller\Partners->getSellersAction
	
#1: ReflectionMethod->invokeArgs
	/home/bitrix/www/bitrix/modules/main/lib/engine/autowire/binder.php:207
#2: Bitrix\Main\Engine\AutoWire\Binder->invoke
	/home/bitrix/www/bitrix/modules/main/lib/engine/action.php:117
#3: Bitrix\Main\Engine\Action->runWithSourceParametersList
	/home/bitrix/www/bitrix/modules/main/lib/engine/controller.php:425
#4: Bitrix\Main\Engine\Controller->run
	/home/bitrix/www/bitrix/modules/main/lib/httpapplication.php:141
#5: Bitrix\Main\HttpApplication->runController
	/home/bitrix/www/bitrix/modules/main/include/routing_index.php:135
----------
Host: crm.sodeistvie.su:443
Date: 2024-12-30 15:02:23
Module: arFilter
array (
  '::LOGIC' => 'AND',
  'IBLOCK_ID' => 167,
  '=PROPERTY_REFERRAL_ID' => 33020,
  'PROPERTY_STATUS_VALUE' => 'Отказ',
  '>=PROPERTY_DATE_LEAD' => '2000-01-01T00:00:00',
  '<=PROPERTY_DATE_LEAD' => '2024-12-30T23:59:59',
)
#0: KPLab\API\V2\Controller\Partners->getSellersAction
	
#1: ReflectionMethod->invokeArgs
	/home/bitrix/www/bitrix/modules/main/lib/engine/autowire/binder.php:207
#2: Bitrix\Main\Engine\AutoWire\Binder->invoke
	/home/bitrix/www/bitrix/modules/main/lib/engine/action.php:117
#3: Bitrix\Main\Engine\Action->runWithSourceParametersList
	/home/bitrix/www/bitrix/modules/main/lib/engine/controller.php:425
#4: Bitrix\Main\Engine\Controller->run
	/home/bitrix/www/bitrix/modules/main/lib/httpapplication.php:141
#5: Bitrix\Main\HttpApplication->runController
	/home/bitrix/www/bitrix/modules/main/include/routing_index.php:135
----------
Host: crm.sodeistvie.su:443
Date: 2024-12-30 15:02:44
Module: queryArray
array (
  'partnerInn' => '772796700934',
  'page' => '1',
)
#0: KPLab\API\V2\Controller\Partners->getSellersAction
	
#1: ReflectionMethod->invokeArgs
	/home/bitrix/www/bitrix/modules/main/lib/engine/autowire/binder.php:207
#2: Bitrix\Main\Engine\AutoWire\Binder->invoke
	/home/bitrix/www/bitrix/modules/main/lib/engine/action.php:117
#3: Bitrix\Main\Engine\Action->runWithSourceParametersList
	/home/bitrix/www/bitrix/modules/main/lib/engine/controller.php:425
#4: Bitrix\Main\Engine\Controller->run
	/home/bitrix/www/bitrix/modules/main/lib/httpapplication.php:141
#5: Bitrix\Main\HttpApplication->runController
	/home/bitrix/www/bitrix/modules/main/include/routing_index.php:135
----------
Host: crm.sodeistvie.su:443
Date: 2024-12-30 15:02:45
Module: referralId
33020
#0: KPLab\API\V2\Controller\Partners->getSellersAction
	
#1: ReflectionMethod->invokeArgs
	/home/bitrix/www/bitrix/modules/main/lib/engine/autowire/binder.php:207
#2: Bitrix\Main\Engine\AutoWire\Binder->invoke
	/home/bitrix/www/bitrix/modules/main/lib/engine/action.php:117
#3: Bitrix\Main\Engine\Action->runWithSourceParametersList
	/home/bitrix/www/bitrix/modules/main/lib/engine/controller.php:425
#4: Bitrix\Main\Engine\Controller->run
	/home/bitrix/www/bitrix/modules/main/lib/httpapplication.php:141
#5: Bitrix\Main\HttpApplication->runController
	/home/bitrix/www/bitrix/modules/main/include/routing_index.php:135
----------
Host: crm.sodeistvie.su:443
Date: 2024-12-30 19:09:10
Module: queryArray
array (
  'partnerInn' => '772173434667',
  'page' => '1',
)
#0: KPLab\API\V2\Controller\Partners->getSellersAction
	
#1: ReflectionMethod->invokeArgs
	/home/bitrix/www/bitrix/modules/main/lib/engine/autowire/binder.php:207
#2: Bitrix\Main\Engine\AutoWire\Binder->invoke
	/home/bitrix/www/bitrix/modules/main/lib/engine/action.php:117
#3: Bitrix\Main\Engine\Action->runWithSourceParametersList
	/home/bitrix/www/bitrix/modules/main/lib/engine/controller.php:425
#4: Bitrix\Main\Engine\Controller->run
	/home/bitrix/www/bitrix/modules/main/lib/httpapplication.php:141
#5: Bitrix\Main\HttpApplication->runController
	/home/bitrix/www/bitrix/modules/main/include/routing_index.php:135
----------
Host: crm.sodeistvie.su:443
Date: 2024-12-30 19:09:11
Module: referralId
49950
#0: KPLab\API\V2\Controller\Partners->getSellersAction
	
#1: ReflectionMethod->invokeArgs
	/home/bitrix/www/bitrix/modules/main/lib/engine/autowire/binder.php:207
#2: Bitrix\Main\Engine\AutoWire\Binder->invoke
	/home/bitrix/www/bitrix/modules/main/lib/engine/action.php:117
#3: Bitrix\Main\Engine\Action->runWithSourceParametersList
	/home/bitrix/www/bitrix/modules/main/lib/engine/controller.php:425
#4: Bitrix\Main\Engine\Controller->run
	/home/bitrix/www/bitrix/modules/main/lib/httpapplication.php:141
#5: Bitrix\Main\HttpApplication->runController
	/home/bitrix/www/bitrix/modules/main/include/routing_index.php:135
----------
Host: crm.sodeistvie.su:443
Date: 2024-12-30 19:09:13
Module: queryArray
array (
  'partnerInn' => '772173434667',
  'page' => '51',
  'status' => 'all',
)
#0: KPLab\API\V2\Controller\Partners->getSellersAction
	
#1: ReflectionMethod->invokeArgs
	/home/bitrix/www/bitrix/modules/main/lib/engine/autowire/binder.php:207
#2: Bitrix\Main\Engine\AutoWire\Binder->invoke
	/home/bitrix/www/bitrix/modules/main/lib/engine/action.php:117
#3: Bitrix\Main\Engine\Action->runWithSourceParametersList
	/home/bitrix/www/bitrix/modules/main/lib/engine/controller.php:425
#4: Bitrix\Main\Engine\Controller->run
	/home/bitrix/www/bitrix/modules/main/lib/httpapplication.php:141
#5: Bitrix\Main\HttpApplication->runController
	/home/bitrix/www/bitrix/modules/main/include/routing_index.php:135
----------
Host: crm.sodeistvie.su:443
Date: 2024-12-30 19:09:14
Module: referralId
49950
#0: KPLab\API\V2\Controller\Partners->getSellersAction
	
#1: ReflectionMethod->invokeArgs
	/home/bitrix/www/bitrix/modules/main/lib/engine/autowire/binder.php:207
#2: Bitrix\Main\Engine\AutoWire\Binder->invoke
	/home/bitrix/www/bitrix/modules/main/lib/engine/action.php:117
#3: Bitrix\Main\Engine\Action->runWithSourceParametersList
	/home/bitrix/www/bitrix/modules/main/lib/engine/controller.php:425
#4: Bitrix\Main\Engine\Controller->run
	/home/bitrix/www/bitrix/modules/main/lib/httpapplication.php:141
#5: Bitrix\Main\HttpApplication->runController
	/home/bitrix/www/bitrix/modules/main/include/routing_index.php:135
----------
Host: crm.sodeistvie.su:443
Date: 2024-12-31 13:13:46
Module: queryArray
array (
  'partnerInn' => '772173434667',
  'page' => '1',
)
#0: KPLab\API\V2\Controller\Partners->getSellersAction
	
#1: ReflectionMethod->invokeArgs
	/home/bitrix/www/bitrix/modules/main/lib/engine/autowire/binder.php:207
#2: Bitrix\Main\Engine\AutoWire\Binder->invoke
	/home/bitrix/www/bitrix/modules/main/lib/engine/action.php:117
#3: Bitrix\Main\Engine\Action->runWithSourceParametersList
	/home/bitrix/www/bitrix/modules/main/lib/engine/controller.php:425
#4: Bitrix\Main\Engine\Controller->run
	/home/bitrix/www/bitrix/modules/main/lib/httpapplication.php:141
#5: Bitrix\Main\HttpApplication->runController
	/home/bitrix/www/bitrix/modules/main/include/routing_index.php:135
----------
Host: crm.sodeistvie.su:443
Date: 2024-12-31 13:13:46
Module: referralId
49950
#0: KPLab\API\V2\Controller\Partners->getSellersAction
	
#1: ReflectionMethod->invokeArgs
	/home/bitrix/www/bitrix/modules/main/lib/engine/autowire/binder.php:207
#2: Bitrix\Main\Engine\AutoWire\Binder->invoke
	/home/bitrix/www/bitrix/modules/main/lib/engine/action.php:117
#3: Bitrix\Main\Engine\Action->runWithSourceParametersList
	/home/bitrix/www/bitrix/modules/main/lib/engine/controller.php:425
#4: Bitrix\Main\Engine\Controller->run
	/home/bitrix/www/bitrix/modules/main/lib/httpapplication.php:141
#5: Bitrix\Main\HttpApplication->runController
	/home/bitrix/www/bitrix/modules/main/include/routing_index.php:135
----------
Host: crm.sodeistvie.su:443
Date: 2024-12-31 13:13:48
Module: queryArray
array (
  'partnerInn' => '772173434667',
  'page' => '51',
  'status' => 'all',
)
#0: KPLab\API\V2\Controller\Partners->getSellersAction
	
#1: ReflectionMethod->invokeArgs
	/home/bitrix/www/bitrix/modules/main/lib/engine/autowire/binder.php:207
#2: Bitrix\Main\Engine\AutoWire\Binder->invoke
	/home/bitrix/www/bitrix/modules/main/lib/engine/action.php:117
#3: Bitrix\Main\Engine\Action->runWithSourceParametersList
	/home/bitrix/www/bitrix/modules/main/lib/engine/controller.php:425
#4: Bitrix\Main\Engine\Controller->run
	/home/bitrix/www/bitrix/modules/main/lib/httpapplication.php:141
#5: Bitrix\Main\HttpApplication->runController
	/home/bitrix/www/bitrix/modules/main/include/routing_index.php:135
----------
Host: crm.sodeistvie.su:443
Date: 2024-12-31 13:13:49
Module: referralId
49950
#0: KPLab\API\V2\Controller\Partners->getSellersAction
	
#1: ReflectionMethod->invokeArgs
	/home/bitrix/www/bitrix/modules/main/lib/engine/autowire/binder.php:207
#2: Bitrix\Main\Engine\AutoWire\Binder->invoke
	/home/bitrix/www/bitrix/modules/main/lib/engine/action.php:117
#3: Bitrix\Main\Engine\Action->runWithSourceParametersList
	/home/bitrix/www/bitrix/modules/main/lib/engine/controller.php:425
#4: Bitrix\Main\Engine\Controller->run
	/home/bitrix/www/bitrix/modules/main/lib/httpapplication.php:141
#5: Bitrix\Main\HttpApplication->runController
	/home/bitrix/www/bitrix/modules/main/include/routing_index.php:135
----------
Host: crm.sodeistvie.su:443
Date: 2024-12-31 20:11:06
Module: queryArray
array (
  'partnerInn' => '6908014898',
  'page' => '1',
)
#0: KPLab\API\V2\Controller\Partners->getSellersAction
	
#1: ReflectionMethod->invokeArgs
	/home/bitrix/www/bitrix/modules/main/lib/engine/autowire/binder.php:207
#2: Bitrix\Main\Engine\AutoWire\Binder->invoke
	/home/bitrix/www/bitrix/modules/main/lib/engine/action.php:117
#3: Bitrix\Main\Engine\Action->runWithSourceParametersList
	/home/bitrix/www/bitrix/modules/main/lib/engine/controller.php:425
#4: Bitrix\Main\Engine\Controller->run
	/home/bitrix/www/bitrix/modules/main/lib/httpapplication.php:141
#5: Bitrix\Main\HttpApplication->runController
	/home/bitrix/www/bitrix/modules/main/include/routing_index.php:135
----------
Host: crm.sodeistvie.su:443
Date: 2024-12-31 20:11:07
Module: referralId
52162
#0: KPLab\API\V2\Controller\Partners->getSellersAction
	
#1: ReflectionMethod->invokeArgs
	/home/bitrix/www/bitrix/modules/main/lib/engine/autowire/binder.php:207
#2: Bitrix\Main\Engine\AutoWire\Binder->invoke
	/home/bitrix/www/bitrix/modules/main/lib/engine/action.php:117
#3: Bitrix\Main\Engine\Action->runWithSourceParametersList
	/home/bitrix/www/bitrix/modules/main/lib/engine/controller.php:425
#4: Bitrix\Main\Engine\Controller->run
	/home/bitrix/www/bitrix/modules/main/lib/httpapplication.php:141
#5: Bitrix\Main\HttpApplication->runController
	/home/bitrix/www/bitrix/modules/main/include/routing_index.php:135
----------
Host: crm.sodeistvie.su:443
Date: 2025-01-01 20:31:55
Module: queryArray
array (
  'partnerInn' => '072602355111',
  'page' => '1',
)
#0: KPLab\API\V2\Controller\Partners->getSellersAction
	
#1: ReflectionMethod->invokeArgs
	/home/bitrix/www/bitrix/modules/main/lib/engine/autowire/binder.php:207
#2: Bitrix\Main\Engine\AutoWire\Binder->invoke
	/home/bitrix/www/bitrix/modules/main/lib/engine/action.php:117
#3: Bitrix\Main\Engine\Action->runWithSourceParametersList
	/home/bitrix/www/bitrix/modules/main/lib/engine/controller.php:425
#4: Bitrix\Main\Engine\Controller->run
	/home/bitrix/www/bitrix/modules/main/lib/httpapplication.php:141
#5: Bitrix\Main\HttpApplication->runController
	/home/bitrix/www/bitrix/modules/main/include/routing_index.php:135
----------
Host: crm.sodeistvie.su:443
Date: 2025-01-01 20:31:55
Module: referralId
39397
#0: KPLab\API\V2\Controller\Partners->getSellersAction
	
#1: ReflectionMethod->invokeArgs
	/home/bitrix/www/bitrix/modules/main/lib/engine/autowire/binder.php:207
#2: Bitrix\Main\Engine\AutoWire\Binder->invoke
	/home/bitrix/www/bitrix/modules/main/lib/engine/action.php:117
#3: Bitrix\Main\Engine\Action->runWithSourceParametersList
	/home/bitrix/www/bitrix/modules/main/lib/engine/controller.php:425
#4: Bitrix\Main\Engine\Controller->run
	/home/bitrix/www/bitrix/modules/main/lib/httpapplication.php:141
#5: Bitrix\Main\HttpApplication->runController
	/home/bitrix/www/bitrix/modules/main/include/routing_index.php:135
----------
Host: crm.sodeistvie.su:443
Date: 2025-01-02 23:36:42
Module: queryArray
array (
  'partnerInn' => '772173434667',
  'page' => '1',
)
#0: KPLab\API\V2\Controller\Partners->getSellersAction
	
#1: ReflectionMethod->invokeArgs
	/home/bitrix/www/bitrix/modules/main/lib/engine/autowire/binder.php:207
#2: Bitrix\Main\Engine\AutoWire\Binder->invoke
	/home/bitrix/www/bitrix/modules/main/lib/engine/action.php:117
#3: Bitrix\Main\Engine\Action->runWithSourceParametersList
	/home/bitrix/www/bitrix/modules/main/lib/engine/controller.php:425
#4: Bitrix\Main\Engine\Controller->run
	/home/bitrix/www/bitrix/modules/main/lib/httpapplication.php:141
#5: Bitrix\Main\HttpApplication->runController
	/home/bitrix/www/bitrix/modules/main/include/routing_index.php:135
----------
Host: crm.sodeistvie.su:443
Date: 2025-01-02 23:36:43
Module: referralId
49950
#0: KPLab\API\V2\Controller\Partners->getSellersAction
	
#1: ReflectionMethod->invokeArgs
	/home/bitrix/www/bitrix/modules/main/lib/engine/autowire/binder.php:207
#2: Bitrix\Main\Engine\AutoWire\Binder->invoke
	/home/bitrix/www/bitrix/modules/main/lib/engine/action.php:117
#3: Bitrix\Main\Engine\Action->runWithSourceParametersList
	/home/bitrix/www/bitrix/modules/main/lib/engine/controller.php:425
#4: Bitrix\Main\Engine\Controller->run
	/home/bitrix/www/bitrix/modules/main/lib/httpapplication.php:141
#5: Bitrix\Main\HttpApplication->runController
	/home/bitrix/www/bitrix/modules/main/include/routing_index.php:135
----------
Host: crm.sodeistvie.su:443
Date: 2025-01-02 23:36:44
Module: queryArray
array (
  'partnerInn' => '772173434667',
  'page' => '51',
  'status' => 'all',
)
#0: KPLab\API\V2\Controller\Partners->getSellersAction
	
#1: ReflectionMethod->invokeArgs
	/home/bitrix/www/bitrix/modules/main/lib/engine/autowire/binder.php:207
#2: Bitrix\Main\Engine\AutoWire\Binder->invoke
	/home/bitrix/www/bitrix/modules/main/lib/engine/action.php:117
#3: Bitrix\Main\Engine\Action->runWithSourceParametersList
	/home/bitrix/www/bitrix/modules/main/lib/engine/controller.php:425
#4: Bitrix\Main\Engine\Controller->run
	/home/bitrix/www/bitrix/modules/main/lib/httpapplication.php:141
#5: Bitrix\Main\HttpApplication->runController
	/home/bitrix/www/bitrix/modules/main/include/routing_index.php:135
----------
Host: crm.sodeistvie.su:443
Date: 2025-01-02 23:36:45
Module: referralId
49950
#0: KPLab\API\V2\Controller\Partners->getSellersAction
	
#1: ReflectionMethod->invokeArgs
	/home/bitrix/www/bitrix/modules/main/lib/engine/autowire/binder.php:207
#2: Bitrix\Main\Engine\AutoWire\Binder->invoke
	/home/bitrix/www/bitrix/modules/main/lib/engine/action.php:117
#3: Bitrix\Main\Engine\Action->runWithSourceParametersList
	/home/bitrix/www/bitrix/modules/main/lib/engine/controller.php:425
#4: Bitrix\Main\Engine\Controller->run
	/home/bitrix/www/bitrix/modules/main/lib/httpapplication.php:141
#5: Bitrix\Main\HttpApplication->runController
	/home/bitrix/www/bitrix/modules/main/include/routing_index.php:135
----------
Host: crm.sodeistvie.su:443
Date: 2025-01-03 15:45:16
Module: queryArray
array (
  'partnerInn' => '772173434667',
  'page' => '1',
)
#0: KPLab\API\V2\Controller\Partners->getSellersAction
	
#1: ReflectionMethod->invokeArgs
	/home/bitrix/www/bitrix/modules/main/lib/engine/autowire/binder.php:207
#2: Bitrix\Main\Engine\AutoWire\Binder->invoke
	/home/bitrix/www/bitrix/modules/main/lib/engine/action.php:117
#3: Bitrix\Main\Engine\Action->runWithSourceParametersList
	/home/bitrix/www/bitrix/modules/main/lib/engine/controller.php:425
#4: Bitrix\Main\Engine\Controller->run
	/home/bitrix/www/bitrix/modules/main/lib/httpapplication.php:141
#5: Bitrix\Main\HttpApplication->runController
	/home/bitrix/www/bitrix/modules/main/include/routing_index.php:135
----------
Host: crm.sodeistvie.su:443
Date: 2025-01-03 15:45:16
Module: referralId
49950
#0: KPLab\API\V2\Controller\Partners->getSellersAction
	
#1: ReflectionMethod->invokeArgs
	/home/bitrix/www/bitrix/modules/main/lib/engine/autowire/binder.php:207
#2: Bitrix\Main\Engine\AutoWire\Binder->invoke
	/home/bitrix/www/bitrix/modules/main/lib/engine/action.php:117
#3: Bitrix\Main\Engine\Action->runWithSourceParametersList
	/home/bitrix/www/bitrix/modules/main/lib/engine/controller.php:425
#4: Bitrix\Main\Engine\Controller->run
	/home/bitrix/www/bitrix/modules/main/lib/httpapplication.php:141
#5: Bitrix\Main\HttpApplication->runController
	/home/bitrix/www/bitrix/modules/main/include/routing_index.php:135
----------
Host: crm.sodeistvie.su:443
Date: 2025-01-03 15:45:18
Module: queryArray
array (
  'partnerInn' => '772173434667',
  'page' => '51',
  'status' => 'all',
)
#0: KPLab\API\V2\Controller\Partners->getSellersAction
	
#1: ReflectionMethod->invokeArgs
	/home/bitrix/www/bitrix/modules/main/lib/engine/autowire/binder.php:207
#2: Bitrix\Main\Engine\AutoWire\Binder->invoke
	/home/bitrix/www/bitrix/modules/main/lib/engine/action.php:117
#3: Bitrix\Main\Engine\Action->runWithSourceParametersList
	/home/bitrix/www/bitrix/modules/main/lib/engine/controller.php:425
#4: Bitrix\Main\Engine\Controller->run
	/home/bitrix/www/bitrix/modules/main/lib/httpapplication.php:141
#5: Bitrix\Main\HttpApplication->runController
	/home/bitrix/www/bitrix/modules/main/include/routing_index.php:135
----------
Host: crm.sodeistvie.su:443
Date: 2025-01-03 15:45:19
Module: referralId
49950
#0: KPLab\API\V2\Controller\Partners->getSellersAction
	
#1: ReflectionMethod->invokeArgs
	/home/bitrix/www/bitrix/modules/main/lib/engine/autowire/binder.php:207
#2: Bitrix\Main\Engine\AutoWire\Binder->invoke
	/home/bitrix/www/bitrix/modules/main/lib/engine/action.php:117
#3: Bitrix\Main\Engine\Action->runWithSourceParametersList
	/home/bitrix/www/bitrix/modules/main/lib/engine/controller.php:425
#4: Bitrix\Main\Engine\Controller->run
	/home/bitrix/www/bitrix/modules/main/lib/httpapplication.php:141
#5: Bitrix\Main\HttpApplication->runController
	/home/bitrix/www/bitrix/modules/main/include/routing_index.php:135
----------
Host: crm.sodeistvie.su:443
Date: 2025-01-03 17:51:03
Module: queryArray
array (
  'partnerInn' => '595601533821',
  'page' => '1',
)
#0: KPLab\API\V2\Controller\Partners->getSellersAction
	
#1: ReflectionMethod->invokeArgs
	/home/bitrix/www/bitrix/modules/main/lib/engine/autowire/binder.php:207
#2: Bitrix\Main\Engine\AutoWire\Binder->invoke
	/home/bitrix/www/bitrix/modules/main/lib/engine/action.php:117
#3: Bitrix\Main\Engine\Action->runWithSourceParametersList
	/home/bitrix/www/bitrix/modules/main/lib/engine/controller.php:425
#4: Bitrix\Main\Engine\Controller->run
	/home/bitrix/www/bitrix/modules/main/lib/httpapplication.php:141
#5: Bitrix\Main\HttpApplication->runController
	/home/bitrix/www/bitrix/modules/main/include/routing_index.php:135
----------
Host: crm.sodeistvie.su:443
Date: 2025-01-03 17:51:03
Module: referralId
41911
#0: KPLab\API\V2\Controller\Partners->getSellersAction
	
#1: ReflectionMethod->invokeArgs
	/home/bitrix/www/bitrix/modules/main/lib/engine/autowire/binder.php:207
#2: Bitrix\Main\Engine\AutoWire\Binder->invoke
	/home/bitrix/www/bitrix/modules/main/lib/engine/action.php:117
#3: Bitrix\Main\Engine\Action->runWithSourceParametersList
	/home/bitrix/www/bitrix/modules/main/lib/engine/controller.php:425
#4: Bitrix\Main\Engine\Controller->run
	/home/bitrix/www/bitrix/modules/main/lib/httpapplication.php:141
#5: Bitrix\Main\HttpApplication->runController
	/home/bitrix/www/bitrix/modules/main/include/routing_index.php:135
----------
Host: crm.sodeistvie.su:443
Date: 2025-01-03 18:24:04
Module: queryArray
array (
  'partnerInn' => '595601533821',
  'page' => '1',
)
#0: KPLab\API\V2\Controller\Partners->getSellersAction
	
#1: ReflectionMethod->invokeArgs
	/home/bitrix/www/bitrix/modules/main/lib/engine/autowire/binder.php:207
#2: Bitrix\Main\Engine\AutoWire\Binder->invoke
	/home/bitrix/www/bitrix/modules/main/lib/engine/action.php:117
#3: Bitrix\Main\Engine\Action->runWithSourceParametersList
	/home/bitrix/www/bitrix/modules/main/lib/engine/controller.php:425
#4: Bitrix\Main\Engine\Controller->run
	/home/bitrix/www/bitrix/modules/main/lib/httpapplication.php:141
#5: Bitrix\Main\HttpApplication->runController
	/home/bitrix/www/bitrix/modules/main/include/routing_index.php:135
----------
Host: crm.sodeistvie.su:443
Date: 2025-01-03 18:24:04
Module: referralId
41911
#0: KPLab\API\V2\Controller\Partners->getSellersAction
	
#1: ReflectionMethod->invokeArgs
	/home/bitrix/www/bitrix/modules/main/lib/engine/autowire/binder.php:207
#2: Bitrix\Main\Engine\AutoWire\Binder->invoke
	/home/bitrix/www/bitrix/modules/main/lib/engine/action.php:117
#3: Bitrix\Main\Engine\Action->runWithSourceParametersList
	/home/bitrix/www/bitrix/modules/main/lib/engine/controller.php:425
#4: Bitrix\Main\Engine\Controller->run
	/home/bitrix/www/bitrix/modules/main/lib/httpapplication.php:141
#5: Bitrix\Main\HttpApplication->runController
	/home/bitrix/www/bitrix/modules/main/include/routing_index.php:135
----------
Host: crm.sodeistvie.su:443
Date: 2025-01-03 18:24:05
Module: queryArray
array (
  'partnerInn' => '595601533821',
  'page' => '51',
  'status' => 'all',
)
#0: KPLab\API\V2\Controller\Partners->getSellersAction
	
#1: ReflectionMethod->invokeArgs
	/home/bitrix/www/bitrix/modules/main/lib/engine/autowire/binder.php:207
#2: Bitrix\Main\Engine\AutoWire\Binder->invoke
	/home/bitrix/www/bitrix/modules/main/lib/engine/action.php:117
#3: Bitrix\Main\Engine\Action->runWithSourceParametersList
	/home/bitrix/www/bitrix/modules/main/lib/engine/controller.php:425
#4: Bitrix\Main\Engine\Controller->run
	/home/bitrix/www/bitrix/modules/main/lib/httpapplication.php:141
#5: Bitrix\Main\HttpApplication->runController
	/home/bitrix/www/bitrix/modules/main/include/routing_index.php:135
----------
Host: crm.sodeistvie.su:443
Date: 2025-01-03 18:24:05
Module: referralId
41911
#0: KPLab\API\V2\Controller\Partners->getSellersAction
	
#1: ReflectionMethod->invokeArgs
	/home/bitrix/www/bitrix/modules/main/lib/engine/autowire/binder.php:207
#2: Bitrix\Main\Engine\AutoWire\Binder->invoke
	/home/bitrix/www/bitrix/modules/main/lib/engine/action.php:117
#3: Bitrix\Main\Engine\Action->runWithSourceParametersList
	/home/bitrix/www/bitrix/modules/main/lib/engine/controller.php:425
#4: Bitrix\Main\Engine\Controller->run
	/home/bitrix/www/bitrix/modules/main/lib/httpapplication.php:141
#5: Bitrix\Main\HttpApplication->runController
	/home/bitrix/www/bitrix/modules/main/include/routing_index.php:135
----------
Host: crm.sodeistvie.su:443
Date: 2025-01-05 04:35:45
Module: queryArray
array (
  'partnerInn' => '6908014898',
  'page' => '1',
)
#0: KPLab\API\V2\Controller\Partners->getSellersAction
	
#1: ReflectionMethod->invokeArgs
	/home/bitrix/www/bitrix/modules/main/lib/engine/autowire/binder.php:207
#2: Bitrix\Main\Engine\AutoWire\Binder->invoke
	/home/bitrix/www/bitrix/modules/main/lib/engine/action.php:117
#3: Bitrix\Main\Engine\Action->runWithSourceParametersList
	/home/bitrix/www/bitrix/modules/main/lib/engine/controller.php:425
#4: Bitrix\Main\Engine\Controller->run
	/home/bitrix/www/bitrix/modules/main/lib/httpapplication.php:141
#5: Bitrix\Main\HttpApplication->runController
	/home/bitrix/www/bitrix/modules/main/include/routing_index.php:135
----------
Host: crm.sodeistvie.su:443
Date: 2025-01-05 04:35:46
Module: referralId
52162
#0: KPLab\API\V2\Controller\Partners->getSellersAction
	
#1: ReflectionMethod->invokeArgs
	/home/bitrix/www/bitrix/modules/main/lib/engine/autowire/binder.php:207
#2: Bitrix\Main\Engine\AutoWire\Binder->invoke
	/home/bitrix/www/bitrix/modules/main/lib/engine/action.php:117
#3: Bitrix\Main\Engine\Action->runWithSourceParametersList
	/home/bitrix/www/bitrix/modules/main/lib/engine/controller.php:425
#4: Bitrix\Main\Engine\Controller->run
	/home/bitrix/www/bitrix/modules/main/lib/httpapplication.php:141
#5: Bitrix\Main\HttpApplication->runController
	/home/bitrix/www/bitrix/modules/main/include/routing_index.php:135
----------
Host: crm.sodeistvie.su:443
Date: 2025-01-06 04:42:26
Module: queryArray
array (
  'partnerInn' => '772173434667',
  'page' => '1',
)
#0: KPLab\API\V2\Controller\Partners->getSellersAction
	
#1: ReflectionMethod->invokeArgs
	/home/bitrix/www/bitrix/modules/main/lib/engine/autowire/binder.php:207
#2: Bitrix\Main\Engine\AutoWire\Binder->invoke
	/home/bitrix/www/bitrix/modules/main/lib/engine/action.php:117
#3: Bitrix\Main\Engine\Action->runWithSourceParametersList
	/home/bitrix/www/bitrix/modules/main/lib/engine/controller.php:425
#4: Bitrix\Main\Engine\Controller->run
	/home/bitrix/www/bitrix/modules/main/lib/httpapplication.php:141
#5: Bitrix\Main\HttpApplication->runController
	/home/bitrix/www/bitrix/modules/main/include/routing_index.php:135
----------
Host: crm.sodeistvie.su:443
Date: 2025-01-06 04:42:26
Module: referralId
49950
#0: KPLab\API\V2\Controller\Partners->getSellersAction
	
#1: ReflectionMethod->invokeArgs
	/home/bitrix/www/bitrix/modules/main/lib/engine/autowire/binder.php:207
#2: Bitrix\Main\Engine\AutoWire\Binder->invoke
	/home/bitrix/www/bitrix/modules/main/lib/engine/action.php:117
#3: Bitrix\Main\Engine\Action->runWithSourceParametersList
	/home/bitrix/www/bitrix/modules/main/lib/engine/controller.php:425
#4: Bitrix\Main\Engine\Controller->run
	/home/bitrix/www/bitrix/modules/main/lib/httpapplication.php:141
#5: Bitrix\Main\HttpApplication->runController
	/home/bitrix/www/bitrix/modules/main/include/routing_index.php:135
----------
Host: crm.sodeistvie.su:443
Date: 2025-01-06 04:42:28
Module: queryArray
array (
  'partnerInn' => '772173434667',
  'page' => '51',
  'status' => 'all',
)
#0: KPLab\API\V2\Controller\Partners->getSellersAction
	
#1: ReflectionMethod->invokeArgs
	/home/bitrix/www/bitrix/modules/main/lib/engine/autowire/binder.php:207
#2: Bitrix\Main\Engine\AutoWire\Binder->invoke
	/home/bitrix/www/bitrix/modules/main/lib/engine/action.php:117
#3: Bitrix\Main\Engine\Action->runWithSourceParametersList
	/home/bitrix/www/bitrix/modules/main/lib/engine/controller.php:425
#4: Bitrix\Main\Engine\Controller->run
	/home/bitrix/www/bitrix/modules/main/lib/httpapplication.php:141
#5: Bitrix\Main\HttpApplication->runController
	/home/bitrix/www/bitrix/modules/main/include/routing_index.php:135
----------
Host: crm.sodeistvie.su:443
Date: 2025-01-06 04:42:28
Module: referralId
49950
#0: KPLab\API\V2\Controller\Partners->getSellersAction
	
#1: ReflectionMethod->invokeArgs
	/home/bitrix/www/bitrix/modules/main/lib/engine/autowire/binder.php:207
#2: Bitrix\Main\Engine\AutoWire\Binder->invoke
	/home/bitrix/www/bitrix/modules/main/lib/engine/action.php:117
#3: Bitrix\Main\Engine\Action->runWithSourceParametersList
	/home/bitrix/www/bitrix/modules/main/lib/engine/controller.php:425
#4: Bitrix\Main\Engine\Controller->run
	/home/bitrix/www/bitrix/modules/main/lib/httpapplication.php:141
#5: Bitrix\Main\HttpApplication->runController
	/home/bitrix/www/bitrix/modules/main/include/routing_index.php:135
----------
Host: crm.sodeistvie.su:443
Date: 2025-01-06 04:43:27
Module: queryArray
array (
  'partnerInn' => '772173434667',
  'page' => '1',
)
#0: KPLab\API\V2\Controller\Partners->getSellersAction
	
#1: ReflectionMethod->invokeArgs
	/home/bitrix/www/bitrix/modules/main/lib/engine/autowire/binder.php:207
#2: Bitrix\Main\Engine\AutoWire\Binder->invoke
	/home/bitrix/www/bitrix/modules/main/lib/engine/action.php:117
#3: Bitrix\Main\Engine\Action->runWithSourceParametersList
	/home/bitrix/www/bitrix/modules/main/lib/engine/controller.php:425
#4: Bitrix\Main\Engine\Controller->run
	/home/bitrix/www/bitrix/modules/main/lib/httpapplication.php:141
#5: Bitrix\Main\HttpApplication->runController
	/home/bitrix/www/bitrix/modules/main/include/routing_index.php:135
----------
Host: crm.sodeistvie.su:443
Date: 2025-01-06 04:43:27
Module: referralId
49950
#0: KPLab\API\V2\Controller\Partners->getSellersAction
	
#1: ReflectionMethod->invokeArgs
	/home/bitrix/www/bitrix/modules/main/lib/engine/autowire/binder.php:207
#2: Bitrix\Main\Engine\AutoWire\Binder->invoke
	/home/bitrix/www/bitrix/modules/main/lib/engine/action.php:117
#3: Bitrix\Main\Engine\Action->runWithSourceParametersList
	/home/bitrix/www/bitrix/modules/main/lib/engine/controller.php:425
#4: Bitrix\Main\Engine\Controller->run
	/home/bitrix/www/bitrix/modules/main/lib/httpapplication.php:141
#5: Bitrix\Main\HttpApplication->runController
	/home/bitrix/www/bitrix/modules/main/include/routing_index.php:135
----------
Host: crm.sodeistvie.su:443
Date: 2025-01-06 04:43:29
Module: queryArray
array (
  'partnerInn' => '772173434667',
  'page' => '51',
  'status' => 'all',
)
#0: KPLab\API\V2\Controller\Partners->getSellersAction
	
#1: ReflectionMethod->invokeArgs
	/home/bitrix/www/bitrix/modules/main/lib/engine/autowire/binder.php:207
#2: Bitrix\Main\Engine\AutoWire\Binder->invoke
	/home/bitrix/www/bitrix/modules/main/lib/engine/action.php:117
#3: Bitrix\Main\Engine\Action->runWithSourceParametersList
	/home/bitrix/www/bitrix/modules/main/lib/engine/controller.php:425
#4: Bitrix\Main\Engine\Controller->run
	/home/bitrix/www/bitrix/modules/main/lib/httpapplication.php:141
#5: Bitrix\Main\HttpApplication->runController
	/home/bitrix/www/bitrix/modules/main/include/routing_index.php:135
----------
Host: crm.sodeistvie.su:443
Date: 2025-01-06 04:43:29
Module: referralId
49950
#0: KPLab\API\V2\Controller\Partners->getSellersAction
	
#1: ReflectionMethod->invokeArgs
	/home/bitrix/www/bitrix/modules/main/lib/engine/autowire/binder.php:207
#2: Bitrix\Main\Engine\AutoWire\Binder->invoke
	/home/bitrix/www/bitrix/modules/main/lib/engine/action.php:117
#3: Bitrix\Main\Engine\Action->runWithSourceParametersList
	/home/bitrix/www/bitrix/modules/main/lib/engine/controller.php:425
#4: Bitrix\Main\Engine\Controller->run
	/home/bitrix/www/bitrix/modules/main/lib/httpapplication.php:141
#5: Bitrix\Main\HttpApplication->runController
	/home/bitrix/www/bitrix/modules/main/include/routing_index.php:135
----------
Host: crm.sodeistvie.su:443
Date: 2025-01-06 04:43:39
Module: queryArray
array (
  'partnerInn' => '772173434667',
  'page' => '1',
  'status' => 'refused',
)
#0: KPLab\API\V2\Controller\Partners->getSellersAction
	
#1: ReflectionMethod->invokeArgs
	/home/bitrix/www/bitrix/modules/main/lib/engine/autowire/binder.php:207
#2: Bitrix\Main\Engine\AutoWire\Binder->invoke
	/home/bitrix/www/bitrix/modules/main/lib/engine/action.php:117
#3: Bitrix\Main\Engine\Action->runWithSourceParametersList
	/home/bitrix/www/bitrix/modules/main/lib/engine/controller.php:425
#4: Bitrix\Main\Engine\Controller->run
	/home/bitrix/www/bitrix/modules/main/lib/httpapplication.php:141
#5: Bitrix\Main\HttpApplication->runController
	/home/bitrix/www/bitrix/modules/main/include/routing_index.php:135
----------
Host: crm.sodeistvie.su:443
Date: 2025-01-06 04:43:40
Module: referralId
49950
#0: KPLab\API\V2\Controller\Partners->getSellersAction
	
#1: ReflectionMethod->invokeArgs
	/home/bitrix/www/bitrix/modules/main/lib/engine/autowire/binder.php:207
#2: Bitrix\Main\Engine\AutoWire\Binder->invoke
	/home/bitrix/www/bitrix/modules/main/lib/engine/action.php:117
#3: Bitrix\Main\Engine\Action->runWithSourceParametersList
	/home/bitrix/www/bitrix/modules/main/lib/engine/controller.php:425
#4: Bitrix\Main\Engine\Controller->run
	/home/bitrix/www/bitrix/modules/main/lib/httpapplication.php:141
#5: Bitrix\Main\HttpApplication->runController
	/home/bitrix/www/bitrix/modules/main/include/routing_index.php:135
----------
Host: crm.sodeistvie.su:443
Date: 2025-01-06 04:43:40
Module: arFilter
array (
  '::LOGIC' => 'AND',
  'IBLOCK_ID' => 167,
  '=PROPERTY_REFERRAL_ID' => 49950,
  'PROPERTY_STATUS_VALUE' => 'Отказ',
  '>=PROPERTY_DATE_LEAD' => '2000-01-01T00:00:00',
  '<=PROPERTY_DATE_LEAD' => '2025-01-06T23:59:59',
)
#0: KPLab\API\V2\Controller\Partners->getSellersAction
	
#1: ReflectionMethod->invokeArgs
	/home/bitrix/www/bitrix/modules/main/lib/engine/autowire/binder.php:207
#2: Bitrix\Main\Engine\AutoWire\Binder->invoke
	/home/bitrix/www/bitrix/modules/main/lib/engine/action.php:117
#3: Bitrix\Main\Engine\Action->runWithSourceParametersList
	/home/bitrix/www/bitrix/modules/main/lib/engine/controller.php:425
#4: Bitrix\Main\Engine\Controller->run
	/home/bitrix/www/bitrix/modules/main/lib/httpapplication.php:141
#5: Bitrix\Main\HttpApplication->runController
	/home/bitrix/www/bitrix/modules/main/include/routing_index.php:135
----------
Host: crm.sodeistvie.su:443
Date: 2025-01-06 04:43:41
Module: queryArray
array (
  'partnerInn' => '772173434667',
  'page' => '1',
  'status' => 'all',
)
#0: KPLab\API\V2\Controller\Partners->getSellersAction
	
#1: ReflectionMethod->invokeArgs
	/home/bitrix/www/bitrix/modules/main/lib/engine/autowire/binder.php:207
#2: Bitrix\Main\Engine\AutoWire\Binder->invoke
	/home/bitrix/www/bitrix/modules/main/lib/engine/action.php:117
#3: Bitrix\Main\Engine\Action->runWithSourceParametersList
	/home/bitrix/www/bitrix/modules/main/lib/engine/controller.php:425
#4: Bitrix\Main\Engine\Controller->run
	/home/bitrix/www/bitrix/modules/main/lib/httpapplication.php:141
#5: Bitrix\Main\HttpApplication->runController
	/home/bitrix/www/bitrix/modules/main/include/routing_index.php:135
----------
Host: crm.sodeistvie.su:443
Date: 2025-01-06 04:43:42
Module: referralId
49950
#0: KPLab\API\V2\Controller\Partners->getSellersAction
	
#1: ReflectionMethod->invokeArgs
	/home/bitrix/www/bitrix/modules/main/lib/engine/autowire/binder.php:207
#2: Bitrix\Main\Engine\AutoWire\Binder->invoke
	/home/bitrix/www/bitrix/modules/main/lib/engine/action.php:117
#3: Bitrix\Main\Engine\Action->runWithSourceParametersList
	/home/bitrix/www/bitrix/modules/main/lib/engine/controller.php:425
#4: Bitrix\Main\Engine\Controller->run
	/home/bitrix/www/bitrix/modules/main/lib/httpapplication.php:141
#5: Bitrix\Main\HttpApplication->runController
	/home/bitrix/www/bitrix/modules/main/include/routing_index.php:135
----------
Host: crm.sodeistvie.su:443
Date: 2025-01-07 12:10:45
Module: queryArray
array (
  'partnerInn' => '772173434667',
  'page' => '1',
)
#0: KPLab\API\V2\Controller\Partners->getSellersAction
	
#1: ReflectionMethod->invokeArgs
	/home/bitrix/www/bitrix/modules/main/lib/engine/autowire/binder.php:207
#2: Bitrix\Main\Engine\AutoWire\Binder->invoke
	/home/bitrix/www/bitrix/modules/main/lib/engine/action.php:117
#3: Bitrix\Main\Engine\Action->runWithSourceParametersList
	/home/bitrix/www/bitrix/modules/main/lib/engine/controller.php:425
#4: Bitrix\Main\Engine\Controller->run
	/home/bitrix/www/bitrix/modules/main/lib/httpapplication.php:141
#5: Bitrix\Main\HttpApplication->runController
	/home/bitrix/www/bitrix/modules/main/include/routing_index.php:135
----------
Host: crm.sodeistvie.su:443
Date: 2025-01-07 12:10:46
Module: referralId
49950
#0: KPLab\API\V2\Controller\Partners->getSellersAction
	
#1: ReflectionMethod->invokeArgs
	/home/bitrix/www/bitrix/modules/main/lib/engine/autowire/binder.php:207
#2: Bitrix\Main\Engine\AutoWire\Binder->invoke
	/home/bitrix/www/bitrix/modules/main/lib/engine/action.php:117
#3: Bitrix\Main\Engine\Action->runWithSourceParametersList
	/home/bitrix/www/bitrix/modules/main/lib/engine/controller.php:425
#4: Bitrix\Main\Engine\Controller->run
	/home/bitrix/www/bitrix/modules/main/lib/httpapplication.php:141
#5: Bitrix\Main\HttpApplication->runController
	/home/bitrix/www/bitrix/modules/main/include/routing_index.php:135
----------
Host: crm.sodeistvie.su:443
Date: 2025-01-07 12:10:47
Module: queryArray
array (
  'partnerInn' => '772173434667',
  'page' => '51',
  'status' => 'all',
)
#0: KPLab\API\V2\Controller\Partners->getSellersAction
	
#1: ReflectionMethod->invokeArgs
	/home/bitrix/www/bitrix/modules/main/lib/engine/autowire/binder.php:207
#2: Bitrix\Main\Engine\AutoWire\Binder->invoke
	/home/bitrix/www/bitrix/modules/main/lib/engine/action.php:117
#3: Bitrix\Main\Engine\Action->runWithSourceParametersList
	/home/bitrix/www/bitrix/modules/main/lib/engine/controller.php:425
#4: Bitrix\Main\Engine\Controller->run
	/home/bitrix/www/bitrix/modules/main/lib/httpapplication.php:141
#5: Bitrix\Main\HttpApplication->runController
	/home/bitrix/www/bitrix/modules/main/include/routing_index.php:135
----------
Host: crm.sodeistvie.su:443
Date: 2025-01-07 12:10:48
Module: referralId
49950
#0: KPLab\API\V2\Controller\Partners->getSellersAction
	
#1: ReflectionMethod->invokeArgs
	/home/bitrix/www/bitrix/modules/main/lib/engine/autowire/binder.php:207
#2: Bitrix\Main\Engine\AutoWire\Binder->invoke
	/home/bitrix/www/bitrix/modules/main/lib/engine/action.php:117
#3: Bitrix\Main\Engine\Action->runWithSourceParametersList
	/home/bitrix/www/bitrix/modules/main/lib/engine/controller.php:425
#4: Bitrix\Main\Engine\Controller->run
	/home/bitrix/www/bitrix/modules/main/lib/httpapplication.php:141
#5: Bitrix\Main\HttpApplication->runController
	/home/bitrix/www/bitrix/modules/main/include/routing_index.php:135
----------
Host: crm.sodeistvie.su:443
Date: 2025-01-07 12:29:57
Module: queryArray
array (
  'partnerInn' => '744310161024',
)
#0: KPLab\API\V2\Controller\Partners->getSellersAction
	
#1: ReflectionMethod->invokeArgs
	/home/bitrix/www/bitrix/modules/main/lib/engine/autowire/binder.php:207
#2: Bitrix\Main\Engine\AutoWire\Binder->invoke
	/home/bitrix/www/bitrix/modules/main/lib/engine/action.php:117
#3: Bitrix\Main\Engine\Action->runWithSourceParametersList
	/home/bitrix/www/bitrix/modules/main/lib/engine/controller.php:425
#4: Bitrix\Main\Engine\Controller->run
	/home/bitrix/www/bitrix/modules/main/lib/httpapplication.php:141
#5: Bitrix\Main\HttpApplication->runController
	/home/bitrix/www/bitrix/modules/main/include/routing_index.php:135
----------
Host: crm.sodeistvie.su:443
Date: 2025-01-07 12:29:57
Module: referralId
50071
#0: KPLab\API\V2\Controller\Partners->getSellersAction
	
#1: ReflectionMethod->invokeArgs
	/home/bitrix/www/bitrix/modules/main/lib/engine/autowire/binder.php:207
#2: Bitrix\Main\Engine\AutoWire\Binder->invoke
	/home/bitrix/www/bitrix/modules/main/lib/engine/action.php:117
#3: Bitrix\Main\Engine\Action->runWithSourceParametersList
	/home/bitrix/www/bitrix/modules/main/lib/engine/controller.php:425
#4: Bitrix\Main\Engine\Controller->run
	/home/bitrix/www/bitrix/modules/main/lib/httpapplication.php:141
#5: Bitrix\Main\HttpApplication->runController
	/home/bitrix/www/bitrix/modules/main/include/routing_index.php:135
----------
Host: crm.sodeistvie.su:443
Date: 2025-01-07 12:50:17
Module: queryArray
array (
  'partnerInn' => '201005741786',
  'page' => '1',
)
#0: KPLab\API\V2\Controller\Partners->getSellersAction
	
#1: ReflectionMethod->invokeArgs
	/home/bitrix/www/bitrix/modules/main/lib/engine/autowire/binder.php:207
#2: Bitrix\Main\Engine\AutoWire\Binder->invoke
	/home/bitrix/www/bitrix/modules/main/lib/engine/action.php:117
#3: Bitrix\Main\Engine\Action->runWithSourceParametersList
	/home/bitrix/www/bitrix/modules/main/lib/engine/controller.php:425
#4: Bitrix\Main\Engine\Controller->run
	/home/bitrix/www/bitrix/modules/main/lib/httpapplication.php:141
#5: Bitrix\Main\HttpApplication->runController
	/home/bitrix/www/bitrix/modules/main/include/routing_index.php:135
----------
Host: crm.sodeistvie.su:443
Date: 2025-01-07 12:50:17
Module: referralId
46770
#0: KPLab\API\V2\Controller\Partners->getSellersAction
	
#1: ReflectionMethod->invokeArgs
	/home/bitrix/www/bitrix/modules/main/lib/engine/autowire/binder.php:207
#2: Bitrix\Main\Engine\AutoWire\Binder->invoke
	/home/bitrix/www/bitrix/modules/main/lib/engine/action.php:117
#3: Bitrix\Main\Engine\Action->runWithSourceParametersList
	/home/bitrix/www/bitrix/modules/main/lib/engine/controller.php:425
#4: Bitrix\Main\Engine\Controller->run
	/home/bitrix/www/bitrix/modules/main/lib/httpapplication.php:141
#5: Bitrix\Main\HttpApplication->runController
	/home/bitrix/www/bitrix/modules/main/include/routing_index.php:135
----------
Host: crm.sodeistvie.su:443
Date: 2025-01-07 12:50:21
Module: queryArray
array (
  'partnerInn' => '201005741786',
  'page' => '51',
  'status' => 'all',
)
#0: KPLab\API\V2\Controller\Partners->getSellersAction
	
#1: ReflectionMethod->invokeArgs
	/home/bitrix/www/bitrix/modules/main/lib/engine/autowire/binder.php:207
#2: Bitrix\Main\Engine\AutoWire\Binder->invoke
	/home/bitrix/www/bitrix/modules/main/lib/engine/action.php:117
#3: Bitrix\Main\Engine\Action->runWithSourceParametersList
	/home/bitrix/www/bitrix/modules/main/lib/engine/controller.php:425
#4: Bitrix\Main\Engine\Controller->run
	/home/bitrix/www/bitrix/modules/main/lib/httpapplication.php:141
#5: Bitrix\Main\HttpApplication->runController
	/home/bitrix/www/bitrix/modules/main/include/routing_index.php:135
----------
Host: crm.sodeistvie.su:443
Date: 2025-01-07 12:50:21
Module: referralId
46770
#0: KPLab\API\V2\Controller\Partners->getSellersAction
	
#1: ReflectionMethod->invokeArgs
	/home/bitrix/www/bitrix/modules/main/lib/engine/autowire/binder.php:207
#2: Bitrix\Main\Engine\AutoWire\Binder->invoke
	/home/bitrix/www/bitrix/modules/main/lib/engine/action.php:117
#3: Bitrix\Main\Engine\Action->runWithSourceParametersList
	/home/bitrix/www/bitrix/modules/main/lib/engine/controller.php:425
#4: Bitrix\Main\Engine\Controller->run
	/home/bitrix/www/bitrix/modules/main/lib/httpapplication.php:141
#5: Bitrix\Main\HttpApplication->runController
	/home/bitrix/www/bitrix/modules/main/include/routing_index.php:135
----------
Host: crm.sodeistvie.su:443
Date: 2025-01-07 12:52:26
Module: queryArray
array (
  'partnerInn' => '201005741786',
  'page' => '1',
)
#0: KPLab\API\V2\Controller\Partners->getSellersAction
	
#1: ReflectionMethod->invokeArgs
	/home/bitrix/www/bitrix/modules/main/lib/engine/autowire/binder.php:207
#2: Bitrix\Main\Engine\AutoWire\Binder->invoke
	/home/bitrix/www/bitrix/modules/main/lib/engine/action.php:117
#3: Bitrix\Main\Engine\Action->runWithSourceParametersList
	/home/bitrix/www/bitrix/modules/main/lib/engine/controller.php:425
#4: Bitrix\Main\Engine\Controller->run
	/home/bitrix/www/bitrix/modules/main/lib/httpapplication.php:141
#5: Bitrix\Main\HttpApplication->runController
	/home/bitrix/www/bitrix/modules/main/include/routing_index.php:135
----------
Host: crm.sodeistvie.su:443
Date: 2025-01-07 12:52:26
Module: referralId
46770
#0: KPLab\API\V2\Controller\Partners->getSellersAction
	
#1: ReflectionMethod->invokeArgs
	/home/bitrix/www/bitrix/modules/main/lib/engine/autowire/binder.php:207
#2: Bitrix\Main\Engine\AutoWire\Binder->invoke
	/home/bitrix/www/bitrix/modules/main/lib/engine/action.php:117
#3: Bitrix\Main\Engine\Action->runWithSourceParametersList
	/home/bitrix/www/bitrix/modules/main/lib/engine/controller.php:425
#4: Bitrix\Main\Engine\Controller->run
	/home/bitrix/www/bitrix/modules/main/lib/httpapplication.php:141
#5: Bitrix\Main\HttpApplication->runController
	/home/bitrix/www/bitrix/modules/main/include/routing_index.php:135
----------
Host: crm.sodeistvie.su:443
Date: 2025-01-07 12:52:30
Module: queryArray
array (
  'partnerInn' => '201005741786',
  'page' => '51',
  'status' => 'all',
)
#0: KPLab\API\V2\Controller\Partners->getSellersAction
	
#1: ReflectionMethod->invokeArgs
	/home/bitrix/www/bitrix/modules/main/lib/engine/autowire/binder.php:207
#2: Bitrix\Main\Engine\AutoWire\Binder->invoke
	/home/bitrix/www/bitrix/modules/main/lib/engine/action.php:117
#3: Bitrix\Main\Engine\Action->runWithSourceParametersList
	/home/bitrix/www/bitrix/modules/main/lib/engine/controller.php:425
#4: Bitrix\Main\Engine\Controller->run
	/home/bitrix/www/bitrix/modules/main/lib/httpapplication.php:141
#5: Bitrix\Main\HttpApplication->runController
	/home/bitrix/www/bitrix/modules/main/include/routing_index.php:135
----------
Host: crm.sodeistvie.su:443
Date: 2025-01-07 12:52:30
Module: referralId
46770
#0: KPLab\API\V2\Controller\Partners->getSellersAction
	
#1: ReflectionMethod->invokeArgs
	/home/bitrix/www/bitrix/modules/main/lib/engine/autowire/binder.php:207
#2: Bitrix\Main\Engine\AutoWire\Binder->invoke
	/home/bitrix/www/bitrix/modules/main/lib/engine/action.php:117
#3: Bitrix\Main\Engine\Action->runWithSourceParametersList
	/home/bitrix/www/bitrix/modules/main/lib/engine/controller.php:425
#4: Bitrix\Main\Engine\Controller->run
	/home/bitrix/www/bitrix/modules/main/lib/httpapplication.php:141
#5: Bitrix\Main\HttpApplication->runController
	/home/bitrix/www/bitrix/modules/main/include/routing_index.php:135
----------
Host: crm.sodeistvie.su:443
Date: 2025-01-07 13:15:20
Module: queryArray
array (
  'partnerInn' => '201005741786',
  'page' => '1',
)
#0: KPLab\API\V2\Controller\Partners->getSellersAction
	
#1: ReflectionMethod->invokeArgs
	/home/bitrix/www/bitrix/modules/main/lib/engine/autowire/binder.php:207
#2: Bitrix\Main\Engine\AutoWire\Binder->invoke
	/home/bitrix/www/bitrix/modules/main/lib/engine/action.php:117
#3: Bitrix\Main\Engine\Action->runWithSourceParametersList
	/home/bitrix/www/bitrix/modules/main/lib/engine/controller.php:425
#4: Bitrix\Main\Engine\Controller->run
	/home/bitrix/www/bitrix/modules/main/lib/httpapplication.php:141
#5: Bitrix\Main\HttpApplication->runController
	/home/bitrix/www/bitrix/modules/main/include/routing_index.php:135
----------
Host: crm.sodeistvie.su:443
Date: 2025-01-07 13:15:20
Module: referralId
46770
#0: KPLab\API\V2\Controller\Partners->getSellersAction
	
#1: ReflectionMethod->invokeArgs
	/home/bitrix/www/bitrix/modules/main/lib/engine/autowire/binder.php:207
#2: Bitrix\Main\Engine\AutoWire\Binder->invoke
	/home/bitrix/www/bitrix/modules/main/lib/engine/action.php:117
#3: Bitrix\Main\Engine\Action->runWithSourceParametersList
	/home/bitrix/www/bitrix/modules/main/lib/engine/controller.php:425
#4: Bitrix\Main\Engine\Controller->run
	/home/bitrix/www/bitrix/modules/main/lib/httpapplication.php:141
#5: Bitrix\Main\HttpApplication->runController
	/home/bitrix/www/bitrix/modules/main/include/routing_index.php:135
----------
Host: crm.sodeistvie.su:443
Date: 2025-01-07 13:15:21
Module: queryArray
array (
  'partnerInn' => '201005741786',
  'page' => '51',
  'status' => 'all',
)
#0: KPLab\API\V2\Controller\Partners->getSellersAction
	
#1: ReflectionMethod->invokeArgs
	/home/bitrix/www/bitrix/modules/main/lib/engine/autowire/binder.php:207
#2: Bitrix\Main\Engine\AutoWire\Binder->invoke
	/home/bitrix/www/bitrix/modules/main/lib/engine/action.php:117
#3: Bitrix\Main\Engine\Action->runWithSourceParametersList
	/home/bitrix/www/bitrix/modules/main/lib/engine/controller.php:425
#4: Bitrix\Main\Engine\Controller->run
	/home/bitrix/www/bitrix/modules/main/lib/httpapplication.php:141
#5: Bitrix\Main\HttpApplication->runController
	/home/bitrix/www/bitrix/modules/main/include/routing_index.php:135
----------
Host: crm.sodeistvie.su:443
Date: 2025-01-07 13:15:21
Module: referralId
46770
#0: KPLab\API\V2\Controller\Partners->getSellersAction
	
#1: ReflectionMethod->invokeArgs
	/home/bitrix/www/bitrix/modules/main/lib/engine/autowire/binder.php:207
#2: Bitrix\Main\Engine\AutoWire\Binder->invoke
	/home/bitrix/www/bitrix/modules/main/lib/engine/action.php:117
#3: Bitrix\Main\Engine\Action->runWithSourceParametersList
	/home/bitrix/www/bitrix/modules/main/lib/engine/controller.php:425
#4: Bitrix\Main\Engine\Controller->run
	/home/bitrix/www/bitrix/modules/main/lib/httpapplication.php:141
#5: Bitrix\Main\HttpApplication->runController
	/home/bitrix/www/bitrix/modules/main/include/routing_index.php:135
----------
Host: crm.sodeistvie.su:443
Date: 2025-01-08 01:32:04
Module: queryArray
array (
  'partnerInn' => '772173434667',
  'page' => '1',
)
#0: KPLab\API\V2\Controller\Partners->getSellersAction
	
#1: ReflectionMethod->invokeArgs
	/home/bitrix/www/bitrix/modules/main/lib/engine/autowire/binder.php:207
#2: Bitrix\Main\Engine\AutoWire\Binder->invoke
	/home/bitrix/www/bitrix/modules/main/lib/engine/action.php:117
#3: Bitrix\Main\Engine\Action->runWithSourceParametersList
	/home/bitrix/www/bitrix/modules/main/lib/engine/controller.php:425
#4: Bitrix\Main\Engine\Controller->run
	/home/bitrix/www/bitrix/modules/main/lib/httpapplication.php:141
#5: Bitrix\Main\HttpApplication->runController
	/home/bitrix/www/bitrix/modules/main/include/routing_index.php:135
----------
Host: crm.sodeistvie.su:443
Date: 2025-01-08 01:32:05
Module: referralId
49950
#0: KPLab\API\V2\Controller\Partners->getSellersAction
	
#1: ReflectionMethod->invokeArgs
	/home/bitrix/www/bitrix/modules/main/lib/engine/autowire/binder.php:207
#2: Bitrix\Main\Engine\AutoWire\Binder->invoke
	/home/bitrix/www/bitrix/modules/main/lib/engine/action.php:117
#3: Bitrix\Main\Engine\Action->runWithSourceParametersList
	/home/bitrix/www/bitrix/modules/main/lib/engine/controller.php:425
#4: Bitrix\Main\Engine\Controller->run
	/home/bitrix/www/bitrix/modules/main/lib/httpapplication.php:141
#5: Bitrix\Main\HttpApplication->runController
	/home/bitrix/www/bitrix/modules/main/include/routing_index.php:135
----------
Host: crm.sodeistvie.su:443
Date: 2025-01-08 01:32:05
Module: queryArray
array (
  'partnerInn' => '772173434667',
  'page' => '51',
  'status' => 'all',
)
#0: KPLab\API\V2\Controller\Partners->getSellersAction
	
#1: ReflectionMethod->invokeArgs
	/home/bitrix/www/bitrix/modules/main/lib/engine/autowire/binder.php:207
#2: Bitrix\Main\Engine\AutoWire\Binder->invoke
	/home/bitrix/www/bitrix/modules/main/lib/engine/action.php:117
#3: Bitrix\Main\Engine\Action->runWithSourceParametersList
	/home/bitrix/www/bitrix/modules/main/lib/engine/controller.php:425
#4: Bitrix\Main\Engine\Controller->run
	/home/bitrix/www/bitrix/modules/main/lib/httpapplication.php:141
#5: Bitrix\Main\HttpApplication->runController
	/home/bitrix/www/bitrix/modules/main/include/routing_index.php:135
----------
Host: crm.sodeistvie.su:443
Date: 2025-01-08 01:32:06
Module: referralId
49950
#0: KPLab\API\V2\Controller\Partners->getSellersAction
	
#1: ReflectionMethod->invokeArgs
	/home/bitrix/www/bitrix/modules/main/lib/engine/autowire/binder.php:207
#2: Bitrix\Main\Engine\AutoWire\Binder->invoke
	/home/bitrix/www/bitrix/modules/main/lib/engine/action.php:117
#3: Bitrix\Main\Engine\Action->runWithSourceParametersList
	/home/bitrix/www/bitrix/modules/main/lib/engine/controller.php:425
#4: Bitrix\Main\Engine\Controller->run
	/home/bitrix/www/bitrix/modules/main/lib/httpapplication.php:141
#5: Bitrix\Main\HttpApplication->runController
	/home/bitrix/www/bitrix/modules/main/include/routing_index.php:135
----------
Host: crm.sodeistvie.su:443
Date: 2025-01-08 08:08:02
Module: queryArray
array (
  'partnerInn' => '140211048930',
  'page' => '1',
)
#0: KPLab\API\V2\Controller\Partners->getSellersAction
	
#1: ReflectionMethod->invokeArgs
	/home/bitrix/www/bitrix/modules/main/lib/engine/autowire/binder.php:207
#2: Bitrix\Main\Engine\AutoWire\Binder->invoke
	/home/bitrix/www/bitrix/modules/main/lib/engine/action.php:117
#3: Bitrix\Main\Engine\Action->runWithSourceParametersList
	/home/bitrix/www/bitrix/modules/main/lib/engine/controller.php:425
#4: Bitrix\Main\Engine\Controller->run
	/home/bitrix/www/bitrix/modules/main/lib/httpapplication.php:141
#5: Bitrix\Main\HttpApplication->runController
	/home/bitrix/www/bitrix/modules/main/include/routing_index.php:135
----------
Host: crm.sodeistvie.su:443
Date: 2025-01-08 08:08:02
Module: referralId
51771
#0: KPLab\API\V2\Controller\Partners->getSellersAction
	
#1: ReflectionMethod->invokeArgs
	/home/bitrix/www/bitrix/modules/main/lib/engine/autowire/binder.php:207
#2: Bitrix\Main\Engine\AutoWire\Binder->invoke
	/home/bitrix/www/bitrix/modules/main/lib/engine/action.php:117
#3: Bitrix\Main\Engine\Action->runWithSourceParametersList
	/home/bitrix/www/bitrix/modules/main/lib/engine/controller.php:425
#4: Bitrix\Main\Engine\Controller->run
	/home/bitrix/www/bitrix/modules/main/lib/httpapplication.php:141
#5: Bitrix\Main\HttpApplication->runController
	/home/bitrix/www/bitrix/modules/main/include/routing_index.php:135
----------
Host: crm.sodeistvie.su:443
Date: 2025-01-08 08:08:06
Module: queryArray
array (
  'partnerInn' => '140211048930',
  'page' => '1',
)
#0: KPLab\API\V2\Controller\Partners->getSellersAction
	
#1: ReflectionMethod->invokeArgs
	/home/bitrix/www/bitrix/modules/main/lib/engine/autowire/binder.php:207
#2: Bitrix\Main\Engine\AutoWire\Binder->invoke
	/home/bitrix/www/bitrix/modules/main/lib/engine/action.php:117
#3: Bitrix\Main\Engine\Action->runWithSourceParametersList
	/home/bitrix/www/bitrix/modules/main/lib/engine/controller.php:425
#4: Bitrix\Main\Engine\Controller->run
	/home/bitrix/www/bitrix/modules/main/lib/httpapplication.php:141
#5: Bitrix\Main\HttpApplication->runController
	/home/bitrix/www/bitrix/modules/main/include/routing_index.php:135
----------
Host: crm.sodeistvie.su:443
Date: 2025-01-08 08:08:06
Module: referralId
51771
#0: KPLab\API\V2\Controller\Partners->getSellersAction
	
#1: ReflectionMethod->invokeArgs
	/home/bitrix/www/bitrix/modules/main/lib/engine/autowire/binder.php:207
#2: Bitrix\Main\Engine\AutoWire\Binder->invoke
	/home/bitrix/www/bitrix/modules/main/lib/engine/action.php:117
#3: Bitrix\Main\Engine\Action->runWithSourceParametersList
	/home/bitrix/www/bitrix/modules/main/lib/engine/controller.php:425
#4: Bitrix\Main\Engine\Controller->run
	/home/bitrix/www/bitrix/modules/main/lib/httpapplication.php:141
#5: Bitrix\Main\HttpApplication->runController
	/home/bitrix/www/bitrix/modules/main/include/routing_index.php:135
----------
Host: crm.sodeistvie.su:443
Date: 2025-01-08 08:08:10
Module: queryArray
array (
  'partnerInn' => '140211048930',
  'page' => '1',
  'status' => 'new',
)
#0: KPLab\API\V2\Controller\Partners->getSellersAction
	
#1: ReflectionMethod->invokeArgs
	/home/bitrix/www/bitrix/modules/main/lib/engine/autowire/binder.php:207
#2: Bitrix\Main\Engine\AutoWire\Binder->invoke
	/home/bitrix/www/bitrix/modules/main/lib/engine/action.php:117
#3: Bitrix\Main\Engine\Action->runWithSourceParametersList
	/home/bitrix/www/bitrix/modules/main/lib/engine/controller.php:425
#4: Bitrix\Main\Engine\Controller->run
	/home/bitrix/www/bitrix/modules/main/lib/httpapplication.php:141
#5: Bitrix\Main\HttpApplication->runController
	/home/bitrix/www/bitrix/modules/main/include/routing_index.php:135
----------
Host: crm.sodeistvie.su:443
Date: 2025-01-08 08:08:11
Module: referralId
51771
#0: KPLab\API\V2\Controller\Partners->getSellersAction
	
#1: ReflectionMethod->invokeArgs
	/home/bitrix/www/bitrix/modules/main/lib/engine/autowire/binder.php:207
#2: Bitrix\Main\Engine\AutoWire\Binder->invoke
	/home/bitrix/www/bitrix/modules/main/lib/engine/action.php:117
#3: Bitrix\Main\Engine\Action->runWithSourceParametersList
	/home/bitrix/www/bitrix/modules/main/lib/engine/controller.php:425
#4: Bitrix\Main\Engine\Controller->run
	/home/bitrix/www/bitrix/modules/main/lib/httpapplication.php:141
#5: Bitrix\Main\HttpApplication->runController
	/home/bitrix/www/bitrix/modules/main/include/routing_index.php:135
----------
Host: crm.sodeistvie.su:443
Date: 2025-01-08 08:08:11
Module: arFilter
array (
  '::LOGIC' => 'AND',
  'IBLOCK_ID' => 167,
  '=PROPERTY_REFERRAL_ID' => 51771,
  'PROPERTY_STATUS_VALUE' => 'Новый',
  '>=PROPERTY_DATE_LEAD' => '2000-01-01T00:00:00',
  '<=PROPERTY_DATE_LEAD' => '2025-01-08T23:59:59',
)
#0: KPLab\API\V2\Controller\Partners->getSellersAction
	
#1: ReflectionMethod->invokeArgs
	/home/bitrix/www/bitrix/modules/main/lib/engine/autowire/binder.php:207
#2: Bitrix\Main\Engine\AutoWire\Binder->invoke
	/home/bitrix/www/bitrix/modules/main/lib/engine/action.php:117
#3: Bitrix\Main\Engine\Action->runWithSourceParametersList
	/home/bitrix/www/bitrix/modules/main/lib/engine/controller.php:425
#4: Bitrix\Main\Engine\Controller->run
	/home/bitrix/www/bitrix/modules/main/lib/httpapplication.php:141
#5: Bitrix\Main\HttpApplication->runController
	/home/bitrix/www/bitrix/modules/main/include/routing_index.php:135
----------
Host: crm.sodeistvie.su:443
Date: 2025-01-08 08:08:11
Module: queryArray
array (
  'partnerInn' => '140211048930',
  'page' => '1',
  'status' => 'in_processed',
)
#0: KPLab\API\V2\Controller\Partners->getSellersAction
	
#1: ReflectionMethod->invokeArgs
	/home/bitrix/www/bitrix/modules/main/lib/engine/autowire/binder.php:207
#2: Bitrix\Main\Engine\AutoWire\Binder->invoke
	/home/bitrix/www/bitrix/modules/main/lib/engine/action.php:117
#3: Bitrix\Main\Engine\Action->runWithSourceParametersList
	/home/bitrix/www/bitrix/modules/main/lib/engine/controller.php:425
#4: Bitrix\Main\Engine\Controller->run
	/home/bitrix/www/bitrix/modules/main/lib/httpapplication.php:141
#5: Bitrix\Main\HttpApplication->runController
	/home/bitrix/www/bitrix/modules/main/include/routing_index.php:135
----------
Host: crm.sodeistvie.su:443
Date: 2025-01-08 08:08:12
Module: referralId
51771
#0: KPLab\API\V2\Controller\Partners->getSellersAction
	
#1: ReflectionMethod->invokeArgs
	/home/bitrix/www/bitrix/modules/main/lib/engine/autowire/binder.php:207
#2: Bitrix\Main\Engine\AutoWire\Binder->invoke
	/home/bitrix/www/bitrix/modules/main/lib/engine/action.php:117
#3: Bitrix\Main\Engine\Action->runWithSourceParametersList
	/home/bitrix/www/bitrix/modules/main/lib/engine/controller.php:425
#4: Bitrix\Main\Engine\Controller->run
	/home/bitrix/www/bitrix/modules/main/lib/httpapplication.php:141
#5: Bitrix\Main\HttpApplication->runController
	/home/bitrix/www/bitrix/modules/main/include/routing_index.php:135
----------
Host: crm.sodeistvie.su:443
Date: 2025-01-08 08:08:12
Module: arFilter
array (
  '::LOGIC' => 'AND',
  'IBLOCK_ID' => 167,
  '=PROPERTY_REFERRAL_ID' => 51771,
  'PROPERTY_STATUS_VALUE' => 'В обработке',
  '>=PROPERTY_DATE_LEAD' => '2000-01-01T00:00:00',
  '<=PROPERTY_DATE_LEAD' => '2025-01-08T23:59:59',
)
#0: KPLab\API\V2\Controller\Partners->getSellersAction
	
#1: ReflectionMethod->invokeArgs
	/home/bitrix/www/bitrix/modules/main/lib/engine/autowire/binder.php:207
#2: Bitrix\Main\Engine\AutoWire\Binder->invoke
	/home/bitrix/www/bitrix/modules/main/lib/engine/action.php:117
#3: Bitrix\Main\Engine\Action->runWithSourceParametersList
	/home/bitrix/www/bitrix/modules/main/lib/engine/controller.php:425
#4: Bitrix\Main\Engine\Controller->run
	/home/bitrix/www/bitrix/modules/main/lib/httpapplication.php:141
#5: Bitrix\Main\HttpApplication->runController
	/home/bitrix/www/bitrix/modules/main/include/routing_index.php:135
----------
Host: crm.sodeistvie.su:443
Date: 2025-01-08 08:08:13
Module: queryArray
array (
  'partnerInn' => '140211048930',
  'page' => '1',
  'status' => 'issued',
)
#0: KPLab\API\V2\Controller\Partners->getSellersAction
	
#1: ReflectionMethod->invokeArgs
	/home/bitrix/www/bitrix/modules/main/lib/engine/autowire/binder.php:207
#2: Bitrix\Main\Engine\AutoWire\Binder->invoke
	/home/bitrix/www/bitrix/modules/main/lib/engine/action.php:117
#3: Bitrix\Main\Engine\Action->runWithSourceParametersList
	/home/bitrix/www/bitrix/modules/main/lib/engine/controller.php:425
#4: Bitrix\Main\Engine\Controller->run
	/home/bitrix/www/bitrix/modules/main/lib/httpapplication.php:141
#5: Bitrix\Main\HttpApplication->runController
	/home/bitrix/www/bitrix/modules/main/include/routing_index.php:135
----------
Host: crm.sodeistvie.su:443
Date: 2025-01-08 08:08:13
Module: referralId
51771
#0: KPLab\API\V2\Controller\Partners->getSellersAction
	
#1: ReflectionMethod->invokeArgs
	/home/bitrix/www/bitrix/modules/main/lib/engine/autowire/binder.php:207
#2: Bitrix\Main\Engine\AutoWire\Binder->invoke
	/home/bitrix/www/bitrix/modules/main/lib/engine/action.php:117
#3: Bitrix\Main\Engine\Action->runWithSourceParametersList
	/home/bitrix/www/bitrix/modules/main/lib/engine/controller.php:425
#4: Bitrix\Main\Engine\Controller->run
	/home/bitrix/www/bitrix/modules/main/lib/httpapplication.php:141
#5: Bitrix\Main\HttpApplication->runController
	/home/bitrix/www/bitrix/modules/main/include/routing_index.php:135
----------
Host: crm.sodeistvie.su:443
Date: 2025-01-08 08:08:13
Module: queryArray
array (
  'partnerInn' => '140211048930',
  'page' => '1',
  'status' => 'refused',
)
#0: KPLab\API\V2\Controller\Partners->getSellersAction
	
#1: ReflectionMethod->invokeArgs
	/home/bitrix/www/bitrix/modules/main/lib/engine/autowire/binder.php:207
#2: Bitrix\Main\Engine\AutoWire\Binder->invoke
	/home/bitrix/www/bitrix/modules/main/lib/engine/action.php:117
#3: Bitrix\Main\Engine\Action->runWithSourceParametersList
	/home/bitrix/www/bitrix/modules/main/lib/engine/controller.php:425
#4: Bitrix\Main\Engine\Controller->run
	/home/bitrix/www/bitrix/modules/main/lib/httpapplication.php:141
#5: Bitrix\Main\HttpApplication->runController
	/home/bitrix/www/bitrix/modules/main/include/routing_index.php:135
----------
Host: crm.sodeistvie.su:443
Date: 2025-01-08 08:08:14
Module: referralId
51771
#0: KPLab\API\V2\Controller\Partners->getSellersAction
	
#1: ReflectionMethod->invokeArgs
	/home/bitrix/www/bitrix/modules/main/lib/engine/autowire/binder.php:207
#2: Bitrix\Main\Engine\AutoWire\Binder->invoke
	/home/bitrix/www/bitrix/modules/main/lib/engine/action.php:117
#3: Bitrix\Main\Engine\Action->runWithSourceParametersList
	/home/bitrix/www/bitrix/modules/main/lib/engine/controller.php:425
#4: Bitrix\Main\Engine\Controller->run
	/home/bitrix/www/bitrix/modules/main/lib/httpapplication.php:141
#5: Bitrix\Main\HttpApplication->runController
	/home/bitrix/www/bitrix/modules/main/include/routing_index.php:135
----------
Host: crm.sodeistvie.su:443
Date: 2025-01-08 08:08:14
Module: arFilter
array (
  '::LOGIC' => 'AND',
  'IBLOCK_ID' => 167,
  '=PROPERTY_REFERRAL_ID' => 51771,
  'PROPERTY_STATUS_VALUE' => 'Отказ',
  '>=PROPERTY_DATE_LEAD' => '2000-01-01T00:00:00',
  '<=PROPERTY_DATE_LEAD' => '2025-01-08T23:59:59',
)
#0: KPLab\API\V2\Controller\Partners->getSellersAction
	
#1: ReflectionMethod->invokeArgs
	/home/bitrix/www/bitrix/modules/main/lib/engine/autowire/binder.php:207
#2: Bitrix\Main\Engine\AutoWire\Binder->invoke
	/home/bitrix/www/bitrix/modules/main/lib/engine/action.php:117
#3: Bitrix\Main\Engine\Action->runWithSourceParametersList
	/home/bitrix/www/bitrix/modules/main/lib/engine/controller.php:425
#4: Bitrix\Main\Engine\Controller->run
	/home/bitrix/www/bitrix/modules/main/lib/httpapplication.php:141
#5: Bitrix\Main\HttpApplication->runController
	/home/bitrix/www/bitrix/modules/main/include/routing_index.php:135
----------
Host: crm.sodeistvie.su:443
Date: 2025-01-08 08:08:32
Module: queryArray
array (
  'partnerInn' => '140211048930',
  'startDate' => '12/01/2024 00:00:00',
  'endDate' => '12/31/2024 00:00:00',
  'page' => '1',
  'status' => 'refused',
)
#0: KPLab\API\V2\Controller\Partners->getSellersAction
	
#1: ReflectionMethod->invokeArgs
	/home/bitrix/www/bitrix/modules/main/lib/engine/autowire/binder.php:207
#2: Bitrix\Main\Engine\AutoWire\Binder->invoke
	/home/bitrix/www/bitrix/modules/main/lib/engine/action.php:117
#3: Bitrix\Main\Engine\Action->runWithSourceParametersList
	/home/bitrix/www/bitrix/modules/main/lib/engine/controller.php:425
#4: Bitrix\Main\Engine\Controller->run
	/home/bitrix/www/bitrix/modules/main/lib/httpapplication.php:141
#5: Bitrix\Main\HttpApplication->runController
	/home/bitrix/www/bitrix/modules/main/include/routing_index.php:135
----------
Host: crm.sodeistvie.su:443
Date: 2025-01-08 08:08:32
Module: referralId
51771
#0: KPLab\API\V2\Controller\Partners->getSellersAction
	
#1: ReflectionMethod->invokeArgs
	/home/bitrix/www/bitrix/modules/main/lib/engine/autowire/binder.php:207
#2: Bitrix\Main\Engine\AutoWire\Binder->invoke
	/home/bitrix/www/bitrix/modules/main/lib/engine/action.php:117
#3: Bitrix\Main\Engine\Action->runWithSourceParametersList
	/home/bitrix/www/bitrix/modules/main/lib/engine/controller.php:425
#4: Bitrix\Main\Engine\Controller->run
	/home/bitrix/www/bitrix/modules/main/lib/httpapplication.php:141
#5: Bitrix\Main\HttpApplication->runController
	/home/bitrix/www/bitrix/modules/main/include/routing_index.php:135
----------
Host: crm.sodeistvie.su:443
Date: 2025-01-08 08:08:32
Module: arFilter
array (
  '::LOGIC' => 'AND',
  'IBLOCK_ID' => 167,
  '=PROPERTY_REFERRAL_ID' => 51771,
  'PROPERTY_STATUS_VALUE' => 'Отказ',
  '>=PROPERTY_DATE_LEAD' => '2024-12-01T00:00:00',
  '<=PROPERTY_DATE_LEAD' => '2024-12-31T23:59:59',
)
#0: KPLab\API\V2\Controller\Partners->getSellersAction
	
#1: ReflectionMethod->invokeArgs
	/home/bitrix/www/bitrix/modules/main/lib/engine/autowire/binder.php:207
#2: Bitrix\Main\Engine\AutoWire\Binder->invoke
	/home/bitrix/www/bitrix/modules/main/lib/engine/action.php:117
#3: Bitrix\Main\Engine\Action->runWithSourceParametersList
	/home/bitrix/www/bitrix/modules/main/lib/engine/controller.php:425
#4: Bitrix\Main\Engine\Controller->run
	/home/bitrix/www/bitrix/modules/main/lib/httpapplication.php:141
#5: Bitrix\Main\HttpApplication->runController
	/home/bitrix/www/bitrix/modules/main/include/routing_index.php:135
----------
Host: crm.sodeistvie.su:443
Date: 2025-01-08 08:08:39
Module: queryArray
array (
  'partnerInn' => '140211048930',
  'startDate' => '01/01/2025 00:00:00',
  'endDate' => '01/31/2025 00:00:00',
  'page' => '1',
  'status' => 'refused',
)
#0: KPLab\API\V2\Controller\Partners->getSellersAction
	
#1: ReflectionMethod->invokeArgs
	/home/bitrix/www/bitrix/modules/main/lib/engine/autowire/binder.php:207
#2: Bitrix\Main\Engine\AutoWire\Binder->invoke
	/home/bitrix/www/bitrix/modules/main/lib/engine/action.php:117
#3: Bitrix\Main\Engine\Action->runWithSourceParametersList
	/home/bitrix/www/bitrix/modules/main/lib/engine/controller.php:425
#4: Bitrix\Main\Engine\Controller->run
	/home/bitrix/www/bitrix/modules/main/lib/httpapplication.php:141
#5: Bitrix\Main\HttpApplication->runController
	/home/bitrix/www/bitrix/modules/main/include/routing_index.php:135
----------
Host: crm.sodeistvie.su:443
Date: 2025-01-08 08:08:40
Module: referralId
51771
#0: KPLab\API\V2\Controller\Partners->getSellersAction
	
#1: ReflectionMethod->invokeArgs
	/home/bitrix/www/bitrix/modules/main/lib/engine/autowire/binder.php:207
#2: Bitrix\Main\Engine\AutoWire\Binder->invoke
	/home/bitrix/www/bitrix/modules/main/lib/engine/action.php:117
#3: Bitrix\Main\Engine\Action->runWithSourceParametersList
	/home/bitrix/www/bitrix/modules/main/lib/engine/controller.php:425
#4: Bitrix\Main\Engine\Controller->run
	/home/bitrix/www/bitrix/modules/main/lib/httpapplication.php:141
#5: Bitrix\Main\HttpApplication->runController
	/home/bitrix/www/bitrix/modules/main/include/routing_index.php:135
----------
Host: crm.sodeistvie.su:443
Date: 2025-01-08 08:08:40
Module: arFilter
array (
  '::LOGIC' => 'AND',
  'IBLOCK_ID' => 167,
  '=PROPERTY_REFERRAL_ID' => 51771,
  'PROPERTY_STATUS_VALUE' => 'Отказ',
  '>=PROPERTY_DATE_LEAD' => '2025-01-01T00:00:00',
  '<=PROPERTY_DATE_LEAD' => '2025-01-31T23:59:59',
)
#0: KPLab\API\V2\Controller\Partners->getSellersAction
	
#1: ReflectionMethod->invokeArgs
	/home/bitrix/www/bitrix/modules/main/lib/engine/autowire/binder.php:207
#2: Bitrix\Main\Engine\AutoWire\Binder->invoke
	/home/bitrix/www/bitrix/modules/main/lib/engine/action.php:117
#3: Bitrix\Main\Engine\Action->runWithSourceParametersList
	/home/bitrix/www/bitrix/modules/main/lib/engine/controller.php:425
#4: Bitrix\Main\Engine\Controller->run
	/home/bitrix/www/bitrix/modules/main/lib/httpapplication.php:141
#5: Bitrix\Main\HttpApplication->runController
	/home/bitrix/www/bitrix/modules/main/include/routing_index.php:135
----------
Host: crm.sodeistvie.su:443
Date: 2025-01-08 08:08:43
Module: queryArray
array (
  'partnerInn' => '140211048930',
  'startDate' => '01/01/2025 00:00:00',
  'endDate' => '01/31/2025 00:00:00',
  'page' => '1',
  'status' => 'issued',
)
#0: KPLab\API\V2\Controller\Partners->getSellersAction
	
#1: ReflectionMethod->invokeArgs
	/home/bitrix/www/bitrix/modules/main/lib/engine/autowire/binder.php:207
#2: Bitrix\Main\Engine\AutoWire\Binder->invoke
	/home/bitrix/www/bitrix/modules/main/lib/engine/action.php:117
#3: Bitrix\Main\Engine\Action->runWithSourceParametersList
	/home/bitrix/www/bitrix/modules/main/lib/engine/controller.php:425
#4: Bitrix\Main\Engine\Controller->run
	/home/bitrix/www/bitrix/modules/main/lib/httpapplication.php:141
#5: Bitrix\Main\HttpApplication->runController
	/home/bitrix/www/bitrix/modules/main/include/routing_index.php:135
----------
Host: crm.sodeistvie.su:443
Date: 2025-01-08 08:08:43
Module: referralId
51771
#0: KPLab\API\V2\Controller\Partners->getSellersAction
	
#1: ReflectionMethod->invokeArgs
	/home/bitrix/www/bitrix/modules/main/lib/engine/autowire/binder.php:207
#2: Bitrix\Main\Engine\AutoWire\Binder->invoke
	/home/bitrix/www/bitrix/modules/main/lib/engine/action.php:117
#3: Bitrix\Main\Engine\Action->runWithSourceParametersList
	/home/bitrix/www/bitrix/modules/main/lib/engine/controller.php:425
#4: Bitrix\Main\Engine\Controller->run
	/home/bitrix/www/bitrix/modules/main/lib/httpapplication.php:141
#5: Bitrix\Main\HttpApplication->runController
	/home/bitrix/www/bitrix/modules/main/include/routing_index.php:135
----------
Host: crm.sodeistvie.su:443
Date: 2025-01-08 08:08:44
Module: queryArray
array (
  'partnerInn' => '140211048930',
  'startDate' => '01/01/2025 00:00:00',
  'endDate' => '01/31/2025 00:00:00',
  'page' => '1',
  'status' => 'in_processed',
)
#0: KPLab\API\V2\Controller\Partners->getSellersAction
	
#1: ReflectionMethod->invokeArgs
	/home/bitrix/www/bitrix/modules/main/lib/engine/autowire/binder.php:207
#2: Bitrix\Main\Engine\AutoWire\Binder->invoke
	/home/bitrix/www/bitrix/modules/main/lib/engine/action.php:117
#3: Bitrix\Main\Engine\Action->runWithSourceParametersList
	/home/bitrix/www/bitrix/modules/main/lib/engine/controller.php:425
#4: Bitrix\Main\Engine\Controller->run
	/home/bitrix/www/bitrix/modules/main/lib/httpapplication.php:141
#5: Bitrix\Main\HttpApplication->runController
	/home/bitrix/www/bitrix/modules/main/include/routing_index.php:135
----------
Host: crm.sodeistvie.su:443
Date: 2025-01-08 08:08:44
Module: referralId
51771
#0: KPLab\API\V2\Controller\Partners->getSellersAction
	
#1: ReflectionMethod->invokeArgs
	/home/bitrix/www/bitrix/modules/main/lib/engine/autowire/binder.php:207
#2: Bitrix\Main\Engine\AutoWire\Binder->invoke
	/home/bitrix/www/bitrix/modules/main/lib/engine/action.php:117
#3: Bitrix\Main\Engine\Action->runWithSourceParametersList
	/home/bitrix/www/bitrix/modules/main/lib/engine/controller.php:425
#4: Bitrix\Main\Engine\Controller->run
	/home/bitrix/www/bitrix/modules/main/lib/httpapplication.php:141
#5: Bitrix\Main\HttpApplication->runController
	/home/bitrix/www/bitrix/modules/main/include/routing_index.php:135
----------
Host: crm.sodeistvie.su:443
Date: 2025-01-08 08:08:44
Module: arFilter
array (
  '::LOGIC' => 'AND',
  'IBLOCK_ID' => 167,
  '=PROPERTY_REFERRAL_ID' => 51771,
  'PROPERTY_STATUS_VALUE' => 'В обработке',
  '>=PROPERTY_DATE_LEAD' => '2025-01-01T00:00:00',
  '<=PROPERTY_DATE_LEAD' => '2025-01-31T23:59:59',
)
#0: KPLab\API\V2\Controller\Partners->getSellersAction
	
#1: ReflectionMethod->invokeArgs
	/home/bitrix/www/bitrix/modules/main/lib/engine/autowire/binder.php:207
#2: Bitrix\Main\Engine\AutoWire\Binder->invoke
	/home/bitrix/www/bitrix/modules/main/lib/engine/action.php:117
#3: Bitrix\Main\Engine\Action->runWithSourceParametersList
	/home/bitrix/www/bitrix/modules/main/lib/engine/controller.php:425
#4: Bitrix\Main\Engine\Controller->run
	/home/bitrix/www/bitrix/modules/main/lib/httpapplication.php:141
#5: Bitrix\Main\HttpApplication->runController
	/home/bitrix/www/bitrix/modules/main/include/routing_index.php:135
----------
Host: crm.sodeistvie.su:443
Date: 2025-01-08 08:08:44
Module: queryArray
array (
  'partnerInn' => '140211048930',
  'startDate' => '01/01/2025 00:00:00',
  'endDate' => '01/31/2025 00:00:00',
  'page' => '1',
  'status' => 'new',
)
#0: KPLab\API\V2\Controller\Partners->getSellersAction
	
#1: ReflectionMethod->invokeArgs
	/home/bitrix/www/bitrix/modules/main/lib/engine/autowire/binder.php:207
#2: Bitrix\Main\Engine\AutoWire\Binder->invoke
	/home/bitrix/www/bitrix/modules/main/lib/engine/action.php:117
#3: Bitrix\Main\Engine\Action->runWithSourceParametersList
	/home/bitrix/www/bitrix/modules/main/lib/engine/controller.php:425
#4: Bitrix\Main\Engine\Controller->run
	/home/bitrix/www/bitrix/modules/main/lib/httpapplication.php:141
#5: Bitrix\Main\HttpApplication->runController
	/home/bitrix/www/bitrix/modules/main/include/routing_index.php:135
----------
Host: crm.sodeistvie.su:443
Date: 2025-01-08 08:08:45
Module: referralId
51771
#0: KPLab\API\V2\Controller\Partners->getSellersAction
	
#1: ReflectionMethod->invokeArgs
	/home/bitrix/www/bitrix/modules/main/lib/engine/autowire/binder.php:207
#2: Bitrix\Main\Engine\AutoWire\Binder->invoke
	/home/bitrix/www/bitrix/modules/main/lib/engine/action.php:117
#3: Bitrix\Main\Engine\Action->runWithSourceParametersList
	/home/bitrix/www/bitrix/modules/main/lib/engine/controller.php:425
#4: Bitrix\Main\Engine\Controller->run
	/home/bitrix/www/bitrix/modules/main/lib/httpapplication.php:141
#5: Bitrix\Main\HttpApplication->runController
	/home/bitrix/www/bitrix/modules/main/include/routing_index.php:135
----------
Host: crm.sodeistvie.su:443
Date: 2025-01-08 08:08:45
Module: arFilter
array (
  '::LOGIC' => 'AND',
  'IBLOCK_ID' => 167,
  '=PROPERTY_REFERRAL_ID' => 51771,
  'PROPERTY_STATUS_VALUE' => 'Новый',
  '>=PROPERTY_DATE_LEAD' => '2025-01-01T00:00:00',
  '<=PROPERTY_DATE_LEAD' => '2025-01-31T23:59:59',
)
#0: KPLab\API\V2\Controller\Partners->getSellersAction
	
#1: ReflectionMethod->invokeArgs
	/home/bitrix/www/bitrix/modules/main/lib/engine/autowire/binder.php:207
#2: Bitrix\Main\Engine\AutoWire\Binder->invoke
	/home/bitrix/www/bitrix/modules/main/lib/engine/action.php:117
#3: Bitrix\Main\Engine\Action->runWithSourceParametersList
	/home/bitrix/www/bitrix/modules/main/lib/engine/controller.php:425
#4: Bitrix\Main\Engine\Controller->run
	/home/bitrix/www/bitrix/modules/main/lib/httpapplication.php:141
#5: Bitrix\Main\HttpApplication->runController
	/home/bitrix/www/bitrix/modules/main/include/routing_index.php:135
----------
Host: crm.sodeistvie.su:443
Date: 2025-01-08 08:08:45
Module: queryArray
array (
  'partnerInn' => '140211048930',
  'startDate' => '01/01/2025 00:00:00',
  'endDate' => '01/31/2025 00:00:00',
  'page' => '1',
  'status' => 'all',
)
#0: KPLab\API\V2\Controller\Partners->getSellersAction
	
#1: ReflectionMethod->invokeArgs
	/home/bitrix/www/bitrix/modules/main/lib/engine/autowire/binder.php:207
#2: Bitrix\Main\Engine\AutoWire\Binder->invoke
	/home/bitrix/www/bitrix/modules/main/lib/engine/action.php:117
#3: Bitrix\Main\Engine\Action->runWithSourceParametersList
	/home/bitrix/www/bitrix/modules/main/lib/engine/controller.php:425
#4: Bitrix\Main\Engine\Controller->run
	/home/bitrix/www/bitrix/modules/main/lib/httpapplication.php:141
#5: Bitrix\Main\HttpApplication->runController
	/home/bitrix/www/bitrix/modules/main/include/routing_index.php:135
----------
Host: crm.sodeistvie.su:443
Date: 2025-01-08 08:08:45
Module: referralId
51771
#0: KPLab\API\V2\Controller\Partners->getSellersAction
	
#1: ReflectionMethod->invokeArgs
	/home/bitrix/www/bitrix/modules/main/lib/engine/autowire/binder.php:207
#2: Bitrix\Main\Engine\AutoWire\Binder->invoke
	/home/bitrix/www/bitrix/modules/main/lib/engine/action.php:117
#3: Bitrix\Main\Engine\Action->runWithSourceParametersList
	/home/bitrix/www/bitrix/modules/main/lib/engine/controller.php:425
#4: Bitrix\Main\Engine\Controller->run
	/home/bitrix/www/bitrix/modules/main/lib/httpapplication.php:141
#5: Bitrix\Main\HttpApplication->runController
	/home/bitrix/www/bitrix/modules/main/include/routing_index.php:135
----------
Host: crm.sodeistvie.su:443
Date: 2025-01-08 14:38:46
Module: queryArray
array (
  'partnerInn' => '772173434667',
  'page' => '1',
)
#0: KPLab\API\V2\Controller\Partners->getSellersAction
	
#1: ReflectionMethod->invokeArgs
	/home/bitrix/www/bitrix/modules/main/lib/engine/autowire/binder.php:207
#2: Bitrix\Main\Engine\AutoWire\Binder->invoke
	/home/bitrix/www/bitrix/modules/main/lib/engine/action.php:117
#3: Bitrix\Main\Engine\Action->runWithSourceParametersList
	/home/bitrix/www/bitrix/modules/main/lib/engine/controller.php:425
#4: Bitrix\Main\Engine\Controller->run
	/home/bitrix/www/bitrix/modules/main/lib/httpapplication.php:141
#5: Bitrix\Main\HttpApplication->runController
	/home/bitrix/www/bitrix/modules/main/include/routing_index.php:135
----------
Host: crm.sodeistvie.su:443
Date: 2025-01-08 14:38:47
Module: referralId
49950
#0: KPLab\API\V2\Controller\Partners->getSellersAction
	
#1: ReflectionMethod->invokeArgs
	/home/bitrix/www/bitrix/modules/main/lib/engine/autowire/binder.php:207
#2: Bitrix\Main\Engine\AutoWire\Binder->invoke
	/home/bitrix/www/bitrix/modules/main/lib/engine/action.php:117
#3: Bitrix\Main\Engine\Action->runWithSourceParametersList
	/home/bitrix/www/bitrix/modules/main/lib/engine/controller.php:425
#4: Bitrix\Main\Engine\Controller->run
	/home/bitrix/www/bitrix/modules/main/lib/httpapplication.php:141
#5: Bitrix\Main\HttpApplication->runController
	/home/bitrix/www/bitrix/modules/main/include/routing_index.php:135
----------
Host: crm.sodeistvie.su:443
Date: 2025-01-08 16:18:04
Module: queryArray
array (
  'partnerInn' => '772393038443',
  'page' => '1',
)
#0: KPLab\API\V2\Controller\Partners->getSellersAction
	
#1: ReflectionMethod->invokeArgs
	/home/bitrix/www/bitrix/modules/main/lib/engine/autowire/binder.php:207
#2: Bitrix\Main\Engine\AutoWire\Binder->invoke
	/home/bitrix/www/bitrix/modules/main/lib/engine/action.php:117
#3: Bitrix\Main\Engine\Action->runWithSourceParametersList
	/home/bitrix/www/bitrix/modules/main/lib/engine/controller.php:425
#4: Bitrix\Main\Engine\Controller->run
	/home/bitrix/www/bitrix/modules/main/lib/httpapplication.php:141
#5: Bitrix\Main\HttpApplication->runController
	/home/bitrix/www/bitrix/modules/main/include/routing_index.php:135
----------
Host: crm.sodeistvie.su:443
Date: 2025-01-08 16:18:04
Module: referralId
31633
#0: KPLab\API\V2\Controller\Partners->getSellersAction
	
#1: ReflectionMethod->invokeArgs
	/home/bitrix/www/bitrix/modules/main/lib/engine/autowire/binder.php:207
#2: Bitrix\Main\Engine\AutoWire\Binder->invoke
	/home/bitrix/www/bitrix/modules/main/lib/engine/action.php:117
#3: Bitrix\Main\Engine\Action->runWithSourceParametersList
	/home/bitrix/www/bitrix/modules/main/lib/engine/controller.php:425
#4: Bitrix\Main\Engine\Controller->run
	/home/bitrix/www/bitrix/modules/main/lib/httpapplication.php:141
#5: Bitrix\Main\HttpApplication->runController
	/home/bitrix/www/bitrix/modules/main/include/routing_index.php:135
----------
Host: crm.sodeistvie.su:443
Date: 2025-01-09 11:43:36
Module: queryArray
array (
  'partnerInn' => '102002255699',
  'page' => '1',
)
#0: KPLab\API\V2\Controller\Partners->getSellersAction
	
#1: ReflectionMethod->invokeArgs
	/home/bitrix/www/bitrix/modules/main/lib/engine/autowire/binder.php:207
#2: Bitrix\Main\Engine\AutoWire\Binder->invoke
	/home/bitrix/www/bitrix/modules/main/lib/engine/action.php:117
#3: Bitrix\Main\Engine\Action->runWithSourceParametersList
	/home/bitrix/www/bitrix/modules/main/lib/engine/controller.php:425
#4: Bitrix\Main\Engine\Controller->run
	/home/bitrix/www/bitrix/modules/main/lib/httpapplication.php:141
#5: Bitrix\Main\HttpApplication->runController
	/home/bitrix/www/bitrix/modules/main/include/routing_index.php:135
----------
Host: crm.sodeistvie.su:443
Date: 2025-01-09 11:43:36
Module: referralId
50966
#0: KPLab\API\V2\Controller\Partners->getSellersAction
	
#1: ReflectionMethod->invokeArgs
	/home/bitrix/www/bitrix/modules/main/lib/engine/autowire/binder.php:207
#2: Bitrix\Main\Engine\AutoWire\Binder->invoke
	/home/bitrix/www/bitrix/modules/main/lib/engine/action.php:117
#3: Bitrix\Main\Engine\Action->runWithSourceParametersList
	/home/bitrix/www/bitrix/modules/main/lib/engine/controller.php:425
#4: Bitrix\Main\Engine\Controller->run
	/home/bitrix/www/bitrix/modules/main/lib/httpapplication.php:141
#5: Bitrix\Main\HttpApplication->runController
	/home/bitrix/www/bitrix/modules/main/include/routing_index.php:135
----------
Host: crm.sodeistvie.su:443
Date: 2025-01-09 11:44:17
Module: queryArray
array (
  'partnerInn' => '102002255699',
  'page' => '1',
)
#0: KPLab\API\V2\Controller\Partners->getSellersAction
	
#1: ReflectionMethod->invokeArgs
	/home/bitrix/www/bitrix/modules/main/lib/engine/autowire/binder.php:207
#2: Bitrix\Main\Engine\AutoWire\Binder->invoke
	/home/bitrix/www/bitrix/modules/main/lib/engine/action.php:117
#3: Bitrix\Main\Engine\Action->runWithSourceParametersList
	/home/bitrix/www/bitrix/modules/main/lib/engine/controller.php:425
#4: Bitrix\Main\Engine\Controller->run
	/home/bitrix/www/bitrix/modules/main/lib/httpapplication.php:141
#5: Bitrix\Main\HttpApplication->runController
	/home/bitrix/www/bitrix/modules/main/include/routing_index.php:135
----------
Host: crm.sodeistvie.su:443
Date: 2025-01-09 11:44:17
Module: referralId
50966
#0: KPLab\API\V2\Controller\Partners->getSellersAction
	
#1: ReflectionMethod->invokeArgs
	/home/bitrix/www/bitrix/modules/main/lib/engine/autowire/binder.php:207
#2: Bitrix\Main\Engine\AutoWire\Binder->invoke
	/home/bitrix/www/bitrix/modules/main/lib/engine/action.php:117
#3: Bitrix\Main\Engine\Action->runWithSourceParametersList
	/home/bitrix/www/bitrix/modules/main/lib/engine/controller.php:425
#4: Bitrix\Main\Engine\Controller->run
	/home/bitrix/www/bitrix/modules/main/lib/httpapplication.php:141
#5: Bitrix\Main\HttpApplication->runController
	/home/bitrix/www/bitrix/modules/main/include/routing_index.php:135
----------
Host: crm.sodeistvie.su:443
Date: 2025-01-09 15:12:08
Module: queryArray
array (
  'partnerInn' => '9731038662',
  'page' => '1',
)
#0: KPLab\API\V2\Controller\Partners->getSellersAction
	
#1: ReflectionMethod->invokeArgs
	/home/bitrix/www/bitrix/modules/main/lib/engine/autowire/binder.php:207
#2: Bitrix\Main\Engine\AutoWire\Binder->invoke
	/home/bitrix/www/bitrix/modules/main/lib/engine/action.php:117
#3: Bitrix\Main\Engine\Action->runWithSourceParametersList
	/home/bitrix/www/bitrix/modules/main/lib/engine/controller.php:425
#4: Bitrix\Main\Engine\Controller->run
	/home/bitrix/www/bitrix/modules/main/lib/httpapplication.php:141
#5: Bitrix\Main\HttpApplication->runController
	/home/bitrix/www/bitrix/modules/main/include/routing_index.php:135
----------
Host: crm.sodeistvie.su:443
Date: 2025-01-09 15:12:09
Module: referralId
45271
#0: KPLab\API\V2\Controller\Partners->getSellersAction
	
#1: ReflectionMethod->invokeArgs
	/home/bitrix/www/bitrix/modules/main/lib/engine/autowire/binder.php:207
#2: Bitrix\Main\Engine\AutoWire\Binder->invoke
	/home/bitrix/www/bitrix/modules/main/lib/engine/action.php:117
#3: Bitrix\Main\Engine\Action->runWithSourceParametersList
	/home/bitrix/www/bitrix/modules/main/lib/engine/controller.php:425
#4: Bitrix\Main\Engine\Controller->run
	/home/bitrix/www/bitrix/modules/main/lib/httpapplication.php:141
#5: Bitrix\Main\HttpApplication->runController
	/home/bitrix/www/bitrix/modules/main/include/routing_index.php:135
----------
Host: crm.sodeistvie.su:443
Date: 2025-01-09 15:12:15
Module: queryArray
array (
  'partnerInn' => '9731038662',
  'page' => '51',
  'status' => 'all',
)
#0: KPLab\API\V2\Controller\Partners->getSellersAction
	
#1: ReflectionMethod->invokeArgs
	/home/bitrix/www/bitrix/modules/main/lib/engine/autowire/binder.php:207
#2: Bitrix\Main\Engine\AutoWire\Binder->invoke
	/home/bitrix/www/bitrix/modules/main/lib/engine/action.php:117
#3: Bitrix\Main\Engine\Action->runWithSourceParametersList
	/home/bitrix/www/bitrix/modules/main/lib/engine/controller.php:425
#4: Bitrix\Main\Engine\Controller->run
	/home/bitrix/www/bitrix/modules/main/lib/httpapplication.php:141
#5: Bitrix\Main\HttpApplication->runController
	/home/bitrix/www/bitrix/modules/main/include/routing_index.php:135
----------
Host: crm.sodeistvie.su:443
Date: 2025-01-09 15:12:16
Module: referralId
45271
#0: KPLab\API\V2\Controller\Partners->getSellersAction
	
#1: ReflectionMethod->invokeArgs
	/home/bitrix/www/bitrix/modules/main/lib/engine/autowire/binder.php:207
#2: Bitrix\Main\Engine\AutoWire\Binder->invoke
	/home/bitrix/www/bitrix/modules/main/lib/engine/action.php:117
#3: Bitrix\Main\Engine\Action->runWithSourceParametersList
	/home/bitrix/www/bitrix/modules/main/lib/engine/controller.php:425
#4: Bitrix\Main\Engine\Controller->run
	/home/bitrix/www/bitrix/modules/main/lib/httpapplication.php:141
#5: Bitrix\Main\HttpApplication->runController
	/home/bitrix/www/bitrix/modules/main/include/routing_index.php:135
----------
Host: crm.sodeistvie.su:443
Date: 2025-01-09 15:12:28
Module: queryArray
array (
  'partnerInn' => '9731038662',
  'page' => '1',
  'status' => 'in_processed',
)
#0: KPLab\API\V2\Controller\Partners->getSellersAction
	
#1: ReflectionMethod->invokeArgs
	/home/bitrix/www/bitrix/modules/main/lib/engine/autowire/binder.php:207
#2: Bitrix\Main\Engine\AutoWire\Binder->invoke
	/home/bitrix/www/bitrix/modules/main/lib/engine/action.php:117
#3: Bitrix\Main\Engine\Action->runWithSourceParametersList
	/home/bitrix/www/bitrix/modules/main/lib/engine/controller.php:425
#4: Bitrix\Main\Engine\Controller->run
	/home/bitrix/www/bitrix/modules/main/lib/httpapplication.php:141
#5: Bitrix\Main\HttpApplication->runController
	/home/bitrix/www/bitrix/modules/main/include/routing_index.php:135
----------
Host: crm.sodeistvie.su:443
Date: 2025-01-09 15:12:28
Module: referralId
45271
#0: KPLab\API\V2\Controller\Partners->getSellersAction
	
#1: ReflectionMethod->invokeArgs
	/home/bitrix/www/bitrix/modules/main/lib/engine/autowire/binder.php:207
#2: Bitrix\Main\Engine\AutoWire\Binder->invoke
	/home/bitrix/www/bitrix/modules/main/lib/engine/action.php:117
#3: Bitrix\Main\Engine\Action->runWithSourceParametersList
	/home/bitrix/www/bitrix/modules/main/lib/engine/controller.php:425
#4: Bitrix\Main\Engine\Controller->run
	/home/bitrix/www/bitrix/modules/main/lib/httpapplication.php:141
#5: Bitrix\Main\HttpApplication->runController
	/home/bitrix/www/bitrix/modules/main/include/routing_index.php:135
----------
Host: crm.sodeistvie.su:443
Date: 2025-01-09 15:12:28
Module: arFilter
array (
  '::LOGIC' => 'AND',
  'IBLOCK_ID' => 167,
  '=PROPERTY_REFERRAL_ID' => 45271,
  'PROPERTY_STATUS_VALUE' => 'В обработке',
  '>=PROPERTY_DATE_LEAD' => '2000-01-01T00:00:00',
  '<=PROPERTY_DATE_LEAD' => '2025-01-09T23:59:59',
)
#0: KPLab\API\V2\Controller\Partners->getSellersAction
	
#1: ReflectionMethod->invokeArgs
	/home/bitrix/www/bitrix/modules/main/lib/engine/autowire/binder.php:207
#2: Bitrix\Main\Engine\AutoWire\Binder->invoke
	/home/bitrix/www/bitrix/modules/main/lib/engine/action.php:117
#3: Bitrix\Main\Engine\Action->runWithSourceParametersList
	/home/bitrix/www/bitrix/modules/main/lib/engine/controller.php:425
#4: Bitrix\Main\Engine\Controller->run
	/home/bitrix/www/bitrix/modules/main/lib/httpapplication.php:141
#5: Bitrix\Main\HttpApplication->runController
	/home/bitrix/www/bitrix/modules/main/include/routing_index.php:135
----------
Host: crm.sodeistvie.su:443
Date: 2025-01-09 15:12:28
Module: queryArray
array (
  'partnerInn' => '9731038662',
  'page' => '51',
  'status' => 'in_processed',
)
#0: KPLab\API\V2\Controller\Partners->getSellersAction
	
#1: ReflectionMethod->invokeArgs
	/home/bitrix/www/bitrix/modules/main/lib/engine/autowire/binder.php:207
#2: Bitrix\Main\Engine\AutoWire\Binder->invoke
	/home/bitrix/www/bitrix/modules/main/lib/engine/action.php:117
#3: Bitrix\Main\Engine\Action->runWithSourceParametersList
	/home/bitrix/www/bitrix/modules/main/lib/engine/controller.php:425
#4: Bitrix\Main\Engine\Controller->run
	/home/bitrix/www/bitrix/modules/main/lib/httpapplication.php:141
#5: Bitrix\Main\HttpApplication->runController
	/home/bitrix/www/bitrix/modules/main/include/routing_index.php:135
----------
Host: crm.sodeistvie.su:443
Date: 2025-01-09 15:12:29
Module: referralId
45271
#0: KPLab\API\V2\Controller\Partners->getSellersAction
	
#1: ReflectionMethod->invokeArgs
	/home/bitrix/www/bitrix/modules/main/lib/engine/autowire/binder.php:207
#2: Bitrix\Main\Engine\AutoWire\Binder->invoke
	/home/bitrix/www/bitrix/modules/main/lib/engine/action.php:117
#3: Bitrix\Main\Engine\Action->runWithSourceParametersList
	/home/bitrix/www/bitrix/modules/main/lib/engine/controller.php:425
#4: Bitrix\Main\Engine\Controller->run
	/home/bitrix/www/bitrix/modules/main/lib/httpapplication.php:141
#5: Bitrix\Main\HttpApplication->runController
	/home/bitrix/www/bitrix/modules/main/include/routing_index.php:135
----------
Host: crm.sodeistvie.su:443
Date: 2025-01-09 15:12:29
Module: arFilter
array (
  '::LOGIC' => 'AND',
  'IBLOCK_ID' => 167,
  '=PROPERTY_REFERRAL_ID' => 45271,
  'PROPERTY_STATUS_VALUE' => 'В обработке',
  '>=PROPERTY_DATE_LEAD' => '2000-01-01T00:00:00',
  '<=PROPERTY_DATE_LEAD' => '2025-01-09T23:59:59',
)
#0: KPLab\API\V2\Controller\Partners->getSellersAction
	
#1: ReflectionMethod->invokeArgs
	/home/bitrix/www/bitrix/modules/main/lib/engine/autowire/binder.php:207
#2: Bitrix\Main\Engine\AutoWire\Binder->invoke
	/home/bitrix/www/bitrix/modules/main/lib/engine/action.php:117
#3: Bitrix\Main\Engine\Action->runWithSourceParametersList
	/home/bitrix/www/bitrix/modules/main/lib/engine/controller.php:425
#4: Bitrix\Main\Engine\Controller->run
	/home/bitrix/www/bitrix/modules/main/lib/httpapplication.php:141
#5: Bitrix\Main\HttpApplication->runController
	/home/bitrix/www/bitrix/modules/main/include/routing_index.php:135
----------
Host: crm.sodeistvie.su:443
Date: 2025-01-09 15:13:15
Module: queryArray
array (
  'partnerInn' => '9731038662',
  'page' => '1',
  'status' => 'new',
)
#0: KPLab\API\V2\Controller\Partners->getSellersAction
	
#1: ReflectionMethod->invokeArgs
	/home/bitrix/www/bitrix/modules/main/lib/engine/autowire/binder.php:207
#2: Bitrix\Main\Engine\AutoWire\Binder->invoke
	/home/bitrix/www/bitrix/modules/main/lib/engine/action.php:117
#3: Bitrix\Main\Engine\Action->runWithSourceParametersList
	/home/bitrix/www/bitrix/modules/main/lib/engine/controller.php:425
#4: Bitrix\Main\Engine\Controller->run
	/home/bitrix/www/bitrix/modules/main/lib/httpapplication.php:141
#5: Bitrix\Main\HttpApplication->runController
	/home/bitrix/www/bitrix/modules/main/include/routing_index.php:135
----------
Host: crm.sodeistvie.su:443
Date: 2025-01-09 15:13:15
Module: referralId
45271
#0: KPLab\API\V2\Controller\Partners->getSellersAction
	
#1: ReflectionMethod->invokeArgs
	/home/bitrix/www/bitrix/modules/main/lib/engine/autowire/binder.php:207
#2: Bitrix\Main\Engine\AutoWire\Binder->invoke
	/home/bitrix/www/bitrix/modules/main/lib/engine/action.php:117
#3: Bitrix\Main\Engine\Action->runWithSourceParametersList
	/home/bitrix/www/bitrix/modules/main/lib/engine/controller.php:425
#4: Bitrix\Main\Engine\Controller->run
	/home/bitrix/www/bitrix/modules/main/lib/httpapplication.php:141
#5: Bitrix\Main\HttpApplication->runController
	/home/bitrix/www/bitrix/modules/main/include/routing_index.php:135
----------
Host: crm.sodeistvie.su:443
Date: 2025-01-09 15:13:15
Module: arFilter
array (
  '::LOGIC' => 'AND',
  'IBLOCK_ID' => 167,
  '=PROPERTY_REFERRAL_ID' => 45271,
  'PROPERTY_STATUS_VALUE' => 'Новый',
  '>=PROPERTY_DATE_LEAD' => '2000-01-01T00:00:00',
  '<=PROPERTY_DATE_LEAD' => '2025-01-09T23:59:59',
)
#0: KPLab\API\V2\Controller\Partners->getSellersAction
	
#1: ReflectionMethod->invokeArgs
	/home/bitrix/www/bitrix/modules/main/lib/engine/autowire/binder.php:207
#2: Bitrix\Main\Engine\AutoWire\Binder->invoke
	/home/bitrix/www/bitrix/modules/main/lib/engine/action.php:117
#3: Bitrix\Main\Engine\Action->runWithSourceParametersList
	/home/bitrix/www/bitrix/modules/main/lib/engine/controller.php:425
#4: Bitrix\Main\Engine\Controller->run
	/home/bitrix/www/bitrix/modules/main/lib/httpapplication.php:141
#5: Bitrix\Main\HttpApplication->runController
	/home/bitrix/www/bitrix/modules/main/include/routing_index.php:135
----------
Host: crm.sodeistvie.su:443
Date: 2025-01-09 15:14:40
Module: queryArray
array (
  'partnerInn' => '9731038662',
  'page' => '51',
  'status' => 'new',
)
#0: KPLab\API\V2\Controller\Partners->getSellersAction
	
#1: ReflectionMethod->invokeArgs
	/home/bitrix/www/bitrix/modules/main/lib/engine/autowire/binder.php:207
#2: Bitrix\Main\Engine\AutoWire\Binder->invoke
	/home/bitrix/www/bitrix/modules/main/lib/engine/action.php:117
#3: Bitrix\Main\Engine\Action->runWithSourceParametersList
	/home/bitrix/www/bitrix/modules/main/lib/engine/controller.php:425
#4: Bitrix\Main\Engine\Controller->run
	/home/bitrix/www/bitrix/modules/main/lib/httpapplication.php:141
#5: Bitrix\Main\HttpApplication->runController
	/home/bitrix/www/bitrix/modules/main/include/routing_index.php:135
----------
Host: crm.sodeistvie.su:443
Date: 2025-01-09 15:14:40
Module: referralId
45271
#0: KPLab\API\V2\Controller\Partners->getSellersAction
	
#1: ReflectionMethod->invokeArgs
	/home/bitrix/www/bitrix/modules/main/lib/engine/autowire/binder.php:207
#2: Bitrix\Main\Engine\AutoWire\Binder->invoke
	/home/bitrix/www/bitrix/modules/main/lib/engine/action.php:117
#3: Bitrix\Main\Engine\Action->runWithSourceParametersList
	/home/bitrix/www/bitrix/modules/main/lib/engine/controller.php:425
#4: Bitrix\Main\Engine\Controller->run
	/home/bitrix/www/bitrix/modules/main/lib/httpapplication.php:141
#5: Bitrix\Main\HttpApplication->runController
	/home/bitrix/www/bitrix/modules/main/include/routing_index.php:135
----------
Host: crm.sodeistvie.su:443
Date: 2025-01-09 15:14:40
Module: arFilter
array (
  '::LOGIC' => 'AND',
  'IBLOCK_ID' => 167,
  '=PROPERTY_REFERRAL_ID' => 45271,
  'PROPERTY_STATUS_VALUE' => 'Новый',
  '>=PROPERTY_DATE_LEAD' => '2000-01-01T00:00:00',
  '<=PROPERTY_DATE_LEAD' => '2025-01-09T23:59:59',
)
#0: KPLab\API\V2\Controller\Partners->getSellersAction
	
#1: ReflectionMethod->invokeArgs
	/home/bitrix/www/bitrix/modules/main/lib/engine/autowire/binder.php:207
#2: Bitrix\Main\Engine\AutoWire\Binder->invoke
	/home/bitrix/www/bitrix/modules/main/lib/engine/action.php:117
#3: Bitrix\Main\Engine\Action->runWithSourceParametersList
	/home/bitrix/www/bitrix/modules/main/lib/engine/controller.php:425
#4: Bitrix\Main\Engine\Controller->run
	/home/bitrix/www/bitrix/modules/main/lib/httpapplication.php:141
#5: Bitrix\Main\HttpApplication->runController
	/home/bitrix/www/bitrix/modules/main/include/routing_index.php:135
----------
Host: crm.sodeistvie.su:443
Date: 2025-01-09 15:14:40
Module: queryArray
array (
  'partnerInn' => '9731038662',
  'page' => '1',
  'status' => 'all',
)
#0: KPLab\API\V2\Controller\Partners->getSellersAction
	
#1: ReflectionMethod->invokeArgs
	/home/bitrix/www/bitrix/modules/main/lib/engine/autowire/binder.php:207
#2: Bitrix\Main\Engine\AutoWire\Binder->invoke
	/home/bitrix/www/bitrix/modules/main/lib/engine/action.php:117
#3: Bitrix\Main\Engine\Action->runWithSourceParametersList
	/home/bitrix/www/bitrix/modules/main/lib/engine/controller.php:425
#4: Bitrix\Main\Engine\Controller->run
	/home/bitrix/www/bitrix/modules/main/lib/httpapplication.php:141
#5: Bitrix\Main\HttpApplication->runController
	/home/bitrix/www/bitrix/modules/main/include/routing_index.php:135
----------
Host: crm.sodeistvie.su:443
Date: 2025-01-09 15:14:41
Module: referralId
45271
#0: KPLab\API\V2\Controller\Partners->getSellersAction
	
#1: ReflectionMethod->invokeArgs
	/home/bitrix/www/bitrix/modules/main/lib/engine/autowire/binder.php:207
#2: Bitrix\Main\Engine\AutoWire\Binder->invoke
	/home/bitrix/www/bitrix/modules/main/lib/engine/action.php:117
#3: Bitrix\Main\Engine\Action->runWithSourceParametersList
	/home/bitrix/www/bitrix/modules/main/lib/engine/controller.php:425
#4: Bitrix\Main\Engine\Controller->run
	/home/bitrix/www/bitrix/modules/main/lib/httpapplication.php:141
#5: Bitrix\Main\HttpApplication->runController
	/home/bitrix/www/bitrix/modules/main/include/routing_index.php:135
----------
Host: crm.sodeistvie.su:443
Date: 2025-01-09 15:14:45
Module: queryArray
array (
  'partnerInn' => '9731038662',
  'page' => '51',
  'status' => 'all',
)
#0: KPLab\API\V2\Controller\Partners->getSellersAction
	
#1: ReflectionMethod->invokeArgs
	/home/bitrix/www/bitrix/modules/main/lib/engine/autowire/binder.php:207
#2: Bitrix\Main\Engine\AutoWire\Binder->invoke
	/home/bitrix/www/bitrix/modules/main/lib/engine/action.php:117
#3: Bitrix\Main\Engine\Action->runWithSourceParametersList
	/home/bitrix/www/bitrix/modules/main/lib/engine/controller.php:425
#4: Bitrix\Main\Engine\Controller->run
	/home/bitrix/www/bitrix/modules/main/lib/httpapplication.php:141
#5: Bitrix\Main\HttpApplication->runController
	/home/bitrix/www/bitrix/modules/main/include/routing_index.php:135
----------
Host: crm.sodeistvie.su:443
Date: 2025-01-09 15:14:45
Module: referralId
45271
#0: KPLab\API\V2\Controller\Partners->getSellersAction
	
#1: ReflectionMethod->invokeArgs
	/home/bitrix/www/bitrix/modules/main/lib/engine/autowire/binder.php:207
#2: Bitrix\Main\Engine\AutoWire\Binder->invoke
	/home/bitrix/www/bitrix/modules/main/lib/engine/action.php:117
#3: Bitrix\Main\Engine\Action->runWithSourceParametersList
	/home/bitrix/www/bitrix/modules/main/lib/engine/controller.php:425
#4: Bitrix\Main\Engine\Controller->run
	/home/bitrix/www/bitrix/modules/main/lib/httpapplication.php:141
#5: Bitrix\Main\HttpApplication->runController
	/home/bitrix/www/bitrix/modules/main/include/routing_index.php:135
----------
Host: crm.sodeistvie.su:443
Date: 2025-01-09 16:19:07
Module: queryArray
array (
  'partnerInn' => '432402831383',
  'page' => '1',
)
#0: KPLab\API\V2\Controller\Partners->getSellersAction
	
#1: ReflectionMethod->invokeArgs
	/home/bitrix/www/bitrix/modules/main/lib/engine/autowire/binder.php:207
#2: Bitrix\Main\Engine\AutoWire\Binder->invoke
	/home/bitrix/www/bitrix/modules/main/lib/engine/action.php:117
#3: Bitrix\Main\Engine\Action->runWithSourceParametersList
	/home/bitrix/www/bitrix/modules/main/lib/engine/controller.php:425
#4: Bitrix\Main\Engine\Controller->run
	/home/bitrix/www/bitrix/modules/main/lib/httpapplication.php:141
#5: Bitrix\Main\HttpApplication->runController
	/home/bitrix/www/bitrix/modules/main/include/routing_index.php:135
----------
Host: crm.sodeistvie.su:443
Date: 2025-01-09 16:19:07
Module: referralId
38569
#0: KPLab\API\V2\Controller\Partners->getSellersAction
	
#1: ReflectionMethod->invokeArgs
	/home/bitrix/www/bitrix/modules/main/lib/engine/autowire/binder.php:207
#2: Bitrix\Main\Engine\AutoWire\Binder->invoke
	/home/bitrix/www/bitrix/modules/main/lib/engine/action.php:117
#3: Bitrix\Main\Engine\Action->runWithSourceParametersList
	/home/bitrix/www/bitrix/modules/main/lib/engine/controller.php:425
#4: Bitrix\Main\Engine\Controller->run
	/home/bitrix/www/bitrix/modules/main/lib/httpapplication.php:141
#5: Bitrix\Main\HttpApplication->runController
	/home/bitrix/www/bitrix/modules/main/include/routing_index.php:135
----------
Host: crm.sodeistvie.su:443
Date: 2025-01-09 16:19:07
Module: queryArray
array (
  'partnerInn' => '432402831383',
  'page' => '51',
  'status' => 'all',
)
#0: KPLab\API\V2\Controller\Partners->getSellersAction
	
#1: ReflectionMethod->invokeArgs
	/home/bitrix/www/bitrix/modules/main/lib/engine/autowire/binder.php:207
#2: Bitrix\Main\Engine\AutoWire\Binder->invoke
	/home/bitrix/www/bitrix/modules/main/lib/engine/action.php:117
#3: Bitrix\Main\Engine\Action->runWithSourceParametersList
	/home/bitrix/www/bitrix/modules/main/lib/engine/controller.php:425
#4: Bitrix\Main\Engine\Controller->run
	/home/bitrix/www/bitrix/modules/main/lib/httpapplication.php:141
#5: Bitrix\Main\HttpApplication->runController
	/home/bitrix/www/bitrix/modules/main/include/routing_index.php:135
----------
Host: crm.sodeistvie.su:443
Date: 2025-01-09 16:19:08
Module: referralId
38569
#0: KPLab\API\V2\Controller\Partners->getSellersAction
	
#1: ReflectionMethod->invokeArgs
	/home/bitrix/www/bitrix/modules/main/lib/engine/autowire/binder.php:207
#2: Bitrix\Main\Engine\AutoWire\Binder->invoke
	/home/bitrix/www/bitrix/modules/main/lib/engine/action.php:117
#3: Bitrix\Main\Engine\Action->runWithSourceParametersList
	/home/bitrix/www/bitrix/modules/main/lib/engine/controller.php:425
#4: Bitrix\Main\Engine\Controller->run
	/home/bitrix/www/bitrix/modules/main/lib/httpapplication.php:141
#5: Bitrix\Main\HttpApplication->runController
	/home/bitrix/www/bitrix/modules/main/include/routing_index.php:135
----------
Host: crm.sodeistvie.su:443
Date: 2025-01-09 16:19:24
Module: queryArray
array (
  'partnerInn' => '432402831383',
  'page' => '1',
)
#0: KPLab\API\V2\Controller\Partners->getSellersAction
	
#1: ReflectionMethod->invokeArgs
	/home/bitrix/www/bitrix/modules/main/lib/engine/autowire/binder.php:207
#2: Bitrix\Main\Engine\AutoWire\Binder->invoke
	/home/bitrix/www/bitrix/modules/main/lib/engine/action.php:117
#3: Bitrix\Main\Engine\Action->runWithSourceParametersList
	/home/bitrix/www/bitrix/modules/main/lib/engine/controller.php:425
#4: Bitrix\Main\Engine\Controller->run
	/home/bitrix/www/bitrix/modules/main/lib/httpapplication.php:141
#5: Bitrix\Main\HttpApplication->runController
	/home/bitrix/www/bitrix/modules/main/include/routing_index.php:135
----------
Host: crm.sodeistvie.su:443
Date: 2025-01-09 16:19:25
Module: referralId
38569
#0: KPLab\API\V2\Controller\Partners->getSellersAction
	
#1: ReflectionMethod->invokeArgs
	/home/bitrix/www/bitrix/modules/main/lib/engine/autowire/binder.php:207
#2: Bitrix\Main\Engine\AutoWire\Binder->invoke
	/home/bitrix/www/bitrix/modules/main/lib/engine/action.php:117
#3: Bitrix\Main\Engine\Action->runWithSourceParametersList
	/home/bitrix/www/bitrix/modules/main/lib/engine/controller.php:425
#4: Bitrix\Main\Engine\Controller->run
	/home/bitrix/www/bitrix/modules/main/lib/httpapplication.php:141
#5: Bitrix\Main\HttpApplication->runController
	/home/bitrix/www/bitrix/modules/main/include/routing_index.php:135
----------
Host: crm.sodeistvie.su:443
Date: 2025-01-09 16:34:02
Module: queryArray
array (
  'partnerInn' => '432402831383',
  'page' => '1',
)
#0: KPLab\API\V2\Controller\Partners->getSellersAction
	
#1: ReflectionMethod->invokeArgs
	/home/bitrix/www/bitrix/modules/main/lib/engine/autowire/binder.php:207
#2: Bitrix\Main\Engine\AutoWire\Binder->invoke
	/home/bitrix/www/bitrix/modules/main/lib/engine/action.php:117
#3: Bitrix\Main\Engine\Action->runWithSourceParametersList
	/home/bitrix/www/bitrix/modules/main/lib/engine/controller.php:425
#4: Bitrix\Main\Engine\Controller->run
	/home/bitrix/www/bitrix/modules/main/lib/httpapplication.php:141
#5: Bitrix\Main\HttpApplication->runController
	/home/bitrix/www/bitrix/modules/main/include/routing_index.php:135
----------
Host: crm.sodeistvie.su:443
Date: 2025-01-09 16:34:02
Module: referralId
38569
#0: KPLab\API\V2\Controller\Partners->getSellersAction
	
#1: ReflectionMethod->invokeArgs
	/home/bitrix/www/bitrix/modules/main/lib/engine/autowire/binder.php:207
#2: Bitrix\Main\Engine\AutoWire\Binder->invoke
	/home/bitrix/www/bitrix/modules/main/lib/engine/action.php:117
#3: Bitrix\Main\Engine\Action->runWithSourceParametersList
	/home/bitrix/www/bitrix/modules/main/lib/engine/controller.php:425
#4: Bitrix\Main\Engine\Controller->run
	/home/bitrix/www/bitrix/modules/main/lib/httpapplication.php:141
#5: Bitrix\Main\HttpApplication->runController
	/home/bitrix/www/bitrix/modules/main/include/routing_index.php:135
----------
Host: crm.sodeistvie.su:443
Date: 2025-01-09 16:36:11
Module: queryArray
array (
  'partnerInn' => '027413340195',
  'page' => '1',
)
#0: KPLab\API\V2\Controller\Partners->getSellersAction
	
#1: ReflectionMethod->invokeArgs
	/home/bitrix/www/bitrix/modules/main/lib/engine/autowire/binder.php:207
#2: Bitrix\Main\Engine\AutoWire\Binder->invoke
	/home/bitrix/www/bitrix/modules/main/lib/engine/action.php:117
#3: Bitrix\Main\Engine\Action->runWithSourceParametersList
	/home/bitrix/www/bitrix/modules/main/lib/engine/controller.php:425
#4: Bitrix\Main\Engine\Controller->run
	/home/bitrix/www/bitrix/modules/main/lib/httpapplication.php:141
#5: Bitrix\Main\HttpApplication->runController
	/home/bitrix/www/bitrix/modules/main/include/routing_index.php:135
----------
Host: crm.sodeistvie.su:443
Date: 2025-01-09 16:36:12
Module: referralId
43819
#0: KPLab\API\V2\Controller\Partners->getSellersAction
	
#1: ReflectionMethod->invokeArgs
	/home/bitrix/www/bitrix/modules/main/lib/engine/autowire/binder.php:207
#2: Bitrix\Main\Engine\AutoWire\Binder->invoke
	/home/bitrix/www/bitrix/modules/main/lib/engine/action.php:117
#3: Bitrix\Main\Engine\Action->runWithSourceParametersList
	/home/bitrix/www/bitrix/modules/main/lib/engine/controller.php:425
#4: Bitrix\Main\Engine\Controller->run
	/home/bitrix/www/bitrix/modules/main/lib/httpapplication.php:141
#5: Bitrix\Main\HttpApplication->runController
	/home/bitrix/www/bitrix/modules/main/include/routing_index.php:135
----------
Host: crm.sodeistvie.su:443
Date: 2025-01-09 17:05:56
Module: queryArray
array (
  'partnerInn' => '7721546864',
  'page' => '1',
)
#0: KPLab\API\V2\Controller\Partners->getSellersAction
	
#1: ReflectionMethod->invokeArgs
	/home/bitrix/www/bitrix/modules/main/lib/engine/autowire/binder.php:207
#2: Bitrix\Main\Engine\AutoWire\Binder->invoke
	/home/bitrix/www/bitrix/modules/main/lib/engine/action.php:117
#3: Bitrix\Main\Engine\Action->runWithSourceParametersList
	/home/bitrix/www/bitrix/modules/main/lib/engine/controller.php:425
#4: Bitrix\Main\Engine\Controller->run
	/home/bitrix/www/bitrix/modules/main/lib/httpapplication.php:141
#5: Bitrix\Main\HttpApplication->runController
	/home/bitrix/www/bitrix/modules/main/include/routing_index.php:135
----------
Host: crm.sodeistvie.su:443
Date: 2025-01-09 17:05:57
Module: referralId
32813
#0: KPLab\API\V2\Controller\Partners->getSellersAction
	
#1: ReflectionMethod->invokeArgs
	/home/bitrix/www/bitrix/modules/main/lib/engine/autowire/binder.php:207
#2: Bitrix\Main\Engine\AutoWire\Binder->invoke
	/home/bitrix/www/bitrix/modules/main/lib/engine/action.php:117
#3: Bitrix\Main\Engine\Action->runWithSourceParametersList
	/home/bitrix/www/bitrix/modules/main/lib/engine/controller.php:425
#4: Bitrix\Main\Engine\Controller->run
	/home/bitrix/www/bitrix/modules/main/lib/httpapplication.php:141
#5: Bitrix\Main\HttpApplication->runController
	/home/bitrix/www/bitrix/modules/main/include/routing_index.php:135
----------
Host: crm.sodeistvie.su:443
Date: 2025-01-09 17:33:27
Module: queryArray
array (
  'partnerInn' => '027413340195',
  'page' => '1',
)
#0: KPLab\API\V2\Controller\Partners->getSellersAction
	
#1: ReflectionMethod->invokeArgs
	/home/bitrix/www/bitrix/modules/main/lib/engine/autowire/binder.php:207
#2: Bitrix\Main\Engine\AutoWire\Binder->invoke
	/home/bitrix/www/bitrix/modules/main/lib/engine/action.php:117
#3: Bitrix\Main\Engine\Action->runWithSourceParametersList
	/home/bitrix/www/bitrix/modules/main/lib/engine/controller.php:425
#4: Bitrix\Main\Engine\Controller->run
	/home/bitrix/www/bitrix/modules/main/lib/httpapplication.php:141
#5: Bitrix\Main\HttpApplication->runController
	/home/bitrix/www/bitrix/modules/main/include/routing_index.php:135
----------
Host: crm.sodeistvie.su:443
Date: 2025-01-09 17:33:28
Module: referralId
43819
#0: KPLab\API\V2\Controller\Partners->getSellersAction
	
#1: ReflectionMethod->invokeArgs
	/home/bitrix/www/bitrix/modules/main/lib/engine/autowire/binder.php:207
#2: Bitrix\Main\Engine\AutoWire\Binder->invoke
	/home/bitrix/www/bitrix/modules/main/lib/engine/action.php:117
#3: Bitrix\Main\Engine\Action->runWithSourceParametersList
	/home/bitrix/www/bitrix/modules/main/lib/engine/controller.php:425
#4: Bitrix\Main\Engine\Controller->run
	/home/bitrix/www/bitrix/modules/main/lib/httpapplication.php:141
#5: Bitrix\Main\HttpApplication->runController
	/home/bitrix/www/bitrix/modules/main/include/routing_index.php:135
----------
Host: crm.sodeistvie.su:443
Date: 2025-01-09 17:34:35
Module: queryArray
array (
  'partnerInn' => '027413340195',
  'page' => '1',
)
#0: KPLab\API\V2\Controller\Partners->getSellersAction
	
#1: ReflectionMethod->invokeArgs
	/home/bitrix/www/bitrix/modules/main/lib/engine/autowire/binder.php:207
#2: Bitrix\Main\Engine\AutoWire\Binder->invoke
	/home/bitrix/www/bitrix/modules/main/lib/engine/action.php:117
#3: Bitrix\Main\Engine\Action->runWithSourceParametersList
	/home/bitrix/www/bitrix/modules/main/lib/engine/controller.php:425
#4: Bitrix\Main\Engine\Controller->run
	/home/bitrix/www/bitrix/modules/main/lib/httpapplication.php:141
#5: Bitrix\Main\HttpApplication->runController
	/home/bitrix/www/bitrix/modules/main/include/routing_index.php:135
----------
Host: crm.sodeistvie.su:443
Date: 2025-01-09 17:34:36
Module: referralId
43819
#0: KPLab\API\V2\Controller\Partners->getSellersAction
	
#1: ReflectionMethod->invokeArgs
	/home/bitrix/www/bitrix/modules/main/lib/engine/autowire/binder.php:207
#2: Bitrix\Main\Engine\AutoWire\Binder->invoke
	/home/bitrix/www/bitrix/modules/main/lib/engine/action.php:117
#3: Bitrix\Main\Engine\Action->runWithSourceParametersList
	/home/bitrix/www/bitrix/modules/main/lib/engine/controller.php:425
#4: Bitrix\Main\Engine\Controller->run
	/home/bitrix/www/bitrix/modules/main/lib/httpapplication.php:141
#5: Bitrix\Main\HttpApplication->runController
	/home/bitrix/www/bitrix/modules/main/include/routing_index.php:135
----------
Host: crm.sodeistvie.su:443
Date: 2025-01-09 20:17:38
Module: queryArray
array (
  'partnerInn' => '772173434667',
  'page' => '1',
)
#0: KPLab\API\V2\Controller\Partners->getSellersAction
	
#1: ReflectionMethod->invokeArgs
	/home/bitrix/www/bitrix/modules/main/lib/engine/autowire/binder.php:207
#2: Bitrix\Main\Engine\AutoWire\Binder->invoke
	/home/bitrix/www/bitrix/modules/main/lib/engine/action.php:117
#3: Bitrix\Main\Engine\Action->runWithSourceParametersList
	/home/bitrix/www/bitrix/modules/main/lib/engine/controller.php:425
#4: Bitrix\Main\Engine\Controller->run
	/home/bitrix/www/bitrix/modules/main/lib/httpapplication.php:141
#5: Bitrix\Main\HttpApplication->runController
	/home/bitrix/www/bitrix/modules/main/include/routing_index.php:135
----------
Host: crm.sodeistvie.su:443
Date: 2025-01-09 20:17:38
Module: referralId
49950
#0: KPLab\API\V2\Controller\Partners->getSellersAction
	
#1: ReflectionMethod->invokeArgs
	/home/bitrix/www/bitrix/modules/main/lib/engine/autowire/binder.php:207
#2: Bitrix\Main\Engine\AutoWire\Binder->invoke
	/home/bitrix/www/bitrix/modules/main/lib/engine/action.php:117
#3: Bitrix\Main\Engine\Action->runWithSourceParametersList
	/home/bitrix/www/bitrix/modules/main/lib/engine/controller.php:425
#4: Bitrix\Main\Engine\Controller->run
	/home/bitrix/www/bitrix/modules/main/lib/httpapplication.php:141
#5: Bitrix\Main\HttpApplication->runController
	/home/bitrix/www/bitrix/modules/main/include/routing_index.php:135
----------
Host: crm.sodeistvie.su:443
Date: 2025-01-09 20:17:40
Module: queryArray
array (
  'partnerInn' => '772173434667',
  'page' => '51',
  'status' => 'all',
)
#0: KPLab\API\V2\Controller\Partners->getSellersAction
	
#1: ReflectionMethod->invokeArgs
	/home/bitrix/www/bitrix/modules/main/lib/engine/autowire/binder.php:207
#2: Bitrix\Main\Engine\AutoWire\Binder->invoke
	/home/bitrix/www/bitrix/modules/main/lib/engine/action.php:117
#3: Bitrix\Main\Engine\Action->runWithSourceParametersList
	/home/bitrix/www/bitrix/modules/main/lib/engine/controller.php:425
#4: Bitrix\Main\Engine\Controller->run
	/home/bitrix/www/bitrix/modules/main/lib/httpapplication.php:141
#5: Bitrix\Main\HttpApplication->runController
	/home/bitrix/www/bitrix/modules/main/include/routing_index.php:135
----------
Host: crm.sodeistvie.su:443
Date: 2025-01-09 20:17:41
Module: referralId
49950
#0: KPLab\API\V2\Controller\Partners->getSellersAction
	
#1: ReflectionMethod->invokeArgs
	/home/bitrix/www/bitrix/modules/main/lib/engine/autowire/binder.php:207
#2: Bitrix\Main\Engine\AutoWire\Binder->invoke
	/home/bitrix/www/bitrix/modules/main/lib/engine/action.php:117
#3: Bitrix\Main\Engine\Action->runWithSourceParametersList
	/home/bitrix/www/bitrix/modules/main/lib/engine/controller.php:425
#4: Bitrix\Main\Engine\Controller->run
	/home/bitrix/www/bitrix/modules/main/lib/httpapplication.php:141
#5: Bitrix\Main\HttpApplication->runController
	/home/bitrix/www/bitrix/modules/main/include/routing_index.php:135
----------
Host: crm.sodeistvie.su:443
Date: 2025-01-10 00:27:08
Module: queryArray
array (
  'partnerInn' => '402717370338',
  'page' => '1',
)
#0: KPLab\API\V2\Controller\Partners->getSellersAction
	
#1: ReflectionMethod->invokeArgs
	/home/bitrix/www/bitrix/modules/main/lib/engine/autowire/binder.php:207
#2: Bitrix\Main\Engine\AutoWire\Binder->invoke
	/home/bitrix/www/bitrix/modules/main/lib/engine/action.php:117
#3: Bitrix\Main\Engine\Action->runWithSourceParametersList
	/home/bitrix/www/bitrix/modules/main/lib/engine/controller.php:425
#4: Bitrix\Main\Engine\Controller->run
	/home/bitrix/www/bitrix/modules/main/lib/httpapplication.php:141
#5: Bitrix\Main\HttpApplication->runController
	/home/bitrix/www/bitrix/modules/main/include/routing_index.php:135
----------
Host: crm.sodeistvie.su:443
Date: 2025-01-10 00:27:08
Module: referralId
46670
#0: KPLab\API\V2\Controller\Partners->getSellersAction
	
#1: ReflectionMethod->invokeArgs
	/home/bitrix/www/bitrix/modules/main/lib/engine/autowire/binder.php:207
#2: Bitrix\Main\Engine\AutoWire\Binder->invoke
	/home/bitrix/www/bitrix/modules/main/lib/engine/action.php:117
#3: Bitrix\Main\Engine\Action->runWithSourceParametersList
	/home/bitrix/www/bitrix/modules/main/lib/engine/controller.php:425
#4: Bitrix\Main\Engine\Controller->run
	/home/bitrix/www/bitrix/modules/main/lib/httpapplication.php:141
#5: Bitrix\Main\HttpApplication->runController
	/home/bitrix/www/bitrix/modules/main/include/routing_index.php:135
----------
Host: crm.sodeistvie.su:443
Date: 2025-01-10 17:06:40
Module: queryArray
array (
  'partnerInn' => '504906132134',
  'page' => '1',
)
#0: KPLab\API\V2\Controller\Partners->getSellersAction
	
#1: ReflectionMethod->invokeArgs
	/home/bitrix/www/bitrix/modules/main/lib/engine/autowire/binder.php:207
#2: Bitrix\Main\Engine\AutoWire\Binder->invoke
	/home/bitrix/www/bitrix/modules/main/lib/engine/action.php:117
#3: Bitrix\Main\Engine\Action->runWithSourceParametersList
	/home/bitrix/www/bitrix/modules/main/lib/engine/controller.php:425
#4: Bitrix\Main\Engine\Controller->run
	/home/bitrix/www/bitrix/modules/main/lib/httpapplication.php:141
#5: Bitrix\Main\HttpApplication->runController
	/home/bitrix/www/bitrix/modules/main/include/routing_index.php:135
----------
Host: crm.sodeistvie.su:443
Date: 2025-01-10 17:06:40
Module: referralId
53190
#0: KPLab\API\V2\Controller\Partners->getSellersAction
	
#1: ReflectionMethod->invokeArgs
	/home/bitrix/www/bitrix/modules/main/lib/engine/autowire/binder.php:207
#2: Bitrix\Main\Engine\AutoWire\Binder->invoke
	/home/bitrix/www/bitrix/modules/main/lib/engine/action.php:117
#3: Bitrix\Main\Engine\Action->runWithSourceParametersList
	/home/bitrix/www/bitrix/modules/main/lib/engine/controller.php:425
#4: Bitrix\Main\Engine\Controller->run
	/home/bitrix/www/bitrix/modules/main/lib/httpapplication.php:141
#5: Bitrix\Main\HttpApplication->runController
	/home/bitrix/www/bitrix/modules/main/include/routing_index.php:135
----------
Host: crm.sodeistvie.su:443
Date: 2025-01-10 17:30:10
Module: queryArray
array (
  'partnerInn' => '504906132134',
  'page' => '1',
)
#0: KPLab\API\V2\Controller\Partners->getSellersAction
	
#1: ReflectionMethod->invokeArgs
	/home/bitrix/www/bitrix/modules/main/lib/engine/autowire/binder.php:207
#2: Bitrix\Main\Engine\AutoWire\Binder->invoke
	/home/bitrix/www/bitrix/modules/main/lib/engine/action.php:117
#3: Bitrix\Main\Engine\Action->runWithSourceParametersList
	/home/bitrix/www/bitrix/modules/main/lib/engine/controller.php:425
#4: Bitrix\Main\Engine\Controller->run
	/home/bitrix/www/bitrix/modules/main/lib/httpapplication.php:141
#5: Bitrix\Main\HttpApplication->runController
	/home/bitrix/www/bitrix/modules/main/include/routing_index.php:135
----------
Host: crm.sodeistvie.su:443
Date: 2025-01-10 17:30:11
Module: referralId
53190
#0: KPLab\API\V2\Controller\Partners->getSellersAction
	
#1: ReflectionMethod->invokeArgs
	/home/bitrix/www/bitrix/modules/main/lib/engine/autowire/binder.php:207
#2: Bitrix\Main\Engine\AutoWire\Binder->invoke
	/home/bitrix/www/bitrix/modules/main/lib/engine/action.php:117
#3: Bitrix\Main\Engine\Action->runWithSourceParametersList
	/home/bitrix/www/bitrix/modules/main/lib/engine/controller.php:425
#4: Bitrix\Main\Engine\Controller->run
	/home/bitrix/www/bitrix/modules/main/lib/httpapplication.php:141
#5: Bitrix\Main\HttpApplication->runController
	/home/bitrix/www/bitrix/modules/main/include/routing_index.php:135
----------
Host: crm.sodeistvie.su:443
Date: 2025-01-12 20:47:29
Module: queryArray
array (
  'partnerInn' => '140211048930',
  'page' => '1',
)
#0: KPLab\API\V2\Controller\Partners->getSellersAction
	
#1: ReflectionMethod->invokeArgs
	/home/bitrix/www/bitrix/modules/main/lib/engine/autowire/binder.php:207
#2: Bitrix\Main\Engine\AutoWire\Binder->invoke
	/home/bitrix/www/bitrix/modules/main/lib/engine/action.php:117
#3: Bitrix\Main\Engine\Action->runWithSourceParametersList
	/home/bitrix/www/bitrix/modules/main/lib/engine/controller.php:425
#4: Bitrix\Main\Engine\Controller->run
	/home/bitrix/www/bitrix/modules/main/lib/httpapplication.php:141
#5: Bitrix\Main\HttpApplication->runController
	/home/bitrix/www/bitrix/modules/main/include/routing_index.php:135
----------
Host: crm.sodeistvie.su:443
Date: 2025-01-12 20:47:29
Module: referralId
51771
#0: KPLab\API\V2\Controller\Partners->getSellersAction
	
#1: ReflectionMethod->invokeArgs
	/home/bitrix/www/bitrix/modules/main/lib/engine/autowire/binder.php:207
#2: Bitrix\Main\Engine\AutoWire\Binder->invoke
	/home/bitrix/www/bitrix/modules/main/lib/engine/action.php:117
#3: Bitrix\Main\Engine\Action->runWithSourceParametersList
	/home/bitrix/www/bitrix/modules/main/lib/engine/controller.php:425
#4: Bitrix\Main\Engine\Controller->run
	/home/bitrix/www/bitrix/modules/main/lib/httpapplication.php:141
#5: Bitrix\Main\HttpApplication->runController
	/home/bitrix/www/bitrix/modules/main/include/routing_index.php:135
----------
Host: crm.sodeistvie.su:443
Date: 2025-01-12 20:47:33
Module: queryArray
array (
  'partnerInn' => '140211048930',
  'page' => '51',
  'status' => 'all',
)
#0: KPLab\API\V2\Controller\Partners->getSellersAction
	
#1: ReflectionMethod->invokeArgs
	/home/bitrix/www/bitrix/modules/main/lib/engine/autowire/binder.php:207
#2: Bitrix\Main\Engine\AutoWire\Binder->invoke
	/home/bitrix/www/bitrix/modules/main/lib/engine/action.php:117
#3: Bitrix\Main\Engine\Action->runWithSourceParametersList
	/home/bitrix/www/bitrix/modules/main/lib/engine/controller.php:425
#4: Bitrix\Main\Engine\Controller->run
	/home/bitrix/www/bitrix/modules/main/lib/httpapplication.php:141
#5: Bitrix\Main\HttpApplication->runController
	/home/bitrix/www/bitrix/modules/main/include/routing_index.php:135
----------
Host: crm.sodeistvie.su:443
Date: 2025-01-12 20:47:33
Module: referralId
51771
#0: KPLab\API\V2\Controller\Partners->getSellersAction
	
#1: ReflectionMethod->invokeArgs
	/home/bitrix/www/bitrix/modules/main/lib/engine/autowire/binder.php:207
#2: Bitrix\Main\Engine\AutoWire\Binder->invoke
	/home/bitrix/www/bitrix/modules/main/lib/engine/action.php:117
#3: Bitrix\Main\Engine\Action->runWithSourceParametersList
	/home/bitrix/www/bitrix/modules/main/lib/engine/controller.php:425
#4: Bitrix\Main\Engine\Controller->run
	/home/bitrix/www/bitrix/modules/main/lib/httpapplication.php:141
#5: Bitrix\Main\HttpApplication->runController
	/home/bitrix/www/bitrix/modules/main/include/routing_index.php:135
----------
Host: crm.sodeistvie.su:443
Date: 2025-01-12 20:47:48
Module: queryArray
array (
  'partnerInn' => '140211048930',
  'page' => '1',
  'status' => 'new',
)
#0: KPLab\API\V2\Controller\Partners->getSellersAction
	
#1: ReflectionMethod->invokeArgs
	/home/bitrix/www/bitrix/modules/main/lib/engine/autowire/binder.php:207
#2: Bitrix\Main\Engine\AutoWire\Binder->invoke
	/home/bitrix/www/bitrix/modules/main/lib/engine/action.php:117
#3: Bitrix\Main\Engine\Action->runWithSourceParametersList
	/home/bitrix/www/bitrix/modules/main/lib/engine/controller.php:425
#4: Bitrix\Main\Engine\Controller->run
	/home/bitrix/www/bitrix/modules/main/lib/httpapplication.php:141
#5: Bitrix\Main\HttpApplication->runController
	/home/bitrix/www/bitrix/modules/main/include/routing_index.php:135
----------
Host: crm.sodeistvie.su:443
Date: 2025-01-12 20:47:48
Module: referralId
51771
#0: KPLab\API\V2\Controller\Partners->getSellersAction
	
#1: ReflectionMethod->invokeArgs
	/home/bitrix/www/bitrix/modules/main/lib/engine/autowire/binder.php:207
#2: Bitrix\Main\Engine\AutoWire\Binder->invoke
	/home/bitrix/www/bitrix/modules/main/lib/engine/action.php:117
#3: Bitrix\Main\Engine\Action->runWithSourceParametersList
	/home/bitrix/www/bitrix/modules/main/lib/engine/controller.php:425
#4: Bitrix\Main\Engine\Controller->run
	/home/bitrix/www/bitrix/modules/main/lib/httpapplication.php:141
#5: Bitrix\Main\HttpApplication->runController
	/home/bitrix/www/bitrix/modules/main/include/routing_index.php:135
----------
Host: crm.sodeistvie.su:443
Date: 2025-01-12 20:47:48
Module: arFilter
array (
  '::LOGIC' => 'AND',
  'IBLOCK_ID' => 167,
  '=PROPERTY_REFERRAL_ID' => 51771,
  'PROPERTY_STATUS_VALUE' => 'Новый',
  '>=PROPERTY_DATE_LEAD' => '2000-01-01T00:00:00',
  '<=PROPERTY_DATE_LEAD' => '2025-01-12T23:59:59',
)
#0: KPLab\API\V2\Controller\Partners->getSellersAction
	
#1: ReflectionMethod->invokeArgs
	/home/bitrix/www/bitrix/modules/main/lib/engine/autowire/binder.php:207
#2: Bitrix\Main\Engine\AutoWire\Binder->invoke
	/home/bitrix/www/bitrix/modules/main/lib/engine/action.php:117
#3: Bitrix\Main\Engine\Action->runWithSourceParametersList
	/home/bitrix/www/bitrix/modules/main/lib/engine/controller.php:425
#4: Bitrix\Main\Engine\Controller->run
	/home/bitrix/www/bitrix/modules/main/lib/httpapplication.php:141
#5: Bitrix\Main\HttpApplication->runController
	/home/bitrix/www/bitrix/modules/main/include/routing_index.php:135
----------
Host: crm.sodeistvie.su:443
Date: 2025-01-12 20:47:51
Module: queryArray
array (
  'partnerInn' => '140211048930',
  'page' => '1',
  'status' => 'in_processed',
)
#0: KPLab\API\V2\Controller\Partners->getSellersAction
	
#1: ReflectionMethod->invokeArgs
	/home/bitrix/www/bitrix/modules/main/lib/engine/autowire/binder.php:207
#2: Bitrix\Main\Engine\AutoWire\Binder->invoke
	/home/bitrix/www/bitrix/modules/main/lib/engine/action.php:117
#3: Bitrix\Main\Engine\Action->runWithSourceParametersList
	/home/bitrix/www/bitrix/modules/main/lib/engine/controller.php:425
#4: Bitrix\Main\Engine\Controller->run
	/home/bitrix/www/bitrix/modules/main/lib/httpapplication.php:141
#5: Bitrix\Main\HttpApplication->runController
	/home/bitrix/www/bitrix/modules/main/include/routing_index.php:135
----------
Host: crm.sodeistvie.su:443
Date: 2025-01-12 20:47:51
Module: referralId
51771
#0: KPLab\API\V2\Controller\Partners->getSellersAction
	
#1: ReflectionMethod->invokeArgs
	/home/bitrix/www/bitrix/modules/main/lib/engine/autowire/binder.php:207
#2: Bitrix\Main\Engine\AutoWire\Binder->invoke
	/home/bitrix/www/bitrix/modules/main/lib/engine/action.php:117
#3: Bitrix\Main\Engine\Action->runWithSourceParametersList
	/home/bitrix/www/bitrix/modules/main/lib/engine/controller.php:425
#4: Bitrix\Main\Engine\Controller->run
	/home/bitrix/www/bitrix/modules/main/lib/httpapplication.php:141
#5: Bitrix\Main\HttpApplication->runController
	/home/bitrix/www/bitrix/modules/main/include/routing_index.php:135
----------
Host: crm.sodeistvie.su:443
Date: 2025-01-12 20:47:51
Module: arFilter
array (
  '::LOGIC' => 'AND',
  'IBLOCK_ID' => 167,
  '=PROPERTY_REFERRAL_ID' => 51771,
  'PROPERTY_STATUS_VALUE' => 'В обработке',
  '>=PROPERTY_DATE_LEAD' => '2000-01-01T00:00:00',
  '<=PROPERTY_DATE_LEAD' => '2025-01-12T23:59:59',
)
#0: KPLab\API\V2\Controller\Partners->getSellersAction
	
#1: ReflectionMethod->invokeArgs
	/home/bitrix/www/bitrix/modules/main/lib/engine/autowire/binder.php:207
#2: Bitrix\Main\Engine\AutoWire\Binder->invoke
	/home/bitrix/www/bitrix/modules/main/lib/engine/action.php:117
#3: Bitrix\Main\Engine\Action->runWithSourceParametersList
	/home/bitrix/www/bitrix/modules/main/lib/engine/controller.php:425
#4: Bitrix\Main\Engine\Controller->run
	/home/bitrix/www/bitrix/modules/main/lib/httpapplication.php:141
#5: Bitrix\Main\HttpApplication->runController
	/home/bitrix/www/bitrix/modules/main/include/routing_index.php:135
----------
Host: crm.sodeistvie.su:443
Date: 2025-01-12 20:47:53
Module: queryArray
array (
  'partnerInn' => '140211048930',
  'page' => '51',
  'status' => 'in_processed',
)
#0: KPLab\API\V2\Controller\Partners->getSellersAction
	
#1: ReflectionMethod->invokeArgs
	/home/bitrix/www/bitrix/modules/main/lib/engine/autowire/binder.php:207
#2: Bitrix\Main\Engine\AutoWire\Binder->invoke
	/home/bitrix/www/bitrix/modules/main/lib/engine/action.php:117
#3: Bitrix\Main\Engine\Action->runWithSourceParametersList
	/home/bitrix/www/bitrix/modules/main/lib/engine/controller.php:425
#4: Bitrix\Main\Engine\Controller->run
	/home/bitrix/www/bitrix/modules/main/lib/httpapplication.php:141
#5: Bitrix\Main\HttpApplication->runController
	/home/bitrix/www/bitrix/modules/main/include/routing_index.php:135
----------
Host: crm.sodeistvie.su:443
Date: 2025-01-12 20:47:54
Module: referralId
51771
#0: KPLab\API\V2\Controller\Partners->getSellersAction
	
#1: ReflectionMethod->invokeArgs
	/home/bitrix/www/bitrix/modules/main/lib/engine/autowire/binder.php:207
#2: Bitrix\Main\Engine\AutoWire\Binder->invoke
	/home/bitrix/www/bitrix/modules/main/lib/engine/action.php:117
#3: Bitrix\Main\Engine\Action->runWithSourceParametersList
	/home/bitrix/www/bitrix/modules/main/lib/engine/controller.php:425
#4: Bitrix\Main\Engine\Controller->run
	/home/bitrix/www/bitrix/modules/main/lib/httpapplication.php:141
#5: Bitrix\Main\HttpApplication->runController
	/home/bitrix/www/bitrix/modules/main/include/routing_index.php:135
----------
Host: crm.sodeistvie.su:443
Date: 2025-01-12 20:47:54
Module: arFilter
array (
  '::LOGIC' => 'AND',
  'IBLOCK_ID' => 167,
  '=PROPERTY_REFERRAL_ID' => 51771,
  'PROPERTY_STATUS_VALUE' => 'В обработке',
  '>=PROPERTY_DATE_LEAD' => '2000-01-01T00:00:00',
  '<=PROPERTY_DATE_LEAD' => '2025-01-12T23:59:59',
)
#0: KPLab\API\V2\Controller\Partners->getSellersAction
	
#1: ReflectionMethod->invokeArgs
	/home/bitrix/www/bitrix/modules/main/lib/engine/autowire/binder.php:207
#2: Bitrix\Main\Engine\AutoWire\Binder->invoke
	/home/bitrix/www/bitrix/modules/main/lib/engine/action.php:117
#3: Bitrix\Main\Engine\Action->runWithSourceParametersList
	/home/bitrix/www/bitrix/modules/main/lib/engine/controller.php:425
#4: Bitrix\Main\Engine\Controller->run
	/home/bitrix/www/bitrix/modules/main/lib/httpapplication.php:141
#5: Bitrix\Main\HttpApplication->runController
	/home/bitrix/www/bitrix/modules/main/include/routing_index.php:135
----------
Host: crm.sodeistvie.su:443
Date: 2025-01-12 20:48:00
Module: queryArray
array (
  'partnerInn' => '140211048930',
  'page' => '1',
  'status' => 'issued',
)
#0: KPLab\API\V2\Controller\Partners->getSellersAction
	
#1: ReflectionMethod->invokeArgs
	/home/bitrix/www/bitrix/modules/main/lib/engine/autowire/binder.php:207
#2: Bitrix\Main\Engine\AutoWire\Binder->invoke
	/home/bitrix/www/bitrix/modules/main/lib/engine/action.php:117
#3: Bitrix\Main\Engine\Action->runWithSourceParametersList
	/home/bitrix/www/bitrix/modules/main/lib/engine/controller.php:425
#4: Bitrix\Main\Engine\Controller->run
	/home/bitrix/www/bitrix/modules/main/lib/httpapplication.php:141
#5: Bitrix\Main\HttpApplication->runController
	/home/bitrix/www/bitrix/modules/main/include/routing_index.php:135
----------
Host: crm.sodeistvie.su:443
Date: 2025-01-12 20:48:00
Module: referralId
51771
#0: KPLab\API\V2\Controller\Partners->getSellersAction
	
#1: ReflectionMethod->invokeArgs
	/home/bitrix/www/bitrix/modules/main/lib/engine/autowire/binder.php:207
#2: Bitrix\Main\Engine\AutoWire\Binder->invoke
	/home/bitrix/www/bitrix/modules/main/lib/engine/action.php:117
#3: Bitrix\Main\Engine\Action->runWithSourceParametersList
	/home/bitrix/www/bitrix/modules/main/lib/engine/controller.php:425
#4: Bitrix\Main\Engine\Controller->run
	/home/bitrix/www/bitrix/modules/main/lib/httpapplication.php:141
#5: Bitrix\Main\HttpApplication->runController
	/home/bitrix/www/bitrix/modules/main/include/routing_index.php:135
----------
Host: crm.sodeistvie.su:443
Date: 2025-01-12 20:48:01
Module: queryArray
array (
  'partnerInn' => '140211048930',
  'page' => '1',
  'status' => 'refused',
)
#0: KPLab\API\V2\Controller\Partners->getSellersAction
	
#1: ReflectionMethod->invokeArgs
	/home/bitrix/www/bitrix/modules/main/lib/engine/autowire/binder.php:207
#2: Bitrix\Main\Engine\AutoWire\Binder->invoke
	/home/bitrix/www/bitrix/modules/main/lib/engine/action.php:117
#3: Bitrix\Main\Engine\Action->runWithSourceParametersList
	/home/bitrix/www/bitrix/modules/main/lib/engine/controller.php:425
#4: Bitrix\Main\Engine\Controller->run
	/home/bitrix/www/bitrix/modules/main/lib/httpapplication.php:141
#5: Bitrix\Main\HttpApplication->runController
	/home/bitrix/www/bitrix/modules/main/include/routing_index.php:135
----------
Host: crm.sodeistvie.su:443
Date: 2025-01-12 20:48:02
Module: referralId
51771
#0: KPLab\API\V2\Controller\Partners->getSellersAction
	
#1: ReflectionMethod->invokeArgs
	/home/bitrix/www/bitrix/modules/main/lib/engine/autowire/binder.php:207
#2: Bitrix\Main\Engine\AutoWire\Binder->invoke
	/home/bitrix/www/bitrix/modules/main/lib/engine/action.php:117
#3: Bitrix\Main\Engine\Action->runWithSourceParametersList
	/home/bitrix/www/bitrix/modules/main/lib/engine/controller.php:425
#4: Bitrix\Main\Engine\Controller->run
	/home/bitrix/www/bitrix/modules/main/lib/httpapplication.php:141
#5: Bitrix\Main\HttpApplication->runController
	/home/bitrix/www/bitrix/modules/main/include/routing_index.php:135
----------
Host: crm.sodeistvie.su:443
Date: 2025-01-12 20:48:02
Module: arFilter
array (
  '::LOGIC' => 'AND',
  'IBLOCK_ID' => 167,
  '=PROPERTY_REFERRAL_ID' => 51771,
  'PROPERTY_STATUS_VALUE' => 'Отказ',
  '>=PROPERTY_DATE_LEAD' => '2000-01-01T00:00:00',
  '<=PROPERTY_DATE_LEAD' => '2025-01-12T23:59:59',
)
#0: KPLab\API\V2\Controller\Partners->getSellersAction
	
#1: ReflectionMethod->invokeArgs
	/home/bitrix/www/bitrix/modules/main/lib/engine/autowire/binder.php:207
#2: Bitrix\Main\Engine\AutoWire\Binder->invoke
	/home/bitrix/www/bitrix/modules/main/lib/engine/action.php:117
#3: Bitrix\Main\Engine\Action->runWithSourceParametersList
	/home/bitrix/www/bitrix/modules/main/lib/engine/controller.php:425
#4: Bitrix\Main\Engine\Controller->run
	/home/bitrix/www/bitrix/modules/main/lib/httpapplication.php:141
#5: Bitrix\Main\HttpApplication->runController
	/home/bitrix/www/bitrix/modules/main/include/routing_index.php:135
----------
Host: crm.sodeistvie.su:443
Date: 2025-01-12 20:48:03
Module: queryArray
array (
  'partnerInn' => '140211048930',
  'page' => '1',
  'status' => 'new',
)
#0: KPLab\API\V2\Controller\Partners->getSellersAction
	
#1: ReflectionMethod->invokeArgs
	/home/bitrix/www/bitrix/modules/main/lib/engine/autowire/binder.php:207
#2: Bitrix\Main\Engine\AutoWire\Binder->invoke
	/home/bitrix/www/bitrix/modules/main/lib/engine/action.php:117
#3: Bitrix\Main\Engine\Action->runWithSourceParametersList
	/home/bitrix/www/bitrix/modules/main/lib/engine/controller.php:425
#4: Bitrix\Main\Engine\Controller->run
	/home/bitrix/www/bitrix/modules/main/lib/httpapplication.php:141
#5: Bitrix\Main\HttpApplication->runController
	/home/bitrix/www/bitrix/modules/main/include/routing_index.php:135
----------
Host: crm.sodeistvie.su:443
Date: 2025-01-12 20:48:03
Module: referralId
51771
#0: KPLab\API\V2\Controller\Partners->getSellersAction
	
#1: ReflectionMethod->invokeArgs
	/home/bitrix/www/bitrix/modules/main/lib/engine/autowire/binder.php:207
#2: Bitrix\Main\Engine\AutoWire\Binder->invoke
	/home/bitrix/www/bitrix/modules/main/lib/engine/action.php:117
#3: Bitrix\Main\Engine\Action->runWithSourceParametersList
	/home/bitrix/www/bitrix/modules/main/lib/engine/controller.php:425
#4: Bitrix\Main\Engine\Controller->run
	/home/bitrix/www/bitrix/modules/main/lib/httpapplication.php:141
#5: Bitrix\Main\HttpApplication->runController
	/home/bitrix/www/bitrix/modules/main/include/routing_index.php:135
----------
Host: crm.sodeistvie.su:443
Date: 2025-01-12 20:48:03
Module: arFilter
array (
  '::LOGIC' => 'AND',
  'IBLOCK_ID' => 167,
  '=PROPERTY_REFERRAL_ID' => 51771,
  'PROPERTY_STATUS_VALUE' => 'Новый',
  '>=PROPERTY_DATE_LEAD' => '2000-01-01T00:00:00',
  '<=PROPERTY_DATE_LEAD' => '2025-01-12T23:59:59',
)
#0: KPLab\API\V2\Controller\Partners->getSellersAction
	
#1: ReflectionMethod->invokeArgs
	/home/bitrix/www/bitrix/modules/main/lib/engine/autowire/binder.php:207
#2: Bitrix\Main\Engine\AutoWire\Binder->invoke
	/home/bitrix/www/bitrix/modules/main/lib/engine/action.php:117
#3: Bitrix\Main\Engine\Action->runWithSourceParametersList
	/home/bitrix/www/bitrix/modules/main/lib/engine/controller.php:425
#4: Bitrix\Main\Engine\Controller->run
	/home/bitrix/www/bitrix/modules/main/lib/httpapplication.php:141
#5: Bitrix\Main\HttpApplication->runController
	/home/bitrix/www/bitrix/modules/main/include/routing_index.php:135
----------
Host: crm.sodeistvie.su:443
Date: 2025-01-12 20:48:03
Module: queryArray
array (
  'partnerInn' => '140211048930',
  'page' => '1',
  'status' => 'all',
)
#0: KPLab\API\V2\Controller\Partners->getSellersAction
	
#1: ReflectionMethod->invokeArgs
	/home/bitrix/www/bitrix/modules/main/lib/engine/autowire/binder.php:207
#2: Bitrix\Main\Engine\AutoWire\Binder->invoke
	/home/bitrix/www/bitrix/modules/main/lib/engine/action.php:117
#3: Bitrix\Main\Engine\Action->runWithSourceParametersList
	/home/bitrix/www/bitrix/modules/main/lib/engine/controller.php:425
#4: Bitrix\Main\Engine\Controller->run
	/home/bitrix/www/bitrix/modules/main/lib/httpapplication.php:141
#5: Bitrix\Main\HttpApplication->runController
	/home/bitrix/www/bitrix/modules/main/include/routing_index.php:135
----------
Host: crm.sodeistvie.su:443
Date: 2025-01-12 20:48:04
Module: referralId
51771
#0: KPLab\API\V2\Controller\Partners->getSellersAction
	
#1: ReflectionMethod->invokeArgs
	/home/bitrix/www/bitrix/modules/main/lib/engine/autowire/binder.php:207
#2: Bitrix\Main\Engine\AutoWire\Binder->invoke
	/home/bitrix/www/bitrix/modules/main/lib/engine/action.php:117
#3: Bitrix\Main\Engine\Action->runWithSourceParametersList
	/home/bitrix/www/bitrix/modules/main/lib/engine/controller.php:425
#4: Bitrix\Main\Engine\Controller->run
	/home/bitrix/www/bitrix/modules/main/lib/httpapplication.php:141
#5: Bitrix\Main\HttpApplication->runController
	/home/bitrix/www/bitrix/modules/main/include/routing_index.php:135
----------
Host: crm.sodeistvie.su:443
Date: 2025-01-12 20:48:04
Module: queryArray
array (
  'partnerInn' => '140211048930',
  'page' => '51',
  'status' => 'all',
)
#0: KPLab\API\V2\Controller\Partners->getSellersAction
	
#1: ReflectionMethod->invokeArgs
	/home/bitrix/www/bitrix/modules/main/lib/engine/autowire/binder.php:207
#2: Bitrix\Main\Engine\AutoWire\Binder->invoke
	/home/bitrix/www/bitrix/modules/main/lib/engine/action.php:117
#3: Bitrix\Main\Engine\Action->runWithSourceParametersList
	/home/bitrix/www/bitrix/modules/main/lib/engine/controller.php:425
#4: Bitrix\Main\Engine\Controller->run
	/home/bitrix/www/bitrix/modules/main/lib/httpapplication.php:141
#5: Bitrix\Main\HttpApplication->runController
	/home/bitrix/www/bitrix/modules/main/include/routing_index.php:135
----------
Host: crm.sodeistvie.su:443
Date: 2025-01-12 20:48:05
Module: referralId
51771
#0: KPLab\API\V2\Controller\Partners->getSellersAction
	
#1: ReflectionMethod->invokeArgs
	/home/bitrix/www/bitrix/modules/main/lib/engine/autowire/binder.php:207
#2: Bitrix\Main\Engine\AutoWire\Binder->invoke
	/home/bitrix/www/bitrix/modules/main/lib/engine/action.php:117
#3: Bitrix\Main\Engine\Action->runWithSourceParametersList
	/home/bitrix/www/bitrix/modules/main/lib/engine/controller.php:425
#4: Bitrix\Main\Engine\Controller->run
	/home/bitrix/www/bitrix/modules/main/lib/httpapplication.php:141
#5: Bitrix\Main\HttpApplication->runController
	/home/bitrix/www/bitrix/modules/main/include/routing_index.php:135
----------
Host: crm.sodeistvie.su:443
Date: 2025-01-13 12:57:54
Module: queryArray
array (
  'partnerInn' => '9731038662',
  'page' => '1',
)
#0: KPLab\API\V2\Controller\Partners->getSellersAction
	
#1: ReflectionMethod->invokeArgs
	/home/bitrix/www/bitrix/modules/main/lib/engine/autowire/binder.php:207
#2: Bitrix\Main\Engine\AutoWire\Binder->invoke
	/home/bitrix/www/bitrix/modules/main/lib/engine/action.php:117
#3: Bitrix\Main\Engine\Action->runWithSourceParametersList
	/home/bitrix/www/bitrix/modules/main/lib/engine/controller.php:425
#4: Bitrix\Main\Engine\Controller->run
	/home/bitrix/www/bitrix/modules/main/lib/httpapplication.php:141
#5: Bitrix\Main\HttpApplication->runController
	/home/bitrix/www/bitrix/modules/main/include/routing_index.php:135
----------
Host: crm.sodeistvie.su:443
Date: 2025-01-13 12:57:54
Module: referralId
45271
#0: KPLab\API\V2\Controller\Partners->getSellersAction
	
#1: ReflectionMethod->invokeArgs
	/home/bitrix/www/bitrix/modules/main/lib/engine/autowire/binder.php:207
#2: Bitrix\Main\Engine\AutoWire\Binder->invoke
	/home/bitrix/www/bitrix/modules/main/lib/engine/action.php:117
#3: Bitrix\Main\Engine\Action->runWithSourceParametersList
	/home/bitrix/www/bitrix/modules/main/lib/engine/controller.php:425
#4: Bitrix\Main\Engine\Controller->run
	/home/bitrix/www/bitrix/modules/main/lib/httpapplication.php:141
#5: Bitrix\Main\HttpApplication->runController
	/home/bitrix/www/bitrix/modules/main/include/routing_index.php:135
----------
Host: crm.sodeistvie.su:443
Date: 2025-01-13 13:14:10
Module: queryArray
array (
  'partnerInn' => '312703301063',
  'page' => '1',
)
#0: KPLab\API\V2\Controller\Partners->getSellersAction
	
#1: ReflectionMethod->invokeArgs
	/home/bitrix/www/bitrix/modules/main/lib/engine/autowire/binder.php:207
#2: Bitrix\Main\Engine\AutoWire\Binder->invoke
	/home/bitrix/www/bitrix/modules/main/lib/engine/action.php:117
#3: Bitrix\Main\Engine\Action->runWithSourceParametersList
	/home/bitrix/www/bitrix/modules/main/lib/engine/controller.php:425
#4: Bitrix\Main\Engine\Controller->run
	/home/bitrix/www/bitrix/modules/main/lib/httpapplication.php:141
#5: Bitrix\Main\HttpApplication->runController
	/home/bitrix/www/bitrix/modules/main/include/routing_index.php:135
----------
Host: crm.sodeistvie.su:443
Date: 2025-01-13 13:14:11
Module: referralId
31069
#0: KPLab\API\V2\Controller\Partners->getSellersAction
	
#1: ReflectionMethod->invokeArgs
	/home/bitrix/www/bitrix/modules/main/lib/engine/autowire/binder.php:207
#2: Bitrix\Main\Engine\AutoWire\Binder->invoke
	/home/bitrix/www/bitrix/modules/main/lib/engine/action.php:117
#3: Bitrix\Main\Engine\Action->runWithSourceParametersList
	/home/bitrix/www/bitrix/modules/main/lib/engine/controller.php:425
#4: Bitrix\Main\Engine\Controller->run
	/home/bitrix/www/bitrix/modules/main/lib/httpapplication.php:141
#5: Bitrix\Main\HttpApplication->runController
	/home/bitrix/www/bitrix/modules/main/include/routing_index.php:135
----------
Host: crm.sodeistvie.su:443
Date: 2025-01-13 13:14:57
Module: queryArray
array (
  'partnerInn' => '312703301063',
  'page' => '1',
  'status' => 'new',
)
#0: KPLab\API\V2\Controller\Partners->getSellersAction
	
#1: ReflectionMethod->invokeArgs
	/home/bitrix/www/bitrix/modules/main/lib/engine/autowire/binder.php:207
#2: Bitrix\Main\Engine\AutoWire\Binder->invoke
	/home/bitrix/www/bitrix/modules/main/lib/engine/action.php:117
#3: Bitrix\Main\Engine\Action->runWithSourceParametersList
	/home/bitrix/www/bitrix/modules/main/lib/engine/controller.php:425
#4: Bitrix\Main\Engine\Controller->run
	/home/bitrix/www/bitrix/modules/main/lib/httpapplication.php:141
#5: Bitrix\Main\HttpApplication->runController
	/home/bitrix/www/bitrix/modules/main/include/routing_index.php:135
----------
Host: crm.sodeistvie.su:443
Date: 2025-01-13 13:14:57
Module: referralId
31069
#0: KPLab\API\V2\Controller\Partners->getSellersAction
	
#1: ReflectionMethod->invokeArgs
	/home/bitrix/www/bitrix/modules/main/lib/engine/autowire/binder.php:207
#2: Bitrix\Main\Engine\AutoWire\Binder->invoke
	/home/bitrix/www/bitrix/modules/main/lib/engine/action.php:117
#3: Bitrix\Main\Engine\Action->runWithSourceParametersList
	/home/bitrix/www/bitrix/modules/main/lib/engine/controller.php:425
#4: Bitrix\Main\Engine\Controller->run
	/home/bitrix/www/bitrix/modules/main/lib/httpapplication.php:141
#5: Bitrix\Main\HttpApplication->runController
	/home/bitrix/www/bitrix/modules/main/include/routing_index.php:135
----------
Host: crm.sodeistvie.su:443
Date: 2025-01-13 13:14:57
Module: arFilter
array (
  '::LOGIC' => 'AND',
  'IBLOCK_ID' => 167,
  '=PROPERTY_REFERRAL_ID' => 31069,
  'PROPERTY_STATUS_VALUE' => 'Новый',
  '>=PROPERTY_DATE_LEAD' => '2000-01-01T00:00:00',
  '<=PROPERTY_DATE_LEAD' => '2025-01-13T23:59:59',
)
#0: KPLab\API\V2\Controller\Partners->getSellersAction
	
#1: ReflectionMethod->invokeArgs
	/home/bitrix/www/bitrix/modules/main/lib/engine/autowire/binder.php:207
#2: Bitrix\Main\Engine\AutoWire\Binder->invoke
	/home/bitrix/www/bitrix/modules/main/lib/engine/action.php:117
#3: Bitrix\Main\Engine\Action->runWithSourceParametersList
	/home/bitrix/www/bitrix/modules/main/lib/engine/controller.php:425
#4: Bitrix\Main\Engine\Controller->run
	/home/bitrix/www/bitrix/modules/main/lib/httpapplication.php:141
#5: Bitrix\Main\HttpApplication->runController
	/home/bitrix/www/bitrix/modules/main/include/routing_index.php:135
----------
Host: crm.sodeistvie.su:443
Date: 2025-01-13 13:15:03
Module: queryArray
array (
  'partnerInn' => '312703301063',
  'page' => '51',
  'status' => 'new',
)
#0: KPLab\API\V2\Controller\Partners->getSellersAction
	
#1: ReflectionMethod->invokeArgs
	/home/bitrix/www/bitrix/modules/main/lib/engine/autowire/binder.php:207
#2: Bitrix\Main\Engine\AutoWire\Binder->invoke
	/home/bitrix/www/bitrix/modules/main/lib/engine/action.php:117
#3: Bitrix\Main\Engine\Action->runWithSourceParametersList
	/home/bitrix/www/bitrix/modules/main/lib/engine/controller.php:425
#4: Bitrix\Main\Engine\Controller->run
	/home/bitrix/www/bitrix/modules/main/lib/httpapplication.php:141
#5: Bitrix\Main\HttpApplication->runController
	/home/bitrix/www/bitrix/modules/main/include/routing_index.php:135
----------
Host: crm.sodeistvie.su:443
Date: 2025-01-13 13:15:04
Module: referralId
31069
#0: KPLab\API\V2\Controller\Partners->getSellersAction
	
#1: ReflectionMethod->invokeArgs
	/home/bitrix/www/bitrix/modules/main/lib/engine/autowire/binder.php:207
#2: Bitrix\Main\Engine\AutoWire\Binder->invoke
	/home/bitrix/www/bitrix/modules/main/lib/engine/action.php:117
#3: Bitrix\Main\Engine\Action->runWithSourceParametersList
	/home/bitrix/www/bitrix/modules/main/lib/engine/controller.php:425
#4: Bitrix\Main\Engine\Controller->run
	/home/bitrix/www/bitrix/modules/main/lib/httpapplication.php:141
#5: Bitrix\Main\HttpApplication->runController
	/home/bitrix/www/bitrix/modules/main/include/routing_index.php:135
----------
Host: crm.sodeistvie.su:443
Date: 2025-01-13 13:15:04
Module: arFilter
array (
  '::LOGIC' => 'AND',
  'IBLOCK_ID' => 167,
  '=PROPERTY_REFERRAL_ID' => 31069,
  'PROPERTY_STATUS_VALUE' => 'Новый',
  '>=PROPERTY_DATE_LEAD' => '2000-01-01T00:00:00',
  '<=PROPERTY_DATE_LEAD' => '2025-01-13T23:59:59',
)
#0: KPLab\API\V2\Controller\Partners->getSellersAction
	
#1: ReflectionMethod->invokeArgs
	/home/bitrix/www/bitrix/modules/main/lib/engine/autowire/binder.php:207
#2: Bitrix\Main\Engine\AutoWire\Binder->invoke
	/home/bitrix/www/bitrix/modules/main/lib/engine/action.php:117
#3: Bitrix\Main\Engine\Action->runWithSourceParametersList
	/home/bitrix/www/bitrix/modules/main/lib/engine/controller.php:425
#4: Bitrix\Main\Engine\Controller->run
	/home/bitrix/www/bitrix/modules/main/lib/httpapplication.php:141
#5: Bitrix\Main\HttpApplication->runController
	/home/bitrix/www/bitrix/modules/main/include/routing_index.php:135
----------
Host: crm.sodeistvie.su:443
Date: 2025-01-13 14:57:13
Module: queryArray
array (
  'partnerInn' => '773430227764',
  'page' => '1',
)
#0: KPLab\API\V2\Controller\Partners->getSellersAction
	
#1: ReflectionMethod->invokeArgs
	/home/bitrix/www/bitrix/modules/main/lib/engine/autowire/binder.php:207
#2: Bitrix\Main\Engine\AutoWire\Binder->invoke
	/home/bitrix/www/bitrix/modules/main/lib/engine/action.php:117
#3: Bitrix\Main\Engine\Action->runWithSourceParametersList
	/home/bitrix/www/bitrix/modules/main/lib/engine/controller.php:425
#4: Bitrix\Main\Engine\Controller->run
	/home/bitrix/www/bitrix/modules/main/lib/httpapplication.php:141
#5: Bitrix\Main\HttpApplication->runController
	/home/bitrix/www/bitrix/modules/main/include/routing_index.php:135
----------
Host: crm.sodeistvie.su:443
Date: 2025-01-13 14:57:14
Module: referralId
53321
#0: KPLab\API\V2\Controller\Partners->getSellersAction
	
#1: ReflectionMethod->invokeArgs
	/home/bitrix/www/bitrix/modules/main/lib/engine/autowire/binder.php:207
#2: Bitrix\Main\Engine\AutoWire\Binder->invoke
	/home/bitrix/www/bitrix/modules/main/lib/engine/action.php:117
#3: Bitrix\Main\Engine\Action->runWithSourceParametersList
	/home/bitrix/www/bitrix/modules/main/lib/engine/controller.php:425
#4: Bitrix\Main\Engine\Controller->run
	/home/bitrix/www/bitrix/modules/main/lib/httpapplication.php:141
#5: Bitrix\Main\HttpApplication->runController
	/home/bitrix/www/bitrix/modules/main/include/routing_index.php:135
----------
Host: crm.sodeistvie.su:443
Date: 2025-01-13 15:55:01
Module: queryArray
array (
  'partnerInn' => '260710443829',
  'page' => '1',
)
#0: KPLab\API\V2\Controller\Partners->getSellersAction
	
#1: ReflectionMethod->invokeArgs
	/home/bitrix/www/bitrix/modules/main/lib/engine/autowire/binder.php:207
#2: Bitrix\Main\Engine\AutoWire\Binder->invoke
	/home/bitrix/www/bitrix/modules/main/lib/engine/action.php:117
#3: Bitrix\Main\Engine\Action->runWithSourceParametersList
	/home/bitrix/www/bitrix/modules/main/lib/engine/controller.php:425
#4: Bitrix\Main\Engine\Controller->run
	/home/bitrix/www/bitrix/modules/main/lib/httpapplication.php:141
#5: Bitrix\Main\HttpApplication->runController
	/home/bitrix/www/bitrix/modules/main/include/routing_index.php:135
----------
Host: crm.sodeistvie.su:443
Date: 2025-01-13 15:55:01
Module: referralId
53326
#0: KPLab\API\V2\Controller\Partners->getSellersAction
	
#1: ReflectionMethod->invokeArgs
	/home/bitrix/www/bitrix/modules/main/lib/engine/autowire/binder.php:207
#2: Bitrix\Main\Engine\AutoWire\Binder->invoke
	/home/bitrix/www/bitrix/modules/main/lib/engine/action.php:117
#3: Bitrix\Main\Engine\Action->runWithSourceParametersList
	/home/bitrix/www/bitrix/modules/main/lib/engine/controller.php:425
#4: Bitrix\Main\Engine\Controller->run
	/home/bitrix/www/bitrix/modules/main/lib/httpapplication.php:141
#5: Bitrix\Main\HttpApplication->runController
	/home/bitrix/www/bitrix/modules/main/include/routing_index.php:135
----------
Host: crm.sodeistvie.su:443
Date: 2025-01-13 16:04:05
Module: queryArray
array (
  'partnerInn' => '312703301063',
  'page' => '1',
)
#0: KPLab\API\V2\Controller\Partners->getSellersAction
	
#1: ReflectionMethod->invokeArgs
	/home/bitrix/www/bitrix/modules/main/lib/engine/autowire/binder.php:207
#2: Bitrix\Main\Engine\AutoWire\Binder->invoke
	/home/bitrix/www/bitrix/modules/main/lib/engine/action.php:117
#3: Bitrix\Main\Engine\Action->runWithSourceParametersList
	/home/bitrix/www/bitrix/modules/main/lib/engine/controller.php:425
#4: Bitrix\Main\Engine\Controller->run
	/home/bitrix/www/bitrix/modules/main/lib/httpapplication.php:141
#5: Bitrix\Main\HttpApplication->runController
	/home/bitrix/www/bitrix/modules/main/include/routing_index.php:135
----------
Host: crm.sodeistvie.su:443
Date: 2025-01-13 16:04:05
Module: referralId
31069
#0: KPLab\API\V2\Controller\Partners->getSellersAction
	
#1: ReflectionMethod->invokeArgs
	/home/bitrix/www/bitrix/modules/main/lib/engine/autowire/binder.php:207
#2: Bitrix\Main\Engine\AutoWire\Binder->invoke
	/home/bitrix/www/bitrix/modules/main/lib/engine/action.php:117
#3: Bitrix\Main\Engine\Action->runWithSourceParametersList
	/home/bitrix/www/bitrix/modules/main/lib/engine/controller.php:425
#4: Bitrix\Main\Engine\Controller->run
	/home/bitrix/www/bitrix/modules/main/lib/httpapplication.php:141
#5: Bitrix\Main\HttpApplication->runController
	/home/bitrix/www/bitrix/modules/main/include/routing_index.php:135
----------
Host: crm.sodeistvie.su:443
Date: 2025-01-13 16:14:40
Module: queryArray
array (
  'partnerInn' => '732106286802',
  'page' => '1',
)
#0: KPLab\API\V2\Controller\Partners->getSellersAction
	
#1: ReflectionMethod->invokeArgs
	/home/bitrix/www/bitrix/modules/main/lib/engine/autowire/binder.php:207
#2: Bitrix\Main\Engine\AutoWire\Binder->invoke
	/home/bitrix/www/bitrix/modules/main/lib/engine/action.php:117
#3: Bitrix\Main\Engine\Action->runWithSourceParametersList
	/home/bitrix/www/bitrix/modules/main/lib/engine/controller.php:425
#4: Bitrix\Main\Engine\Controller->run
	/home/bitrix/www/bitrix/modules/main/lib/httpapplication.php:141
#5: Bitrix\Main\HttpApplication->runController
	/home/bitrix/www/bitrix/modules/main/include/routing_index.php:135
----------
Host: crm.sodeistvie.su:443
Date: 2025-01-13 16:14:40
Module: referralId
48691
#0: KPLab\API\V2\Controller\Partners->getSellersAction
	
#1: ReflectionMethod->invokeArgs
	/home/bitrix/www/bitrix/modules/main/lib/engine/autowire/binder.php:207
#2: Bitrix\Main\Engine\AutoWire\Binder->invoke
	/home/bitrix/www/bitrix/modules/main/lib/engine/action.php:117
#3: Bitrix\Main\Engine\Action->runWithSourceParametersList
	/home/bitrix/www/bitrix/modules/main/lib/engine/controller.php:425
#4: Bitrix\Main\Engine\Controller->run
	/home/bitrix/www/bitrix/modules/main/lib/httpapplication.php:141
#5: Bitrix\Main\HttpApplication->runController
	/home/bitrix/www/bitrix/modules/main/include/routing_index.php:135
----------
Host: crm.sodeistvie.su:443
Date: 2025-01-13 16:15:30
Module: queryArray
array (
  'partnerInn' => '732106286802',
  'page' => '1',
)
#0: KPLab\API\V2\Controller\Partners->getSellersAction
	
#1: ReflectionMethod->invokeArgs
	/home/bitrix/www/bitrix/modules/main/lib/engine/autowire/binder.php:207
#2: Bitrix\Main\Engine\AutoWire\Binder->invoke
	/home/bitrix/www/bitrix/modules/main/lib/engine/action.php:117
#3: Bitrix\Main\Engine\Action->runWithSourceParametersList
	/home/bitrix/www/bitrix/modules/main/lib/engine/controller.php:425
#4: Bitrix\Main\Engine\Controller->run
	/home/bitrix/www/bitrix/modules/main/lib/httpapplication.php:141
#5: Bitrix\Main\HttpApplication->runController
	/home/bitrix/www/bitrix/modules/main/include/routing_index.php:135
----------
Host: crm.sodeistvie.su:443
Date: 2025-01-13 16:15:31
Module: referralId
48691
#0: KPLab\API\V2\Controller\Partners->getSellersAction
	
#1: ReflectionMethod->invokeArgs
	/home/bitrix/www/bitrix/modules/main/lib/engine/autowire/binder.php:207
#2: Bitrix\Main\Engine\AutoWire\Binder->invoke
	/home/bitrix/www/bitrix/modules/main/lib/engine/action.php:117
#3: Bitrix\Main\Engine\Action->runWithSourceParametersList
	/home/bitrix/www/bitrix/modules/main/lib/engine/controller.php:425
#4: Bitrix\Main\Engine\Controller->run
	/home/bitrix/www/bitrix/modules/main/lib/httpapplication.php:141
#5: Bitrix\Main\HttpApplication->runController
	/home/bitrix/www/bitrix/modules/main/include/routing_index.php:135
----------
Host: crm.sodeistvie.su:443
Date: 2025-01-13 17:39:56
Module: queryArray
array (
  'partnerInn' => '732106286802',
  'page' => '1',
)
#0: KPLab\API\V2\Controller\Partners->getSellersAction
	
#1: ReflectionMethod->invokeArgs
	/home/bitrix/www/bitrix/modules/main/lib/engine/autowire/binder.php:207
#2: Bitrix\Main\Engine\AutoWire\Binder->invoke
	/home/bitrix/www/bitrix/modules/main/lib/engine/action.php:117
#3: Bitrix\Main\Engine\Action->runWithSourceParametersList
	/home/bitrix/www/bitrix/modules/main/lib/engine/controller.php:425
#4: Bitrix\Main\Engine\Controller->run
	/home/bitrix/www/bitrix/modules/main/lib/httpapplication.php:141
#5: Bitrix\Main\HttpApplication->runController
	/home/bitrix/www/bitrix/modules/main/include/routing_index.php:135
----------
Host: crm.sodeistvie.su:443
Date: 2025-01-13 17:39:57
Module: referralId
48691
#0: KPLab\API\V2\Controller\Partners->getSellersAction
	
#1: ReflectionMethod->invokeArgs
	/home/bitrix/www/bitrix/modules/main/lib/engine/autowire/binder.php:207
#2: Bitrix\Main\Engine\AutoWire\Binder->invoke
	/home/bitrix/www/bitrix/modules/main/lib/engine/action.php:117
#3: Bitrix\Main\Engine\Action->runWithSourceParametersList
	/home/bitrix/www/bitrix/modules/main/lib/engine/controller.php:425
#4: Bitrix\Main\Engine\Controller->run
	/home/bitrix/www/bitrix/modules/main/lib/httpapplication.php:141
#5: Bitrix\Main\HttpApplication->runController
	/home/bitrix/www/bitrix/modules/main/include/routing_index.php:135
----------
Host: crm.sodeistvie.su:443
Date: 2025-01-13 19:49:54
Module: queryArray
array (
  'partnerInn' => '9731038662',
  'page' => '51',
  'status' => 'all',
)
#0: KPLab\API\V2\Controller\Partners->getSellersAction
	
#1: ReflectionMethod->invokeArgs
	/home/bitrix/www/bitrix/modules/main/lib/engine/autowire/binder.php:207
#2: Bitrix\Main\Engine\AutoWire\Binder->invoke
	/home/bitrix/www/bitrix/modules/main/lib/engine/action.php:117
#3: Bitrix\Main\Engine\Action->runWithSourceParametersList
	/home/bitrix/www/bitrix/modules/main/lib/engine/controller.php:425
#4: Bitrix\Main\Engine\Controller->run
	/home/bitrix/www/bitrix/modules/main/lib/httpapplication.php:141
#5: Bitrix\Main\HttpApplication->runController
	/home/bitrix/www/bitrix/modules/main/include/routing_index.php:135
----------
Host: crm.sodeistvie.su:443
Date: 2025-01-13 19:49:55
Module: referralId
45271
#0: KPLab\API\V2\Controller\Partners->getSellersAction
	
#1: ReflectionMethod->invokeArgs
	/home/bitrix/www/bitrix/modules/main/lib/engine/autowire/binder.php:207
#2: Bitrix\Main\Engine\AutoWire\Binder->invoke
	/home/bitrix/www/bitrix/modules/main/lib/engine/action.php:117
#3: Bitrix\Main\Engine\Action->runWithSourceParametersList
	/home/bitrix/www/bitrix/modules/main/lib/engine/controller.php:425
#4: Bitrix\Main\Engine\Controller->run
	/home/bitrix/www/bitrix/modules/main/lib/httpapplication.php:141
#5: Bitrix\Main\HttpApplication->runController
	/home/bitrix/www/bitrix/modules/main/include/routing_index.php:135
----------
Host: crm.sodeistvie.su:443
Date: 2025-01-14 10:22:10
Module: queryArray
array (
  'partnerInn' => '6608003052',
  'page' => '1',
)
#0: KPLab\API\V2\Controller\Partners->getSellersAction
	
#1: ReflectionMethod->invokeArgs
	/home/bitrix/www/bitrix/modules/main/lib/engine/autowire/binder.php:207
#2: Bitrix\Main\Engine\AutoWire\Binder->invoke
	/home/bitrix/www/bitrix/modules/main/lib/engine/action.php:117
#3: Bitrix\Main\Engine\Action->runWithSourceParametersList
	/home/bitrix/www/bitrix/modules/main/lib/engine/controller.php:425
#4: Bitrix\Main\Engine\Controller->run
	/home/bitrix/www/bitrix/modules/main/lib/httpapplication.php:141
#5: Bitrix\Main\HttpApplication->runController
	/home/bitrix/www/bitrix/modules/main/include/routing_index.php:135
----------
Host: crm.sodeistvie.su:443
Date: 2025-01-14 10:22:10
Module: referralId
20863
#0: KPLab\API\V2\Controller\Partners->getSellersAction
	
#1: ReflectionMethod->invokeArgs
	/home/bitrix/www/bitrix/modules/main/lib/engine/autowire/binder.php:207
#2: Bitrix\Main\Engine\AutoWire\Binder->invoke
	/home/bitrix/www/bitrix/modules/main/lib/engine/action.php:117
#3: Bitrix\Main\Engine\Action->runWithSourceParametersList
	/home/bitrix/www/bitrix/modules/main/lib/engine/controller.php:425
#4: Bitrix\Main\Engine\Controller->run
	/home/bitrix/www/bitrix/modules/main/lib/httpapplication.php:141
#5: Bitrix\Main\HttpApplication->runController
	/home/bitrix/www/bitrix/modules/main/include/routing_index.php:135
----------
Host: crm.sodeistvie.su:443
Date: 2025-01-14 10:32:16
Module: queryArray
array (
  'partnerInn' => '6608003052',
  'page' => '1',
)
#0: KPLab\API\V2\Controller\Partners->getSellersAction
	
#1: ReflectionMethod->invokeArgs
	/home/bitrix/www/bitrix/modules/main/lib/engine/autowire/binder.php:207
#2: Bitrix\Main\Engine\AutoWire\Binder->invoke
	/home/bitrix/www/bitrix/modules/main/lib/engine/action.php:117
#3: Bitrix\Main\Engine\Action->runWithSourceParametersList
	/home/bitrix/www/bitrix/modules/main/lib/engine/controller.php:425
#4: Bitrix\Main\Engine\Controller->run
	/home/bitrix/www/bitrix/modules/main/lib/httpapplication.php:141
#5: Bitrix\Main\HttpApplication->runController
	/home/bitrix/www/bitrix/modules/main/include/routing_index.php:135
----------
Host: crm.sodeistvie.su:443
Date: 2025-01-14 10:32:17
Module: referralId
20863
#0: KPLab\API\V2\Controller\Partners->getSellersAction
	
#1: ReflectionMethod->invokeArgs
	/home/bitrix/www/bitrix/modules/main/lib/engine/autowire/binder.php:207
#2: Bitrix\Main\Engine\AutoWire\Binder->invoke
	/home/bitrix/www/bitrix/modules/main/lib/engine/action.php:117
#3: Bitrix\Main\Engine\Action->runWithSourceParametersList
	/home/bitrix/www/bitrix/modules/main/lib/engine/controller.php:425
#4: Bitrix\Main\Engine\Controller->run
	/home/bitrix/www/bitrix/modules/main/lib/httpapplication.php:141
#5: Bitrix\Main\HttpApplication->runController
	/home/bitrix/www/bitrix/modules/main/include/routing_index.php:135
----------
Host: crm.sodeistvie.su:443
Date: 2025-01-14 10:32:57
Module: queryArray
array (
  'partnerInn' => '6608003052',
  'page' => '1',
)
#0: KPLab\API\V2\Controller\Partners->getSellersAction
	
#1: ReflectionMethod->invokeArgs
	/home/bitrix/www/bitrix/modules/main/lib/engine/autowire/binder.php:207
#2: Bitrix\Main\Engine\AutoWire\Binder->invoke
	/home/bitrix/www/bitrix/modules/main/lib/engine/action.php:117
#3: Bitrix\Main\Engine\Action->runWithSourceParametersList
	/home/bitrix/www/bitrix/modules/main/lib/engine/controller.php:425
#4: Bitrix\Main\Engine\Controller->run
	/home/bitrix/www/bitrix/modules/main/lib/httpapplication.php:141
#5: Bitrix\Main\HttpApplication->runController
	/home/bitrix/www/bitrix/modules/main/include/routing_index.php:135
----------
Host: crm.sodeistvie.su:443
Date: 2025-01-14 10:32:57
Module: referralId
20863
#0: KPLab\API\V2\Controller\Partners->getSellersAction
	
#1: ReflectionMethod->invokeArgs
	/home/bitrix/www/bitrix/modules/main/lib/engine/autowire/binder.php:207
#2: Bitrix\Main\Engine\AutoWire\Binder->invoke
	/home/bitrix/www/bitrix/modules/main/lib/engine/action.php:117
#3: Bitrix\Main\Engine\Action->runWithSourceParametersList
	/home/bitrix/www/bitrix/modules/main/lib/engine/controller.php:425
#4: Bitrix\Main\Engine\Controller->run
	/home/bitrix/www/bitrix/modules/main/lib/httpapplication.php:141
#5: Bitrix\Main\HttpApplication->runController
	/home/bitrix/www/bitrix/modules/main/include/routing_index.php:135
----------
Host: crm.sodeistvie.su:443
Date: 2025-01-14 10:51:28
Module: queryArray
array (
  'partnerInn' => '6608003052',
  'page' => '1',
)
#0: KPLab\API\V2\Controller\Partners->getSellersAction
	
#1: ReflectionMethod->invokeArgs
	/home/bitrix/www/bitrix/modules/main/lib/engine/autowire/binder.php:207
#2: Bitrix\Main\Engine\AutoWire\Binder->invoke
	/home/bitrix/www/bitrix/modules/main/lib/engine/action.php:117
#3: Bitrix\Main\Engine\Action->runWithSourceParametersList
	/home/bitrix/www/bitrix/modules/main/lib/engine/controller.php:425
#4: Bitrix\Main\Engine\Controller->run
	/home/bitrix/www/bitrix/modules/main/lib/httpapplication.php:141
#5: Bitrix\Main\HttpApplication->runController
	/home/bitrix/www/bitrix/modules/main/include/routing_index.php:135
----------
Host: crm.sodeistvie.su:443
Date: 2025-01-14 10:51:28
Module: referralId
20863
#0: KPLab\API\V2\Controller\Partners->getSellersAction
	
#1: ReflectionMethod->invokeArgs
	/home/bitrix/www/bitrix/modules/main/lib/engine/autowire/binder.php:207
#2: Bitrix\Main\Engine\AutoWire\Binder->invoke
	/home/bitrix/www/bitrix/modules/main/lib/engine/action.php:117
#3: Bitrix\Main\Engine\Action->runWithSourceParametersList
	/home/bitrix/www/bitrix/modules/main/lib/engine/controller.php:425
#4: Bitrix\Main\Engine\Controller->run
	/home/bitrix/www/bitrix/modules/main/lib/httpapplication.php:141
#5: Bitrix\Main\HttpApplication->runController
	/home/bitrix/www/bitrix/modules/main/include/routing_index.php:135
----------
Host: crm.sodeistvie.su:443
Date: 2025-01-14 10:51:47
Module: queryArray
array (
  'partnerInn' => '6608003052',
  'page' => '1',
)
#0: KPLab\API\V2\Controller\Partners->getSellersAction
	
#1: ReflectionMethod->invokeArgs
	/home/bitrix/www/bitrix/modules/main/lib/engine/autowire/binder.php:207
#2: Bitrix\Main\Engine\AutoWire\Binder->invoke
	/home/bitrix/www/bitrix/modules/main/lib/engine/action.php:117
#3: Bitrix\Main\Engine\Action->runWithSourceParametersList
	/home/bitrix/www/bitrix/modules/main/lib/engine/controller.php:425
#4: Bitrix\Main\Engine\Controller->run
	/home/bitrix/www/bitrix/modules/main/lib/httpapplication.php:141
#5: Bitrix\Main\HttpApplication->runController
	/home/bitrix/www/bitrix/modules/main/include/routing_index.php:135
----------
Host: crm.sodeistvie.su:443
Date: 2025-01-14 10:51:48
Module: referralId
20863
#0: KPLab\API\V2\Controller\Partners->getSellersAction
	
#1: ReflectionMethod->invokeArgs
	/home/bitrix/www/bitrix/modules/main/lib/engine/autowire/binder.php:207
#2: Bitrix\Main\Engine\AutoWire\Binder->invoke
	/home/bitrix/www/bitrix/modules/main/lib/engine/action.php:117
#3: Bitrix\Main\Engine\Action->runWithSourceParametersList
	/home/bitrix/www/bitrix/modules/main/lib/engine/controller.php:425
#4: Bitrix\Main\Engine\Controller->run
	/home/bitrix/www/bitrix/modules/main/lib/httpapplication.php:141
#5: Bitrix\Main\HttpApplication->runController
	/home/bitrix/www/bitrix/modules/main/include/routing_index.php:135
----------
Host: crm.sodeistvie.su:443
Date: 2025-01-14 10:51:49
Module: queryArray
array (
  'partnerInn' => '6608003052',
  'page' => '1',
)
#0: KPLab\API\V2\Controller\Partners->getSellersAction
	
#1: ReflectionMethod->invokeArgs
	/home/bitrix/www/bitrix/modules/main/lib/engine/autowire/binder.php:207
#2: Bitrix\Main\Engine\AutoWire\Binder->invoke
	/home/bitrix/www/bitrix/modules/main/lib/engine/action.php:117
#3: Bitrix\Main\Engine\Action->runWithSourceParametersList
	/home/bitrix/www/bitrix/modules/main/lib/engine/controller.php:425
#4: Bitrix\Main\Engine\Controller->run
	/home/bitrix/www/bitrix/modules/main/lib/httpapplication.php:141
#5: Bitrix\Main\HttpApplication->runController
	/home/bitrix/www/bitrix/modules/main/include/routing_index.php:135
----------
Host: crm.sodeistvie.su:443
Date: 2025-01-14 10:51:50
Module: referralId
20863
#0: KPLab\API\V2\Controller\Partners->getSellersAction
	
#1: ReflectionMethod->invokeArgs
	/home/bitrix/www/bitrix/modules/main/lib/engine/autowire/binder.php:207
#2: Bitrix\Main\Engine\AutoWire\Binder->invoke
	/home/bitrix/www/bitrix/modules/main/lib/engine/action.php:117
#3: Bitrix\Main\Engine\Action->runWithSourceParametersList
	/home/bitrix/www/bitrix/modules/main/lib/engine/controller.php:425
#4: Bitrix\Main\Engine\Controller->run
	/home/bitrix/www/bitrix/modules/main/lib/httpapplication.php:141
#5: Bitrix\Main\HttpApplication->runController
	/home/bitrix/www/bitrix/modules/main/include/routing_index.php:135
----------
Host: crm.sodeistvie.su:443
Date: 2025-01-14 10:51:54
Module: queryArray
array (
  'partnerInn' => '6608003052',
  'page' => '1',
)
#0: KPLab\API\V2\Controller\Partners->getSellersAction
	
#1: ReflectionMethod->invokeArgs
	/home/bitrix/www/bitrix/modules/main/lib/engine/autowire/binder.php:207
#2: Bitrix\Main\Engine\AutoWire\Binder->invoke
	/home/bitrix/www/bitrix/modules/main/lib/engine/action.php:117
#3: Bitrix\Main\Engine\Action->runWithSourceParametersList
	/home/bitrix/www/bitrix/modules/main/lib/engine/controller.php:425
#4: Bitrix\Main\Engine\Controller->run
	/home/bitrix/www/bitrix/modules/main/lib/httpapplication.php:141
#5: Bitrix\Main\HttpApplication->runController
	/home/bitrix/www/bitrix/modules/main/include/routing_index.php:135
----------
Host: crm.sodeistvie.su:443
Date: 2025-01-14 10:51:55
Module: referralId
20863
#0: KPLab\API\V2\Controller\Partners->getSellersAction
	
#1: ReflectionMethod->invokeArgs
	/home/bitrix/www/bitrix/modules/main/lib/engine/autowire/binder.php:207
#2: Bitrix\Main\Engine\AutoWire\Binder->invoke
	/home/bitrix/www/bitrix/modules/main/lib/engine/action.php:117
#3: Bitrix\Main\Engine\Action->runWithSourceParametersList
	/home/bitrix/www/bitrix/modules/main/lib/engine/controller.php:425
#4: Bitrix\Main\Engine\Controller->run
	/home/bitrix/www/bitrix/modules/main/lib/httpapplication.php:141
#5: Bitrix\Main\HttpApplication->runController
	/home/bitrix/www/bitrix/modules/main/include/routing_index.php:135
----------
Host: crm.sodeistvie.su:443
Date: 2025-01-14 10:51:57
Module: queryArray
array (
  'partnerInn' => '6608003052',
  'page' => '1',
)
#0: KPLab\API\V2\Controller\Partners->getSellersAction
	
#1: ReflectionMethod->invokeArgs
	/home/bitrix/www/bitrix/modules/main/lib/engine/autowire/binder.php:207
#2: Bitrix\Main\Engine\AutoWire\Binder->invoke
	/home/bitrix/www/bitrix/modules/main/lib/engine/action.php:117
#3: Bitrix\Main\Engine\Action->runWithSourceParametersList
	/home/bitrix/www/bitrix/modules/main/lib/engine/controller.php:425
#4: Bitrix\Main\Engine\Controller->run
	/home/bitrix/www/bitrix/modules/main/lib/httpapplication.php:141
#5: Bitrix\Main\HttpApplication->runController
	/home/bitrix/www/bitrix/modules/main/include/routing_index.php:135
----------
Host: crm.sodeistvie.su:443
Date: 2025-01-14 10:51:58
Module: referralId
20863
#0: KPLab\API\V2\Controller\Partners->getSellersAction
	
#1: ReflectionMethod->invokeArgs
	/home/bitrix/www/bitrix/modules/main/lib/engine/autowire/binder.php:207
#2: Bitrix\Main\Engine\AutoWire\Binder->invoke
	/home/bitrix/www/bitrix/modules/main/lib/engine/action.php:117
#3: Bitrix\Main\Engine\Action->runWithSourceParametersList
	/home/bitrix/www/bitrix/modules/main/lib/engine/controller.php:425
#4: Bitrix\Main\Engine\Controller->run
	/home/bitrix/www/bitrix/modules/main/lib/httpapplication.php:141
#5: Bitrix\Main\HttpApplication->runController
	/home/bitrix/www/bitrix/modules/main/include/routing_index.php:135
----------
Host: crm.sodeistvie.su:443
Date: 2025-01-14 11:01:15
Module: queryArray
array (
  'partnerInn' => '6608003052',
  'page' => '1',
)
#0: KPLab\API\V2\Controller\Partners->getSellersAction
	
#1: ReflectionMethod->invokeArgs
	/home/bitrix/www/bitrix/modules/main/lib/engine/autowire/binder.php:207
#2: Bitrix\Main\Engine\AutoWire\Binder->invoke
	/home/bitrix/www/bitrix/modules/main/lib/engine/action.php:117
#3: Bitrix\Main\Engine\Action->runWithSourceParametersList
	/home/bitrix/www/bitrix/modules/main/lib/engine/controller.php:425
#4: Bitrix\Main\Engine\Controller->run
	/home/bitrix/www/bitrix/modules/main/lib/httpapplication.php:141
#5: Bitrix\Main\HttpApplication->runController
	/home/bitrix/www/bitrix/modules/main/include/routing_index.php:135
----------
Host: crm.sodeistvie.su:443
Date: 2025-01-14 11:01:16
Module: referralId
20863
#0: KPLab\API\V2\Controller\Partners->getSellersAction
	
#1: ReflectionMethod->invokeArgs
	/home/bitrix/www/bitrix/modules/main/lib/engine/autowire/binder.php:207
#2: Bitrix\Main\Engine\AutoWire\Binder->invoke
	/home/bitrix/www/bitrix/modules/main/lib/engine/action.php:117
#3: Bitrix\Main\Engine\Action->runWithSourceParametersList
	/home/bitrix/www/bitrix/modules/main/lib/engine/controller.php:425
#4: Bitrix\Main\Engine\Controller->run
	/home/bitrix/www/bitrix/modules/main/lib/httpapplication.php:141
#5: Bitrix\Main\HttpApplication->runController
	/home/bitrix/www/bitrix/modules/main/include/routing_index.php:135
----------
Host: crm.sodeistvie.su:443
Date: 2025-01-14 11:08:13
Module: queryArray
array (
  'partnerInn' => '140211048930',
  'page' => '1',
)
#0: KPLab\API\V2\Controller\Partners->getSellersAction
	
#1: ReflectionMethod->invokeArgs
	/home/bitrix/www/bitrix/modules/main/lib/engine/autowire/binder.php:207
#2: Bitrix\Main\Engine\AutoWire\Binder->invoke
	/home/bitrix/www/bitrix/modules/main/lib/engine/action.php:117
#3: Bitrix\Main\Engine\Action->runWithSourceParametersList
	/home/bitrix/www/bitrix/modules/main/lib/engine/controller.php:425
#4: Bitrix\Main\Engine\Controller->run
	/home/bitrix/www/bitrix/modules/main/lib/httpapplication.php:141
#5: Bitrix\Main\HttpApplication->runController
	/home/bitrix/www/bitrix/modules/main/include/routing_index.php:135
----------
Host: crm.sodeistvie.su:443
Date: 2025-01-14 11:08:13
Module: referralId
51771
#0: KPLab\API\V2\Controller\Partners->getSellersAction
	
#1: ReflectionMethod->invokeArgs
	/home/bitrix/www/bitrix/modules/main/lib/engine/autowire/binder.php:207
#2: Bitrix\Main\Engine\AutoWire\Binder->invoke
	/home/bitrix/www/bitrix/modules/main/lib/engine/action.php:117
#3: Bitrix\Main\Engine\Action->runWithSourceParametersList
	/home/bitrix/www/bitrix/modules/main/lib/engine/controller.php:425
#4: Bitrix\Main\Engine\Controller->run
	/home/bitrix/www/bitrix/modules/main/lib/httpapplication.php:141
#5: Bitrix\Main\HttpApplication->runController
	/home/bitrix/www/bitrix/modules/main/include/routing_index.php:135
----------
Host: crm.sodeistvie.su:443
Date: 2025-01-14 11:10:04
Module: queryArray
array (
  'partnerInn' => '140211048930',
  'page' => '1',
)
#0: KPLab\API\V2\Controller\Partners->getSellersAction
	
#1: ReflectionMethod->invokeArgs
	/home/bitrix/www/bitrix/modules/main/lib/engine/autowire/binder.php:207
#2: Bitrix\Main\Engine\AutoWire\Binder->invoke
	/home/bitrix/www/bitrix/modules/main/lib/engine/action.php:117
#3: Bitrix\Main\Engine\Action->runWithSourceParametersList
	/home/bitrix/www/bitrix/modules/main/lib/engine/controller.php:425
#4: Bitrix\Main\Engine\Controller->run
	/home/bitrix/www/bitrix/modules/main/lib/httpapplication.php:141
#5: Bitrix\Main\HttpApplication->runController
	/home/bitrix/www/bitrix/modules/main/include/routing_index.php:135
----------
Host: crm.sodeistvie.su:443
Date: 2025-01-14 11:10:04
Module: referralId
51771
#0: KPLab\API\V2\Controller\Partners->getSellersAction
	
#1: ReflectionMethod->invokeArgs
	/home/bitrix/www/bitrix/modules/main/lib/engine/autowire/binder.php:207
#2: Bitrix\Main\Engine\AutoWire\Binder->invoke
	/home/bitrix/www/bitrix/modules/main/lib/engine/action.php:117
#3: Bitrix\Main\Engine\Action->runWithSourceParametersList
	/home/bitrix/www/bitrix/modules/main/lib/engine/controller.php:425
#4: Bitrix\Main\Engine\Controller->run
	/home/bitrix/www/bitrix/modules/main/lib/httpapplication.php:141
#5: Bitrix\Main\HttpApplication->runController
	/home/bitrix/www/bitrix/modules/main/include/routing_index.php:135
----------
Host: crm.sodeistvie.su:443
Date: 2025-01-14 11:45:18
Module: queryArray
array (
  'partnerInn' => '330106660660',
  'page' => '1',
)
#0: KPLab\API\V2\Controller\Partners->getSellersAction
	
#1: ReflectionMethod->invokeArgs
	/home/bitrix/www/bitrix/modules/main/lib/engine/autowire/binder.php:207
#2: Bitrix\Main\Engine\AutoWire\Binder->invoke
	/home/bitrix/www/bitrix/modules/main/lib/engine/action.php:117
#3: Bitrix\Main\Engine\Action->runWithSourceParametersList
	/home/bitrix/www/bitrix/modules/main/lib/engine/controller.php:425
#4: Bitrix\Main\Engine\Controller->run
	/home/bitrix/www/bitrix/modules/main/lib/httpapplication.php:141
#5: Bitrix\Main\HttpApplication->runController
	/home/bitrix/www/bitrix/modules/main/include/routing_index.php:135
----------
Host: crm.sodeistvie.su:443
Date: 2025-01-14 11:45:18
Module: referralId
36814
#0: KPLab\API\V2\Controller\Partners->getSellersAction
	
#1: ReflectionMethod->invokeArgs
	/home/bitrix/www/bitrix/modules/main/lib/engine/autowire/binder.php:207
#2: Bitrix\Main\Engine\AutoWire\Binder->invoke
	/home/bitrix/www/bitrix/modules/main/lib/engine/action.php:117
#3: Bitrix\Main\Engine\Action->runWithSourceParametersList
	/home/bitrix/www/bitrix/modules/main/lib/engine/controller.php:425
#4: Bitrix\Main\Engine\Controller->run
	/home/bitrix/www/bitrix/modules/main/lib/httpapplication.php:141
#5: Bitrix\Main\HttpApplication->runController
	/home/bitrix/www/bitrix/modules/main/include/routing_index.php:135
----------
Host: crm.sodeistvie.su:443
Date: 2025-01-14 11:45:19
Module: queryArray
array (
  'partnerInn' => '330106660660',
  'page' => '51',
  'status' => 'all',
)
#0: KPLab\API\V2\Controller\Partners->getSellersAction
	
#1: ReflectionMethod->invokeArgs
	/home/bitrix/www/bitrix/modules/main/lib/engine/autowire/binder.php:207
#2: Bitrix\Main\Engine\AutoWire\Binder->invoke
	/home/bitrix/www/bitrix/modules/main/lib/engine/action.php:117
#3: Bitrix\Main\Engine\Action->runWithSourceParametersList
	/home/bitrix/www/bitrix/modules/main/lib/engine/controller.php:425
#4: Bitrix\Main\Engine\Controller->run
	/home/bitrix/www/bitrix/modules/main/lib/httpapplication.php:141
#5: Bitrix\Main\HttpApplication->runController
	/home/bitrix/www/bitrix/modules/main/include/routing_index.php:135
----------
Host: crm.sodeistvie.su:443
Date: 2025-01-14 11:45:19
Module: referralId
36814
#0: KPLab\API\V2\Controller\Partners->getSellersAction
	
#1: ReflectionMethod->invokeArgs
	/home/bitrix/www/bitrix/modules/main/lib/engine/autowire/binder.php:207
#2: Bitrix\Main\Engine\AutoWire\Binder->invoke
	/home/bitrix/www/bitrix/modules/main/lib/engine/action.php:117
#3: Bitrix\Main\Engine\Action->runWithSourceParametersList
	/home/bitrix/www/bitrix/modules/main/lib/engine/controller.php:425
#4: Bitrix\Main\Engine\Controller->run
	/home/bitrix/www/bitrix/modules/main/lib/httpapplication.php:141
#5: Bitrix\Main\HttpApplication->runController
	/home/bitrix/www/bitrix/modules/main/include/routing_index.php:135
----------
Host: crm.sodeistvie.su:443
Date: 2025-01-14 11:55:43
Module: queryArray
array (
  'partnerInn' => '330106660660',
  'page' => '1',
)
#0: KPLab\API\V2\Controller\Partners->getSellersAction
	
#1: ReflectionMethod->invokeArgs
	/home/bitrix/www/bitrix/modules/main/lib/engine/autowire/binder.php:207
#2: Bitrix\Main\Engine\AutoWire\Binder->invoke
	/home/bitrix/www/bitrix/modules/main/lib/engine/action.php:117
#3: Bitrix\Main\Engine\Action->runWithSourceParametersList
	/home/bitrix/www/bitrix/modules/main/lib/engine/controller.php:425
#4: Bitrix\Main\Engine\Controller->run
	/home/bitrix/www/bitrix/modules/main/lib/httpapplication.php:141
#5: Bitrix\Main\HttpApplication->runController
	/home/bitrix/www/bitrix/modules/main/include/routing_index.php:135
----------
Host: crm.sodeistvie.su:443
Date: 2025-01-14 11:55:43
Module: referralId
36814
#0: KPLab\API\V2\Controller\Partners->getSellersAction
	
#1: ReflectionMethod->invokeArgs
	/home/bitrix/www/bitrix/modules/main/lib/engine/autowire/binder.php:207
#2: Bitrix\Main\Engine\AutoWire\Binder->invoke
	/home/bitrix/www/bitrix/modules/main/lib/engine/action.php:117
#3: Bitrix\Main\Engine\Action->runWithSourceParametersList
	/home/bitrix/www/bitrix/modules/main/lib/engine/controller.php:425
#4: Bitrix\Main\Engine\Controller->run
	/home/bitrix/www/bitrix/modules/main/lib/httpapplication.php:141
#5: Bitrix\Main\HttpApplication->runController
	/home/bitrix/www/bitrix/modules/main/include/routing_index.php:135
----------
Host: crm.sodeistvie.su:443
Date: 2025-01-14 11:55:45
Module: queryArray
array (
  'partnerInn' => '330106660660',
  'page' => '51',
  'status' => 'all',
)
#0: KPLab\API\V2\Controller\Partners->getSellersAction
	
#1: ReflectionMethod->invokeArgs
	/home/bitrix/www/bitrix/modules/main/lib/engine/autowire/binder.php:207
#2: Bitrix\Main\Engine\AutoWire\Binder->invoke
	/home/bitrix/www/bitrix/modules/main/lib/engine/action.php:117
#3: Bitrix\Main\Engine\Action->runWithSourceParametersList
	/home/bitrix/www/bitrix/modules/main/lib/engine/controller.php:425
#4: Bitrix\Main\Engine\Controller->run
	/home/bitrix/www/bitrix/modules/main/lib/httpapplication.php:141
#5: Bitrix\Main\HttpApplication->runController
	/home/bitrix/www/bitrix/modules/main/include/routing_index.php:135
----------
Host: crm.sodeistvie.su:443
Date: 2025-01-14 11:55:46
Module: referralId
36814
#0: KPLab\API\V2\Controller\Partners->getSellersAction
	
#1: ReflectionMethod->invokeArgs
	/home/bitrix/www/bitrix/modules/main/lib/engine/autowire/binder.php:207
#2: Bitrix\Main\Engine\AutoWire\Binder->invoke
	/home/bitrix/www/bitrix/modules/main/lib/engine/action.php:117
#3: Bitrix\Main\Engine\Action->runWithSourceParametersList
	/home/bitrix/www/bitrix/modules/main/lib/engine/controller.php:425
#4: Bitrix\Main\Engine\Controller->run
	/home/bitrix/www/bitrix/modules/main/lib/httpapplication.php:141
#5: Bitrix\Main\HttpApplication->runController
	/home/bitrix/www/bitrix/modules/main/include/routing_index.php:135
----------
Host: crm.sodeistvie.su:443
Date: 2025-01-14 11:55:53
Module: queryArray
array (
  'partnerInn' => '330106660660',
  'page' => '1',
)
#0: KPLab\API\V2\Controller\Partners->getSellersAction
	
#1: ReflectionMethod->invokeArgs
	/home/bitrix/www/bitrix/modules/main/lib/engine/autowire/binder.php:207
#2: Bitrix\Main\Engine\AutoWire\Binder->invoke
	/home/bitrix/www/bitrix/modules/main/lib/engine/action.php:117
#3: Bitrix\Main\Engine\Action->runWithSourceParametersList
	/home/bitrix/www/bitrix/modules/main/lib/engine/controller.php:425
#4: Bitrix\Main\Engine\Controller->run
	/home/bitrix/www/bitrix/modules/main/lib/httpapplication.php:141
#5: Bitrix\Main\HttpApplication->runController
	/home/bitrix/www/bitrix/modules/main/include/routing_index.php:135
----------
Host: crm.sodeistvie.su:443
Date: 2025-01-14 11:55:54
Module: referralId
36814
#0: KPLab\API\V2\Controller\Partners->getSellersAction
	
#1: ReflectionMethod->invokeArgs
	/home/bitrix/www/bitrix/modules/main/lib/engine/autowire/binder.php:207
#2: Bitrix\Main\Engine\AutoWire\Binder->invoke
	/home/bitrix/www/bitrix/modules/main/lib/engine/action.php:117
#3: Bitrix\Main\Engine\Action->runWithSourceParametersList
	/home/bitrix/www/bitrix/modules/main/lib/engine/controller.php:425
#4: Bitrix\Main\Engine\Controller->run
	/home/bitrix/www/bitrix/modules/main/lib/httpapplication.php:141
#5: Bitrix\Main\HttpApplication->runController
	/home/bitrix/www/bitrix/modules/main/include/routing_index.php:135
----------
Host: crm.sodeistvie.su:443
Date: 2025-01-14 11:55:56
Module: queryArray
array (
  'partnerInn' => '330106660660',
  'page' => '51',
  'status' => 'all',
)
#0: KPLab\API\V2\Controller\Partners->getSellersAction
	
#1: ReflectionMethod->invokeArgs
	/home/bitrix/www/bitrix/modules/main/lib/engine/autowire/binder.php:207
#2: Bitrix\Main\Engine\AutoWire\Binder->invoke
	/home/bitrix/www/bitrix/modules/main/lib/engine/action.php:117
#3: Bitrix\Main\Engine\Action->runWithSourceParametersList
	/home/bitrix/www/bitrix/modules/main/lib/engine/controller.php:425
#4: Bitrix\Main\Engine\Controller->run
	/home/bitrix/www/bitrix/modules/main/lib/httpapplication.php:141
#5: Bitrix\Main\HttpApplication->runController
	/home/bitrix/www/bitrix/modules/main/include/routing_index.php:135
----------
Host: crm.sodeistvie.su:443
Date: 2025-01-14 11:55:57
Module: referralId
36814
#0: KPLab\API\V2\Controller\Partners->getSellersAction
	
#1: ReflectionMethod->invokeArgs
	/home/bitrix/www/bitrix/modules/main/lib/engine/autowire/binder.php:207
#2: Bitrix\Main\Engine\AutoWire\Binder->invoke
	/home/bitrix/www/bitrix/modules/main/lib/engine/action.php:117
#3: Bitrix\Main\Engine\Action->runWithSourceParametersList
	/home/bitrix/www/bitrix/modules/main/lib/engine/controller.php:425
#4: Bitrix\Main\Engine\Controller->run
	/home/bitrix/www/bitrix/modules/main/lib/httpapplication.php:141
#5: Bitrix\Main\HttpApplication->runController
	/home/bitrix/www/bitrix/modules/main/include/routing_index.php:135
----------
Host: crm.sodeistvie.su:443
Date: 2025-01-14 12:18:12
Module: queryArray
array (
  'partnerInn' => '772173434667',
  'page' => '1',
)
#0: KPLab\API\V2\Controller\Partners->getSellersAction
	
#1: ReflectionMethod->invokeArgs
	/home/bitrix/www/bitrix/modules/main/lib/engine/autowire/binder.php:207
#2: Bitrix\Main\Engine\AutoWire\Binder->invoke
	/home/bitrix/www/bitrix/modules/main/lib/engine/action.php:117
#3: Bitrix\Main\Engine\Action->runWithSourceParametersList
	/home/bitrix/www/bitrix/modules/main/lib/engine/controller.php:425
#4: Bitrix\Main\Engine\Controller->run
	/home/bitrix/www/bitrix/modules/main/lib/httpapplication.php:141
#5: Bitrix\Main\HttpApplication->runController
	/home/bitrix/www/bitrix/modules/main/include/routing_index.php:135
----------
Host: crm.sodeistvie.su:443
Date: 2025-01-14 12:18:12
Module: referralId
49950
#0: KPLab\API\V2\Controller\Partners->getSellersAction
	
#1: ReflectionMethod->invokeArgs
	/home/bitrix/www/bitrix/modules/main/lib/engine/autowire/binder.php:207
#2: Bitrix\Main\Engine\AutoWire\Binder->invoke
	/home/bitrix/www/bitrix/modules/main/lib/engine/action.php:117
#3: Bitrix\Main\Engine\Action->runWithSourceParametersList
	/home/bitrix/www/bitrix/modules/main/lib/engine/controller.php:425
#4: Bitrix\Main\Engine\Controller->run
	/home/bitrix/www/bitrix/modules/main/lib/httpapplication.php:141
#5: Bitrix\Main\HttpApplication->runController
	/home/bitrix/www/bitrix/modules/main/include/routing_index.php:135
----------
Host: crm.sodeistvie.su:443
Date: 2025-01-14 12:18:17
Module: queryArray
array (
  'partnerInn' => '772173434667',
  'page' => '51',
  'status' => 'all',
)
#0: KPLab\API\V2\Controller\Partners->getSellersAction
	
#1: ReflectionMethod->invokeArgs
	/home/bitrix/www/bitrix/modules/main/lib/engine/autowire/binder.php:207
#2: Bitrix\Main\Engine\AutoWire\Binder->invoke
	/home/bitrix/www/bitrix/modules/main/lib/engine/action.php:117
#3: Bitrix\Main\Engine\Action->runWithSourceParametersList
	/home/bitrix/www/bitrix/modules/main/lib/engine/controller.php:425
#4: Bitrix\Main\Engine\Controller->run
	/home/bitrix/www/bitrix/modules/main/lib/httpapplication.php:141
#5: Bitrix\Main\HttpApplication->runController
	/home/bitrix/www/bitrix/modules/main/include/routing_index.php:135
----------
Host: crm.sodeistvie.su:443
Date: 2025-01-14 12:18:17
Module: referralId
49950
#0: KPLab\API\V2\Controller\Partners->getSellersAction
	
#1: ReflectionMethod->invokeArgs
	/home/bitrix/www/bitrix/modules/main/lib/engine/autowire/binder.php:207
#2: Bitrix\Main\Engine\AutoWire\Binder->invoke
	/home/bitrix/www/bitrix/modules/main/lib/engine/action.php:117
#3: Bitrix\Main\Engine\Action->runWithSourceParametersList
	/home/bitrix/www/bitrix/modules/main/lib/engine/controller.php:425
#4: Bitrix\Main\Engine\Controller->run
	/home/bitrix/www/bitrix/modules/main/lib/httpapplication.php:141
#5: Bitrix\Main\HttpApplication->runController
	/home/bitrix/www/bitrix/modules/main/include/routing_index.php:135
----------
Host: crm.sodeistvie.su:443
Date: 2025-01-14 12:45:25
Module: queryArray
array (
  'partnerInn' => '140211048930',
  'page' => '1',
)
#0: KPLab\API\V2\Controller\Partners->getSellersAction
	
#1: ReflectionMethod->invokeArgs
	/home/bitrix/www/bitrix/modules/main/lib/engine/autowire/binder.php:207
#2: Bitrix\Main\Engine\AutoWire\Binder->invoke
	/home/bitrix/www/bitrix/modules/main/lib/engine/action.php:117
#3: Bitrix\Main\Engine\Action->runWithSourceParametersList
	/home/bitrix/www/bitrix/modules/main/lib/engine/controller.php:425
#4: Bitrix\Main\Engine\Controller->run
	/home/bitrix/www/bitrix/modules/main/lib/httpapplication.php:141
#5: Bitrix\Main\HttpApplication->runController
	/home/bitrix/www/bitrix/modules/main/include/routing_index.php:135
----------
Host: crm.sodeistvie.su:443
Date: 2025-01-14 12:45:26
Module: referralId
51771
#0: KPLab\API\V2\Controller\Partners->getSellersAction
	
#1: ReflectionMethod->invokeArgs
	/home/bitrix/www/bitrix/modules/main/lib/engine/autowire/binder.php:207
#2: Bitrix\Main\Engine\AutoWire\Binder->invoke
	/home/bitrix/www/bitrix/modules/main/lib/engine/action.php:117
#3: Bitrix\Main\Engine\Action->runWithSourceParametersList
	/home/bitrix/www/bitrix/modules/main/lib/engine/controller.php:425
#4: Bitrix\Main\Engine\Controller->run
	/home/bitrix/www/bitrix/modules/main/lib/httpapplication.php:141
#5: Bitrix\Main\HttpApplication->runController
	/home/bitrix/www/bitrix/modules/main/include/routing_index.php:135
----------
Host: crm.sodeistvie.su:443
Date: 2025-01-14 13:19:54
Module: queryArray
array (
  'partnerInn' => '330106660660',
  'page' => '1',
)
#0: KPLab\API\V2\Controller\Partners->getSellersAction
	
#1: ReflectionMethod->invokeArgs
	/home/bitrix/www/bitrix/modules/main/lib/engine/autowire/binder.php:207
#2: Bitrix\Main\Engine\AutoWire\Binder->invoke
	/home/bitrix/www/bitrix/modules/main/lib/engine/action.php:117
#3: Bitrix\Main\Engine\Action->runWithSourceParametersList
	/home/bitrix/www/bitrix/modules/main/lib/engine/controller.php:425
#4: Bitrix\Main\Engine\Controller->run
	/home/bitrix/www/bitrix/modules/main/lib/httpapplication.php:141
#5: Bitrix\Main\HttpApplication->runController
	/home/bitrix/www/bitrix/modules/main/include/routing_index.php:135
----------
Host: crm.sodeistvie.su:443
Date: 2025-01-14 13:19:55
Module: referralId
36814
#0: KPLab\API\V2\Controller\Partners->getSellersAction
	
#1: ReflectionMethod->invokeArgs
	/home/bitrix/www/bitrix/modules/main/lib/engine/autowire/binder.php:207
#2: Bitrix\Main\Engine\AutoWire\Binder->invoke
	/home/bitrix/www/bitrix/modules/main/lib/engine/action.php:117
#3: Bitrix\Main\Engine\Action->runWithSourceParametersList
	/home/bitrix/www/bitrix/modules/main/lib/engine/controller.php:425
#4: Bitrix\Main\Engine\Controller->run
	/home/bitrix/www/bitrix/modules/main/lib/httpapplication.php:141
#5: Bitrix\Main\HttpApplication->runController
	/home/bitrix/www/bitrix/modules/main/include/routing_index.php:135
----------
Host: crm.sodeistvie.su:443
Date: 2025-01-14 13:19:55
Module: queryArray
array (
  'partnerInn' => '330106660660',
  'page' => '51',
  'status' => 'all',
)
#0: KPLab\API\V2\Controller\Partners->getSellersAction
	
#1: ReflectionMethod->invokeArgs
	/home/bitrix/www/bitrix/modules/main/lib/engine/autowire/binder.php:207
#2: Bitrix\Main\Engine\AutoWire\Binder->invoke
	/home/bitrix/www/bitrix/modules/main/lib/engine/action.php:117
#3: Bitrix\Main\Engine\Action->runWithSourceParametersList
	/home/bitrix/www/bitrix/modules/main/lib/engine/controller.php:425
#4: Bitrix\Main\Engine\Controller->run
	/home/bitrix/www/bitrix/modules/main/lib/httpapplication.php:141
#5: Bitrix\Main\HttpApplication->runController
	/home/bitrix/www/bitrix/modules/main/include/routing_index.php:135
----------
Host: crm.sodeistvie.su:443
Date: 2025-01-14 13:19:56
Module: referralId
36814
#0: KPLab\API\V2\Controller\Partners->getSellersAction
	
#1: ReflectionMethod->invokeArgs
	/home/bitrix/www/bitrix/modules/main/lib/engine/autowire/binder.php:207
#2: Bitrix\Main\Engine\AutoWire\Binder->invoke
	/home/bitrix/www/bitrix/modules/main/lib/engine/action.php:117
#3: Bitrix\Main\Engine\Action->runWithSourceParametersList
	/home/bitrix/www/bitrix/modules/main/lib/engine/controller.php:425
#4: Bitrix\Main\Engine\Controller->run
	/home/bitrix/www/bitrix/modules/main/lib/httpapplication.php:141
#5: Bitrix\Main\HttpApplication->runController
	/home/bitrix/www/bitrix/modules/main/include/routing_index.php:135
----------
Host: crm.sodeistvie.su:443
Date: 2025-01-14 13:33:27
Module: queryArray
array (
  'partnerInn' => '260710443829',
  'page' => '1',
)
#0: KPLab\API\V2\Controller\Partners->getSellersAction
	
#1: ReflectionMethod->invokeArgs
	/home/bitrix/www/bitrix/modules/main/lib/engine/autowire/binder.php:207
#2: Bitrix\Main\Engine\AutoWire\Binder->invoke
	/home/bitrix/www/bitrix/modules/main/lib/engine/action.php:117
#3: Bitrix\Main\Engine\Action->runWithSourceParametersList
	/home/bitrix/www/bitrix/modules/main/lib/engine/controller.php:425
#4: Bitrix\Main\Engine\Controller->run
	/home/bitrix/www/bitrix/modules/main/lib/httpapplication.php:141
#5: Bitrix\Main\HttpApplication->runController
	/home/bitrix/www/bitrix/modules/main/include/routing_index.php:135
----------
Host: crm.sodeistvie.su:443
Date: 2025-01-14 13:33:27
Module: referralId
53326
#0: KPLab\API\V2\Controller\Partners->getSellersAction
	
#1: ReflectionMethod->invokeArgs
	/home/bitrix/www/bitrix/modules/main/lib/engine/autowire/binder.php:207
#2: Bitrix\Main\Engine\AutoWire\Binder->invoke
	/home/bitrix/www/bitrix/modules/main/lib/engine/action.php:117
#3: Bitrix\Main\Engine\Action->runWithSourceParametersList
	/home/bitrix/www/bitrix/modules/main/lib/engine/controller.php:425
#4: Bitrix\Main\Engine\Controller->run
	/home/bitrix/www/bitrix/modules/main/lib/httpapplication.php:141
#5: Bitrix\Main\HttpApplication->runController
	/home/bitrix/www/bitrix/modules/main/include/routing_index.php:135
----------
Host: crm.sodeistvie.su:443
Date: 2025-01-14 15:11:02
Module: queryArray
array (
  'partnerInn' => '772848128365',
  'page' => '1',
)
#0: KPLab\API\V2\Controller\Partners->getSellersAction
	
#1: ReflectionMethod->invokeArgs
	/home/bitrix/www/bitrix/modules/main/lib/engine/autowire/binder.php:207
#2: Bitrix\Main\Engine\AutoWire\Binder->invoke
	/home/bitrix/www/bitrix/modules/main/lib/engine/action.php:117
#3: Bitrix\Main\Engine\Action->runWithSourceParametersList
	/home/bitrix/www/bitrix/modules/main/lib/engine/controller.php:425
#4: Bitrix\Main\Engine\Controller->run
	/home/bitrix/www/bitrix/modules/main/lib/httpapplication.php:141
#5: Bitrix\Main\HttpApplication->runController
	/home/bitrix/www/bitrix/modules/main/include/routing_index.php:135
----------
Host: crm.sodeistvie.su:443
Date: 2025-01-14 15:11:02
Module: referralId
45748
#0: KPLab\API\V2\Controller\Partners->getSellersAction
	
#1: ReflectionMethod->invokeArgs
	/home/bitrix/www/bitrix/modules/main/lib/engine/autowire/binder.php:207
#2: Bitrix\Main\Engine\AutoWire\Binder->invoke
	/home/bitrix/www/bitrix/modules/main/lib/engine/action.php:117
#3: Bitrix\Main\Engine\Action->runWithSourceParametersList
	/home/bitrix/www/bitrix/modules/main/lib/engine/controller.php:425
#4: Bitrix\Main\Engine\Controller->run
	/home/bitrix/www/bitrix/modules/main/lib/httpapplication.php:141
#5: Bitrix\Main\HttpApplication->runController
	/home/bitrix/www/bitrix/modules/main/include/routing_index.php:135
----------
Host: crm.sodeistvie.su:443
Date: 2025-01-14 15:15:00
Module: queryArray
array (
  'partnerInn' => '770265064878',
  'page' => '1',
)
#0: KPLab\API\V2\Controller\Partners->getSellersAction
	
#1: ReflectionMethod->invokeArgs
	/home/bitrix/www/bitrix/modules/main/lib/engine/autowire/binder.php:207
#2: Bitrix\Main\Engine\AutoWire\Binder->invoke
	/home/bitrix/www/bitrix/modules/main/lib/engine/action.php:117
#3: Bitrix\Main\Engine\Action->runWithSourceParametersList
	/home/bitrix/www/bitrix/modules/main/lib/engine/controller.php:425
#4: Bitrix\Main\Engine\Controller->run
	/home/bitrix/www/bitrix/modules/main/lib/httpapplication.php:141
#5: Bitrix\Main\HttpApplication->runController
	/home/bitrix/www/bitrix/modules/main/include/routing_index.php:135
----------
Host: crm.sodeistvie.su:443
Date: 2025-01-14 15:15:00
Module: referralId
46673
#0: KPLab\API\V2\Controller\Partners->getSellersAction
	
#1: ReflectionMethod->invokeArgs
	/home/bitrix/www/bitrix/modules/main/lib/engine/autowire/binder.php:207
#2: Bitrix\Main\Engine\AutoWire\Binder->invoke
	/home/bitrix/www/bitrix/modules/main/lib/engine/action.php:117
#3: Bitrix\Main\Engine\Action->runWithSourceParametersList
	/home/bitrix/www/bitrix/modules/main/lib/engine/controller.php:425
#4: Bitrix\Main\Engine\Controller->run
	/home/bitrix/www/bitrix/modules/main/lib/httpapplication.php:141
#5: Bitrix\Main\HttpApplication->runController
	/home/bitrix/www/bitrix/modules/main/include/routing_index.php:135
----------
Host: crm.sodeistvie.su:443
Date: 2025-01-14 15:15:33
Module: queryArray
array (
  'partnerInn' => '770265064878',
  'page' => '1',
)
#0: KPLab\API\V2\Controller\Partners->getSellersAction
	
#1: ReflectionMethod->invokeArgs
	/home/bitrix/www/bitrix/modules/main/lib/engine/autowire/binder.php:207
#2: Bitrix\Main\Engine\AutoWire\Binder->invoke
	/home/bitrix/www/bitrix/modules/main/lib/engine/action.php:117
#3: Bitrix\Main\Engine\Action->runWithSourceParametersList
	/home/bitrix/www/bitrix/modules/main/lib/engine/controller.php:425
#4: Bitrix\Main\Engine\Controller->run
	/home/bitrix/www/bitrix/modules/main/lib/httpapplication.php:141
#5: Bitrix\Main\HttpApplication->runController
	/home/bitrix/www/bitrix/modules/main/include/routing_index.php:135
----------
Host: crm.sodeistvie.su:443
Date: 2025-01-14 15:15:34
Module: referralId
46673
#0: KPLab\API\V2\Controller\Partners->getSellersAction
	
#1: ReflectionMethod->invokeArgs
	/home/bitrix/www/bitrix/modules/main/lib/engine/autowire/binder.php:207
#2: Bitrix\Main\Engine\AutoWire\Binder->invoke
	/home/bitrix/www/bitrix/modules/main/lib/engine/action.php:117
#3: Bitrix\Main\Engine\Action->runWithSourceParametersList
	/home/bitrix/www/bitrix/modules/main/lib/engine/controller.php:425
#4: Bitrix\Main\Engine\Controller->run
	/home/bitrix/www/bitrix/modules/main/lib/httpapplication.php:141
#5: Bitrix\Main\HttpApplication->runController
	/home/bitrix/www/bitrix/modules/main/include/routing_index.php:135
----------
Host: crm.sodeistvie.su:443
Date: 2025-01-14 16:37:06
Module: queryArray
array (
  'partnerInn' => '440122821699',
  'page' => '1',
)
#0: KPLab\API\V2\Controller\Partners->getSellersAction
	
#1: ReflectionMethod->invokeArgs
	/home/bitrix/www/bitrix/modules/main/lib/engine/autowire/binder.php:207
#2: Bitrix\Main\Engine\AutoWire\Binder->invoke
	/home/bitrix/www/bitrix/modules/main/lib/engine/action.php:117
#3: Bitrix\Main\Engine\Action->runWithSourceParametersList
	/home/bitrix/www/bitrix/modules/main/lib/engine/controller.php:425
#4: Bitrix\Main\Engine\Controller->run
	/home/bitrix/www/bitrix/modules/main/lib/httpapplication.php:141
#5: Bitrix\Main\HttpApplication->runController
	/home/bitrix/www/bitrix/modules/main/include/routing_index.php:135
----------
Host: crm.sodeistvie.su:443
Date: 2025-01-14 16:37:07
Module: referralId
51691
#0: KPLab\API\V2\Controller\Partners->getSellersAction
	
#1: ReflectionMethod->invokeArgs
	/home/bitrix/www/bitrix/modules/main/lib/engine/autowire/binder.php:207
#2: Bitrix\Main\Engine\AutoWire\Binder->invoke
	/home/bitrix/www/bitrix/modules/main/lib/engine/action.php:117
#3: Bitrix\Main\Engine\Action->runWithSourceParametersList
	/home/bitrix/www/bitrix/modules/main/lib/engine/controller.php:425
#4: Bitrix\Main\Engine\Controller->run
	/home/bitrix/www/bitrix/modules/main/lib/httpapplication.php:141
#5: Bitrix\Main\HttpApplication->runController
	/home/bitrix/www/bitrix/modules/main/include/routing_index.php:135
----------
Host: crm.sodeistvie.su:443
Date: 2025-01-14 16:50:23
Module: queryArray
array (
  'partnerInn' => '683201823134',
  'page' => '1',
)
#0: KPLab\API\V2\Controller\Partners->getSellersAction
	
#1: ReflectionMethod->invokeArgs
	/home/bitrix/www/bitrix/modules/main/lib/engine/autowire/binder.php:207
#2: Bitrix\Main\Engine\AutoWire\Binder->invoke
	/home/bitrix/www/bitrix/modules/main/lib/engine/action.php:117
#3: Bitrix\Main\Engine\Action->runWithSourceParametersList
	/home/bitrix/www/bitrix/modules/main/lib/engine/controller.php:425
#4: Bitrix\Main\Engine\Controller->run
	/home/bitrix/www/bitrix/modules/main/lib/httpapplication.php:141
#5: Bitrix\Main\HttpApplication->runController
	/home/bitrix/www/bitrix/modules/main/include/routing_index.php:135
----------
Host: crm.sodeistvie.su:443
Date: 2025-01-14 16:50:24
Module: referralId
49959
#0: KPLab\API\V2\Controller\Partners->getSellersAction
	
#1: ReflectionMethod->invokeArgs
	/home/bitrix/www/bitrix/modules/main/lib/engine/autowire/binder.php:207
#2: Bitrix\Main\Engine\AutoWire\Binder->invoke
	/home/bitrix/www/bitrix/modules/main/lib/engine/action.php:117
#3: Bitrix\Main\Engine\Action->runWithSourceParametersList
	/home/bitrix/www/bitrix/modules/main/lib/engine/controller.php:425
#4: Bitrix\Main\Engine\Controller->run
	/home/bitrix/www/bitrix/modules/main/lib/httpapplication.php:141
#5: Bitrix\Main\HttpApplication->runController
	/home/bitrix/www/bitrix/modules/main/include/routing_index.php:135
----------
Host: crm.sodeistvie.su:443
Date: 2025-01-14 16:51:15
Module: queryArray
array (
  'partnerInn' => '683201823134',
  'page' => '1',
)
#0: KPLab\API\V2\Controller\Partners->getSellersAction
	
#1: ReflectionMethod->invokeArgs
	/home/bitrix/www/bitrix/modules/main/lib/engine/autowire/binder.php:207
#2: Bitrix\Main\Engine\AutoWire\Binder->invoke
	/home/bitrix/www/bitrix/modules/main/lib/engine/action.php:117
#3: Bitrix\Main\Engine\Action->runWithSourceParametersList
	/home/bitrix/www/bitrix/modules/main/lib/engine/controller.php:425
#4: Bitrix\Main\Engine\Controller->run
	/home/bitrix/www/bitrix/modules/main/lib/httpapplication.php:141
#5: Bitrix\Main\HttpApplication->runController
	/home/bitrix/www/bitrix/modules/main/include/routing_index.php:135
----------
Host: crm.sodeistvie.su:443
Date: 2025-01-14 16:51:15
Module: referralId
49959
#0: KPLab\API\V2\Controller\Partners->getSellersAction
	
#1: ReflectionMethod->invokeArgs
	/home/bitrix/www/bitrix/modules/main/lib/engine/autowire/binder.php:207
#2: Bitrix\Main\Engine\AutoWire\Binder->invoke
	/home/bitrix/www/bitrix/modules/main/lib/engine/action.php:117
#3: Bitrix\Main\Engine\Action->runWithSourceParametersList
	/home/bitrix/www/bitrix/modules/main/lib/engine/controller.php:425
#4: Bitrix\Main\Engine\Controller->run
	/home/bitrix/www/bitrix/modules/main/lib/httpapplication.php:141
#5: Bitrix\Main\HttpApplication->runController
	/home/bitrix/www/bitrix/modules/main/include/routing_index.php:135
----------
Host: crm.sodeistvie.su:443
Date: 2025-01-14 17:34:54
Module: queryArray
array (
  'partnerInn' => '683201823134',
  'page' => '1',
)
#0: KPLab\API\V2\Controller\Partners->getSellersAction
	
#1: ReflectionMethod->invokeArgs
	/home/bitrix/www/bitrix/modules/main/lib/engine/autowire/binder.php:207
#2: Bitrix\Main\Engine\AutoWire\Binder->invoke
	/home/bitrix/www/bitrix/modules/main/lib/engine/action.php:117
#3: Bitrix\Main\Engine\Action->runWithSourceParametersList
	/home/bitrix/www/bitrix/modules/main/lib/engine/controller.php:425
#4: Bitrix\Main\Engine\Controller->run
	/home/bitrix/www/bitrix/modules/main/lib/httpapplication.php:141
#5: Bitrix\Main\HttpApplication->runController
	/home/bitrix/www/bitrix/modules/main/include/routing_index.php:135
----------
Host: crm.sodeistvie.su:443
Date: 2025-01-14 17:34:54
Module: referralId
49959
#0: KPLab\API\V2\Controller\Partners->getSellersAction
	
#1: ReflectionMethod->invokeArgs
	/home/bitrix/www/bitrix/modules/main/lib/engine/autowire/binder.php:207
#2: Bitrix\Main\Engine\AutoWire\Binder->invoke
	/home/bitrix/www/bitrix/modules/main/lib/engine/action.php:117
#3: Bitrix\Main\Engine\Action->runWithSourceParametersList
	/home/bitrix/www/bitrix/modules/main/lib/engine/controller.php:425
#4: Bitrix\Main\Engine\Controller->run
	/home/bitrix/www/bitrix/modules/main/lib/httpapplication.php:141
#5: Bitrix\Main\HttpApplication->runController
	/home/bitrix/www/bitrix/modules/main/include/routing_index.php:135
----------
Host: crm.sodeistvie.su:443
Date: 2025-01-14 17:51:50
Module: queryArray
array (
  'partnerInn' => '425305207980',
  'page' => '1',
)
#0: KPLab\API\V2\Controller\Partners->getSellersAction
	
#1: ReflectionMethod->invokeArgs
	/home/bitrix/www/bitrix/modules/main/lib/engine/autowire/binder.php:207
#2: Bitrix\Main\Engine\AutoWire\Binder->invoke
	/home/bitrix/www/bitrix/modules/main/lib/engine/action.php:117
#3: Bitrix\Main\Engine\Action->runWithSourceParametersList
	/home/bitrix/www/bitrix/modules/main/lib/engine/controller.php:425
#4: Bitrix\Main\Engine\Controller->run
	/home/bitrix/www/bitrix/modules/main/lib/httpapplication.php:141
#5: Bitrix\Main\HttpApplication->runController
	/home/bitrix/www/bitrix/modules/main/include/routing_index.php:135
----------
Host: crm.sodeistvie.su:443
Date: 2025-01-14 17:51:51
Module: referralId
40348
#0: KPLab\API\V2\Controller\Partners->getSellersAction
	
#1: ReflectionMethod->invokeArgs
	/home/bitrix/www/bitrix/modules/main/lib/engine/autowire/binder.php:207
#2: Bitrix\Main\Engine\AutoWire\Binder->invoke
	/home/bitrix/www/bitrix/modules/main/lib/engine/action.php:117
#3: Bitrix\Main\Engine\Action->runWithSourceParametersList
	/home/bitrix/www/bitrix/modules/main/lib/engine/controller.php:425
#4: Bitrix\Main\Engine\Controller->run
	/home/bitrix/www/bitrix/modules/main/lib/httpapplication.php:141
#5: Bitrix\Main\HttpApplication->runController
	/home/bitrix/www/bitrix/modules/main/include/routing_index.php:135
----------
Host: crm.sodeistvie.su:443
Date: 2025-01-14 18:08:26
Module: queryArray
array (
  'partnerInn' => '683201823134',
  'page' => '1',
)
#0: KPLab\API\V2\Controller\Partners->getSellersAction
	
#1: ReflectionMethod->invokeArgs
	/home/bitrix/www/bitrix/modules/main/lib/engine/autowire/binder.php:207
#2: Bitrix\Main\Engine\AutoWire\Binder->invoke
	/home/bitrix/www/bitrix/modules/main/lib/engine/action.php:117
#3: Bitrix\Main\Engine\Action->runWithSourceParametersList
	/home/bitrix/www/bitrix/modules/main/lib/engine/controller.php:425
#4: Bitrix\Main\Engine\Controller->run
	/home/bitrix/www/bitrix/modules/main/lib/httpapplication.php:141
#5: Bitrix\Main\HttpApplication->runController
	/home/bitrix/www/bitrix/modules/main/include/routing_index.php:135
----------
Host: crm.sodeistvie.su:443
Date: 2025-01-14 18:08:26
Module: referralId
49959
#0: KPLab\API\V2\Controller\Partners->getSellersAction
	
#1: ReflectionMethod->invokeArgs
	/home/bitrix/www/bitrix/modules/main/lib/engine/autowire/binder.php:207
#2: Bitrix\Main\Engine\AutoWire\Binder->invoke
	/home/bitrix/www/bitrix/modules/main/lib/engine/action.php:117
#3: Bitrix\Main\Engine\Action->runWithSourceParametersList
	/home/bitrix/www/bitrix/modules/main/lib/engine/controller.php:425
#4: Bitrix\Main\Engine\Controller->run
	/home/bitrix/www/bitrix/modules/main/lib/httpapplication.php:141
#5: Bitrix\Main\HttpApplication->runController
	/home/bitrix/www/bitrix/modules/main/include/routing_index.php:135
----------
Host: crm.sodeistvie.su:443
Date: 2025-01-15 12:47:25
Module: queryArray
array (
  'partnerInn' => '6608003052',
  'page' => '1',
)
#0: KPLab\API\V2\Controller\Partners->getSellersAction
	
#1: ReflectionMethod->invokeArgs
	/home/bitrix/www/bitrix/modules/main/lib/engine/autowire/binder.php:207
#2: Bitrix\Main\Engine\AutoWire\Binder->invoke
	/home/bitrix/www/bitrix/modules/main/lib/engine/action.php:117
#3: Bitrix\Main\Engine\Action->runWithSourceParametersList
	/home/bitrix/www/bitrix/modules/main/lib/engine/controller.php:425
#4: Bitrix\Main\Engine\Controller->run
	/home/bitrix/www/bitrix/modules/main/lib/httpapplication.php:141
#5: Bitrix\Main\HttpApplication->runController
	/home/bitrix/www/bitrix/modules/main/include/routing_index.php:135
----------
Host: crm.sodeistvie.su:443
Date: 2025-01-15 12:47:26
Module: referralId
20863
#0: KPLab\API\V2\Controller\Partners->getSellersAction
	
#1: ReflectionMethod->invokeArgs
	/home/bitrix/www/bitrix/modules/main/lib/engine/autowire/binder.php:207
#2: Bitrix\Main\Engine\AutoWire\Binder->invoke
	/home/bitrix/www/bitrix/modules/main/lib/engine/action.php:117
#3: Bitrix\Main\Engine\Action->runWithSourceParametersList
	/home/bitrix/www/bitrix/modules/main/lib/engine/controller.php:425
#4: Bitrix\Main\Engine\Controller->run
	/home/bitrix/www/bitrix/modules/main/lib/httpapplication.php:141
#5: Bitrix\Main\HttpApplication->runController
	/home/bitrix/www/bitrix/modules/main/include/routing_index.php:135
----------
Host: crm.sodeistvie.su:443
Date: 2025-01-15 12:47:26
Module: queryArray
array (
  'partnerInn' => '6608003052',
  'page' => '51',
  'status' => 'all',
)
#0: KPLab\API\V2\Controller\Partners->getSellersAction
	
#1: ReflectionMethod->invokeArgs
	/home/bitrix/www/bitrix/modules/main/lib/engine/autowire/binder.php:207
#2: Bitrix\Main\Engine\AutoWire\Binder->invoke
	/home/bitrix/www/bitrix/modules/main/lib/engine/action.php:117
#3: Bitrix\Main\Engine\Action->runWithSourceParametersList
	/home/bitrix/www/bitrix/modules/main/lib/engine/controller.php:425
#4: Bitrix\Main\Engine\Controller->run
	/home/bitrix/www/bitrix/modules/main/lib/httpapplication.php:141
#5: Bitrix\Main\HttpApplication->runController
	/home/bitrix/www/bitrix/modules/main/include/routing_index.php:135
----------
Host: crm.sodeistvie.su:443
Date: 2025-01-15 12:47:27
Module: referralId
20863
#0: KPLab\API\V2\Controller\Partners->getSellersAction
	
#1: ReflectionMethod->invokeArgs
	/home/bitrix/www/bitrix/modules/main/lib/engine/autowire/binder.php:207
#2: Bitrix\Main\Engine\AutoWire\Binder->invoke
	/home/bitrix/www/bitrix/modules/main/lib/engine/action.php:117
#3: Bitrix\Main\Engine\Action->runWithSourceParametersList
	/home/bitrix/www/bitrix/modules/main/lib/engine/controller.php:425
#4: Bitrix\Main\Engine\Controller->run
	/home/bitrix/www/bitrix/modules/main/lib/httpapplication.php:141
#5: Bitrix\Main\HttpApplication->runController
	/home/bitrix/www/bitrix/modules/main/include/routing_index.php:135
----------
Host: crm.sodeistvie.su:443
Date: 2025-01-15 12:47:32
Module: queryArray
array (
  'partnerInn' => '6608003052',
  'page' => '1',
)
#0: KPLab\API\V2\Controller\Partners->getSellersAction
	
#1: ReflectionMethod->invokeArgs
	/home/bitrix/www/bitrix/modules/main/lib/engine/autowire/binder.php:207
#2: Bitrix\Main\Engine\AutoWire\Binder->invoke
	/home/bitrix/www/bitrix/modules/main/lib/engine/action.php:117
#3: Bitrix\Main\Engine\Action->runWithSourceParametersList
	/home/bitrix/www/bitrix/modules/main/lib/engine/controller.php:425
#4: Bitrix\Main\Engine\Controller->run
	/home/bitrix/www/bitrix/modules/main/lib/httpapplication.php:141
#5: Bitrix\Main\HttpApplication->runController
	/home/bitrix/www/bitrix/modules/main/include/routing_index.php:135
----------
Host: crm.sodeistvie.su:443
Date: 2025-01-15 12:47:32
Module: referralId
20863
#0: KPLab\API\V2\Controller\Partners->getSellersAction
	
#1: ReflectionMethod->invokeArgs
	/home/bitrix/www/bitrix/modules/main/lib/engine/autowire/binder.php:207
#2: Bitrix\Main\Engine\AutoWire\Binder->invoke
	/home/bitrix/www/bitrix/modules/main/lib/engine/action.php:117
#3: Bitrix\Main\Engine\Action->runWithSourceParametersList
	/home/bitrix/www/bitrix/modules/main/lib/engine/controller.php:425
#4: Bitrix\Main\Engine\Controller->run
	/home/bitrix/www/bitrix/modules/main/lib/httpapplication.php:141
#5: Bitrix\Main\HttpApplication->runController
	/home/bitrix/www/bitrix/modules/main/include/routing_index.php:135
----------
Host: crm.sodeistvie.su:443
Date: 2025-01-15 12:47:56
Module: queryArray
array (
  'partnerInn' => '6608003052',
  'page' => '1',
)
#0: KPLab\API\V2\Controller\Partners->getSellersAction
	
#1: ReflectionMethod->invokeArgs
	/home/bitrix/www/bitrix/modules/main/lib/engine/autowire/binder.php:207
#2: Bitrix\Main\Engine\AutoWire\Binder->invoke
	/home/bitrix/www/bitrix/modules/main/lib/engine/action.php:117
#3: Bitrix\Main\Engine\Action->runWithSourceParametersList
	/home/bitrix/www/bitrix/modules/main/lib/engine/controller.php:425
#4: Bitrix\Main\Engine\Controller->run
	/home/bitrix/www/bitrix/modules/main/lib/httpapplication.php:141
#5: Bitrix\Main\HttpApplication->runController
	/home/bitrix/www/bitrix/modules/main/include/routing_index.php:135
----------
Host: crm.sodeistvie.su:443
Date: 2025-01-15 12:47:57
Module: referralId
20863
#0: KPLab\API\V2\Controller\Partners->getSellersAction
	
#1: ReflectionMethod->invokeArgs
	/home/bitrix/www/bitrix/modules/main/lib/engine/autowire/binder.php:207
#2: Bitrix\Main\Engine\AutoWire\Binder->invoke
	/home/bitrix/www/bitrix/modules/main/lib/engine/action.php:117
#3: Bitrix\Main\Engine\Action->runWithSourceParametersList
	/home/bitrix/www/bitrix/modules/main/lib/engine/controller.php:425
#4: Bitrix\Main\Engine\Controller->run
	/home/bitrix/www/bitrix/modules/main/lib/httpapplication.php:141
#5: Bitrix\Main\HttpApplication->runController
	/home/bitrix/www/bitrix/modules/main/include/routing_index.php:135
----------
Host: crm.sodeistvie.su:443
Date: 2025-01-15 12:49:15
Module: queryArray
array (
  'partnerInn' => '6608003052',
  'page' => '1',
)
#0: KPLab\API\V2\Controller\Partners->getSellersAction
	
#1: ReflectionMethod->invokeArgs
	/home/bitrix/www/bitrix/modules/main/lib/engine/autowire/binder.php:207
#2: Bitrix\Main\Engine\AutoWire\Binder->invoke
	/home/bitrix/www/bitrix/modules/main/lib/engine/action.php:117
#3: Bitrix\Main\Engine\Action->runWithSourceParametersList
	/home/bitrix/www/bitrix/modules/main/lib/engine/controller.php:425
#4: Bitrix\Main\Engine\Controller->run
	/home/bitrix/www/bitrix/modules/main/lib/httpapplication.php:141
#5: Bitrix\Main\HttpApplication->runController
	/home/bitrix/www/bitrix/modules/main/include/routing_index.php:135
----------
Host: crm.sodeistvie.su:443
Date: 2025-01-15 12:49:16
Module: referralId
20863
#0: KPLab\API\V2\Controller\Partners->getSellersAction
	
#1: ReflectionMethod->invokeArgs
	/home/bitrix/www/bitrix/modules/main/lib/engine/autowire/binder.php:207
#2: Bitrix\Main\Engine\AutoWire\Binder->invoke
	/home/bitrix/www/bitrix/modules/main/lib/engine/action.php:117
#3: Bitrix\Main\Engine\Action->runWithSourceParametersList
	/home/bitrix/www/bitrix/modules/main/lib/engine/controller.php:425
#4: Bitrix\Main\Engine\Controller->run
	/home/bitrix/www/bitrix/modules/main/lib/httpapplication.php:141
#5: Bitrix\Main\HttpApplication->runController
	/home/bitrix/www/bitrix/modules/main/include/routing_index.php:135
----------
Host: crm.sodeistvie.su:443
Date: 2025-01-15 12:49:54
Module: queryArray
array (
  'partnerInn' => '6608003052',
  'page' => '1',
)
#0: KPLab\API\V2\Controller\Partners->getSellersAction
	
#1: ReflectionMethod->invokeArgs
	/home/bitrix/www/bitrix/modules/main/lib/engine/autowire/binder.php:207
#2: Bitrix\Main\Engine\AutoWire\Binder->invoke
	/home/bitrix/www/bitrix/modules/main/lib/engine/action.php:117
#3: Bitrix\Main\Engine\Action->runWithSourceParametersList
	/home/bitrix/www/bitrix/modules/main/lib/engine/controller.php:425
#4: Bitrix\Main\Engine\Controller->run
	/home/bitrix/www/bitrix/modules/main/lib/httpapplication.php:141
#5: Bitrix\Main\HttpApplication->runController
	/home/bitrix/www/bitrix/modules/main/include/routing_index.php:135
----------
Host: crm.sodeistvie.su:443
Date: 2025-01-15 12:49:55
Module: referralId
20863
#0: KPLab\API\V2\Controller\Partners->getSellersAction
	
#1: ReflectionMethod->invokeArgs
	/home/bitrix/www/bitrix/modules/main/lib/engine/autowire/binder.php:207
#2: Bitrix\Main\Engine\AutoWire\Binder->invoke
	/home/bitrix/www/bitrix/modules/main/lib/engine/action.php:117
#3: Bitrix\Main\Engine\Action->runWithSourceParametersList
	/home/bitrix/www/bitrix/modules/main/lib/engine/controller.php:425
#4: Bitrix\Main\Engine\Controller->run
	/home/bitrix/www/bitrix/modules/main/lib/httpapplication.php:141
#5: Bitrix\Main\HttpApplication->runController
	/home/bitrix/www/bitrix/modules/main/include/routing_index.php:135
----------
Host: crm.sodeistvie.su:443
Date: 2025-01-15 12:50:44
Module: queryArray
array (
  'partnerInn' => '6608003052',
  'page' => '1',
)
#0: KPLab\API\V2\Controller\Partners->getSellersAction
	
#1: ReflectionMethod->invokeArgs
	/home/bitrix/www/bitrix/modules/main/lib/engine/autowire/binder.php:207
#2: Bitrix\Main\Engine\AutoWire\Binder->invoke
	/home/bitrix/www/bitrix/modules/main/lib/engine/action.php:117
#3: Bitrix\Main\Engine\Action->runWithSourceParametersList
	/home/bitrix/www/bitrix/modules/main/lib/engine/controller.php:425
#4: Bitrix\Main\Engine\Controller->run
	/home/bitrix/www/bitrix/modules/main/lib/httpapplication.php:141
#5: Bitrix\Main\HttpApplication->runController
	/home/bitrix/www/bitrix/modules/main/include/routing_index.php:135
----------
Host: crm.sodeistvie.su:443
Date: 2025-01-15 12:50:45
Module: referralId
20863
#0: KPLab\API\V2\Controller\Partners->getSellersAction
	
#1: ReflectionMethod->invokeArgs
	/home/bitrix/www/bitrix/modules/main/lib/engine/autowire/binder.php:207
#2: Bitrix\Main\Engine\AutoWire\Binder->invoke
	/home/bitrix/www/bitrix/modules/main/lib/engine/action.php:117
#3: Bitrix\Main\Engine\Action->runWithSourceParametersList
	/home/bitrix/www/bitrix/modules/main/lib/engine/controller.php:425
#4: Bitrix\Main\Engine\Controller->run
	/home/bitrix/www/bitrix/modules/main/lib/httpapplication.php:141
#5: Bitrix\Main\HttpApplication->runController
	/home/bitrix/www/bitrix/modules/main/include/routing_index.php:135
----------
Host: crm.sodeistvie.su:443
Date: 2025-01-15 12:51:36
Module: queryArray
array (
  'partnerInn' => '6608003052',
  'page' => '1',
)
#0: KPLab\API\V2\Controller\Partners->getSellersAction
	
#1: ReflectionMethod->invokeArgs
	/home/bitrix/www/bitrix/modules/main/lib/engine/autowire/binder.php:207
#2: Bitrix\Main\Engine\AutoWire\Binder->invoke
	/home/bitrix/www/bitrix/modules/main/lib/engine/action.php:117
#3: Bitrix\Main\Engine\Action->runWithSourceParametersList
	/home/bitrix/www/bitrix/modules/main/lib/engine/controller.php:425
#4: Bitrix\Main\Engine\Controller->run
	/home/bitrix/www/bitrix/modules/main/lib/httpapplication.php:141
#5: Bitrix\Main\HttpApplication->runController
	/home/bitrix/www/bitrix/modules/main/include/routing_index.php:135
----------
Host: crm.sodeistvie.su:443
Date: 2025-01-15 12:51:36
Module: referralId
20863
#0: KPLab\API\V2\Controller\Partners->getSellersAction
	
#1: ReflectionMethod->invokeArgs
	/home/bitrix/www/bitrix/modules/main/lib/engine/autowire/binder.php:207
#2: Bitrix\Main\Engine\AutoWire\Binder->invoke
	/home/bitrix/www/bitrix/modules/main/lib/engine/action.php:117
#3: Bitrix\Main\Engine\Action->runWithSourceParametersList
	/home/bitrix/www/bitrix/modules/main/lib/engine/controller.php:425
#4: Bitrix\Main\Engine\Controller->run
	/home/bitrix/www/bitrix/modules/main/lib/httpapplication.php:141
#5: Bitrix\Main\HttpApplication->runController
	/home/bitrix/www/bitrix/modules/main/include/routing_index.php:135
----------
Host: crm.sodeistvie.su:443
Date: 2025-01-15 12:53:39
Module: queryArray
array (
  'partnerInn' => '6608003052',
  'page' => '1',
)
#0: KPLab\API\V2\Controller\Partners->getSellersAction
	
#1: ReflectionMethod->invokeArgs
	/home/bitrix/www/bitrix/modules/main/lib/engine/autowire/binder.php:207
#2: Bitrix\Main\Engine\AutoWire\Binder->invoke
	/home/bitrix/www/bitrix/modules/main/lib/engine/action.php:117
#3: Bitrix\Main\Engine\Action->runWithSourceParametersList
	/home/bitrix/www/bitrix/modules/main/lib/engine/controller.php:425
#4: Bitrix\Main\Engine\Controller->run
	/home/bitrix/www/bitrix/modules/main/lib/httpapplication.php:141
#5: Bitrix\Main\HttpApplication->runController
	/home/bitrix/www/bitrix/modules/main/include/routing_index.php:135
----------
Host: crm.sodeistvie.su:443
Date: 2025-01-15 12:53:40
Module: referralId
20863
#0: KPLab\API\V2\Controller\Partners->getSellersAction
	
#1: ReflectionMethod->invokeArgs
	/home/bitrix/www/bitrix/modules/main/lib/engine/autowire/binder.php:207
#2: Bitrix\Main\Engine\AutoWire\Binder->invoke
	/home/bitrix/www/bitrix/modules/main/lib/engine/action.php:117
#3: Bitrix\Main\Engine\Action->runWithSourceParametersList
	/home/bitrix/www/bitrix/modules/main/lib/engine/controller.php:425
#4: Bitrix\Main\Engine\Controller->run
	/home/bitrix/www/bitrix/modules/main/lib/httpapplication.php:141
#5: Bitrix\Main\HttpApplication->runController
	/home/bitrix/www/bitrix/modules/main/include/routing_index.php:135
----------
Host: crm.sodeistvie.su:443
Date: 2025-01-15 12:54:21
Module: queryArray
array (
  'partnerInn' => '6608003052',
  'page' => '1',
)
#0: KPLab\API\V2\Controller\Partners->getSellersAction
	
#1: ReflectionMethod->invokeArgs
	/home/bitrix/www/bitrix/modules/main/lib/engine/autowire/binder.php:207
#2: Bitrix\Main\Engine\AutoWire\Binder->invoke
	/home/bitrix/www/bitrix/modules/main/lib/engine/action.php:117
#3: Bitrix\Main\Engine\Action->runWithSourceParametersList
	/home/bitrix/www/bitrix/modules/main/lib/engine/controller.php:425
#4: Bitrix\Main\Engine\Controller->run
	/home/bitrix/www/bitrix/modules/main/lib/httpapplication.php:141
#5: Bitrix\Main\HttpApplication->runController
	/home/bitrix/www/bitrix/modules/main/include/routing_index.php:135
----------
Host: crm.sodeistvie.su:443
Date: 2025-01-15 12:54:21
Module: referralId
20863
#0: KPLab\API\V2\Controller\Partners->getSellersAction
	
#1: ReflectionMethod->invokeArgs
	/home/bitrix/www/bitrix/modules/main/lib/engine/autowire/binder.php:207
#2: Bitrix\Main\Engine\AutoWire\Binder->invoke
	/home/bitrix/www/bitrix/modules/main/lib/engine/action.php:117
#3: Bitrix\Main\Engine\Action->runWithSourceParametersList
	/home/bitrix/www/bitrix/modules/main/lib/engine/controller.php:425
#4: Bitrix\Main\Engine\Controller->run
	/home/bitrix/www/bitrix/modules/main/lib/httpapplication.php:141
#5: Bitrix\Main\HttpApplication->runController
	/home/bitrix/www/bitrix/modules/main/include/routing_index.php:135
----------
Host: crm.sodeistvie.su:443
Date: 2025-01-15 12:55:17
Module: queryArray
array (
  'partnerInn' => '6608003052',
  'page' => '1',
)
#0: KPLab\API\V2\Controller\Partners->getSellersAction
	
#1: ReflectionMethod->invokeArgs
	/home/bitrix/www/bitrix/modules/main/lib/engine/autowire/binder.php:207
#2: Bitrix\Main\Engine\AutoWire\Binder->invoke
	/home/bitrix/www/bitrix/modules/main/lib/engine/action.php:117
#3: Bitrix\Main\Engine\Action->runWithSourceParametersList
	/home/bitrix/www/bitrix/modules/main/lib/engine/controller.php:425
#4: Bitrix\Main\Engine\Controller->run
	/home/bitrix/www/bitrix/modules/main/lib/httpapplication.php:141
#5: Bitrix\Main\HttpApplication->runController
	/home/bitrix/www/bitrix/modules/main/include/routing_index.php:135
----------
Host: crm.sodeistvie.su:443
Date: 2025-01-15 12:55:17
Module: referralId
20863
#0: KPLab\API\V2\Controller\Partners->getSellersAction
	
#1: ReflectionMethod->invokeArgs
	/home/bitrix/www/bitrix/modules/main/lib/engine/autowire/binder.php:207
#2: Bitrix\Main\Engine\AutoWire\Binder->invoke
	/home/bitrix/www/bitrix/modules/main/lib/engine/action.php:117
#3: Bitrix\Main\Engine\Action->runWithSourceParametersList
	/home/bitrix/www/bitrix/modules/main/lib/engine/controller.php:425
#4: Bitrix\Main\Engine\Controller->run
	/home/bitrix/www/bitrix/modules/main/lib/httpapplication.php:141
#5: Bitrix\Main\HttpApplication->runController
	/home/bitrix/www/bitrix/modules/main/include/routing_index.php:135
----------
Host: crm.sodeistvie.su:443
Date: 2025-01-15 12:57:09
Module: queryArray
array (
  'partnerInn' => '6608003052',
  'page' => '1',
)
#0: KPLab\API\V2\Controller\Partners->getSellersAction
	
#1: ReflectionMethod->invokeArgs
	/home/bitrix/www/bitrix/modules/main/lib/engine/autowire/binder.php:207
#2: Bitrix\Main\Engine\AutoWire\Binder->invoke
	/home/bitrix/www/bitrix/modules/main/lib/engine/action.php:117
#3: Bitrix\Main\Engine\Action->runWithSourceParametersList
	/home/bitrix/www/bitrix/modules/main/lib/engine/controller.php:425
#4: Bitrix\Main\Engine\Controller->run
	/home/bitrix/www/bitrix/modules/main/lib/httpapplication.php:141
#5: Bitrix\Main\HttpApplication->runController
	/home/bitrix/www/bitrix/modules/main/include/routing_index.php:135
----------
Host: crm.sodeistvie.su:443
Date: 2025-01-15 12:57:10
Module: referralId
20863
#0: KPLab\API\V2\Controller\Partners->getSellersAction
	
#1: ReflectionMethod->invokeArgs
	/home/bitrix/www/bitrix/modules/main/lib/engine/autowire/binder.php:207
#2: Bitrix\Main\Engine\AutoWire\Binder->invoke
	/home/bitrix/www/bitrix/modules/main/lib/engine/action.php:117
#3: Bitrix\Main\Engine\Action->runWithSourceParametersList
	/home/bitrix/www/bitrix/modules/main/lib/engine/controller.php:425
#4: Bitrix\Main\Engine\Controller->run
	/home/bitrix/www/bitrix/modules/main/lib/httpapplication.php:141
#5: Bitrix\Main\HttpApplication->runController
	/home/bitrix/www/bitrix/modules/main/include/routing_index.php:135
----------
Host: crm.sodeistvie.su:443
Date: 2025-01-15 12:59:07
Module: queryArray
array (
  'partnerInn' => '6608003052',
  'page' => '1',
)
#0: KPLab\API\V2\Controller\Partners->getSellersAction
	
#1: ReflectionMethod->invokeArgs
	/home/bitrix/www/bitrix/modules/main/lib/engine/autowire/binder.php:207
#2: Bitrix\Main\Engine\AutoWire\Binder->invoke
	/home/bitrix/www/bitrix/modules/main/lib/engine/action.php:117
#3: Bitrix\Main\Engine\Action->runWithSourceParametersList
	/home/bitrix/www/bitrix/modules/main/lib/engine/controller.php:425
#4: Bitrix\Main\Engine\Controller->run
	/home/bitrix/www/bitrix/modules/main/lib/httpapplication.php:141
#5: Bitrix\Main\HttpApplication->runController
	/home/bitrix/www/bitrix/modules/main/include/routing_index.php:135
----------
Host: crm.sodeistvie.su:443
Date: 2025-01-15 12:59:08
Module: referralId
20863
#0: KPLab\API\V2\Controller\Partners->getSellersAction
	
#1: ReflectionMethod->invokeArgs
	/home/bitrix/www/bitrix/modules/main/lib/engine/autowire/binder.php:207
#2: Bitrix\Main\Engine\AutoWire\Binder->invoke
	/home/bitrix/www/bitrix/modules/main/lib/engine/action.php:117
#3: Bitrix\Main\Engine\Action->runWithSourceParametersList
	/home/bitrix/www/bitrix/modules/main/lib/engine/controller.php:425
#4: Bitrix\Main\Engine\Controller->run
	/home/bitrix/www/bitrix/modules/main/lib/httpapplication.php:141
#5: Bitrix\Main\HttpApplication->runController
	/home/bitrix/www/bitrix/modules/main/include/routing_index.php:135
----------
Host: crm.sodeistvie.su:443
Date: 2025-01-15 13:17:47
Module: queryArray
array (
  'partnerInn' => '6608003052',
  'page' => '1',
)
#0: KPLab\API\V2\Controller\Partners->getSellersAction
	
#1: ReflectionMethod->invokeArgs
	/home/bitrix/www/bitrix/modules/main/lib/engine/autowire/binder.php:207
#2: Bitrix\Main\Engine\AutoWire\Binder->invoke
	/home/bitrix/www/bitrix/modules/main/lib/engine/action.php:117
#3: Bitrix\Main\Engine\Action->runWithSourceParametersList
	/home/bitrix/www/bitrix/modules/main/lib/engine/controller.php:425
#4: Bitrix\Main\Engine\Controller->run
	/home/bitrix/www/bitrix/modules/main/lib/httpapplication.php:141
#5: Bitrix\Main\HttpApplication->runController
	/home/bitrix/www/bitrix/modules/main/include/routing_index.php:135
----------
Host: crm.sodeistvie.su:443
Date: 2025-01-15 13:17:48
Module: referralId
20863
#0: KPLab\API\V2\Controller\Partners->getSellersAction
	
#1: ReflectionMethod->invokeArgs
	/home/bitrix/www/bitrix/modules/main/lib/engine/autowire/binder.php:207
#2: Bitrix\Main\Engine\AutoWire\Binder->invoke
	/home/bitrix/www/bitrix/modules/main/lib/engine/action.php:117
#3: Bitrix\Main\Engine\Action->runWithSourceParametersList
	/home/bitrix/www/bitrix/modules/main/lib/engine/controller.php:425
#4: Bitrix\Main\Engine\Controller->run
	/home/bitrix/www/bitrix/modules/main/lib/httpapplication.php:141
#5: Bitrix\Main\HttpApplication->runController
	/home/bitrix/www/bitrix/modules/main/include/routing_index.php:135
----------
Host: crm.sodeistvie.su:443
Date: 2025-01-15 13:21:15
Module: queryArray
array (
  'partnerInn' => '6608003052',
  'page' => '1',
)
#0: KPLab\API\V2\Controller\Partners->getSellersAction
	
#1: ReflectionMethod->invokeArgs
	/home/bitrix/www/bitrix/modules/main/lib/engine/autowire/binder.php:207
#2: Bitrix\Main\Engine\AutoWire\Binder->invoke
	/home/bitrix/www/bitrix/modules/main/lib/engine/action.php:117
#3: Bitrix\Main\Engine\Action->runWithSourceParametersList
	/home/bitrix/www/bitrix/modules/main/lib/engine/controller.php:425
#4: Bitrix\Main\Engine\Controller->run
	/home/bitrix/www/bitrix/modules/main/lib/httpapplication.php:141
#5: Bitrix\Main\HttpApplication->runController
	/home/bitrix/www/bitrix/modules/main/include/routing_index.php:135
----------
Host: crm.sodeistvie.su:443
Date: 2025-01-15 13:21:15
Module: referralId
20863
#0: KPLab\API\V2\Controller\Partners->getSellersAction
	
#1: ReflectionMethod->invokeArgs
	/home/bitrix/www/bitrix/modules/main/lib/engine/autowire/binder.php:207
#2: Bitrix\Main\Engine\AutoWire\Binder->invoke
	/home/bitrix/www/bitrix/modules/main/lib/engine/action.php:117
#3: Bitrix\Main\Engine\Action->runWithSourceParametersList
	/home/bitrix/www/bitrix/modules/main/lib/engine/controller.php:425
#4: Bitrix\Main\Engine\Controller->run
	/home/bitrix/www/bitrix/modules/main/lib/httpapplication.php:141
#5: Bitrix\Main\HttpApplication->runController
	/home/bitrix/www/bitrix/modules/main/include/routing_index.php:135
----------
Host: crm.sodeistvie.su:443
Date: 2025-01-15 14:21:04
Module: queryArray
array (
  'partnerInn' => '6608003052',
  'page' => '1',
)
#0: KPLab\API\V2\Controller\Partners->getSellersAction
	
#1: ReflectionMethod->invokeArgs
	/home/bitrix/www/bitrix/modules/main/lib/engine/autowire/binder.php:207
#2: Bitrix\Main\Engine\AutoWire\Binder->invoke
	/home/bitrix/www/bitrix/modules/main/lib/engine/action.php:117
#3: Bitrix\Main\Engine\Action->runWithSourceParametersList
	/home/bitrix/www/bitrix/modules/main/lib/engine/controller.php:425
#4: Bitrix\Main\Engine\Controller->run
	/home/bitrix/www/bitrix/modules/main/lib/httpapplication.php:141
#5: Bitrix\Main\HttpApplication->runController
	/home/bitrix/www/bitrix/modules/main/include/routing_index.php:135
----------
Host: crm.sodeistvie.su:443
Date: 2025-01-15 14:21:05
Module: referralId
20863
#0: KPLab\API\V2\Controller\Partners->getSellersAction
	
#1: ReflectionMethod->invokeArgs
	/home/bitrix/www/bitrix/modules/main/lib/engine/autowire/binder.php:207
#2: Bitrix\Main\Engine\AutoWire\Binder->invoke
	/home/bitrix/www/bitrix/modules/main/lib/engine/action.php:117
#3: Bitrix\Main\Engine\Action->runWithSourceParametersList
	/home/bitrix/www/bitrix/modules/main/lib/engine/controller.php:425
#4: Bitrix\Main\Engine\Controller->run
	/home/bitrix/www/bitrix/modules/main/lib/httpapplication.php:141
#5: Bitrix\Main\HttpApplication->runController
	/home/bitrix/www/bitrix/modules/main/include/routing_index.php:135
----------
Host: crm.sodeistvie.su:443
Date: 2025-01-15 14:26:37
Module: queryArray
array (
  'partnerInn' => '6608003052',
  'page' => '1',
)
#0: KPLab\API\V2\Controller\Partners->getSellersAction
	
#1: ReflectionMethod->invokeArgs
	/home/bitrix/www/bitrix/modules/main/lib/engine/autowire/binder.php:207
#2: Bitrix\Main\Engine\AutoWire\Binder->invoke
	/home/bitrix/www/bitrix/modules/main/lib/engine/action.php:117
#3: Bitrix\Main\Engine\Action->runWithSourceParametersList
	/home/bitrix/www/bitrix/modules/main/lib/engine/controller.php:425
#4: Bitrix\Main\Engine\Controller->run
	/home/bitrix/www/bitrix/modules/main/lib/httpapplication.php:141
#5: Bitrix\Main\HttpApplication->runController
	/home/bitrix/www/bitrix/modules/main/include/routing_index.php:135
----------
Host: crm.sodeistvie.su:443
Date: 2025-01-15 14:26:38
Module: referralId
20863
#0: KPLab\API\V2\Controller\Partners->getSellersAction
	
#1: ReflectionMethod->invokeArgs
	/home/bitrix/www/bitrix/modules/main/lib/engine/autowire/binder.php:207
#2: Bitrix\Main\Engine\AutoWire\Binder->invoke
	/home/bitrix/www/bitrix/modules/main/lib/engine/action.php:117
#3: Bitrix\Main\Engine\Action->runWithSourceParametersList
	/home/bitrix/www/bitrix/modules/main/lib/engine/controller.php:425
#4: Bitrix\Main\Engine\Controller->run
	/home/bitrix/www/bitrix/modules/main/lib/httpapplication.php:141
#5: Bitrix\Main\HttpApplication->runController
	/home/bitrix/www/bitrix/modules/main/include/routing_index.php:135
----------
Host: crm.sodeistvie.su:443
Date: 2025-01-15 14:26:39
Module: queryArray
array (
  'partnerInn' => '6608003052',
  'page' => '51',
  'status' => 'all',
)
#0: KPLab\API\V2\Controller\Partners->getSellersAction
	
#1: ReflectionMethod->invokeArgs
	/home/bitrix/www/bitrix/modules/main/lib/engine/autowire/binder.php:207
#2: Bitrix\Main\Engine\AutoWire\Binder->invoke
	/home/bitrix/www/bitrix/modules/main/lib/engine/action.php:117
#3: Bitrix\Main\Engine\Action->runWithSourceParametersList
	/home/bitrix/www/bitrix/modules/main/lib/engine/controller.php:425
#4: Bitrix\Main\Engine\Controller->run
	/home/bitrix/www/bitrix/modules/main/lib/httpapplication.php:141
#5: Bitrix\Main\HttpApplication->runController
	/home/bitrix/www/bitrix/modules/main/include/routing_index.php:135
----------
Host: crm.sodeistvie.su:443
Date: 2025-01-15 14:26:40
Module: referralId
20863
#0: KPLab\API\V2\Controller\Partners->getSellersAction
	
#1: ReflectionMethod->invokeArgs
	/home/bitrix/www/bitrix/modules/main/lib/engine/autowire/binder.php:207
#2: Bitrix\Main\Engine\AutoWire\Binder->invoke
	/home/bitrix/www/bitrix/modules/main/lib/engine/action.php:117
#3: Bitrix\Main\Engine\Action->runWithSourceParametersList
	/home/bitrix/www/bitrix/modules/main/lib/engine/controller.php:425
#4: Bitrix\Main\Engine\Controller->run
	/home/bitrix/www/bitrix/modules/main/lib/httpapplication.php:141
#5: Bitrix\Main\HttpApplication->runController
	/home/bitrix/www/bitrix/modules/main/include/routing_index.php:135
----------
Host: crm.sodeistvie.su:443
Date: 2025-01-15 16:23:14
Module: queryArray
array (
  'partnerInn' => '770265064878',
  'page' => '1',
)
#0: KPLab\API\V2\Controller\Partners->getSellersAction
	
#1: ReflectionMethod->invokeArgs
	/home/bitrix/www/bitrix/modules/main/lib/engine/autowire/binder.php:207
#2: Bitrix\Main\Engine\AutoWire\Binder->invoke
	/home/bitrix/www/bitrix/modules/main/lib/engine/action.php:117
#3: Bitrix\Main\Engine\Action->runWithSourceParametersList
	/home/bitrix/www/bitrix/modules/main/lib/engine/controller.php:425
#4: Bitrix\Main\Engine\Controller->run
	/home/bitrix/www/bitrix/modules/main/lib/httpapplication.php:141
#5: Bitrix\Main\HttpApplication->runController
	/home/bitrix/www/bitrix/modules/main/include/routing_index.php:135
----------
Host: crm.sodeistvie.su:443
Date: 2025-01-15 16:23:14
Module: referralId
46673
#0: KPLab\API\V2\Controller\Partners->getSellersAction
	
#1: ReflectionMethod->invokeArgs
	/home/bitrix/www/bitrix/modules/main/lib/engine/autowire/binder.php:207
#2: Bitrix\Main\Engine\AutoWire\Binder->invoke
	/home/bitrix/www/bitrix/modules/main/lib/engine/action.php:117
#3: Bitrix\Main\Engine\Action->runWithSourceParametersList
	/home/bitrix/www/bitrix/modules/main/lib/engine/controller.php:425
#4: Bitrix\Main\Engine\Controller->run
	/home/bitrix/www/bitrix/modules/main/lib/httpapplication.php:141
#5: Bitrix\Main\HttpApplication->runController
	/home/bitrix/www/bitrix/modules/main/include/routing_index.php:135
----------
Host: crm.sodeistvie.su:443
Date: 2025-01-15 16:23:20
Module: queryArray
array (
  'partnerInn' => '770265064878',
  'page' => '1',
)
#0: KPLab\API\V2\Controller\Partners->getSellersAction
	
#1: ReflectionMethod->invokeArgs
	/home/bitrix/www/bitrix/modules/main/lib/engine/autowire/binder.php:207
#2: Bitrix\Main\Engine\AutoWire\Binder->invoke
	/home/bitrix/www/bitrix/modules/main/lib/engine/action.php:117
#3: Bitrix\Main\Engine\Action->runWithSourceParametersList
	/home/bitrix/www/bitrix/modules/main/lib/engine/controller.php:425
#4: Bitrix\Main\Engine\Controller->run
	/home/bitrix/www/bitrix/modules/main/lib/httpapplication.php:141
#5: Bitrix\Main\HttpApplication->runController
	/home/bitrix/www/bitrix/modules/main/include/routing_index.php:135
----------
Host: crm.sodeistvie.su:443
Date: 2025-01-15 16:23:20
Module: referralId
46673
#0: KPLab\API\V2\Controller\Partners->getSellersAction
	
#1: ReflectionMethod->invokeArgs
	/home/bitrix/www/bitrix/modules/main/lib/engine/autowire/binder.php:207
#2: Bitrix\Main\Engine\AutoWire\Binder->invoke
	/home/bitrix/www/bitrix/modules/main/lib/engine/action.php:117
#3: Bitrix\Main\Engine\Action->runWithSourceParametersList
	/home/bitrix/www/bitrix/modules/main/lib/engine/controller.php:425
#4: Bitrix\Main\Engine\Controller->run
	/home/bitrix/www/bitrix/modules/main/lib/httpapplication.php:141
#5: Bitrix\Main\HttpApplication->runController
	/home/bitrix/www/bitrix/modules/main/include/routing_index.php:135
----------
Host: crm.sodeistvie.su:443
Date: 2025-01-15 16:23:27
Module: queryArray
array (
  'partnerInn' => '770265064878',
  'page' => '1',
)
#0: KPLab\API\V2\Controller\Partners->getSellersAction
	
#1: ReflectionMethod->invokeArgs
	/home/bitrix/www/bitrix/modules/main/lib/engine/autowire/binder.php:207
#2: Bitrix\Main\Engine\AutoWire\Binder->invoke
	/home/bitrix/www/bitrix/modules/main/lib/engine/action.php:117
#3: Bitrix\Main\Engine\Action->runWithSourceParametersList
	/home/bitrix/www/bitrix/modules/main/lib/engine/controller.php:425
#4: Bitrix\Main\Engine\Controller->run
	/home/bitrix/www/bitrix/modules/main/lib/httpapplication.php:141
#5: Bitrix\Main\HttpApplication->runController
	/home/bitrix/www/bitrix/modules/main/include/routing_index.php:135
----------
Host: crm.sodeistvie.su:443
Date: 2025-01-15 16:23:27
Module: referralId
46673
#0: KPLab\API\V2\Controller\Partners->getSellersAction
	
#1: ReflectionMethod->invokeArgs
	/home/bitrix/www/bitrix/modules/main/lib/engine/autowire/binder.php:207
#2: Bitrix\Main\Engine\AutoWire\Binder->invoke
	/home/bitrix/www/bitrix/modules/main/lib/engine/action.php:117
#3: Bitrix\Main\Engine\Action->runWithSourceParametersList
	/home/bitrix/www/bitrix/modules/main/lib/engine/controller.php:425
#4: Bitrix\Main\Engine\Controller->run
	/home/bitrix/www/bitrix/modules/main/lib/httpapplication.php:141
#5: Bitrix\Main\HttpApplication->runController
	/home/bitrix/www/bitrix/modules/main/include/routing_index.php:135
----------
Host: crm.sodeistvie.su:443
Date: 2025-01-15 16:35:13
Module: queryArray
array (
  'partnerInn' => '3257078519',
  'page' => '1',
)
#0: KPLab\API\V2\Controller\Partners->getSellersAction
	
#1: ReflectionMethod->invokeArgs
	/home/bitrix/www/bitrix/modules/main/lib/engine/autowire/binder.php:207
#2: Bitrix\Main\Engine\AutoWire\Binder->invoke
	/home/bitrix/www/bitrix/modules/main/lib/engine/action.php:117
#3: Bitrix\Main\Engine\Action->runWithSourceParametersList
	/home/bitrix/www/bitrix/modules/main/lib/engine/controller.php:425
#4: Bitrix\Main\Engine\Controller->run
	/home/bitrix/www/bitrix/modules/main/lib/httpapplication.php:141
#5: Bitrix\Main\HttpApplication->runController
	/home/bitrix/www/bitrix/modules/main/include/routing_index.php:135
----------
Host: crm.sodeistvie.su:443
Date: 2025-01-15 16:35:14
Module: referralId
53511
#0: KPLab\API\V2\Controller\Partners->getSellersAction
	
#1: ReflectionMethod->invokeArgs
	/home/bitrix/www/bitrix/modules/main/lib/engine/autowire/binder.php:207
#2: Bitrix\Main\Engine\AutoWire\Binder->invoke
	/home/bitrix/www/bitrix/modules/main/lib/engine/action.php:117
#3: Bitrix\Main\Engine\Action->runWithSourceParametersList
	/home/bitrix/www/bitrix/modules/main/lib/engine/controller.php:425
#4: Bitrix\Main\Engine\Controller->run
	/home/bitrix/www/bitrix/modules/main/lib/httpapplication.php:141
#5: Bitrix\Main\HttpApplication->runController
	/home/bitrix/www/bitrix/modules/main/include/routing_index.php:135
----------
Host: crm.sodeistvie.su:443
Date: 2025-01-15 16:41:55
Module: queryArray
array (
  'partnerInn' => '3257078519',
  'page' => '1',
)
#0: KPLab\API\V2\Controller\Partners->getSellersAction
	
#1: ReflectionMethod->invokeArgs
	/home/bitrix/www/bitrix/modules/main/lib/engine/autowire/binder.php:207
#2: Bitrix\Main\Engine\AutoWire\Binder->invoke
	/home/bitrix/www/bitrix/modules/main/lib/engine/action.php:117
#3: Bitrix\Main\Engine\Action->runWithSourceParametersList
	/home/bitrix/www/bitrix/modules/main/lib/engine/controller.php:425
#4: Bitrix\Main\Engine\Controller->run
	/home/bitrix/www/bitrix/modules/main/lib/httpapplication.php:141
#5: Bitrix\Main\HttpApplication->runController
	/home/bitrix/www/bitrix/modules/main/include/routing_index.php:135
----------
Host: crm.sodeistvie.su:443
Date: 2025-01-15 16:41:55
Module: referralId
53511
#0: KPLab\API\V2\Controller\Partners->getSellersAction
	
#1: ReflectionMethod->invokeArgs
	/home/bitrix/www/bitrix/modules/main/lib/engine/autowire/binder.php:207
#2: Bitrix\Main\Engine\AutoWire\Binder->invoke
	/home/bitrix/www/bitrix/modules/main/lib/engine/action.php:117
#3: Bitrix\Main\Engine\Action->runWithSourceParametersList
	/home/bitrix/www/bitrix/modules/main/lib/engine/controller.php:425
#4: Bitrix\Main\Engine\Controller->run
	/home/bitrix/www/bitrix/modules/main/lib/httpapplication.php:141
#5: Bitrix\Main\HttpApplication->runController
	/home/bitrix/www/bitrix/modules/main/include/routing_index.php:135
----------
Host: crm.sodeistvie.su:443
Date: 2025-01-15 17:11:23
Module: queryArray
array (
  'partnerInn' => '7719874730',
  'page' => '1',
)
#0: KPLab\API\V2\Controller\Partners->getSellersAction
	
#1: ReflectionMethod->invokeArgs
	/home/bitrix/www/bitrix/modules/main/lib/engine/autowire/binder.php:207
#2: Bitrix\Main\Engine\AutoWire\Binder->invoke
	/home/bitrix/www/bitrix/modules/main/lib/engine/action.php:117
#3: Bitrix\Main\Engine\Action->runWithSourceParametersList
	/home/bitrix/www/bitrix/modules/main/lib/engine/controller.php:425
#4: Bitrix\Main\Engine\Controller->run
	/home/bitrix/www/bitrix/modules/main/lib/httpapplication.php:141
#5: Bitrix\Main\HttpApplication->runController
	/home/bitrix/www/bitrix/modules/main/include/routing_index.php:135
----------
Host: crm.sodeistvie.su:443
Date: 2025-01-15 17:11:24
Module: referralId
49522
#0: KPLab\API\V2\Controller\Partners->getSellersAction
	
#1: ReflectionMethod->invokeArgs
	/home/bitrix/www/bitrix/modules/main/lib/engine/autowire/binder.php:207
#2: Bitrix\Main\Engine\AutoWire\Binder->invoke
	/home/bitrix/www/bitrix/modules/main/lib/engine/action.php:117
#3: Bitrix\Main\Engine\Action->runWithSourceParametersList
	/home/bitrix/www/bitrix/modules/main/lib/engine/controller.php:425
#4: Bitrix\Main\Engine\Controller->run
	/home/bitrix/www/bitrix/modules/main/lib/httpapplication.php:141
#5: Bitrix\Main\HttpApplication->runController
	/home/bitrix/www/bitrix/modules/main/include/routing_index.php:135
----------
Host: crm.sodeistvie.su:443
Date: 2025-01-15 17:33:46
Module: queryArray
array (
  'partnerInn' => '772173434667',
  'page' => '1',
)
#0: KPLab\API\V2\Controller\Partners->getSellersAction
	
#1: ReflectionMethod->invokeArgs
	/home/bitrix/www/bitrix/modules/main/lib/engine/autowire/binder.php:207
#2: Bitrix\Main\Engine\AutoWire\Binder->invoke
	/home/bitrix/www/bitrix/modules/main/lib/engine/action.php:117
#3: Bitrix\Main\Engine\Action->runWithSourceParametersList
	/home/bitrix/www/bitrix/modules/main/lib/engine/controller.php:425
#4: Bitrix\Main\Engine\Controller->run
	/home/bitrix/www/bitrix/modules/main/lib/httpapplication.php:141
#5: Bitrix\Main\HttpApplication->runController
	/home/bitrix/www/bitrix/modules/main/include/routing_index.php:135
----------
Host: crm.sodeistvie.su:443
Date: 2025-01-15 17:33:47
Module: referralId
49950
#0: KPLab\API\V2\Controller\Partners->getSellersAction
	
#1: ReflectionMethod->invokeArgs
	/home/bitrix/www/bitrix/modules/main/lib/engine/autowire/binder.php:207
#2: Bitrix\Main\Engine\AutoWire\Binder->invoke
	/home/bitrix/www/bitrix/modules/main/lib/engine/action.php:117
#3: Bitrix\Main\Engine\Action->runWithSourceParametersList
	/home/bitrix/www/bitrix/modules/main/lib/engine/controller.php:425
#4: Bitrix\Main\Engine\Controller->run
	/home/bitrix/www/bitrix/modules/main/lib/httpapplication.php:141
#5: Bitrix\Main\HttpApplication->runController
	/home/bitrix/www/bitrix/modules/main/include/routing_index.php:135
----------
Host: crm.sodeistvie.su:443
Date: 2025-01-15 17:33:48
Module: queryArray
array (
  'partnerInn' => '772173434667',
  'page' => '51',
  'status' => 'all',
)
#0: KPLab\API\V2\Controller\Partners->getSellersAction
	
#1: ReflectionMethod->invokeArgs
	/home/bitrix/www/bitrix/modules/main/lib/engine/autowire/binder.php:207
#2: Bitrix\Main\Engine\AutoWire\Binder->invoke
	/home/bitrix/www/bitrix/modules/main/lib/engine/action.php:117
#3: Bitrix\Main\Engine\Action->runWithSourceParametersList
	/home/bitrix/www/bitrix/modules/main/lib/engine/controller.php:425
#4: Bitrix\Main\Engine\Controller->run
	/home/bitrix/www/bitrix/modules/main/lib/httpapplication.php:141
#5: Bitrix\Main\HttpApplication->runController
	/home/bitrix/www/bitrix/modules/main/include/routing_index.php:135
----------
Host: crm.sodeistvie.su:443
Date: 2025-01-15 17:33:49
Module: referralId
49950
#0: KPLab\API\V2\Controller\Partners->getSellersAction
	
#1: ReflectionMethod->invokeArgs
	/home/bitrix/www/bitrix/modules/main/lib/engine/autowire/binder.php:207
#2: Bitrix\Main\Engine\AutoWire\Binder->invoke
	/home/bitrix/www/bitrix/modules/main/lib/engine/action.php:117
#3: Bitrix\Main\Engine\Action->runWithSourceParametersList
	/home/bitrix/www/bitrix/modules/main/lib/engine/controller.php:425
#4: Bitrix\Main\Engine\Controller->run
	/home/bitrix/www/bitrix/modules/main/lib/httpapplication.php:141
#5: Bitrix\Main\HttpApplication->runController
	/home/bitrix/www/bitrix/modules/main/include/routing_index.php:135
----------
Host: crm.sodeistvie.su:443
Date: 2025-01-15 18:42:43
Module: queryArray
array (
  'partnerInn' => '9705120864',
  'page' => '1',
)
#0: KPLab\API\V2\Controller\Partners->getSellersAction
	
#1: ReflectionMethod->invokeArgs
	/home/bitrix/www/bitrix/modules/main/lib/engine/autowire/binder.php:207
#2: Bitrix\Main\Engine\AutoWire\Binder->invoke
	/home/bitrix/www/bitrix/modules/main/lib/engine/action.php:117
#3: Bitrix\Main\Engine\Action->runWithSourceParametersList
	/home/bitrix/www/bitrix/modules/main/lib/engine/controller.php:425
#4: Bitrix\Main\Engine\Controller->run
	/home/bitrix/www/bitrix/modules/main/lib/httpapplication.php:141
#5: Bitrix\Main\HttpApplication->runController
	/home/bitrix/www/bitrix/modules/main/include/routing_index.php:135
----------
Host: crm.sodeistvie.su:443
Date: 2025-01-15 18:42:44
Module: referralId
31590
#0: KPLab\API\V2\Controller\Partners->getSellersAction
	
#1: ReflectionMethod->invokeArgs
	/home/bitrix/www/bitrix/modules/main/lib/engine/autowire/binder.php:207
#2: Bitrix\Main\Engine\AutoWire\Binder->invoke
	/home/bitrix/www/bitrix/modules/main/lib/engine/action.php:117
#3: Bitrix\Main\Engine\Action->runWithSourceParametersList
	/home/bitrix/www/bitrix/modules/main/lib/engine/controller.php:425
#4: Bitrix\Main\Engine\Controller->run
	/home/bitrix/www/bitrix/modules/main/lib/httpapplication.php:141
#5: Bitrix\Main\HttpApplication->runController
	/home/bitrix/www/bitrix/modules/main/include/routing_index.php:135
----------
Host: crm.sodeistvie.su:443
Date: 2025-01-15 18:49:43
Module: queryArray
array (
  'partnerInn' => '292007350650',
  'page' => '1',
)
#0: KPLab\API\V2\Controller\Partners->getSellersAction
	
#1: ReflectionMethod->invokeArgs
	/home/bitrix/www/bitrix/modules/main/lib/engine/autowire/binder.php:207
#2: Bitrix\Main\Engine\AutoWire\Binder->invoke
	/home/bitrix/www/bitrix/modules/main/lib/engine/action.php:117
#3: Bitrix\Main\Engine\Action->runWithSourceParametersList
	/home/bitrix/www/bitrix/modules/main/lib/engine/controller.php:425
#4: Bitrix\Main\Engine\Controller->run
	/home/bitrix/www/bitrix/modules/main/lib/httpapplication.php:141
#5: Bitrix\Main\HttpApplication->runController
	/home/bitrix/www/bitrix/modules/main/include/routing_index.php:135
----------
Host: crm.sodeistvie.su:443
Date: 2025-01-15 18:49:44
Module: referralId
20976
#0: KPLab\API\V2\Controller\Partners->getSellersAction
	
#1: ReflectionMethod->invokeArgs
	/home/bitrix/www/bitrix/modules/main/lib/engine/autowire/binder.php:207
#2: Bitrix\Main\Engine\AutoWire\Binder->invoke
	/home/bitrix/www/bitrix/modules/main/lib/engine/action.php:117
#3: Bitrix\Main\Engine\Action->runWithSourceParametersList
	/home/bitrix/www/bitrix/modules/main/lib/engine/controller.php:425
#4: Bitrix\Main\Engine\Controller->run
	/home/bitrix/www/bitrix/modules/main/lib/httpapplication.php:141
#5: Bitrix\Main\HttpApplication->runController
	/home/bitrix/www/bitrix/modules/main/include/routing_index.php:135
----------
Host: crm.sodeistvie.su:443
Date: 2025-01-15 19:01:24
Module: queryArray
array (
  'partnerInn' => '252103890719',
  'page' => '1',
)
#0: KPLab\API\V2\Controller\Partners->getSellersAction
	
#1: ReflectionMethod->invokeArgs
	/home/bitrix/www/bitrix/modules/main/lib/engine/autowire/binder.php:207
#2: Bitrix\Main\Engine\AutoWire\Binder->invoke
	/home/bitrix/www/bitrix/modules/main/lib/engine/action.php:117
#3: Bitrix\Main\Engine\Action->runWithSourceParametersList
	/home/bitrix/www/bitrix/modules/main/lib/engine/controller.php:425
#4: Bitrix\Main\Engine\Controller->run
	/home/bitrix/www/bitrix/modules/main/lib/httpapplication.php:141
#5: Bitrix\Main\HttpApplication->runController
	/home/bitrix/www/bitrix/modules/main/include/routing_index.php:135
----------
Host: crm.sodeistvie.su:443
Date: 2025-01-15 19:01:24
Module: referralId
53525
#0: KPLab\API\V2\Controller\Partners->getSellersAction
	
#1: ReflectionMethod->invokeArgs
	/home/bitrix/www/bitrix/modules/main/lib/engine/autowire/binder.php:207
#2: Bitrix\Main\Engine\AutoWire\Binder->invoke
	/home/bitrix/www/bitrix/modules/main/lib/engine/action.php:117
#3: Bitrix\Main\Engine\Action->runWithSourceParametersList
	/home/bitrix/www/bitrix/modules/main/lib/engine/controller.php:425
#4: Bitrix\Main\Engine\Controller->run
	/home/bitrix/www/bitrix/modules/main/lib/httpapplication.php:141
#5: Bitrix\Main\HttpApplication->runController
	/home/bitrix/www/bitrix/modules/main/include/routing_index.php:135
----------
Host: crm.sodeistvie.su:443
Date: 2025-01-15 19:03:41
Module: queryArray
array (
  'partnerInn' => '252103890719',
  'page' => '1',
)
#0: KPLab\API\V2\Controller\Partners->getSellersAction
	
#1: ReflectionMethod->invokeArgs
	/home/bitrix/www/bitrix/modules/main/lib/engine/autowire/binder.php:207
#2: Bitrix\Main\Engine\AutoWire\Binder->invoke
	/home/bitrix/www/bitrix/modules/main/lib/engine/action.php:117
#3: Bitrix\Main\Engine\Action->runWithSourceParametersList
	/home/bitrix/www/bitrix/modules/main/lib/engine/controller.php:425
#4: Bitrix\Main\Engine\Controller->run
	/home/bitrix/www/bitrix/modules/main/lib/httpapplication.php:141
#5: Bitrix\Main\HttpApplication->runController
	/home/bitrix/www/bitrix/modules/main/include/routing_index.php:135
----------
Host: crm.sodeistvie.su:443
Date: 2025-01-15 19:03:42
Module: referralId
53525
#0: KPLab\API\V2\Controller\Partners->getSellersAction
	
#1: ReflectionMethod->invokeArgs
	/home/bitrix/www/bitrix/modules/main/lib/engine/autowire/binder.php:207
#2: Bitrix\Main\Engine\AutoWire\Binder->invoke
	/home/bitrix/www/bitrix/modules/main/lib/engine/action.php:117
#3: Bitrix\Main\Engine\Action->runWithSourceParametersList
	/home/bitrix/www/bitrix/modules/main/lib/engine/controller.php:425
#4: Bitrix\Main\Engine\Controller->run
	/home/bitrix/www/bitrix/modules/main/lib/httpapplication.php:141
#5: Bitrix\Main\HttpApplication->runController
	/home/bitrix/www/bitrix/modules/main/include/routing_index.php:135
----------
Host: crm.sodeistvie.su:443
Date: 2025-01-15 19:12:41
Module: queryArray
array (
  'partnerInn' => '022700488647',
  'page' => '1',
)
#0: KPLab\API\V2\Controller\Partners->getSellersAction
	
#1: ReflectionMethod->invokeArgs
	/home/bitrix/www/bitrix/modules/main/lib/engine/autowire/binder.php:207
#2: Bitrix\Main\Engine\AutoWire\Binder->invoke
	/home/bitrix/www/bitrix/modules/main/lib/engine/action.php:117
#3: Bitrix\Main\Engine\Action->runWithSourceParametersList
	/home/bitrix/www/bitrix/modules/main/lib/engine/controller.php:425
#4: Bitrix\Main\Engine\Controller->run
	/home/bitrix/www/bitrix/modules/main/lib/httpapplication.php:141
#5: Bitrix\Main\HttpApplication->runController
	/home/bitrix/www/bitrix/modules/main/include/routing_index.php:135
----------
Host: crm.sodeistvie.su:443
Date: 2025-01-15 19:12:41
Module: referralId
45948
#0: KPLab\API\V2\Controller\Partners->getSellersAction
	
#1: ReflectionMethod->invokeArgs
	/home/bitrix/www/bitrix/modules/main/lib/engine/autowire/binder.php:207
#2: Bitrix\Main\Engine\AutoWire\Binder->invoke
	/home/bitrix/www/bitrix/modules/main/lib/engine/action.php:117
#3: Bitrix\Main\Engine\Action->runWithSourceParametersList
	/home/bitrix/www/bitrix/modules/main/lib/engine/controller.php:425
#4: Bitrix\Main\Engine\Controller->run
	/home/bitrix/www/bitrix/modules/main/lib/httpapplication.php:141
#5: Bitrix\Main\HttpApplication->runController
	/home/bitrix/www/bitrix/modules/main/include/routing_index.php:135
----------
Host: crm.sodeistvie.su:443
Date: 2025-01-15 19:22:41
Module: queryArray
array (
  'partnerInn' => '252103890719',
  'page' => '1',
)
#0: KPLab\API\V2\Controller\Partners->getSellersAction
	
#1: ReflectionMethod->invokeArgs
	/home/bitrix/www/bitrix/modules/main/lib/engine/autowire/binder.php:207
#2: Bitrix\Main\Engine\AutoWire\Binder->invoke
	/home/bitrix/www/bitrix/modules/main/lib/engine/action.php:117
#3: Bitrix\Main\Engine\Action->runWithSourceParametersList
	/home/bitrix/www/bitrix/modules/main/lib/engine/controller.php:425
#4: Bitrix\Main\Engine\Controller->run
	/home/bitrix/www/bitrix/modules/main/lib/httpapplication.php:141
#5: Bitrix\Main\HttpApplication->runController
	/home/bitrix/www/bitrix/modules/main/include/routing_index.php:135
----------
Host: crm.sodeistvie.su:443
Date: 2025-01-15 19:22:42
Module: referralId
53525
#0: KPLab\API\V2\Controller\Partners->getSellersAction
	
#1: ReflectionMethod->invokeArgs
	/home/bitrix/www/bitrix/modules/main/lib/engine/autowire/binder.php:207
#2: Bitrix\Main\Engine\AutoWire\Binder->invoke
	/home/bitrix/www/bitrix/modules/main/lib/engine/action.php:117
#3: Bitrix\Main\Engine\Action->runWithSourceParametersList
	/home/bitrix/www/bitrix/modules/main/lib/engine/controller.php:425
#4: Bitrix\Main\Engine\Controller->run
	/home/bitrix/www/bitrix/modules/main/lib/httpapplication.php:141
#5: Bitrix\Main\HttpApplication->runController
	/home/bitrix/www/bitrix/modules/main/include/routing_index.php:135
----------
Host: crm.sodeistvie.su:443
Date: 2025-01-15 20:19:23
Module: queryArray
array (
  'partnerInn' => '772173434667',
  'page' => '1',
)
#0: KPLab\API\V2\Controller\Partners->getSellersAction
	
#1: ReflectionMethod->invokeArgs
	/home/bitrix/www/bitrix/modules/main/lib/engine/autowire/binder.php:207
#2: Bitrix\Main\Engine\AutoWire\Binder->invoke
	/home/bitrix/www/bitrix/modules/main/lib/engine/action.php:117
#3: Bitrix\Main\Engine\Action->runWithSourceParametersList
	/home/bitrix/www/bitrix/modules/main/lib/engine/controller.php:425
#4: Bitrix\Main\Engine\Controller->run
	/home/bitrix/www/bitrix/modules/main/lib/httpapplication.php:141
#5: Bitrix\Main\HttpApplication->runController
	/home/bitrix/www/bitrix/modules/main/include/routing_index.php:135
----------
Host: crm.sodeistvie.su:443
Date: 2025-01-15 20:19:23
Module: referralId
49950
#0: KPLab\API\V2\Controller\Partners->getSellersAction
	
#1: ReflectionMethod->invokeArgs
	/home/bitrix/www/bitrix/modules/main/lib/engine/autowire/binder.php:207
#2: Bitrix\Main\Engine\AutoWire\Binder->invoke
	/home/bitrix/www/bitrix/modules/main/lib/engine/action.php:117
#3: Bitrix\Main\Engine\Action->runWithSourceParametersList
	/home/bitrix/www/bitrix/modules/main/lib/engine/controller.php:425
#4: Bitrix\Main\Engine\Controller->run
	/home/bitrix/www/bitrix/modules/main/lib/httpapplication.php:141
#5: Bitrix\Main\HttpApplication->runController
	/home/bitrix/www/bitrix/modules/main/include/routing_index.php:135
----------
Host: crm.sodeistvie.su:443
Date: 2025-01-15 20:19:27
Module: queryArray
array (
  'partnerInn' => '772173434667',
  'page' => '51',
  'status' => 'all',
)
#0: KPLab\API\V2\Controller\Partners->getSellersAction
	
#1: ReflectionMethod->invokeArgs
	/home/bitrix/www/bitrix/modules/main/lib/engine/autowire/binder.php:207
#2: Bitrix\Main\Engine\AutoWire\Binder->invoke
	/home/bitrix/www/bitrix/modules/main/lib/engine/action.php:117
#3: Bitrix\Main\Engine\Action->runWithSourceParametersList
	/home/bitrix/www/bitrix/modules/main/lib/engine/controller.php:425
#4: Bitrix\Main\Engine\Controller->run
	/home/bitrix/www/bitrix/modules/main/lib/httpapplication.php:141
#5: Bitrix\Main\HttpApplication->runController
	/home/bitrix/www/bitrix/modules/main/include/routing_index.php:135
----------
Host: crm.sodeistvie.su:443
Date: 2025-01-15 20:19:27
Module: referralId
49950
#0: KPLab\API\V2\Controller\Partners->getSellersAction
	
#1: ReflectionMethod->invokeArgs
	/home/bitrix/www/bitrix/modules/main/lib/engine/autowire/binder.php:207
#2: Bitrix\Main\Engine\AutoWire\Binder->invoke
	/home/bitrix/www/bitrix/modules/main/lib/engine/action.php:117
#3: Bitrix\Main\Engine\Action->runWithSourceParametersList
	/home/bitrix/www/bitrix/modules/main/lib/engine/controller.php:425
#4: Bitrix\Main\Engine\Controller->run
	/home/bitrix/www/bitrix/modules/main/lib/httpapplication.php:141
#5: Bitrix\Main\HttpApplication->runController
	/home/bitrix/www/bitrix/modules/main/include/routing_index.php:135
----------
Host: crm.sodeistvie.su:443
Date: 2025-01-15 20:54:13
Module: queryArray
array (
  'partnerInn' => '022700488647',
  'page' => '1',
)
#0: KPLab\API\V2\Controller\Partners->getSellersAction
	
#1: ReflectionMethod->invokeArgs
	/home/bitrix/www/bitrix/modules/main/lib/engine/autowire/binder.php:207
#2: Bitrix\Main\Engine\AutoWire\Binder->invoke
	/home/bitrix/www/bitrix/modules/main/lib/engine/action.php:117
#3: Bitrix\Main\Engine\Action->runWithSourceParametersList
	/home/bitrix/www/bitrix/modules/main/lib/engine/controller.php:425
#4: Bitrix\Main\Engine\Controller->run
	/home/bitrix/www/bitrix/modules/main/lib/httpapplication.php:141
#5: Bitrix\Main\HttpApplication->runController
	/home/bitrix/www/bitrix/modules/main/include/routing_index.php:135
----------
Host: crm.sodeistvie.su:443
Date: 2025-01-15 20:54:13
Module: referralId
45948
#0: KPLab\API\V2\Controller\Partners->getSellersAction
	
#1: ReflectionMethod->invokeArgs
	/home/bitrix/www/bitrix/modules/main/lib/engine/autowire/binder.php:207
#2: Bitrix\Main\Engine\AutoWire\Binder->invoke
	/home/bitrix/www/bitrix/modules/main/lib/engine/action.php:117
#3: Bitrix\Main\Engine\Action->runWithSourceParametersList
	/home/bitrix/www/bitrix/modules/main/lib/engine/controller.php:425
#4: Bitrix\Main\Engine\Controller->run
	/home/bitrix/www/bitrix/modules/main/lib/httpapplication.php:141
#5: Bitrix\Main\HttpApplication->runController
	/home/bitrix/www/bitrix/modules/main/include/routing_index.php:135
----------
Host: crm.sodeistvie.su:443
Date: 2025-01-15 22:08:46
Module: queryArray
array (
  'partnerInn' => '732106286802',
  'page' => '1',
)
#0: KPLab\API\V2\Controller\Partners->getSellersAction
	
#1: ReflectionMethod->invokeArgs
	/home/bitrix/www/bitrix/modules/main/lib/engine/autowire/binder.php:207
#2: Bitrix\Main\Engine\AutoWire\Binder->invoke
	/home/bitrix/www/bitrix/modules/main/lib/engine/action.php:117
#3: Bitrix\Main\Engine\Action->runWithSourceParametersList
	/home/bitrix/www/bitrix/modules/main/lib/engine/controller.php:425
#4: Bitrix\Main\Engine\Controller->run
	/home/bitrix/www/bitrix/modules/main/lib/httpapplication.php:141
#5: Bitrix\Main\HttpApplication->runController
	/home/bitrix/www/bitrix/modules/main/include/routing_index.php:135
----------
Host: crm.sodeistvie.su:443
Date: 2025-01-15 22:08:47
Module: referralId
48691
#0: KPLab\API\V2\Controller\Partners->getSellersAction
	
#1: ReflectionMethod->invokeArgs
	/home/bitrix/www/bitrix/modules/main/lib/engine/autowire/binder.php:207
#2: Bitrix\Main\Engine\AutoWire\Binder->invoke
	/home/bitrix/www/bitrix/modules/main/lib/engine/action.php:117
#3: Bitrix\Main\Engine\Action->runWithSourceParametersList
	/home/bitrix/www/bitrix/modules/main/lib/engine/controller.php:425
#4: Bitrix\Main\Engine\Controller->run
	/home/bitrix/www/bitrix/modules/main/lib/httpapplication.php:141
#5: Bitrix\Main\HttpApplication->runController
	/home/bitrix/www/bitrix/modules/main/include/routing_index.php:135
----------
Host: crm.sodeistvie.su:443
Date: 2025-01-15 22:14:38
Module: queryArray
array (
  'partnerInn' => '732106286802',
  'page' => '1',
)
#0: KPLab\API\V2\Controller\Partners->getSellersAction
	
#1: ReflectionMethod->invokeArgs
	/home/bitrix/www/bitrix/modules/main/lib/engine/autowire/binder.php:207
#2: Bitrix\Main\Engine\AutoWire\Binder->invoke
	/home/bitrix/www/bitrix/modules/main/lib/engine/action.php:117
#3: Bitrix\Main\Engine\Action->runWithSourceParametersList
	/home/bitrix/www/bitrix/modules/main/lib/engine/controller.php:425
#4: Bitrix\Main\Engine\Controller->run
	/home/bitrix/www/bitrix/modules/main/lib/httpapplication.php:141
#5: Bitrix\Main\HttpApplication->runController
	/home/bitrix/www/bitrix/modules/main/include/routing_index.php:135
----------
Host: crm.sodeistvie.su:443
Date: 2025-01-15 22:14:38
Module: referralId
48691
#0: KPLab\API\V2\Controller\Partners->getSellersAction
	
#1: ReflectionMethod->invokeArgs
	/home/bitrix/www/bitrix/modules/main/lib/engine/autowire/binder.php:207
#2: Bitrix\Main\Engine\AutoWire\Binder->invoke
	/home/bitrix/www/bitrix/modules/main/lib/engine/action.php:117
#3: Bitrix\Main\Engine\Action->runWithSourceParametersList
	/home/bitrix/www/bitrix/modules/main/lib/engine/controller.php:425
#4: Bitrix\Main\Engine\Controller->run
	/home/bitrix/www/bitrix/modules/main/lib/httpapplication.php:141
#5: Bitrix\Main\HttpApplication->runController
	/home/bitrix/www/bitrix/modules/main/include/routing_index.php:135
----------
Host: crm.sodeistvie.su:443
Date: 2025-01-16 10:40:16
Module: queryArray
array (
  'partnerInn' => '773467920118',
  'page' => '1',
)
#0: KPLab\API\V2\Controller\Partners->getSellersAction
	
#1: ReflectionMethod->invokeArgs
	/home/bitrix/www/bitrix/modules/main/lib/engine/autowire/binder.php:207
#2: Bitrix\Main\Engine\AutoWire\Binder->invoke
	/home/bitrix/www/bitrix/modules/main/lib/engine/action.php:117
#3: Bitrix\Main\Engine\Action->runWithSourceParametersList
	/home/bitrix/www/bitrix/modules/main/lib/engine/controller.php:425
#4: Bitrix\Main\Engine\Controller->run
	/home/bitrix/www/bitrix/modules/main/lib/httpapplication.php:141
#5: Bitrix\Main\HttpApplication->runController
	/home/bitrix/www/bitrix/modules/main/include/routing_index.php:135
----------
Host: crm.sodeistvie.su:443
Date: 2025-01-16 10:40:17
Module: referralId
53458
#0: KPLab\API\V2\Controller\Partners->getSellersAction
	
#1: ReflectionMethod->invokeArgs
	/home/bitrix/www/bitrix/modules/main/lib/engine/autowire/binder.php:207
#2: Bitrix\Main\Engine\AutoWire\Binder->invoke
	/home/bitrix/www/bitrix/modules/main/lib/engine/action.php:117
#3: Bitrix\Main\Engine\Action->runWithSourceParametersList
	/home/bitrix/www/bitrix/modules/main/lib/engine/controller.php:425
#4: Bitrix\Main\Engine\Controller->run
	/home/bitrix/www/bitrix/modules/main/lib/httpapplication.php:141
#5: Bitrix\Main\HttpApplication->runController
	/home/bitrix/www/bitrix/modules/main/include/routing_index.php:135
----------
Host: crm.sodeistvie.su:443
Date: 2025-01-16 10:40:19
Module: queryArray
array (
  'partnerInn' => '773467920118',
  'page' => '1',
)
#0: KPLab\API\V2\Controller\Partners->getSellersAction
	
#1: ReflectionMethod->invokeArgs
	/home/bitrix/www/bitrix/modules/main/lib/engine/autowire/binder.php:207
#2: Bitrix\Main\Engine\AutoWire\Binder->invoke
	/home/bitrix/www/bitrix/modules/main/lib/engine/action.php:117
#3: Bitrix\Main\Engine\Action->runWithSourceParametersList
	/home/bitrix/www/bitrix/modules/main/lib/engine/controller.php:425
#4: Bitrix\Main\Engine\Controller->run
	/home/bitrix/www/bitrix/modules/main/lib/httpapplication.php:141
#5: Bitrix\Main\HttpApplication->runController
	/home/bitrix/www/bitrix/modules/main/include/routing_index.php:135
----------
Host: crm.sodeistvie.su:443
Date: 2025-01-16 10:40:20
Module: referralId
53458
#0: KPLab\API\V2\Controller\Partners->getSellersAction
	
#1: ReflectionMethod->invokeArgs
	/home/bitrix/www/bitrix/modules/main/lib/engine/autowire/binder.php:207
#2: Bitrix\Main\Engine\AutoWire\Binder->invoke
	/home/bitrix/www/bitrix/modules/main/lib/engine/action.php:117
#3: Bitrix\Main\Engine\Action->runWithSourceParametersList
	/home/bitrix/www/bitrix/modules/main/lib/engine/controller.php:425
#4: Bitrix\Main\Engine\Controller->run
	/home/bitrix/www/bitrix/modules/main/lib/httpapplication.php:141
#5: Bitrix\Main\HttpApplication->runController
	/home/bitrix/www/bitrix/modules/main/include/routing_index.php:135
----------
Host: crm.sodeistvie.su:443
Date: 2025-01-16 11:38:13
Module: queryArray
array (
  'partnerInn' => '7719874730',
  'page' => '1',
)
#0: KPLab\API\V2\Controller\Partners->getSellersAction
	
#1: ReflectionMethod->invokeArgs
	/home/bitrix/www/bitrix/modules/main/lib/engine/autowire/binder.php:207
#2: Bitrix\Main\Engine\AutoWire\Binder->invoke
	/home/bitrix/www/bitrix/modules/main/lib/engine/action.php:117
#3: Bitrix\Main\Engine\Action->runWithSourceParametersList
	/home/bitrix/www/bitrix/modules/main/lib/engine/controller.php:425
#4: Bitrix\Main\Engine\Controller->run
	/home/bitrix/www/bitrix/modules/main/lib/httpapplication.php:141
#5: Bitrix\Main\HttpApplication->runController
	/home/bitrix/www/bitrix/modules/main/include/routing_index.php:135
----------
Host: crm.sodeistvie.su:443
Date: 2025-01-16 11:38:14
Module: referralId
49522
#0: KPLab\API\V2\Controller\Partners->getSellersAction
	
#1: ReflectionMethod->invokeArgs
	/home/bitrix/www/bitrix/modules/main/lib/engine/autowire/binder.php:207
#2: Bitrix\Main\Engine\AutoWire\Binder->invoke
	/home/bitrix/www/bitrix/modules/main/lib/engine/action.php:117
#3: Bitrix\Main\Engine\Action->runWithSourceParametersList
	/home/bitrix/www/bitrix/modules/main/lib/engine/controller.php:425
#4: Bitrix\Main\Engine\Controller->run
	/home/bitrix/www/bitrix/modules/main/lib/httpapplication.php:141
#5: Bitrix\Main\HttpApplication->runController
	/home/bitrix/www/bitrix/modules/main/include/routing_index.php:135
----------
Host: crm.sodeistvie.su:443
Date: 2025-01-16 13:44:32
Module: queryArray
array (
  'partnerInn' => '773467920118',
  'page' => '1',
)
#0: KPLab\API\V2\Controller\Partners->getSellersAction
	
#1: ReflectionMethod->invokeArgs
	/home/bitrix/www/bitrix/modules/main/lib/engine/autowire/binder.php:207
#2: Bitrix\Main\Engine\AutoWire\Binder->invoke
	/home/bitrix/www/bitrix/modules/main/lib/engine/action.php:117
#3: Bitrix\Main\Engine\Action->runWithSourceParametersList
	/home/bitrix/www/bitrix/modules/main/lib/engine/controller.php:425
#4: Bitrix\Main\Engine\Controller->run
	/home/bitrix/www/bitrix/modules/main/lib/httpapplication.php:141
#5: Bitrix\Main\HttpApplication->runController
	/home/bitrix/www/bitrix/modules/main/include/routing_index.php:135
----------
Host: crm.sodeistvie.su:443
Date: 2025-01-16 13:44:32
Module: referralId
53458
#0: KPLab\API\V2\Controller\Partners->getSellersAction
	
#1: ReflectionMethod->invokeArgs
	/home/bitrix/www/bitrix/modules/main/lib/engine/autowire/binder.php:207
#2: Bitrix\Main\Engine\AutoWire\Binder->invoke
	/home/bitrix/www/bitrix/modules/main/lib/engine/action.php:117
#3: Bitrix\Main\Engine\Action->runWithSourceParametersList
	/home/bitrix/www/bitrix/modules/main/lib/engine/controller.php:425
#4: Bitrix\Main\Engine\Controller->run
	/home/bitrix/www/bitrix/modules/main/lib/httpapplication.php:141
#5: Bitrix\Main\HttpApplication->runController
	/home/bitrix/www/bitrix/modules/main/include/routing_index.php:135
----------
Host: crm.sodeistvie.su:443
Date: 2025-01-16 17:02:00
Module: queryArray
array (
  'partnerInn' => '540545407178',
  'page' => '1',
)
#0: KPLab\API\V2\Controller\Partners->getSellersAction
	
#1: ReflectionMethod->invokeArgs
	/home/bitrix/www/bitrix/modules/main/lib/engine/autowire/binder.php:207
#2: Bitrix\Main\Engine\AutoWire\Binder->invoke
	/home/bitrix/www/bitrix/modules/main/lib/engine/action.php:117
#3: Bitrix\Main\Engine\Action->runWithSourceParametersList
	/home/bitrix/www/bitrix/modules/main/lib/engine/controller.php:425
#4: Bitrix\Main\Engine\Controller->run
	/home/bitrix/www/bitrix/modules/main/lib/httpapplication.php:141
#5: Bitrix\Main\HttpApplication->runController
	/home/bitrix/www/bitrix/modules/main/include/routing_index.php:135
----------
Host: crm.sodeistvie.su:443
Date: 2025-01-16 17:02:00
Module: referralId
49142
#0: KPLab\API\V2\Controller\Partners->getSellersAction
	
#1: ReflectionMethod->invokeArgs
	/home/bitrix/www/bitrix/modules/main/lib/engine/autowire/binder.php:207
#2: Bitrix\Main\Engine\AutoWire\Binder->invoke
	/home/bitrix/www/bitrix/modules/main/lib/engine/action.php:117
#3: Bitrix\Main\Engine\Action->runWithSourceParametersList
	/home/bitrix/www/bitrix/modules/main/lib/engine/controller.php:425
#4: Bitrix\Main\Engine\Controller->run
	/home/bitrix/www/bitrix/modules/main/lib/httpapplication.php:141
#5: Bitrix\Main\HttpApplication->runController
	/home/bitrix/www/bitrix/modules/main/include/routing_index.php:135
----------
Host: crm.sodeistvie.su:443
Date: 2025-01-16 17:41:26
Module: queryArray
array (
  'partnerInn' => '772173434667',
  'page' => '1',
)
#0: KPLab\API\V2\Controller\Partners->getSellersAction
	
#1: ReflectionMethod->invokeArgs
	/home/bitrix/www/bitrix/modules/main/lib/engine/autowire/binder.php:207
#2: Bitrix\Main\Engine\AutoWire\Binder->invoke
	/home/bitrix/www/bitrix/modules/main/lib/engine/action.php:117
#3: Bitrix\Main\Engine\Action->runWithSourceParametersList
	/home/bitrix/www/bitrix/modules/main/lib/engine/controller.php:425
#4: Bitrix\Main\Engine\Controller->run
	/home/bitrix/www/bitrix/modules/main/lib/httpapplication.php:141
#5: Bitrix\Main\HttpApplication->runController
	/home/bitrix/www/bitrix/modules/main/include/routing_index.php:135
----------
Host: crm.sodeistvie.su:443
Date: 2025-01-16 17:41:26
Module: referralId
49950
#0: KPLab\API\V2\Controller\Partners->getSellersAction
	
#1: ReflectionMethod->invokeArgs
	/home/bitrix/www/bitrix/modules/main/lib/engine/autowire/binder.php:207
#2: Bitrix\Main\Engine\AutoWire\Binder->invoke
	/home/bitrix/www/bitrix/modules/main/lib/engine/action.php:117
#3: Bitrix\Main\Engine\Action->runWithSourceParametersList
	/home/bitrix/www/bitrix/modules/main/lib/engine/controller.php:425
#4: Bitrix\Main\Engine\Controller->run
	/home/bitrix/www/bitrix/modules/main/lib/httpapplication.php:141
#5: Bitrix\Main\HttpApplication->runController
	/home/bitrix/www/bitrix/modules/main/include/routing_index.php:135
----------
Host: crm.sodeistvie.su:443
Date: 2025-01-16 17:41:30
Module: queryArray
array (
  'partnerInn' => '772173434667',
  'page' => '1',
  'status' => 'new',
)
#0: KPLab\API\V2\Controller\Partners->getSellersAction
	
#1: ReflectionMethod->invokeArgs
	/home/bitrix/www/bitrix/modules/main/lib/engine/autowire/binder.php:207
#2: Bitrix\Main\Engine\AutoWire\Binder->invoke
	/home/bitrix/www/bitrix/modules/main/lib/engine/action.php:117
#3: Bitrix\Main\Engine\Action->runWithSourceParametersList
	/home/bitrix/www/bitrix/modules/main/lib/engine/controller.php:425
#4: Bitrix\Main\Engine\Controller->run
	/home/bitrix/www/bitrix/modules/main/lib/httpapplication.php:141
#5: Bitrix\Main\HttpApplication->runController
	/home/bitrix/www/bitrix/modules/main/include/routing_index.php:135
----------
Host: crm.sodeistvie.su:443
Date: 2025-01-16 17:41:30
Module: referralId
49950
#0: KPLab\API\V2\Controller\Partners->getSellersAction
	
#1: ReflectionMethod->invokeArgs
	/home/bitrix/www/bitrix/modules/main/lib/engine/autowire/binder.php:207
#2: Bitrix\Main\Engine\AutoWire\Binder->invoke
	/home/bitrix/www/bitrix/modules/main/lib/engine/action.php:117
#3: Bitrix\Main\Engine\Action->runWithSourceParametersList
	/home/bitrix/www/bitrix/modules/main/lib/engine/controller.php:425
#4: Bitrix\Main\Engine\Controller->run
	/home/bitrix/www/bitrix/modules/main/lib/httpapplication.php:141
#5: Bitrix\Main\HttpApplication->runController
	/home/bitrix/www/bitrix/modules/main/include/routing_index.php:135
----------
Host: crm.sodeistvie.su:443
Date: 2025-01-16 17:41:30
Module: arFilter
array (
  '::LOGIC' => 'AND',
  'IBLOCK_ID' => 167,
  '=PROPERTY_REFERRAL_ID' => 49950,
  'PROPERTY_STATUS_VALUE' => 'Новый',
  '>=PROPERTY_DATE_LEAD' => '2000-01-01T00:00:00',
  '<=PROPERTY_DATE_LEAD' => '2025-01-16T23:59:59',
)
#0: KPLab\API\V2\Controller\Partners->getSellersAction
	
#1: ReflectionMethod->invokeArgs
	/home/bitrix/www/bitrix/modules/main/lib/engine/autowire/binder.php:207
#2: Bitrix\Main\Engine\AutoWire\Binder->invoke
	/home/bitrix/www/bitrix/modules/main/lib/engine/action.php:117
#3: Bitrix\Main\Engine\Action->runWithSourceParametersList
	/home/bitrix/www/bitrix/modules/main/lib/engine/controller.php:425
#4: Bitrix\Main\Engine\Controller->run
	/home/bitrix/www/bitrix/modules/main/lib/httpapplication.php:141
#5: Bitrix\Main\HttpApplication->runController
	/home/bitrix/www/bitrix/modules/main/include/routing_index.php:135
----------
Host: crm.sodeistvie.su:443
Date: 2025-01-16 17:41:31
Module: queryArray
array (
  'partnerInn' => '772173434667',
  'page' => '1',
  'status' => 'all',
)
#0: KPLab\API\V2\Controller\Partners->getSellersAction
	
#1: ReflectionMethod->invokeArgs
	/home/bitrix/www/bitrix/modules/main/lib/engine/autowire/binder.php:207
#2: Bitrix\Main\Engine\AutoWire\Binder->invoke
	/home/bitrix/www/bitrix/modules/main/lib/engine/action.php:117
#3: Bitrix\Main\Engine\Action->runWithSourceParametersList
	/home/bitrix/www/bitrix/modules/main/lib/engine/controller.php:425
#4: Bitrix\Main\Engine\Controller->run
	/home/bitrix/www/bitrix/modules/main/lib/httpapplication.php:141
#5: Bitrix\Main\HttpApplication->runController
	/home/bitrix/www/bitrix/modules/main/include/routing_index.php:135
----------
Host: crm.sodeistvie.su:443
Date: 2025-01-16 17:41:31
Module: referralId
49950
#0: KPLab\API\V2\Controller\Partners->getSellersAction
	
#1: ReflectionMethod->invokeArgs
	/home/bitrix/www/bitrix/modules/main/lib/engine/autowire/binder.php:207
#2: Bitrix\Main\Engine\AutoWire\Binder->invoke
	/home/bitrix/www/bitrix/modules/main/lib/engine/action.php:117
#3: Bitrix\Main\Engine\Action->runWithSourceParametersList
	/home/bitrix/www/bitrix/modules/main/lib/engine/controller.php:425
#4: Bitrix\Main\Engine\Controller->run
	/home/bitrix/www/bitrix/modules/main/lib/httpapplication.php:141
#5: Bitrix\Main\HttpApplication->runController
	/home/bitrix/www/bitrix/modules/main/include/routing_index.php:135
----------
Host: crm.sodeistvie.su:443
Date: 2025-01-16 17:41:35
Module: queryArray
array (
  'partnerInn' => '772173434667',
  'page' => '51',
  'status' => 'all',
)
#0: KPLab\API\V2\Controller\Partners->getSellersAction
	
#1: ReflectionMethod->invokeArgs
	/home/bitrix/www/bitrix/modules/main/lib/engine/autowire/binder.php:207
#2: Bitrix\Main\Engine\AutoWire\Binder->invoke
	/home/bitrix/www/bitrix/modules/main/lib/engine/action.php:117
#3: Bitrix\Main\Engine\Action->runWithSourceParametersList
	/home/bitrix/www/bitrix/modules/main/lib/engine/controller.php:425
#4: Bitrix\Main\Engine\Controller->run
	/home/bitrix/www/bitrix/modules/main/lib/httpapplication.php:141
#5: Bitrix\Main\HttpApplication->runController
	/home/bitrix/www/bitrix/modules/main/include/routing_index.php:135
----------
Host: crm.sodeistvie.su:443
Date: 2025-01-16 17:41:36
Module: referralId
49950
#0: KPLab\API\V2\Controller\Partners->getSellersAction
	
#1: ReflectionMethod->invokeArgs
	/home/bitrix/www/bitrix/modules/main/lib/engine/autowire/binder.php:207
#2: Bitrix\Main\Engine\AutoWire\Binder->invoke
	/home/bitrix/www/bitrix/modules/main/lib/engine/action.php:117
#3: Bitrix\Main\Engine\Action->runWithSourceParametersList
	/home/bitrix/www/bitrix/modules/main/lib/engine/controller.php:425
#4: Bitrix\Main\Engine\Controller->run
	/home/bitrix/www/bitrix/modules/main/lib/httpapplication.php:141
#5: Bitrix\Main\HttpApplication->runController
	/home/bitrix/www/bitrix/modules/main/include/routing_index.php:135
----------
Host: crm.sodeistvie.su:443
Date: 2025-01-17 10:44:37
Module: queryArray
array (
  'partnerInn' => '3257078519',
  'page' => '1',
)
#0: KPLab\API\V2\Controller\Partners->getSellersAction
	
#1: ReflectionMethod->invokeArgs
	/home/bitrix/www/bitrix/modules/main/lib/engine/autowire/binder.php:207
#2: Bitrix\Main\Engine\AutoWire\Binder->invoke
	/home/bitrix/www/bitrix/modules/main/lib/engine/action.php:117
#3: Bitrix\Main\Engine\Action->runWithSourceParametersList
	/home/bitrix/www/bitrix/modules/main/lib/engine/controller.php:425
#4: Bitrix\Main\Engine\Controller->run
	/home/bitrix/www/bitrix/modules/main/lib/httpapplication.php:141
#5: Bitrix\Main\HttpApplication->runController
	/home/bitrix/www/bitrix/modules/main/include/routing_index.php:135
----------
Host: crm.sodeistvie.su:443
Date: 2025-01-17 10:44:37
Module: referralId
53511
#0: KPLab\API\V2\Controller\Partners->getSellersAction
	
#1: ReflectionMethod->invokeArgs
	/home/bitrix/www/bitrix/modules/main/lib/engine/autowire/binder.php:207
#2: Bitrix\Main\Engine\AutoWire\Binder->invoke
	/home/bitrix/www/bitrix/modules/main/lib/engine/action.php:117
#3: Bitrix\Main\Engine\Action->runWithSourceParametersList
	/home/bitrix/www/bitrix/modules/main/lib/engine/controller.php:425
#4: Bitrix\Main\Engine\Controller->run
	/home/bitrix/www/bitrix/modules/main/lib/httpapplication.php:141
#5: Bitrix\Main\HttpApplication->runController
	/home/bitrix/www/bitrix/modules/main/include/routing_index.php:135
----------
Host: crm.sodeistvie.su:443
Date: 2025-01-17 10:44:37
Module: queryArray
array (
  'partnerInn' => '3257078519',
  'page' => '51',
  'status' => 'all',
)
#0: KPLab\API\V2\Controller\Partners->getSellersAction
	
#1: ReflectionMethod->invokeArgs
	/home/bitrix/www/bitrix/modules/main/lib/engine/autowire/binder.php:207
#2: Bitrix\Main\Engine\AutoWire\Binder->invoke
	/home/bitrix/www/bitrix/modules/main/lib/engine/action.php:117
#3: Bitrix\Main\Engine\Action->runWithSourceParametersList
	/home/bitrix/www/bitrix/modules/main/lib/engine/controller.php:425
#4: Bitrix\Main\Engine\Controller->run
	/home/bitrix/www/bitrix/modules/main/lib/httpapplication.php:141
#5: Bitrix\Main\HttpApplication->runController
	/home/bitrix/www/bitrix/modules/main/include/routing_index.php:135
----------
Host: crm.sodeistvie.su:443
Date: 2025-01-17 10:44:38
Module: referralId
53511
#0: KPLab\API\V2\Controller\Partners->getSellersAction
	
#1: ReflectionMethod->invokeArgs
	/home/bitrix/www/bitrix/modules/main/lib/engine/autowire/binder.php:207
#2: Bitrix\Main\Engine\AutoWire\Binder->invoke
	/home/bitrix/www/bitrix/modules/main/lib/engine/action.php:117
#3: Bitrix\Main\Engine\Action->runWithSourceParametersList
	/home/bitrix/www/bitrix/modules/main/lib/engine/controller.php:425
#4: Bitrix\Main\Engine\Controller->run
	/home/bitrix/www/bitrix/modules/main/lib/httpapplication.php:141
#5: Bitrix\Main\HttpApplication->runController
	/home/bitrix/www/bitrix/modules/main/include/routing_index.php:135
----------
Host: crm.seller-capital.ru:443
Date: 2025-01-19 19:40:34
Module: queryArray
array (
  'partnerInn' => '7721546864',
  'page' => '1',
)
#0: KPLab\API\V2\Controller\Partners->getSellersAction
	
#1: ReflectionMethod->invokeArgs
	/home/bitrix/www/bitrix/modules/main/lib/engine/autowire/binder.php:207
#2: Bitrix\Main\Engine\AutoWire\Binder->invoke
	/home/bitrix/www/bitrix/modules/main/lib/engine/action.php:117
#3: Bitrix\Main\Engine\Action->runWithSourceParametersList
	/home/bitrix/www/bitrix/modules/main/lib/engine/controller.php:425
#4: Bitrix\Main\Engine\Controller->run
	/home/bitrix/www/bitrix/modules/main/lib/httpapplication.php:141
#5: Bitrix\Main\HttpApplication->runController
	/home/bitrix/www/bitrix/modules/main/include/routing_index.php:135
----------
Host: crm.seller-capital.ru:443
Date: 2025-01-19 19:40:34
Module: referralId
32813
#0: KPLab\API\V2\Controller\Partners->getSellersAction
	
#1: ReflectionMethod->invokeArgs
	/home/bitrix/www/bitrix/modules/main/lib/engine/autowire/binder.php:207
#2: Bitrix\Main\Engine\AutoWire\Binder->invoke
	/home/bitrix/www/bitrix/modules/main/lib/engine/action.php:117
#3: Bitrix\Main\Engine\Action->runWithSourceParametersList
	/home/bitrix/www/bitrix/modules/main/lib/engine/controller.php:425
#4: Bitrix\Main\Engine\Controller->run
	/home/bitrix/www/bitrix/modules/main/lib/httpapplication.php:141
#5: Bitrix\Main\HttpApplication->runController
	/home/bitrix/www/bitrix/modules/main/include/routing_index.php:135
----------
Host: crm.seller-capital.ru:443
Date: 2025-01-19 19:41:05
Module: queryArray
array (
  'partnerInn' => '7721546864',
  'page' => '1',
)
#0: KPLab\API\V2\Controller\Partners->getSellersAction
	
#1: ReflectionMethod->invokeArgs
	/home/bitrix/www/bitrix/modules/main/lib/engine/autowire/binder.php:207
#2: Bitrix\Main\Engine\AutoWire\Binder->invoke
	/home/bitrix/www/bitrix/modules/main/lib/engine/action.php:117
#3: Bitrix\Main\Engine\Action->runWithSourceParametersList
	/home/bitrix/www/bitrix/modules/main/lib/engine/controller.php:425
#4: Bitrix\Main\Engine\Controller->run
	/home/bitrix/www/bitrix/modules/main/lib/httpapplication.php:141
#5: Bitrix\Main\HttpApplication->runController
	/home/bitrix/www/bitrix/modules/main/include/routing_index.php:135
----------
Host: crm.seller-capital.ru:443
Date: 2025-01-19 19:41:06
Module: referralId
32813
#0: KPLab\API\V2\Controller\Partners->getSellersAction
	
#1: ReflectionMethod->invokeArgs
	/home/bitrix/www/bitrix/modules/main/lib/engine/autowire/binder.php:207
#2: Bitrix\Main\Engine\AutoWire\Binder->invoke
	/home/bitrix/www/bitrix/modules/main/lib/engine/action.php:117
#3: Bitrix\Main\Engine\Action->runWithSourceParametersList
	/home/bitrix/www/bitrix/modules/main/lib/engine/controller.php:425
#4: Bitrix\Main\Engine\Controller->run
	/home/bitrix/www/bitrix/modules/main/lib/httpapplication.php:141
#5: Bitrix\Main\HttpApplication->runController
	/home/bitrix/www/bitrix/modules/main/include/routing_index.php:135
----------
Host: crm.seller-capital.ru:443
Date: 2025-01-19 19:41:23
Module: queryArray
array (
  'partnerInn' => '7721546864',
  'page' => '1',
)
#0: KPLab\API\V2\Controller\Partners->getSellersAction
	
#1: ReflectionMethod->invokeArgs
	/home/bitrix/www/bitrix/modules/main/lib/engine/autowire/binder.php:207
#2: Bitrix\Main\Engine\AutoWire\Binder->invoke
	/home/bitrix/www/bitrix/modules/main/lib/engine/action.php:117
#3: Bitrix\Main\Engine\Action->runWithSourceParametersList
	/home/bitrix/www/bitrix/modules/main/lib/engine/controller.php:425
#4: Bitrix\Main\Engine\Controller->run
	/home/bitrix/www/bitrix/modules/main/lib/httpapplication.php:141
#5: Bitrix\Main\HttpApplication->runController
	/home/bitrix/www/bitrix/modules/main/include/routing_index.php:135
----------
Host: crm.seller-capital.ru:443
Date: 2025-01-19 19:41:23
Module: referralId
32813
#0: KPLab\API\V2\Controller\Partners->getSellersAction
	
#1: ReflectionMethod->invokeArgs
	/home/bitrix/www/bitrix/modules/main/lib/engine/autowire/binder.php:207
#2: Bitrix\Main\Engine\AutoWire\Binder->invoke
	/home/bitrix/www/bitrix/modules/main/lib/engine/action.php:117
#3: Bitrix\Main\Engine\Action->runWithSourceParametersList
	/home/bitrix/www/bitrix/modules/main/lib/engine/controller.php:425
#4: Bitrix\Main\Engine\Controller->run
	/home/bitrix/www/bitrix/modules/main/lib/httpapplication.php:141
#5: Bitrix\Main\HttpApplication->runController
	/home/bitrix/www/bitrix/modules/main/include/routing_index.php:135
----------
Host: crm.seller-capital.ru:443
Date: 2025-01-19 19:41:37
Module: queryArray
array (
  'partnerInn' => '7721546864',
  'page' => '1',
)
#0: KPLab\API\V2\Controller\Partners->getSellersAction
	
#1: ReflectionMethod->invokeArgs
	/home/bitrix/www/bitrix/modules/main/lib/engine/autowire/binder.php:207
#2: Bitrix\Main\Engine\AutoWire\Binder->invoke
	/home/bitrix/www/bitrix/modules/main/lib/engine/action.php:117
#3: Bitrix\Main\Engine\Action->runWithSourceParametersList
	/home/bitrix/www/bitrix/modules/main/lib/engine/controller.php:425
#4: Bitrix\Main\Engine\Controller->run
	/home/bitrix/www/bitrix/modules/main/lib/httpapplication.php:141
#5: Bitrix\Main\HttpApplication->runController
	/home/bitrix/www/bitrix/modules/main/include/routing_index.php:135
----------
Host: crm.seller-capital.ru:443
Date: 2025-01-19 19:41:37
Module: referralId
32813
#0: KPLab\API\V2\Controller\Partners->getSellersAction
	
#1: ReflectionMethod->invokeArgs
	/home/bitrix/www/bitrix/modules/main/lib/engine/autowire/binder.php:207
#2: Bitrix\Main\Engine\AutoWire\Binder->invoke
	/home/bitrix/www/bitrix/modules/main/lib/engine/action.php:117
#3: Bitrix\Main\Engine\Action->runWithSourceParametersList
	/home/bitrix/www/bitrix/modules/main/lib/engine/controller.php:425
#4: Bitrix\Main\Engine\Controller->run
	/home/bitrix/www/bitrix/modules/main/lib/httpapplication.php:141
#5: Bitrix\Main\HttpApplication->runController
	/home/bitrix/www/bitrix/modules/main/include/routing_index.php:135
----------
Host: crm.seller-capital.ru:443
Date: 2025-01-20 17:44:58
Module: queryArray
array (
  'partnerInn' => '071500447611',
  'page' => '1',
)
#0: KPLab\API\V2\Controller\Partners->getSellersAction
	
#1: ReflectionMethod->invokeArgs
	/home/bitrix/www/bitrix/modules/main/lib/engine/autowire/binder.php:207
#2: Bitrix\Main\Engine\AutoWire\Binder->invoke
	/home/bitrix/www/bitrix/modules/main/lib/engine/action.php:117
#3: Bitrix\Main\Engine\Action->runWithSourceParametersList
	/home/bitrix/www/bitrix/modules/main/lib/engine/controller.php:425
#4: Bitrix\Main\Engine\Controller->run
	/home/bitrix/www/bitrix/modules/main/lib/httpapplication.php:141
#5: Bitrix\Main\HttpApplication->runController
	/home/bitrix/www/bitrix/modules/main/include/routing_index.php:135
----------
Host: crm.seller-capital.ru:443
Date: 2025-01-20 17:44:58
Module: referralId
48919
#0: KPLab\API\V2\Controller\Partners->getSellersAction
	
#1: ReflectionMethod->invokeArgs
	/home/bitrix/www/bitrix/modules/main/lib/engine/autowire/binder.php:207
#2: Bitrix\Main\Engine\AutoWire\Binder->invoke
	/home/bitrix/www/bitrix/modules/main/lib/engine/action.php:117
#3: Bitrix\Main\Engine\Action->runWithSourceParametersList
	/home/bitrix/www/bitrix/modules/main/lib/engine/controller.php:425
#4: Bitrix\Main\Engine\Controller->run
	/home/bitrix/www/bitrix/modules/main/lib/httpapplication.php:141
#5: Bitrix\Main\HttpApplication->runController
	/home/bitrix/www/bitrix/modules/main/include/routing_index.php:135
----------
Host: crm.seller-capital.ru:443
Date: 2025-01-20 17:45:07
Module: queryArray
array (
  'partnerInn' => '071500447611',
  'page' => '1',
)
#0: KPLab\API\V2\Controller\Partners->getSellersAction
	
#1: ReflectionMethod->invokeArgs
	/home/bitrix/www/bitrix/modules/main/lib/engine/autowire/binder.php:207
#2: Bitrix\Main\Engine\AutoWire\Binder->invoke
	/home/bitrix/www/bitrix/modules/main/lib/engine/action.php:117
#3: Bitrix\Main\Engine\Action->runWithSourceParametersList
	/home/bitrix/www/bitrix/modules/main/lib/engine/controller.php:425
#4: Bitrix\Main\Engine\Controller->run
	/home/bitrix/www/bitrix/modules/main/lib/httpapplication.php:141
#5: Bitrix\Main\HttpApplication->runController
	/home/bitrix/www/bitrix/modules/main/include/routing_index.php:135
----------
Host: crm.seller-capital.ru:443
Date: 2025-01-20 17:45:07
Module: referralId
48919
#0: KPLab\API\V2\Controller\Partners->getSellersAction
	
#1: ReflectionMethod->invokeArgs
	/home/bitrix/www/bitrix/modules/main/lib/engine/autowire/binder.php:207
#2: Bitrix\Main\Engine\AutoWire\Binder->invoke
	/home/bitrix/www/bitrix/modules/main/lib/engine/action.php:117
#3: Bitrix\Main\Engine\Action->runWithSourceParametersList
	/home/bitrix/www/bitrix/modules/main/lib/engine/controller.php:425
#4: Bitrix\Main\Engine\Controller->run
	/home/bitrix/www/bitrix/modules/main/lib/httpapplication.php:141
#5: Bitrix\Main\HttpApplication->runController
	/home/bitrix/www/bitrix/modules/main/include/routing_index.php:135
----------
Host: crm.seller-capital.ru:443
Date: 2025-01-20 17:58:53
Module: queryArray
array (
  'partnerInn' => '071500447611',
  'page' => '1',
)
#0: KPLab\API\V2\Controller\Partners->getSellersAction
	
#1: ReflectionMethod->invokeArgs
	/home/bitrix/www/bitrix/modules/main/lib/engine/autowire/binder.php:207
#2: Bitrix\Main\Engine\AutoWire\Binder->invoke
	/home/bitrix/www/bitrix/modules/main/lib/engine/action.php:117
#3: Bitrix\Main\Engine\Action->runWithSourceParametersList
	/home/bitrix/www/bitrix/modules/main/lib/engine/controller.php:425
#4: Bitrix\Main\Engine\Controller->run
	/home/bitrix/www/bitrix/modules/main/lib/httpapplication.php:141
#5: Bitrix\Main\HttpApplication->runController
	/home/bitrix/www/bitrix/modules/main/include/routing_index.php:135
----------
Host: crm.seller-capital.ru:443
Date: 2025-01-20 17:58:53
Module: referralId
48919
#0: KPLab\API\V2\Controller\Partners->getSellersAction
	
#1: ReflectionMethod->invokeArgs
	/home/bitrix/www/bitrix/modules/main/lib/engine/autowire/binder.php:207
#2: Bitrix\Main\Engine\AutoWire\Binder->invoke
	/home/bitrix/www/bitrix/modules/main/lib/engine/action.php:117
#3: Bitrix\Main\Engine\Action->runWithSourceParametersList
	/home/bitrix/www/bitrix/modules/main/lib/engine/controller.php:425
#4: Bitrix\Main\Engine\Controller->run
	/home/bitrix/www/bitrix/modules/main/lib/httpapplication.php:141
#5: Bitrix\Main\HttpApplication->runController
	/home/bitrix/www/bitrix/modules/main/include/routing_index.php:135
----------
Host: crm.seller-capital.ru:443
Date: 2025-01-20 18:39:56
Module: queryArray
array (
  'partnerInn' => '772173434667',
  'page' => '1',
)
#0: KPLab\API\V2\Controller\Partners->getSellersAction
	
#1: ReflectionMethod->invokeArgs
	/home/bitrix/www/bitrix/modules/main/lib/engine/autowire/binder.php:207
#2: Bitrix\Main\Engine\AutoWire\Binder->invoke
	/home/bitrix/www/bitrix/modules/main/lib/engine/action.php:117
#3: Bitrix\Main\Engine\Action->runWithSourceParametersList
	/home/bitrix/www/bitrix/modules/main/lib/engine/controller.php:425
#4: Bitrix\Main\Engine\Controller->run
	/home/bitrix/www/bitrix/modules/main/lib/httpapplication.php:141
#5: Bitrix\Main\HttpApplication->runController
	/home/bitrix/www/bitrix/modules/main/include/routing_index.php:135
----------
Host: crm.seller-capital.ru:443
Date: 2025-01-20 18:39:57
Module: referralId
49950
#0: KPLab\API\V2\Controller\Partners->getSellersAction
	
#1: ReflectionMethod->invokeArgs
	/home/bitrix/www/bitrix/modules/main/lib/engine/autowire/binder.php:207
#2: Bitrix\Main\Engine\AutoWire\Binder->invoke
	/home/bitrix/www/bitrix/modules/main/lib/engine/action.php:117
#3: Bitrix\Main\Engine\Action->runWithSourceParametersList
	/home/bitrix/www/bitrix/modules/main/lib/engine/controller.php:425
#4: Bitrix\Main\Engine\Controller->run
	/home/bitrix/www/bitrix/modules/main/lib/httpapplication.php:141
#5: Bitrix\Main\HttpApplication->runController
	/home/bitrix/www/bitrix/modules/main/include/routing_index.php:135
----------
Host: crm.seller-capital.ru:443
Date: 2025-01-20 18:39:59
Module: queryArray
array (
  'partnerInn' => '772173434667',
  'page' => '51',
  'status' => 'all',
)
#0: KPLab\API\V2\Controller\Partners->getSellersAction
	
#1: ReflectionMethod->invokeArgs
	/home/bitrix/www/bitrix/modules/main/lib/engine/autowire/binder.php:207
#2: Bitrix\Main\Engine\AutoWire\Binder->invoke
	/home/bitrix/www/bitrix/modules/main/lib/engine/action.php:117
#3: Bitrix\Main\Engine\Action->runWithSourceParametersList
	/home/bitrix/www/bitrix/modules/main/lib/engine/controller.php:425
#4: Bitrix\Main\Engine\Controller->run
	/home/bitrix/www/bitrix/modules/main/lib/httpapplication.php:141
#5: Bitrix\Main\HttpApplication->runController
	/home/bitrix/www/bitrix/modules/main/include/routing_index.php:135
----------
Host: crm.seller-capital.ru:443
Date: 2025-01-20 18:39:59
Module: referralId
49950
#0: KPLab\API\V2\Controller\Partners->getSellersAction
	
#1: ReflectionMethod->invokeArgs
	/home/bitrix/www/bitrix/modules/main/lib/engine/autowire/binder.php:207
#2: Bitrix\Main\Engine\AutoWire\Binder->invoke
	/home/bitrix/www/bitrix/modules/main/lib/engine/action.php:117
#3: Bitrix\Main\Engine\Action->runWithSourceParametersList
	/home/bitrix/www/bitrix/modules/main/lib/engine/controller.php:425
#4: Bitrix\Main\Engine\Controller->run
	/home/bitrix/www/bitrix/modules/main/lib/httpapplication.php:141
#5: Bitrix\Main\HttpApplication->runController
	/home/bitrix/www/bitrix/modules/main/include/routing_index.php:135
----------
Host: crm.seller-capital.ru:443
Date: 2025-01-20 18:47:24
Module: queryArray
array (
  'partnerInn' => '027722954650',
  'page' => '1',
)
#0: KPLab\API\V2\Controller\Partners->getSellersAction
	
#1: ReflectionMethod->invokeArgs
	/home/bitrix/www/bitrix/modules/main/lib/engine/autowire/binder.php:207
#2: Bitrix\Main\Engine\AutoWire\Binder->invoke
	/home/bitrix/www/bitrix/modules/main/lib/engine/action.php:117
#3: Bitrix\Main\Engine\Action->runWithSourceParametersList
	/home/bitrix/www/bitrix/modules/main/lib/engine/controller.php:425
#4: Bitrix\Main\Engine\Controller->run
	/home/bitrix/www/bitrix/modules/main/lib/httpapplication.php:141
#5: Bitrix\Main\HttpApplication->runController
	/home/bitrix/www/bitrix/modules/main/include/routing_index.php:135
----------
Host: crm.seller-capital.ru:443
Date: 2025-01-20 18:47:24
Module: referralId
38987
#0: KPLab\API\V2\Controller\Partners->getSellersAction
	
#1: ReflectionMethod->invokeArgs
	/home/bitrix/www/bitrix/modules/main/lib/engine/autowire/binder.php:207
#2: Bitrix\Main\Engine\AutoWire\Binder->invoke
	/home/bitrix/www/bitrix/modules/main/lib/engine/action.php:117
#3: Bitrix\Main\Engine\Action->runWithSourceParametersList
	/home/bitrix/www/bitrix/modules/main/lib/engine/controller.php:425
#4: Bitrix\Main\Engine\Controller->run
	/home/bitrix/www/bitrix/modules/main/lib/httpapplication.php:141
#5: Bitrix\Main\HttpApplication->runController
	/home/bitrix/www/bitrix/modules/main/include/routing_index.php:135
----------
Host: crm.seller-capital.ru:443
Date: 2025-01-20 18:47:39
Module: queryArray
array (
  'partnerInn' => '027722954650',
  'page' => '1',
)
#0: KPLab\API\V2\Controller\Partners->getSellersAction
	
#1: ReflectionMethod->invokeArgs
	/home/bitrix/www/bitrix/modules/main/lib/engine/autowire/binder.php:207
#2: Bitrix\Main\Engine\AutoWire\Binder->invoke
	/home/bitrix/www/bitrix/modules/main/lib/engine/action.php:117
#3: Bitrix\Main\Engine\Action->runWithSourceParametersList
	/home/bitrix/www/bitrix/modules/main/lib/engine/controller.php:425
#4: Bitrix\Main\Engine\Controller->run
	/home/bitrix/www/bitrix/modules/main/lib/httpapplication.php:141
#5: Bitrix\Main\HttpApplication->runController
	/home/bitrix/www/bitrix/modules/main/include/routing_index.php:135
----------
Host: crm.seller-capital.ru:443
Date: 2025-01-20 18:47:39
Module: referralId
38987
#0: KPLab\API\V2\Controller\Partners->getSellersAction
	
#1: ReflectionMethod->invokeArgs
	/home/bitrix/www/bitrix/modules/main/lib/engine/autowire/binder.php:207
#2: Bitrix\Main\Engine\AutoWire\Binder->invoke
	/home/bitrix/www/bitrix/modules/main/lib/engine/action.php:117
#3: Bitrix\Main\Engine\Action->runWithSourceParametersList
	/home/bitrix/www/bitrix/modules/main/lib/engine/controller.php:425
#4: Bitrix\Main\Engine\Controller->run
	/home/bitrix/www/bitrix/modules/main/lib/httpapplication.php:141
#5: Bitrix\Main\HttpApplication->runController
	/home/bitrix/www/bitrix/modules/main/include/routing_index.php:135
----------
Host: crm.seller-capital.ru:443
Date: 2025-01-20 18:47:49
Module: queryArray
array (
  'partnerInn' => '027722954650',
  'page' => '1',
)
#0: KPLab\API\V2\Controller\Partners->getSellersAction
	
#1: ReflectionMethod->invokeArgs
	/home/bitrix/www/bitrix/modules/main/lib/engine/autowire/binder.php:207
#2: Bitrix\Main\Engine\AutoWire\Binder->invoke
	/home/bitrix/www/bitrix/modules/main/lib/engine/action.php:117
#3: Bitrix\Main\Engine\Action->runWithSourceParametersList
	/home/bitrix/www/bitrix/modules/main/lib/engine/controller.php:425
#4: Bitrix\Main\Engine\Controller->run
	/home/bitrix/www/bitrix/modules/main/lib/httpapplication.php:141
#5: Bitrix\Main\HttpApplication->runController
	/home/bitrix/www/bitrix/modules/main/include/routing_index.php:135
----------
Host: crm.seller-capital.ru:443
Date: 2025-01-20 18:47:49
Module: referralId
38987
#0: KPLab\API\V2\Controller\Partners->getSellersAction
	
#1: ReflectionMethod->invokeArgs
	/home/bitrix/www/bitrix/modules/main/lib/engine/autowire/binder.php:207
#2: Bitrix\Main\Engine\AutoWire\Binder->invoke
	/home/bitrix/www/bitrix/modules/main/lib/engine/action.php:117
#3: Bitrix\Main\Engine\Action->runWithSourceParametersList
	/home/bitrix/www/bitrix/modules/main/lib/engine/controller.php:425
#4: Bitrix\Main\Engine\Controller->run
	/home/bitrix/www/bitrix/modules/main/lib/httpapplication.php:141
#5: Bitrix\Main\HttpApplication->runController
	/home/bitrix/www/bitrix/modules/main/include/routing_index.php:135
----------
Host: crm.seller-capital.ru:443
Date: 2025-01-20 18:48:07
Module: queryArray
array (
  'partnerInn' => '027722954650',
  'page' => '1',
)
#0: KPLab\API\V2\Controller\Partners->getSellersAction
	
#1: ReflectionMethod->invokeArgs
	/home/bitrix/www/bitrix/modules/main/lib/engine/autowire/binder.php:207
#2: Bitrix\Main\Engine\AutoWire\Binder->invoke
	/home/bitrix/www/bitrix/modules/main/lib/engine/action.php:117
#3: Bitrix\Main\Engine\Action->runWithSourceParametersList
	/home/bitrix/www/bitrix/modules/main/lib/engine/controller.php:425
#4: Bitrix\Main\Engine\Controller->run
	/home/bitrix/www/bitrix/modules/main/lib/httpapplication.php:141
#5: Bitrix\Main\HttpApplication->runController
	/home/bitrix/www/bitrix/modules/main/include/routing_index.php:135
----------
Host: crm.seller-capital.ru:443
Date: 2025-01-20 18:48:07
Module: referralId
38987
#0: KPLab\API\V2\Controller\Partners->getSellersAction
	
#1: ReflectionMethod->invokeArgs
	/home/bitrix/www/bitrix/modules/main/lib/engine/autowire/binder.php:207
#2: Bitrix\Main\Engine\AutoWire\Binder->invoke
	/home/bitrix/www/bitrix/modules/main/lib/engine/action.php:117
#3: Bitrix\Main\Engine\Action->runWithSourceParametersList
	/home/bitrix/www/bitrix/modules/main/lib/engine/controller.php:425
#4: Bitrix\Main\Engine\Controller->run
	/home/bitrix/www/bitrix/modules/main/lib/httpapplication.php:141
#5: Bitrix\Main\HttpApplication->runController
	/home/bitrix/www/bitrix/modules/main/include/routing_index.php:135
----------
Host: crm.seller-capital.ru:443
Date: 2025-01-20 19:25:28
Module: queryArray
array (
  'partnerInn' => '213004269585',
  'page' => '1',
)
#0: KPLab\API\V2\Controller\Partners->getSellersAction
	
#1: ReflectionMethod->invokeArgs
	/home/bitrix/www/bitrix/modules/main/lib/engine/autowire/binder.php:207
#2: Bitrix\Main\Engine\AutoWire\Binder->invoke
	/home/bitrix/www/bitrix/modules/main/lib/engine/action.php:117
#3: Bitrix\Main\Engine\Action->runWithSourceParametersList
	/home/bitrix/www/bitrix/modules/main/lib/engine/controller.php:425
#4: Bitrix\Main\Engine\Controller->run
	/home/bitrix/www/bitrix/modules/main/lib/httpapplication.php:141
#5: Bitrix\Main\HttpApplication->runController
	/home/bitrix/www/bitrix/modules/main/include/routing_index.php:135
----------
Host: crm.seller-capital.ru:443
Date: 2025-01-20 19:25:28
Module: referralId
49017
#0: KPLab\API\V2\Controller\Partners->getSellersAction
	
#1: ReflectionMethod->invokeArgs
	/home/bitrix/www/bitrix/modules/main/lib/engine/autowire/binder.php:207
#2: Bitrix\Main\Engine\AutoWire\Binder->invoke
	/home/bitrix/www/bitrix/modules/main/lib/engine/action.php:117
#3: Bitrix\Main\Engine\Action->runWithSourceParametersList
	/home/bitrix/www/bitrix/modules/main/lib/engine/controller.php:425
#4: Bitrix\Main\Engine\Controller->run
	/home/bitrix/www/bitrix/modules/main/lib/httpapplication.php:141
#5: Bitrix\Main\HttpApplication->runController
	/home/bitrix/www/bitrix/modules/main/include/routing_index.php:135
----------
Host: crm.seller-capital.ru:443
Date: 2025-01-20 22:28:50
Module: queryArray
array (
  'partnerInn' => '772173434667',
  'page' => '1',
)
#0: KPLab\API\V2\Controller\Partners->getSellersAction
	
#1: ReflectionMethod->invokeArgs
	/home/bitrix/www/bitrix/modules/main/lib/engine/autowire/binder.php:207
#2: Bitrix\Main\Engine\AutoWire\Binder->invoke
	/home/bitrix/www/bitrix/modules/main/lib/engine/action.php:117
#3: Bitrix\Main\Engine\Action->runWithSourceParametersList
	/home/bitrix/www/bitrix/modules/main/lib/engine/controller.php:425
#4: Bitrix\Main\Engine\Controller->run
	/home/bitrix/www/bitrix/modules/main/lib/httpapplication.php:141
#5: Bitrix\Main\HttpApplication->runController
	/home/bitrix/www/bitrix/modules/main/include/routing_index.php:135
----------
Host: crm.seller-capital.ru:443
Date: 2025-01-20 22:28:50
Module: referralId
49950
#0: KPLab\API\V2\Controller\Partners->getSellersAction
	
#1: ReflectionMethod->invokeArgs
	/home/bitrix/www/bitrix/modules/main/lib/engine/autowire/binder.php:207
#2: Bitrix\Main\Engine\AutoWire\Binder->invoke
	/home/bitrix/www/bitrix/modules/main/lib/engine/action.php:117
#3: Bitrix\Main\Engine\Action->runWithSourceParametersList
	/home/bitrix/www/bitrix/modules/main/lib/engine/controller.php:425
#4: Bitrix\Main\Engine\Controller->run
	/home/bitrix/www/bitrix/modules/main/lib/httpapplication.php:141
#5: Bitrix\Main\HttpApplication->runController
	/home/bitrix/www/bitrix/modules/main/include/routing_index.php:135
----------
Host: crm.seller-capital.ru:443
Date: 2025-01-20 22:28:52
Module: queryArray
array (
  'partnerInn' => '772173434667',
  'page' => '51',
  'status' => 'all',
)
#0: KPLab\API\V2\Controller\Partners->getSellersAction
	
#1: ReflectionMethod->invokeArgs
	/home/bitrix/www/bitrix/modules/main/lib/engine/autowire/binder.php:207
#2: Bitrix\Main\Engine\AutoWire\Binder->invoke
	/home/bitrix/www/bitrix/modules/main/lib/engine/action.php:117
#3: Bitrix\Main\Engine\Action->runWithSourceParametersList
	/home/bitrix/www/bitrix/modules/main/lib/engine/controller.php:425
#4: Bitrix\Main\Engine\Controller->run
	/home/bitrix/www/bitrix/modules/main/lib/httpapplication.php:141
#5: Bitrix\Main\HttpApplication->runController
	/home/bitrix/www/bitrix/modules/main/include/routing_index.php:135
----------
Host: crm.seller-capital.ru:443
Date: 2025-01-20 22:28:52
Module: referralId
49950
#0: KPLab\API\V2\Controller\Partners->getSellersAction
	
#1: ReflectionMethod->invokeArgs
	/home/bitrix/www/bitrix/modules/main/lib/engine/autowire/binder.php:207
#2: Bitrix\Main\Engine\AutoWire\Binder->invoke
	/home/bitrix/www/bitrix/modules/main/lib/engine/action.php:117
#3: Bitrix\Main\Engine\Action->runWithSourceParametersList
	/home/bitrix/www/bitrix/modules/main/lib/engine/controller.php:425
#4: Bitrix\Main\Engine\Controller->run
	/home/bitrix/www/bitrix/modules/main/lib/httpapplication.php:141
#5: Bitrix\Main\HttpApplication->runController
	/home/bitrix/www/bitrix/modules/main/include/routing_index.php:135
----------
Host: crm.seller-capital.ru:443
Date: 2025-01-21 09:07:43
Module: queryArray
array (
  'partnerInn' => '071500447611',
  'page' => '1',
)
#0: KPLab\API\V2\Controller\Partners->getSellersAction
	
#1: ReflectionMethod->invokeArgs
	/home/bitrix/www/bitrix/modules/main/lib/engine/autowire/binder.php:207
#2: Bitrix\Main\Engine\AutoWire\Binder->invoke
	/home/bitrix/www/bitrix/modules/main/lib/engine/action.php:117
#3: Bitrix\Main\Engine\Action->runWithSourceParametersList
	/home/bitrix/www/bitrix/modules/main/lib/engine/controller.php:425
#4: Bitrix\Main\Engine\Controller->run
	/home/bitrix/www/bitrix/modules/main/lib/httpapplication.php:141
#5: Bitrix\Main\HttpApplication->runController
	/home/bitrix/www/bitrix/modules/main/include/routing_index.php:135
----------
Host: crm.seller-capital.ru:443
Date: 2025-01-21 09:07:43
Module: referralId
48919
#0: KPLab\API\V2\Controller\Partners->getSellersAction
	
#1: ReflectionMethod->invokeArgs
	/home/bitrix/www/bitrix/modules/main/lib/engine/autowire/binder.php:207
#2: Bitrix\Main\Engine\AutoWire\Binder->invoke
	/home/bitrix/www/bitrix/modules/main/lib/engine/action.php:117
#3: Bitrix\Main\Engine\Action->runWithSourceParametersList
	/home/bitrix/www/bitrix/modules/main/lib/engine/controller.php:425
#4: Bitrix\Main\Engine\Controller->run
	/home/bitrix/www/bitrix/modules/main/lib/httpapplication.php:141
#5: Bitrix\Main\HttpApplication->runController
	/home/bitrix/www/bitrix/modules/main/include/routing_index.php:135
----------
Host: crm.seller-capital.ru:443
Date: 2025-01-21 09:08:38
Module: queryArray
array (
  'partnerInn' => '071500447611',
  'page' => '1',
)
#0: KPLab\API\V2\Controller\Partners->getSellersAction
	
#1: ReflectionMethod->invokeArgs
	/home/bitrix/www/bitrix/modules/main/lib/engine/autowire/binder.php:207
#2: Bitrix\Main\Engine\AutoWire\Binder->invoke
	/home/bitrix/www/bitrix/modules/main/lib/engine/action.php:117
#3: Bitrix\Main\Engine\Action->runWithSourceParametersList
	/home/bitrix/www/bitrix/modules/main/lib/engine/controller.php:425
#4: Bitrix\Main\Engine\Controller->run
	/home/bitrix/www/bitrix/modules/main/lib/httpapplication.php:141
#5: Bitrix\Main\HttpApplication->runController
	/home/bitrix/www/bitrix/modules/main/include/routing_index.php:135
----------
Host: crm.seller-capital.ru:443
Date: 2025-01-21 09:08:39
Module: referralId
48919
#0: KPLab\API\V2\Controller\Partners->getSellersAction
	
#1: ReflectionMethod->invokeArgs
	/home/bitrix/www/bitrix/modules/main/lib/engine/autowire/binder.php:207
#2: Bitrix\Main\Engine\AutoWire\Binder->invoke
	/home/bitrix/www/bitrix/modules/main/lib/engine/action.php:117
#3: Bitrix\Main\Engine\Action->runWithSourceParametersList
	/home/bitrix/www/bitrix/modules/main/lib/engine/controller.php:425
#4: Bitrix\Main\Engine\Controller->run
	/home/bitrix/www/bitrix/modules/main/lib/httpapplication.php:141
#5: Bitrix\Main\HttpApplication->runController
	/home/bitrix/www/bitrix/modules/main/include/routing_index.php:135
----------
Host: crm.seller-capital.ru:443
Date: 2025-01-21 09:49:20
Module: queryArray
array (
  'partnerInn' => '165055057486',
  'page' => '1',
)
#0: KPLab\API\V2\Controller\Partners->getSellersAction
	
#1: ReflectionMethod->invokeArgs
	/home/bitrix/www/bitrix/modules/main/lib/engine/autowire/binder.php:207
#2: Bitrix\Main\Engine\AutoWire\Binder->invoke
	/home/bitrix/www/bitrix/modules/main/lib/engine/action.php:117
#3: Bitrix\Main\Engine\Action->runWithSourceParametersList
	/home/bitrix/www/bitrix/modules/main/lib/engine/controller.php:425
#4: Bitrix\Main\Engine\Controller->run
	/home/bitrix/www/bitrix/modules/main/lib/httpapplication.php:141
#5: Bitrix\Main\HttpApplication->runController
	/home/bitrix/www/bitrix/modules/main/include/routing_index.php:135
----------
Host: crm.seller-capital.ru:443
Date: 2025-01-21 09:49:20
Module: referralId
17145
#0: KPLab\API\V2\Controller\Partners->getSellersAction
	
#1: ReflectionMethod->invokeArgs
	/home/bitrix/www/bitrix/modules/main/lib/engine/autowire/binder.php:207
#2: Bitrix\Main\Engine\AutoWire\Binder->invoke
	/home/bitrix/www/bitrix/modules/main/lib/engine/action.php:117
#3: Bitrix\Main\Engine\Action->runWithSourceParametersList
	/home/bitrix/www/bitrix/modules/main/lib/engine/controller.php:425
#4: Bitrix\Main\Engine\Controller->run
	/home/bitrix/www/bitrix/modules/main/lib/httpapplication.php:141
#5: Bitrix\Main\HttpApplication->runController
	/home/bitrix/www/bitrix/modules/main/include/routing_index.php:135
----------
Host: crm.seller-capital.ru:443
Date: 2025-01-21 09:49:20
Module: queryArray
array (
  'partnerInn' => '165055057486',
  'page' => '51',
  'status' => 'all',
)
#0: KPLab\API\V2\Controller\Partners->getSellersAction
	
#1: ReflectionMethod->invokeArgs
	/home/bitrix/www/bitrix/modules/main/lib/engine/autowire/binder.php:207
#2: Bitrix\Main\Engine\AutoWire\Binder->invoke
	/home/bitrix/www/bitrix/modules/main/lib/engine/action.php:117
#3: Bitrix\Main\Engine\Action->runWithSourceParametersList
	/home/bitrix/www/bitrix/modules/main/lib/engine/controller.php:425
#4: Bitrix\Main\Engine\Controller->run
	/home/bitrix/www/bitrix/modules/main/lib/httpapplication.php:141
#5: Bitrix\Main\HttpApplication->runController
	/home/bitrix/www/bitrix/modules/main/include/routing_index.php:135
----------
Host: crm.seller-capital.ru:443
Date: 2025-01-21 09:49:20
Module: referralId
17145
#0: KPLab\API\V2\Controller\Partners->getSellersAction
	
#1: ReflectionMethod->invokeArgs
	/home/bitrix/www/bitrix/modules/main/lib/engine/autowire/binder.php:207
#2: Bitrix\Main\Engine\AutoWire\Binder->invoke
	/home/bitrix/www/bitrix/modules/main/lib/engine/action.php:117
#3: Bitrix\Main\Engine\Action->runWithSourceParametersList
	/home/bitrix/www/bitrix/modules/main/lib/engine/controller.php:425
#4: Bitrix\Main\Engine\Controller->run
	/home/bitrix/www/bitrix/modules/main/lib/httpapplication.php:141
#5: Bitrix\Main\HttpApplication->runController
	/home/bitrix/www/bitrix/modules/main/include/routing_index.php:135
----------
Host: crm.seller-capital.ru:443
Date: 2025-01-21 10:34:39
Module: queryArray
array (
  'partnerInn' => '027722954650',
  'page' => '1',
)
#0: KPLab\API\V2\Controller\Partners->getSellersAction
	
#1: ReflectionMethod->invokeArgs
	/home/bitrix/www/bitrix/modules/main/lib/engine/autowire/binder.php:207
#2: Bitrix\Main\Engine\AutoWire\Binder->invoke
	/home/bitrix/www/bitrix/modules/main/lib/engine/action.php:117
#3: Bitrix\Main\Engine\Action->runWithSourceParametersList
	/home/bitrix/www/bitrix/modules/main/lib/engine/controller.php:425
#4: Bitrix\Main\Engine\Controller->run
	/home/bitrix/www/bitrix/modules/main/lib/httpapplication.php:141
#5: Bitrix\Main\HttpApplication->runController
	/home/bitrix/www/bitrix/modules/main/include/routing_index.php:135
----------
Host: crm.seller-capital.ru:443
Date: 2025-01-21 10:34:40
Module: referralId
38987
#0: KPLab\API\V2\Controller\Partners->getSellersAction
	
#1: ReflectionMethod->invokeArgs
	/home/bitrix/www/bitrix/modules/main/lib/engine/autowire/binder.php:207
#2: Bitrix\Main\Engine\AutoWire\Binder->invoke
	/home/bitrix/www/bitrix/modules/main/lib/engine/action.php:117
#3: Bitrix\Main\Engine\Action->runWithSourceParametersList
	/home/bitrix/www/bitrix/modules/main/lib/engine/controller.php:425
#4: Bitrix\Main\Engine\Controller->run
	/home/bitrix/www/bitrix/modules/main/lib/httpapplication.php:141
#5: Bitrix\Main\HttpApplication->runController
	/home/bitrix/www/bitrix/modules/main/include/routing_index.php:135
----------
Host: crm.seller-capital.ru:443
Date: 2025-01-21 11:30:41
Module: queryArray
array (
  'partnerInn' => '071500447611',
  'page' => '1',
)
#0: KPLab\API\V2\Controller\Partners->getSellersAction
	
#1: ReflectionMethod->invokeArgs
	/home/bitrix/www/bitrix/modules/main/lib/engine/autowire/binder.php:207
#2: Bitrix\Main\Engine\AutoWire\Binder->invoke
	/home/bitrix/www/bitrix/modules/main/lib/engine/action.php:117
#3: Bitrix\Main\Engine\Action->runWithSourceParametersList
	/home/bitrix/www/bitrix/modules/main/lib/engine/controller.php:425
#4: Bitrix\Main\Engine\Controller->run
	/home/bitrix/www/bitrix/modules/main/lib/httpapplication.php:141
#5: Bitrix\Main\HttpApplication->runController
	/home/bitrix/www/bitrix/modules/main/include/routing_index.php:135
----------
Host: crm.seller-capital.ru:443
Date: 2025-01-21 11:30:41
Module: referralId
48919
#0: KPLab\API\V2\Controller\Partners->getSellersAction
	
#1: ReflectionMethod->invokeArgs
	/home/bitrix/www/bitrix/modules/main/lib/engine/autowire/binder.php:207
#2: Bitrix\Main\Engine\AutoWire\Binder->invoke
	/home/bitrix/www/bitrix/modules/main/lib/engine/action.php:117
#3: Bitrix\Main\Engine\Action->runWithSourceParametersList
	/home/bitrix/www/bitrix/modules/main/lib/engine/controller.php:425
#4: Bitrix\Main\Engine\Controller->run
	/home/bitrix/www/bitrix/modules/main/lib/httpapplication.php:141
#5: Bitrix\Main\HttpApplication->runController
	/home/bitrix/www/bitrix/modules/main/include/routing_index.php:135
----------
Host: crm.seller-capital.ru:443
Date: 2025-01-21 11:30:47
Module: queryArray
array (
  'partnerInn' => '071500447611',
  'page' => '1',
)
#0: KPLab\API\V2\Controller\Partners->getSellersAction
	
#1: ReflectionMethod->invokeArgs
	/home/bitrix/www/bitrix/modules/main/lib/engine/autowire/binder.php:207
#2: Bitrix\Main\Engine\AutoWire\Binder->invoke
	/home/bitrix/www/bitrix/modules/main/lib/engine/action.php:117
#3: Bitrix\Main\Engine\Action->runWithSourceParametersList
	/home/bitrix/www/bitrix/modules/main/lib/engine/controller.php:425
#4: Bitrix\Main\Engine\Controller->run
	/home/bitrix/www/bitrix/modules/main/lib/httpapplication.php:141
#5: Bitrix\Main\HttpApplication->runController
	/home/bitrix/www/bitrix/modules/main/include/routing_index.php:135
----------
Host: crm.seller-capital.ru:443
Date: 2025-01-21 11:30:47
Module: referralId
48919
#0: KPLab\API\V2\Controller\Partners->getSellersAction
	
#1: ReflectionMethod->invokeArgs
	/home/bitrix/www/bitrix/modules/main/lib/engine/autowire/binder.php:207
#2: Bitrix\Main\Engine\AutoWire\Binder->invoke
	/home/bitrix/www/bitrix/modules/main/lib/engine/action.php:117
#3: Bitrix\Main\Engine\Action->runWithSourceParametersList
	/home/bitrix/www/bitrix/modules/main/lib/engine/controller.php:425
#4: Bitrix\Main\Engine\Controller->run
	/home/bitrix/www/bitrix/modules/main/lib/httpapplication.php:141
#5: Bitrix\Main\HttpApplication->runController
	/home/bitrix/www/bitrix/modules/main/include/routing_index.php:135
----------
Host: crm.seller-capital.ru:443
Date: 2025-01-21 11:33:48
Module: queryArray
array (
  'partnerInn' => '071500447611',
  'page' => '1',
)
#0: KPLab\API\V2\Controller\Partners->getSellersAction
	
#1: ReflectionMethod->invokeArgs
	/home/bitrix/www/bitrix/modules/main/lib/engine/autowire/binder.php:207
#2: Bitrix\Main\Engine\AutoWire\Binder->invoke
	/home/bitrix/www/bitrix/modules/main/lib/engine/action.php:117
#3: Bitrix\Main\Engine\Action->runWithSourceParametersList
	/home/bitrix/www/bitrix/modules/main/lib/engine/controller.php:425
#4: Bitrix\Main\Engine\Controller->run
	/home/bitrix/www/bitrix/modules/main/lib/httpapplication.php:141
#5: Bitrix\Main\HttpApplication->runController
	/home/bitrix/www/bitrix/modules/main/include/routing_index.php:135
----------
Host: crm.seller-capital.ru:443
Date: 2025-01-21 11:33:48
Module: referralId
48919
#0: KPLab\API\V2\Controller\Partners->getSellersAction
	
#1: ReflectionMethod->invokeArgs
	/home/bitrix/www/bitrix/modules/main/lib/engine/autowire/binder.php:207
#2: Bitrix\Main\Engine\AutoWire\Binder->invoke
	/home/bitrix/www/bitrix/modules/main/lib/engine/action.php:117
#3: Bitrix\Main\Engine\Action->runWithSourceParametersList
	/home/bitrix/www/bitrix/modules/main/lib/engine/controller.php:425
#4: Bitrix\Main\Engine\Controller->run
	/home/bitrix/www/bitrix/modules/main/lib/httpapplication.php:141
#5: Bitrix\Main\HttpApplication->runController
	/home/bitrix/www/bitrix/modules/main/include/routing_index.php:135
----------
Host: crm.seller-capital.ru:443
Date: 2025-01-21 12:18:42
Module: queryArray
array (
  'partnerInn' => '071500447611',
  'page' => '1',
)
#0: KPLab\API\V2\Controller\Partners->getSellersAction
	
#1: ReflectionMethod->invokeArgs
	/home/bitrix/www/bitrix/modules/main/lib/engine/autowire/binder.php:207
#2: Bitrix\Main\Engine\AutoWire\Binder->invoke
	/home/bitrix/www/bitrix/modules/main/lib/engine/action.php:117
#3: Bitrix\Main\Engine\Action->runWithSourceParametersList
	/home/bitrix/www/bitrix/modules/main/lib/engine/controller.php:425
#4: Bitrix\Main\Engine\Controller->run
	/home/bitrix/www/bitrix/modules/main/lib/httpapplication.php:141
#5: Bitrix\Main\HttpApplication->runController
	/home/bitrix/www/bitrix/modules/main/include/routing_index.php:135
----------
Host: crm.seller-capital.ru:443
Date: 2025-01-21 12:18:42
Module: referralId
48919
#0: KPLab\API\V2\Controller\Partners->getSellersAction
	
#1: ReflectionMethod->invokeArgs
	/home/bitrix/www/bitrix/modules/main/lib/engine/autowire/binder.php:207
#2: Bitrix\Main\Engine\AutoWire\Binder->invoke
	/home/bitrix/www/bitrix/modules/main/lib/engine/action.php:117
#3: Bitrix\Main\Engine\Action->runWithSourceParametersList
	/home/bitrix/www/bitrix/modules/main/lib/engine/controller.php:425
#4: Bitrix\Main\Engine\Controller->run
	/home/bitrix/www/bitrix/modules/main/lib/httpapplication.php:141
#5: Bitrix\Main\HttpApplication->runController
	/home/bitrix/www/bitrix/modules/main/include/routing_index.php:135
----------
Host: crm.seller-capital.ru:443
Date: 2025-01-21 12:18:44
Module: queryArray
array (
  'partnerInn' => '071500447611',
  'page' => '1',
)
#0: KPLab\API\V2\Controller\Partners->getSellersAction
	
#1: ReflectionMethod->invokeArgs
	/home/bitrix/www/bitrix/modules/main/lib/engine/autowire/binder.php:207
#2: Bitrix\Main\Engine\AutoWire\Binder->invoke
	/home/bitrix/www/bitrix/modules/main/lib/engine/action.php:117
#3: Bitrix\Main\Engine\Action->runWithSourceParametersList
	/home/bitrix/www/bitrix/modules/main/lib/engine/controller.php:425
#4: Bitrix\Main\Engine\Controller->run
	/home/bitrix/www/bitrix/modules/main/lib/httpapplication.php:141
#5: Bitrix\Main\HttpApplication->runController
	/home/bitrix/www/bitrix/modules/main/include/routing_index.php:135
----------
Host: crm.seller-capital.ru:443
Date: 2025-01-21 12:18:45
Module: referralId
48919
#0: KPLab\API\V2\Controller\Partners->getSellersAction
	
#1: ReflectionMethod->invokeArgs
	/home/bitrix/www/bitrix/modules/main/lib/engine/autowire/binder.php:207
#2: Bitrix\Main\Engine\AutoWire\Binder->invoke
	/home/bitrix/www/bitrix/modules/main/lib/engine/action.php:117
#3: Bitrix\Main\Engine\Action->runWithSourceParametersList
	/home/bitrix/www/bitrix/modules/main/lib/engine/controller.php:425
#4: Bitrix\Main\Engine\Controller->run
	/home/bitrix/www/bitrix/modules/main/lib/httpapplication.php:141
#5: Bitrix\Main\HttpApplication->runController
	/home/bitrix/www/bitrix/modules/main/include/routing_index.php:135
----------
Host: crm.seller-capital.ru:443
Date: 2025-01-21 12:18:47
Module: queryArray
array (
  'partnerInn' => '071500447611',
  'page' => '1',
)
#0: KPLab\API\V2\Controller\Partners->getSellersAction
	
#1: ReflectionMethod->invokeArgs
	/home/bitrix/www/bitrix/modules/main/lib/engine/autowire/binder.php:207
#2: Bitrix\Main\Engine\AutoWire\Binder->invoke
	/home/bitrix/www/bitrix/modules/main/lib/engine/action.php:117
#3: Bitrix\Main\Engine\Action->runWithSourceParametersList
	/home/bitrix/www/bitrix/modules/main/lib/engine/controller.php:425
#4: Bitrix\Main\Engine\Controller->run
	/home/bitrix/www/bitrix/modules/main/lib/httpapplication.php:141
#5: Bitrix\Main\HttpApplication->runController
	/home/bitrix/www/bitrix/modules/main/include/routing_index.php:135
----------
Host: crm.seller-capital.ru:443
Date: 2025-01-21 12:18:47
Module: referralId
48919
#0: KPLab\API\V2\Controller\Partners->getSellersAction
	
#1: ReflectionMethod->invokeArgs
	/home/bitrix/www/bitrix/modules/main/lib/engine/autowire/binder.php:207
#2: Bitrix\Main\Engine\AutoWire\Binder->invoke
	/home/bitrix/www/bitrix/modules/main/lib/engine/action.php:117
#3: Bitrix\Main\Engine\Action->runWithSourceParametersList
	/home/bitrix/www/bitrix/modules/main/lib/engine/controller.php:425
#4: Bitrix\Main\Engine\Controller->run
	/home/bitrix/www/bitrix/modules/main/lib/httpapplication.php:141
#5: Bitrix\Main\HttpApplication->runController
	/home/bitrix/www/bitrix/modules/main/include/routing_index.php:135
----------
Host: crm.seller-capital.ru:443
Date: 2025-01-21 12:41:28
Module: queryArray
array (
  'partnerInn' => '9731043856',
  'page' => '1',
)
#0: KPLab\API\V2\Controller\Partners->getSellersAction
	
#1: ReflectionMethod->invokeArgs
	/home/bitrix/www/bitrix/modules/main/lib/engine/autowire/binder.php:207
#2: Bitrix\Main\Engine\AutoWire\Binder->invoke
	/home/bitrix/www/bitrix/modules/main/lib/engine/action.php:117
#3: Bitrix\Main\Engine\Action->runWithSourceParametersList
	/home/bitrix/www/bitrix/modules/main/lib/engine/controller.php:425
#4: Bitrix\Main\Engine\Controller->run
	/home/bitrix/www/bitrix/modules/main/lib/httpapplication.php:141
#5: Bitrix\Main\HttpApplication->runController
	/home/bitrix/www/bitrix/modules/main/include/routing_index.php:135
----------
Host: crm.seller-capital.ru:443
Date: 2025-01-21 12:41:28
Module: referralId
50189
#0: KPLab\API\V2\Controller\Partners->getSellersAction
	
#1: ReflectionMethod->invokeArgs
	/home/bitrix/www/bitrix/modules/main/lib/engine/autowire/binder.php:207
#2: Bitrix\Main\Engine\AutoWire\Binder->invoke
	/home/bitrix/www/bitrix/modules/main/lib/engine/action.php:117
#3: Bitrix\Main\Engine\Action->runWithSourceParametersList
	/home/bitrix/www/bitrix/modules/main/lib/engine/controller.php:425
#4: Bitrix\Main\Engine\Controller->run
	/home/bitrix/www/bitrix/modules/main/lib/httpapplication.php:141
#5: Bitrix\Main\HttpApplication->runController
	/home/bitrix/www/bitrix/modules/main/include/routing_index.php:135
----------
Host: crm.seller-capital.ru:443
Date: 2025-01-21 13:01:00
Module: queryArray
array (
  'partnerInn' => '773273947777',
  'page' => '1',
)
#0: KPLab\API\V2\Controller\Partners->getSellersAction
	
#1: ReflectionMethod->invokeArgs
	/home/bitrix/www/bitrix/modules/main/lib/engine/autowire/binder.php:207
#2: Bitrix\Main\Engine\AutoWire\Binder->invoke
	/home/bitrix/www/bitrix/modules/main/lib/engine/action.php:117
#3: Bitrix\Main\Engine\Action->runWithSourceParametersList
	/home/bitrix/www/bitrix/modules/main/lib/engine/controller.php:425
#4: Bitrix\Main\Engine\Controller->run
	/home/bitrix/www/bitrix/modules/main/lib/httpapplication.php:141
#5: Bitrix\Main\HttpApplication->runController
	/home/bitrix/www/bitrix/modules/main/include/routing_index.php:135
----------
Host: crm.seller-capital.ru:443
Date: 2025-01-21 13:01:00
Module: referralId
43731
#0: KPLab\API\V2\Controller\Partners->getSellersAction
	
#1: ReflectionMethod->invokeArgs
	/home/bitrix/www/bitrix/modules/main/lib/engine/autowire/binder.php:207
#2: Bitrix\Main\Engine\AutoWire\Binder->invoke
	/home/bitrix/www/bitrix/modules/main/lib/engine/action.php:117
#3: Bitrix\Main\Engine\Action->runWithSourceParametersList
	/home/bitrix/www/bitrix/modules/main/lib/engine/controller.php:425
#4: Bitrix\Main\Engine\Controller->run
	/home/bitrix/www/bitrix/modules/main/lib/httpapplication.php:141
#5: Bitrix\Main\HttpApplication->runController
	/home/bitrix/www/bitrix/modules/main/include/routing_index.php:135
----------
Host: crm.seller-capital.ru:443
Date: 2025-01-21 13:02:00
Module: queryArray
array (
  'partnerInn' => '773273947777',
  'page' => '1',
)
#0: KPLab\API\V2\Controller\Partners->getSellersAction
	
#1: ReflectionMethod->invokeArgs
	/home/bitrix/www/bitrix/modules/main/lib/engine/autowire/binder.php:207
#2: Bitrix\Main\Engine\AutoWire\Binder->invoke
	/home/bitrix/www/bitrix/modules/main/lib/engine/action.php:117
#3: Bitrix\Main\Engine\Action->runWithSourceParametersList
	/home/bitrix/www/bitrix/modules/main/lib/engine/controller.php:425
#4: Bitrix\Main\Engine\Controller->run
	/home/bitrix/www/bitrix/modules/main/lib/httpapplication.php:141
#5: Bitrix\Main\HttpApplication->runController
	/home/bitrix/www/bitrix/modules/main/include/routing_index.php:135
----------
Host: crm.seller-capital.ru:443
Date: 2025-01-21 13:02:00
Module: referralId
43731
#0: KPLab\API\V2\Controller\Partners->getSellersAction
	
#1: ReflectionMethod->invokeArgs
	/home/bitrix/www/bitrix/modules/main/lib/engine/autowire/binder.php:207
#2: Bitrix\Main\Engine\AutoWire\Binder->invoke
	/home/bitrix/www/bitrix/modules/main/lib/engine/action.php:117
#3: Bitrix\Main\Engine\Action->runWithSourceParametersList
	/home/bitrix/www/bitrix/modules/main/lib/engine/controller.php:425
#4: Bitrix\Main\Engine\Controller->run
	/home/bitrix/www/bitrix/modules/main/lib/httpapplication.php:141
#5: Bitrix\Main\HttpApplication->runController
	/home/bitrix/www/bitrix/modules/main/include/routing_index.php:135
----------
Host: crm.seller-capital.ru:443
Date: 2025-01-21 13:30:18
Module: queryArray
array (
  'partnerInn' => '071500447611',
  'page' => '1',
)
#0: KPLab\API\V2\Controller\Partners->getSellersAction
	
#1: ReflectionMethod->invokeArgs
	/home/bitrix/www/bitrix/modules/main/lib/engine/autowire/binder.php:207
#2: Bitrix\Main\Engine\AutoWire\Binder->invoke
	/home/bitrix/www/bitrix/modules/main/lib/engine/action.php:117
#3: Bitrix\Main\Engine\Action->runWithSourceParametersList
	/home/bitrix/www/bitrix/modules/main/lib/engine/controller.php:425
#4: Bitrix\Main\Engine\Controller->run
	/home/bitrix/www/bitrix/modules/main/lib/httpapplication.php:141
#5: Bitrix\Main\HttpApplication->runController
	/home/bitrix/www/bitrix/modules/main/include/routing_index.php:135
----------
Host: crm.seller-capital.ru:443
Date: 2025-01-21 13:30:18
Module: referralId
48919
#0: KPLab\API\V2\Controller\Partners->getSellersAction
	
#1: ReflectionMethod->invokeArgs
	/home/bitrix/www/bitrix/modules/main/lib/engine/autowire/binder.php:207
#2: Bitrix\Main\Engine\AutoWire\Binder->invoke
	/home/bitrix/www/bitrix/modules/main/lib/engine/action.php:117
#3: Bitrix\Main\Engine\Action->runWithSourceParametersList
	/home/bitrix/www/bitrix/modules/main/lib/engine/controller.php:425
#4: Bitrix\Main\Engine\Controller->run
	/home/bitrix/www/bitrix/modules/main/lib/httpapplication.php:141
#5: Bitrix\Main\HttpApplication->runController
	/home/bitrix/www/bitrix/modules/main/include/routing_index.php:135
----------
Host: crm.seller-capital.ru:443
Date: 2025-01-21 13:46:49
Module: queryArray
array (
  'partnerInn' => '312703301063',
  'page' => '1',
)
#0: KPLab\API\V2\Controller\Partners->getSellersAction
	
#1: ReflectionMethod->invokeArgs
	/home/bitrix/www/bitrix/modules/main/lib/engine/autowire/binder.php:207
#2: Bitrix\Main\Engine\AutoWire\Binder->invoke
	/home/bitrix/www/bitrix/modules/main/lib/engine/action.php:117
#3: Bitrix\Main\Engine\Action->runWithSourceParametersList
	/home/bitrix/www/bitrix/modules/main/lib/engine/controller.php:425
#4: Bitrix\Main\Engine\Controller->run
	/home/bitrix/www/bitrix/modules/main/lib/httpapplication.php:141
#5: Bitrix\Main\HttpApplication->runController
	/home/bitrix/www/bitrix/modules/main/include/routing_index.php:135
----------
Host: crm.seller-capital.ru:443
Date: 2025-01-21 13:46:49
Module: referralId
31069
#0: KPLab\API\V2\Controller\Partners->getSellersAction
	
#1: ReflectionMethod->invokeArgs
	/home/bitrix/www/bitrix/modules/main/lib/engine/autowire/binder.php:207
#2: Bitrix\Main\Engine\AutoWire\Binder->invoke
	/home/bitrix/www/bitrix/modules/main/lib/engine/action.php:117
#3: Bitrix\Main\Engine\Action->runWithSourceParametersList
	/home/bitrix/www/bitrix/modules/main/lib/engine/controller.php:425
#4: Bitrix\Main\Engine\Controller->run
	/home/bitrix/www/bitrix/modules/main/lib/httpapplication.php:141
#5: Bitrix\Main\HttpApplication->runController
	/home/bitrix/www/bitrix/modules/main/include/routing_index.php:135
----------
Host: crm.seller-capital.ru:443
Date: 2025-01-21 13:51:00
Module: queryArray
array (
  'partnerInn' => '312703301063',
  'page' => '1',
)
#0: KPLab\API\V2\Controller\Partners->getSellersAction
	
#1: ReflectionMethod->invokeArgs
	/home/bitrix/www/bitrix/modules/main/lib/engine/autowire/binder.php:207
#2: Bitrix\Main\Engine\AutoWire\Binder->invoke
	/home/bitrix/www/bitrix/modules/main/lib/engine/action.php:117
#3: Bitrix\Main\Engine\Action->runWithSourceParametersList
	/home/bitrix/www/bitrix/modules/main/lib/engine/controller.php:425
#4: Bitrix\Main\Engine\Controller->run
	/home/bitrix/www/bitrix/modules/main/lib/httpapplication.php:141
#5: Bitrix\Main\HttpApplication->runController
	/home/bitrix/www/bitrix/modules/main/include/routing_index.php:135
----------
Host: crm.seller-capital.ru:443
Date: 2025-01-21 13:51:00
Module: referralId
31069
#0: KPLab\API\V2\Controller\Partners->getSellersAction
	
#1: ReflectionMethod->invokeArgs
	/home/bitrix/www/bitrix/modules/main/lib/engine/autowire/binder.php:207
#2: Bitrix\Main\Engine\AutoWire\Binder->invoke
	/home/bitrix/www/bitrix/modules/main/lib/engine/action.php:117
#3: Bitrix\Main\Engine\Action->runWithSourceParametersList
	/home/bitrix/www/bitrix/modules/main/lib/engine/controller.php:425
#4: Bitrix\Main\Engine\Controller->run
	/home/bitrix/www/bitrix/modules/main/lib/httpapplication.php:141
#5: Bitrix\Main\HttpApplication->runController
	/home/bitrix/www/bitrix/modules/main/include/routing_index.php:135
----------
Host: crm.seller-capital.ru:443
Date: 2025-01-21 13:51:09
Module: queryArray
array (
  'partnerInn' => '312703301063',
  'startDate' => '01/20/2025 00:00:00',
  'endDate' => '01/20/2025 00:00:00',
  'page' => '1',
  'status' => 'all',
)
#0: KPLab\API\V2\Controller\Partners->getSellersAction
	
#1: ReflectionMethod->invokeArgs
	/home/bitrix/www/bitrix/modules/main/lib/engine/autowire/binder.php:207
#2: Bitrix\Main\Engine\AutoWire\Binder->invoke
	/home/bitrix/www/bitrix/modules/main/lib/engine/action.php:117
#3: Bitrix\Main\Engine\Action->runWithSourceParametersList
	/home/bitrix/www/bitrix/modules/main/lib/engine/controller.php:425
#4: Bitrix\Main\Engine\Controller->run
	/home/bitrix/www/bitrix/modules/main/lib/httpapplication.php:141
#5: Bitrix\Main\HttpApplication->runController
	/home/bitrix/www/bitrix/modules/main/include/routing_index.php:135
----------
Host: crm.seller-capital.ru:443
Date: 2025-01-21 13:51:10
Module: referralId
31069
#0: KPLab\API\V2\Controller\Partners->getSellersAction
	
#1: ReflectionMethod->invokeArgs
	/home/bitrix/www/bitrix/modules/main/lib/engine/autowire/binder.php:207
#2: Bitrix\Main\Engine\AutoWire\Binder->invoke
	/home/bitrix/www/bitrix/modules/main/lib/engine/action.php:117
#3: Bitrix\Main\Engine\Action->runWithSourceParametersList
	/home/bitrix/www/bitrix/modules/main/lib/engine/controller.php:425
#4: Bitrix\Main\Engine\Controller->run
	/home/bitrix/www/bitrix/modules/main/lib/httpapplication.php:141
#5: Bitrix\Main\HttpApplication->runController
	/home/bitrix/www/bitrix/modules/main/include/routing_index.php:135
----------
Host: crm.seller-capital.ru:443
Date: 2025-01-21 13:51:29
Module: queryArray
array (
  'partnerInn' => '312703301063',
  'startDate' => '01/20/2025 00:00:00',
  'endDate' => '01/20/2025 00:00:00',
  'page' => '1',
  'status' => 'in_processed',
)
#0: KPLab\API\V2\Controller\Partners->getSellersAction
	
#1: ReflectionMethod->invokeArgs
	/home/bitrix/www/bitrix/modules/main/lib/engine/autowire/binder.php:207
#2: Bitrix\Main\Engine\AutoWire\Binder->invoke
	/home/bitrix/www/bitrix/modules/main/lib/engine/action.php:117
#3: Bitrix\Main\Engine\Action->runWithSourceParametersList
	/home/bitrix/www/bitrix/modules/main/lib/engine/controller.php:425
#4: Bitrix\Main\Engine\Controller->run
	/home/bitrix/www/bitrix/modules/main/lib/httpapplication.php:141
#5: Bitrix\Main\HttpApplication->runController
	/home/bitrix/www/bitrix/modules/main/include/routing_index.php:135
----------
Host: crm.seller-capital.ru:443
Date: 2025-01-21 13:51:30
Module: referralId
31069
#0: KPLab\API\V2\Controller\Partners->getSellersAction
	
#1: ReflectionMethod->invokeArgs
	/home/bitrix/www/bitrix/modules/main/lib/engine/autowire/binder.php:207
#2: Bitrix\Main\Engine\AutoWire\Binder->invoke
	/home/bitrix/www/bitrix/modules/main/lib/engine/action.php:117
#3: Bitrix\Main\Engine\Action->runWithSourceParametersList
	/home/bitrix/www/bitrix/modules/main/lib/engine/controller.php:425
#4: Bitrix\Main\Engine\Controller->run
	/home/bitrix/www/bitrix/modules/main/lib/httpapplication.php:141
#5: Bitrix\Main\HttpApplication->runController
	/home/bitrix/www/bitrix/modules/main/include/routing_index.php:135
----------
Host: crm.seller-capital.ru:443
Date: 2025-01-21 13:51:30
Module: arFilter
array (
  '::LOGIC' => 'AND',
  'IBLOCK_ID' => 167,
  '=PROPERTY_REFERRAL_ID' => 31069,
  'PROPERTY_STATUS_VALUE' => 'В обработке',
  '>=PROPERTY_DATE_LEAD' => '2025-01-20T00:00:00',
  '<=PROPERTY_DATE_LEAD' => '2025-01-20T23:59:59',
)
#0: KPLab\API\V2\Controller\Partners->getSellersAction
	
#1: ReflectionMethod->invokeArgs
	/home/bitrix/www/bitrix/modules/main/lib/engine/autowire/binder.php:207
#2: Bitrix\Main\Engine\AutoWire\Binder->invoke
	/home/bitrix/www/bitrix/modules/main/lib/engine/action.php:117
#3: Bitrix\Main\Engine\Action->runWithSourceParametersList
	/home/bitrix/www/bitrix/modules/main/lib/engine/controller.php:425
#4: Bitrix\Main\Engine\Controller->run
	/home/bitrix/www/bitrix/modules/main/lib/httpapplication.php:141
#5: Bitrix\Main\HttpApplication->runController
	/home/bitrix/www/bitrix/modules/main/include/routing_index.php:135
----------
Host: crm.seller-capital.ru:443
Date: 2025-01-21 13:51:34
Module: queryArray
array (
  'partnerInn' => '312703301063',
  'startDate' => '01/01/2025 00:00:00',
  'endDate' => '01/20/2025 00:00:00',
  'page' => '1',
  'status' => 'in_processed',
)
#0: KPLab\API\V2\Controller\Partners->getSellersAction
	
#1: ReflectionMethod->invokeArgs
	/home/bitrix/www/bitrix/modules/main/lib/engine/autowire/binder.php:207
#2: Bitrix\Main\Engine\AutoWire\Binder->invoke
	/home/bitrix/www/bitrix/modules/main/lib/engine/action.php:117
#3: Bitrix\Main\Engine\Action->runWithSourceParametersList
	/home/bitrix/www/bitrix/modules/main/lib/engine/controller.php:425
#4: Bitrix\Main\Engine\Controller->run
	/home/bitrix/www/bitrix/modules/main/lib/httpapplication.php:141
#5: Bitrix\Main\HttpApplication->runController
	/home/bitrix/www/bitrix/modules/main/include/routing_index.php:135
----------
Host: crm.seller-capital.ru:443
Date: 2025-01-21 13:51:35
Module: referralId
31069
#0: KPLab\API\V2\Controller\Partners->getSellersAction
	
#1: ReflectionMethod->invokeArgs
	/home/bitrix/www/bitrix/modules/main/lib/engine/autowire/binder.php:207
#2: Bitrix\Main\Engine\AutoWire\Binder->invoke
	/home/bitrix/www/bitrix/modules/main/lib/engine/action.php:117
#3: Bitrix\Main\Engine\Action->runWithSourceParametersList
	/home/bitrix/www/bitrix/modules/main/lib/engine/controller.php:425
#4: Bitrix\Main\Engine\Controller->run
	/home/bitrix/www/bitrix/modules/main/lib/httpapplication.php:141
#5: Bitrix\Main\HttpApplication->runController
	/home/bitrix/www/bitrix/modules/main/include/routing_index.php:135
----------
Host: crm.seller-capital.ru:443
Date: 2025-01-21 13:51:35
Module: arFilter
array (
  '::LOGIC' => 'AND',
  'IBLOCK_ID' => 167,
  '=PROPERTY_REFERRAL_ID' => 31069,
  'PROPERTY_STATUS_VALUE' => 'В обработке',
  '>=PROPERTY_DATE_LEAD' => '2025-01-01T00:00:00',
  '<=PROPERTY_DATE_LEAD' => '2025-01-20T23:59:59',
)
#0: KPLab\API\V2\Controller\Partners->getSellersAction
	
#1: ReflectionMethod->invokeArgs
	/home/bitrix/www/bitrix/modules/main/lib/engine/autowire/binder.php:207
#2: Bitrix\Main\Engine\AutoWire\Binder->invoke
	/home/bitrix/www/bitrix/modules/main/lib/engine/action.php:117
#3: Bitrix\Main\Engine\Action->runWithSourceParametersList
	/home/bitrix/www/bitrix/modules/main/lib/engine/controller.php:425
#4: Bitrix\Main\Engine\Controller->run
	/home/bitrix/www/bitrix/modules/main/lib/httpapplication.php:141
#5: Bitrix\Main\HttpApplication->runController
	/home/bitrix/www/bitrix/modules/main/include/routing_index.php:135
----------
Host: crm.seller-capital.ru:443
Date: 2025-01-21 13:51:44
Module: queryArray
array (
  'partnerInn' => '312703301063',
  'startDate' => '01/01/2025 00:00:00',
  'endDate' => '01/20/2025 00:00:00',
  'page' => '51',
  'status' => 'in_processed',
)
#0: KPLab\API\V2\Controller\Partners->getSellersAction
	
#1: ReflectionMethod->invokeArgs
	/home/bitrix/www/bitrix/modules/main/lib/engine/autowire/binder.php:207
#2: Bitrix\Main\Engine\AutoWire\Binder->invoke
	/home/bitrix/www/bitrix/modules/main/lib/engine/action.php:117
#3: Bitrix\Main\Engine\Action->runWithSourceParametersList
	/home/bitrix/www/bitrix/modules/main/lib/engine/controller.php:425
#4: Bitrix\Main\Engine\Controller->run
	/home/bitrix/www/bitrix/modules/main/lib/httpapplication.php:141
#5: Bitrix\Main\HttpApplication->runController
	/home/bitrix/www/bitrix/modules/main/include/routing_index.php:135
----------
Host: crm.seller-capital.ru:443
Date: 2025-01-21 13:51:44
Module: referralId
31069
#0: KPLab\API\V2\Controller\Partners->getSellersAction
	
#1: ReflectionMethod->invokeArgs
	/home/bitrix/www/bitrix/modules/main/lib/engine/autowire/binder.php:207
#2: Bitrix\Main\Engine\AutoWire\Binder->invoke
	/home/bitrix/www/bitrix/modules/main/lib/engine/action.php:117
#3: Bitrix\Main\Engine\Action->runWithSourceParametersList
	/home/bitrix/www/bitrix/modules/main/lib/engine/controller.php:425
#4: Bitrix\Main\Engine\Controller->run
	/home/bitrix/www/bitrix/modules/main/lib/httpapplication.php:141
#5: Bitrix\Main\HttpApplication->runController
	/home/bitrix/www/bitrix/modules/main/include/routing_index.php:135
----------
Host: crm.seller-capital.ru:443
Date: 2025-01-21 13:51:44
Module: arFilter
array (
  '::LOGIC' => 'AND',
  'IBLOCK_ID' => 167,
  '=PROPERTY_REFERRAL_ID' => 31069,
  'PROPERTY_STATUS_VALUE' => 'В обработке',
  '>=PROPERTY_DATE_LEAD' => '2025-01-01T00:00:00',
  '<=PROPERTY_DATE_LEAD' => '2025-01-20T23:59:59',
)
#0: KPLab\API\V2\Controller\Partners->getSellersAction
	
#1: ReflectionMethod->invokeArgs
	/home/bitrix/www/bitrix/modules/main/lib/engine/autowire/binder.php:207
#2: Bitrix\Main\Engine\AutoWire\Binder->invoke
	/home/bitrix/www/bitrix/modules/main/lib/engine/action.php:117
#3: Bitrix\Main\Engine\Action->runWithSourceParametersList
	/home/bitrix/www/bitrix/modules/main/lib/engine/controller.php:425
#4: Bitrix\Main\Engine\Controller->run
	/home/bitrix/www/bitrix/modules/main/lib/httpapplication.php:141
#5: Bitrix\Main\HttpApplication->runController
	/home/bitrix/www/bitrix/modules/main/include/routing_index.php:135
----------
Host: crm.seller-capital.ru:443
Date: 2025-01-21 14:55:10
Module: queryArray
array (
  'partnerInn' => '027413340195',
  'page' => '1',
)
#0: KPLab\API\V2\Controller\Partners->getSellersAction
	
#1: ReflectionMethod->invokeArgs
	/home/bitrix/www/bitrix/modules/main/lib/engine/autowire/binder.php:207
#2: Bitrix\Main\Engine\AutoWire\Binder->invoke
	/home/bitrix/www/bitrix/modules/main/lib/engine/action.php:117
#3: Bitrix\Main\Engine\Action->runWithSourceParametersList
	/home/bitrix/www/bitrix/modules/main/lib/engine/controller.php:425
#4: Bitrix\Main\Engine\Controller->run
	/home/bitrix/www/bitrix/modules/main/lib/httpapplication.php:141
#5: Bitrix\Main\HttpApplication->runController
	/home/bitrix/www/bitrix/modules/main/include/routing_index.php:135
----------
Host: crm.seller-capital.ru:443
Date: 2025-01-21 14:55:10
Module: referralId
43819
#0: KPLab\API\V2\Controller\Partners->getSellersAction
	
#1: ReflectionMethod->invokeArgs
	/home/bitrix/www/bitrix/modules/main/lib/engine/autowire/binder.php:207
#2: Bitrix\Main\Engine\AutoWire\Binder->invoke
	/home/bitrix/www/bitrix/modules/main/lib/engine/action.php:117
#3: Bitrix\Main\Engine\Action->runWithSourceParametersList
	/home/bitrix/www/bitrix/modules/main/lib/engine/controller.php:425
#4: Bitrix\Main\Engine\Controller->run
	/home/bitrix/www/bitrix/modules/main/lib/httpapplication.php:141
#5: Bitrix\Main\HttpApplication->runController
	/home/bitrix/www/bitrix/modules/main/include/routing_index.php:135
----------
Host: crm.seller-capital.ru:443
Date: 2025-01-21 15:07:51
Module: queryArray
array (
  'partnerInn' => '665900240182',
  'page' => '1',
)
#0: KPLab\API\V2\Controller\Partners->getSellersAction
	
#1: ReflectionMethod->invokeArgs
	/home/bitrix/www/bitrix/modules/main/lib/engine/autowire/binder.php:207
#2: Bitrix\Main\Engine\AutoWire\Binder->invoke
	/home/bitrix/www/bitrix/modules/main/lib/engine/action.php:117
#3: Bitrix\Main\Engine\Action->runWithSourceParametersList
	/home/bitrix/www/bitrix/modules/main/lib/engine/controller.php:425
#4: Bitrix\Main\Engine\Controller->run
	/home/bitrix/www/bitrix/modules/main/lib/httpapplication.php:141
#5: Bitrix\Main\HttpApplication->runController
	/home/bitrix/www/bitrix/modules/main/include/routing_index.php:135
----------
Host: crm.seller-capital.ru:443
Date: 2025-01-21 15:07:51
Module: referralId
40101
#0: KPLab\API\V2\Controller\Partners->getSellersAction
	
#1: ReflectionMethod->invokeArgs
	/home/bitrix/www/bitrix/modules/main/lib/engine/autowire/binder.php:207
#2: Bitrix\Main\Engine\AutoWire\Binder->invoke
	/home/bitrix/www/bitrix/modules/main/lib/engine/action.php:117
#3: Bitrix\Main\Engine\Action->runWithSourceParametersList
	/home/bitrix/www/bitrix/modules/main/lib/engine/controller.php:425
#4: Bitrix\Main\Engine\Controller->run
	/home/bitrix/www/bitrix/modules/main/lib/httpapplication.php:141
#5: Bitrix\Main\HttpApplication->runController
	/home/bitrix/www/bitrix/modules/main/include/routing_index.php:135
----------
Host: crm.seller-capital.ru:443
Date: 2025-01-21 15:08:05
Module: queryArray
array (
  'partnerInn' => '665900240182',
  'startDate' => '12/01/2024 00:00:00',
  'endDate' => '01/31/2025 00:00:00',
  'page' => '1',
  'status' => 'all',
)
#0: KPLab\API\V2\Controller\Partners->getSellersAction
	
#1: ReflectionMethod->invokeArgs
	/home/bitrix/www/bitrix/modules/main/lib/engine/autowire/binder.php:207
#2: Bitrix\Main\Engine\AutoWire\Binder->invoke
	/home/bitrix/www/bitrix/modules/main/lib/engine/action.php:117
#3: Bitrix\Main\Engine\Action->runWithSourceParametersList
	/home/bitrix/www/bitrix/modules/main/lib/engine/controller.php:425
#4: Bitrix\Main\Engine\Controller->run
	/home/bitrix/www/bitrix/modules/main/lib/httpapplication.php:141
#5: Bitrix\Main\HttpApplication->runController
	/home/bitrix/www/bitrix/modules/main/include/routing_index.php:135
----------
Host: crm.seller-capital.ru:443
Date: 2025-01-21 15:08:05
Module: referralId
40101
#0: KPLab\API\V2\Controller\Partners->getSellersAction
	
#1: ReflectionMethod->invokeArgs
	/home/bitrix/www/bitrix/modules/main/lib/engine/autowire/binder.php:207
#2: Bitrix\Main\Engine\AutoWire\Binder->invoke
	/home/bitrix/www/bitrix/modules/main/lib/engine/action.php:117
#3: Bitrix\Main\Engine\Action->runWithSourceParametersList
	/home/bitrix/www/bitrix/modules/main/lib/engine/controller.php:425
#4: Bitrix\Main\Engine\Controller->run
	/home/bitrix/www/bitrix/modules/main/lib/httpapplication.php:141
#5: Bitrix\Main\HttpApplication->runController
	/home/bitrix/www/bitrix/modules/main/include/routing_index.php:135
----------
Host: crm.seller-capital.ru:443
Date: 2025-01-21 15:08:10
Module: queryArray
array (
  'partnerInn' => '665900240182',
  'startDate' => '12/01/2024 00:00:00',
  'endDate' => '01/31/2025 00:00:00',
  'page' => '1',
  'status' => 'in_processed',
)
#0: KPLab\API\V2\Controller\Partners->getSellersAction
	
#1: ReflectionMethod->invokeArgs
	/home/bitrix/www/bitrix/modules/main/lib/engine/autowire/binder.php:207
#2: Bitrix\Main\Engine\AutoWire\Binder->invoke
	/home/bitrix/www/bitrix/modules/main/lib/engine/action.php:117
#3: Bitrix\Main\Engine\Action->runWithSourceParametersList
	/home/bitrix/www/bitrix/modules/main/lib/engine/controller.php:425
#4: Bitrix\Main\Engine\Controller->run
	/home/bitrix/www/bitrix/modules/main/lib/httpapplication.php:141
#5: Bitrix\Main\HttpApplication->runController
	/home/bitrix/www/bitrix/modules/main/include/routing_index.php:135
----------
Host: crm.seller-capital.ru:443
Date: 2025-01-21 15:08:10
Module: referralId
40101
#0: KPLab\API\V2\Controller\Partners->getSellersAction
	
#1: ReflectionMethod->invokeArgs
	/home/bitrix/www/bitrix/modules/main/lib/engine/autowire/binder.php:207
#2: Bitrix\Main\Engine\AutoWire\Binder->invoke
	/home/bitrix/www/bitrix/modules/main/lib/engine/action.php:117
#3: Bitrix\Main\Engine\Action->runWithSourceParametersList
	/home/bitrix/www/bitrix/modules/main/lib/engine/controller.php:425
#4: Bitrix\Main\Engine\Controller->run
	/home/bitrix/www/bitrix/modules/main/lib/httpapplication.php:141
#5: Bitrix\Main\HttpApplication->runController
	/home/bitrix/www/bitrix/modules/main/include/routing_index.php:135
----------
Host: crm.seller-capital.ru:443
Date: 2025-01-21 15:08:10
Module: arFilter
array (
  '::LOGIC' => 'AND',
  'IBLOCK_ID' => 167,
  '=PROPERTY_REFERRAL_ID' => 40101,
  'PROPERTY_STATUS_VALUE' => 'В обработке',
  '>=PROPERTY_DATE_LEAD' => '2024-12-01T00:00:00',
  '<=PROPERTY_DATE_LEAD' => '2025-01-31T23:59:59',
)
#0: KPLab\API\V2\Controller\Partners->getSellersAction
	
#1: ReflectionMethod->invokeArgs
	/home/bitrix/www/bitrix/modules/main/lib/engine/autowire/binder.php:207
#2: Bitrix\Main\Engine\AutoWire\Binder->invoke
	/home/bitrix/www/bitrix/modules/main/lib/engine/action.php:117
#3: Bitrix\Main\Engine\Action->runWithSourceParametersList
	/home/bitrix/www/bitrix/modules/main/lib/engine/controller.php:425
#4: Bitrix\Main\Engine\Controller->run
	/home/bitrix/www/bitrix/modules/main/lib/httpapplication.php:141
#5: Bitrix\Main\HttpApplication->runController
	/home/bitrix/www/bitrix/modules/main/include/routing_index.php:135
----------
Host: crm.seller-capital.ru:443
Date: 2025-01-21 15:08:16
Module: queryArray
array (
  'partnerInn' => '665900240182',
  'startDate' => '12/01/2024 00:00:00',
  'endDate' => '01/31/2025 00:00:00',
  'page' => '1',
  'status' => 'refused',
)
#0: KPLab\API\V2\Controller\Partners->getSellersAction
	
#1: ReflectionMethod->invokeArgs
	/home/bitrix/www/bitrix/modules/main/lib/engine/autowire/binder.php:207
#2: Bitrix\Main\Engine\AutoWire\Binder->invoke
	/home/bitrix/www/bitrix/modules/main/lib/engine/action.php:117
#3: Bitrix\Main\Engine\Action->runWithSourceParametersList
	/home/bitrix/www/bitrix/modules/main/lib/engine/controller.php:425
#4: Bitrix\Main\Engine\Controller->run
	/home/bitrix/www/bitrix/modules/main/lib/httpapplication.php:141
#5: Bitrix\Main\HttpApplication->runController
	/home/bitrix/www/bitrix/modules/main/include/routing_index.php:135
----------
Host: crm.seller-capital.ru:443
Date: 2025-01-21 15:08:16
Module: referralId
40101
#0: KPLab\API\V2\Controller\Partners->getSellersAction
	
#1: ReflectionMethod->invokeArgs
	/home/bitrix/www/bitrix/modules/main/lib/engine/autowire/binder.php:207
#2: Bitrix\Main\Engine\AutoWire\Binder->invoke
	/home/bitrix/www/bitrix/modules/main/lib/engine/action.php:117
#3: Bitrix\Main\Engine\Action->runWithSourceParametersList
	/home/bitrix/www/bitrix/modules/main/lib/engine/controller.php:425
#4: Bitrix\Main\Engine\Controller->run
	/home/bitrix/www/bitrix/modules/main/lib/httpapplication.php:141
#5: Bitrix\Main\HttpApplication->runController
	/home/bitrix/www/bitrix/modules/main/include/routing_index.php:135
----------
Host: crm.seller-capital.ru:443
Date: 2025-01-21 15:08:16
Module: arFilter
array (
  '::LOGIC' => 'AND',
  'IBLOCK_ID' => 167,
  '=PROPERTY_REFERRAL_ID' => 40101,
  'PROPERTY_STATUS_VALUE' => 'Отказ',
  '>=PROPERTY_DATE_LEAD' => '2024-12-01T00:00:00',
  '<=PROPERTY_DATE_LEAD' => '2025-01-31T23:59:59',
)
#0: KPLab\API\V2\Controller\Partners->getSellersAction
	
#1: ReflectionMethod->invokeArgs
	/home/bitrix/www/bitrix/modules/main/lib/engine/autowire/binder.php:207
#2: Bitrix\Main\Engine\AutoWire\Binder->invoke
	/home/bitrix/www/bitrix/modules/main/lib/engine/action.php:117
#3: Bitrix\Main\Engine\Action->runWithSourceParametersList
	/home/bitrix/www/bitrix/modules/main/lib/engine/controller.php:425
#4: Bitrix\Main\Engine\Controller->run
	/home/bitrix/www/bitrix/modules/main/lib/httpapplication.php:141
#5: Bitrix\Main\HttpApplication->runController
	/home/bitrix/www/bitrix/modules/main/include/routing_index.php:135
----------
Host: crm.seller-capital.ru:443
Date: 2025-01-21 15:08:18
Module: queryArray
array (
  'partnerInn' => '665900240182',
  'page' => '1',
  'status' => 'refused',
)
#0: KPLab\API\V2\Controller\Partners->getSellersAction
	
#1: ReflectionMethod->invokeArgs
	/home/bitrix/www/bitrix/modules/main/lib/engine/autowire/binder.php:207
#2: Bitrix\Main\Engine\AutoWire\Binder->invoke
	/home/bitrix/www/bitrix/modules/main/lib/engine/action.php:117
#3: Bitrix\Main\Engine\Action->runWithSourceParametersList
	/home/bitrix/www/bitrix/modules/main/lib/engine/controller.php:425
#4: Bitrix\Main\Engine\Controller->run
	/home/bitrix/www/bitrix/modules/main/lib/httpapplication.php:141
#5: Bitrix\Main\HttpApplication->runController
	/home/bitrix/www/bitrix/modules/main/include/routing_index.php:135
----------
Host: crm.seller-capital.ru:443
Date: 2025-01-21 15:08:19
Module: referralId
40101
#0: KPLab\API\V2\Controller\Partners->getSellersAction
	
#1: ReflectionMethod->invokeArgs
	/home/bitrix/www/bitrix/modules/main/lib/engine/autowire/binder.php:207
#2: Bitrix\Main\Engine\AutoWire\Binder->invoke
	/home/bitrix/www/bitrix/modules/main/lib/engine/action.php:117
#3: Bitrix\Main\Engine\Action->runWithSourceParametersList
	/home/bitrix/www/bitrix/modules/main/lib/engine/controller.php:425
#4: Bitrix\Main\Engine\Controller->run
	/home/bitrix/www/bitrix/modules/main/lib/httpapplication.php:141
#5: Bitrix\Main\HttpApplication->runController
	/home/bitrix/www/bitrix/modules/main/include/routing_index.php:135
----------
Host: crm.seller-capital.ru:443
Date: 2025-01-21 15:08:19
Module: arFilter
array (
  '::LOGIC' => 'AND',
  'IBLOCK_ID' => 167,
  '=PROPERTY_REFERRAL_ID' => 40101,
  'PROPERTY_STATUS_VALUE' => 'Отказ',
  '>=PROPERTY_DATE_LEAD' => '2000-01-01T00:00:00',
  '<=PROPERTY_DATE_LEAD' => '2025-01-21T23:59:59',
)
#0: KPLab\API\V2\Controller\Partners->getSellersAction
	
#1: ReflectionMethod->invokeArgs
	/home/bitrix/www/bitrix/modules/main/lib/engine/autowire/binder.php:207
#2: Bitrix\Main\Engine\AutoWire\Binder->invoke
	/home/bitrix/www/bitrix/modules/main/lib/engine/action.php:117
#3: Bitrix\Main\Engine\Action->runWithSourceParametersList
	/home/bitrix/www/bitrix/modules/main/lib/engine/controller.php:425
#4: Bitrix\Main\Engine\Controller->run
	/home/bitrix/www/bitrix/modules/main/lib/httpapplication.php:141
#5: Bitrix\Main\HttpApplication->runController
	/home/bitrix/www/bitrix/modules/main/include/routing_index.php:135
----------
Host: crm.seller-capital.ru:443
Date: 2025-01-21 15:08:19
Module: queryArray
array (
  'partnerInn' => '665900240182',
  'page' => '1',
  'status' => 'refused',
)
#0: KPLab\API\V2\Controller\Partners->getSellersAction
	
#1: ReflectionMethod->invokeArgs
	/home/bitrix/www/bitrix/modules/main/lib/engine/autowire/binder.php:207
#2: Bitrix\Main\Engine\AutoWire\Binder->invoke
	/home/bitrix/www/bitrix/modules/main/lib/engine/action.php:117
#3: Bitrix\Main\Engine\Action->runWithSourceParametersList
	/home/bitrix/www/bitrix/modules/main/lib/engine/controller.php:425
#4: Bitrix\Main\Engine\Controller->run
	/home/bitrix/www/bitrix/modules/main/lib/httpapplication.php:141
#5: Bitrix\Main\HttpApplication->runController
	/home/bitrix/www/bitrix/modules/main/include/routing_index.php:135
----------
Host: crm.seller-capital.ru:443
Date: 2025-01-21 15:08:19
Module: referralId
40101
#0: KPLab\API\V2\Controller\Partners->getSellersAction
	
#1: ReflectionMethod->invokeArgs
	/home/bitrix/www/bitrix/modules/main/lib/engine/autowire/binder.php:207
#2: Bitrix\Main\Engine\AutoWire\Binder->invoke
	/home/bitrix/www/bitrix/modules/main/lib/engine/action.php:117
#3: Bitrix\Main\Engine\Action->runWithSourceParametersList
	/home/bitrix/www/bitrix/modules/main/lib/engine/controller.php:425
#4: Bitrix\Main\Engine\Controller->run
	/home/bitrix/www/bitrix/modules/main/lib/httpapplication.php:141
#5: Bitrix\Main\HttpApplication->runController
	/home/bitrix/www/bitrix/modules/main/include/routing_index.php:135
----------
Host: crm.seller-capital.ru:443
Date: 2025-01-21 15:08:19
Module: arFilter
array (
  '::LOGIC' => 'AND',
  'IBLOCK_ID' => 167,
  '=PROPERTY_REFERRAL_ID' => 40101,
  'PROPERTY_STATUS_VALUE' => 'Отказ',
  '>=PROPERTY_DATE_LEAD' => '2000-01-01T00:00:00',
  '<=PROPERTY_DATE_LEAD' => '2025-01-21T23:59:59',
)
#0: KPLab\API\V2\Controller\Partners->getSellersAction
	
#1: ReflectionMethod->invokeArgs
	/home/bitrix/www/bitrix/modules/main/lib/engine/autowire/binder.php:207
#2: Bitrix\Main\Engine\AutoWire\Binder->invoke
	/home/bitrix/www/bitrix/modules/main/lib/engine/action.php:117
#3: Bitrix\Main\Engine\Action->runWithSourceParametersList
	/home/bitrix/www/bitrix/modules/main/lib/engine/controller.php:425
#4: Bitrix\Main\Engine\Controller->run
	/home/bitrix/www/bitrix/modules/main/lib/httpapplication.php:141
#5: Bitrix\Main\HttpApplication->runController
	/home/bitrix/www/bitrix/modules/main/include/routing_index.php:135
----------
Host: crm.seller-capital.ru:443
Date: 2025-01-21 15:08:27
Module: queryArray
array (
  'partnerInn' => '665900240182',
  'startDate' => '09/01/2024 00:00:00',
  'endDate' => '12/31/2024 00:00:00',
  'page' => '1',
  'status' => 'refused',
)
#0: KPLab\API\V2\Controller\Partners->getSellersAction
	
#1: ReflectionMethod->invokeArgs
	/home/bitrix/www/bitrix/modules/main/lib/engine/autowire/binder.php:207
#2: Bitrix\Main\Engine\AutoWire\Binder->invoke
	/home/bitrix/www/bitrix/modules/main/lib/engine/action.php:117
#3: Bitrix\Main\Engine\Action->runWithSourceParametersList
	/home/bitrix/www/bitrix/modules/main/lib/engine/controller.php:425
#4: Bitrix\Main\Engine\Controller->run
	/home/bitrix/www/bitrix/modules/main/lib/httpapplication.php:141
#5: Bitrix\Main\HttpApplication->runController
	/home/bitrix/www/bitrix/modules/main/include/routing_index.php:135
----------
Host: crm.seller-capital.ru:443
Date: 2025-01-21 15:08:27
Module: referralId
40101
#0: KPLab\API\V2\Controller\Partners->getSellersAction
	
#1: ReflectionMethod->invokeArgs
	/home/bitrix/www/bitrix/modules/main/lib/engine/autowire/binder.php:207
#2: Bitrix\Main\Engine\AutoWire\Binder->invoke
	/home/bitrix/www/bitrix/modules/main/lib/engine/action.php:117
#3: Bitrix\Main\Engine\Action->runWithSourceParametersList
	/home/bitrix/www/bitrix/modules/main/lib/engine/controller.php:425
#4: Bitrix\Main\Engine\Controller->run
	/home/bitrix/www/bitrix/modules/main/lib/httpapplication.php:141
#5: Bitrix\Main\HttpApplication->runController
	/home/bitrix/www/bitrix/modules/main/include/routing_index.php:135
----------
Host: crm.seller-capital.ru:443
Date: 2025-01-21 15:08:27
Module: arFilter
array (
  '::LOGIC' => 'AND',
  'IBLOCK_ID' => 167,
  '=PROPERTY_REFERRAL_ID' => 40101,
  'PROPERTY_STATUS_VALUE' => 'Отказ',
  '>=PROPERTY_DATE_LEAD' => '2024-09-01T00:00:00',
  '<=PROPERTY_DATE_LEAD' => '2024-12-31T23:59:59',
)
#0: KPLab\API\V2\Controller\Partners->getSellersAction
	
#1: ReflectionMethod->invokeArgs
	/home/bitrix/www/bitrix/modules/main/lib/engine/autowire/binder.php:207
#2: Bitrix\Main\Engine\AutoWire\Binder->invoke
	/home/bitrix/www/bitrix/modules/main/lib/engine/action.php:117
#3: Bitrix\Main\Engine\Action->runWithSourceParametersList
	/home/bitrix/www/bitrix/modules/main/lib/engine/controller.php:425
#4: Bitrix\Main\Engine\Controller->run
	/home/bitrix/www/bitrix/modules/main/lib/httpapplication.php:141
#5: Bitrix\Main\HttpApplication->runController
	/home/bitrix/www/bitrix/modules/main/include/routing_index.php:135
----------
Host: crm.seller-capital.ru:443
Date: 2025-01-21 15:08:29
Module: queryArray
array (
  'partnerInn' => '665900240182',
  'startDate' => '09/01/2024 00:00:00',
  'endDate' => '12/31/2024 00:00:00',
  'page' => '1',
  'status' => 'issued',
)
#0: KPLab\API\V2\Controller\Partners->getSellersAction
	
#1: ReflectionMethod->invokeArgs
	/home/bitrix/www/bitrix/modules/main/lib/engine/autowire/binder.php:207
#2: Bitrix\Main\Engine\AutoWire\Binder->invoke
	/home/bitrix/www/bitrix/modules/main/lib/engine/action.php:117
#3: Bitrix\Main\Engine\Action->runWithSourceParametersList
	/home/bitrix/www/bitrix/modules/main/lib/engine/controller.php:425
#4: Bitrix\Main\Engine\Controller->run
	/home/bitrix/www/bitrix/modules/main/lib/httpapplication.php:141
#5: Bitrix\Main\HttpApplication->runController
	/home/bitrix/www/bitrix/modules/main/include/routing_index.php:135
----------
Host: crm.seller-capital.ru:443
Date: 2025-01-21 15:08:30
Module: referralId
40101
#0: KPLab\API\V2\Controller\Partners->getSellersAction
	
#1: ReflectionMethod->invokeArgs
	/home/bitrix/www/bitrix/modules/main/lib/engine/autowire/binder.php:207
#2: Bitrix\Main\Engine\AutoWire\Binder->invoke
	/home/bitrix/www/bitrix/modules/main/lib/engine/action.php:117
#3: Bitrix\Main\Engine\Action->runWithSourceParametersList
	/home/bitrix/www/bitrix/modules/main/lib/engine/controller.php:425
#4: Bitrix\Main\Engine\Controller->run
	/home/bitrix/www/bitrix/modules/main/lib/httpapplication.php:141
#5: Bitrix\Main\HttpApplication->runController
	/home/bitrix/www/bitrix/modules/main/include/routing_index.php:135
----------
Host: crm.seller-capital.ru:443
Date: 2025-01-21 15:08:30
Module: queryArray
array (
  'partnerInn' => '665900240182',
  'startDate' => '09/01/2024 00:00:00',
  'endDate' => '12/31/2024 00:00:00',
  'page' => '1',
  'status' => 'in_processed',
)
#0: KPLab\API\V2\Controller\Partners->getSellersAction
	
#1: ReflectionMethod->invokeArgs
	/home/bitrix/www/bitrix/modules/main/lib/engine/autowire/binder.php:207
#2: Bitrix\Main\Engine\AutoWire\Binder->invoke
	/home/bitrix/www/bitrix/modules/main/lib/engine/action.php:117
#3: Bitrix\Main\Engine\Action->runWithSourceParametersList
	/home/bitrix/www/bitrix/modules/main/lib/engine/controller.php:425
#4: Bitrix\Main\Engine\Controller->run
	/home/bitrix/www/bitrix/modules/main/lib/httpapplication.php:141
#5: Bitrix\Main\HttpApplication->runController
	/home/bitrix/www/bitrix/modules/main/include/routing_index.php:135
----------
Host: crm.seller-capital.ru:443
Date: 2025-01-21 15:08:30
Module: referralId
40101
#0: KPLab\API\V2\Controller\Partners->getSellersAction
	
#1: ReflectionMethod->invokeArgs
	/home/bitrix/www/bitrix/modules/main/lib/engine/autowire/binder.php:207
#2: Bitrix\Main\Engine\AutoWire\Binder->invoke
	/home/bitrix/www/bitrix/modules/main/lib/engine/action.php:117
#3: Bitrix\Main\Engine\Action->runWithSourceParametersList
	/home/bitrix/www/bitrix/modules/main/lib/engine/controller.php:425
#4: Bitrix\Main\Engine\Controller->run
	/home/bitrix/www/bitrix/modules/main/lib/httpapplication.php:141
#5: Bitrix\Main\HttpApplication->runController
	/home/bitrix/www/bitrix/modules/main/include/routing_index.php:135
----------
Host: crm.seller-capital.ru:443
Date: 2025-01-21 15:08:30
Module: arFilter
array (
  '::LOGIC' => 'AND',
  'IBLOCK_ID' => 167,
  '=PROPERTY_REFERRAL_ID' => 40101,
  'PROPERTY_STATUS_VALUE' => 'В обработке',
  '>=PROPERTY_DATE_LEAD' => '2024-09-01T00:00:00',
  '<=PROPERTY_DATE_LEAD' => '2024-12-31T23:59:59',
)
#0: KPLab\API\V2\Controller\Partners->getSellersAction
	
#1: ReflectionMethod->invokeArgs
	/home/bitrix/www/bitrix/modules/main/lib/engine/autowire/binder.php:207
#2: Bitrix\Main\Engine\AutoWire\Binder->invoke
	/home/bitrix/www/bitrix/modules/main/lib/engine/action.php:117
#3: Bitrix\Main\Engine\Action->runWithSourceParametersList
	/home/bitrix/www/bitrix/modules/main/lib/engine/controller.php:425
#4: Bitrix\Main\Engine\Controller->run
	/home/bitrix/www/bitrix/modules/main/lib/httpapplication.php:141
#5: Bitrix\Main\HttpApplication->runController
	/home/bitrix/www/bitrix/modules/main/include/routing_index.php:135
----------
Host: crm.seller-capital.ru:443
Date: 2025-01-21 15:08:30
Module: queryArray
array (
  'partnerInn' => '665900240182',
  'startDate' => '09/01/2024 00:00:00',
  'endDate' => '12/31/2024 00:00:00',
  'page' => '1',
  'status' => 'new',
)
#0: KPLab\API\V2\Controller\Partners->getSellersAction
	
#1: ReflectionMethod->invokeArgs
	/home/bitrix/www/bitrix/modules/main/lib/engine/autowire/binder.php:207
#2: Bitrix\Main\Engine\AutoWire\Binder->invoke
	/home/bitrix/www/bitrix/modules/main/lib/engine/action.php:117
#3: Bitrix\Main\Engine\Action->runWithSourceParametersList
	/home/bitrix/www/bitrix/modules/main/lib/engine/controller.php:425
#4: Bitrix\Main\Engine\Controller->run
	/home/bitrix/www/bitrix/modules/main/lib/httpapplication.php:141
#5: Bitrix\Main\HttpApplication->runController
	/home/bitrix/www/bitrix/modules/main/include/routing_index.php:135
----------
Host: crm.seller-capital.ru:443
Date: 2025-01-21 15:08:31
Module: referralId
40101
#0: KPLab\API\V2\Controller\Partners->getSellersAction
	
#1: ReflectionMethod->invokeArgs
	/home/bitrix/www/bitrix/modules/main/lib/engine/autowire/binder.php:207
#2: Bitrix\Main\Engine\AutoWire\Binder->invoke
	/home/bitrix/www/bitrix/modules/main/lib/engine/action.php:117
#3: Bitrix\Main\Engine\Action->runWithSourceParametersList
	/home/bitrix/www/bitrix/modules/main/lib/engine/controller.php:425
#4: Bitrix\Main\Engine\Controller->run
	/home/bitrix/www/bitrix/modules/main/lib/httpapplication.php:141
#5: Bitrix\Main\HttpApplication->runController
	/home/bitrix/www/bitrix/modules/main/include/routing_index.php:135
----------
Host: crm.seller-capital.ru:443
Date: 2025-01-21 15:08:31
Module: arFilter
array (
  '::LOGIC' => 'AND',
  'IBLOCK_ID' => 167,
  '=PROPERTY_REFERRAL_ID' => 40101,
  'PROPERTY_STATUS_VALUE' => 'Новый',
  '>=PROPERTY_DATE_LEAD' => '2024-09-01T00:00:00',
  '<=PROPERTY_DATE_LEAD' => '2024-12-31T23:59:59',
)
#0: KPLab\API\V2\Controller\Partners->getSellersAction
	
#1: ReflectionMethod->invokeArgs
	/home/bitrix/www/bitrix/modules/main/lib/engine/autowire/binder.php:207
#2: Bitrix\Main\Engine\AutoWire\Binder->invoke
	/home/bitrix/www/bitrix/modules/main/lib/engine/action.php:117
#3: Bitrix\Main\Engine\Action->runWithSourceParametersList
	/home/bitrix/www/bitrix/modules/main/lib/engine/controller.php:425
#4: Bitrix\Main\Engine\Controller->run
	/home/bitrix/www/bitrix/modules/main/lib/httpapplication.php:141
#5: Bitrix\Main\HttpApplication->runController
	/home/bitrix/www/bitrix/modules/main/include/routing_index.php:135
----------
Host: crm.seller-capital.ru:443
Date: 2025-01-21 15:08:31
Module: queryArray
array (
  'partnerInn' => '665900240182',
  'startDate' => '09/01/2024 00:00:00',
  'endDate' => '12/31/2024 00:00:00',
  'page' => '1',
  'status' => 'all',
)
#0: KPLab\API\V2\Controller\Partners->getSellersAction
	
#1: ReflectionMethod->invokeArgs
	/home/bitrix/www/bitrix/modules/main/lib/engine/autowire/binder.php:207
#2: Bitrix\Main\Engine\AutoWire\Binder->invoke
	/home/bitrix/www/bitrix/modules/main/lib/engine/action.php:117
#3: Bitrix\Main\Engine\Action->runWithSourceParametersList
	/home/bitrix/www/bitrix/modules/main/lib/engine/controller.php:425
#4: Bitrix\Main\Engine\Controller->run
	/home/bitrix/www/bitrix/modules/main/lib/httpapplication.php:141
#5: Bitrix\Main\HttpApplication->runController
	/home/bitrix/www/bitrix/modules/main/include/routing_index.php:135
----------
Host: crm.seller-capital.ru:443
Date: 2025-01-21 15:08:31
Module: referralId
40101
#0: KPLab\API\V2\Controller\Partners->getSellersAction
	
#1: ReflectionMethod->invokeArgs
	/home/bitrix/www/bitrix/modules/main/lib/engine/autowire/binder.php:207
#2: Bitrix\Main\Engine\AutoWire\Binder->invoke
	/home/bitrix/www/bitrix/modules/main/lib/engine/action.php:117
#3: Bitrix\Main\Engine\Action->runWithSourceParametersList
	/home/bitrix/www/bitrix/modules/main/lib/engine/controller.php:425
#4: Bitrix\Main\Engine\Controller->run
	/home/bitrix/www/bitrix/modules/main/lib/httpapplication.php:141
#5: Bitrix\Main\HttpApplication->runController
	/home/bitrix/www/bitrix/modules/main/include/routing_index.php:135
----------
Host: crm.seller-capital.ru:443
Date: 2025-01-21 16:22:43
Module: queryArray
array (
  'partnerInn' => '5010060544',
  'page' => '1',
)
#0: KPLab\API\V2\Controller\Partners->getSellersAction
	
#1: ReflectionMethod->invokeArgs
	/home/bitrix/www/bitrix/modules/main/lib/engine/autowire/binder.php:207
#2: Bitrix\Main\Engine\AutoWire\Binder->invoke
	/home/bitrix/www/bitrix/modules/main/lib/engine/action.php:117
#3: Bitrix\Main\Engine\Action->runWithSourceParametersList
	/home/bitrix/www/bitrix/modules/main/lib/engine/controller.php:425
#4: Bitrix\Main\Engine\Controller->run
	/home/bitrix/www/bitrix/modules/main/lib/httpapplication.php:141
#5: Bitrix\Main\HttpApplication->runController
	/home/bitrix/www/bitrix/modules/main/include/routing_index.php:135
----------
Host: crm.seller-capital.ru:443
Date: 2025-01-21 16:22:43
Module: referralId
53658
#0: KPLab\API\V2\Controller\Partners->getSellersAction
	
#1: ReflectionMethod->invokeArgs
	/home/bitrix/www/bitrix/modules/main/lib/engine/autowire/binder.php:207
#2: Bitrix\Main\Engine\AutoWire\Binder->invoke
	/home/bitrix/www/bitrix/modules/main/lib/engine/action.php:117
#3: Bitrix\Main\Engine\Action->runWithSourceParametersList
	/home/bitrix/www/bitrix/modules/main/lib/engine/controller.php:425
#4: Bitrix\Main\Engine\Controller->run
	/home/bitrix/www/bitrix/modules/main/lib/httpapplication.php:141
#5: Bitrix\Main\HttpApplication->runController
	/home/bitrix/www/bitrix/modules/main/include/routing_index.php:135
----------
Host: crm.seller-capital.ru:443
Date: 2025-01-21 16:26:28
Module: queryArray
array (
  'partnerInn' => '5010060544',
  'page' => '1',
)
#0: KPLab\API\V2\Controller\Partners->getSellersAction
	
#1: ReflectionMethod->invokeArgs
	/home/bitrix/www/bitrix/modules/main/lib/engine/autowire/binder.php:207
#2: Bitrix\Main\Engine\AutoWire\Binder->invoke
	/home/bitrix/www/bitrix/modules/main/lib/engine/action.php:117
#3: Bitrix\Main\Engine\Action->runWithSourceParametersList
	/home/bitrix/www/bitrix/modules/main/lib/engine/controller.php:425
#4: Bitrix\Main\Engine\Controller->run
	/home/bitrix/www/bitrix/modules/main/lib/httpapplication.php:141
#5: Bitrix\Main\HttpApplication->runController
	/home/bitrix/www/bitrix/modules/main/include/routing_index.php:135
----------
Host: crm.seller-capital.ru:443
Date: 2025-01-21 16:26:29
Module: referralId
53658
#0: KPLab\API\V2\Controller\Partners->getSellersAction
	
#1: ReflectionMethod->invokeArgs
	/home/bitrix/www/bitrix/modules/main/lib/engine/autowire/binder.php:207
#2: Bitrix\Main\Engine\AutoWire\Binder->invoke
	/home/bitrix/www/bitrix/modules/main/lib/engine/action.php:117
#3: Bitrix\Main\Engine\Action->runWithSourceParametersList
	/home/bitrix/www/bitrix/modules/main/lib/engine/controller.php:425
#4: Bitrix\Main\Engine\Controller->run
	/home/bitrix/www/bitrix/modules/main/lib/httpapplication.php:141
#5: Bitrix\Main\HttpApplication->runController
	/home/bitrix/www/bitrix/modules/main/include/routing_index.php:135
----------
Host: crm.seller-capital.ru:443
Date: 2025-01-21 16:28:57
Module: queryArray
array (
  'partnerInn' => '027413340195',
  'page' => '1',
)
#0: KPLab\API\V2\Controller\Partners->getSellersAction
	
#1: ReflectionMethod->invokeArgs
	/home/bitrix/www/bitrix/modules/main/lib/engine/autowire/binder.php:207
#2: Bitrix\Main\Engine\AutoWire\Binder->invoke
	/home/bitrix/www/bitrix/modules/main/lib/engine/action.php:117
#3: Bitrix\Main\Engine\Action->runWithSourceParametersList
	/home/bitrix/www/bitrix/modules/main/lib/engine/controller.php:425
#4: Bitrix\Main\Engine\Controller->run
	/home/bitrix/www/bitrix/modules/main/lib/httpapplication.php:141
#5: Bitrix\Main\HttpApplication->runController
	/home/bitrix/www/bitrix/modules/main/include/routing_index.php:135
----------
Host: crm.seller-capital.ru:443
Date: 2025-01-21 16:28:57
Module: referralId
43819
#0: KPLab\API\V2\Controller\Partners->getSellersAction
	
#1: ReflectionMethod->invokeArgs
	/home/bitrix/www/bitrix/modules/main/lib/engine/autowire/binder.php:207
#2: Bitrix\Main\Engine\AutoWire\Binder->invoke
	/home/bitrix/www/bitrix/modules/main/lib/engine/action.php:117
#3: Bitrix\Main\Engine\Action->runWithSourceParametersList
	/home/bitrix/www/bitrix/modules/main/lib/engine/controller.php:425
#4: Bitrix\Main\Engine\Controller->run
	/home/bitrix/www/bitrix/modules/main/lib/httpapplication.php:141
#5: Bitrix\Main\HttpApplication->runController
	/home/bitrix/www/bitrix/modules/main/include/routing_index.php:135
----------
Host: crm.seller-capital.ru:443
Date: 2025-01-21 16:46:57
Module: queryArray
array (
  'partnerInn' => '071500447611',
  'page' => '1',
)
#0: KPLab\API\V2\Controller\Partners->getSellersAction
	
#1: ReflectionMethod->invokeArgs
	/home/bitrix/www/bitrix/modules/main/lib/engine/autowire/binder.php:207
#2: Bitrix\Main\Engine\AutoWire\Binder->invoke
	/home/bitrix/www/bitrix/modules/main/lib/engine/action.php:117
#3: Bitrix\Main\Engine\Action->runWithSourceParametersList
	/home/bitrix/www/bitrix/modules/main/lib/engine/controller.php:425
#4: Bitrix\Main\Engine\Controller->run
	/home/bitrix/www/bitrix/modules/main/lib/httpapplication.php:141
#5: Bitrix\Main\HttpApplication->runController
	/home/bitrix/www/bitrix/modules/main/include/routing_index.php:135
----------
Host: crm.seller-capital.ru:443
Date: 2025-01-21 16:46:57
Module: referralId
48919
#0: KPLab\API\V2\Controller\Partners->getSellersAction
	
#1: ReflectionMethod->invokeArgs
	/home/bitrix/www/bitrix/modules/main/lib/engine/autowire/binder.php:207
#2: Bitrix\Main\Engine\AutoWire\Binder->invoke
	/home/bitrix/www/bitrix/modules/main/lib/engine/action.php:117
#3: Bitrix\Main\Engine\Action->runWithSourceParametersList
	/home/bitrix/www/bitrix/modules/main/lib/engine/controller.php:425
#4: Bitrix\Main\Engine\Controller->run
	/home/bitrix/www/bitrix/modules/main/lib/httpapplication.php:141
#5: Bitrix\Main\HttpApplication->runController
	/home/bitrix/www/bitrix/modules/main/include/routing_index.php:135
----------
Host: crm.seller-capital.ru:443
Date: 2025-01-21 17:00:06
Module: queryArray
array (
  'partnerInn' => '772173434667',
  'page' => '1',
)
#0: KPLab\API\V2\Controller\Partners->getSellersAction
	
#1: ReflectionMethod->invokeArgs
	/home/bitrix/www/bitrix/modules/main/lib/engine/autowire/binder.php:207
#2: Bitrix\Main\Engine\AutoWire\Binder->invoke
	/home/bitrix/www/bitrix/modules/main/lib/engine/action.php:117
#3: Bitrix\Main\Engine\Action->runWithSourceParametersList
	/home/bitrix/www/bitrix/modules/main/lib/engine/controller.php:425
#4: Bitrix\Main\Engine\Controller->run
	/home/bitrix/www/bitrix/modules/main/lib/httpapplication.php:141
#5: Bitrix\Main\HttpApplication->runController
	/home/bitrix/www/bitrix/modules/main/include/routing_index.php:135
----------
Host: crm.seller-capital.ru:443
Date: 2025-01-21 17:00:07
Module: referralId
49950
#0: KPLab\API\V2\Controller\Partners->getSellersAction
	
#1: ReflectionMethod->invokeArgs
	/home/bitrix/www/bitrix/modules/main/lib/engine/autowire/binder.php:207
#2: Bitrix\Main\Engine\AutoWire\Binder->invoke
	/home/bitrix/www/bitrix/modules/main/lib/engine/action.php:117
#3: Bitrix\Main\Engine\Action->runWithSourceParametersList
	/home/bitrix/www/bitrix/modules/main/lib/engine/controller.php:425
#4: Bitrix\Main\Engine\Controller->run
	/home/bitrix/www/bitrix/modules/main/lib/httpapplication.php:141
#5: Bitrix\Main\HttpApplication->runController
	/home/bitrix/www/bitrix/modules/main/include/routing_index.php:135
----------
Host: crm.seller-capital.ru:443
Date: 2025-01-21 17:00:09
Module: queryArray
array (
  'partnerInn' => '772173434667',
  'page' => '51',
  'status' => 'all',
)
#0: KPLab\API\V2\Controller\Partners->getSellersAction
	
#1: ReflectionMethod->invokeArgs
	/home/bitrix/www/bitrix/modules/main/lib/engine/autowire/binder.php:207
#2: Bitrix\Main\Engine\AutoWire\Binder->invoke
	/home/bitrix/www/bitrix/modules/main/lib/engine/action.php:117
#3: Bitrix\Main\Engine\Action->runWithSourceParametersList
	/home/bitrix/www/bitrix/modules/main/lib/engine/controller.php:425
#4: Bitrix\Main\Engine\Controller->run
	/home/bitrix/www/bitrix/modules/main/lib/httpapplication.php:141
#5: Bitrix\Main\HttpApplication->runController
	/home/bitrix/www/bitrix/modules/main/include/routing_index.php:135
----------
Host: crm.seller-capital.ru:443
Date: 2025-01-21 17:00:09
Module: referralId
49950
#0: KPLab\API\V2\Controller\Partners->getSellersAction
	
#1: ReflectionMethod->invokeArgs
	/home/bitrix/www/bitrix/modules/main/lib/engine/autowire/binder.php:207
#2: Bitrix\Main\Engine\AutoWire\Binder->invoke
	/home/bitrix/www/bitrix/modules/main/lib/engine/action.php:117
#3: Bitrix\Main\Engine\Action->runWithSourceParametersList
	/home/bitrix/www/bitrix/modules/main/lib/engine/controller.php:425
#4: Bitrix\Main\Engine\Controller->run
	/home/bitrix/www/bitrix/modules/main/lib/httpapplication.php:141
#5: Bitrix\Main\HttpApplication->runController
	/home/bitrix/www/bitrix/modules/main/include/routing_index.php:135
----------
Host: crm.seller-capital.ru:443
Date: 2025-01-21 17:26:20
Module: queryArray
array (
  'partnerInn' => '667100354160',
  'page' => '1',
)
#0: KPLab\API\V2\Controller\Partners->getSellersAction
	
#1: ReflectionMethod->invokeArgs
	/home/bitrix/www/bitrix/modules/main/lib/engine/autowire/binder.php:207
#2: Bitrix\Main\Engine\AutoWire\Binder->invoke
	/home/bitrix/www/bitrix/modules/main/lib/engine/action.php:117
#3: Bitrix\Main\Engine\Action->runWithSourceParametersList
	/home/bitrix/www/bitrix/modules/main/lib/engine/controller.php:425
#4: Bitrix\Main\Engine\Controller->run
	/home/bitrix/www/bitrix/modules/main/lib/httpapplication.php:141
#5: Bitrix\Main\HttpApplication->runController
	/home/bitrix/www/bitrix/modules/main/include/routing_index.php:135
----------
Host: crm.seller-capital.ru:443
Date: 2025-01-21 17:26:20
Module: referralId
48922
#0: KPLab\API\V2\Controller\Partners->getSellersAction
	
#1: ReflectionMethod->invokeArgs
	/home/bitrix/www/bitrix/modules/main/lib/engine/autowire/binder.php:207
#2: Bitrix\Main\Engine\AutoWire\Binder->invoke
	/home/bitrix/www/bitrix/modules/main/lib/engine/action.php:117
#3: Bitrix\Main\Engine\Action->runWithSourceParametersList
	/home/bitrix/www/bitrix/modules/main/lib/engine/controller.php:425
#4: Bitrix\Main\Engine\Controller->run
	/home/bitrix/www/bitrix/modules/main/lib/httpapplication.php:141
#5: Bitrix\Main\HttpApplication->runController
	/home/bitrix/www/bitrix/modules/main/include/routing_index.php:135
----------
Host: crm.seller-capital.ru:443
Date: 2025-01-21 17:32:10
Module: queryArray
array (
  'partnerInn' => '667100354160',
  'page' => '1',
)
#0: KPLab\API\V2\Controller\Partners->getSellersAction
	
#1: ReflectionMethod->invokeArgs
	/home/bitrix/www/bitrix/modules/main/lib/engine/autowire/binder.php:207
#2: Bitrix\Main\Engine\AutoWire\Binder->invoke
	/home/bitrix/www/bitrix/modules/main/lib/engine/action.php:117
#3: Bitrix\Main\Engine\Action->runWithSourceParametersList
	/home/bitrix/www/bitrix/modules/main/lib/engine/controller.php:425
#4: Bitrix\Main\Engine\Controller->run
	/home/bitrix/www/bitrix/modules/main/lib/httpapplication.php:141
#5: Bitrix\Main\HttpApplication->runController
	/home/bitrix/www/bitrix/modules/main/include/routing_index.php:135
----------
Host: crm.seller-capital.ru:443
Date: 2025-01-21 17:32:10
Module: referralId
48922
#0: KPLab\API\V2\Controller\Partners->getSellersAction
	
#1: ReflectionMethod->invokeArgs
	/home/bitrix/www/bitrix/modules/main/lib/engine/autowire/binder.php:207
#2: Bitrix\Main\Engine\AutoWire\Binder->invoke
	/home/bitrix/www/bitrix/modules/main/lib/engine/action.php:117
#3: Bitrix\Main\Engine\Action->runWithSourceParametersList
	/home/bitrix/www/bitrix/modules/main/lib/engine/controller.php:425
#4: Bitrix\Main\Engine\Controller->run
	/home/bitrix/www/bitrix/modules/main/lib/httpapplication.php:141
#5: Bitrix\Main\HttpApplication->runController
	/home/bitrix/www/bitrix/modules/main/include/routing_index.php:135
----------
Host: crm.seller-capital.ru:443
Date: 2025-01-21 17:42:09
Module: queryArray
array (
  'partnerInn' => '667100354160',
  'page' => '1',
)
#0: KPLab\API\V2\Controller\Partners->getSellersAction
	
#1: ReflectionMethod->invokeArgs
	/home/bitrix/www/bitrix/modules/main/lib/engine/autowire/binder.php:207
#2: Bitrix\Main\Engine\AutoWire\Binder->invoke
	/home/bitrix/www/bitrix/modules/main/lib/engine/action.php:117
#3: Bitrix\Main\Engine\Action->runWithSourceParametersList
	/home/bitrix/www/bitrix/modules/main/lib/engine/controller.php:425
#4: Bitrix\Main\Engine\Controller->run
	/home/bitrix/www/bitrix/modules/main/lib/httpapplication.php:141
#5: Bitrix\Main\HttpApplication->runController
	/home/bitrix/www/bitrix/modules/main/include/routing_index.php:135
----------
Host: crm.seller-capital.ru:443
Date: 2025-01-21 17:42:09
Module: referralId
48922
#0: KPLab\API\V2\Controller\Partners->getSellersAction
	
#1: ReflectionMethod->invokeArgs
	/home/bitrix/www/bitrix/modules/main/lib/engine/autowire/binder.php:207
#2: Bitrix\Main\Engine\AutoWire\Binder->invoke
	/home/bitrix/www/bitrix/modules/main/lib/engine/action.php:117
#3: Bitrix\Main\Engine\Action->runWithSourceParametersList
	/home/bitrix/www/bitrix/modules/main/lib/engine/controller.php:425
#4: Bitrix\Main\Engine\Controller->run
	/home/bitrix/www/bitrix/modules/main/lib/httpapplication.php:141
#5: Bitrix\Main\HttpApplication->runController
	/home/bitrix/www/bitrix/modules/main/include/routing_index.php:135
----------
Host: crm.seller-capital.ru:443
Date: 2025-01-21 17:47:38
Module: queryArray
array (
  'partnerInn' => '667100354160',
  'page' => '1',
)
#0: KPLab\API\V2\Controller\Partners->getSellersAction
	
#1: ReflectionMethod->invokeArgs
	/home/bitrix/www/bitrix/modules/main/lib/engine/autowire/binder.php:207
#2: Bitrix\Main\Engine\AutoWire\Binder->invoke
	/home/bitrix/www/bitrix/modules/main/lib/engine/action.php:117
#3: Bitrix\Main\Engine\Action->runWithSourceParametersList
	/home/bitrix/www/bitrix/modules/main/lib/engine/controller.php:425
#4: Bitrix\Main\Engine\Controller->run
	/home/bitrix/www/bitrix/modules/main/lib/httpapplication.php:141
#5: Bitrix\Main\HttpApplication->runController
	/home/bitrix/www/bitrix/modules/main/include/routing_index.php:135
----------
Host: crm.seller-capital.ru:443
Date: 2025-01-21 17:47:38
Module: referralId
48922
#0: KPLab\API\V2\Controller\Partners->getSellersAction
	
#1: ReflectionMethod->invokeArgs
	/home/bitrix/www/bitrix/modules/main/lib/engine/autowire/binder.php:207
#2: Bitrix\Main\Engine\AutoWire\Binder->invoke
	/home/bitrix/www/bitrix/modules/main/lib/engine/action.php:117
#3: Bitrix\Main\Engine\Action->runWithSourceParametersList
	/home/bitrix/www/bitrix/modules/main/lib/engine/controller.php:425
#4: Bitrix\Main\Engine\Controller->run
	/home/bitrix/www/bitrix/modules/main/lib/httpapplication.php:141
#5: Bitrix\Main\HttpApplication->runController
	/home/bitrix/www/bitrix/modules/main/include/routing_index.php:135
----------
Host: crm.seller-capital.ru:443
Date: 2025-01-21 17:49:20
Module: queryArray
array (
  'partnerInn' => '667100354160',
  'page' => '1',
)
#0: KPLab\API\V2\Controller\Partners->getSellersAction
	
#1: ReflectionMethod->invokeArgs
	/home/bitrix/www/bitrix/modules/main/lib/engine/autowire/binder.php:207
#2: Bitrix\Main\Engine\AutoWire\Binder->invoke
	/home/bitrix/www/bitrix/modules/main/lib/engine/action.php:117
#3: Bitrix\Main\Engine\Action->runWithSourceParametersList
	/home/bitrix/www/bitrix/modules/main/lib/engine/controller.php:425
#4: Bitrix\Main\Engine\Controller->run
	/home/bitrix/www/bitrix/modules/main/lib/httpapplication.php:141
#5: Bitrix\Main\HttpApplication->runController
	/home/bitrix/www/bitrix/modules/main/include/routing_index.php:135
----------
Host: crm.seller-capital.ru:443
Date: 2025-01-21 17:49:21
Module: referralId
48922
#0: KPLab\API\V2\Controller\Partners->getSellersAction
	
#1: ReflectionMethod->invokeArgs
	/home/bitrix/www/bitrix/modules/main/lib/engine/autowire/binder.php:207
#2: Bitrix\Main\Engine\AutoWire\Binder->invoke
	/home/bitrix/www/bitrix/modules/main/lib/engine/action.php:117
#3: Bitrix\Main\Engine\Action->runWithSourceParametersList
	/home/bitrix/www/bitrix/modules/main/lib/engine/controller.php:425
#4: Bitrix\Main\Engine\Controller->run
	/home/bitrix/www/bitrix/modules/main/lib/httpapplication.php:141
#5: Bitrix\Main\HttpApplication->runController
	/home/bitrix/www/bitrix/modules/main/include/routing_index.php:135
----------
Host: crm.seller-capital.ru:443
Date: 2025-01-21 17:55:44
Module: queryArray
array (
  'partnerInn' => '667100354160',
  'page' => '1',
)
#0: KPLab\API\V2\Controller\Partners->getSellersAction
	
#1: ReflectionMethod->invokeArgs
	/home/bitrix/www/bitrix/modules/main/lib/engine/autowire/binder.php:207
#2: Bitrix\Main\Engine\AutoWire\Binder->invoke
	/home/bitrix/www/bitrix/modules/main/lib/engine/action.php:117
#3: Bitrix\Main\Engine\Action->runWithSourceParametersList
	/home/bitrix/www/bitrix/modules/main/lib/engine/controller.php:425
#4: Bitrix\Main\Engine\Controller->run
	/home/bitrix/www/bitrix/modules/main/lib/httpapplication.php:141
#5: Bitrix\Main\HttpApplication->runController
	/home/bitrix/www/bitrix/modules/main/include/routing_index.php:135
----------
Host: crm.seller-capital.ru:443
Date: 2025-01-21 17:55:45
Module: referralId
48922
#0: KPLab\API\V2\Controller\Partners->getSellersAction
	
#1: ReflectionMethod->invokeArgs
	/home/bitrix/www/bitrix/modules/main/lib/engine/autowire/binder.php:207
#2: Bitrix\Main\Engine\AutoWire\Binder->invoke
	/home/bitrix/www/bitrix/modules/main/lib/engine/action.php:117
#3: Bitrix\Main\Engine\Action->runWithSourceParametersList
	/home/bitrix/www/bitrix/modules/main/lib/engine/controller.php:425
#4: Bitrix\Main\Engine\Controller->run
	/home/bitrix/www/bitrix/modules/main/lib/httpapplication.php:141
#5: Bitrix\Main\HttpApplication->runController
	/home/bitrix/www/bitrix/modules/main/include/routing_index.php:135
----------
Host: crm.seller-capital.ru:443
Date: 2025-01-21 17:57:31
Module: queryArray
array (
  'partnerInn' => '667100354160',
  'page' => '1',
)
#0: KPLab\API\V2\Controller\Partners->getSellersAction
	
#1: ReflectionMethod->invokeArgs
	/home/bitrix/www/bitrix/modules/main/lib/engine/autowire/binder.php:207
#2: Bitrix\Main\Engine\AutoWire\Binder->invoke
	/home/bitrix/www/bitrix/modules/main/lib/engine/action.php:117
#3: Bitrix\Main\Engine\Action->runWithSourceParametersList
	/home/bitrix/www/bitrix/modules/main/lib/engine/controller.php:425
#4: Bitrix\Main\Engine\Controller->run
	/home/bitrix/www/bitrix/modules/main/lib/httpapplication.php:141
#5: Bitrix\Main\HttpApplication->runController
	/home/bitrix/www/bitrix/modules/main/include/routing_index.php:135
----------
Host: crm.seller-capital.ru:443
Date: 2025-01-21 17:57:32
Module: referralId
48922
#0: KPLab\API\V2\Controller\Partners->getSellersAction
	
#1: ReflectionMethod->invokeArgs
	/home/bitrix/www/bitrix/modules/main/lib/engine/autowire/binder.php:207
#2: Bitrix\Main\Engine\AutoWire\Binder->invoke
	/home/bitrix/www/bitrix/modules/main/lib/engine/action.php:117
#3: Bitrix\Main\Engine\Action->runWithSourceParametersList
	/home/bitrix/www/bitrix/modules/main/lib/engine/controller.php:425
#4: Bitrix\Main\Engine\Controller->run
	/home/bitrix/www/bitrix/modules/main/lib/httpapplication.php:141
#5: Bitrix\Main\HttpApplication->runController
	/home/bitrix/www/bitrix/modules/main/include/routing_index.php:135
----------
Host: crm.seller-capital.ru:443
Date: 2025-01-21 17:58:43
Module: queryArray
array (
  'partnerInn' => '667100354160',
  'page' => '1',
)
#0: KPLab\API\V2\Controller\Partners->getSellersAction
	
#1: ReflectionMethod->invokeArgs
	/home/bitrix/www/bitrix/modules/main/lib/engine/autowire/binder.php:207
#2: Bitrix\Main\Engine\AutoWire\Binder->invoke
	/home/bitrix/www/bitrix/modules/main/lib/engine/action.php:117
#3: Bitrix\Main\Engine\Action->runWithSourceParametersList
	/home/bitrix/www/bitrix/modules/main/lib/engine/controller.php:425
#4: Bitrix\Main\Engine\Controller->run
	/home/bitrix/www/bitrix/modules/main/lib/httpapplication.php:141
#5: Bitrix\Main\HttpApplication->runController
	/home/bitrix/www/bitrix/modules/main/include/routing_index.php:135
----------
Host: crm.seller-capital.ru:443
Date: 2025-01-21 17:58:44
Module: referralId
48922
#0: KPLab\API\V2\Controller\Partners->getSellersAction
	
#1: ReflectionMethod->invokeArgs
	/home/bitrix/www/bitrix/modules/main/lib/engine/autowire/binder.php:207
#2: Bitrix\Main\Engine\AutoWire\Binder->invoke
	/home/bitrix/www/bitrix/modules/main/lib/engine/action.php:117
#3: Bitrix\Main\Engine\Action->runWithSourceParametersList
	/home/bitrix/www/bitrix/modules/main/lib/engine/controller.php:425
#4: Bitrix\Main\Engine\Controller->run
	/home/bitrix/www/bitrix/modules/main/lib/httpapplication.php:141
#5: Bitrix\Main\HttpApplication->runController
	/home/bitrix/www/bitrix/modules/main/include/routing_index.php:135
----------
Host: crm.seller-capital.ru:443
Date: 2025-01-21 18:02:34
Module: queryArray
array (
  'partnerInn' => '667100354160',
  'page' => '1',
)
#0: KPLab\API\V2\Controller\Partners->getSellersAction
	
#1: ReflectionMethod->invokeArgs
	/home/bitrix/www/bitrix/modules/main/lib/engine/autowire/binder.php:207
#2: Bitrix\Main\Engine\AutoWire\Binder->invoke
	/home/bitrix/www/bitrix/modules/main/lib/engine/action.php:117
#3: Bitrix\Main\Engine\Action->runWithSourceParametersList
	/home/bitrix/www/bitrix/modules/main/lib/engine/controller.php:425
#4: Bitrix\Main\Engine\Controller->run
	/home/bitrix/www/bitrix/modules/main/lib/httpapplication.php:141
#5: Bitrix\Main\HttpApplication->runController
	/home/bitrix/www/bitrix/modules/main/include/routing_index.php:135
----------
Host: crm.seller-capital.ru:443
Date: 2025-01-21 18:02:34
Module: referralId
48922
#0: KPLab\API\V2\Controller\Partners->getSellersAction
	
#1: ReflectionMethod->invokeArgs
	/home/bitrix/www/bitrix/modules/main/lib/engine/autowire/binder.php:207
#2: Bitrix\Main\Engine\AutoWire\Binder->invoke
	/home/bitrix/www/bitrix/modules/main/lib/engine/action.php:117
#3: Bitrix\Main\Engine\Action->runWithSourceParametersList
	/home/bitrix/www/bitrix/modules/main/lib/engine/controller.php:425
#4: Bitrix\Main\Engine\Controller->run
	/home/bitrix/www/bitrix/modules/main/lib/httpapplication.php:141
#5: Bitrix\Main\HttpApplication->runController
	/home/bitrix/www/bitrix/modules/main/include/routing_index.php:135
----------
Host: crm.seller-capital.ru:443
Date: 2025-01-21 18:03:47
Module: queryArray
array (
  'partnerInn' => '667100354160',
  'page' => '1',
)
#0: KPLab\API\V2\Controller\Partners->getSellersAction
	
#1: ReflectionMethod->invokeArgs
	/home/bitrix/www/bitrix/modules/main/lib/engine/autowire/binder.php:207
#2: Bitrix\Main\Engine\AutoWire\Binder->invoke
	/home/bitrix/www/bitrix/modules/main/lib/engine/action.php:117
#3: Bitrix\Main\Engine\Action->runWithSourceParametersList
	/home/bitrix/www/bitrix/modules/main/lib/engine/controller.php:425
#4: Bitrix\Main\Engine\Controller->run
	/home/bitrix/www/bitrix/modules/main/lib/httpapplication.php:141
#5: Bitrix\Main\HttpApplication->runController
	/home/bitrix/www/bitrix/modules/main/include/routing_index.php:135
----------
Host: crm.seller-capital.ru:443
Date: 2025-01-21 18:03:47
Module: referralId
48922
#0: KPLab\API\V2\Controller\Partners->getSellersAction
	
#1: ReflectionMethod->invokeArgs
	/home/bitrix/www/bitrix/modules/main/lib/engine/autowire/binder.php:207
#2: Bitrix\Main\Engine\AutoWire\Binder->invoke
	/home/bitrix/www/bitrix/modules/main/lib/engine/action.php:117
#3: Bitrix\Main\Engine\Action->runWithSourceParametersList
	/home/bitrix/www/bitrix/modules/main/lib/engine/controller.php:425
#4: Bitrix\Main\Engine\Controller->run
	/home/bitrix/www/bitrix/modules/main/lib/httpapplication.php:141
#5: Bitrix\Main\HttpApplication->runController
	/home/bitrix/www/bitrix/modules/main/include/routing_index.php:135
----------
Host: crm.seller-capital.ru:443
Date: 2025-01-21 18:03:54
Module: queryArray
array (
  'partnerInn' => '667100354160',
  'page' => '1',
)
#0: KPLab\API\V2\Controller\Partners->getSellersAction
	
#1: ReflectionMethod->invokeArgs
	/home/bitrix/www/bitrix/modules/main/lib/engine/autowire/binder.php:207
#2: Bitrix\Main\Engine\AutoWire\Binder->invoke
	/home/bitrix/www/bitrix/modules/main/lib/engine/action.php:117
#3: Bitrix\Main\Engine\Action->runWithSourceParametersList
	/home/bitrix/www/bitrix/modules/main/lib/engine/controller.php:425
#4: Bitrix\Main\Engine\Controller->run
	/home/bitrix/www/bitrix/modules/main/lib/httpapplication.php:141
#5: Bitrix\Main\HttpApplication->runController
	/home/bitrix/www/bitrix/modules/main/include/routing_index.php:135
----------
Host: crm.seller-capital.ru:443
Date: 2025-01-21 18:03:54
Module: referralId
48922
#0: KPLab\API\V2\Controller\Partners->getSellersAction
	
#1: ReflectionMethod->invokeArgs
	/home/bitrix/www/bitrix/modules/main/lib/engine/autowire/binder.php:207
#2: Bitrix\Main\Engine\AutoWire\Binder->invoke
	/home/bitrix/www/bitrix/modules/main/lib/engine/action.php:117
#3: Bitrix\Main\Engine\Action->runWithSourceParametersList
	/home/bitrix/www/bitrix/modules/main/lib/engine/controller.php:425
#4: Bitrix\Main\Engine\Controller->run
	/home/bitrix/www/bitrix/modules/main/lib/httpapplication.php:141
#5: Bitrix\Main\HttpApplication->runController
	/home/bitrix/www/bitrix/modules/main/include/routing_index.php:135
----------
Host: crm.seller-capital.ru:443
Date: 2025-01-21 18:11:49
Module: queryArray
array (
  'partnerInn' => '683201823134',
  'page' => '1',
)
#0: KPLab\API\V2\Controller\Partners->getSellersAction
	
#1: ReflectionMethod->invokeArgs
	/home/bitrix/www/bitrix/modules/main/lib/engine/autowire/binder.php:207
#2: Bitrix\Main\Engine\AutoWire\Binder->invoke
	/home/bitrix/www/bitrix/modules/main/lib/engine/action.php:117
#3: Bitrix\Main\Engine\Action->runWithSourceParametersList
	/home/bitrix/www/bitrix/modules/main/lib/engine/controller.php:425
#4: Bitrix\Main\Engine\Controller->run
	/home/bitrix/www/bitrix/modules/main/lib/httpapplication.php:141
#5: Bitrix\Main\HttpApplication->runController
	/home/bitrix/www/bitrix/modules/main/include/routing_index.php:135
----------
Host: crm.seller-capital.ru:443
Date: 2025-01-21 18:11:50
Module: referralId
49959
#0: KPLab\API\V2\Controller\Partners->getSellersAction
	
#1: ReflectionMethod->invokeArgs
	/home/bitrix/www/bitrix/modules/main/lib/engine/autowire/binder.php:207
#2: Bitrix\Main\Engine\AutoWire\Binder->invoke
	/home/bitrix/www/bitrix/modules/main/lib/engine/action.php:117
#3: Bitrix\Main\Engine\Action->runWithSourceParametersList
	/home/bitrix/www/bitrix/modules/main/lib/engine/controller.php:425
#4: Bitrix\Main\Engine\Controller->run
	/home/bitrix/www/bitrix/modules/main/lib/httpapplication.php:141
#5: Bitrix\Main\HttpApplication->runController
	/home/bitrix/www/bitrix/modules/main/include/routing_index.php:135
----------
Host: crm.seller-capital.ru:443
Date: 2025-01-21 19:48:10
Module: queryArray
array (
  'partnerInn' => '7721546864',
  'page' => '1',
)
#0: KPLab\API\V2\Controller\Partners->getSellersAction
	
#1: ReflectionMethod->invokeArgs
	/home/bitrix/www/bitrix/modules/main/lib/engine/autowire/binder.php:207
#2: Bitrix\Main\Engine\AutoWire\Binder->invoke
	/home/bitrix/www/bitrix/modules/main/lib/engine/action.php:117
#3: Bitrix\Main\Engine\Action->runWithSourceParametersList
	/home/bitrix/www/bitrix/modules/main/lib/engine/controller.php:425
#4: Bitrix\Main\Engine\Controller->run
	/home/bitrix/www/bitrix/modules/main/lib/httpapplication.php:141
#5: Bitrix\Main\HttpApplication->runController
	/home/bitrix/www/bitrix/modules/main/include/routing_index.php:135
----------
Host: crm.seller-capital.ru:443
Date: 2025-01-21 19:48:11
Module: referralId
32813
#0: KPLab\API\V2\Controller\Partners->getSellersAction
	
#1: ReflectionMethod->invokeArgs
	/home/bitrix/www/bitrix/modules/main/lib/engine/autowire/binder.php:207
#2: Bitrix\Main\Engine\AutoWire\Binder->invoke
	/home/bitrix/www/bitrix/modules/main/lib/engine/action.php:117
#3: Bitrix\Main\Engine\Action->runWithSourceParametersList
	/home/bitrix/www/bitrix/modules/main/lib/engine/controller.php:425
#4: Bitrix\Main\Engine\Controller->run
	/home/bitrix/www/bitrix/modules/main/lib/httpapplication.php:141
#5: Bitrix\Main\HttpApplication->runController
	/home/bitrix/www/bitrix/modules/main/include/routing_index.php:135
----------
Host: crm.seller-capital.ru:443
Date: 2025-01-21 19:48:27
Module: queryArray
array (
  'partnerInn' => '7721546864',
  'page' => '1',
)
#0: KPLab\API\V2\Controller\Partners->getSellersAction
	
#1: ReflectionMethod->invokeArgs
	/home/bitrix/www/bitrix/modules/main/lib/engine/autowire/binder.php:207
#2: Bitrix\Main\Engine\AutoWire\Binder->invoke
	/home/bitrix/www/bitrix/modules/main/lib/engine/action.php:117
#3: Bitrix\Main\Engine\Action->runWithSourceParametersList
	/home/bitrix/www/bitrix/modules/main/lib/engine/controller.php:425
#4: Bitrix\Main\Engine\Controller->run
	/home/bitrix/www/bitrix/modules/main/lib/httpapplication.php:141
#5: Bitrix\Main\HttpApplication->runController
	/home/bitrix/www/bitrix/modules/main/include/routing_index.php:135
----------
Host: crm.seller-capital.ru:443
Date: 2025-01-21 19:48:27
Module: referralId
32813
#0: KPLab\API\V2\Controller\Partners->getSellersAction
	
#1: ReflectionMethod->invokeArgs
	/home/bitrix/www/bitrix/modules/main/lib/engine/autowire/binder.php:207
#2: Bitrix\Main\Engine\AutoWire\Binder->invoke
	/home/bitrix/www/bitrix/modules/main/lib/engine/action.php:117
#3: Bitrix\Main\Engine\Action->runWithSourceParametersList
	/home/bitrix/www/bitrix/modules/main/lib/engine/controller.php:425
#4: Bitrix\Main\Engine\Controller->run
	/home/bitrix/www/bitrix/modules/main/lib/httpapplication.php:141
#5: Bitrix\Main\HttpApplication->runController
	/home/bitrix/www/bitrix/modules/main/include/routing_index.php:135
----------
Host: crm.seller-capital.ru:443
Date: 2025-01-21 19:49:57
Module: queryArray
array (
  'partnerInn' => '6670505304',
  'page' => '1',
)
#0: KPLab\API\V2\Controller\Partners->getSellersAction
	
#1: ReflectionMethod->invokeArgs
	/home/bitrix/www/bitrix/modules/main/lib/engine/autowire/binder.php:207
#2: Bitrix\Main\Engine\AutoWire\Binder->invoke
	/home/bitrix/www/bitrix/modules/main/lib/engine/action.php:117
#3: Bitrix\Main\Engine\Action->runWithSourceParametersList
	/home/bitrix/www/bitrix/modules/main/lib/engine/controller.php:425
#4: Bitrix\Main\Engine\Controller->run
	/home/bitrix/www/bitrix/modules/main/lib/httpapplication.php:141
#5: Bitrix\Main\HttpApplication->runController
	/home/bitrix/www/bitrix/modules/main/include/routing_index.php:135
----------
Host: crm.seller-capital.ru:443
Date: 2025-01-21 19:49:57
Module: referralId
48645
#0: KPLab\API\V2\Controller\Partners->getSellersAction
	
#1: ReflectionMethod->invokeArgs
	/home/bitrix/www/bitrix/modules/main/lib/engine/autowire/binder.php:207
#2: Bitrix\Main\Engine\AutoWire\Binder->invoke
	/home/bitrix/www/bitrix/modules/main/lib/engine/action.php:117
#3: Bitrix\Main\Engine\Action->runWithSourceParametersList
	/home/bitrix/www/bitrix/modules/main/lib/engine/controller.php:425
#4: Bitrix\Main\Engine\Controller->run
	/home/bitrix/www/bitrix/modules/main/lib/httpapplication.php:141
#5: Bitrix\Main\HttpApplication->runController
	/home/bitrix/www/bitrix/modules/main/include/routing_index.php:135
----------
Host: crm.seller-capital.ru:443
Date: 2025-01-21 19:59:55
Module: queryArray
array (
  'partnerInn' => '312703301063',
  'page' => '1',
)
#0: KPLab\API\V2\Controller\Partners->getSellersAction
	
#1: ReflectionMethod->invokeArgs
	/home/bitrix/www/bitrix/modules/main/lib/engine/autowire/binder.php:207
#2: Bitrix\Main\Engine\AutoWire\Binder->invoke
	/home/bitrix/www/bitrix/modules/main/lib/engine/action.php:117
#3: Bitrix\Main\Engine\Action->runWithSourceParametersList
	/home/bitrix/www/bitrix/modules/main/lib/engine/controller.php:425
#4: Bitrix\Main\Engine\Controller->run
	/home/bitrix/www/bitrix/modules/main/lib/httpapplication.php:141
#5: Bitrix\Main\HttpApplication->runController
	/home/bitrix/www/bitrix/modules/main/include/routing_index.php:135
----------
Host: crm.seller-capital.ru:443
Date: 2025-01-21 19:59:56
Module: referralId
31069
#0: KPLab\API\V2\Controller\Partners->getSellersAction
	
#1: ReflectionMethod->invokeArgs
	/home/bitrix/www/bitrix/modules/main/lib/engine/autowire/binder.php:207
#2: Bitrix\Main\Engine\AutoWire\Binder->invoke
	/home/bitrix/www/bitrix/modules/main/lib/engine/action.php:117
#3: Bitrix\Main\Engine\Action->runWithSourceParametersList
	/home/bitrix/www/bitrix/modules/main/lib/engine/controller.php:425
#4: Bitrix\Main\Engine\Controller->run
	/home/bitrix/www/bitrix/modules/main/lib/httpapplication.php:141
#5: Bitrix\Main\HttpApplication->runController
	/home/bitrix/www/bitrix/modules/main/include/routing_index.php:135
----------
Host: crm.seller-capital.ru:443
Date: 2025-01-21 20:16:32
Module: queryArray
array (
  'partnerInn' => '072501060344',
  'page' => '1',
)
#0: KPLab\API\V2\Controller\Partners->getSellersAction
	
#1: ReflectionMethod->invokeArgs
	/home/bitrix/www/bitrix/modules/main/lib/engine/autowire/binder.php:207
#2: Bitrix\Main\Engine\AutoWire\Binder->invoke
	/home/bitrix/www/bitrix/modules/main/lib/engine/action.php:117
#3: Bitrix\Main\Engine\Action->runWithSourceParametersList
	/home/bitrix/www/bitrix/modules/main/lib/engine/controller.php:425
#4: Bitrix\Main\Engine\Controller->run
	/home/bitrix/www/bitrix/modules/main/lib/httpapplication.php:141
#5: Bitrix\Main\HttpApplication->runController
	/home/bitrix/www/bitrix/modules/main/include/routing_index.php:135
----------
Host: crm.seller-capital.ru:443
Date: 2025-01-21 20:16:32
Module: referralId
52465
#0: KPLab\API\V2\Controller\Partners->getSellersAction
	
#1: ReflectionMethod->invokeArgs
	/home/bitrix/www/bitrix/modules/main/lib/engine/autowire/binder.php:207
#2: Bitrix\Main\Engine\AutoWire\Binder->invoke
	/home/bitrix/www/bitrix/modules/main/lib/engine/action.php:117
#3: Bitrix\Main\Engine\Action->runWithSourceParametersList
	/home/bitrix/www/bitrix/modules/main/lib/engine/controller.php:425
#4: Bitrix\Main\Engine\Controller->run
	/home/bitrix/www/bitrix/modules/main/lib/httpapplication.php:141
#5: Bitrix\Main\HttpApplication->runController
	/home/bitrix/www/bitrix/modules/main/include/routing_index.php:135
----------
Host: crm.seller-capital.ru:443
Date: 2025-01-21 21:36:25
Module: queryArray
array (
  'partnerInn' => '632519852126',
  'page' => '1',
)
#0: KPLab\API\V2\Controller\Partners->getSellersAction
	
#1: ReflectionMethod->invokeArgs
	/home/bitrix/www/bitrix/modules/main/lib/engine/autowire/binder.php:207
#2: Bitrix\Main\Engine\AutoWire\Binder->invoke
	/home/bitrix/www/bitrix/modules/main/lib/engine/action.php:117
#3: Bitrix\Main\Engine\Action->runWithSourceParametersList
	/home/bitrix/www/bitrix/modules/main/lib/engine/controller.php:425
#4: Bitrix\Main\Engine\Controller->run
	/home/bitrix/www/bitrix/modules/main/lib/httpapplication.php:141
#5: Bitrix\Main\HttpApplication->runController
	/home/bitrix/www/bitrix/modules/main/include/routing_index.php:135
----------
Host: crm.seller-capital.ru:443
Date: 2025-01-21 21:36:25
Module: referralId
false
#0: KPLab\API\V2\Controller\Partners->getSellersAction
	
#1: ReflectionMethod->invokeArgs
	/home/bitrix/www/bitrix/modules/main/lib/engine/autowire/binder.php:207
#2: Bitrix\Main\Engine\AutoWire\Binder->invoke
	/home/bitrix/www/bitrix/modules/main/lib/engine/action.php:117
#3: Bitrix\Main\Engine\Action->runWithSourceParametersList
	/home/bitrix/www/bitrix/modules/main/lib/engine/controller.php:425
#4: Bitrix\Main\Engine\Controller->run
	/home/bitrix/www/bitrix/modules/main/lib/httpapplication.php:141
#5: Bitrix\Main\HttpApplication->runController
	/home/bitrix/www/bitrix/modules/main/include/routing_index.php:135
----------
Host: crm.seller-capital.ru:443
Date: 2025-01-22 00:38:50
Module: queryArray
array (
  'partnerInn' => '312703301063',
  'page' => '1',
)
#0: KPLab\API\V2\Controller\Partners->getSellersAction
	
#1: ReflectionMethod->invokeArgs
	/home/bitrix/www/bitrix/modules/main/lib/engine/autowire/binder.php:207
#2: Bitrix\Main\Engine\AutoWire\Binder->invoke
	/home/bitrix/www/bitrix/modules/main/lib/engine/action.php:117
#3: Bitrix\Main\Engine\Action->runWithSourceParametersList
	/home/bitrix/www/bitrix/modules/main/lib/engine/controller.php:425
#4: Bitrix\Main\Engine\Controller->run
	/home/bitrix/www/bitrix/modules/main/lib/httpapplication.php:141
#5: Bitrix\Main\HttpApplication->runController
	/home/bitrix/www/bitrix/modules/main/include/routing_index.php:135
----------
Host: crm.seller-capital.ru:443
Date: 2025-01-22 00:38:50
Module: referralId
31069
#0: KPLab\API\V2\Controller\Partners->getSellersAction
	
#1: ReflectionMethod->invokeArgs
	/home/bitrix/www/bitrix/modules/main/lib/engine/autowire/binder.php:207
#2: Bitrix\Main\Engine\AutoWire\Binder->invoke
	/home/bitrix/www/bitrix/modules/main/lib/engine/action.php:117
#3: Bitrix\Main\Engine\Action->runWithSourceParametersList
	/home/bitrix/www/bitrix/modules/main/lib/engine/controller.php:425
#4: Bitrix\Main\Engine\Controller->run
	/home/bitrix/www/bitrix/modules/main/lib/httpapplication.php:141
#5: Bitrix\Main\HttpApplication->runController
	/home/bitrix/www/bitrix/modules/main/include/routing_index.php:135
----------
Host: crm.seller-capital.ru:443
Date: 2025-01-22 13:44:00
Module: queryArray
array (
  'partnerInn' => '772173434667',
  'page' => '1',
)
#0: KPLab\API\V2\Controller\Partners->getSellersAction
	
#1: ReflectionMethod->invokeArgs
	/home/bitrix/www/bitrix/modules/main/lib/engine/autowire/binder.php:207
#2: Bitrix\Main\Engine\AutoWire\Binder->invoke
	/home/bitrix/www/bitrix/modules/main/lib/engine/action.php:117
#3: Bitrix\Main\Engine\Action->runWithSourceParametersList
	/home/bitrix/www/bitrix/modules/main/lib/engine/controller.php:425
#4: Bitrix\Main\Engine\Controller->run
	/home/bitrix/www/bitrix/modules/main/lib/httpapplication.php:141
#5: Bitrix\Main\HttpApplication->runController
	/home/bitrix/www/bitrix/modules/main/include/routing_index.php:135
----------
Host: crm.seller-capital.ru:443
Date: 2025-01-22 13:44:01
Module: referralId
49950
#0: KPLab\API\V2\Controller\Partners->getSellersAction
	
#1: ReflectionMethod->invokeArgs
	/home/bitrix/www/bitrix/modules/main/lib/engine/autowire/binder.php:207
#2: Bitrix\Main\Engine\AutoWire\Binder->invoke
	/home/bitrix/www/bitrix/modules/main/lib/engine/action.php:117
#3: Bitrix\Main\Engine\Action->runWithSourceParametersList
	/home/bitrix/www/bitrix/modules/main/lib/engine/controller.php:425
#4: Bitrix\Main\Engine\Controller->run
	/home/bitrix/www/bitrix/modules/main/lib/httpapplication.php:141
#5: Bitrix\Main\HttpApplication->runController
	/home/bitrix/www/bitrix/modules/main/include/routing_index.php:135
----------
Host: crm.seller-capital.ru:443
Date: 2025-01-22 13:44:02
Module: queryArray
array (
  'partnerInn' => '772173434667',
  'page' => '51',
  'status' => 'all',
)
#0: KPLab\API\V2\Controller\Partners->getSellersAction
	
#1: ReflectionMethod->invokeArgs
	/home/bitrix/www/bitrix/modules/main/lib/engine/autowire/binder.php:207
#2: Bitrix\Main\Engine\AutoWire\Binder->invoke
	/home/bitrix/www/bitrix/modules/main/lib/engine/action.php:117
#3: Bitrix\Main\Engine\Action->runWithSourceParametersList
	/home/bitrix/www/bitrix/modules/main/lib/engine/controller.php:425
#4: Bitrix\Main\Engine\Controller->run
	/home/bitrix/www/bitrix/modules/main/lib/httpapplication.php:141
#5: Bitrix\Main\HttpApplication->runController
	/home/bitrix/www/bitrix/modules/main/include/routing_index.php:135
----------
Host: crm.seller-capital.ru:443
Date: 2025-01-22 13:44:02
Module: referralId
49950
#0: KPLab\API\V2\Controller\Partners->getSellersAction
	
#1: ReflectionMethod->invokeArgs
	/home/bitrix/www/bitrix/modules/main/lib/engine/autowire/binder.php:207
#2: Bitrix\Main\Engine\AutoWire\Binder->invoke
	/home/bitrix/www/bitrix/modules/main/lib/engine/action.php:117
#3: Bitrix\Main\Engine\Action->runWithSourceParametersList
	/home/bitrix/www/bitrix/modules/main/lib/engine/controller.php:425
#4: Bitrix\Main\Engine\Controller->run
	/home/bitrix/www/bitrix/modules/main/lib/httpapplication.php:141
#5: Bitrix\Main\HttpApplication->runController
	/home/bitrix/www/bitrix/modules/main/include/routing_index.php:135
----------
Host: crm.seller-capital.ru:443
Date: 2025-01-22 14:58:41
Module: queryArray
array (
  'partnerInn' => '9723219778',
  'page' => '1',
)
#0: KPLab\API\V2\Controller\Partners->getSellersAction
	
#1: ReflectionMethod->invokeArgs
	/home/bitrix/www/bitrix/modules/main/lib/engine/autowire/binder.php:207
#2: Bitrix\Main\Engine\AutoWire\Binder->invoke
	/home/bitrix/www/bitrix/modules/main/lib/engine/action.php:117
#3: Bitrix\Main\Engine\Action->runWithSourceParametersList
	/home/bitrix/www/bitrix/modules/main/lib/engine/controller.php:425
#4: Bitrix\Main\Engine\Controller->run
	/home/bitrix/www/bitrix/modules/main/lib/httpapplication.php:141
#5: Bitrix\Main\HttpApplication->runController
	/home/bitrix/www/bitrix/modules/main/include/routing_index.php:135
----------
Host: crm.seller-capital.ru:443
Date: 2025-01-22 14:58:41
Module: referralId
53665
#0: KPLab\API\V2\Controller\Partners->getSellersAction
	
#1: ReflectionMethod->invokeArgs
	/home/bitrix/www/bitrix/modules/main/lib/engine/autowire/binder.php:207
#2: Bitrix\Main\Engine\AutoWire\Binder->invoke
	/home/bitrix/www/bitrix/modules/main/lib/engine/action.php:117
#3: Bitrix\Main\Engine\Action->runWithSourceParametersList
	/home/bitrix/www/bitrix/modules/main/lib/engine/controller.php:425
#4: Bitrix\Main\Engine\Controller->run
	/home/bitrix/www/bitrix/modules/main/lib/httpapplication.php:141
#5: Bitrix\Main\HttpApplication->runController
	/home/bitrix/www/bitrix/modules/main/include/routing_index.php:135
----------
Host: crm.seller-capital.ru:443
Date: 2025-01-22 16:03:21
Module: queryArray
array (
  'partnerInn' => '9723219778',
  'page' => '1',
)
#0: KPLab\API\V2\Controller\Partners->getSellersAction
	
#1: ReflectionMethod->invokeArgs
	/home/bitrix/www/bitrix/modules/main/lib/engine/autowire/binder.php:207
#2: Bitrix\Main\Engine\AutoWire\Binder->invoke
	/home/bitrix/www/bitrix/modules/main/lib/engine/action.php:117
#3: Bitrix\Main\Engine\Action->runWithSourceParametersList
	/home/bitrix/www/bitrix/modules/main/lib/engine/controller.php:425
#4: Bitrix\Main\Engine\Controller->run
	/home/bitrix/www/bitrix/modules/main/lib/httpapplication.php:141
#5: Bitrix\Main\HttpApplication->runController
	/home/bitrix/www/bitrix/modules/main/include/routing_index.php:135
----------
Host: crm.seller-capital.ru:443
Date: 2025-01-22 16:03:22
Module: referralId
53665
#0: KPLab\API\V2\Controller\Partners->getSellersAction
	
#1: ReflectionMethod->invokeArgs
	/home/bitrix/www/bitrix/modules/main/lib/engine/autowire/binder.php:207
#2: Bitrix\Main\Engine\AutoWire\Binder->invoke
	/home/bitrix/www/bitrix/modules/main/lib/engine/action.php:117
#3: Bitrix\Main\Engine\Action->runWithSourceParametersList
	/home/bitrix/www/bitrix/modules/main/lib/engine/controller.php:425
#4: Bitrix\Main\Engine\Controller->run
	/home/bitrix/www/bitrix/modules/main/lib/httpapplication.php:141
#5: Bitrix\Main\HttpApplication->runController
	/home/bitrix/www/bitrix/modules/main/include/routing_index.php:135
----------
Host: crm.seller-capital.ru:443
Date: 2025-01-22 17:00:52
Module: queryArray
array (
  'partnerInn' => '672510500615',
  'page' => '1',
)
#0: KPLab\API\V2\Controller\Partners->getSellersAction
	
#1: ReflectionMethod->invokeArgs
	/home/bitrix/www/bitrix/modules/main/lib/engine/autowire/binder.php:207
#2: Bitrix\Main\Engine\AutoWire\Binder->invoke
	/home/bitrix/www/bitrix/modules/main/lib/engine/action.php:117
#3: Bitrix\Main\Engine\Action->runWithSourceParametersList
	/home/bitrix/www/bitrix/modules/main/lib/engine/controller.php:425
#4: Bitrix\Main\Engine\Controller->run
	/home/bitrix/www/bitrix/modules/main/lib/httpapplication.php:141
#5: Bitrix\Main\HttpApplication->runController
	/home/bitrix/www/bitrix/modules/main/include/routing_index.php:135
----------
Host: crm.seller-capital.ru:443
Date: 2025-01-22 17:00:53
Module: referralId
48808
#0: KPLab\API\V2\Controller\Partners->getSellersAction
	
#1: ReflectionMethod->invokeArgs
	/home/bitrix/www/bitrix/modules/main/lib/engine/autowire/binder.php:207
#2: Bitrix\Main\Engine\AutoWire\Binder->invoke
	/home/bitrix/www/bitrix/modules/main/lib/engine/action.php:117
#3: Bitrix\Main\Engine\Action->runWithSourceParametersList
	/home/bitrix/www/bitrix/modules/main/lib/engine/controller.php:425
#4: Bitrix\Main\Engine\Controller->run
	/home/bitrix/www/bitrix/modules/main/lib/httpapplication.php:141
#5: Bitrix\Main\HttpApplication->runController
	/home/bitrix/www/bitrix/modules/main/include/routing_index.php:135
----------
Host: crm.seller-capital.ru:443
Date: 2025-01-22 17:12:51
Module: queryArray
array (
  'partnerInn' => '9723219778',
  'page' => '1',
)
#0: KPLab\API\V2\Controller\Partners->getSellersAction
	
#1: ReflectionMethod->invokeArgs
	/home/bitrix/www/bitrix/modules/main/lib/engine/autowire/binder.php:207
#2: Bitrix\Main\Engine\AutoWire\Binder->invoke
	/home/bitrix/www/bitrix/modules/main/lib/engine/action.php:117
#3: Bitrix\Main\Engine\Action->runWithSourceParametersList
	/home/bitrix/www/bitrix/modules/main/lib/engine/controller.php:425
#4: Bitrix\Main\Engine\Controller->run
	/home/bitrix/www/bitrix/modules/main/lib/httpapplication.php:141
#5: Bitrix\Main\HttpApplication->runController
	/home/bitrix/www/bitrix/modules/main/include/routing_index.php:135
----------
Host: crm.seller-capital.ru:443
Date: 2025-01-22 17:12:51
Module: referralId
53665
#0: KPLab\API\V2\Controller\Partners->getSellersAction
	
#1: ReflectionMethod->invokeArgs
	/home/bitrix/www/bitrix/modules/main/lib/engine/autowire/binder.php:207
#2: Bitrix\Main\Engine\AutoWire\Binder->invoke
	/home/bitrix/www/bitrix/modules/main/lib/engine/action.php:117
#3: Bitrix\Main\Engine\Action->runWithSourceParametersList
	/home/bitrix/www/bitrix/modules/main/lib/engine/controller.php:425
#4: Bitrix\Main\Engine\Controller->run
	/home/bitrix/www/bitrix/modules/main/lib/httpapplication.php:141
#5: Bitrix\Main\HttpApplication->runController
	/home/bitrix/www/bitrix/modules/main/include/routing_index.php:135
----------
Host: crm.seller-capital.ru:443
Date: 2025-01-22 19:14:26
Module: queryArray
array (
  'partnerInn' => '6908014898',
  'page' => '1',
)
#0: KPLab\API\V2\Controller\Partners->getSellersAction
	
#1: ReflectionMethod->invokeArgs
	/home/bitrix/www/bitrix/modules/main/lib/engine/autowire/binder.php:207
#2: Bitrix\Main\Engine\AutoWire\Binder->invoke
	/home/bitrix/www/bitrix/modules/main/lib/engine/action.php:117
#3: Bitrix\Main\Engine\Action->runWithSourceParametersList
	/home/bitrix/www/bitrix/modules/main/lib/engine/controller.php:425
#4: Bitrix\Main\Engine\Controller->run
	/home/bitrix/www/bitrix/modules/main/lib/httpapplication.php:141
#5: Bitrix\Main\HttpApplication->runController
	/home/bitrix/www/bitrix/modules/main/include/routing_index.php:135
----------
Host: crm.seller-capital.ru:443
Date: 2025-01-22 19:14:27
Module: referralId
52162
#0: KPLab\API\V2\Controller\Partners->getSellersAction
	
#1: ReflectionMethod->invokeArgs
	/home/bitrix/www/bitrix/modules/main/lib/engine/autowire/binder.php:207
#2: Bitrix\Main\Engine\AutoWire\Binder->invoke
	/home/bitrix/www/bitrix/modules/main/lib/engine/action.php:117
#3: Bitrix\Main\Engine\Action->runWithSourceParametersList
	/home/bitrix/www/bitrix/modules/main/lib/engine/controller.php:425
#4: Bitrix\Main\Engine\Controller->run
	/home/bitrix/www/bitrix/modules/main/lib/httpapplication.php:141
#5: Bitrix\Main\HttpApplication->runController
	/home/bitrix/www/bitrix/modules/main/include/routing_index.php:135
----------
Host: crm.seller-capital.ru:443
Date: 2025-01-22 19:14:38
Module: queryArray
array (
  'partnerInn' => '6908014898',
  'page' => '1',
)
#0: KPLab\API\V2\Controller\Partners->getSellersAction
	
#1: ReflectionMethod->invokeArgs
	/home/bitrix/www/bitrix/modules/main/lib/engine/autowire/binder.php:207
#2: Bitrix\Main\Engine\AutoWire\Binder->invoke
	/home/bitrix/www/bitrix/modules/main/lib/engine/action.php:117
#3: Bitrix\Main\Engine\Action->runWithSourceParametersList
	/home/bitrix/www/bitrix/modules/main/lib/engine/controller.php:425
#4: Bitrix\Main\Engine\Controller->run
	/home/bitrix/www/bitrix/modules/main/lib/httpapplication.php:141
#5: Bitrix\Main\HttpApplication->runController
	/home/bitrix/www/bitrix/modules/main/include/routing_index.php:135
----------
Host: crm.seller-capital.ru:443
Date: 2025-01-22 19:14:39
Module: referralId
52162
#0: KPLab\API\V2\Controller\Partners->getSellersAction
	
#1: ReflectionMethod->invokeArgs
	/home/bitrix/www/bitrix/modules/main/lib/engine/autowire/binder.php:207
#2: Bitrix\Main\Engine\AutoWire\Binder->invoke
	/home/bitrix/www/bitrix/modules/main/lib/engine/action.php:117
#3: Bitrix\Main\Engine\Action->runWithSourceParametersList
	/home/bitrix/www/bitrix/modules/main/lib/engine/controller.php:425
#4: Bitrix\Main\Engine\Controller->run
	/home/bitrix/www/bitrix/modules/main/lib/httpapplication.php:141
#5: Bitrix\Main\HttpApplication->runController
	/home/bitrix/www/bitrix/modules/main/include/routing_index.php:135
----------
Host: crm.seller-capital.ru:443
Date: 2025-01-22 20:46:17
Module: queryArray
array (
  'partnerInn' => '7017352130',
  'page' => '1',
)
#0: KPLab\API\V2\Controller\Partners->getSellersAction
	
#1: ReflectionMethod->invokeArgs
	/home/bitrix/www/bitrix/modules/main/lib/engine/autowire/binder.php:207
#2: Bitrix\Main\Engine\AutoWire\Binder->invoke
	/home/bitrix/www/bitrix/modules/main/lib/engine/action.php:117
#3: Bitrix\Main\Engine\Action->runWithSourceParametersList
	/home/bitrix/www/bitrix/modules/main/lib/engine/controller.php:425
#4: Bitrix\Main\Engine\Controller->run
	/home/bitrix/www/bitrix/modules/main/lib/httpapplication.php:141
#5: Bitrix\Main\HttpApplication->runController
	/home/bitrix/www/bitrix/modules/main/include/routing_index.php:135
----------
Host: crm.seller-capital.ru:443
Date: 2025-01-22 20:46:17
Module: referralId
53782
#0: KPLab\API\V2\Controller\Partners->getSellersAction
	
#1: ReflectionMethod->invokeArgs
	/home/bitrix/www/bitrix/modules/main/lib/engine/autowire/binder.php:207
#2: Bitrix\Main\Engine\AutoWire\Binder->invoke
	/home/bitrix/www/bitrix/modules/main/lib/engine/action.php:117
#3: Bitrix\Main\Engine\Action->runWithSourceParametersList
	/home/bitrix/www/bitrix/modules/main/lib/engine/controller.php:425
#4: Bitrix\Main\Engine\Controller->run
	/home/bitrix/www/bitrix/modules/main/lib/httpapplication.php:141
#5: Bitrix\Main\HttpApplication->runController
	/home/bitrix/www/bitrix/modules/main/include/routing_index.php:135
----------
Host: crm.seller-capital.ru:443
Date: 2025-01-23 10:38:16
Module: queryArray
array (
  'partnerInn' => '071500447611',
  'page' => '1',
)
#0: KPLab\API\V2\Controller\Partners->getSellersAction
	
#1: ReflectionMethod->invokeArgs
	/home/bitrix/www/bitrix/modules/main/lib/engine/autowire/binder.php:207
#2: Bitrix\Main\Engine\AutoWire\Binder->invoke
	/home/bitrix/www/bitrix/modules/main/lib/engine/action.php:117
#3: Bitrix\Main\Engine\Action->runWithSourceParametersList
	/home/bitrix/www/bitrix/modules/main/lib/engine/controller.php:425
#4: Bitrix\Main\Engine\Controller->run
	/home/bitrix/www/bitrix/modules/main/lib/httpapplication.php:141
#5: Bitrix\Main\HttpApplication->runController
	/home/bitrix/www/bitrix/modules/main/include/routing_index.php:135
----------
Host: crm.seller-capital.ru:443
Date: 2025-01-23 10:38:16
Module: referralId
48919
#0: KPLab\API\V2\Controller\Partners->getSellersAction
	
#1: ReflectionMethod->invokeArgs
	/home/bitrix/www/bitrix/modules/main/lib/engine/autowire/binder.php:207
#2: Bitrix\Main\Engine\AutoWire\Binder->invoke
	/home/bitrix/www/bitrix/modules/main/lib/engine/action.php:117
#3: Bitrix\Main\Engine\Action->runWithSourceParametersList
	/home/bitrix/www/bitrix/modules/main/lib/engine/controller.php:425
#4: Bitrix\Main\Engine\Controller->run
	/home/bitrix/www/bitrix/modules/main/lib/httpapplication.php:141
#5: Bitrix\Main\HttpApplication->runController
	/home/bitrix/www/bitrix/modules/main/include/routing_index.php:135
----------
Host: crm.seller-capital.ru:443
Date: 2025-01-23 10:40:25
Module: queryArray
array (
  'partnerInn' => '071500447611',
  'page' => '1',
)
#0: KPLab\API\V2\Controller\Partners->getSellersAction
	
#1: ReflectionMethod->invokeArgs
	/home/bitrix/www/bitrix/modules/main/lib/engine/autowire/binder.php:207
#2: Bitrix\Main\Engine\AutoWire\Binder->invoke
	/home/bitrix/www/bitrix/modules/main/lib/engine/action.php:117
#3: Bitrix\Main\Engine\Action->runWithSourceParametersList
	/home/bitrix/www/bitrix/modules/main/lib/engine/controller.php:425
#4: Bitrix\Main\Engine\Controller->run
	/home/bitrix/www/bitrix/modules/main/lib/httpapplication.php:141
#5: Bitrix\Main\HttpApplication->runController
	/home/bitrix/www/bitrix/modules/main/include/routing_index.php:135
----------
Host: crm.seller-capital.ru:443
Date: 2025-01-23 10:40:26
Module: referralId
48919
#0: KPLab\API\V2\Controller\Partners->getSellersAction
	
#1: ReflectionMethod->invokeArgs
	/home/bitrix/www/bitrix/modules/main/lib/engine/autowire/binder.php:207
#2: Bitrix\Main\Engine\AutoWire\Binder->invoke
	/home/bitrix/www/bitrix/modules/main/lib/engine/action.php:117
#3: Bitrix\Main\Engine\Action->runWithSourceParametersList
	/home/bitrix/www/bitrix/modules/main/lib/engine/controller.php:425
#4: Bitrix\Main\Engine\Controller->run
	/home/bitrix/www/bitrix/modules/main/lib/httpapplication.php:141
#5: Bitrix\Main\HttpApplication->runController
	/home/bitrix/www/bitrix/modules/main/include/routing_index.php:135
----------
Host: crm.seller-capital.ru:443
Date: 2025-01-23 10:42:38
Module: queryArray
array (
  'partnerInn' => '071500447611',
  'page' => '1',
)
#0: KPLab\API\V2\Controller\Partners->getSellersAction
	
#1: ReflectionMethod->invokeArgs
	/home/bitrix/www/bitrix/modules/main/lib/engine/autowire/binder.php:207
#2: Bitrix\Main\Engine\AutoWire\Binder->invoke
	/home/bitrix/www/bitrix/modules/main/lib/engine/action.php:117
#3: Bitrix\Main\Engine\Action->runWithSourceParametersList
	/home/bitrix/www/bitrix/modules/main/lib/engine/controller.php:425
#4: Bitrix\Main\Engine\Controller->run
	/home/bitrix/www/bitrix/modules/main/lib/httpapplication.php:141
#5: Bitrix\Main\HttpApplication->runController
	/home/bitrix/www/bitrix/modules/main/include/routing_index.php:135
----------
Host: crm.seller-capital.ru:443
Date: 2025-01-23 10:42:39
Module: referralId
48919
#0: KPLab\API\V2\Controller\Partners->getSellersAction
	
#1: ReflectionMethod->invokeArgs
	/home/bitrix/www/bitrix/modules/main/lib/engine/autowire/binder.php:207
#2: Bitrix\Main\Engine\AutoWire\Binder->invoke
	/home/bitrix/www/bitrix/modules/main/lib/engine/action.php:117
#3: Bitrix\Main\Engine\Action->runWithSourceParametersList
	/home/bitrix/www/bitrix/modules/main/lib/engine/controller.php:425
#4: Bitrix\Main\Engine\Controller->run
	/home/bitrix/www/bitrix/modules/main/lib/httpapplication.php:141
#5: Bitrix\Main\HttpApplication->runController
	/home/bitrix/www/bitrix/modules/main/include/routing_index.php:135
----------
Host: crm.seller-capital.ru:443
Date: 2025-01-23 10:44:40
Module: queryArray
array (
  'partnerInn' => '770265064878',
  'page' => '1',
)
#0: KPLab\API\V2\Controller\Partners->getSellersAction
	
#1: ReflectionMethod->invokeArgs
	/home/bitrix/www/bitrix/modules/main/lib/engine/autowire/binder.php:207
#2: Bitrix\Main\Engine\AutoWire\Binder->invoke
	/home/bitrix/www/bitrix/modules/main/lib/engine/action.php:117
#3: Bitrix\Main\Engine\Action->runWithSourceParametersList
	/home/bitrix/www/bitrix/modules/main/lib/engine/controller.php:425
#4: Bitrix\Main\Engine\Controller->run
	/home/bitrix/www/bitrix/modules/main/lib/httpapplication.php:141
#5: Bitrix\Main\HttpApplication->runController
	/home/bitrix/www/bitrix/modules/main/include/routing_index.php:135
----------
Host: crm.seller-capital.ru:443
Date: 2025-01-23 10:44:41
Module: referralId
46673
#0: KPLab\API\V2\Controller\Partners->getSellersAction
	
#1: ReflectionMethod->invokeArgs
	/home/bitrix/www/bitrix/modules/main/lib/engine/autowire/binder.php:207
#2: Bitrix\Main\Engine\AutoWire\Binder->invoke
	/home/bitrix/www/bitrix/modules/main/lib/engine/action.php:117
#3: Bitrix\Main\Engine\Action->runWithSourceParametersList
	/home/bitrix/www/bitrix/modules/main/lib/engine/controller.php:425
#4: Bitrix\Main\Engine\Controller->run
	/home/bitrix/www/bitrix/modules/main/lib/httpapplication.php:141
#5: Bitrix\Main\HttpApplication->runController
	/home/bitrix/www/bitrix/modules/main/include/routing_index.php:135
----------
Host: crm.seller-capital.ru:443
Date: 2025-01-23 10:45:38
Module: queryArray
array (
  'partnerInn' => '770265064878',
  'page' => '1',
)
#0: KPLab\API\V2\Controller\Partners->getSellersAction
	
#1: ReflectionMethod->invokeArgs
	/home/bitrix/www/bitrix/modules/main/lib/engine/autowire/binder.php:207
#2: Bitrix\Main\Engine\AutoWire\Binder->invoke
	/home/bitrix/www/bitrix/modules/main/lib/engine/action.php:117
#3: Bitrix\Main\Engine\Action->runWithSourceParametersList
	/home/bitrix/www/bitrix/modules/main/lib/engine/controller.php:425
#4: Bitrix\Main\Engine\Controller->run
	/home/bitrix/www/bitrix/modules/main/lib/httpapplication.php:141
#5: Bitrix\Main\HttpApplication->runController
	/home/bitrix/www/bitrix/modules/main/include/routing_index.php:135
----------
Host: crm.seller-capital.ru:443
Date: 2025-01-23 10:45:38
Module: referralId
46673
#0: KPLab\API\V2\Controller\Partners->getSellersAction
	
#1: ReflectionMethod->invokeArgs
	/home/bitrix/www/bitrix/modules/main/lib/engine/autowire/binder.php:207
#2: Bitrix\Main\Engine\AutoWire\Binder->invoke
	/home/bitrix/www/bitrix/modules/main/lib/engine/action.php:117
#3: Bitrix\Main\Engine\Action->runWithSourceParametersList
	/home/bitrix/www/bitrix/modules/main/lib/engine/controller.php:425
#4: Bitrix\Main\Engine\Controller->run
	/home/bitrix/www/bitrix/modules/main/lib/httpapplication.php:141
#5: Bitrix\Main\HttpApplication->runController
	/home/bitrix/www/bitrix/modules/main/include/routing_index.php:135
----------
Host: crm.seller-capital.ru:443
Date: 2025-01-23 11:12:32
Module: queryArray
array (
  'partnerInn' => '632132137441',
  'page' => '1',
)
#0: KPLab\API\V2\Controller\Partners->getSellersAction
	
#1: ReflectionMethod->invokeArgs
	/home/bitrix/www/bitrix/modules/main/lib/engine/autowire/binder.php:207
#2: Bitrix\Main\Engine\AutoWire\Binder->invoke
	/home/bitrix/www/bitrix/modules/main/lib/engine/action.php:117
#3: Bitrix\Main\Engine\Action->runWithSourceParametersList
	/home/bitrix/www/bitrix/modules/main/lib/engine/controller.php:425
#4: Bitrix\Main\Engine\Controller->run
	/home/bitrix/www/bitrix/modules/main/lib/httpapplication.php:141
#5: Bitrix\Main\HttpApplication->runController
	/home/bitrix/www/bitrix/modules/main/include/routing_index.php:135
----------
Host: crm.seller-capital.ru:443
Date: 2025-01-23 11:12:32
Module: referralId
46515
#0: KPLab\API\V2\Controller\Partners->getSellersAction
	
#1: ReflectionMethod->invokeArgs
	/home/bitrix/www/bitrix/modules/main/lib/engine/autowire/binder.php:207
#2: Bitrix\Main\Engine\AutoWire\Binder->invoke
	/home/bitrix/www/bitrix/modules/main/lib/engine/action.php:117
#3: Bitrix\Main\Engine\Action->runWithSourceParametersList
	/home/bitrix/www/bitrix/modules/main/lib/engine/controller.php:425
#4: Bitrix\Main\Engine\Controller->run
	/home/bitrix/www/bitrix/modules/main/lib/httpapplication.php:141
#5: Bitrix\Main\HttpApplication->runController
	/home/bitrix/www/bitrix/modules/main/include/routing_index.php:135
----------
Host: crm.seller-capital.ru:443
Date: 2025-01-23 11:12:33
Module: queryArray
array (
  'partnerInn' => '632132137441',
  'page' => '1',
)
#0: KPLab\API\V2\Controller\Partners->getSellersAction
	
#1: ReflectionMethod->invokeArgs
	/home/bitrix/www/bitrix/modules/main/lib/engine/autowire/binder.php:207
#2: Bitrix\Main\Engine\AutoWire\Binder->invoke
	/home/bitrix/www/bitrix/modules/main/lib/engine/action.php:117
#3: Bitrix\Main\Engine\Action->runWithSourceParametersList
	/home/bitrix/www/bitrix/modules/main/lib/engine/controller.php:425
#4: Bitrix\Main\Engine\Controller->run
	/home/bitrix/www/bitrix/modules/main/lib/httpapplication.php:141
#5: Bitrix\Main\HttpApplication->runController
	/home/bitrix/www/bitrix/modules/main/include/routing_index.php:135
----------
Host: crm.seller-capital.ru:443
Date: 2025-01-23 11:12:33
Module: referralId
46515
#0: KPLab\API\V2\Controller\Partners->getSellersAction
	
#1: ReflectionMethod->invokeArgs
	/home/bitrix/www/bitrix/modules/main/lib/engine/autowire/binder.php:207
#2: Bitrix\Main\Engine\AutoWire\Binder->invoke
	/home/bitrix/www/bitrix/modules/main/lib/engine/action.php:117
#3: Bitrix\Main\Engine\Action->runWithSourceParametersList
	/home/bitrix/www/bitrix/modules/main/lib/engine/controller.php:425
#4: Bitrix\Main\Engine\Controller->run
	/home/bitrix/www/bitrix/modules/main/lib/httpapplication.php:141
#5: Bitrix\Main\HttpApplication->runController
	/home/bitrix/www/bitrix/modules/main/include/routing_index.php:135
----------
Host: crm.seller-capital.ru:443
Date: 2025-01-23 11:12:33
Module: queryArray
array (
  'partnerInn' => '632132137441',
  'page' => '51',
  'status' => 'all',
)
#0: KPLab\API\V2\Controller\Partners->getSellersAction
	
#1: ReflectionMethod->invokeArgs
	/home/bitrix/www/bitrix/modules/main/lib/engine/autowire/binder.php:207
#2: Bitrix\Main\Engine\AutoWire\Binder->invoke
	/home/bitrix/www/bitrix/modules/main/lib/engine/action.php:117
#3: Bitrix\Main\Engine\Action->runWithSourceParametersList
	/home/bitrix/www/bitrix/modules/main/lib/engine/controller.php:425
#4: Bitrix\Main\Engine\Controller->run
	/home/bitrix/www/bitrix/modules/main/lib/httpapplication.php:141
#5: Bitrix\Main\HttpApplication->runController
	/home/bitrix/www/bitrix/modules/main/include/routing_index.php:135
----------
Host: crm.seller-capital.ru:443
Date: 2025-01-23 11:12:33
Module: referralId
46515
#0: KPLab\API\V2\Controller\Partners->getSellersAction
	
#1: ReflectionMethod->invokeArgs
	/home/bitrix/www/bitrix/modules/main/lib/engine/autowire/binder.php:207
#2: Bitrix\Main\Engine\AutoWire\Binder->invoke
	/home/bitrix/www/bitrix/modules/main/lib/engine/action.php:117
#3: Bitrix\Main\Engine\Action->runWithSourceParametersList
	/home/bitrix/www/bitrix/modules/main/lib/engine/controller.php:425
#4: Bitrix\Main\Engine\Controller->run
	/home/bitrix/www/bitrix/modules/main/lib/httpapplication.php:141
#5: Bitrix\Main\HttpApplication->runController
	/home/bitrix/www/bitrix/modules/main/include/routing_index.php:135
----------
Host: crm.seller-capital.ru:443
Date: 2025-01-23 11:12:38
Module: queryArray
array (
  'partnerInn' => '632132137441',
  'page' => '51',
  'status' => 'all',
)
#0: KPLab\API\V2\Controller\Partners->getSellersAction
	
#1: ReflectionMethod->invokeArgs
	/home/bitrix/www/bitrix/modules/main/lib/engine/autowire/binder.php:207
#2: Bitrix\Main\Engine\AutoWire\Binder->invoke
	/home/bitrix/www/bitrix/modules/main/lib/engine/action.php:117
#3: Bitrix\Main\Engine\Action->runWithSourceParametersList
	/home/bitrix/www/bitrix/modules/main/lib/engine/controller.php:425
#4: Bitrix\Main\Engine\Controller->run
	/home/bitrix/www/bitrix/modules/main/lib/httpapplication.php:141
#5: Bitrix\Main\HttpApplication->runController
	/home/bitrix/www/bitrix/modules/main/include/routing_index.php:135
----------
Host: crm.seller-capital.ru:443
Date: 2025-01-23 11:12:39
Module: referralId
46515
#0: KPLab\API\V2\Controller\Partners->getSellersAction
	
#1: ReflectionMethod->invokeArgs
	/home/bitrix/www/bitrix/modules/main/lib/engine/autowire/binder.php:207
#2: Bitrix\Main\Engine\AutoWire\Binder->invoke
	/home/bitrix/www/bitrix/modules/main/lib/engine/action.php:117
#3: Bitrix\Main\Engine\Action->runWithSourceParametersList
	/home/bitrix/www/bitrix/modules/main/lib/engine/controller.php:425
#4: Bitrix\Main\Engine\Controller->run
	/home/bitrix/www/bitrix/modules/main/lib/httpapplication.php:141
#5: Bitrix\Main\HttpApplication->runController
	/home/bitrix/www/bitrix/modules/main/include/routing_index.php:135
----------
Host: crm.seller-capital.ru:443
Date: 2025-01-23 11:12:48
Module: queryArray
array (
  'partnerInn' => '632132137441',
  'page' => '1',
)
#0: KPLab\API\V2\Controller\Partners->getSellersAction
	
#1: ReflectionMethod->invokeArgs
	/home/bitrix/www/bitrix/modules/main/lib/engine/autowire/binder.php:207
#2: Bitrix\Main\Engine\AutoWire\Binder->invoke
	/home/bitrix/www/bitrix/modules/main/lib/engine/action.php:117
#3: Bitrix\Main\Engine\Action->runWithSourceParametersList
	/home/bitrix/www/bitrix/modules/main/lib/engine/controller.php:425
#4: Bitrix\Main\Engine\Controller->run
	/home/bitrix/www/bitrix/modules/main/lib/httpapplication.php:141
#5: Bitrix\Main\HttpApplication->runController
	/home/bitrix/www/bitrix/modules/main/include/routing_index.php:135
----------
Host: crm.seller-capital.ru:443
Date: 2025-01-23 11:12:48
Module: referralId
46515
#0: KPLab\API\V2\Controller\Partners->getSellersAction
	
#1: ReflectionMethod->invokeArgs
	/home/bitrix/www/bitrix/modules/main/lib/engine/autowire/binder.php:207
#2: Bitrix\Main\Engine\AutoWire\Binder->invoke
	/home/bitrix/www/bitrix/modules/main/lib/engine/action.php:117
#3: Bitrix\Main\Engine\Action->runWithSourceParametersList
	/home/bitrix/www/bitrix/modules/main/lib/engine/controller.php:425
#4: Bitrix\Main\Engine\Controller->run
	/home/bitrix/www/bitrix/modules/main/lib/httpapplication.php:141
#5: Bitrix\Main\HttpApplication->runController
	/home/bitrix/www/bitrix/modules/main/include/routing_index.php:135
----------
Host: crm.seller-capital.ru:443
Date: 2025-01-23 11:12:49
Module: queryArray
array (
  'partnerInn' => '632132137441',
  'page' => '51',
  'status' => 'all',
)
#0: KPLab\API\V2\Controller\Partners->getSellersAction
	
#1: ReflectionMethod->invokeArgs
	/home/bitrix/www/bitrix/modules/main/lib/engine/autowire/binder.php:207
#2: Bitrix\Main\Engine\AutoWire\Binder->invoke
	/home/bitrix/www/bitrix/modules/main/lib/engine/action.php:117
#3: Bitrix\Main\Engine\Action->runWithSourceParametersList
	/home/bitrix/www/bitrix/modules/main/lib/engine/controller.php:425
#4: Bitrix\Main\Engine\Controller->run
	/home/bitrix/www/bitrix/modules/main/lib/httpapplication.php:141
#5: Bitrix\Main\HttpApplication->runController
	/home/bitrix/www/bitrix/modules/main/include/routing_index.php:135
----------
Host: crm.seller-capital.ru:443
Date: 2025-01-23 11:12:49
Module: referralId
46515
#0: KPLab\API\V2\Controller\Partners->getSellersAction
	
#1: ReflectionMethod->invokeArgs
	/home/bitrix/www/bitrix/modules/main/lib/engine/autowire/binder.php:207
#2: Bitrix\Main\Engine\AutoWire\Binder->invoke
	/home/bitrix/www/bitrix/modules/main/lib/engine/action.php:117
#3: Bitrix\Main\Engine\Action->runWithSourceParametersList
	/home/bitrix/www/bitrix/modules/main/lib/engine/controller.php:425
#4: Bitrix\Main\Engine\Controller->run
	/home/bitrix/www/bitrix/modules/main/lib/httpapplication.php:141
#5: Bitrix\Main\HttpApplication->runController
	/home/bitrix/www/bitrix/modules/main/include/routing_index.php:135
----------
Host: crm.seller-capital.ru:443
Date: 2025-01-23 11:14:21
Module: queryArray
array (
  'partnerInn' => '745215714922',
  'page' => '1',
)
#0: KPLab\API\V2\Controller\Partners->getSellersAction
	
#1: ReflectionMethod->invokeArgs
	/home/bitrix/www/bitrix/modules/main/lib/engine/autowire/binder.php:207
#2: Bitrix\Main\Engine\AutoWire\Binder->invoke
	/home/bitrix/www/bitrix/modules/main/lib/engine/action.php:117
#3: Bitrix\Main\Engine\Action->runWithSourceParametersList
	/home/bitrix/www/bitrix/modules/main/lib/engine/controller.php:425
#4: Bitrix\Main\Engine\Controller->run
	/home/bitrix/www/bitrix/modules/main/lib/httpapplication.php:141
#5: Bitrix\Main\HttpApplication->runController
	/home/bitrix/www/bitrix/modules/main/include/routing_index.php:135
----------
Host: crm.seller-capital.ru:443
Date: 2025-01-23 11:14:21
Module: referralId
53864
#0: KPLab\API\V2\Controller\Partners->getSellersAction
	
#1: ReflectionMethod->invokeArgs
	/home/bitrix/www/bitrix/modules/main/lib/engine/autowire/binder.php:207
#2: Bitrix\Main\Engine\AutoWire\Binder->invoke
	/home/bitrix/www/bitrix/modules/main/lib/engine/action.php:117
#3: Bitrix\Main\Engine\Action->runWithSourceParametersList
	/home/bitrix/www/bitrix/modules/main/lib/engine/controller.php:425
#4: Bitrix\Main\Engine\Controller->run
	/home/bitrix/www/bitrix/modules/main/lib/httpapplication.php:141
#5: Bitrix\Main\HttpApplication->runController
	/home/bitrix/www/bitrix/modules/main/include/routing_index.php:135
----------
Host: crm.seller-capital.ru:443
Date: 2025-01-23 11:14:25
Module: queryArray
array (
  'partnerInn' => '632132137441',
  'page' => '1',
)
#0: KPLab\API\V2\Controller\Partners->getSellersAction
	
#1: ReflectionMethod->invokeArgs
	/home/bitrix/www/bitrix/modules/main/lib/engine/autowire/binder.php:207
#2: Bitrix\Main\Engine\AutoWire\Binder->invoke
	/home/bitrix/www/bitrix/modules/main/lib/engine/action.php:117
#3: Bitrix\Main\Engine\Action->runWithSourceParametersList
	/home/bitrix/www/bitrix/modules/main/lib/engine/controller.php:425
#4: Bitrix\Main\Engine\Controller->run
	/home/bitrix/www/bitrix/modules/main/lib/httpapplication.php:141
#5: Bitrix\Main\HttpApplication->runController
	/home/bitrix/www/bitrix/modules/main/include/routing_index.php:135
----------
Host: crm.seller-capital.ru:443
Date: 2025-01-23 11:14:26
Module: referralId
46515
#0: KPLab\API\V2\Controller\Partners->getSellersAction
	
#1: ReflectionMethod->invokeArgs
	/home/bitrix/www/bitrix/modules/main/lib/engine/autowire/binder.php:207
#2: Bitrix\Main\Engine\AutoWire\Binder->invoke
	/home/bitrix/www/bitrix/modules/main/lib/engine/action.php:117
#3: Bitrix\Main\Engine\Action->runWithSourceParametersList
	/home/bitrix/www/bitrix/modules/main/lib/engine/controller.php:425
#4: Bitrix\Main\Engine\Controller->run
	/home/bitrix/www/bitrix/modules/main/lib/httpapplication.php:141
#5: Bitrix\Main\HttpApplication->runController
	/home/bitrix/www/bitrix/modules/main/include/routing_index.php:135
----------
Host: crm.seller-capital.ru:443
Date: 2025-01-23 11:14:26
Module: queryArray
array (
  'partnerInn' => '632132137441',
  'page' => '51',
  'status' => 'all',
)
#0: KPLab\API\V2\Controller\Partners->getSellersAction
	
#1: ReflectionMethod->invokeArgs
	/home/bitrix/www/bitrix/modules/main/lib/engine/autowire/binder.php:207
#2: Bitrix\Main\Engine\AutoWire\Binder->invoke
	/home/bitrix/www/bitrix/modules/main/lib/engine/action.php:117
#3: Bitrix\Main\Engine\Action->runWithSourceParametersList
	/home/bitrix/www/bitrix/modules/main/lib/engine/controller.php:425
#4: Bitrix\Main\Engine\Controller->run
	/home/bitrix/www/bitrix/modules/main/lib/httpapplication.php:141
#5: Bitrix\Main\HttpApplication->runController
	/home/bitrix/www/bitrix/modules/main/include/routing_index.php:135
----------
Host: crm.seller-capital.ru:443
Date: 2025-01-23 11:14:26
Module: referralId
46515
#0: KPLab\API\V2\Controller\Partners->getSellersAction
	
#1: ReflectionMethod->invokeArgs
	/home/bitrix/www/bitrix/modules/main/lib/engine/autowire/binder.php:207
#2: Bitrix\Main\Engine\AutoWire\Binder->invoke
	/home/bitrix/www/bitrix/modules/main/lib/engine/action.php:117
#3: Bitrix\Main\Engine\Action->runWithSourceParametersList
	/home/bitrix/www/bitrix/modules/main/lib/engine/controller.php:425
#4: Bitrix\Main\Engine\Controller->run
	/home/bitrix/www/bitrix/modules/main/lib/httpapplication.php:141
#5: Bitrix\Main\HttpApplication->runController
	/home/bitrix/www/bitrix/modules/main/include/routing_index.php:135
----------
Host: crm.seller-capital.ru:443
Date: 2025-01-23 11:14:33
Module: queryArray
array (
  'partnerInn' => '632132137441',
  'page' => '1',
)
#0: KPLab\API\V2\Controller\Partners->getSellersAction
	
#1: ReflectionMethod->invokeArgs
	/home/bitrix/www/bitrix/modules/main/lib/engine/autowire/binder.php:207
#2: Bitrix\Main\Engine\AutoWire\Binder->invoke
	/home/bitrix/www/bitrix/modules/main/lib/engine/action.php:117
#3: Bitrix\Main\Engine\Action->runWithSourceParametersList
	/home/bitrix/www/bitrix/modules/main/lib/engine/controller.php:425
#4: Bitrix\Main\Engine\Controller->run
	/home/bitrix/www/bitrix/modules/main/lib/httpapplication.php:141
#5: Bitrix\Main\HttpApplication->runController
	/home/bitrix/www/bitrix/modules/main/include/routing_index.php:135
----------
Host: crm.seller-capital.ru:443
Date: 2025-01-23 11:14:33
Module: referralId
46515
#0: KPLab\API\V2\Controller\Partners->getSellersAction
	
#1: ReflectionMethod->invokeArgs
	/home/bitrix/www/bitrix/modules/main/lib/engine/autowire/binder.php:207
#2: Bitrix\Main\Engine\AutoWire\Binder->invoke
	/home/bitrix/www/bitrix/modules/main/lib/engine/action.php:117
#3: Bitrix\Main\Engine\Action->runWithSourceParametersList
	/home/bitrix/www/bitrix/modules/main/lib/engine/controller.php:425
#4: Bitrix\Main\Engine\Controller->run
	/home/bitrix/www/bitrix/modules/main/lib/httpapplication.php:141
#5: Bitrix\Main\HttpApplication->runController
	/home/bitrix/www/bitrix/modules/main/include/routing_index.php:135
----------
Host: crm.seller-capital.ru:443
Date: 2025-01-23 11:14:33
Module: queryArray
array (
  'partnerInn' => '632132137441',
  'page' => '51',
  'status' => 'all',
)
#0: KPLab\API\V2\Controller\Partners->getSellersAction
	
#1: ReflectionMethod->invokeArgs
	/home/bitrix/www/bitrix/modules/main/lib/engine/autowire/binder.php:207
#2: Bitrix\Main\Engine\AutoWire\Binder->invoke
	/home/bitrix/www/bitrix/modules/main/lib/engine/action.php:117
#3: Bitrix\Main\Engine\Action->runWithSourceParametersList
	/home/bitrix/www/bitrix/modules/main/lib/engine/controller.php:425
#4: Bitrix\Main\Engine\Controller->run
	/home/bitrix/www/bitrix/modules/main/lib/httpapplication.php:141
#5: Bitrix\Main\HttpApplication->runController
	/home/bitrix/www/bitrix/modules/main/include/routing_index.php:135
----------
Host: crm.seller-capital.ru:443
Date: 2025-01-23 11:14:34
Module: referralId
46515
#0: KPLab\API\V2\Controller\Partners->getSellersAction
	
#1: ReflectionMethod->invokeArgs
	/home/bitrix/www/bitrix/modules/main/lib/engine/autowire/binder.php:207
#2: Bitrix\Main\Engine\AutoWire\Binder->invoke
	/home/bitrix/www/bitrix/modules/main/lib/engine/action.php:117
#3: Bitrix\Main\Engine\Action->runWithSourceParametersList
	/home/bitrix/www/bitrix/modules/main/lib/engine/controller.php:425
#4: Bitrix\Main\Engine\Controller->run
	/home/bitrix/www/bitrix/modules/main/lib/httpapplication.php:141
#5: Bitrix\Main\HttpApplication->runController
	/home/bitrix/www/bitrix/modules/main/include/routing_index.php:135
----------
Host: crm.seller-capital.ru:443
Date: 2025-01-23 11:14:40
Module: queryArray
array (
  'partnerInn' => '632132137441',
  'page' => '1',
)
#0: KPLab\API\V2\Controller\Partners->getSellersAction
	
#1: ReflectionMethod->invokeArgs
	/home/bitrix/www/bitrix/modules/main/lib/engine/autowire/binder.php:207
#2: Bitrix\Main\Engine\AutoWire\Binder->invoke
	/home/bitrix/www/bitrix/modules/main/lib/engine/action.php:117
#3: Bitrix\Main\Engine\Action->runWithSourceParametersList
	/home/bitrix/www/bitrix/modules/main/lib/engine/controller.php:425
#4: Bitrix\Main\Engine\Controller->run
	/home/bitrix/www/bitrix/modules/main/lib/httpapplication.php:141
#5: Bitrix\Main\HttpApplication->runController
	/home/bitrix/www/bitrix/modules/main/include/routing_index.php:135
----------
Host: crm.seller-capital.ru:443
Date: 2025-01-23 11:14:40
Module: referralId
46515
#0: KPLab\API\V2\Controller\Partners->getSellersAction
	
#1: ReflectionMethod->invokeArgs
	/home/bitrix/www/bitrix/modules/main/lib/engine/autowire/binder.php:207
#2: Bitrix\Main\Engine\AutoWire\Binder->invoke
	/home/bitrix/www/bitrix/modules/main/lib/engine/action.php:117
#3: Bitrix\Main\Engine\Action->runWithSourceParametersList
	/home/bitrix/www/bitrix/modules/main/lib/engine/controller.php:425
#4: Bitrix\Main\Engine\Controller->run
	/home/bitrix/www/bitrix/modules/main/lib/httpapplication.php:141
#5: Bitrix\Main\HttpApplication->runController
	/home/bitrix/www/bitrix/modules/main/include/routing_index.php:135
----------
Host: crm.seller-capital.ru:443
Date: 2025-01-23 11:14:41
Module: queryArray
array (
  'partnerInn' => '632132137441',
  'page' => '51',
  'status' => 'all',
)
#0: KPLab\API\V2\Controller\Partners->getSellersAction
	
#1: ReflectionMethod->invokeArgs
	/home/bitrix/www/bitrix/modules/main/lib/engine/autowire/binder.php:207
#2: Bitrix\Main\Engine\AutoWire\Binder->invoke
	/home/bitrix/www/bitrix/modules/main/lib/engine/action.php:117
#3: Bitrix\Main\Engine\Action->runWithSourceParametersList
	/home/bitrix/www/bitrix/modules/main/lib/engine/controller.php:425
#4: Bitrix\Main\Engine\Controller->run
	/home/bitrix/www/bitrix/modules/main/lib/httpapplication.php:141
#5: Bitrix\Main\HttpApplication->runController
	/home/bitrix/www/bitrix/modules/main/include/routing_index.php:135
----------
Host: crm.seller-capital.ru:443
Date: 2025-01-23 11:14:41
Module: referralId
46515
#0: KPLab\API\V2\Controller\Partners->getSellersAction
	
#1: ReflectionMethod->invokeArgs
	/home/bitrix/www/bitrix/modules/main/lib/engine/autowire/binder.php:207
#2: Bitrix\Main\Engine\AutoWire\Binder->invoke
	/home/bitrix/www/bitrix/modules/main/lib/engine/action.php:117
#3: Bitrix\Main\Engine\Action->runWithSourceParametersList
	/home/bitrix/www/bitrix/modules/main/lib/engine/controller.php:425
#4: Bitrix\Main\Engine\Controller->run
	/home/bitrix/www/bitrix/modules/main/lib/httpapplication.php:141
#5: Bitrix\Main\HttpApplication->runController
	/home/bitrix/www/bitrix/modules/main/include/routing_index.php:135
----------
Host: crm.seller-capital.ru:443
Date: 2025-01-23 11:14:44
Module: queryArray
array (
  'partnerInn' => '745215714922',
  'page' => '1',
  'status' => 'refused',
)
#0: KPLab\API\V2\Controller\Partners->getSellersAction
	
#1: ReflectionMethod->invokeArgs
	/home/bitrix/www/bitrix/modules/main/lib/engine/autowire/binder.php:207
#2: Bitrix\Main\Engine\AutoWire\Binder->invoke
	/home/bitrix/www/bitrix/modules/main/lib/engine/action.php:117
#3: Bitrix\Main\Engine\Action->runWithSourceParametersList
	/home/bitrix/www/bitrix/modules/main/lib/engine/controller.php:425
#4: Bitrix\Main\Engine\Controller->run
	/home/bitrix/www/bitrix/modules/main/lib/httpapplication.php:141
#5: Bitrix\Main\HttpApplication->runController
	/home/bitrix/www/bitrix/modules/main/include/routing_index.php:135
----------
Host: crm.seller-capital.ru:443
Date: 2025-01-23 11:14:44
Module: referralId
53864
#0: KPLab\API\V2\Controller\Partners->getSellersAction
	
#1: ReflectionMethod->invokeArgs
	/home/bitrix/www/bitrix/modules/main/lib/engine/autowire/binder.php:207
#2: Bitrix\Main\Engine\AutoWire\Binder->invoke
	/home/bitrix/www/bitrix/modules/main/lib/engine/action.php:117
#3: Bitrix\Main\Engine\Action->runWithSourceParametersList
	/home/bitrix/www/bitrix/modules/main/lib/engine/controller.php:425
#4: Bitrix\Main\Engine\Controller->run
	/home/bitrix/www/bitrix/modules/main/lib/httpapplication.php:141
#5: Bitrix\Main\HttpApplication->runController
	/home/bitrix/www/bitrix/modules/main/include/routing_index.php:135
----------
Host: crm.seller-capital.ru:443
Date: 2025-01-23 11:14:44
Module: arFilter
array (
  '::LOGIC' => 'AND',
  'IBLOCK_ID' => 167,
  '=PROPERTY_REFERRAL_ID' => 53864,
  'PROPERTY_STATUS_VALUE' => 'Отказ',
  '>=PROPERTY_DATE_LEAD' => '2000-01-01T00:00:00',
  '<=PROPERTY_DATE_LEAD' => '2025-01-23T23:59:59',
)
#0: KPLab\API\V2\Controller\Partners->getSellersAction
	
#1: ReflectionMethod->invokeArgs
	/home/bitrix/www/bitrix/modules/main/lib/engine/autowire/binder.php:207
#2: Bitrix\Main\Engine\AutoWire\Binder->invoke
	/home/bitrix/www/bitrix/modules/main/lib/engine/action.php:117
#3: Bitrix\Main\Engine\Action->runWithSourceParametersList
	/home/bitrix/www/bitrix/modules/main/lib/engine/controller.php:425
#4: Bitrix\Main\Engine\Controller->run
	/home/bitrix/www/bitrix/modules/main/lib/httpapplication.php:141
#5: Bitrix\Main\HttpApplication->runController
	/home/bitrix/www/bitrix/modules/main/include/routing_index.php:135
----------
Host: crm.seller-capital.ru:443
Date: 2025-01-23 11:14:59
Module: queryArray
array (
  'partnerInn' => '745215714922',
  'page' => '1',
  'status' => 'all',
)
#0: KPLab\API\V2\Controller\Partners->getSellersAction
	
#1: ReflectionMethod->invokeArgs
	/home/bitrix/www/bitrix/modules/main/lib/engine/autowire/binder.php:207
#2: Bitrix\Main\Engine\AutoWire\Binder->invoke
	/home/bitrix/www/bitrix/modules/main/lib/engine/action.php:117
#3: Bitrix\Main\Engine\Action->runWithSourceParametersList
	/home/bitrix/www/bitrix/modules/main/lib/engine/controller.php:425
#4: Bitrix\Main\Engine\Controller->run
	/home/bitrix/www/bitrix/modules/main/lib/httpapplication.php:141
#5: Bitrix\Main\HttpApplication->runController
	/home/bitrix/www/bitrix/modules/main/include/routing_index.php:135
----------
Host: crm.seller-capital.ru:443
Date: 2025-01-23 11:14:59
Module: referralId
53864
#0: KPLab\API\V2\Controller\Partners->getSellersAction
	
#1: ReflectionMethod->invokeArgs
	/home/bitrix/www/bitrix/modules/main/lib/engine/autowire/binder.php:207
#2: Bitrix\Main\Engine\AutoWire\Binder->invoke
	/home/bitrix/www/bitrix/modules/main/lib/engine/action.php:117
#3: Bitrix\Main\Engine\Action->runWithSourceParametersList
	/home/bitrix/www/bitrix/modules/main/lib/engine/controller.php:425
#4: Bitrix\Main\Engine\Controller->run
	/home/bitrix/www/bitrix/modules/main/lib/httpapplication.php:141
#5: Bitrix\Main\HttpApplication->runController
	/home/bitrix/www/bitrix/modules/main/include/routing_index.php:135
----------
Host: crm.seller-capital.ru:443
Date: 2025-01-23 11:15:18
Module: queryArray
array (
  'partnerInn' => '632132137441',
  'page' => '1',
)
#0: KPLab\API\V2\Controller\Partners->getSellersAction
	
#1: ReflectionMethod->invokeArgs
	/home/bitrix/www/bitrix/modules/main/lib/engine/autowire/binder.php:207
#2: Bitrix\Main\Engine\AutoWire\Binder->invoke
	/home/bitrix/www/bitrix/modules/main/lib/engine/action.php:117
#3: Bitrix\Main\Engine\Action->runWithSourceParametersList
	/home/bitrix/www/bitrix/modules/main/lib/engine/controller.php:425
#4: Bitrix\Main\Engine\Controller->run
	/home/bitrix/www/bitrix/modules/main/lib/httpapplication.php:141
#5: Bitrix\Main\HttpApplication->runController
	/home/bitrix/www/bitrix/modules/main/include/routing_index.php:135
----------
Host: crm.seller-capital.ru:443
Date: 2025-01-23 11:15:18
Module: referralId
46515
#0: KPLab\API\V2\Controller\Partners->getSellersAction
	
#1: ReflectionMethod->invokeArgs
	/home/bitrix/www/bitrix/modules/main/lib/engine/autowire/binder.php:207
#2: Bitrix\Main\Engine\AutoWire\Binder->invoke
	/home/bitrix/www/bitrix/modules/main/lib/engine/action.php:117
#3: Bitrix\Main\Engine\Action->runWithSourceParametersList
	/home/bitrix/www/bitrix/modules/main/lib/engine/controller.php:425
#4: Bitrix\Main\Engine\Controller->run
	/home/bitrix/www/bitrix/modules/main/lib/httpapplication.php:141
#5: Bitrix\Main\HttpApplication->runController
	/home/bitrix/www/bitrix/modules/main/include/routing_index.php:135
----------
Host: crm.seller-capital.ru:443
Date: 2025-01-23 11:15:18
Module: queryArray
array (
  'partnerInn' => '632132137441',
  'page' => '51',
  'status' => 'all',
)
#0: KPLab\API\V2\Controller\Partners->getSellersAction
	
#1: ReflectionMethod->invokeArgs
	/home/bitrix/www/bitrix/modules/main/lib/engine/autowire/binder.php:207
#2: Bitrix\Main\Engine\AutoWire\Binder->invoke
	/home/bitrix/www/bitrix/modules/main/lib/engine/action.php:117
#3: Bitrix\Main\Engine\Action->runWithSourceParametersList
	/home/bitrix/www/bitrix/modules/main/lib/engine/controller.php:425
#4: Bitrix\Main\Engine\Controller->run
	/home/bitrix/www/bitrix/modules/main/lib/httpapplication.php:141
#5: Bitrix\Main\HttpApplication->runController
	/home/bitrix/www/bitrix/modules/main/include/routing_index.php:135
----------
Host: crm.seller-capital.ru:443
Date: 2025-01-23 11:15:19
Module: referralId
46515
#0: KPLab\API\V2\Controller\Partners->getSellersAction
	
#1: ReflectionMethod->invokeArgs
	/home/bitrix/www/bitrix/modules/main/lib/engine/autowire/binder.php:207
#2: Bitrix\Main\Engine\AutoWire\Binder->invoke
	/home/bitrix/www/bitrix/modules/main/lib/engine/action.php:117
#3: Bitrix\Main\Engine\Action->runWithSourceParametersList
	/home/bitrix/www/bitrix/modules/main/lib/engine/controller.php:425
#4: Bitrix\Main\Engine\Controller->run
	/home/bitrix/www/bitrix/modules/main/lib/httpapplication.php:141
#5: Bitrix\Main\HttpApplication->runController
	/home/bitrix/www/bitrix/modules/main/include/routing_index.php:135
----------
Host: crm.seller-capital.ru:443
Date: 2025-01-23 11:25:30
Module: queryArray
array (
  'partnerInn' => '722020775971',
  'page' => '1',
)
#0: KPLab\API\V2\Controller\Partners->getSellersAction
	
#1: ReflectionMethod->invokeArgs
	/home/bitrix/www/bitrix/modules/main/lib/engine/autowire/binder.php:207
#2: Bitrix\Main\Engine\AutoWire\Binder->invoke
	/home/bitrix/www/bitrix/modules/main/lib/engine/action.php:117
#3: Bitrix\Main\Engine\Action->runWithSourceParametersList
	/home/bitrix/www/bitrix/modules/main/lib/engine/controller.php:425
#4: Bitrix\Main\Engine\Controller->run
	/home/bitrix/www/bitrix/modules/main/lib/httpapplication.php:141
#5: Bitrix\Main\HttpApplication->runController
	/home/bitrix/www/bitrix/modules/main/include/routing_index.php:135
----------
Host: crm.seller-capital.ru:443
Date: 2025-01-23 11:25:30
Module: referralId
33039
#0: KPLab\API\V2\Controller\Partners->getSellersAction
	
#1: ReflectionMethod->invokeArgs
	/home/bitrix/www/bitrix/modules/main/lib/engine/autowire/binder.php:207
#2: Bitrix\Main\Engine\AutoWire\Binder->invoke
	/home/bitrix/www/bitrix/modules/main/lib/engine/action.php:117
#3: Bitrix\Main\Engine\Action->runWithSourceParametersList
	/home/bitrix/www/bitrix/modules/main/lib/engine/controller.php:425
#4: Bitrix\Main\Engine\Controller->run
	/home/bitrix/www/bitrix/modules/main/lib/httpapplication.php:141
#5: Bitrix\Main\HttpApplication->runController
	/home/bitrix/www/bitrix/modules/main/include/routing_index.php:135
----------
Host: crm.seller-capital.ru:443
Date: 2025-01-23 12:32:05
Module: queryArray
array (
  'partnerInn' => '772173434667',
  'page' => '1',
)
#0: KPLab\API\V2\Controller\Partners->getSellersAction
	
#1: ReflectionMethod->invokeArgs
	/home/bitrix/www/bitrix/modules/main/lib/engine/autowire/binder.php:207
#2: Bitrix\Main\Engine\AutoWire\Binder->invoke
	/home/bitrix/www/bitrix/modules/main/lib/engine/action.php:117
#3: Bitrix\Main\Engine\Action->runWithSourceParametersList
	/home/bitrix/www/bitrix/modules/main/lib/engine/controller.php:425
#4: Bitrix\Main\Engine\Controller->run
	/home/bitrix/www/bitrix/modules/main/lib/httpapplication.php:141
#5: Bitrix\Main\HttpApplication->runController
	/home/bitrix/www/bitrix/modules/main/include/routing_index.php:135
----------
Host: crm.seller-capital.ru:443
Date: 2025-01-23 12:32:05
Module: referralId
49950
#0: KPLab\API\V2\Controller\Partners->getSellersAction
	
#1: ReflectionMethod->invokeArgs
	/home/bitrix/www/bitrix/modules/main/lib/engine/autowire/binder.php:207
#2: Bitrix\Main\Engine\AutoWire\Binder->invoke
	/home/bitrix/www/bitrix/modules/main/lib/engine/action.php:117
#3: Bitrix\Main\Engine\Action->runWithSourceParametersList
	/home/bitrix/www/bitrix/modules/main/lib/engine/controller.php:425
#4: Bitrix\Main\Engine\Controller->run
	/home/bitrix/www/bitrix/modules/main/lib/httpapplication.php:141
#5: Bitrix\Main\HttpApplication->runController
	/home/bitrix/www/bitrix/modules/main/include/routing_index.php:135
----------
Host: crm.seller-capital.ru:443
Date: 2025-01-23 12:32:06
Module: queryArray
array (
  'partnerInn' => '772173434667',
  'page' => '51',
  'status' => 'all',
)
#0: KPLab\API\V2\Controller\Partners->getSellersAction
	
#1: ReflectionMethod->invokeArgs
	/home/bitrix/www/bitrix/modules/main/lib/engine/autowire/binder.php:207
#2: Bitrix\Main\Engine\AutoWire\Binder->invoke
	/home/bitrix/www/bitrix/modules/main/lib/engine/action.php:117
#3: Bitrix\Main\Engine\Action->runWithSourceParametersList
	/home/bitrix/www/bitrix/modules/main/lib/engine/controller.php:425
#4: Bitrix\Main\Engine\Controller->run
	/home/bitrix/www/bitrix/modules/main/lib/httpapplication.php:141
#5: Bitrix\Main\HttpApplication->runController
	/home/bitrix/www/bitrix/modules/main/include/routing_index.php:135
----------
Host: crm.seller-capital.ru:443
Date: 2025-01-23 12:32:06
Module: referralId
49950
#0: KPLab\API\V2\Controller\Partners->getSellersAction
	
#1: ReflectionMethod->invokeArgs
	/home/bitrix/www/bitrix/modules/main/lib/engine/autowire/binder.php:207
#2: Bitrix\Main\Engine\AutoWire\Binder->invoke
	/home/bitrix/www/bitrix/modules/main/lib/engine/action.php:117
#3: Bitrix\Main\Engine\Action->runWithSourceParametersList
	/home/bitrix/www/bitrix/modules/main/lib/engine/controller.php:425
#4: Bitrix\Main\Engine\Controller->run
	/home/bitrix/www/bitrix/modules/main/lib/httpapplication.php:141
#5: Bitrix\Main\HttpApplication->runController
	/home/bitrix/www/bitrix/modules/main/include/routing_index.php:135
----------
Host: crm.seller-capital.ru:443
Date: 2025-01-23 12:37:22
Module: queryArray
array (
  'partnerInn' => '024900347615',
  'page' => '1',
)
#0: KPLab\API\V2\Controller\Partners->getSellersAction
	
#1: ReflectionMethod->invokeArgs
	/home/bitrix/www/bitrix/modules/main/lib/engine/autowire/binder.php:207
#2: Bitrix\Main\Engine\AutoWire\Binder->invoke
	/home/bitrix/www/bitrix/modules/main/lib/engine/action.php:117
#3: Bitrix\Main\Engine\Action->runWithSourceParametersList
	/home/bitrix/www/bitrix/modules/main/lib/engine/controller.php:425
#4: Bitrix\Main\Engine\Controller->run
	/home/bitrix/www/bitrix/modules/main/lib/httpapplication.php:141
#5: Bitrix\Main\HttpApplication->runController
	/home/bitrix/www/bitrix/modules/main/include/routing_index.php:135
----------
Host: crm.seller-capital.ru:443
Date: 2025-01-23 12:37:22
Module: referralId
30650
#0: KPLab\API\V2\Controller\Partners->getSellersAction
	
#1: ReflectionMethod->invokeArgs
	/home/bitrix/www/bitrix/modules/main/lib/engine/autowire/binder.php:207
#2: Bitrix\Main\Engine\AutoWire\Binder->invoke
	/home/bitrix/www/bitrix/modules/main/lib/engine/action.php:117
#3: Bitrix\Main\Engine\Action->runWithSourceParametersList
	/home/bitrix/www/bitrix/modules/main/lib/engine/controller.php:425
#4: Bitrix\Main\Engine\Controller->run
	/home/bitrix/www/bitrix/modules/main/lib/httpapplication.php:141
#5: Bitrix\Main\HttpApplication->runController
	/home/bitrix/www/bitrix/modules/main/include/routing_index.php:135
----------
Host: crm.seller-capital.ru:443
Date: 2025-01-23 12:53:05
Module: queryArray
array (
  'partnerInn' => '7017352130',
  'page' => '1',
)
#0: KPLab\API\V2\Controller\Partners->getSellersAction
	
#1: ReflectionMethod->invokeArgs
	/home/bitrix/www/bitrix/modules/main/lib/engine/autowire/binder.php:207
#2: Bitrix\Main\Engine\AutoWire\Binder->invoke
	/home/bitrix/www/bitrix/modules/main/lib/engine/action.php:117
#3: Bitrix\Main\Engine\Action->runWithSourceParametersList
	/home/bitrix/www/bitrix/modules/main/lib/engine/controller.php:425
#4: Bitrix\Main\Engine\Controller->run
	/home/bitrix/www/bitrix/modules/main/lib/httpapplication.php:141
#5: Bitrix\Main\HttpApplication->runController
	/home/bitrix/www/bitrix/modules/main/include/routing_index.php:135
----------
Host: crm.seller-capital.ru:443
Date: 2025-01-23 12:53:05
Module: referralId
53782
#0: KPLab\API\V2\Controller\Partners->getSellersAction
	
#1: ReflectionMethod->invokeArgs
	/home/bitrix/www/bitrix/modules/main/lib/engine/autowire/binder.php:207
#2: Bitrix\Main\Engine\AutoWire\Binder->invoke
	/home/bitrix/www/bitrix/modules/main/lib/engine/action.php:117
#3: Bitrix\Main\Engine\Action->runWithSourceParametersList
	/home/bitrix/www/bitrix/modules/main/lib/engine/controller.php:425
#4: Bitrix\Main\Engine\Controller->run
	/home/bitrix/www/bitrix/modules/main/lib/httpapplication.php:141
#5: Bitrix\Main\HttpApplication->runController
	/home/bitrix/www/bitrix/modules/main/include/routing_index.php:135
----------
Host: crm.seller-capital.ru:443
Date: 2025-01-23 13:29:59
Module: queryArray
array (
  'partnerInn' => '722020775971',
  'page' => '1',
)
#0: KPLab\API\V2\Controller\Partners->getSellersAction
	
#1: ReflectionMethod->invokeArgs
	/home/bitrix/www/bitrix/modules/main/lib/engine/autowire/binder.php:207
#2: Bitrix\Main\Engine\AutoWire\Binder->invoke
	/home/bitrix/www/bitrix/modules/main/lib/engine/action.php:117
#3: Bitrix\Main\Engine\Action->runWithSourceParametersList
	/home/bitrix/www/bitrix/modules/main/lib/engine/controller.php:425
#4: Bitrix\Main\Engine\Controller->run
	/home/bitrix/www/bitrix/modules/main/lib/httpapplication.php:141
#5: Bitrix\Main\HttpApplication->runController
	/home/bitrix/www/bitrix/modules/main/include/routing_index.php:135
----------
Host: crm.seller-capital.ru:443
Date: 2025-01-23 13:30:00
Module: referralId
33039
#0: KPLab\API\V2\Controller\Partners->getSellersAction
	
#1: ReflectionMethod->invokeArgs
	/home/bitrix/www/bitrix/modules/main/lib/engine/autowire/binder.php:207
#2: Bitrix\Main\Engine\AutoWire\Binder->invoke
	/home/bitrix/www/bitrix/modules/main/lib/engine/action.php:117
#3: Bitrix\Main\Engine\Action->runWithSourceParametersList
	/home/bitrix/www/bitrix/modules/main/lib/engine/controller.php:425
#4: Bitrix\Main\Engine\Controller->run
	/home/bitrix/www/bitrix/modules/main/lib/httpapplication.php:141
#5: Bitrix\Main\HttpApplication->runController
	/home/bitrix/www/bitrix/modules/main/include/routing_index.php:135
----------
Host: crm.seller-capital.ru:443
Date: 2025-01-23 14:05:08
Module: queryArray
array (
  'partnerInn' => '773109728397',
  'page' => '1',
)
#0: KPLab\API\V2\Controller\Partners->getSellersAction
	
#1: ReflectionMethod->invokeArgs
	/home/bitrix/www/bitrix/modules/main/lib/engine/autowire/binder.php:207
#2: Bitrix\Main\Engine\AutoWire\Binder->invoke
	/home/bitrix/www/bitrix/modules/main/lib/engine/action.php:117
#3: Bitrix\Main\Engine\Action->runWithSourceParametersList
	/home/bitrix/www/bitrix/modules/main/lib/engine/controller.php:425
#4: Bitrix\Main\Engine\Controller->run
	/home/bitrix/www/bitrix/modules/main/lib/httpapplication.php:141
#5: Bitrix\Main\HttpApplication->runController
	/home/bitrix/www/bitrix/modules/main/include/routing_index.php:135
----------
Host: crm.seller-capital.ru:443
Date: 2025-01-23 14:05:08
Module: referralId
44690
#0: KPLab\API\V2\Controller\Partners->getSellersAction
	
#1: ReflectionMethod->invokeArgs
	/home/bitrix/www/bitrix/modules/main/lib/engine/autowire/binder.php:207
#2: Bitrix\Main\Engine\AutoWire\Binder->invoke
	/home/bitrix/www/bitrix/modules/main/lib/engine/action.php:117
#3: Bitrix\Main\Engine\Action->runWithSourceParametersList
	/home/bitrix/www/bitrix/modules/main/lib/engine/controller.php:425
#4: Bitrix\Main\Engine\Controller->run
	/home/bitrix/www/bitrix/modules/main/lib/httpapplication.php:141
#5: Bitrix\Main\HttpApplication->runController
	/home/bitrix/www/bitrix/modules/main/include/routing_index.php:135
----------
Host: crm.seller-capital.ru:443
Date: 2025-01-23 14:05:08
Module: queryArray
array (
  'partnerInn' => '773109728397',
  'page' => '51',
  'status' => 'all',
)
#0: KPLab\API\V2\Controller\Partners->getSellersAction
	
#1: ReflectionMethod->invokeArgs
	/home/bitrix/www/bitrix/modules/main/lib/engine/autowire/binder.php:207
#2: Bitrix\Main\Engine\AutoWire\Binder->invoke
	/home/bitrix/www/bitrix/modules/main/lib/engine/action.php:117
#3: Bitrix\Main\Engine\Action->runWithSourceParametersList
	/home/bitrix/www/bitrix/modules/main/lib/engine/controller.php:425
#4: Bitrix\Main\Engine\Controller->run
	/home/bitrix/www/bitrix/modules/main/lib/httpapplication.php:141
#5: Bitrix\Main\HttpApplication->runController
	/home/bitrix/www/bitrix/modules/main/include/routing_index.php:135
----------
Host: crm.seller-capital.ru:443
Date: 2025-01-23 14:05:09
Module: referralId
44690
#0: KPLab\API\V2\Controller\Partners->getSellersAction
	
#1: ReflectionMethod->invokeArgs
	/home/bitrix/www/bitrix/modules/main/lib/engine/autowire/binder.php:207
#2: Bitrix\Main\Engine\AutoWire\Binder->invoke
	/home/bitrix/www/bitrix/modules/main/lib/engine/action.php:117
#3: Bitrix\Main\Engine\Action->runWithSourceParametersList
	/home/bitrix/www/bitrix/modules/main/lib/engine/controller.php:425
#4: Bitrix\Main\Engine\Controller->run
	/home/bitrix/www/bitrix/modules/main/lib/httpapplication.php:141
#5: Bitrix\Main\HttpApplication->runController
	/home/bitrix/www/bitrix/modules/main/include/routing_index.php:135
----------
Host: crm.seller-capital.ru:443
Date: 2025-01-23 14:09:52
Module: queryArray
array (
  'partnerInn' => '165055057486',
  'page' => '1',
)
#0: KPLab\API\V2\Controller\Partners->getSellersAction
	
#1: ReflectionMethod->invokeArgs
	/home/bitrix/www/bitrix/modules/main/lib/engine/autowire/binder.php:207
#2: Bitrix\Main\Engine\AutoWire\Binder->invoke
	/home/bitrix/www/bitrix/modules/main/lib/engine/action.php:117
#3: Bitrix\Main\Engine\Action->runWithSourceParametersList
	/home/bitrix/www/bitrix/modules/main/lib/engine/controller.php:425
#4: Bitrix\Main\Engine\Controller->run
	/home/bitrix/www/bitrix/modules/main/lib/httpapplication.php:141
#5: Bitrix\Main\HttpApplication->runController
	/home/bitrix/www/bitrix/modules/main/include/routing_index.php:135
----------
Host: crm.seller-capital.ru:443
Date: 2025-01-23 14:09:53
Module: referralId
17145
#0: KPLab\API\V2\Controller\Partners->getSellersAction
	
#1: ReflectionMethod->invokeArgs
	/home/bitrix/www/bitrix/modules/main/lib/engine/autowire/binder.php:207
#2: Bitrix\Main\Engine\AutoWire\Binder->invoke
	/home/bitrix/www/bitrix/modules/main/lib/engine/action.php:117
#3: Bitrix\Main\Engine\Action->runWithSourceParametersList
	/home/bitrix/www/bitrix/modules/main/lib/engine/controller.php:425
#4: Bitrix\Main\Engine\Controller->run
	/home/bitrix/www/bitrix/modules/main/lib/httpapplication.php:141
#5: Bitrix\Main\HttpApplication->runController
	/home/bitrix/www/bitrix/modules/main/include/routing_index.php:135
----------
Host: crm.seller-capital.ru:443
Date: 2025-01-23 14:09:53
Module: queryArray
array (
  'partnerInn' => '165055057486',
  'page' => '51',
  'status' => 'all',
)
#0: KPLab\API\V2\Controller\Partners->getSellersAction
	
#1: ReflectionMethod->invokeArgs
	/home/bitrix/www/bitrix/modules/main/lib/engine/autowire/binder.php:207
#2: Bitrix\Main\Engine\AutoWire\Binder->invoke
	/home/bitrix/www/bitrix/modules/main/lib/engine/action.php:117
#3: Bitrix\Main\Engine\Action->runWithSourceParametersList
	/home/bitrix/www/bitrix/modules/main/lib/engine/controller.php:425
#4: Bitrix\Main\Engine\Controller->run
	/home/bitrix/www/bitrix/modules/main/lib/httpapplication.php:141
#5: Bitrix\Main\HttpApplication->runController
	/home/bitrix/www/bitrix/modules/main/include/routing_index.php:135
----------
Host: crm.seller-capital.ru:443
Date: 2025-01-23 14:09:53
Module: referralId
17145
#0: KPLab\API\V2\Controller\Partners->getSellersAction
	
#1: ReflectionMethod->invokeArgs
	/home/bitrix/www/bitrix/modules/main/lib/engine/autowire/binder.php:207
#2: Bitrix\Main\Engine\AutoWire\Binder->invoke
	/home/bitrix/www/bitrix/modules/main/lib/engine/action.php:117
#3: Bitrix\Main\Engine\Action->runWithSourceParametersList
	/home/bitrix/www/bitrix/modules/main/lib/engine/controller.php:425
#4: Bitrix\Main\Engine\Controller->run
	/home/bitrix/www/bitrix/modules/main/lib/httpapplication.php:141
#5: Bitrix\Main\HttpApplication->runController
	/home/bitrix/www/bitrix/modules/main/include/routing_index.php:135
----------
Host: crm.seller-capital.ru:443
Date: 2025-01-23 14:09:59
Module: queryArray
array (
  'partnerInn' => '165055057486',
  'page' => '1',
)
#0: KPLab\API\V2\Controller\Partners->getSellersAction
	
#1: ReflectionMethod->invokeArgs
	/home/bitrix/www/bitrix/modules/main/lib/engine/autowire/binder.php:207
#2: Bitrix\Main\Engine\AutoWire\Binder->invoke
	/home/bitrix/www/bitrix/modules/main/lib/engine/action.php:117
#3: Bitrix\Main\Engine\Action->runWithSourceParametersList
	/home/bitrix/www/bitrix/modules/main/lib/engine/controller.php:425
#4: Bitrix\Main\Engine\Controller->run
	/home/bitrix/www/bitrix/modules/main/lib/httpapplication.php:141
#5: Bitrix\Main\HttpApplication->runController
	/home/bitrix/www/bitrix/modules/main/include/routing_index.php:135
----------
Host: crm.seller-capital.ru:443
Date: 2025-01-23 14:09:59
Module: referralId
17145
#0: KPLab\API\V2\Controller\Partners->getSellersAction
	
#1: ReflectionMethod->invokeArgs
	/home/bitrix/www/bitrix/modules/main/lib/engine/autowire/binder.php:207
#2: Bitrix\Main\Engine\AutoWire\Binder->invoke
	/home/bitrix/www/bitrix/modules/main/lib/engine/action.php:117
#3: Bitrix\Main\Engine\Action->runWithSourceParametersList
	/home/bitrix/www/bitrix/modules/main/lib/engine/controller.php:425
#4: Bitrix\Main\Engine\Controller->run
	/home/bitrix/www/bitrix/modules/main/lib/httpapplication.php:141
#5: Bitrix\Main\HttpApplication->runController
	/home/bitrix/www/bitrix/modules/main/include/routing_index.php:135
----------
Host: crm.seller-capital.ru:443
Date: 2025-01-23 14:10:00
Module: queryArray
array (
  'partnerInn' => '165055057486',
  'page' => '51',
  'status' => 'all',
)
#0: KPLab\API\V2\Controller\Partners->getSellersAction
	
#1: ReflectionMethod->invokeArgs
	/home/bitrix/www/bitrix/modules/main/lib/engine/autowire/binder.php:207
#2: Bitrix\Main\Engine\AutoWire\Binder->invoke
	/home/bitrix/www/bitrix/modules/main/lib/engine/action.php:117
#3: Bitrix\Main\Engine\Action->runWithSourceParametersList
	/home/bitrix/www/bitrix/modules/main/lib/engine/controller.php:425
#4: Bitrix\Main\Engine\Controller->run
	/home/bitrix/www/bitrix/modules/main/lib/httpapplication.php:141
#5: Bitrix\Main\HttpApplication->runController
	/home/bitrix/www/bitrix/modules/main/include/routing_index.php:135
----------
Host: crm.seller-capital.ru:443
Date: 2025-01-23 14:10:00
Module: referralId
17145
#0: KPLab\API\V2\Controller\Partners->getSellersAction
	
#1: ReflectionMethod->invokeArgs
	/home/bitrix/www/bitrix/modules/main/lib/engine/autowire/binder.php:207
#2: Bitrix\Main\Engine\AutoWire\Binder->invoke
	/home/bitrix/www/bitrix/modules/main/lib/engine/action.php:117
#3: Bitrix\Main\Engine\Action->runWithSourceParametersList
	/home/bitrix/www/bitrix/modules/main/lib/engine/controller.php:425
#4: Bitrix\Main\Engine\Controller->run
	/home/bitrix/www/bitrix/modules/main/lib/httpapplication.php:141
#5: Bitrix\Main\HttpApplication->runController
	/home/bitrix/www/bitrix/modules/main/include/routing_index.php:135
----------
Host: crm.seller-capital.ru:443
Date: 2025-01-23 14:17:42
Module: queryArray
array (
  'partnerInn' => '667100354160',
  'page' => '1',
)
#0: KPLab\API\V2\Controller\Partners->getSellersAction
	
#1: ReflectionMethod->invokeArgs
	/home/bitrix/www/bitrix/modules/main/lib/engine/autowire/binder.php:207
#2: Bitrix\Main\Engine\AutoWire\Binder->invoke
	/home/bitrix/www/bitrix/modules/main/lib/engine/action.php:117
#3: Bitrix\Main\Engine\Action->runWithSourceParametersList
	/home/bitrix/www/bitrix/modules/main/lib/engine/controller.php:425
#4: Bitrix\Main\Engine\Controller->run
	/home/bitrix/www/bitrix/modules/main/lib/httpapplication.php:141
#5: Bitrix\Main\HttpApplication->runController
	/home/bitrix/www/bitrix/modules/main/include/routing_index.php:135
----------
Host: crm.seller-capital.ru:443
Date: 2025-01-23 14:17:42
Module: referralId
48922
#0: KPLab\API\V2\Controller\Partners->getSellersAction
	
#1: ReflectionMethod->invokeArgs
	/home/bitrix/www/bitrix/modules/main/lib/engine/autowire/binder.php:207
#2: Bitrix\Main\Engine\AutoWire\Binder->invoke
	/home/bitrix/www/bitrix/modules/main/lib/engine/action.php:117
#3: Bitrix\Main\Engine\Action->runWithSourceParametersList
	/home/bitrix/www/bitrix/modules/main/lib/engine/controller.php:425
#4: Bitrix\Main\Engine\Controller->run
	/home/bitrix/www/bitrix/modules/main/lib/httpapplication.php:141
#5: Bitrix\Main\HttpApplication->runController
	/home/bitrix/www/bitrix/modules/main/include/routing_index.php:135
----------
Host: crm.seller-capital.ru:443
Date: 2025-01-23 14:28:42
Module: queryArray
array (
  'partnerInn' => '165055057486',
  'page' => '1',
)
#0: KPLab\API\V2\Controller\Partners->getSellersAction
	
#1: ReflectionMethod->invokeArgs
	/home/bitrix/www/bitrix/modules/main/lib/engine/autowire/binder.php:207
#2: Bitrix\Main\Engine\AutoWire\Binder->invoke
	/home/bitrix/www/bitrix/modules/main/lib/engine/action.php:117
#3: Bitrix\Main\Engine\Action->runWithSourceParametersList
	/home/bitrix/www/bitrix/modules/main/lib/engine/controller.php:425
#4: Bitrix\Main\Engine\Controller->run
	/home/bitrix/www/bitrix/modules/main/lib/httpapplication.php:141
#5: Bitrix\Main\HttpApplication->runController
	/home/bitrix/www/bitrix/modules/main/include/routing_index.php:135
----------
Host: crm.seller-capital.ru:443
Date: 2025-01-23 14:28:42
Module: referralId
17145
#0: KPLab\API\V2\Controller\Partners->getSellersAction
	
#1: ReflectionMethod->invokeArgs
	/home/bitrix/www/bitrix/modules/main/lib/engine/autowire/binder.php:207
#2: Bitrix\Main\Engine\AutoWire\Binder->invoke
	/home/bitrix/www/bitrix/modules/main/lib/engine/action.php:117
#3: Bitrix\Main\Engine\Action->runWithSourceParametersList
	/home/bitrix/www/bitrix/modules/main/lib/engine/controller.php:425
#4: Bitrix\Main\Engine\Controller->run
	/home/bitrix/www/bitrix/modules/main/lib/httpapplication.php:141
#5: Bitrix\Main\HttpApplication->runController
	/home/bitrix/www/bitrix/modules/main/include/routing_index.php:135
----------
Host: crm.seller-capital.ru:443
Date: 2025-01-23 14:28:54
Module: queryArray
array (
  'partnerInn' => '165055057486',
  'page' => '51',
  'status' => 'all',
)
#0: KPLab\API\V2\Controller\Partners->getSellersAction
	
#1: ReflectionMethod->invokeArgs
	/home/bitrix/www/bitrix/modules/main/lib/engine/autowire/binder.php:207
#2: Bitrix\Main\Engine\AutoWire\Binder->invoke
	/home/bitrix/www/bitrix/modules/main/lib/engine/action.php:117
#3: Bitrix\Main\Engine\Action->runWithSourceParametersList
	/home/bitrix/www/bitrix/modules/main/lib/engine/controller.php:425
#4: Bitrix\Main\Engine\Controller->run
	/home/bitrix/www/bitrix/modules/main/lib/httpapplication.php:141
#5: Bitrix\Main\HttpApplication->runController
	/home/bitrix/www/bitrix/modules/main/include/routing_index.php:135
----------
Host: crm.seller-capital.ru:443
Date: 2025-01-23 14:28:55
Module: referralId
17145
#0: KPLab\API\V2\Controller\Partners->getSellersAction
	
#1: ReflectionMethod->invokeArgs
	/home/bitrix/www/bitrix/modules/main/lib/engine/autowire/binder.php:207
#2: Bitrix\Main\Engine\AutoWire\Binder->invoke
	/home/bitrix/www/bitrix/modules/main/lib/engine/action.php:117
#3: Bitrix\Main\Engine\Action->runWithSourceParametersList
	/home/bitrix/www/bitrix/modules/main/lib/engine/controller.php:425
#4: Bitrix\Main\Engine\Controller->run
	/home/bitrix/www/bitrix/modules/main/lib/httpapplication.php:141
#5: Bitrix\Main\HttpApplication->runController
	/home/bitrix/www/bitrix/modules/main/include/routing_index.php:135
----------
Host: crm.seller-capital.ru:443
Date: 2025-01-23 14:55:42
Module: queryArray
array (
  'partnerInn' => '165055057486',
  'page' => '1',
)
#0: KPLab\API\V2\Controller\Partners->getSellersAction
	
#1: ReflectionMethod->invokeArgs
	/home/bitrix/www/bitrix/modules/main/lib/engine/autowire/binder.php:207
#2: Bitrix\Main\Engine\AutoWire\Binder->invoke
	/home/bitrix/www/bitrix/modules/main/lib/engine/action.php:117
#3: Bitrix\Main\Engine\Action->runWithSourceParametersList
	/home/bitrix/www/bitrix/modules/main/lib/engine/controller.php:425
#4: Bitrix\Main\Engine\Controller->run
	/home/bitrix/www/bitrix/modules/main/lib/httpapplication.php:141
#5: Bitrix\Main\HttpApplication->runController
	/home/bitrix/www/bitrix/modules/main/include/routing_index.php:135
----------
Host: crm.seller-capital.ru:443
Date: 2025-01-23 14:55:43
Module: referralId
17145
#0: KPLab\API\V2\Controller\Partners->getSellersAction
	
#1: ReflectionMethod->invokeArgs
	/home/bitrix/www/bitrix/modules/main/lib/engine/autowire/binder.php:207
#2: Bitrix\Main\Engine\AutoWire\Binder->invoke
	/home/bitrix/www/bitrix/modules/main/lib/engine/action.php:117
#3: Bitrix\Main\Engine\Action->runWithSourceParametersList
	/home/bitrix/www/bitrix/modules/main/lib/engine/controller.php:425
#4: Bitrix\Main\Engine\Controller->run
	/home/bitrix/www/bitrix/modules/main/lib/httpapplication.php:141
#5: Bitrix\Main\HttpApplication->runController
	/home/bitrix/www/bitrix/modules/main/include/routing_index.php:135
----------
Host: crm.seller-capital.ru:443
Date: 2025-01-23 14:55:43
Module: queryArray
array (
  'partnerInn' => '165055057486',
  'page' => '51',
  'status' => 'all',
)
#0: KPLab\API\V2\Controller\Partners->getSellersAction
	
#1: ReflectionMethod->invokeArgs
	/home/bitrix/www/bitrix/modules/main/lib/engine/autowire/binder.php:207
#2: Bitrix\Main\Engine\AutoWire\Binder->invoke
	/home/bitrix/www/bitrix/modules/main/lib/engine/action.php:117
#3: Bitrix\Main\Engine\Action->runWithSourceParametersList
	/home/bitrix/www/bitrix/modules/main/lib/engine/controller.php:425
#4: Bitrix\Main\Engine\Controller->run
	/home/bitrix/www/bitrix/modules/main/lib/httpapplication.php:141
#5: Bitrix\Main\HttpApplication->runController
	/home/bitrix/www/bitrix/modules/main/include/routing_index.php:135
----------
Host: crm.seller-capital.ru:443
Date: 2025-01-23 14:55:43
Module: referralId
17145
#0: KPLab\API\V2\Controller\Partners->getSellersAction
	
#1: ReflectionMethod->invokeArgs
	/home/bitrix/www/bitrix/modules/main/lib/engine/autowire/binder.php:207
#2: Bitrix\Main\Engine\AutoWire\Binder->invoke
	/home/bitrix/www/bitrix/modules/main/lib/engine/action.php:117
#3: Bitrix\Main\Engine\Action->runWithSourceParametersList
	/home/bitrix/www/bitrix/modules/main/lib/engine/controller.php:425
#4: Bitrix\Main\Engine\Controller->run
	/home/bitrix/www/bitrix/modules/main/lib/httpapplication.php:141
#5: Bitrix\Main\HttpApplication->runController
	/home/bitrix/www/bitrix/modules/main/include/routing_index.php:135
----------
Host: crm.seller-capital.ru:443
Date: 2025-01-23 14:55:48
Module: queryArray
array (
  'partnerInn' => '165055057486',
  'page' => '1',
)
#0: KPLab\API\V2\Controller\Partners->getSellersAction
	
#1: ReflectionMethod->invokeArgs
	/home/bitrix/www/bitrix/modules/main/lib/engine/autowire/binder.php:207
#2: Bitrix\Main\Engine\AutoWire\Binder->invoke
	/home/bitrix/www/bitrix/modules/main/lib/engine/action.php:117
#3: Bitrix\Main\Engine\Action->runWithSourceParametersList
	/home/bitrix/www/bitrix/modules/main/lib/engine/controller.php:425
#4: Bitrix\Main\Engine\Controller->run
	/home/bitrix/www/bitrix/modules/main/lib/httpapplication.php:141
#5: Bitrix\Main\HttpApplication->runController
	/home/bitrix/www/bitrix/modules/main/include/routing_index.php:135
----------
Host: crm.seller-capital.ru:443
Date: 2025-01-23 14:55:48
Module: referralId
17145
#0: KPLab\API\V2\Controller\Partners->getSellersAction
	
#1: ReflectionMethod->invokeArgs
	/home/bitrix/www/bitrix/modules/main/lib/engine/autowire/binder.php:207
#2: Bitrix\Main\Engine\AutoWire\Binder->invoke
	/home/bitrix/www/bitrix/modules/main/lib/engine/action.php:117
#3: Bitrix\Main\Engine\Action->runWithSourceParametersList
	/home/bitrix/www/bitrix/modules/main/lib/engine/controller.php:425
#4: Bitrix\Main\Engine\Controller->run
	/home/bitrix/www/bitrix/modules/main/lib/httpapplication.php:141
#5: Bitrix\Main\HttpApplication->runController
	/home/bitrix/www/bitrix/modules/main/include/routing_index.php:135
----------
Host: crm.seller-capital.ru:443
Date: 2025-01-23 14:55:49
Module: queryArray
array (
  'partnerInn' => '165055057486',
  'page' => '51',
  'status' => 'all',
)
#0: KPLab\API\V2\Controller\Partners->getSellersAction
	
#1: ReflectionMethod->invokeArgs
	/home/bitrix/www/bitrix/modules/main/lib/engine/autowire/binder.php:207
#2: Bitrix\Main\Engine\AutoWire\Binder->invoke
	/home/bitrix/www/bitrix/modules/main/lib/engine/action.php:117
#3: Bitrix\Main\Engine\Action->runWithSourceParametersList
	/home/bitrix/www/bitrix/modules/main/lib/engine/controller.php:425
#4: Bitrix\Main\Engine\Controller->run
	/home/bitrix/www/bitrix/modules/main/lib/httpapplication.php:141
#5: Bitrix\Main\HttpApplication->runController
	/home/bitrix/www/bitrix/modules/main/include/routing_index.php:135
----------
Host: crm.seller-capital.ru:443
Date: 2025-01-23 14:55:49
Module: referralId
17145
#0: KPLab\API\V2\Controller\Partners->getSellersAction
	
#1: ReflectionMethod->invokeArgs
	/home/bitrix/www/bitrix/modules/main/lib/engine/autowire/binder.php:207
#2: Bitrix\Main\Engine\AutoWire\Binder->invoke
	/home/bitrix/www/bitrix/modules/main/lib/engine/action.php:117
#3: Bitrix\Main\Engine\Action->runWithSourceParametersList
	/home/bitrix/www/bitrix/modules/main/lib/engine/controller.php:425
#4: Bitrix\Main\Engine\Controller->run
	/home/bitrix/www/bitrix/modules/main/lib/httpapplication.php:141
#5: Bitrix\Main\HttpApplication->runController
	/home/bitrix/www/bitrix/modules/main/include/routing_index.php:135
----------
Host: crm.seller-capital.ru:443
Date: 2025-01-23 14:58:46
Module: queryArray
array (
  'partnerInn' => '7719874730',
  'page' => '1',
)
#0: KPLab\API\V2\Controller\Partners->getSellersAction
	
#1: ReflectionMethod->invokeArgs
	/home/bitrix/www/bitrix/modules/main/lib/engine/autowire/binder.php:207
#2: Bitrix\Main\Engine\AutoWire\Binder->invoke
	/home/bitrix/www/bitrix/modules/main/lib/engine/action.php:117
#3: Bitrix\Main\Engine\Action->runWithSourceParametersList
	/home/bitrix/www/bitrix/modules/main/lib/engine/controller.php:425
#4: Bitrix\Main\Engine\Controller->run
	/home/bitrix/www/bitrix/modules/main/lib/httpapplication.php:141
#5: Bitrix\Main\HttpApplication->runController
	/home/bitrix/www/bitrix/modules/main/include/routing_index.php:135
----------
Host: crm.seller-capital.ru:443
Date: 2025-01-23 14:58:46
Module: referralId
49522
#0: KPLab\API\V2\Controller\Partners->getSellersAction
	
#1: ReflectionMethod->invokeArgs
	/home/bitrix/www/bitrix/modules/main/lib/engine/autowire/binder.php:207
#2: Bitrix\Main\Engine\AutoWire\Binder->invoke
	/home/bitrix/www/bitrix/modules/main/lib/engine/action.php:117
#3: Bitrix\Main\Engine\Action->runWithSourceParametersList
	/home/bitrix/www/bitrix/modules/main/lib/engine/controller.php:425
#4: Bitrix\Main\Engine\Controller->run
	/home/bitrix/www/bitrix/modules/main/lib/httpapplication.php:141
#5: Bitrix\Main\HttpApplication->runController
	/home/bitrix/www/bitrix/modules/main/include/routing_index.php:135
----------
Host: crm.seller-capital.ru:443
Date: 2025-01-23 14:58:52
Module: queryArray
array (
  'partnerInn' => '7719874730',
  'page' => '1',
)
#0: KPLab\API\V2\Controller\Partners->getSellersAction
	
#1: ReflectionMethod->invokeArgs
	/home/bitrix/www/bitrix/modules/main/lib/engine/autowire/binder.php:207
#2: Bitrix\Main\Engine\AutoWire\Binder->invoke
	/home/bitrix/www/bitrix/modules/main/lib/engine/action.php:117
#3: Bitrix\Main\Engine\Action->runWithSourceParametersList
	/home/bitrix/www/bitrix/modules/main/lib/engine/controller.php:425
#4: Bitrix\Main\Engine\Controller->run
	/home/bitrix/www/bitrix/modules/main/lib/httpapplication.php:141
#5: Bitrix\Main\HttpApplication->runController
	/home/bitrix/www/bitrix/modules/main/include/routing_index.php:135
----------
Host: crm.seller-capital.ru:443
Date: 2025-01-23 14:58:53
Module: referralId
49522
#0: KPLab\API\V2\Controller\Partners->getSellersAction
	
#1: ReflectionMethod->invokeArgs
	/home/bitrix/www/bitrix/modules/main/lib/engine/autowire/binder.php:207
#2: Bitrix\Main\Engine\AutoWire\Binder->invoke
	/home/bitrix/www/bitrix/modules/main/lib/engine/action.php:117
#3: Bitrix\Main\Engine\Action->runWithSourceParametersList
	/home/bitrix/www/bitrix/modules/main/lib/engine/controller.php:425
#4: Bitrix\Main\Engine\Controller->run
	/home/bitrix/www/bitrix/modules/main/lib/httpapplication.php:141
#5: Bitrix\Main\HttpApplication->runController
	/home/bitrix/www/bitrix/modules/main/include/routing_index.php:135
----------
Host: crm.seller-capital.ru:443
Date: 2025-01-23 15:29:13
Module: queryArray
array (
  'partnerInn' => '711810071536',
  'page' => '1',
)
#0: KPLab\API\V2\Controller\Partners->getSellersAction
	
#1: ReflectionMethod->invokeArgs
	/home/bitrix/www/bitrix/modules/main/lib/engine/autowire/binder.php:207
#2: Bitrix\Main\Engine\AutoWire\Binder->invoke
	/home/bitrix/www/bitrix/modules/main/lib/engine/action.php:117
#3: Bitrix\Main\Engine\Action->runWithSourceParametersList
	/home/bitrix/www/bitrix/modules/main/lib/engine/controller.php:425
#4: Bitrix\Main\Engine\Controller->run
	/home/bitrix/www/bitrix/modules/main/lib/httpapplication.php:141
#5: Bitrix\Main\HttpApplication->runController
	/home/bitrix/www/bitrix/modules/main/include/routing_index.php:135
----------
Host: crm.seller-capital.ru:443
Date: 2025-01-23 15:29:13
Module: referralId
48417
#0: KPLab\API\V2\Controller\Partners->getSellersAction
	
#1: ReflectionMethod->invokeArgs
	/home/bitrix/www/bitrix/modules/main/lib/engine/autowire/binder.php:207
#2: Bitrix\Main\Engine\AutoWire\Binder->invoke
	/home/bitrix/www/bitrix/modules/main/lib/engine/action.php:117
#3: Bitrix\Main\Engine\Action->runWithSourceParametersList
	/home/bitrix/www/bitrix/modules/main/lib/engine/controller.php:425
#4: Bitrix\Main\Engine\Controller->run
	/home/bitrix/www/bitrix/modules/main/lib/httpapplication.php:141
#5: Bitrix\Main\HttpApplication->runController
	/home/bitrix/www/bitrix/modules/main/include/routing_index.php:135
----------
Host: crm.seller-capital.ru:443
Date: 2025-01-23 17:20:18
Module: queryArray
array (
  'partnerInn' => '027722954650',
  'page' => '1',
)
#0: KPLab\API\V2\Controller\Partners->getSellersAction
	
#1: ReflectionMethod->invokeArgs
	/home/bitrix/www/bitrix/modules/main/lib/engine/autowire/binder.php:207
#2: Bitrix\Main\Engine\AutoWire\Binder->invoke
	/home/bitrix/www/bitrix/modules/main/lib/engine/action.php:117
#3: Bitrix\Main\Engine\Action->runWithSourceParametersList
	/home/bitrix/www/bitrix/modules/main/lib/engine/controller.php:425
#4: Bitrix\Main\Engine\Controller->run
	/home/bitrix/www/bitrix/modules/main/lib/httpapplication.php:141
#5: Bitrix\Main\HttpApplication->runController
	/home/bitrix/www/bitrix/modules/main/include/routing_index.php:135
----------
Host: crm.seller-capital.ru:443
Date: 2025-01-23 17:20:18
Module: referralId
38987
#0: KPLab\API\V2\Controller\Partners->getSellersAction
	
#1: ReflectionMethod->invokeArgs
	/home/bitrix/www/bitrix/modules/main/lib/engine/autowire/binder.php:207
#2: Bitrix\Main\Engine\AutoWire\Binder->invoke
	/home/bitrix/www/bitrix/modules/main/lib/engine/action.php:117
#3: Bitrix\Main\Engine\Action->runWithSourceParametersList
	/home/bitrix/www/bitrix/modules/main/lib/engine/controller.php:425
#4: Bitrix\Main\Engine\Controller->run
	/home/bitrix/www/bitrix/modules/main/lib/httpapplication.php:141
#5: Bitrix\Main\HttpApplication->runController
	/home/bitrix/www/bitrix/modules/main/include/routing_index.php:135
----------
Host: crm.seller-capital.ru:443
Date: 2025-01-23 17:20:35
Module: queryArray
array (
  'partnerInn' => '027722954650',
  'page' => '1',
)
#0: KPLab\API\V2\Controller\Partners->getSellersAction
	
#1: ReflectionMethod->invokeArgs
	/home/bitrix/www/bitrix/modules/main/lib/engine/autowire/binder.php:207
#2: Bitrix\Main\Engine\AutoWire\Binder->invoke
	/home/bitrix/www/bitrix/modules/main/lib/engine/action.php:117
#3: Bitrix\Main\Engine\Action->runWithSourceParametersList
	/home/bitrix/www/bitrix/modules/main/lib/engine/controller.php:425
#4: Bitrix\Main\Engine\Controller->run
	/home/bitrix/www/bitrix/modules/main/lib/httpapplication.php:141
#5: Bitrix\Main\HttpApplication->runController
	/home/bitrix/www/bitrix/modules/main/include/routing_index.php:135
----------
Host: crm.seller-capital.ru:443
Date: 2025-01-23 17:20:36
Module: referralId
38987
#0: KPLab\API\V2\Controller\Partners->getSellersAction
	
#1: ReflectionMethod->invokeArgs
	/home/bitrix/www/bitrix/modules/main/lib/engine/autowire/binder.php:207
#2: Bitrix\Main\Engine\AutoWire\Binder->invoke
	/home/bitrix/www/bitrix/modules/main/lib/engine/action.php:117
#3: Bitrix\Main\Engine\Action->runWithSourceParametersList
	/home/bitrix/www/bitrix/modules/main/lib/engine/controller.php:425
#4: Bitrix\Main\Engine\Controller->run
	/home/bitrix/www/bitrix/modules/main/lib/httpapplication.php:141
#5: Bitrix\Main\HttpApplication->runController
	/home/bitrix/www/bitrix/modules/main/include/routing_index.php:135
----------
Host: crm.seller-capital.ru:443
Date: 2025-01-23 17:46:43
Module: queryArray
array (
  'partnerInn' => '9704138668',
  'page' => '1',
)
#0: KPLab\API\V2\Controller\Partners->getSellersAction
	
#1: ReflectionMethod->invokeArgs
	/home/bitrix/www/bitrix/modules/main/lib/engine/autowire/binder.php:207
#2: Bitrix\Main\Engine\AutoWire\Binder->invoke
	/home/bitrix/www/bitrix/modules/main/lib/engine/action.php:117
#3: Bitrix\Main\Engine\Action->runWithSourceParametersList
	/home/bitrix/www/bitrix/modules/main/lib/engine/controller.php:425
#4: Bitrix\Main\Engine\Controller->run
	/home/bitrix/www/bitrix/modules/main/lib/httpapplication.php:141
#5: Bitrix\Main\HttpApplication->runController
	/home/bitrix/www/bitrix/modules/main/include/routing_index.php:135
----------
Host: crm.seller-capital.ru:443
Date: 2025-01-23 17:46:43
Module: referralId
49446
#0: KPLab\API\V2\Controller\Partners->getSellersAction
	
#1: ReflectionMethod->invokeArgs
	/home/bitrix/www/bitrix/modules/main/lib/engine/autowire/binder.php:207
#2: Bitrix\Main\Engine\AutoWire\Binder->invoke
	/home/bitrix/www/bitrix/modules/main/lib/engine/action.php:117
#3: Bitrix\Main\Engine\Action->runWithSourceParametersList
	/home/bitrix/www/bitrix/modules/main/lib/engine/controller.php:425
#4: Bitrix\Main\Engine\Controller->run
	/home/bitrix/www/bitrix/modules/main/lib/httpapplication.php:141
#5: Bitrix\Main\HttpApplication->runController
	/home/bitrix/www/bitrix/modules/main/include/routing_index.php:135
----------
Host: crm.seller-capital.ru:443
Date: 2025-01-23 18:09:08
Module: queryArray
array (
  'partnerInn' => '771579788785',
  'page' => '1',
)
#0: KPLab\API\V2\Controller\Partners->getSellersAction
	
#1: ReflectionMethod->invokeArgs
	/home/bitrix/www/bitrix/modules/main/lib/engine/autowire/binder.php:207
#2: Bitrix\Main\Engine\AutoWire\Binder->invoke
	/home/bitrix/www/bitrix/modules/main/lib/engine/action.php:117
#3: Bitrix\Main\Engine\Action->runWithSourceParametersList
	/home/bitrix/www/bitrix/modules/main/lib/engine/controller.php:425
#4: Bitrix\Main\Engine\Controller->run
	/home/bitrix/www/bitrix/modules/main/lib/httpapplication.php:141
#5: Bitrix\Main\HttpApplication->runController
	/home/bitrix/www/bitrix/modules/main/include/routing_index.php:135
----------
Host: crm.seller-capital.ru:443
Date: 2025-01-23 18:09:08
Module: referralId
50338
#0: KPLab\API\V2\Controller\Partners->getSellersAction
	
#1: ReflectionMethod->invokeArgs
	/home/bitrix/www/bitrix/modules/main/lib/engine/autowire/binder.php:207
#2: Bitrix\Main\Engine\AutoWire\Binder->invoke
	/home/bitrix/www/bitrix/modules/main/lib/engine/action.php:117
#3: Bitrix\Main\Engine\Action->runWithSourceParametersList
	/home/bitrix/www/bitrix/modules/main/lib/engine/controller.php:425
#4: Bitrix\Main\Engine\Controller->run
	/home/bitrix/www/bitrix/modules/main/lib/httpapplication.php:141
#5: Bitrix\Main\HttpApplication->runController
	/home/bitrix/www/bitrix/modules/main/include/routing_index.php:135
----------
Host: crm.seller-capital.ru:443
Date: 2025-01-23 18:09:12
Module: queryArray
array (
  'partnerInn' => '771579788785',
  'page' => '51',
  'status' => 'all',
)
#0: KPLab\API\V2\Controller\Partners->getSellersAction
	
#1: ReflectionMethod->invokeArgs
	/home/bitrix/www/bitrix/modules/main/lib/engine/autowire/binder.php:207
#2: Bitrix\Main\Engine\AutoWire\Binder->invoke
	/home/bitrix/www/bitrix/modules/main/lib/engine/action.php:117
#3: Bitrix\Main\Engine\Action->runWithSourceParametersList
	/home/bitrix/www/bitrix/modules/main/lib/engine/controller.php:425
#4: Bitrix\Main\Engine\Controller->run
	/home/bitrix/www/bitrix/modules/main/lib/httpapplication.php:141
#5: Bitrix\Main\HttpApplication->runController
	/home/bitrix/www/bitrix/modules/main/include/routing_index.php:135
----------
Host: crm.seller-capital.ru:443
Date: 2025-01-23 18:09:13
Module: referralId
50338
#0: KPLab\API\V2\Controller\Partners->getSellersAction
	
#1: ReflectionMethod->invokeArgs
	/home/bitrix/www/bitrix/modules/main/lib/engine/autowire/binder.php:207
#2: Bitrix\Main\Engine\AutoWire\Binder->invoke
	/home/bitrix/www/bitrix/modules/main/lib/engine/action.php:117
#3: Bitrix\Main\Engine\Action->runWithSourceParametersList
	/home/bitrix/www/bitrix/modules/main/lib/engine/controller.php:425
#4: Bitrix\Main\Engine\Controller->run
	/home/bitrix/www/bitrix/modules/main/lib/httpapplication.php:141
#5: Bitrix\Main\HttpApplication->runController
	/home/bitrix/www/bitrix/modules/main/include/routing_index.php:135
----------
Host: crm.seller-capital.ru:443
Date: 2025-01-23 18:29:32
Module: queryArray
array (
  'partnerInn' => '772173434667',
  'page' => '1',
)
#0: KPLab\API\V2\Controller\Partners->getSellersAction
	
#1: ReflectionMethod->invokeArgs
	/home/bitrix/www/bitrix/modules/main/lib/engine/autowire/binder.php:207
#2: Bitrix\Main\Engine\AutoWire\Binder->invoke
	/home/bitrix/www/bitrix/modules/main/lib/engine/action.php:117
#3: Bitrix\Main\Engine\Action->runWithSourceParametersList
	/home/bitrix/www/bitrix/modules/main/lib/engine/controller.php:425
#4: Bitrix\Main\Engine\Controller->run
	/home/bitrix/www/bitrix/modules/main/lib/httpapplication.php:141
#5: Bitrix\Main\HttpApplication->runController
	/home/bitrix/www/bitrix/modules/main/include/routing_index.php:135
----------
Host: crm.seller-capital.ru:443
Date: 2025-01-23 18:29:33
Module: referralId
49950
#0: KPLab\API\V2\Controller\Partners->getSellersAction
	
#1: ReflectionMethod->invokeArgs
	/home/bitrix/www/bitrix/modules/main/lib/engine/autowire/binder.php:207
#2: Bitrix\Main\Engine\AutoWire\Binder->invoke
	/home/bitrix/www/bitrix/modules/main/lib/engine/action.php:117
#3: Bitrix\Main\Engine\Action->runWithSourceParametersList
	/home/bitrix/www/bitrix/modules/main/lib/engine/controller.php:425
#4: Bitrix\Main\Engine\Controller->run
	/home/bitrix/www/bitrix/modules/main/lib/httpapplication.php:141
#5: Bitrix\Main\HttpApplication->runController
	/home/bitrix/www/bitrix/modules/main/include/routing_index.php:135
----------
Host: crm.seller-capital.ru:443
Date: 2025-01-23 18:29:36
Module: queryArray
array (
  'partnerInn' => '772173434667',
  'page' => '51',
  'status' => 'all',
)
#0: KPLab\API\V2\Controller\Partners->getSellersAction
	
#1: ReflectionMethod->invokeArgs
	/home/bitrix/www/bitrix/modules/main/lib/engine/autowire/binder.php:207
#2: Bitrix\Main\Engine\AutoWire\Binder->invoke
	/home/bitrix/www/bitrix/modules/main/lib/engine/action.php:117
#3: Bitrix\Main\Engine\Action->runWithSourceParametersList
	/home/bitrix/www/bitrix/modules/main/lib/engine/controller.php:425
#4: Bitrix\Main\Engine\Controller->run
	/home/bitrix/www/bitrix/modules/main/lib/httpapplication.php:141
#5: Bitrix\Main\HttpApplication->runController
	/home/bitrix/www/bitrix/modules/main/include/routing_index.php:135
----------
Host: crm.seller-capital.ru:443
Date: 2025-01-23 18:29:37
Module: referralId
49950
#0: KPLab\API\V2\Controller\Partners->getSellersAction
	
#1: ReflectionMethod->invokeArgs
	/home/bitrix/www/bitrix/modules/main/lib/engine/autowire/binder.php:207
#2: Bitrix\Main\Engine\AutoWire\Binder->invoke
	/home/bitrix/www/bitrix/modules/main/lib/engine/action.php:117
#3: Bitrix\Main\Engine\Action->runWithSourceParametersList
	/home/bitrix/www/bitrix/modules/main/lib/engine/controller.php:425
#4: Bitrix\Main\Engine\Controller->run
	/home/bitrix/www/bitrix/modules/main/lib/httpapplication.php:141
#5: Bitrix\Main\HttpApplication->runController
	/home/bitrix/www/bitrix/modules/main/include/routing_index.php:135
----------
