Host: crm.sodeistvie.su:443
Date: 2024-10-10 09:38:48
Module: LAST_ERROR
Не введено название.<br>
#0: KPLab\Logs\IBlock::setData
	/home/bitrix/www/local/classes/balanceplatform/balanceplatform.php:2830
#1: KPLab\BalancePlatformRequest->recieveAction
	
#2: ReflectionMethod->invokeArgs
	/home/bitrix/www/bitrix/modules/main/lib/engine/autowire/binder.php:207
#3: Bitrix\Main\Engine\AutoWire\Binder->invoke
	/home/bitrix/www/bitrix/modules/main/lib/engine/action.php:117
#4: Bitrix\Main\Engine\Action->runWithSourceParametersList
	/home/bitrix/www/bitrix/modules/main/lib/engine/controller.php:425
#5: Bitrix\Main\Engine\Controller->run
	/home/bitrix/www/bitrix/modules/main/lib/httpapplication.php:140
----------
Host: crm.sodeistvie.su:443
Date: 2024-10-10 09:58:27
Module: LAST_ERROR
Не введено название.<br>
#0: KPLab\Logs\IBlock::setData
	/home/bitrix/www/local/classes/balanceplatform/balanceplatform.php:2830
#1: KPLab\BalancePlatformRequest->recieveAction
	
#2: ReflectionMethod->invokeArgs
	/home/bitrix/www/bitrix/modules/main/lib/engine/autowire/binder.php:207
#3: Bitrix\Main\Engine\AutoWire\Binder->invoke
	/home/bitrix/www/bitrix/modules/main/lib/engine/action.php:117
#4: Bitrix\Main\Engine\Action->runWithSourceParametersList
	/home/bitrix/www/bitrix/modules/main/lib/engine/controller.php:425
#5: Bitrix\Main\Engine\Controller->run
	/home/bitrix/www/bitrix/modules/main/lib/httpapplication.php:140
----------
Host: crm.sodeistvie.su:443
Date: 2024-10-10 16:45:51
Module: LAST_ERROR
Не введено название.<br>
#0: KPLab\Logs\IBlock::setData
	/home/bitrix/www/local/classes/balanceplatform/balanceplatform.php:2900
#1: KPLab\BalancePlatformRequest->recieveAction
	
#2: ReflectionMethod->invokeArgs
	/home/bitrix/www/bitrix/modules/main/lib/engine/autowire/binder.php:207
#3: Bitrix\Main\Engine\AutoWire\Binder->invoke
	/home/bitrix/www/bitrix/modules/main/lib/engine/action.php:117
#4: Bitrix\Main\Engine\Action->runWithSourceParametersList
	/home/bitrix/www/bitrix/modules/main/lib/engine/controller.php:425
#5: Bitrix\Main\Engine\Controller->run
	/home/bitrix/www/bitrix/modules/main/lib/httpapplication.php:140
----------
Host: crm.sodeistvie.su:443
Date: 2024-10-11 16:33:35
Module: LAST_ERROR
Не введено название.<br>
#0: KPLab\Logs\IBlock::setData
	/home/bitrix/www/local/modules/kplab.api/controller/Sellers.php:1369
#1: KPLab\API\Controller\Sellers->setLoanAction
	
#2: ReflectionMethod->invokeArgs
	/home/bitrix/www/bitrix/modules/main/lib/engine/autowire/binder.php:207
#3: Bitrix\Main\Engine\AutoWire\Binder->invoke
	/home/bitrix/www/bitrix/modules/main/lib/engine/action.php:117
#4: Bitrix\Main\Engine\Action->runWithSourceParametersList
	/home/bitrix/www/bitrix/modules/main/lib/engine/controller.php:425
#5: Bitrix\Main\Engine\Controller->run
	/home/bitrix/www/bitrix/modules/main/lib/httpapplication.php:140
----------
Host: crm.sodeistvie.su:443
Date: 2024-10-11 16:33:35
Module: LAST_ERROR
Не введено название.<br>
#0: KPLab\Logs\IBlock::setData
	/home/bitrix/www/local/modules/kplab.api/controller/Sellers.php:1369
#1: KPLab\API\Controller\Sellers->setLoanAction
	
#2: ReflectionMethod->invokeArgs
	/home/bitrix/www/bitrix/modules/main/lib/engine/autowire/binder.php:207
#3: Bitrix\Main\Engine\AutoWire\Binder->invoke
	/home/bitrix/www/bitrix/modules/main/lib/engine/action.php:117
#4: Bitrix\Main\Engine\Action->runWithSourceParametersList
	/home/bitrix/www/bitrix/modules/main/lib/engine/controller.php:425
#5: Bitrix\Main\Engine\Controller->run
	/home/bitrix/www/bitrix/modules/main/lib/httpapplication.php:140
----------
Host: crm.sodeistvie.su:443
Date: 2024-10-14 10:12:42
Module: LAST_ERROR
Не введено название.<br>
#0: KPLab\Logs\IBlock::setData
	/home/bitrix/www/local/modules/kplab.api.v2/controller/Sellers.php:1592
#1: KPLab\API\V2\Controller\Sellers->getLimitsAction
	
#2: ReflectionMethod->invokeArgs
	/home/bitrix/www/bitrix/modules/main/lib/engine/autowire/binder.php:207
#3: Bitrix\Main\Engine\AutoWire\Binder->invoke
	/home/bitrix/www/bitrix/modules/main/lib/engine/action.php:117
#4: Bitrix\Main\Engine\Action->runWithSourceParametersList
	/home/bitrix/www/bitrix/modules/main/lib/engine/controller.php:425
#5: Bitrix\Main\Engine\Controller->run
	/home/bitrix/www/bitrix/modules/main/lib/httpapplication.php:140
----------
Host: crm.sodeistvie.su:443
Date: 2024-10-14 10:13:36
Module: LAST_ERROR
Не введено название.<br>
#0: KPLab\Logs\IBlock::setData
	/home/bitrix/www/local/modules/kplab.api.v2/controller/Sellers.php:1592
#1: KPLab\API\V2\Controller\Sellers->getLimitsAction
	
#2: ReflectionMethod->invokeArgs
	/home/bitrix/www/bitrix/modules/main/lib/engine/autowire/binder.php:207
#3: Bitrix\Main\Engine\AutoWire\Binder->invoke
	/home/bitrix/www/bitrix/modules/main/lib/engine/action.php:117
#4: Bitrix\Main\Engine\Action->runWithSourceParametersList
	/home/bitrix/www/bitrix/modules/main/lib/engine/controller.php:425
#5: Bitrix\Main\Engine\Controller->run
	/home/bitrix/www/bitrix/modules/main/lib/httpapplication.php:140
----------
Host: crm.sodeistvie.su:443
Date: 2024-10-14 12:28:15
Module: LAST_ERROR
Не введено название.<br>
#0: KPLab\Logs\IBlock::setData
	/home/bitrix/www/local/modules/kplab.api.v2/controller/Sellers.php:1592
#1: KPLab\API\V2\Controller\Sellers->getLimitsAction
	
#2: ReflectionMethod->invokeArgs
	/home/bitrix/www/bitrix/modules/main/lib/engine/autowire/binder.php:207
#3: Bitrix\Main\Engine\AutoWire\Binder->invoke
	/home/bitrix/www/bitrix/modules/main/lib/engine/action.php:117
#4: Bitrix\Main\Engine\Action->runWithSourceParametersList
	/home/bitrix/www/bitrix/modules/main/lib/engine/controller.php:425
#5: Bitrix\Main\Engine\Controller->run
	/home/bitrix/www/bitrix/modules/main/lib/httpapplication.php:140
----------
Host: crm.sodeistvie.su:443
Date: 2024-10-15 16:17:55
Module: LAST_ERROR
Не введено название.<br>
#0: KPLab\Logs\IBlock::setData
	/home/bitrix/www/local/modules/kplab.api.v2/controller/BalancePlatformRequest.php:252
#1: KPLab\API\V2\Controller\BalancePlatformRequest->recieveAction
	
#2: ReflectionMethod->invokeArgs
	/home/bitrix/www/bitrix/modules/main/lib/engine/autowire/binder.php:207
#3: Bitrix\Main\Engine\AutoWire\Binder->invoke
	/home/bitrix/www/bitrix/modules/main/lib/engine/action.php:117
#4: Bitrix\Main\Engine\Action->runWithSourceParametersList
	/home/bitrix/www/bitrix/modules/main/lib/engine/controller.php:425
#5: Bitrix\Main\Engine\Controller->run
	/home/bitrix/www/bitrix/modules/main/lib/httpapplication.php:140
----------
Host: crm.sodeistvie.su:443
Date: 2024-10-16 17:17:45
Module: LAST_ERROR
Не введено название.<br>
#0: KPLab\Logs\IBlock::setData
	/home/bitrix/www/local/modules/kplab.api.v2/controller/BalancePlatformRequest.php:252
#1: KPLab\API\V2\Controller\BalancePlatformRequest->recieveAction
	
#2: ReflectionMethod->invokeArgs
	/home/bitrix/www/bitrix/modules/main/lib/engine/autowire/binder.php:207
#3: Bitrix\Main\Engine\AutoWire\Binder->invoke
	/home/bitrix/www/bitrix/modules/main/lib/engine/action.php:117
#4: Bitrix\Main\Engine\Action->runWithSourceParametersList
	/home/bitrix/www/bitrix/modules/main/lib/engine/controller.php:425
#5: Bitrix\Main\Engine\Controller->run
	/home/bitrix/www/bitrix/modules/main/lib/httpapplication.php:140
----------
Host: crm.sodeistvie.su:443
Date: 2024-10-16 17:25:43
Module: LAST_ERROR
Не введено название.<br>
#0: KPLab\Logs\IBlock::setData
	/home/bitrix/www/local/modules/kplab.api.v2/controller/BalancePlatformRequest.php:252
#1: KPLab\API\V2\Controller\BalancePlatformRequest->recieveAction
	
#2: ReflectionMethod->invokeArgs
	/home/bitrix/www/bitrix/modules/main/lib/engine/autowire/binder.php:207
#3: Bitrix\Main\Engine\AutoWire\Binder->invoke
	/home/bitrix/www/bitrix/modules/main/lib/engine/action.php:117
#4: Bitrix\Main\Engine\Action->runWithSourceParametersList
	/home/bitrix/www/bitrix/modules/main/lib/engine/controller.php:425
#5: Bitrix\Main\Engine\Controller->run
	/home/bitrix/www/bitrix/modules/main/lib/httpapplication.php:140
----------
Host: crm.sodeistvie.su:443
Date: 2024-10-17 19:10:15
Module: LAST_ERROR
Не введено название.<br>
#0: KPLab\Logs\IBlock::setData
	/home/bitrix/www/local/modules/kplab.api.v2/controller/BalancePlatformRequest.php:252
#1: KPLab\API\V2\Controller\BalancePlatformRequest->recieveAction
	
#2: ReflectionMethod->invokeArgs
	/home/bitrix/www/bitrix/modules/main/lib/engine/autowire/binder.php:207
#3: Bitrix\Main\Engine\AutoWire\Binder->invoke
	/home/bitrix/www/bitrix/modules/main/lib/engine/action.php:117
#4: Bitrix\Main\Engine\Action->runWithSourceParametersList
	/home/bitrix/www/bitrix/modules/main/lib/engine/controller.php:425
#5: Bitrix\Main\Engine\Controller->run
	/home/bitrix/www/bitrix/modules/main/lib/httpapplication.php:140
----------
Host: crm.sodeistvie.su:443
Date: 2024-10-18 13:46:01
Module: LAST_ERROR
Не введено название.<br>
#0: KPLab\Logs\IBlock::setData
	/home/bitrix/www/local/modules/kplab.api.v2/controller/BalancePlatformRequest.php:252
#1: KPLab\API\V2\Controller\BalancePlatformRequest->recieveAction
	
#2: ReflectionMethod->invokeArgs
	/home/bitrix/www/bitrix/modules/main/lib/engine/autowire/binder.php:207
#3: Bitrix\Main\Engine\AutoWire\Binder->invoke
	/home/bitrix/www/bitrix/modules/main/lib/engine/action.php:117
#4: Bitrix\Main\Engine\Action->runWithSourceParametersList
	/home/bitrix/www/bitrix/modules/main/lib/engine/controller.php:425
#5: Bitrix\Main\Engine\Controller->run
	/home/bitrix/www/bitrix/modules/main/lib/httpapplication.php:140
----------
Host: crm.sodeistvie.su:443
Date: 2024-10-22 15:04:19
Module: LAST_ERROR
Не введено название.<br>
#0: KPLab\Logs\IBlock::setData
	/home/bitrix/www/local/modules/kplab.api.v2/controller/BalancePlatformRequest.php:252
#1: KPLab\API\V2\Controller\BalancePlatformRequest->recieveAction
	
#2: ReflectionMethod->invokeArgs
	/home/bitrix/www/bitrix/modules/main/lib/engine/autowire/binder.php:207
#3: Bitrix\Main\Engine\AutoWire\Binder->invoke
	/home/bitrix/www/bitrix/modules/main/lib/engine/action.php:117
#4: Bitrix\Main\Engine\Action->runWithSourceParametersList
	/home/bitrix/www/bitrix/modules/main/lib/engine/controller.php:425
#5: Bitrix\Main\Engine\Controller->run
	/home/bitrix/www/bitrix/modules/main/lib/httpapplication.php:140
----------
Host: crm.sodeistvie.su:443
Date: 2024-10-22 15:15:21
Module: LAST_ERROR
Не введено название.<br>
#0: KPLab\Logs\IBlock::setData
	/home/bitrix/www/local/modules/kplab.api.v2/controller/BalancePlatformRequest.php:252
#1: KPLab\API\V2\Controller\BalancePlatformRequest->recieveAction
	
#2: ReflectionMethod->invokeArgs
	/home/bitrix/www/bitrix/modules/main/lib/engine/autowire/binder.php:207
#3: Bitrix\Main\Engine\AutoWire\Binder->invoke
	/home/bitrix/www/bitrix/modules/main/lib/engine/action.php:117
#4: Bitrix\Main\Engine\Action->runWithSourceParametersList
	/home/bitrix/www/bitrix/modules/main/lib/engine/controller.php:425
#5: Bitrix\Main\Engine\Controller->run
	/home/bitrix/www/bitrix/modules/main/lib/httpapplication.php:140
----------
Host: crm.sodeistvie.su:443
Date: 2024-10-22 15:32:56
Module: LAST_ERROR
Не введено название.<br>
#0: KPLab\Logs\IBlock::setData
	/home/bitrix/www/local/modules/kplab.api.v2/controller/BalancePlatformRequest.php:252
#1: KPLab\API\V2\Controller\BalancePlatformRequest->recieveAction
	
#2: ReflectionMethod->invokeArgs
	/home/bitrix/www/bitrix/modules/main/lib/engine/autowire/binder.php:207
#3: Bitrix\Main\Engine\AutoWire\Binder->invoke
	/home/bitrix/www/bitrix/modules/main/lib/engine/action.php:117
#4: Bitrix\Main\Engine\Action->runWithSourceParametersList
	/home/bitrix/www/bitrix/modules/main/lib/engine/controller.php:425
#5: Bitrix\Main\Engine\Controller->run
	/home/bitrix/www/bitrix/modules/main/lib/httpapplication.php:140
----------
Host: crm.sodeistvie.su:443
Date: 2024-10-23 10:19:30
Module: LAST_ERROR
Не введено название.<br>
#0: KPLab\Logs\IBlock::setData
	/home/bitrix/www/local/modules/kplab.api.v2/controller/BalancePlatformRequest.php:252
#1: KPLab\API\V2\Controller\BalancePlatformRequest->recieveAction
	
#2: ReflectionMethod->invokeArgs
	/home/bitrix/www/bitrix/modules/main/lib/engine/autowire/binder.php:207
#3: Bitrix\Main\Engine\AutoWire\Binder->invoke
	/home/bitrix/www/bitrix/modules/main/lib/engine/action.php:117
#4: Bitrix\Main\Engine\Action->runWithSourceParametersList
	/home/bitrix/www/bitrix/modules/main/lib/engine/controller.php:425
#5: Bitrix\Main\Engine\Controller->run
	/home/bitrix/www/bitrix/modules/main/lib/httpapplication.php:140
----------
Host: crm.sodeistvie.su:443
Date: 2024-10-23 10:25:20
Module: LAST_ERROR
Не введено название.<br>
#0: KPLab\Logs\IBlock::setData
	/home/bitrix/www/local/modules/kplab.api.v2/controller/BalancePlatformRequest.php:252
#1: KPLab\API\V2\Controller\BalancePlatformRequest->recieveAction
	
#2: ReflectionMethod->invokeArgs
	/home/bitrix/www/bitrix/modules/main/lib/engine/autowire/binder.php:207
#3: Bitrix\Main\Engine\AutoWire\Binder->invoke
	/home/bitrix/www/bitrix/modules/main/lib/engine/action.php:117
#4: Bitrix\Main\Engine\Action->runWithSourceParametersList
	/home/bitrix/www/bitrix/modules/main/lib/engine/controller.php:425
#5: Bitrix\Main\Engine\Controller->run
	/home/bitrix/www/bitrix/modules/main/lib/httpapplication.php:140
----------
Host: crm.sodeistvie.su:443
Date: 2024-10-23 10:28:24
Module: LAST_ERROR
Не введено название.<br>
#0: KPLab\Logs\IBlock::setData
	/home/bitrix/www/local/modules/kplab.api.v2/controller/BalancePlatformRequest.php:252
#1: KPLab\API\V2\Controller\BalancePlatformRequest->recieveAction
	
#2: ReflectionMethod->invokeArgs
	/home/bitrix/www/bitrix/modules/main/lib/engine/autowire/binder.php:207
#3: Bitrix\Main\Engine\AutoWire\Binder->invoke
	/home/bitrix/www/bitrix/modules/main/lib/engine/action.php:117
#4: Bitrix\Main\Engine\Action->runWithSourceParametersList
	/home/bitrix/www/bitrix/modules/main/lib/engine/controller.php:425
#5: Bitrix\Main\Engine\Controller->run
	/home/bitrix/www/bitrix/modules/main/lib/httpapplication.php:140
----------
Host: crm.sodeistvie.su:443
Date: 2024-10-23 10:40:18
Module: LAST_ERROR
Не введено название.<br>
#0: KPLab\Logs\IBlock::setData
	/home/bitrix/www/local/modules/kplab.api.v2/controller/BalancePlatformRequest.php:252
#1: KPLab\API\V2\Controller\BalancePlatformRequest->recieveAction
	
#2: ReflectionMethod->invokeArgs
	/home/bitrix/www/bitrix/modules/main/lib/engine/autowire/binder.php:207
#3: Bitrix\Main\Engine\AutoWire\Binder->invoke
	/home/bitrix/www/bitrix/modules/main/lib/engine/action.php:117
#4: Bitrix\Main\Engine\Action->runWithSourceParametersList
	/home/bitrix/www/bitrix/modules/main/lib/engine/controller.php:425
#5: Bitrix\Main\Engine\Controller->run
	/home/bitrix/www/bitrix/modules/main/lib/httpapplication.php:140
----------
Host: crm.sodeistvie.su:443
Date: 2024-10-23 10:42:39
Module: LAST_ERROR
Не введено название.<br>
#0: KPLab\Logs\IBlock::setData
	/home/bitrix/www/local/modules/kplab.api.v2/controller/BalancePlatformRequest.php:252
#1: KPLab\API\V2\Controller\BalancePlatformRequest->recieveAction
	
#2: ReflectionMethod->invokeArgs
	/home/bitrix/www/bitrix/modules/main/lib/engine/autowire/binder.php:207
#3: Bitrix\Main\Engine\AutoWire\Binder->invoke
	/home/bitrix/www/bitrix/modules/main/lib/engine/action.php:117
#4: Bitrix\Main\Engine\Action->runWithSourceParametersList
	/home/bitrix/www/bitrix/modules/main/lib/engine/controller.php:425
#5: Bitrix\Main\Engine\Controller->run
	/home/bitrix/www/bitrix/modules/main/lib/httpapplication.php:140
----------
Host: crm.sodeistvie.su:443
Date: 2024-10-23 10:55:18
Module: LAST_ERROR
Не введено название.<br>
#0: KPLab\Logs\IBlock::setData
	/home/bitrix/www/local/modules/kplab.api.v2/controller/BalancePlatformRequest.php:252
#1: KPLab\API\V2\Controller\BalancePlatformRequest->recieveAction
	
#2: ReflectionMethod->invokeArgs
	/home/bitrix/www/bitrix/modules/main/lib/engine/autowire/binder.php:207
#3: Bitrix\Main\Engine\AutoWire\Binder->invoke
	/home/bitrix/www/bitrix/modules/main/lib/engine/action.php:117
#4: Bitrix\Main\Engine\Action->runWithSourceParametersList
	/home/bitrix/www/bitrix/modules/main/lib/engine/controller.php:425
#5: Bitrix\Main\Engine\Controller->run
	/home/bitrix/www/bitrix/modules/main/lib/httpapplication.php:140
----------
Host: crm.sodeistvie.su:443
Date: 2024-10-23 11:15:07
Module: LAST_ERROR
Не введено название.<br>
#0: KPLab\Logs\IBlock::setData
	/home/bitrix/www/local/modules/kplab.api.v2/controller/BalancePlatformRequest.php:252
#1: KPLab\API\V2\Controller\BalancePlatformRequest->recieveAction
	
#2: ReflectionMethod->invokeArgs
	/home/bitrix/www/bitrix/modules/main/lib/engine/autowire/binder.php:207
#3: Bitrix\Main\Engine\AutoWire\Binder->invoke
	/home/bitrix/www/bitrix/modules/main/lib/engine/action.php:117
#4: Bitrix\Main\Engine\Action->runWithSourceParametersList
	/home/bitrix/www/bitrix/modules/main/lib/engine/controller.php:425
#5: Bitrix\Main\Engine\Controller->run
	/home/bitrix/www/bitrix/modules/main/lib/httpapplication.php:140
----------
Host: crm.sodeistvie.su:443
Date: 2024-10-23 11:15:55
Module: LAST_ERROR
Не введено название.<br>
#0: KPLab\Logs\IBlock::setData
	/home/bitrix/www/local/modules/kplab.api.v2/controller/BalancePlatformRequest.php:252
#1: KPLab\API\V2\Controller\BalancePlatformRequest->recieveAction
	
#2: ReflectionMethod->invokeArgs
	/home/bitrix/www/bitrix/modules/main/lib/engine/autowire/binder.php:207
#3: Bitrix\Main\Engine\AutoWire\Binder->invoke
	/home/bitrix/www/bitrix/modules/main/lib/engine/action.php:117
#4: Bitrix\Main\Engine\Action->runWithSourceParametersList
	/home/bitrix/www/bitrix/modules/main/lib/engine/controller.php:425
#5: Bitrix\Main\Engine\Controller->run
	/home/bitrix/www/bitrix/modules/main/lib/httpapplication.php:140
----------
Host: crm.sodeistvie.su:443
Date: 2024-10-23 11:18:59
Module: LAST_ERROR
Не введено название.<br>
#0: KPLab\Logs\IBlock::setData
	/home/bitrix/www/local/modules/kplab.api.v2/controller/BalancePlatformRequest.php:252
#1: KPLab\API\V2\Controller\BalancePlatformRequest->recieveAction
	
#2: ReflectionMethod->invokeArgs
	/home/bitrix/www/bitrix/modules/main/lib/engine/autowire/binder.php:207
#3: Bitrix\Main\Engine\AutoWire\Binder->invoke
	/home/bitrix/www/bitrix/modules/main/lib/engine/action.php:117
#4: Bitrix\Main\Engine\Action->runWithSourceParametersList
	/home/bitrix/www/bitrix/modules/main/lib/engine/controller.php:425
#5: Bitrix\Main\Engine\Controller->run
	/home/bitrix/www/bitrix/modules/main/lib/httpapplication.php:140
----------
Host: crm.sodeistvie.su:443
Date: 2024-10-23 11:37:12
Module: LAST_ERROR
Не введено название.<br>
#0: KPLab\Logs\IBlock::setData
	/home/bitrix/www/local/modules/kplab.api.v2/controller/BalancePlatformRequest.php:252
#1: KPLab\API\V2\Controller\BalancePlatformRequest->recieveAction
	
#2: ReflectionMethod->invokeArgs
	/home/bitrix/www/bitrix/modules/main/lib/engine/autowire/binder.php:207
#3: Bitrix\Main\Engine\AutoWire\Binder->invoke
	/home/bitrix/www/bitrix/modules/main/lib/engine/action.php:117
#4: Bitrix\Main\Engine\Action->runWithSourceParametersList
	/home/bitrix/www/bitrix/modules/main/lib/engine/controller.php:425
#5: Bitrix\Main\Engine\Controller->run
	/home/bitrix/www/bitrix/modules/main/lib/httpapplication.php:140
----------
Host: crm.sodeistvie.su:443
Date: 2024-10-23 11:47:28
Module: LAST_ERROR
Не введено название.<br>
#0: KPLab\Logs\IBlock::setData
	/home/bitrix/www/local/classes/curl.php:200
#1: KPLab\Curl::post_MYFi
	/home/bitrix/www/local/modules/kplab.api.v2/controller/KPK.php:282
#2: KPLab\API\V2\Controller\KPK->postOfferAndStatusLead
	/home/bitrix/www/bitrix/activities/bitrix/codeactivity/codeactivity.php(25) : eval()'d code:3
#3: eval
	/home/bitrix/www/bitrix/activities/bitrix/codeactivity/codeactivity.php:25
#4: CBPCodeActivity->execute
	/home/bitrix/www/bitrix/modules/bizproc/classes/general/workflow.php:536
#5: CBPWorkflow->runQueuedItem
	/home/bitrix/www/bitrix/modules/bizproc/classes/general/workflow.php:499
----------
Host: crm.sodeistvie.su:443
Date: 2024-10-23 14:50:59
Module: LAST_ERROR
Не введено название.<br>
#0: KPLab\Logs\IBlock::setData
	/home/bitrix/www/local/classes/curl.php:200
#1: KPLab\Curl::post_MYFi
	/home/bitrix/www/local/modules/kplab.api.v2/controller/KPK.php:282
#2: KPLab\API\V2\Controller\KPK->postOfferAndStatusLead
	/home/bitrix/www/bitrix/activities/bitrix/codeactivity/codeactivity.php(25) : eval()'d code:3
#3: eval
	/home/bitrix/www/bitrix/activities/bitrix/codeactivity/codeactivity.php:25
#4: CBPCodeActivity->execute
	/home/bitrix/www/bitrix/modules/bizproc/classes/general/workflow.php:536
#5: CBPWorkflow->runQueuedItem
	/home/bitrix/www/bitrix/modules/bizproc/classes/general/workflow.php:499
----------
Host: crm.sodeistvie.su:443
Date: 2024-10-23 16:12:00
Module: LAST_ERROR
Не введено название.<br>
#0: KPLab\Logs\IBlock::setData
	/home/bitrix/www/local/modules/kplab.api.v2/controller/BalancePlatformRequest.php:252
#1: KPLab\API\V2\Controller\BalancePlatformRequest->recieveAction
	
#2: ReflectionMethod->invokeArgs
	/home/bitrix/www/bitrix/modules/main/lib/engine/autowire/binder.php:207
#3: Bitrix\Main\Engine\AutoWire\Binder->invoke
	/home/bitrix/www/bitrix/modules/main/lib/engine/action.php:117
#4: Bitrix\Main\Engine\Action->runWithSourceParametersList
	/home/bitrix/www/bitrix/modules/main/lib/engine/controller.php:425
#5: Bitrix\Main\Engine\Controller->run
	/home/bitrix/www/bitrix/modules/main/lib/httpapplication.php:140
----------
Host: 
Date: 2024-10-23 18:56:08
Module: LAST_ERROR
Не введено название.<br>
#0: KPLab\Logs\IBlock::setData
	/home/bitrix/www/local/classes/curl.php:200
#1: KPLab\Curl::post_MYFi
	/home/bitrix/www/local/modules/kplab.api.v2/controller/KPK.php:282
#2: KPLab\API\V2\Controller\KPK->postOfferAndStatusLead
	/home/bitrix/www/bitrix/activities/bitrix/codeactivity/codeactivity.php(25) : eval()'d code:3
#3: eval
	/home/bitrix/www/bitrix/activities/bitrix/codeactivity/codeactivity.php:25
#4: CBPCodeActivity->execute
	/home/bitrix/www/bitrix/modules/bizproc/classes/general/workflow.php:536
#5: CBPWorkflow->runQueuedItem
	/home/bitrix/www/bitrix/modules/bizproc/classes/general/workflow.php:499
----------
Host: 
Date: 2024-10-24 16:42:12
Module: LAST_ERROR
Не введено название.<br>
#0: KPLab\Logs\IBlock::setData
	/home/bitrix/www/local/classes/curl.php:200
#1: KPLab\Curl::post_MYFi
	/home/bitrix/www/local/modules/kplab.api.v2/controller/KPK.php:282
#2: KPLab\API\V2\Controller\KPK->postOfferAndStatusLead
	/home/bitrix/www/bitrix/activities/bitrix/codeactivity/codeactivity.php(25) : eval()'d code:3
#3: eval
	/home/bitrix/www/bitrix/activities/bitrix/codeactivity/codeactivity.php:25
#4: CBPCodeActivity->execute
	/home/bitrix/www/bitrix/modules/bizproc/classes/general/workflow.php:536
#5: CBPWorkflow->runQueuedItem
	/home/bitrix/www/bitrix/modules/bizproc/classes/general/workflow.php:499
----------
Host: crm.sodeistvie.su:443
Date: 2024-10-25 10:28:45
Module: LAST_ERROR
Не введено название.<br>
#0: KPLab\Logs\IBlock::setData
	/home/bitrix/www/local/modules/kplab.api.v2/controller/BalancePlatformRequest.php:252
#1: KPLab\API\V2\Controller\BalancePlatformRequest->recieveAction
	
#2: ReflectionMethod->invokeArgs
	/home/bitrix/www/bitrix/modules/main/lib/engine/autowire/binder.php:207
#3: Bitrix\Main\Engine\AutoWire\Binder->invoke
	/home/bitrix/www/bitrix/modules/main/lib/engine/action.php:117
#4: Bitrix\Main\Engine\Action->runWithSourceParametersList
	/home/bitrix/www/bitrix/modules/main/lib/engine/controller.php:425
#5: Bitrix\Main\Engine\Controller->run
	/home/bitrix/www/bitrix/modules/main/lib/httpapplication.php:140
----------
Host: crm.sodeistvie.su:443
Date: 2024-10-28 19:44:59
Module: LAST_ERROR
Не введено название.<br>
#0: KPLab\Logs\IBlock::setData
	/home/bitrix/www/local/modules/kplab.api.v2/controller/Sellers.php:1671
#1: KPLab\API\V2\Controller\Sellers->setSmavInfoAction
	
#2: ReflectionMethod->invokeArgs
	/home/bitrix/www/bitrix/modules/main/lib/engine/autowire/binder.php:207
#3: Bitrix\Main\Engine\AutoWire\Binder->invoke
	/home/bitrix/www/bitrix/modules/main/lib/engine/action.php:117
#4: Bitrix\Main\Engine\Action->runWithSourceParametersList
	/home/bitrix/www/bitrix/modules/main/lib/engine/controller.php:425
#5: Bitrix\Main\Engine\Controller->run
	/home/bitrix/www/bitrix/modules/main/lib/httpapplication.php:140
----------
Host: crm.sodeistvie.su:443
Date: 2024-10-28 19:46:10
Module: LAST_ERROR
Не введено название.<br>
#0: KPLab\Logs\IBlock::setData
	/home/bitrix/www/local/modules/kplab.api.v2/controller/Sellers.php:1673
#1: KPLab\API\V2\Controller\Sellers->setSmavInfoAction
	
#2: ReflectionMethod->invokeArgs
	/home/bitrix/www/bitrix/modules/main/lib/engine/autowire/binder.php:207
#3: Bitrix\Main\Engine\AutoWire\Binder->invoke
	/home/bitrix/www/bitrix/modules/main/lib/engine/action.php:117
#4: Bitrix\Main\Engine\Action->runWithSourceParametersList
	/home/bitrix/www/bitrix/modules/main/lib/engine/controller.php:425
#5: Bitrix\Main\Engine\Controller->run
	/home/bitrix/www/bitrix/modules/main/lib/httpapplication.php:140
----------
Host: crm.sodeistvie.su:443
Date: 2024-10-28 21:00:43
Module: LAST_ERROR
Не введено название.<br>
#0: KPLab\Logs\IBlock::setData
	/home/bitrix/www/local/modules/kplab.api.v2/controller/Sellers.php:1673
#1: KPLab\API\V2\Controller\Sellers->setSmavInfoAction
	
#2: ReflectionMethod->invokeArgs
	/home/bitrix/www/bitrix/modules/main/lib/engine/autowire/binder.php:207
#3: Bitrix\Main\Engine\AutoWire\Binder->invoke
	/home/bitrix/www/bitrix/modules/main/lib/engine/action.php:117
#4: Bitrix\Main\Engine\Action->runWithSourceParametersList
	/home/bitrix/www/bitrix/modules/main/lib/engine/controller.php:425
#5: Bitrix\Main\Engine\Controller->run
	/home/bitrix/www/bitrix/modules/main/lib/httpapplication.php:140
----------
Host: crm.sodeistvie.su:443
Date: 2024-10-28 21:08:19
Module: LAST_ERROR
Не введено название.<br>
#0: KPLab\Logs\IBlock::setData
	/home/bitrix/www/local/modules/kplab.api.v2/controller/Sellers.php:1673
#1: KPLab\API\V2\Controller\Sellers->setSmavInfoAction
	
#2: ReflectionMethod->invokeArgs
	/home/bitrix/www/bitrix/modules/main/lib/engine/autowire/binder.php:207
#3: Bitrix\Main\Engine\AutoWire\Binder->invoke
	/home/bitrix/www/bitrix/modules/main/lib/engine/action.php:117
#4: Bitrix\Main\Engine\Action->runWithSourceParametersList
	/home/bitrix/www/bitrix/modules/main/lib/engine/controller.php:425
#5: Bitrix\Main\Engine\Controller->run
	/home/bitrix/www/bitrix/modules/main/lib/httpapplication.php:140
----------
Host: crm.sodeistvie.su:443
Date: 2024-10-29 00:35:13
Module: LAST_ERROR
Не введено название.<br>
#0: KPLab\Logs\IBlock::setData
	/home/bitrix/www/local/modules/kplab.api.v2/controller/Sellers.php:1765
#1: KPLab\API\V2\Controller\Sellers->setSmavInfoAction
	
#2: ReflectionMethod->invokeArgs
	/home/bitrix/www/bitrix/modules/main/lib/engine/autowire/binder.php:207
#3: Bitrix\Main\Engine\AutoWire\Binder->invoke
	/home/bitrix/www/bitrix/modules/main/lib/engine/action.php:117
#4: Bitrix\Main\Engine\Action->runWithSourceParametersList
	/home/bitrix/www/bitrix/modules/main/lib/engine/controller.php:425
#5: Bitrix\Main\Engine\Controller->run
	/home/bitrix/www/bitrix/modules/main/lib/httpapplication.php:140
----------
Host: crm.sodeistvie.su:443
Date: 2024-10-29 00:35:33
Module: LAST_ERROR
Не введено название.<br>
#0: KPLab\Logs\IBlock::setData
	/home/bitrix/www/local/modules/kplab.api.v2/controller/Sellers.php:1765
#1: KPLab\API\V2\Controller\Sellers->setSmavInfoAction
	
#2: ReflectionMethod->invokeArgs
	/home/bitrix/www/bitrix/modules/main/lib/engine/autowire/binder.php:207
#3: Bitrix\Main\Engine\AutoWire\Binder->invoke
	/home/bitrix/www/bitrix/modules/main/lib/engine/action.php:117
#4: Bitrix\Main\Engine\Action->runWithSourceParametersList
	/home/bitrix/www/bitrix/modules/main/lib/engine/controller.php:425
#5: Bitrix\Main\Engine\Controller->run
	/home/bitrix/www/bitrix/modules/main/lib/httpapplication.php:140
----------
Host: crm.sodeistvie.su:443
Date: 2024-10-29 00:35:54
Module: LAST_ERROR
Не введено название.<br>
#0: KPLab\Logs\IBlock::setData
	/home/bitrix/www/local/modules/kplab.api.v2/controller/Sellers.php:1775
#1: KPLab\API\V2\Controller\Sellers->setSmavInfoAction
	
#2: ReflectionMethod->invokeArgs
	/home/bitrix/www/bitrix/modules/main/lib/engine/autowire/binder.php:207
#3: Bitrix\Main\Engine\AutoWire\Binder->invoke
	/home/bitrix/www/bitrix/modules/main/lib/engine/action.php:117
#4: Bitrix\Main\Engine\Action->runWithSourceParametersList
	/home/bitrix/www/bitrix/modules/main/lib/engine/controller.php:425
#5: Bitrix\Main\Engine\Controller->run
	/home/bitrix/www/bitrix/modules/main/lib/httpapplication.php:140
----------
Host: crm.sodeistvie.su:443
Date: 2024-10-29 00:44:26
Module: LAST_ERROR
Не введено название.<br>
#0: KPLab\Logs\IBlock::setData
	/home/bitrix/www/local/modules/kplab.api.v2/controller/Sellers.php:2137
#1: KPLab\API\V2\Controller\Sellers->handleError
	/home/bitrix/www/local/modules/kplab.api.v2/controller/Sellers.php:1772
#2: KPLab\API\V2\Controller\Sellers->setSmavInfoAction
	
#3: ReflectionMethod->invokeArgs
	/home/bitrix/www/bitrix/modules/main/lib/engine/autowire/binder.php:207
#4: Bitrix\Main\Engine\AutoWire\Binder->invoke
	/home/bitrix/www/bitrix/modules/main/lib/engine/action.php:117
#5: Bitrix\Main\Engine\Action->runWithSourceParametersList
	/home/bitrix/www/bitrix/modules/main/lib/engine/controller.php:425
----------
Host: crm.sodeistvie.su:443
Date: 2024-11-06 15:26:32
Module: LAST_ERROR
Не введено название.<br>
#0: KPLab\Logs\IBlock::setData
	/home/bitrix/www/local/modules/kplab.api.v2/controller/BalancePlatformRequest.php:173
#1: KPLab\API\V2\Controller\BalancePlatformRequest->recieveAction
	
#2: ReflectionMethod->invokeArgs
	/home/bitrix/www/bitrix/modules/main/lib/engine/autowire/binder.php:207
#3: Bitrix\Main\Engine\AutoWire\Binder->invoke
	/home/bitrix/www/bitrix/modules/main/lib/engine/action.php:117
#4: Bitrix\Main\Engine\Action->runWithSourceParametersList
	/home/bitrix/www/bitrix/modules/main/lib/engine/controller.php:425
#5: Bitrix\Main\Engine\Controller->run
	/home/bitrix/www/bitrix/modules/main/lib/httpapplication.php:140
----------
Host: 
Date: 2024-11-11 16:56:09
Module: LAST_ERROR
Не введено название.<br>
#0: KPLab\Logs\IBlock::setData
	/home/bitrix/www/local/classes/api/request.php:93
#1: KPLab\ApiRequest::logRequest
	/home/bitrix/www/local/classes/api/request.php:56
#2: KPLab\ApiRequest::sendRequest
	/home/bitrix/www/local/modules/kplab.api.v2/controller/KPK.php:305
#3: KPLab\API\V2\Controller\KPK->postOfferAndStatusLead
	/home/bitrix/www/bitrix/activities/bitrix/codeactivity/codeactivity.php(25) : eval()'d code:3
#4: eval
	/home/bitrix/www/bitrix/activities/bitrix/codeactivity/codeactivity.php:25
#5: CBPCodeActivity->execute
	/home/bitrix/www/bitrix/modules/bizproc/classes/general/workflow.php:536
----------
Host: crm.sodeistvie.su:443
Date: 2024-11-13 16:33:05
Module: LAST_ERROR
Не введено название.<br>
#0: KPLab\Logs\IBlock::setData
	/home/bitrix/www/local/modules/kplab.api.v2/controller/BalancePlatformRequest.php:241
#1: KPLab\API\V2\Controller\BalancePlatformRequest->recieveAction
	
#2: ReflectionMethod->invokeArgs
	/home/bitrix/www/bitrix/modules/main/lib/engine/autowire/binder.php:207
#3: Bitrix\Main\Engine\AutoWire\Binder->invoke
	/home/bitrix/www/bitrix/modules/main/lib/engine/action.php:117
#4: Bitrix\Main\Engine\Action->runWithSourceParametersList
	/home/bitrix/www/bitrix/modules/main/lib/engine/controller.php:425
#5: Bitrix\Main\Engine\Controller->run
	/home/bitrix/www/bitrix/modules/main/lib/httpapplication.php:140
----------
Host: crm.sodeistvie.su:443
Date: 2024-11-13 16:49:45
Module: LAST_ERROR
Не введено название.<br>
#0: KPLab\Logs\IBlock::setData
	/home/bitrix/www/local/modules/kplab.api.v2/controller/BalancePlatformRequest.php:241
#1: KPLab\API\V2\Controller\BalancePlatformRequest->recieveAction
	
#2: ReflectionMethod->invokeArgs
	/home/bitrix/www/bitrix/modules/main/lib/engine/autowire/binder.php:207
#3: Bitrix\Main\Engine\AutoWire\Binder->invoke
	/home/bitrix/www/bitrix/modules/main/lib/engine/action.php:117
#4: Bitrix\Main\Engine\Action->runWithSourceParametersList
	/home/bitrix/www/bitrix/modules/main/lib/engine/controller.php:425
#5: Bitrix\Main\Engine\Controller->run
	/home/bitrix/www/bitrix/modules/main/lib/httpapplication.php:140
----------
Host: crm.sodeistvie.su:443
Date: 2024-11-13 23:19:01
Module: LAST_ERROR
Не введено название.<br>
#0: KPLab\Logs\IBlock::setData
	/home/bitrix/www/local/modules/kplab.api.v2/controller/BalancePlatformRequest.php:241
#1: KPLab\API\V2\Controller\BalancePlatformRequest->recieveAction
	
#2: ReflectionMethod->invokeArgs
	/home/bitrix/www/bitrix/modules/main/lib/engine/autowire/binder.php:207
#3: Bitrix\Main\Engine\AutoWire\Binder->invoke
	/home/bitrix/www/bitrix/modules/main/lib/engine/action.php:117
#4: Bitrix\Main\Engine\Action->runWithSourceParametersList
	/home/bitrix/www/bitrix/modules/main/lib/engine/controller.php:425
#5: Bitrix\Main\Engine\Controller->run
	/home/bitrix/www/bitrix/modules/main/lib/httpapplication.php:140
----------
Host: crm.sodeistvie.su:443
Date: 2024-11-14 04:58:43
Module: LAST_ERROR
Не введено название.<br>
#0: KPLab\Logs\IBlock::setData
	/home/bitrix/www/local/modules/kplab.api.v2/controller/BalancePlatformRequest.php:241
#1: KPLab\API\V2\Controller\BalancePlatformRequest->recieveAction
	
#2: ReflectionMethod->invokeArgs
	/home/bitrix/www/bitrix/modules/main/lib/engine/autowire/binder.php:207
#3: Bitrix\Main\Engine\AutoWire\Binder->invoke
	/home/bitrix/www/bitrix/modules/main/lib/engine/action.php:117
#4: Bitrix\Main\Engine\Action->runWithSourceParametersList
	/home/bitrix/www/bitrix/modules/main/lib/engine/controller.php:425
#5: Bitrix\Main\Engine\Controller->run
	/home/bitrix/www/bitrix/modules/main/lib/httpapplication.php:140
----------
Host: crm.sodeistvie.su:443
Date: 2024-11-14 05:05:59
Module: LAST_ERROR
Не введено название.<br>
#0: KPLab\Logs\IBlock::setData
	/home/bitrix/www/local/modules/kplab.api.v2/controller/BalancePlatformRequest.php:241
#1: KPLab\API\V2\Controller\BalancePlatformRequest->recieveAction
	
#2: ReflectionMethod->invokeArgs
	/home/bitrix/www/bitrix/modules/main/lib/engine/autowire/binder.php:207
#3: Bitrix\Main\Engine\AutoWire\Binder->invoke
	/home/bitrix/www/bitrix/modules/main/lib/engine/action.php:117
#4: Bitrix\Main\Engine\Action->runWithSourceParametersList
	/home/bitrix/www/bitrix/modules/main/lib/engine/controller.php:425
#5: Bitrix\Main\Engine\Controller->run
	/home/bitrix/www/bitrix/modules/main/lib/httpapplication.php:140
----------
Host: crm.sodeistvie.su:443
Date: 2024-11-14 13:16:37
Module: LAST_ERROR
Не введено название.<br>
#0: KPLab\Logs\IBlock::setData
	/home/bitrix/www/local/modules/kplab.api.v2/controller/BalancePlatformRequest.php:173
#1: KPLab\API\V2\Controller\BalancePlatformRequest->recieveAction
	
#2: ReflectionMethod->invokeArgs
	/home/bitrix/www/bitrix/modules/main/lib/engine/autowire/binder.php:207
#3: Bitrix\Main\Engine\AutoWire\Binder->invoke
	/home/bitrix/www/bitrix/modules/main/lib/engine/action.php:117
#4: Bitrix\Main\Engine\Action->runWithSourceParametersList
	/home/bitrix/www/bitrix/modules/main/lib/engine/controller.php:425
#5: Bitrix\Main\Engine\Controller->run
	/home/bitrix/www/bitrix/modules/main/lib/httpapplication.php:140
----------
Host: crm.sodeistvie.su:443
Date: 2024-11-18 15:55:47
Module: LAST_ERROR
Не введено название.<br>
#0: KPLab\Logs\IBlock::setData
	/home/bitrix/www/local/modules/kplab.api.v2/controller/BalancePlatformRequest.php:241
#1: KPLab\API\V2\Controller\BalancePlatformRequest->recieveAction
	
#2: ReflectionMethod->invokeArgs
	/home/bitrix/www/bitrix/modules/main/lib/engine/autowire/binder.php:207
#3: Bitrix\Main\Engine\AutoWire\Binder->invoke
	/home/bitrix/www/bitrix/modules/main/lib/engine/action.php:117
#4: Bitrix\Main\Engine\Action->runWithSourceParametersList
	/home/bitrix/www/bitrix/modules/main/lib/engine/controller.php:425
#5: Bitrix\Main\Engine\Controller->run
	/home/bitrix/www/bitrix/modules/main/lib/httpapplication.php:140
----------
Host: crm.sodeistvie.su:443
Date: 2024-11-18 16:07:32
Module: LAST_ERROR
Не введено название.<br>
#0: KPLab\Logs\IBlock::setData
	/home/bitrix/www/local/modules/kplab.api.v2/controller/BalancePlatformRequest.php:241
#1: KPLab\API\V2\Controller\BalancePlatformRequest->recieveAction
	
#2: ReflectionMethod->invokeArgs
	/home/bitrix/www/bitrix/modules/main/lib/engine/autowire/binder.php:207
#3: Bitrix\Main\Engine\AutoWire\Binder->invoke
	/home/bitrix/www/bitrix/modules/main/lib/engine/action.php:117
#4: Bitrix\Main\Engine\Action->runWithSourceParametersList
	/home/bitrix/www/bitrix/modules/main/lib/engine/controller.php:425
#5: Bitrix\Main\Engine\Controller->run
	/home/bitrix/www/bitrix/modules/main/lib/httpapplication.php:140
----------
Host: crm.sodeistvie.su:443
Date: 2024-11-21 18:55:22
Module: LAST_ERROR
Не введено название.<br>
#0: KPLab\Logs\IBlock::setData
	/home/bitrix/www/local/modules/kplab.api.v2/controller/BalancePlatformRequest.php:241
#1: KPLab\API\V2\Controller\BalancePlatformRequest->recieveAction
	
#2: ReflectionMethod->invokeArgs
	/home/bitrix/www/bitrix/modules/main/lib/engine/autowire/binder.php:207
#3: Bitrix\Main\Engine\AutoWire\Binder->invoke
	/home/bitrix/www/bitrix/modules/main/lib/engine/action.php:117
#4: Bitrix\Main\Engine\Action->runWithSourceParametersList
	/home/bitrix/www/bitrix/modules/main/lib/engine/controller.php:425
#5: Bitrix\Main\Engine\Controller->run
	/home/bitrix/www/bitrix/modules/main/lib/httpapplication.php:140
----------
Host: crm.sodeistvie.su:443
Date: 2024-11-21 19:03:20
Module: LAST_ERROR
Не введено название.<br>
#0: KPLab\Logs\IBlock::setData
	/home/bitrix/www/local/modules/kplab.api.v2/controller/BalancePlatformRequest.php:241
#1: KPLab\API\V2\Controller\BalancePlatformRequest->recieveAction
	
#2: ReflectionMethod->invokeArgs
	/home/bitrix/www/bitrix/modules/main/lib/engine/autowire/binder.php:207
#3: Bitrix\Main\Engine\AutoWire\Binder->invoke
	/home/bitrix/www/bitrix/modules/main/lib/engine/action.php:117
#4: Bitrix\Main\Engine\Action->runWithSourceParametersList
	/home/bitrix/www/bitrix/modules/main/lib/engine/controller.php:425
#5: Bitrix\Main\Engine\Controller->run
	/home/bitrix/www/bitrix/modules/main/lib/httpapplication.php:140
----------
Host: crm.sodeistvie.su:443
Date: 2024-11-27 14:28:41
Module: LAST_ERROR
Не введено название.<br>
#0: KPLab\Logs\IBlock::setData
	/home/bitrix/www/local/modules/kplab.api.v2/controller/BalancePlatformRequest.php:241
#1: KPLab\API\V2\Controller\BalancePlatformRequest->recieveAction
	
#2: ReflectionMethod->invokeArgs
	/home/bitrix/www/bitrix/modules/main/lib/engine/autowire/binder.php:207
#3: Bitrix\Main\Engine\AutoWire\Binder->invoke
	/home/bitrix/www/bitrix/modules/main/lib/engine/action.php:117
#4: Bitrix\Main\Engine\Action->runWithSourceParametersList
	/home/bitrix/www/bitrix/modules/main/lib/engine/controller.php:425
#5: Bitrix\Main\Engine\Controller->run
	/home/bitrix/www/bitrix/modules/main/lib/httpapplication.php:140
----------
Host: crm.sodeistvie.su:443
Date: 2024-12-05 09:14:39
Module: LAST_ERROR
Не введено название.<br>
#0: KPLab\Logs\IBlock::setData
	/home/bitrix/www/local/modules/kplab.api.v2/controller/BalancePlatformRequest.php:241
#1: KPLab\API\V2\Controller\BalancePlatformRequest->recieveAction
	
#2: ReflectionMethod->invokeArgs
	/home/bitrix/www/bitrix/modules/main/lib/engine/autowire/binder.php:207
#3: Bitrix\Main\Engine\AutoWire\Binder->invoke
	/home/bitrix/www/bitrix/modules/main/lib/engine/action.php:117
#4: Bitrix\Main\Engine\Action->runWithSourceParametersList
	/home/bitrix/www/bitrix/modules/main/lib/engine/controller.php:425
#5: Bitrix\Main\Engine\Controller->run
	/home/bitrix/www/bitrix/modules/main/lib/httpapplication.php:140
----------
Host: crm.sodeistvie.su:443
Date: 2024-12-05 09:15:54
Module: LAST_ERROR
Не введено название.<br>
#0: KPLab\Logs\IBlock::setData
	/home/bitrix/www/local/modules/kplab.api.v2/controller/BalancePlatformRequest.php:241
#1: KPLab\API\V2\Controller\BalancePlatformRequest->recieveAction
	
#2: ReflectionMethod->invokeArgs
	/home/bitrix/www/bitrix/modules/main/lib/engine/autowire/binder.php:207
#3: Bitrix\Main\Engine\AutoWire\Binder->invoke
	/home/bitrix/www/bitrix/modules/main/lib/engine/action.php:117
#4: Bitrix\Main\Engine\Action->runWithSourceParametersList
	/home/bitrix/www/bitrix/modules/main/lib/engine/controller.php:425
#5: Bitrix\Main\Engine\Controller->run
	/home/bitrix/www/bitrix/modules/main/lib/httpapplication.php:140
----------
Host: crm.sodeistvie.su:443
Date: 2024-12-05 09:18:16
Module: LAST_ERROR
Не введено название.<br>
#0: KPLab\Logs\IBlock::setData
	/home/bitrix/www/local/modules/kplab.api.v2/controller/BalancePlatformRequest.php:241
#1: KPLab\API\V2\Controller\BalancePlatformRequest->recieveAction
	
#2: ReflectionMethod->invokeArgs
	/home/bitrix/www/bitrix/modules/main/lib/engine/autowire/binder.php:207
#3: Bitrix\Main\Engine\AutoWire\Binder->invoke
	/home/bitrix/www/bitrix/modules/main/lib/engine/action.php:117
#4: Bitrix\Main\Engine\Action->runWithSourceParametersList
	/home/bitrix/www/bitrix/modules/main/lib/engine/controller.php:425
#5: Bitrix\Main\Engine\Controller->run
	/home/bitrix/www/bitrix/modules/main/lib/httpapplication.php:140
----------
Host: crm.sodeistvie.su:443
Date: 2024-12-05 09:20:06
Module: LAST_ERROR
Не введено название.<br>
#0: KPLab\Logs\IBlock::setData
	/home/bitrix/www/local/modules/kplab.api.v2/controller/BalancePlatformRequest.php:241
#1: KPLab\API\V2\Controller\BalancePlatformRequest->recieveAction
	
#2: ReflectionMethod->invokeArgs
	/home/bitrix/www/bitrix/modules/main/lib/engine/autowire/binder.php:207
#3: Bitrix\Main\Engine\AutoWire\Binder->invoke
	/home/bitrix/www/bitrix/modules/main/lib/engine/action.php:117
#4: Bitrix\Main\Engine\Action->runWithSourceParametersList
	/home/bitrix/www/bitrix/modules/main/lib/engine/controller.php:425
#5: Bitrix\Main\Engine\Controller->run
	/home/bitrix/www/bitrix/modules/main/lib/httpapplication.php:140
----------
Host: crm.sodeistvie.su:443
Date: 2024-12-05 09:46:16
Module: LAST_ERROR
Не введено название.<br>
#0: KPLab\Logs\IBlock::setData
	/home/bitrix/www/local/modules/kplab.api.v2/controller/BalancePlatformRequest.php:241
#1: KPLab\API\V2\Controller\BalancePlatformRequest->recieveAction
	
#2: ReflectionMethod->invokeArgs
	/home/bitrix/www/bitrix/modules/main/lib/engine/autowire/binder.php:207
#3: Bitrix\Main\Engine\AutoWire\Binder->invoke
	/home/bitrix/www/bitrix/modules/main/lib/engine/action.php:117
#4: Bitrix\Main\Engine\Action->runWithSourceParametersList
	/home/bitrix/www/bitrix/modules/main/lib/engine/controller.php:425
#5: Bitrix\Main\Engine\Controller->run
	/home/bitrix/www/bitrix/modules/main/lib/httpapplication.php:140
----------
Host: crm.sodeistvie.su:443
Date: 2024-12-05 09:49:59
Module: LAST_ERROR
Не введено название.<br>
#0: KPLab\Logs\IBlock::setData
	/home/bitrix/www/local/modules/kplab.api.v2/controller/BalancePlatformRequest.php:241
#1: KPLab\API\V2\Controller\BalancePlatformRequest->recieveAction
	
#2: ReflectionMethod->invokeArgs
	/home/bitrix/www/bitrix/modules/main/lib/engine/autowire/binder.php:207
#3: Bitrix\Main\Engine\AutoWire\Binder->invoke
	/home/bitrix/www/bitrix/modules/main/lib/engine/action.php:117
#4: Bitrix\Main\Engine\Action->runWithSourceParametersList
	/home/bitrix/www/bitrix/modules/main/lib/engine/controller.php:425
#5: Bitrix\Main\Engine\Controller->run
	/home/bitrix/www/bitrix/modules/main/lib/httpapplication.php:140
----------
Host: crm.sodeistvie.su:443
Date: 2024-12-05 09:58:16
Module: LAST_ERROR
Не введено название.<br>
#0: KPLab\Logs\IBlock::setData
	/home/bitrix/www/local/modules/kplab.api.v2/controller/BalancePlatformRequest.php:241
#1: KPLab\API\V2\Controller\BalancePlatformRequest->recieveAction
	
#2: ReflectionMethod->invokeArgs
	/home/bitrix/www/bitrix/modules/main/lib/engine/autowire/binder.php:207
#3: Bitrix\Main\Engine\AutoWire\Binder->invoke
	/home/bitrix/www/bitrix/modules/main/lib/engine/action.php:117
#4: Bitrix\Main\Engine\Action->runWithSourceParametersList
	/home/bitrix/www/bitrix/modules/main/lib/engine/controller.php:425
#5: Bitrix\Main\Engine\Controller->run
	/home/bitrix/www/bitrix/modules/main/lib/httpapplication.php:140
----------
Host: crm.sodeistvie.su:443
Date: 2024-12-05 09:58:44
Module: LAST_ERROR
Не введено название.<br>
#0: KPLab\Logs\IBlock::setData
	/home/bitrix/www/local/modules/kplab.api.v2/controller/BalancePlatformRequest.php:241
#1: KPLab\API\V2\Controller\BalancePlatformRequest->recieveAction
	
#2: ReflectionMethod->invokeArgs
	/home/bitrix/www/bitrix/modules/main/lib/engine/autowire/binder.php:207
#3: Bitrix\Main\Engine\AutoWire\Binder->invoke
	/home/bitrix/www/bitrix/modules/main/lib/engine/action.php:117
#4: Bitrix\Main\Engine\Action->runWithSourceParametersList
	/home/bitrix/www/bitrix/modules/main/lib/engine/controller.php:425
#5: Bitrix\Main\Engine\Controller->run
	/home/bitrix/www/bitrix/modules/main/lib/httpapplication.php:140
----------
Host: crm.sodeistvie.su:443
Date: 2024-12-05 10:07:59
Module: LAST_ERROR
Не введено название.<br>
#0: KPLab\Logs\IBlock::setData
	/home/bitrix/www/local/modules/kplab.api.v2/controller/BalancePlatformRequest.php:241
#1: KPLab\API\V2\Controller\BalancePlatformRequest->recieveAction
	
#2: ReflectionMethod->invokeArgs
	/home/bitrix/www/bitrix/modules/main/lib/engine/autowire/binder.php:207
#3: Bitrix\Main\Engine\AutoWire\Binder->invoke
	/home/bitrix/www/bitrix/modules/main/lib/engine/action.php:117
#4: Bitrix\Main\Engine\Action->runWithSourceParametersList
	/home/bitrix/www/bitrix/modules/main/lib/engine/controller.php:425
#5: Bitrix\Main\Engine\Controller->run
	/home/bitrix/www/bitrix/modules/main/lib/httpapplication.php:140
----------
Host: crm.sodeistvie.su:443
Date: 2024-12-05 10:11:10
Module: LAST_ERROR
Не введено название.<br>
#0: KPLab\Logs\IBlock::setData
	/home/bitrix/www/local/modules/kplab.api.v2/controller/BalancePlatformRequest.php:241
#1: KPLab\API\V2\Controller\BalancePlatformRequest->recieveAction
	
#2: ReflectionMethod->invokeArgs
	/home/bitrix/www/bitrix/modules/main/lib/engine/autowire/binder.php:207
#3: Bitrix\Main\Engine\AutoWire\Binder->invoke
	/home/bitrix/www/bitrix/modules/main/lib/engine/action.php:117
#4: Bitrix\Main\Engine\Action->runWithSourceParametersList
	/home/bitrix/www/bitrix/modules/main/lib/engine/controller.php:425
#5: Bitrix\Main\Engine\Controller->run
	/home/bitrix/www/bitrix/modules/main/lib/httpapplication.php:140
----------
Host: crm.sodeistvie.su:443
Date: 2024-12-05 10:13:01
Module: LAST_ERROR
Не введено название.<br>
#0: KPLab\Logs\IBlock::setData
	/home/bitrix/www/local/modules/kplab.api.v2/controller/BalancePlatformRequest.php:241
#1: KPLab\API\V2\Controller\BalancePlatformRequest->recieveAction
	
#2: ReflectionMethod->invokeArgs
	/home/bitrix/www/bitrix/modules/main/lib/engine/autowire/binder.php:207
#3: Bitrix\Main\Engine\AutoWire\Binder->invoke
	/home/bitrix/www/bitrix/modules/main/lib/engine/action.php:117
#4: Bitrix\Main\Engine\Action->runWithSourceParametersList
	/home/bitrix/www/bitrix/modules/main/lib/engine/controller.php:425
#5: Bitrix\Main\Engine\Controller->run
	/home/bitrix/www/bitrix/modules/main/lib/httpapplication.php:140
----------
Host: crm.sodeistvie.su:443
Date: 2024-12-05 10:13:12
Module: LAST_ERROR
Не введено название.<br>
#0: KPLab\Logs\IBlock::setData
	/home/bitrix/www/local/modules/kplab.api.v2/controller/BalancePlatformRequest.php:241
#1: KPLab\API\V2\Controller\BalancePlatformRequest->recieveAction
	
#2: ReflectionMethod->invokeArgs
	/home/bitrix/www/bitrix/modules/main/lib/engine/autowire/binder.php:207
#3: Bitrix\Main\Engine\AutoWire\Binder->invoke
	/home/bitrix/www/bitrix/modules/main/lib/engine/action.php:117
#4: Bitrix\Main\Engine\Action->runWithSourceParametersList
	/home/bitrix/www/bitrix/modules/main/lib/engine/controller.php:425
#5: Bitrix\Main\Engine\Controller->run
	/home/bitrix/www/bitrix/modules/main/lib/httpapplication.php:140
----------
Host: crm.sodeistvie.su:443
Date: 2024-12-05 10:14:27
Module: LAST_ERROR
Не введено название.<br>
#0: KPLab\Logs\IBlock::setData
	/home/bitrix/www/local/modules/kplab.api.v2/controller/BalancePlatformRequest.php:241
#1: KPLab\API\V2\Controller\BalancePlatformRequest->recieveAction
	
#2: ReflectionMethod->invokeArgs
	/home/bitrix/www/bitrix/modules/main/lib/engine/autowire/binder.php:207
#3: Bitrix\Main\Engine\AutoWire\Binder->invoke
	/home/bitrix/www/bitrix/modules/main/lib/engine/action.php:117
#4: Bitrix\Main\Engine\Action->runWithSourceParametersList
	/home/bitrix/www/bitrix/modules/main/lib/engine/controller.php:425
#5: Bitrix\Main\Engine\Controller->run
	/home/bitrix/www/bitrix/modules/main/lib/httpapplication.php:140
----------
Host: crm.sodeistvie.su:443
Date: 2024-12-05 10:14:29
Module: LAST_ERROR
Не введено название.<br>
#0: KPLab\Logs\IBlock::setData
	/home/bitrix/www/local/modules/kplab.api.v2/controller/BalancePlatformRequest.php:241
#1: KPLab\API\V2\Controller\BalancePlatformRequest->recieveAction
	
#2: ReflectionMethod->invokeArgs
	/home/bitrix/www/bitrix/modules/main/lib/engine/autowire/binder.php:207
#3: Bitrix\Main\Engine\AutoWire\Binder->invoke
	/home/bitrix/www/bitrix/modules/main/lib/engine/action.php:117
#4: Bitrix\Main\Engine\Action->runWithSourceParametersList
	/home/bitrix/www/bitrix/modules/main/lib/engine/controller.php:425
#5: Bitrix\Main\Engine\Controller->run
	/home/bitrix/www/bitrix/modules/main/lib/httpapplication.php:140
----------
Host: crm.sodeistvie.su:443
Date: 2024-12-05 11:04:57
Module: LAST_ERROR
Не введено название.<br>
#0: KPLab\Logs\IBlock::setData
	/home/bitrix/www/local/modules/kplab.api.v2/controller/BalancePlatformRequest.php:204
#1: KPLab\API\V2\Controller\BalancePlatformRequest->recieveAction
	
#2: ReflectionMethod->invokeArgs
	/home/bitrix/www/bitrix/modules/main/lib/engine/autowire/binder.php:207
#3: Bitrix\Main\Engine\AutoWire\Binder->invoke
	/home/bitrix/www/bitrix/modules/main/lib/engine/action.php:117
#4: Bitrix\Main\Engine\Action->runWithSourceParametersList
	/home/bitrix/www/bitrix/modules/main/lib/engine/controller.php:425
#5: Bitrix\Main\Engine\Controller->run
	/home/bitrix/www/bitrix/modules/main/lib/httpapplication.php:140
----------
Host: crm.sodeistvie.su:443
Date: 2024-12-05 12:26:32
Module: LAST_ERROR
Не введено название.<br>
#0: KPLab\Logs\IBlock::setData
	/home/bitrix/www/local/modules/kplab.api.v2/controller/BalancePlatformRequest.php:241
#1: KPLab\API\V2\Controller\BalancePlatformRequest->recieveAction
	
#2: ReflectionMethod->invokeArgs
	/home/bitrix/www/bitrix/modules/main/lib/engine/autowire/binder.php:207
#3: Bitrix\Main\Engine\AutoWire\Binder->invoke
	/home/bitrix/www/bitrix/modules/main/lib/engine/action.php:117
#4: Bitrix\Main\Engine\Action->runWithSourceParametersList
	/home/bitrix/www/bitrix/modules/main/lib/engine/controller.php:425
#5: Bitrix\Main\Engine\Controller->run
	/home/bitrix/www/bitrix/modules/main/lib/httpapplication.php:140
----------
Host: crm.sodeistvie.su:443
Date: 2024-12-05 12:31:32
Module: LAST_ERROR
Не введено название.<br>
#0: KPLab\Logs\IBlock::setData
	/home/bitrix/www/local/modules/kplab.api.v2/controller/BalancePlatformRequest.php:241
#1: KPLab\API\V2\Controller\BalancePlatformRequest->recieveAction
	
#2: ReflectionMethod->invokeArgs
	/home/bitrix/www/bitrix/modules/main/lib/engine/autowire/binder.php:207
#3: Bitrix\Main\Engine\AutoWire\Binder->invoke
	/home/bitrix/www/bitrix/modules/main/lib/engine/action.php:117
#4: Bitrix\Main\Engine\Action->runWithSourceParametersList
	/home/bitrix/www/bitrix/modules/main/lib/engine/controller.php:425
#5: Bitrix\Main\Engine\Controller->run
	/home/bitrix/www/bitrix/modules/main/lib/httpapplication.php:140
----------
Host: crm.sodeistvie.su:443
Date: 2024-12-05 13:02:17
Module: LAST_ERROR
Не введено название.<br>
#0: KPLab\Logs\IBlock::setData
	/home/bitrix/www/local/modules/kplab.api.v2/controller/BalancePlatformRequest.php:241
#1: KPLab\API\V2\Controller\BalancePlatformRequest->recieveAction
	
#2: ReflectionMethod->invokeArgs
	/home/bitrix/www/bitrix/modules/main/lib/engine/autowire/binder.php:207
#3: Bitrix\Main\Engine\AutoWire\Binder->invoke
	/home/bitrix/www/bitrix/modules/main/lib/engine/action.php:117
#4: Bitrix\Main\Engine\Action->runWithSourceParametersList
	/home/bitrix/www/bitrix/modules/main/lib/engine/controller.php:425
#5: Bitrix\Main\Engine\Controller->run
	/home/bitrix/www/bitrix/modules/main/lib/httpapplication.php:140
----------
Host: crm.sodeistvie.su:443
Date: 2024-12-05 13:02:39
Module: LAST_ERROR
Не введено название.<br>
#0: KPLab\Logs\IBlock::setData
	/home/bitrix/www/local/modules/kplab.api.v2/controller/BalancePlatformRequest.php:241
#1: KPLab\API\V2\Controller\BalancePlatformRequest->recieveAction
	
#2: ReflectionMethod->invokeArgs
	/home/bitrix/www/bitrix/modules/main/lib/engine/autowire/binder.php:207
#3: Bitrix\Main\Engine\AutoWire\Binder->invoke
	/home/bitrix/www/bitrix/modules/main/lib/engine/action.php:117
#4: Bitrix\Main\Engine\Action->runWithSourceParametersList
	/home/bitrix/www/bitrix/modules/main/lib/engine/controller.php:425
#5: Bitrix\Main\Engine\Controller->run
	/home/bitrix/www/bitrix/modules/main/lib/httpapplication.php:140
----------
Host: crm.sodeistvie.su:443
Date: 2024-12-05 15:42:54
Module: LAST_ERROR
Не введено название.<br>
#0: KPLab\Logs\IBlock::setData
	/home/bitrix/www/local/modules/kplab.api.v2/controller/BalancePlatformRequest.php:204
#1: KPLab\API\V2\Controller\BalancePlatformRequest->recieveAction
	
#2: ReflectionMethod->invokeArgs
	/home/bitrix/www/bitrix/modules/main/lib/engine/autowire/binder.php:207
#3: Bitrix\Main\Engine\AutoWire\Binder->invoke
	/home/bitrix/www/bitrix/modules/main/lib/engine/action.php:117
#4: Bitrix\Main\Engine\Action->runWithSourceParametersList
	/home/bitrix/www/bitrix/modules/main/lib/engine/controller.php:425
#5: Bitrix\Main\Engine\Controller->run
	/home/bitrix/www/bitrix/modules/main/lib/httpapplication.php:140
----------
Host: crm.sodeistvie.su:443
Date: 2024-12-12 10:34:56
Module: LAST_ERROR
Не введено название.<br>
#0: KPLab\Logs\IBlock::setData
	/home/bitrix/www/local/modules/kplab.api.v2/controller/BalancePlatformRequest.php:204
#1: KPLab\API\V2\Controller\BalancePlatformRequest->recieveAction
	
#2: ReflectionMethod->invokeArgs
	/home/bitrix/www/bitrix/modules/main/lib/engine/autowire/binder.php:207
#3: Bitrix\Main\Engine\AutoWire\Binder->invoke
	/home/bitrix/www/bitrix/modules/main/lib/engine/action.php:117
#4: Bitrix\Main\Engine\Action->runWithSourceParametersList
	/home/bitrix/www/bitrix/modules/main/lib/engine/controller.php:425
#5: Bitrix\Main\Engine\Controller->run
	/home/bitrix/www/bitrix/modules/main/lib/httpapplication.php:140
----------
Host: crm.sodeistvie.su:443
Date: 2024-12-12 11:19:22
Module: LAST_ERROR
Не введено название.<br>
#0: KPLab\Logs\IBlock::setData
	/home/bitrix/www/local/modules/kplab.api.v2/controller/BalancePlatformRequest.php:204
#1: KPLab\API\V2\Controller\BalancePlatformRequest->recieveAction
	
#2: ReflectionMethod->invokeArgs
	/home/bitrix/www/bitrix/modules/main/lib/engine/autowire/binder.php:207
#3: Bitrix\Main\Engine\AutoWire\Binder->invoke
	/home/bitrix/www/bitrix/modules/main/lib/engine/action.php:117
#4: Bitrix\Main\Engine\Action->runWithSourceParametersList
	/home/bitrix/www/bitrix/modules/main/lib/engine/controller.php:425
#5: Bitrix\Main\Engine\Controller->run
	/home/bitrix/www/bitrix/modules/main/lib/httpapplication.php:140
----------
Host: crm.sodeistvie.su:443
Date: 2024-12-19 10:27:30
Module: LAST_ERROR
Не введено название.<br>
#0: KPLab\Logs\IBlock::setData
	/home/bitrix/www/local/modules/kplab.api.v2/controller/BalancePlatformRequest.php:204
#1: KPLab\API\V2\Controller\BalancePlatformRequest->recieveAction
	
#2: ReflectionMethod->invokeArgs
	/home/bitrix/www/bitrix/modules/main/lib/engine/autowire/binder.php:207
#3: Bitrix\Main\Engine\AutoWire\Binder->invoke
	/home/bitrix/www/bitrix/modules/main/lib/engine/action.php:117
#4: Bitrix\Main\Engine\Action->runWithSourceParametersList
	/home/bitrix/www/bitrix/modules/main/lib/engine/controller.php:425
#5: Bitrix\Main\Engine\Controller->run
	/home/bitrix/www/bitrix/modules/main/lib/httpapplication.php:140
----------
Host: crm.sodeistvie.su:443
Date: 2024-12-19 10:31:25
Module: LAST_ERROR
Не введено название.<br>
#0: KPLab\Logs\IBlock::setData
	/home/bitrix/www/local/modules/kplab.api.v2/controller/BalancePlatformRequest.php:204
#1: KPLab\API\V2\Controller\BalancePlatformRequest->recieveAction
	
#2: ReflectionMethod->invokeArgs
	/home/bitrix/www/bitrix/modules/main/lib/engine/autowire/binder.php:207
#3: Bitrix\Main\Engine\AutoWire\Binder->invoke
	/home/bitrix/www/bitrix/modules/main/lib/engine/action.php:117
#4: Bitrix\Main\Engine\Action->runWithSourceParametersList
	/home/bitrix/www/bitrix/modules/main/lib/engine/controller.php:425
#5: Bitrix\Main\Engine\Controller->run
	/home/bitrix/www/bitrix/modules/main/lib/httpapplication.php:140
----------
Host: crm.sodeistvie.su:443
Date: 2024-12-19 10:33:04
Module: LAST_ERROR
Не введено название.<br>
#0: KPLab\Logs\IBlock::setData
	/home/bitrix/www/local/modules/kplab.api.v2/controller/BalancePlatformRequest.php:204
#1: KPLab\API\V2\Controller\BalancePlatformRequest->recieveAction
	
#2: ReflectionMethod->invokeArgs
	/home/bitrix/www/bitrix/modules/main/lib/engine/autowire/binder.php:207
#3: Bitrix\Main\Engine\AutoWire\Binder->invoke
	/home/bitrix/www/bitrix/modules/main/lib/engine/action.php:117
#4: Bitrix\Main\Engine\Action->runWithSourceParametersList
	/home/bitrix/www/bitrix/modules/main/lib/engine/controller.php:425
#5: Bitrix\Main\Engine\Controller->run
	/home/bitrix/www/bitrix/modules/main/lib/httpapplication.php:140
----------
Host: crm.sodeistvie.su:443
Date: 2024-12-19 10:45:11
Module: LAST_ERROR
Не введено название.<br>
#0: KPLab\Logs\IBlock::setData
	/home/bitrix/www/local/modules/kplab.api.v2/controller/BalancePlatformRequest.php:204
#1: KPLab\API\V2\Controller\BalancePlatformRequest->recieveAction
	
#2: ReflectionMethod->invokeArgs
	/home/bitrix/www/bitrix/modules/main/lib/engine/autowire/binder.php:207
#3: Bitrix\Main\Engine\AutoWire\Binder->invoke
	/home/bitrix/www/bitrix/modules/main/lib/engine/action.php:117
#4: Bitrix\Main\Engine\Action->runWithSourceParametersList
	/home/bitrix/www/bitrix/modules/main/lib/engine/controller.php:425
#5: Bitrix\Main\Engine\Controller->run
	/home/bitrix/www/bitrix/modules/main/lib/httpapplication.php:140
----------
Host: crm.sodeistvie.su:443
Date: 2024-12-19 10:47:37
Module: LAST_ERROR
Не введено название.<br>
#0: KPLab\Logs\IBlock::setData
	/home/bitrix/www/local/modules/kplab.api.v2/controller/BalancePlatformRequest.php:204
#1: KPLab\API\V2\Controller\BalancePlatformRequest->recieveAction
	
#2: ReflectionMethod->invokeArgs
	/home/bitrix/www/bitrix/modules/main/lib/engine/autowire/binder.php:207
#3: Bitrix\Main\Engine\AutoWire\Binder->invoke
	/home/bitrix/www/bitrix/modules/main/lib/engine/action.php:117
#4: Bitrix\Main\Engine\Action->runWithSourceParametersList
	/home/bitrix/www/bitrix/modules/main/lib/engine/controller.php:425
#5: Bitrix\Main\Engine\Controller->run
	/home/bitrix/www/bitrix/modules/main/lib/httpapplication.php:140
----------
Host: crm.sodeistvie.su:443
Date: 2024-12-19 10:48:00
Module: LAST_ERROR
Не введено название.<br>
#0: KPLab\Logs\IBlock::setData
	/home/bitrix/www/local/modules/kplab.api.v2/controller/BalancePlatformRequest.php:204
#1: KPLab\API\V2\Controller\BalancePlatformRequest->recieveAction
	
#2: ReflectionMethod->invokeArgs
	/home/bitrix/www/bitrix/modules/main/lib/engine/autowire/binder.php:207
#3: Bitrix\Main\Engine\AutoWire\Binder->invoke
	/home/bitrix/www/bitrix/modules/main/lib/engine/action.php:117
#4: Bitrix\Main\Engine\Action->runWithSourceParametersList
	/home/bitrix/www/bitrix/modules/main/lib/engine/controller.php:425
#5: Bitrix\Main\Engine\Controller->run
	/home/bitrix/www/bitrix/modules/main/lib/httpapplication.php:140
----------
Host: crm.sodeistvie.su:443
Date: 2024-12-19 10:49:16
Module: LAST_ERROR
Не введено название.<br>
#0: KPLab\Logs\IBlock::setData
	/home/bitrix/www/local/modules/kplab.api.v2/controller/BalancePlatformRequest.php:204
#1: KPLab\API\V2\Controller\BalancePlatformRequest->recieveAction
	
#2: ReflectionMethod->invokeArgs
	/home/bitrix/www/bitrix/modules/main/lib/engine/autowire/binder.php:207
#3: Bitrix\Main\Engine\AutoWire\Binder->invoke
	/home/bitrix/www/bitrix/modules/main/lib/engine/action.php:117
#4: Bitrix\Main\Engine\Action->runWithSourceParametersList
	/home/bitrix/www/bitrix/modules/main/lib/engine/controller.php:425
#5: Bitrix\Main\Engine\Controller->run
	/home/bitrix/www/bitrix/modules/main/lib/httpapplication.php:140
----------
Host: crm.sodeistvie.su:443
Date: 2024-12-19 10:50:24
Module: LAST_ERROR
Не введено название.<br>
#0: KPLab\Logs\IBlock::setData
	/home/bitrix/www/local/modules/kplab.api.v2/controller/BalancePlatformRequest.php:204
#1: KPLab\API\V2\Controller\BalancePlatformRequest->recieveAction
	
#2: ReflectionMethod->invokeArgs
	/home/bitrix/www/bitrix/modules/main/lib/engine/autowire/binder.php:207
#3: Bitrix\Main\Engine\AutoWire\Binder->invoke
	/home/bitrix/www/bitrix/modules/main/lib/engine/action.php:117
#4: Bitrix\Main\Engine\Action->runWithSourceParametersList
	/home/bitrix/www/bitrix/modules/main/lib/engine/controller.php:425
#5: Bitrix\Main\Engine\Controller->run
	/home/bitrix/www/bitrix/modules/main/lib/httpapplication.php:140
----------
Host: crm.sodeistvie.su:443
Date: 2024-12-19 10:51:42
Module: LAST_ERROR
Не введено название.<br>
#0: KPLab\Logs\IBlock::setData
	/home/bitrix/www/local/modules/kplab.api.v2/controller/BalancePlatformRequest.php:204
#1: KPLab\API\V2\Controller\BalancePlatformRequest->recieveAction
	
#2: ReflectionMethod->invokeArgs
	/home/bitrix/www/bitrix/modules/main/lib/engine/autowire/binder.php:207
#3: Bitrix\Main\Engine\AutoWire\Binder->invoke
	/home/bitrix/www/bitrix/modules/main/lib/engine/action.php:117
#4: Bitrix\Main\Engine\Action->runWithSourceParametersList
	/home/bitrix/www/bitrix/modules/main/lib/engine/controller.php:425
#5: Bitrix\Main\Engine\Controller->run
	/home/bitrix/www/bitrix/modules/main/lib/httpapplication.php:140
----------
Host: crm.sodeistvie.su:443
Date: 2024-12-19 10:53:40
Module: LAST_ERROR
Не введено название.<br>
#0: KPLab\Logs\IBlock::setData
	/home/bitrix/www/local/modules/kplab.api.v2/controller/BalancePlatformRequest.php:204
#1: KPLab\API\V2\Controller\BalancePlatformRequest->recieveAction
	
#2: ReflectionMethod->invokeArgs
	/home/bitrix/www/bitrix/modules/main/lib/engine/autowire/binder.php:207
#3: Bitrix\Main\Engine\AutoWire\Binder->invoke
	/home/bitrix/www/bitrix/modules/main/lib/engine/action.php:117
#4: Bitrix\Main\Engine\Action->runWithSourceParametersList
	/home/bitrix/www/bitrix/modules/main/lib/engine/controller.php:425
#5: Bitrix\Main\Engine\Controller->run
	/home/bitrix/www/bitrix/modules/main/lib/httpapplication.php:140
----------
Host: crm.sodeistvie.su:443
Date: 2024-12-20 11:43:31
Module: LAST_ERROR
Не введено название.<br>
#0: KPLab\Logs\IBlock::setData
	/home/bitrix/www/local/modules/kplab.api.v2/controller/BalancePlatformRequest.php:204
#1: KPLab\API\V2\Controller\BalancePlatformRequest->recieveAction
	
#2: ReflectionMethod->invokeArgs
	/home/bitrix/www/bitrix/modules/main/lib/engine/autowire/binder.php:207
#3: Bitrix\Main\Engine\AutoWire\Binder->invoke
	/home/bitrix/www/bitrix/modules/main/lib/engine/action.php:117
#4: Bitrix\Main\Engine\Action->runWithSourceParametersList
	/home/bitrix/www/bitrix/modules/main/lib/engine/controller.php:425
#5: Bitrix\Main\Engine\Controller->run
	/home/bitrix/www/bitrix/modules/main/lib/httpapplication.php:140
----------
Host: crm.sodeistvie.su:443
Date: 2024-12-24 15:26:05
Module: LAST_ERROR
Не введено название.<br>
#0: KPLab\Logs\IBlock::setData
	/home/bitrix/www/local/modules/kplab.api.v2/controller/BalancePlatformRequest.php:241
#1: KPLab\API\V2\Controller\BalancePlatformRequest->recieveAction
	
#2: ReflectionMethod->invokeArgs
	/home/bitrix/www/bitrix/modules/main/lib/engine/autowire/binder.php:207
#3: Bitrix\Main\Engine\AutoWire\Binder->invoke
	/home/bitrix/www/bitrix/modules/main/lib/engine/action.php:117
#4: Bitrix\Main\Engine\Action->runWithSourceParametersList
	/home/bitrix/www/bitrix/modules/main/lib/engine/controller.php:425
#5: Bitrix\Main\Engine\Controller->run
	/home/bitrix/www/bitrix/modules/main/lib/httpapplication.php:140
----------
Host: crm.sodeistvie.su:443
Date: 2025-01-09 09:11:14
Module: LAST_ERROR
Не введено название.<br>
#0: KPLab\Logs\IBlock::setData
	/home/bitrix/www/local/modules/kplab.api.v2/controller/BalancePlatformRequest.php:204
#1: KPLab\API\V2\Controller\BalancePlatformRequest->recieveAction
	
#2: ReflectionMethod->invokeArgs
	/home/bitrix/www/bitrix/modules/main/lib/engine/autowire/binder.php:207
#3: Bitrix\Main\Engine\AutoWire\Binder->invoke
	/home/bitrix/www/bitrix/modules/main/lib/engine/action.php:117
#4: Bitrix\Main\Engine\Action->runWithSourceParametersList
	/home/bitrix/www/bitrix/modules/main/lib/engine/controller.php:425
#5: Bitrix\Main\Engine\Controller->run
	/home/bitrix/www/bitrix/modules/main/lib/httpapplication.php:141
----------
Host: crm.sodeistvie.su:443
Date: 2025-01-09 09:11:26
Module: LAST_ERROR
Не введено название.<br>
#0: KPLab\Logs\IBlock::setData
	/home/bitrix/www/local/modules/kplab.api.v2/controller/BalancePlatformRequest.php:204
#1: KPLab\API\V2\Controller\BalancePlatformRequest->recieveAction
	
#2: ReflectionMethod->invokeArgs
	/home/bitrix/www/bitrix/modules/main/lib/engine/autowire/binder.php:207
#3: Bitrix\Main\Engine\AutoWire\Binder->invoke
	/home/bitrix/www/bitrix/modules/main/lib/engine/action.php:117
#4: Bitrix\Main\Engine\Action->runWithSourceParametersList
	/home/bitrix/www/bitrix/modules/main/lib/engine/controller.php:425
#5: Bitrix\Main\Engine\Controller->run
	/home/bitrix/www/bitrix/modules/main/lib/httpapplication.php:141
----------
Host: crm.sodeistvie.su:443
Date: 2025-01-09 09:11:30
Module: LAST_ERROR
Не введено название.<br>
#0: KPLab\Logs\IBlock::setData
	/home/bitrix/www/local/modules/kplab.api.v2/controller/BalancePlatformRequest.php:204
#1: KPLab\API\V2\Controller\BalancePlatformRequest->recieveAction
	
#2: ReflectionMethod->invokeArgs
	/home/bitrix/www/bitrix/modules/main/lib/engine/autowire/binder.php:207
#3: Bitrix\Main\Engine\AutoWire\Binder->invoke
	/home/bitrix/www/bitrix/modules/main/lib/engine/action.php:117
#4: Bitrix\Main\Engine\Action->runWithSourceParametersList
	/home/bitrix/www/bitrix/modules/main/lib/engine/controller.php:425
#5: Bitrix\Main\Engine\Controller->run
	/home/bitrix/www/bitrix/modules/main/lib/httpapplication.php:141
----------
Host: crm.sodeistvie.su:443
Date: 2025-01-09 09:13:24
Module: LAST_ERROR
Не введено название.<br>
#0: KPLab\Logs\IBlock::setData
	/home/bitrix/www/local/modules/kplab.api.v2/controller/BalancePlatformRequest.php:204
#1: KPLab\API\V2\Controller\BalancePlatformRequest->recieveAction
	
#2: ReflectionMethod->invokeArgs
	/home/bitrix/www/bitrix/modules/main/lib/engine/autowire/binder.php:207
#3: Bitrix\Main\Engine\AutoWire\Binder->invoke
	/home/bitrix/www/bitrix/modules/main/lib/engine/action.php:117
#4: Bitrix\Main\Engine\Action->runWithSourceParametersList
	/home/bitrix/www/bitrix/modules/main/lib/engine/controller.php:425
#5: Bitrix\Main\Engine\Controller->run
	/home/bitrix/www/bitrix/modules/main/lib/httpapplication.php:141
----------
Host: crm.sodeistvie.su:443
Date: 2025-01-09 09:16:11
Module: LAST_ERROR
Не введено название.<br>
#0: KPLab\Logs\IBlock::setData
	/home/bitrix/www/local/modules/kplab.api.v2/controller/BalancePlatformRequest.php:204
#1: KPLab\API\V2\Controller\BalancePlatformRequest->recieveAction
	
#2: ReflectionMethod->invokeArgs
	/home/bitrix/www/bitrix/modules/main/lib/engine/autowire/binder.php:207
#3: Bitrix\Main\Engine\AutoWire\Binder->invoke
	/home/bitrix/www/bitrix/modules/main/lib/engine/action.php:117
#4: Bitrix\Main\Engine\Action->runWithSourceParametersList
	/home/bitrix/www/bitrix/modules/main/lib/engine/controller.php:425
#5: Bitrix\Main\Engine\Controller->run
	/home/bitrix/www/bitrix/modules/main/lib/httpapplication.php:141
----------
Host: crm.sodeistvie.su:443
Date: 2025-01-09 09:17:03
Module: LAST_ERROR
Не введено название.<br>
#0: KPLab\Logs\IBlock::setData
	/home/bitrix/www/local/modules/kplab.api.v2/controller/BalancePlatformRequest.php:204
#1: KPLab\API\V2\Controller\BalancePlatformRequest->recieveAction
	
#2: ReflectionMethod->invokeArgs
	/home/bitrix/www/bitrix/modules/main/lib/engine/autowire/binder.php:207
#3: Bitrix\Main\Engine\AutoWire\Binder->invoke
	/home/bitrix/www/bitrix/modules/main/lib/engine/action.php:117
#4: Bitrix\Main\Engine\Action->runWithSourceParametersList
	/home/bitrix/www/bitrix/modules/main/lib/engine/controller.php:425
#5: Bitrix\Main\Engine\Controller->run
	/home/bitrix/www/bitrix/modules/main/lib/httpapplication.php:141
----------
Host: crm.sodeistvie.su:443
Date: 2025-01-09 09:17:17
Module: LAST_ERROR
Не введено название.<br>
#0: KPLab\Logs\IBlock::setData
	/home/bitrix/www/local/modules/kplab.api.v2/controller/BalancePlatformRequest.php:204
#1: KPLab\API\V2\Controller\BalancePlatformRequest->recieveAction
	
#2: ReflectionMethod->invokeArgs
	/home/bitrix/www/bitrix/modules/main/lib/engine/autowire/binder.php:207
#3: Bitrix\Main\Engine\AutoWire\Binder->invoke
	/home/bitrix/www/bitrix/modules/main/lib/engine/action.php:117
#4: Bitrix\Main\Engine\Action->runWithSourceParametersList
	/home/bitrix/www/bitrix/modules/main/lib/engine/controller.php:425
#5: Bitrix\Main\Engine\Controller->run
	/home/bitrix/www/bitrix/modules/main/lib/httpapplication.php:141
----------
Host: crm.sodeistvie.su:443
Date: 2025-01-09 09:18:09
Module: LAST_ERROR
Не введено название.<br>
#0: KPLab\Logs\IBlock::setData
	/home/bitrix/www/local/modules/kplab.api.v2/controller/BalancePlatformRequest.php:204
#1: KPLab\API\V2\Controller\BalancePlatformRequest->recieveAction
	
#2: ReflectionMethod->invokeArgs
	/home/bitrix/www/bitrix/modules/main/lib/engine/autowire/binder.php:207
#3: Bitrix\Main\Engine\AutoWire\Binder->invoke
	/home/bitrix/www/bitrix/modules/main/lib/engine/action.php:117
#4: Bitrix\Main\Engine\Action->runWithSourceParametersList
	/home/bitrix/www/bitrix/modules/main/lib/engine/controller.php:425
#5: Bitrix\Main\Engine\Controller->run
	/home/bitrix/www/bitrix/modules/main/lib/httpapplication.php:141
----------
Host: crm.sodeistvie.su:443
Date: 2025-01-09 09:18:53
Module: LAST_ERROR
Не введено название.<br>
#0: KPLab\Logs\IBlock::setData
	/home/bitrix/www/local/modules/kplab.api.v2/controller/BalancePlatformRequest.php:204
#1: KPLab\API\V2\Controller\BalancePlatformRequest->recieveAction
	
#2: ReflectionMethod->invokeArgs
	/home/bitrix/www/bitrix/modules/main/lib/engine/autowire/binder.php:207
#3: Bitrix\Main\Engine\AutoWire\Binder->invoke
	/home/bitrix/www/bitrix/modules/main/lib/engine/action.php:117
#4: Bitrix\Main\Engine\Action->runWithSourceParametersList
	/home/bitrix/www/bitrix/modules/main/lib/engine/controller.php:425
#5: Bitrix\Main\Engine\Controller->run
	/home/bitrix/www/bitrix/modules/main/lib/httpapplication.php:141
----------
Host: crm.sodeistvie.su:443
Date: 2025-01-09 09:19:41
Module: LAST_ERROR
Не введено название.<br>
#0: KPLab\Logs\IBlock::setData
	/home/bitrix/www/local/modules/kplab.api.v2/controller/BalancePlatformRequest.php:204
#1: KPLab\API\V2\Controller\BalancePlatformRequest->recieveAction
	
#2: ReflectionMethod->invokeArgs
	/home/bitrix/www/bitrix/modules/main/lib/engine/autowire/binder.php:207
#3: Bitrix\Main\Engine\AutoWire\Binder->invoke
	/home/bitrix/www/bitrix/modules/main/lib/engine/action.php:117
#4: Bitrix\Main\Engine\Action->runWithSourceParametersList
	/home/bitrix/www/bitrix/modules/main/lib/engine/controller.php:425
#5: Bitrix\Main\Engine\Controller->run
	/home/bitrix/www/bitrix/modules/main/lib/httpapplication.php:141
----------
Host: crm.sodeistvie.su:443
Date: 2025-01-09 09:20:23
Module: LAST_ERROR
Не введено название.<br>
#0: KPLab\Logs\IBlock::setData
	/home/bitrix/www/local/modules/kplab.api.v2/controller/BalancePlatformRequest.php:204
#1: KPLab\API\V2\Controller\BalancePlatformRequest->recieveAction
	
#2: ReflectionMethod->invokeArgs
	/home/bitrix/www/bitrix/modules/main/lib/engine/autowire/binder.php:207
#3: Bitrix\Main\Engine\AutoWire\Binder->invoke
	/home/bitrix/www/bitrix/modules/main/lib/engine/action.php:117
#4: Bitrix\Main\Engine\Action->runWithSourceParametersList
	/home/bitrix/www/bitrix/modules/main/lib/engine/controller.php:425
#5: Bitrix\Main\Engine\Controller->run
	/home/bitrix/www/bitrix/modules/main/lib/httpapplication.php:141
----------
Host: crm.sodeistvie.su:443
Date: 2025-01-09 09:21:29
Module: LAST_ERROR
Не введено название.<br>
#0: KPLab\Logs\IBlock::setData
	/home/bitrix/www/local/modules/kplab.api.v2/controller/BalancePlatformRequest.php:204
#1: KPLab\API\V2\Controller\BalancePlatformRequest->recieveAction
	
#2: ReflectionMethod->invokeArgs
	/home/bitrix/www/bitrix/modules/main/lib/engine/autowire/binder.php:207
#3: Bitrix\Main\Engine\AutoWire\Binder->invoke
	/home/bitrix/www/bitrix/modules/main/lib/engine/action.php:117
#4: Bitrix\Main\Engine\Action->runWithSourceParametersList
	/home/bitrix/www/bitrix/modules/main/lib/engine/controller.php:425
#5: Bitrix\Main\Engine\Controller->run
	/home/bitrix/www/bitrix/modules/main/lib/httpapplication.php:141
----------
Host: crm.sodeistvie.su:443
Date: 2025-01-09 09:22:11
Module: LAST_ERROR
Не введено название.<br>
#0: KPLab\Logs\IBlock::setData
	/home/bitrix/www/local/modules/kplab.api.v2/controller/BalancePlatformRequest.php:204
#1: KPLab\API\V2\Controller\BalancePlatformRequest->recieveAction
	
#2: ReflectionMethod->invokeArgs
	/home/bitrix/www/bitrix/modules/main/lib/engine/autowire/binder.php:207
#3: Bitrix\Main\Engine\AutoWire\Binder->invoke
	/home/bitrix/www/bitrix/modules/main/lib/engine/action.php:117
#4: Bitrix\Main\Engine\Action->runWithSourceParametersList
	/home/bitrix/www/bitrix/modules/main/lib/engine/controller.php:425
#5: Bitrix\Main\Engine\Controller->run
	/home/bitrix/www/bitrix/modules/main/lib/httpapplication.php:141
----------
Host: crm.sodeistvie.su:443
Date: 2025-01-09 09:22:30
Module: LAST_ERROR
Не введено название.<br>
#0: KPLab\Logs\IBlock::setData
	/home/bitrix/www/local/modules/kplab.api.v2/controller/BalancePlatformRequest.php:204
#1: KPLab\API\V2\Controller\BalancePlatformRequest->recieveAction
	
#2: ReflectionMethod->invokeArgs
	/home/bitrix/www/bitrix/modules/main/lib/engine/autowire/binder.php:207
#3: Bitrix\Main\Engine\AutoWire\Binder->invoke
	/home/bitrix/www/bitrix/modules/main/lib/engine/action.php:117
#4: Bitrix\Main\Engine\Action->runWithSourceParametersList
	/home/bitrix/www/bitrix/modules/main/lib/engine/controller.php:425
#5: Bitrix\Main\Engine\Controller->run
	/home/bitrix/www/bitrix/modules/main/lib/httpapplication.php:141
----------
Host: crm.sodeistvie.su:443
Date: 2025-01-09 09:22:50
Module: LAST_ERROR
Не введено название.<br>
#0: KPLab\Logs\IBlock::setData
	/home/bitrix/www/local/modules/kplab.api.v2/controller/BalancePlatformRequest.php:204
#1: KPLab\API\V2\Controller\BalancePlatformRequest->recieveAction
	
#2: ReflectionMethod->invokeArgs
	/home/bitrix/www/bitrix/modules/main/lib/engine/autowire/binder.php:207
#3: Bitrix\Main\Engine\AutoWire\Binder->invoke
	/home/bitrix/www/bitrix/modules/main/lib/engine/action.php:117
#4: Bitrix\Main\Engine\Action->runWithSourceParametersList
	/home/bitrix/www/bitrix/modules/main/lib/engine/controller.php:425
#5: Bitrix\Main\Engine\Controller->run
	/home/bitrix/www/bitrix/modules/main/lib/httpapplication.php:141
----------
Host: crm.sodeistvie.su:443
Date: 2025-01-09 09:23:30
Module: LAST_ERROR
Не введено название.<br>
#0: KPLab\Logs\IBlock::setData
	/home/bitrix/www/local/modules/kplab.api.v2/controller/BalancePlatformRequest.php:204
#1: KPLab\API\V2\Controller\BalancePlatformRequest->recieveAction
	
#2: ReflectionMethod->invokeArgs
	/home/bitrix/www/bitrix/modules/main/lib/engine/autowire/binder.php:207
#3: Bitrix\Main\Engine\AutoWire\Binder->invoke
	/home/bitrix/www/bitrix/modules/main/lib/engine/action.php:117
#4: Bitrix\Main\Engine\Action->runWithSourceParametersList
	/home/bitrix/www/bitrix/modules/main/lib/engine/controller.php:425
#5: Bitrix\Main\Engine\Controller->run
	/home/bitrix/www/bitrix/modules/main/lib/httpapplication.php:141
----------
Host: crm.sodeistvie.su:443
Date: 2025-01-09 09:23:39
Module: LAST_ERROR
Не введено название.<br>
#0: KPLab\Logs\IBlock::setData
	/home/bitrix/www/local/modules/kplab.api.v2/controller/BalancePlatformRequest.php:204
#1: KPLab\API\V2\Controller\BalancePlatformRequest->recieveAction
	
#2: ReflectionMethod->invokeArgs
	/home/bitrix/www/bitrix/modules/main/lib/engine/autowire/binder.php:207
#3: Bitrix\Main\Engine\AutoWire\Binder->invoke
	/home/bitrix/www/bitrix/modules/main/lib/engine/action.php:117
#4: Bitrix\Main\Engine\Action->runWithSourceParametersList
	/home/bitrix/www/bitrix/modules/main/lib/engine/controller.php:425
#5: Bitrix\Main\Engine\Controller->run
	/home/bitrix/www/bitrix/modules/main/lib/httpapplication.php:141
----------
Host: crm.sodeistvie.su:443
Date: 2025-01-09 09:24:34
Module: LAST_ERROR
Не введено название.<br>
#0: KPLab\Logs\IBlock::setData
	/home/bitrix/www/local/modules/kplab.api.v2/controller/BalancePlatformRequest.php:204
#1: KPLab\API\V2\Controller\BalancePlatformRequest->recieveAction
	
#2: ReflectionMethod->invokeArgs
	/home/bitrix/www/bitrix/modules/main/lib/engine/autowire/binder.php:207
#3: Bitrix\Main\Engine\AutoWire\Binder->invoke
	/home/bitrix/www/bitrix/modules/main/lib/engine/action.php:117
#4: Bitrix\Main\Engine\Action->runWithSourceParametersList
	/home/bitrix/www/bitrix/modules/main/lib/engine/controller.php:425
#5: Bitrix\Main\Engine\Controller->run
	/home/bitrix/www/bitrix/modules/main/lib/httpapplication.php:141
----------
Host: crm.sodeistvie.su:443
Date: 2025-01-09 09:25:59
Module: LAST_ERROR
Не введено название.<br>
#0: KPLab\Logs\IBlock::setData
	/home/bitrix/www/local/modules/kplab.api.v2/controller/BalancePlatformRequest.php:204
#1: KPLab\API\V2\Controller\BalancePlatformRequest->recieveAction
	
#2: ReflectionMethod->invokeArgs
	/home/bitrix/www/bitrix/modules/main/lib/engine/autowire/binder.php:207
#3: Bitrix\Main\Engine\AutoWire\Binder->invoke
	/home/bitrix/www/bitrix/modules/main/lib/engine/action.php:117
#4: Bitrix\Main\Engine\Action->runWithSourceParametersList
	/home/bitrix/www/bitrix/modules/main/lib/engine/controller.php:425
#5: Bitrix\Main\Engine\Controller->run
	/home/bitrix/www/bitrix/modules/main/lib/httpapplication.php:141
----------
Host: crm.sodeistvie.su:443
Date: 2025-01-09 09:27:06
Module: LAST_ERROR
Не введено название.<br>
#0: KPLab\Logs\IBlock::setData
	/home/bitrix/www/local/modules/kplab.api.v2/controller/BalancePlatformRequest.php:204
#1: KPLab\API\V2\Controller\BalancePlatformRequest->recieveAction
	
#2: ReflectionMethod->invokeArgs
	/home/bitrix/www/bitrix/modules/main/lib/engine/autowire/binder.php:207
#3: Bitrix\Main\Engine\AutoWire\Binder->invoke
	/home/bitrix/www/bitrix/modules/main/lib/engine/action.php:117
#4: Bitrix\Main\Engine\Action->runWithSourceParametersList
	/home/bitrix/www/bitrix/modules/main/lib/engine/controller.php:425
#5: Bitrix\Main\Engine\Controller->run
	/home/bitrix/www/bitrix/modules/main/lib/httpapplication.php:141
----------
Host: crm.sodeistvie.su:443
Date: 2025-01-09 09:27:36
Module: LAST_ERROR
Не введено название.<br>
#0: KPLab\Logs\IBlock::setData
	/home/bitrix/www/local/modules/kplab.api.v2/controller/BalancePlatformRequest.php:204
#1: KPLab\API\V2\Controller\BalancePlatformRequest->recieveAction
	
#2: ReflectionMethod->invokeArgs
	/home/bitrix/www/bitrix/modules/main/lib/engine/autowire/binder.php:207
#3: Bitrix\Main\Engine\AutoWire\Binder->invoke
	/home/bitrix/www/bitrix/modules/main/lib/engine/action.php:117
#4: Bitrix\Main\Engine\Action->runWithSourceParametersList
	/home/bitrix/www/bitrix/modules/main/lib/engine/controller.php:425
#5: Bitrix\Main\Engine\Controller->run
	/home/bitrix/www/bitrix/modules/main/lib/httpapplication.php:141
----------
Host: crm.sodeistvie.su:443
Date: 2025-01-09 09:31:00
Module: LAST_ERROR
Не введено название.<br>
#0: KPLab\Logs\IBlock::setData
	/home/bitrix/www/local/modules/kplab.api.v2/controller/BalancePlatformRequest.php:204
#1: KPLab\API\V2\Controller\BalancePlatformRequest->recieveAction
	
#2: ReflectionMethod->invokeArgs
	/home/bitrix/www/bitrix/modules/main/lib/engine/autowire/binder.php:207
#3: Bitrix\Main\Engine\AutoWire\Binder->invoke
	/home/bitrix/www/bitrix/modules/main/lib/engine/action.php:117
#4: Bitrix\Main\Engine\Action->runWithSourceParametersList
	/home/bitrix/www/bitrix/modules/main/lib/engine/controller.php:425
#5: Bitrix\Main\Engine\Controller->run
	/home/bitrix/www/bitrix/modules/main/lib/httpapplication.php:141
----------
Host: crm.sodeistvie.su:443
Date: 2025-01-09 10:01:10
Module: LAST_ERROR
Не введено название.<br>
#0: KPLab\Logs\IBlock::setData
	/home/bitrix/www/local/modules/kplab.api.v2/controller/BalancePlatformRequest.php:204
#1: KPLab\API\V2\Controller\BalancePlatformRequest->recieveAction
	
#2: ReflectionMethod->invokeArgs
	/home/bitrix/www/bitrix/modules/main/lib/engine/autowire/binder.php:207
#3: Bitrix\Main\Engine\AutoWire\Binder->invoke
	/home/bitrix/www/bitrix/modules/main/lib/engine/action.php:117
#4: Bitrix\Main\Engine\Action->runWithSourceParametersList
	/home/bitrix/www/bitrix/modules/main/lib/engine/controller.php:425
#5: Bitrix\Main\Engine\Controller->run
	/home/bitrix/www/bitrix/modules/main/lib/httpapplication.php:141
----------
Host: crm.sodeistvie.su:443
Date: 2025-01-09 10:17:09
Module: LAST_ERROR
Не введено название.<br>
#0: KPLab\Logs\IBlock::setData
	/home/bitrix/www/local/modules/kplab.api.v2/controller/BalancePlatformRequest.php:204
#1: KPLab\API\V2\Controller\BalancePlatformRequest->recieveAction
	
#2: ReflectionMethod->invokeArgs
	/home/bitrix/www/bitrix/modules/main/lib/engine/autowire/binder.php:207
#3: Bitrix\Main\Engine\AutoWire\Binder->invoke
	/home/bitrix/www/bitrix/modules/main/lib/engine/action.php:117
#4: Bitrix\Main\Engine\Action->runWithSourceParametersList
	/home/bitrix/www/bitrix/modules/main/lib/engine/controller.php:425
#5: Bitrix\Main\Engine\Controller->run
	/home/bitrix/www/bitrix/modules/main/lib/httpapplication.php:141
----------
Host: crm.sodeistvie.su:443
Date: 2025-01-09 10:17:23
Module: LAST_ERROR
Не введено название.<br>
#0: KPLab\Logs\IBlock::setData
	/home/bitrix/www/local/modules/kplab.api.v2/controller/BalancePlatformRequest.php:204
#1: KPLab\API\V2\Controller\BalancePlatformRequest->recieveAction
	
#2: ReflectionMethod->invokeArgs
	/home/bitrix/www/bitrix/modules/main/lib/engine/autowire/binder.php:207
#3: Bitrix\Main\Engine\AutoWire\Binder->invoke
	/home/bitrix/www/bitrix/modules/main/lib/engine/action.php:117
#4: Bitrix\Main\Engine\Action->runWithSourceParametersList
	/home/bitrix/www/bitrix/modules/main/lib/engine/controller.php:425
#5: Bitrix\Main\Engine\Controller->run
	/home/bitrix/www/bitrix/modules/main/lib/httpapplication.php:141
----------
Host: crm.sodeistvie.su:443
Date: 2025-01-09 10:20:31
Module: LAST_ERROR
Не введено название.<br>
#0: KPLab\Logs\IBlock::setData
	/home/bitrix/www/local/modules/kplab.api.v2/controller/BalancePlatformRequest.php:204
#1: KPLab\API\V2\Controller\BalancePlatformRequest->recieveAction
	
#2: ReflectionMethod->invokeArgs
	/home/bitrix/www/bitrix/modules/main/lib/engine/autowire/binder.php:207
#3: Bitrix\Main\Engine\AutoWire\Binder->invoke
	/home/bitrix/www/bitrix/modules/main/lib/engine/action.php:117
#4: Bitrix\Main\Engine\Action->runWithSourceParametersList
	/home/bitrix/www/bitrix/modules/main/lib/engine/controller.php:425
#5: Bitrix\Main\Engine\Controller->run
	/home/bitrix/www/bitrix/modules/main/lib/httpapplication.php:141
----------
Host: crm.sodeistvie.su:443
Date: 2025-01-09 10:32:39
Module: LAST_ERROR
Не введено название.<br>
#0: KPLab\Logs\IBlock::setData
	/home/bitrix/www/local/modules/kplab.api.v2/controller/BalancePlatformRequest.php:204
#1: KPLab\API\V2\Controller\BalancePlatformRequest->recieveAction
	
#2: ReflectionMethod->invokeArgs
	/home/bitrix/www/bitrix/modules/main/lib/engine/autowire/binder.php:207
#3: Bitrix\Main\Engine\AutoWire\Binder->invoke
	/home/bitrix/www/bitrix/modules/main/lib/engine/action.php:117
#4: Bitrix\Main\Engine\Action->runWithSourceParametersList
	/home/bitrix/www/bitrix/modules/main/lib/engine/controller.php:425
#5: Bitrix\Main\Engine\Controller->run
	/home/bitrix/www/bitrix/modules/main/lib/httpapplication.php:141
----------
Host: crm.sodeistvie.su:443
Date: 2025-01-09 10:34:40
Module: LAST_ERROR
Не введено название.<br>
#0: KPLab\Logs\IBlock::setData
	/home/bitrix/www/local/modules/kplab.api.v2/controller/BalancePlatformRequest.php:204
#1: KPLab\API\V2\Controller\BalancePlatformRequest->recieveAction
	
#2: ReflectionMethod->invokeArgs
	/home/bitrix/www/bitrix/modules/main/lib/engine/autowire/binder.php:207
#3: Bitrix\Main\Engine\AutoWire\Binder->invoke
	/home/bitrix/www/bitrix/modules/main/lib/engine/action.php:117
#4: Bitrix\Main\Engine\Action->runWithSourceParametersList
	/home/bitrix/www/bitrix/modules/main/lib/engine/controller.php:425
#5: Bitrix\Main\Engine\Controller->run
	/home/bitrix/www/bitrix/modules/main/lib/httpapplication.php:141
----------
Host: crm.sodeistvie.su:443
Date: 2025-01-09 10:44:44
Module: LAST_ERROR
Не введено название.<br>
#0: KPLab\Logs\IBlock::setData
	/home/bitrix/www/local/modules/kplab.api.v2/controller/BalancePlatformRequest.php:204
#1: KPLab\API\V2\Controller\BalancePlatformRequest->recieveAction
	
#2: ReflectionMethod->invokeArgs
	/home/bitrix/www/bitrix/modules/main/lib/engine/autowire/binder.php:207
#3: Bitrix\Main\Engine\AutoWire\Binder->invoke
	/home/bitrix/www/bitrix/modules/main/lib/engine/action.php:117
#4: Bitrix\Main\Engine\Action->runWithSourceParametersList
	/home/bitrix/www/bitrix/modules/main/lib/engine/controller.php:425
#5: Bitrix\Main\Engine\Controller->run
	/home/bitrix/www/bitrix/modules/main/lib/httpapplication.php:141
----------
Host: crm.sodeistvie.su:443
Date: 2025-01-09 10:47:15
Module: LAST_ERROR
Не введено название.<br>
#0: KPLab\Logs\IBlock::setData
	/home/bitrix/www/local/modules/kplab.api.v2/controller/BalancePlatformRequest.php:204
#1: KPLab\API\V2\Controller\BalancePlatformRequest->recieveAction
	
#2: ReflectionMethod->invokeArgs
	/home/bitrix/www/bitrix/modules/main/lib/engine/autowire/binder.php:207
#3: Bitrix\Main\Engine\AutoWire\Binder->invoke
	/home/bitrix/www/bitrix/modules/main/lib/engine/action.php:117
#4: Bitrix\Main\Engine\Action->runWithSourceParametersList
	/home/bitrix/www/bitrix/modules/main/lib/engine/controller.php:425
#5: Bitrix\Main\Engine\Controller->run
	/home/bitrix/www/bitrix/modules/main/lib/httpapplication.php:141
----------
Host: crm.sodeistvie.su:443
Date: 2025-01-09 10:49:39
Module: LAST_ERROR
Не введено название.<br>
#0: KPLab\Logs\IBlock::setData
	/home/bitrix/www/local/modules/kplab.api.v2/controller/BalancePlatformRequest.php:204
#1: KPLab\API\V2\Controller\BalancePlatformRequest->recieveAction
	
#2: ReflectionMethod->invokeArgs
	/home/bitrix/www/bitrix/modules/main/lib/engine/autowire/binder.php:207
#3: Bitrix\Main\Engine\AutoWire\Binder->invoke
	/home/bitrix/www/bitrix/modules/main/lib/engine/action.php:117
#4: Bitrix\Main\Engine\Action->runWithSourceParametersList
	/home/bitrix/www/bitrix/modules/main/lib/engine/controller.php:425
#5: Bitrix\Main\Engine\Controller->run
	/home/bitrix/www/bitrix/modules/main/lib/httpapplication.php:141
----------
Host: crm.sodeistvie.su:443
Date: 2025-01-09 10:53:13
Module: LAST_ERROR
Не введено название.<br>
#0: KPLab\Logs\IBlock::setData
	/home/bitrix/www/local/modules/kplab.api.v2/controller/BalancePlatformRequest.php:204
#1: KPLab\API\V2\Controller\BalancePlatformRequest->recieveAction
	
#2: ReflectionMethod->invokeArgs
	/home/bitrix/www/bitrix/modules/main/lib/engine/autowire/binder.php:207
#3: Bitrix\Main\Engine\AutoWire\Binder->invoke
	/home/bitrix/www/bitrix/modules/main/lib/engine/action.php:117
#4: Bitrix\Main\Engine\Action->runWithSourceParametersList
	/home/bitrix/www/bitrix/modules/main/lib/engine/controller.php:425
#5: Bitrix\Main\Engine\Controller->run
	/home/bitrix/www/bitrix/modules/main/lib/httpapplication.php:141
----------
Host: crm.sodeistvie.su:443
Date: 2025-01-09 13:09:40
Module: LAST_ERROR
Не введено название.<br>
#0: KPLab\Logs\IBlock::setData
	/home/bitrix/www/local/modules/kplab.api.v2/controller/BalancePlatformRequest.php:204
#1: KPLab\API\V2\Controller\BalancePlatformRequest->recieveAction
	
#2: ReflectionMethod->invokeArgs
	/home/bitrix/www/bitrix/modules/main/lib/engine/autowire/binder.php:207
#3: Bitrix\Main\Engine\AutoWire\Binder->invoke
	/home/bitrix/www/bitrix/modules/main/lib/engine/action.php:117
#4: Bitrix\Main\Engine\Action->runWithSourceParametersList
	/home/bitrix/www/bitrix/modules/main/lib/engine/controller.php:425
#5: Bitrix\Main\Engine\Controller->run
	/home/bitrix/www/bitrix/modules/main/lib/httpapplication.php:141
----------
Host: crm.sodeistvie.su:443
Date: 2025-01-09 13:16:54
Module: LAST_ERROR
Не введено название.<br>
#0: KPLab\Logs\IBlock::setData
	/home/bitrix/www/local/modules/kplab.api.v2/controller/BalancePlatformRequest.php:204
#1: KPLab\API\V2\Controller\BalancePlatformRequest->recieveAction
	
#2: ReflectionMethod->invokeArgs
	/home/bitrix/www/bitrix/modules/main/lib/engine/autowire/binder.php:207
#3: Bitrix\Main\Engine\AutoWire\Binder->invoke
	/home/bitrix/www/bitrix/modules/main/lib/engine/action.php:117
#4: Bitrix\Main\Engine\Action->runWithSourceParametersList
	/home/bitrix/www/bitrix/modules/main/lib/engine/controller.php:425
#5: Bitrix\Main\Engine\Controller->run
	/home/bitrix/www/bitrix/modules/main/lib/httpapplication.php:141
----------
Host: crm.sodeistvie.su:443
Date: 2025-01-09 13:18:51
Module: LAST_ERROR
Не введено название.<br>
#0: KPLab\Logs\IBlock::setData
	/home/bitrix/www/local/modules/kplab.api.v2/controller/BalancePlatformRequest.php:204
#1: KPLab\API\V2\Controller\BalancePlatformRequest->recieveAction
	
#2: ReflectionMethod->invokeArgs
	/home/bitrix/www/bitrix/modules/main/lib/engine/autowire/binder.php:207
#3: Bitrix\Main\Engine\AutoWire\Binder->invoke
	/home/bitrix/www/bitrix/modules/main/lib/engine/action.php:117
#4: Bitrix\Main\Engine\Action->runWithSourceParametersList
	/home/bitrix/www/bitrix/modules/main/lib/engine/controller.php:425
#5: Bitrix\Main\Engine\Controller->run
	/home/bitrix/www/bitrix/modules/main/lib/httpapplication.php:141
----------
Host: crm.sodeistvie.su:443
Date: 2025-01-14 15:43:41
Module: LAST_ERROR
Не введено название.<br>
#0: KPLab\Logs\IBlock::setData
	/home/bitrix/www/local/modules/kplab.api.v2/controller/BalancePlatformRequest.php:241
#1: KPLab\API\V2\Controller\BalancePlatformRequest->recieveAction
	
#2: ReflectionMethod->invokeArgs
	/home/bitrix/www/bitrix/modules/main/lib/engine/autowire/binder.php:207
#3: Bitrix\Main\Engine\AutoWire\Binder->invoke
	/home/bitrix/www/bitrix/modules/main/lib/engine/action.php:117
#4: Bitrix\Main\Engine\Action->runWithSourceParametersList
	/home/bitrix/www/bitrix/modules/main/lib/engine/controller.php:425
#5: Bitrix\Main\Engine\Controller->run
	/home/bitrix/www/bitrix/modules/main/lib/httpapplication.php:141
----------
Host: crm.sodeistvie.su:443
Date: 2025-01-14 15:51:20
Module: LAST_ERROR
Не введено название.<br>
#0: KPLab\Logs\IBlock::setData
	/home/bitrix/www/local/modules/kplab.api.v2/controller/BalancePlatformRequest.php:241
#1: KPLab\API\V2\Controller\BalancePlatformRequest->recieveAction
	
#2: ReflectionMethod->invokeArgs
	/home/bitrix/www/bitrix/modules/main/lib/engine/autowire/binder.php:207
#3: Bitrix\Main\Engine\AutoWire\Binder->invoke
	/home/bitrix/www/bitrix/modules/main/lib/engine/action.php:117
#4: Bitrix\Main\Engine\Action->runWithSourceParametersList
	/home/bitrix/www/bitrix/modules/main/lib/engine/controller.php:425
#5: Bitrix\Main\Engine\Controller->run
	/home/bitrix/www/bitrix/modules/main/lib/httpapplication.php:141
----------
Host: crm.sodeistvie.su:443
Date: 2025-01-14 16:03:04
Module: LAST_ERROR
Не введено название.<br>
#0: KPLab\Logs\IBlock::setData
	/home/bitrix/www/local/modules/kplab.api.v2/controller/BalancePlatformRequest.php:241
#1: KPLab\API\V2\Controller\BalancePlatformRequest->recieveAction
	
#2: ReflectionMethod->invokeArgs
	/home/bitrix/www/bitrix/modules/main/lib/engine/autowire/binder.php:207
#3: Bitrix\Main\Engine\AutoWire\Binder->invoke
	/home/bitrix/www/bitrix/modules/main/lib/engine/action.php:117
#4: Bitrix\Main\Engine\Action->runWithSourceParametersList
	/home/bitrix/www/bitrix/modules/main/lib/engine/controller.php:425
#5: Bitrix\Main\Engine\Controller->run
	/home/bitrix/www/bitrix/modules/main/lib/httpapplication.php:141
----------
Host: crm.sodeistvie.su:443
Date: 2025-01-14 16:05:04
Module: LAST_ERROR
Не введено название.<br>
#0: KPLab\Logs\IBlock::setData
	/home/bitrix/www/local/modules/kplab.api.v2/controller/BalancePlatformRequest.php:241
#1: KPLab\API\V2\Controller\BalancePlatformRequest->recieveAction
	
#2: ReflectionMethod->invokeArgs
	/home/bitrix/www/bitrix/modules/main/lib/engine/autowire/binder.php:207
#3: Bitrix\Main\Engine\AutoWire\Binder->invoke
	/home/bitrix/www/bitrix/modules/main/lib/engine/action.php:117
#4: Bitrix\Main\Engine\Action->runWithSourceParametersList
	/home/bitrix/www/bitrix/modules/main/lib/engine/controller.php:425
#5: Bitrix\Main\Engine\Controller->run
	/home/bitrix/www/bitrix/modules/main/lib/httpapplication.php:141
----------
Host: crm.sodeistvie.su:443
Date: 2025-01-15 09:59:09
Module: LAST_ERROR
Не введено название.<br>
#0: KPLab\Logs\IBlock::setData
	/home/bitrix/www/local/modules/kplab.api.v2/controller/BalancePlatformRequest.php:241
#1: KPLab\API\V2\Controller\BalancePlatformRequest->recieveAction
	
#2: ReflectionMethod->invokeArgs
	/home/bitrix/www/bitrix/modules/main/lib/engine/autowire/binder.php:207
#3: Bitrix\Main\Engine\AutoWire\Binder->invoke
	/home/bitrix/www/bitrix/modules/main/lib/engine/action.php:117
#4: Bitrix\Main\Engine\Action->runWithSourceParametersList
	/home/bitrix/www/bitrix/modules/main/lib/engine/controller.php:425
#5: Bitrix\Main\Engine\Controller->run
	/home/bitrix/www/bitrix/modules/main/lib/httpapplication.php:141
----------
Host: crm.sodeistvie.su:443
Date: 2025-01-15 18:53:08
Module: LAST_ERROR
Не введено название.<br>
#0: KPLab\Logs\IBlock::setData
	/home/bitrix/www/local/modules/kplab.api.v2/controller/BalancePlatformRequest.php:241
#1: KPLab\API\V2\Controller\BalancePlatformRequest->recieveAction
	
#2: ReflectionMethod->invokeArgs
	/home/bitrix/www/bitrix/modules/main/lib/engine/autowire/binder.php:207
#3: Bitrix\Main\Engine\AutoWire\Binder->invoke
	/home/bitrix/www/bitrix/modules/main/lib/engine/action.php:117
#4: Bitrix\Main\Engine\Action->runWithSourceParametersList
	/home/bitrix/www/bitrix/modules/main/lib/engine/controller.php:425
#5: Bitrix\Main\Engine\Controller->run
	/home/bitrix/www/bitrix/modules/main/lib/httpapplication.php:141
----------
Host: crm.sodeistvie.su:443
Date: 2025-01-16 09:10:11
Module: LAST_ERROR
Не введено название.<br>
#0: KPLab\Logs\IBlock::setData
	/home/bitrix/www/local/modules/kplab.api.v2/controller/BalancePlatformRequest.php:241
#1: KPLab\API\V2\Controller\BalancePlatformRequest->recieveAction
	
#2: ReflectionMethod->invokeArgs
	/home/bitrix/www/bitrix/modules/main/lib/engine/autowire/binder.php:207
#3: Bitrix\Main\Engine\AutoWire\Binder->invoke
	/home/bitrix/www/bitrix/modules/main/lib/engine/action.php:117
#4: Bitrix\Main\Engine\Action->runWithSourceParametersList
	/home/bitrix/www/bitrix/modules/main/lib/engine/controller.php:425
#5: Bitrix\Main\Engine\Controller->run
	/home/bitrix/www/bitrix/modules/main/lib/httpapplication.php:141
----------
Host: crm.sodeistvie.su:443
Date: 2025-01-16 09:11:24
Module: LAST_ERROR
Не введено название.<br>
#0: KPLab\Logs\IBlock::setData
	/home/bitrix/www/local/modules/kplab.api.v2/controller/BalancePlatformRequest.php:204
#1: KPLab\API\V2\Controller\BalancePlatformRequest->recieveAction
	
#2: ReflectionMethod->invokeArgs
	/home/bitrix/www/bitrix/modules/main/lib/engine/autowire/binder.php:207
#3: Bitrix\Main\Engine\AutoWire\Binder->invoke
	/home/bitrix/www/bitrix/modules/main/lib/engine/action.php:117
#4: Bitrix\Main\Engine\Action->runWithSourceParametersList
	/home/bitrix/www/bitrix/modules/main/lib/engine/controller.php:425
#5: Bitrix\Main\Engine\Controller->run
	/home/bitrix/www/bitrix/modules/main/lib/httpapplication.php:141
----------
Host: crm.sodeistvie.su:443
Date: 2025-01-16 09:12:13
Module: LAST_ERROR
Не введено название.<br>
#0: KPLab\Logs\IBlock::setData
	/home/bitrix/www/local/modules/kplab.api.v2/controller/BalancePlatformRequest.php:204
#1: KPLab\API\V2\Controller\BalancePlatformRequest->recieveAction
	
#2: ReflectionMethod->invokeArgs
	/home/bitrix/www/bitrix/modules/main/lib/engine/autowire/binder.php:207
#3: Bitrix\Main\Engine\AutoWire\Binder->invoke
	/home/bitrix/www/bitrix/modules/main/lib/engine/action.php:117
#4: Bitrix\Main\Engine\Action->runWithSourceParametersList
	/home/bitrix/www/bitrix/modules/main/lib/engine/controller.php:425
#5: Bitrix\Main\Engine\Controller->run
	/home/bitrix/www/bitrix/modules/main/lib/httpapplication.php:141
----------
Host: crm.sodeistvie.su:443
Date: 2025-01-16 09:12:34
Module: LAST_ERROR
Не введено название.<br>
#0: KPLab\Logs\IBlock::setData
	/home/bitrix/www/local/modules/kplab.api.v2/controller/BalancePlatformRequest.php:241
#1: KPLab\API\V2\Controller\BalancePlatformRequest->recieveAction
	
#2: ReflectionMethod->invokeArgs
	/home/bitrix/www/bitrix/modules/main/lib/engine/autowire/binder.php:207
#3: Bitrix\Main\Engine\AutoWire\Binder->invoke
	/home/bitrix/www/bitrix/modules/main/lib/engine/action.php:117
#4: Bitrix\Main\Engine\Action->runWithSourceParametersList
	/home/bitrix/www/bitrix/modules/main/lib/engine/controller.php:425
#5: Bitrix\Main\Engine\Controller->run
	/home/bitrix/www/bitrix/modules/main/lib/httpapplication.php:141
----------
Host: crm.sodeistvie.su:443
Date: 2025-01-16 09:13:01
Module: LAST_ERROR
Не введено название.<br>
#0: KPLab\Logs\IBlock::setData
	/home/bitrix/www/local/modules/kplab.api.v2/controller/BalancePlatformRequest.php:204
#1: KPLab\API\V2\Controller\BalancePlatformRequest->recieveAction
	
#2: ReflectionMethod->invokeArgs
	/home/bitrix/www/bitrix/modules/main/lib/engine/autowire/binder.php:207
#3: Bitrix\Main\Engine\AutoWire\Binder->invoke
	/home/bitrix/www/bitrix/modules/main/lib/engine/action.php:117
#4: Bitrix\Main\Engine\Action->runWithSourceParametersList
	/home/bitrix/www/bitrix/modules/main/lib/engine/controller.php:425
#5: Bitrix\Main\Engine\Controller->run
	/home/bitrix/www/bitrix/modules/main/lib/httpapplication.php:141
----------
Host: crm.sodeistvie.su:443
Date: 2025-01-16 09:13:38
Module: LAST_ERROR
Не введено название.<br>
#0: KPLab\Logs\IBlock::setData
	/home/bitrix/www/local/modules/kplab.api.v2/controller/BalancePlatformRequest.php:204
#1: KPLab\API\V2\Controller\BalancePlatformRequest->recieveAction
	
#2: ReflectionMethod->invokeArgs
	/home/bitrix/www/bitrix/modules/main/lib/engine/autowire/binder.php:207
#3: Bitrix\Main\Engine\AutoWire\Binder->invoke
	/home/bitrix/www/bitrix/modules/main/lib/engine/action.php:117
#4: Bitrix\Main\Engine\Action->runWithSourceParametersList
	/home/bitrix/www/bitrix/modules/main/lib/engine/controller.php:425
#5: Bitrix\Main\Engine\Controller->run
	/home/bitrix/www/bitrix/modules/main/lib/httpapplication.php:141
----------
Host: crm.sodeistvie.su:443
Date: 2025-01-16 09:13:44
Module: LAST_ERROR
Не введено название.<br>
#0: KPLab\Logs\IBlock::setData
	/home/bitrix/www/local/modules/kplab.api.v2/controller/BalancePlatformRequest.php:204
#1: KPLab\API\V2\Controller\BalancePlatformRequest->recieveAction
	
#2: ReflectionMethod->invokeArgs
	/home/bitrix/www/bitrix/modules/main/lib/engine/autowire/binder.php:207
#3: Bitrix\Main\Engine\AutoWire\Binder->invoke
	/home/bitrix/www/bitrix/modules/main/lib/engine/action.php:117
#4: Bitrix\Main\Engine\Action->runWithSourceParametersList
	/home/bitrix/www/bitrix/modules/main/lib/engine/controller.php:425
#5: Bitrix\Main\Engine\Controller->run
	/home/bitrix/www/bitrix/modules/main/lib/httpapplication.php:141
----------
Host: crm.sodeistvie.su:443
Date: 2025-01-16 09:14:06
Module: LAST_ERROR
Не введено название.<br>
#0: KPLab\Logs\IBlock::setData
	/home/bitrix/www/local/modules/kplab.api.v2/controller/BalancePlatformRequest.php:204
#1: KPLab\API\V2\Controller\BalancePlatformRequest->recieveAction
	
#2: ReflectionMethod->invokeArgs
	/home/bitrix/www/bitrix/modules/main/lib/engine/autowire/binder.php:207
#3: Bitrix\Main\Engine\AutoWire\Binder->invoke
	/home/bitrix/www/bitrix/modules/main/lib/engine/action.php:117
#4: Bitrix\Main\Engine\Action->runWithSourceParametersList
	/home/bitrix/www/bitrix/modules/main/lib/engine/controller.php:425
#5: Bitrix\Main\Engine\Controller->run
	/home/bitrix/www/bitrix/modules/main/lib/httpapplication.php:141
----------
Host: crm.sodeistvie.su:443
Date: 2025-01-16 09:14:43
Module: LAST_ERROR
Не введено название.<br>
#0: KPLab\Logs\IBlock::setData
	/home/bitrix/www/local/modules/kplab.api.v2/controller/BalancePlatformRequest.php:204
#1: KPLab\API\V2\Controller\BalancePlatformRequest->recieveAction
	
#2: ReflectionMethod->invokeArgs
	/home/bitrix/www/bitrix/modules/main/lib/engine/autowire/binder.php:207
#3: Bitrix\Main\Engine\AutoWire\Binder->invoke
	/home/bitrix/www/bitrix/modules/main/lib/engine/action.php:117
#4: Bitrix\Main\Engine\Action->runWithSourceParametersList
	/home/bitrix/www/bitrix/modules/main/lib/engine/controller.php:425
#5: Bitrix\Main\Engine\Controller->run
	/home/bitrix/www/bitrix/modules/main/lib/httpapplication.php:141
----------
Host: crm.sodeistvie.su:443
Date: 2025-01-16 09:15:58
Module: LAST_ERROR
Не введено название.<br>
#0: KPLab\Logs\IBlock::setData
	/home/bitrix/www/local/modules/kplab.api.v2/controller/BalancePlatformRequest.php:204
#1: KPLab\API\V2\Controller\BalancePlatformRequest->recieveAction
	
#2: ReflectionMethod->invokeArgs
	/home/bitrix/www/bitrix/modules/main/lib/engine/autowire/binder.php:207
#3: Bitrix\Main\Engine\AutoWire\Binder->invoke
	/home/bitrix/www/bitrix/modules/main/lib/engine/action.php:117
#4: Bitrix\Main\Engine\Action->runWithSourceParametersList
	/home/bitrix/www/bitrix/modules/main/lib/engine/controller.php:425
#5: Bitrix\Main\Engine\Controller->run
	/home/bitrix/www/bitrix/modules/main/lib/httpapplication.php:141
----------
Host: crm.sodeistvie.su:443
Date: 2025-01-16 09:16:33
Module: LAST_ERROR
Не введено название.<br>
#0: KPLab\Logs\IBlock::setData
	/home/bitrix/www/local/modules/kplab.api.v2/controller/BalancePlatformRequest.php:204
#1: KPLab\API\V2\Controller\BalancePlatformRequest->recieveAction
	
#2: ReflectionMethod->invokeArgs
	/home/bitrix/www/bitrix/modules/main/lib/engine/autowire/binder.php:207
#3: Bitrix\Main\Engine\AutoWire\Binder->invoke
	/home/bitrix/www/bitrix/modules/main/lib/engine/action.php:117
#4: Bitrix\Main\Engine\Action->runWithSourceParametersList
	/home/bitrix/www/bitrix/modules/main/lib/engine/controller.php:425
#5: Bitrix\Main\Engine\Controller->run
	/home/bitrix/www/bitrix/modules/main/lib/httpapplication.php:141
----------
Host: crm.sodeistvie.su:443
Date: 2025-01-16 09:17:06
Module: LAST_ERROR
Не введено название.<br>
#0: KPLab\Logs\IBlock::setData
	/home/bitrix/www/local/modules/kplab.api.v2/controller/BalancePlatformRequest.php:204
#1: KPLab\API\V2\Controller\BalancePlatformRequest->recieveAction
	
#2: ReflectionMethod->invokeArgs
	/home/bitrix/www/bitrix/modules/main/lib/engine/autowire/binder.php:207
#3: Bitrix\Main\Engine\AutoWire\Binder->invoke
	/home/bitrix/www/bitrix/modules/main/lib/engine/action.php:117
#4: Bitrix\Main\Engine\Action->runWithSourceParametersList
	/home/bitrix/www/bitrix/modules/main/lib/engine/controller.php:425
#5: Bitrix\Main\Engine\Controller->run
	/home/bitrix/www/bitrix/modules/main/lib/httpapplication.php:141
----------
Host: crm.sodeistvie.su:443
Date: 2025-01-16 09:17:12
Module: LAST_ERROR
Не введено название.<br>
#0: KPLab\Logs\IBlock::setData
	/home/bitrix/www/local/modules/kplab.api.v2/controller/BalancePlatformRequest.php:204
#1: KPLab\API\V2\Controller\BalancePlatformRequest->recieveAction
	
#2: ReflectionMethod->invokeArgs
	/home/bitrix/www/bitrix/modules/main/lib/engine/autowire/binder.php:207
#3: Bitrix\Main\Engine\AutoWire\Binder->invoke
	/home/bitrix/www/bitrix/modules/main/lib/engine/action.php:117
#4: Bitrix\Main\Engine\Action->runWithSourceParametersList
	/home/bitrix/www/bitrix/modules/main/lib/engine/controller.php:425
#5: Bitrix\Main\Engine\Controller->run
	/home/bitrix/www/bitrix/modules/main/lib/httpapplication.php:141
----------
Host: crm.sodeistvie.su:443
Date: 2025-01-16 09:18:19
Module: LAST_ERROR
Не введено название.<br>
#0: KPLab\Logs\IBlock::setData
	/home/bitrix/www/local/modules/kplab.api.v2/controller/BalancePlatformRequest.php:241
#1: KPLab\API\V2\Controller\BalancePlatformRequest->recieveAction
	
#2: ReflectionMethod->invokeArgs
	/home/bitrix/www/bitrix/modules/main/lib/engine/autowire/binder.php:207
#3: Bitrix\Main\Engine\AutoWire\Binder->invoke
	/home/bitrix/www/bitrix/modules/main/lib/engine/action.php:117
#4: Bitrix\Main\Engine\Action->runWithSourceParametersList
	/home/bitrix/www/bitrix/modules/main/lib/engine/controller.php:425
#5: Bitrix\Main\Engine\Controller->run
	/home/bitrix/www/bitrix/modules/main/lib/httpapplication.php:141
----------
Host: crm.sodeistvie.su:443
Date: 2025-01-16 09:18:23
Module: LAST_ERROR
Не введено название.<br>
#0: KPLab\Logs\IBlock::setData
	/home/bitrix/www/local/modules/kplab.api.v2/controller/BalancePlatformRequest.php:204
#1: KPLab\API\V2\Controller\BalancePlatformRequest->recieveAction
	
#2: ReflectionMethod->invokeArgs
	/home/bitrix/www/bitrix/modules/main/lib/engine/autowire/binder.php:207
#3: Bitrix\Main\Engine\AutoWire\Binder->invoke
	/home/bitrix/www/bitrix/modules/main/lib/engine/action.php:117
#4: Bitrix\Main\Engine\Action->runWithSourceParametersList
	/home/bitrix/www/bitrix/modules/main/lib/engine/controller.php:425
#5: Bitrix\Main\Engine\Controller->run
	/home/bitrix/www/bitrix/modules/main/lib/httpapplication.php:141
----------
Host: crm.sodeistvie.su:443
Date: 2025-01-16 09:18:33
Module: LAST_ERROR
Не введено название.<br>
#0: KPLab\Logs\IBlock::setData
	/home/bitrix/www/local/modules/kplab.api.v2/controller/BalancePlatformRequest.php:204
#1: KPLab\API\V2\Controller\BalancePlatformRequest->recieveAction
	
#2: ReflectionMethod->invokeArgs
	/home/bitrix/www/bitrix/modules/main/lib/engine/autowire/binder.php:207
#3: Bitrix\Main\Engine\AutoWire\Binder->invoke
	/home/bitrix/www/bitrix/modules/main/lib/engine/action.php:117
#4: Bitrix\Main\Engine\Action->runWithSourceParametersList
	/home/bitrix/www/bitrix/modules/main/lib/engine/controller.php:425
#5: Bitrix\Main\Engine\Controller->run
	/home/bitrix/www/bitrix/modules/main/lib/httpapplication.php:141
----------
Host: crm.sodeistvie.su:443
Date: 2025-01-16 09:20:39
Module: LAST_ERROR
Не введено название.<br>
#0: KPLab\Logs\IBlock::setData
	/home/bitrix/www/local/modules/kplab.api.v2/controller/BalancePlatformRequest.php:204
#1: KPLab\API\V2\Controller\BalancePlatformRequest->recieveAction
	
#2: ReflectionMethod->invokeArgs
	/home/bitrix/www/bitrix/modules/main/lib/engine/autowire/binder.php:207
#3: Bitrix\Main\Engine\AutoWire\Binder->invoke
	/home/bitrix/www/bitrix/modules/main/lib/engine/action.php:117
#4: Bitrix\Main\Engine\Action->runWithSourceParametersList
	/home/bitrix/www/bitrix/modules/main/lib/engine/controller.php:425
#5: Bitrix\Main\Engine\Controller->run
	/home/bitrix/www/bitrix/modules/main/lib/httpapplication.php:141
----------
Host: crm.sodeistvie.su:443
Date: 2025-01-16 09:20:47
Module: LAST_ERROR
Не введено название.<br>
#0: KPLab\Logs\IBlock::setData
	/home/bitrix/www/local/modules/kplab.api.v2/controller/BalancePlatformRequest.php:204
#1: KPLab\API\V2\Controller\BalancePlatformRequest->recieveAction
	
#2: ReflectionMethod->invokeArgs
	/home/bitrix/www/bitrix/modules/main/lib/engine/autowire/binder.php:207
#3: Bitrix\Main\Engine\AutoWire\Binder->invoke
	/home/bitrix/www/bitrix/modules/main/lib/engine/action.php:117
#4: Bitrix\Main\Engine\Action->runWithSourceParametersList
	/home/bitrix/www/bitrix/modules/main/lib/engine/controller.php:425
#5: Bitrix\Main\Engine\Controller->run
	/home/bitrix/www/bitrix/modules/main/lib/httpapplication.php:141
----------
Host: crm.sodeistvie.su:443
Date: 2025-01-16 09:20:56
Module: LAST_ERROR
Не введено название.<br>
#0: KPLab\Logs\IBlock::setData
	/home/bitrix/www/local/modules/kplab.api.v2/controller/BalancePlatformRequest.php:204
#1: KPLab\API\V2\Controller\BalancePlatformRequest->recieveAction
	
#2: ReflectionMethod->invokeArgs
	/home/bitrix/www/bitrix/modules/main/lib/engine/autowire/binder.php:207
#3: Bitrix\Main\Engine\AutoWire\Binder->invoke
	/home/bitrix/www/bitrix/modules/main/lib/engine/action.php:117
#4: Bitrix\Main\Engine\Action->runWithSourceParametersList
	/home/bitrix/www/bitrix/modules/main/lib/engine/controller.php:425
#5: Bitrix\Main\Engine\Controller->run
	/home/bitrix/www/bitrix/modules/main/lib/httpapplication.php:141
----------
Host: crm.sodeistvie.su:443
Date: 2025-01-16 09:21:23
Module: LAST_ERROR
Не введено название.<br>
#0: KPLab\Logs\IBlock::setData
	/home/bitrix/www/local/modules/kplab.api.v2/controller/BalancePlatformRequest.php:241
#1: KPLab\API\V2\Controller\BalancePlatformRequest->recieveAction
	
#2: ReflectionMethod->invokeArgs
	/home/bitrix/www/bitrix/modules/main/lib/engine/autowire/binder.php:207
#3: Bitrix\Main\Engine\AutoWire\Binder->invoke
	/home/bitrix/www/bitrix/modules/main/lib/engine/action.php:117
#4: Bitrix\Main\Engine\Action->runWithSourceParametersList
	/home/bitrix/www/bitrix/modules/main/lib/engine/controller.php:425
#5: Bitrix\Main\Engine\Controller->run
	/home/bitrix/www/bitrix/modules/main/lib/httpapplication.php:141
----------
Host: crm.sodeistvie.su:443
Date: 2025-01-16 09:21:41
Module: LAST_ERROR
Не введено название.<br>
#0: KPLab\Logs\IBlock::setData
	/home/bitrix/www/local/modules/kplab.api.v2/controller/BalancePlatformRequest.php:204
#1: KPLab\API\V2\Controller\BalancePlatformRequest->recieveAction
	
#2: ReflectionMethod->invokeArgs
	/home/bitrix/www/bitrix/modules/main/lib/engine/autowire/binder.php:207
#3: Bitrix\Main\Engine\AutoWire\Binder->invoke
	/home/bitrix/www/bitrix/modules/main/lib/engine/action.php:117
#4: Bitrix\Main\Engine\Action->runWithSourceParametersList
	/home/bitrix/www/bitrix/modules/main/lib/engine/controller.php:425
#5: Bitrix\Main\Engine\Controller->run
	/home/bitrix/www/bitrix/modules/main/lib/httpapplication.php:141
----------
Host: crm.sodeistvie.su:443
Date: 2025-01-16 09:22:27
Module: LAST_ERROR
Не введено название.<br>
#0: KPLab\Logs\IBlock::setData
	/home/bitrix/www/local/modules/kplab.api.v2/controller/BalancePlatformRequest.php:204
#1: KPLab\API\V2\Controller\BalancePlatformRequest->recieveAction
	
#2: ReflectionMethod->invokeArgs
	/home/bitrix/www/bitrix/modules/main/lib/engine/autowire/binder.php:207
#3: Bitrix\Main\Engine\AutoWire\Binder->invoke
	/home/bitrix/www/bitrix/modules/main/lib/engine/action.php:117
#4: Bitrix\Main\Engine\Action->runWithSourceParametersList
	/home/bitrix/www/bitrix/modules/main/lib/engine/controller.php:425
#5: Bitrix\Main\Engine\Controller->run
	/home/bitrix/www/bitrix/modules/main/lib/httpapplication.php:141
----------
Host: crm.sodeistvie.su:443
Date: 2025-01-16 09:22:52
Module: LAST_ERROR
Не введено название.<br>
#0: KPLab\Logs\IBlock::setData
	/home/bitrix/www/local/modules/kplab.api.v2/controller/BalancePlatformRequest.php:241
#1: KPLab\API\V2\Controller\BalancePlatformRequest->recieveAction
	
#2: ReflectionMethod->invokeArgs
	/home/bitrix/www/bitrix/modules/main/lib/engine/autowire/binder.php:207
#3: Bitrix\Main\Engine\AutoWire\Binder->invoke
	/home/bitrix/www/bitrix/modules/main/lib/engine/action.php:117
#4: Bitrix\Main\Engine\Action->runWithSourceParametersList
	/home/bitrix/www/bitrix/modules/main/lib/engine/controller.php:425
#5: Bitrix\Main\Engine\Controller->run
	/home/bitrix/www/bitrix/modules/main/lib/httpapplication.php:141
----------
Host: crm.sodeistvie.su:443
Date: 2025-01-16 09:22:58
Module: LAST_ERROR
Не введено название.<br>
#0: KPLab\Logs\IBlock::setData
	/home/bitrix/www/local/modules/kplab.api.v2/controller/BalancePlatformRequest.php:204
#1: KPLab\API\V2\Controller\BalancePlatformRequest->recieveAction
	
#2: ReflectionMethod->invokeArgs
	/home/bitrix/www/bitrix/modules/main/lib/engine/autowire/binder.php:207
#3: Bitrix\Main\Engine\AutoWire\Binder->invoke
	/home/bitrix/www/bitrix/modules/main/lib/engine/action.php:117
#4: Bitrix\Main\Engine\Action->runWithSourceParametersList
	/home/bitrix/www/bitrix/modules/main/lib/engine/controller.php:425
#5: Bitrix\Main\Engine\Controller->run
	/home/bitrix/www/bitrix/modules/main/lib/httpapplication.php:141
----------
Host: crm.sodeistvie.su:443
Date: 2025-01-16 09:23:19
Module: LAST_ERROR
Не введено название.<br>
#0: KPLab\Logs\IBlock::setData
	/home/bitrix/www/local/modules/kplab.api.v2/controller/BalancePlatformRequest.php:204
#1: KPLab\API\V2\Controller\BalancePlatformRequest->recieveAction
	
#2: ReflectionMethod->invokeArgs
	/home/bitrix/www/bitrix/modules/main/lib/engine/autowire/binder.php:207
#3: Bitrix\Main\Engine\AutoWire\Binder->invoke
	/home/bitrix/www/bitrix/modules/main/lib/engine/action.php:117
#4: Bitrix\Main\Engine\Action->runWithSourceParametersList
	/home/bitrix/www/bitrix/modules/main/lib/engine/controller.php:425
#5: Bitrix\Main\Engine\Controller->run
	/home/bitrix/www/bitrix/modules/main/lib/httpapplication.php:141
----------
Host: crm.sodeistvie.su:443
Date: 2025-01-16 09:23:50
Module: LAST_ERROR
Не введено название.<br>
#0: KPLab\Logs\IBlock::setData
	/home/bitrix/www/local/modules/kplab.api.v2/controller/BalancePlatformRequest.php:204
#1: KPLab\API\V2\Controller\BalancePlatformRequest->recieveAction
	
#2: ReflectionMethod->invokeArgs
	/home/bitrix/www/bitrix/modules/main/lib/engine/autowire/binder.php:207
#3: Bitrix\Main\Engine\AutoWire\Binder->invoke
	/home/bitrix/www/bitrix/modules/main/lib/engine/action.php:117
#4: Bitrix\Main\Engine\Action->runWithSourceParametersList
	/home/bitrix/www/bitrix/modules/main/lib/engine/controller.php:425
#5: Bitrix\Main\Engine\Controller->run
	/home/bitrix/www/bitrix/modules/main/lib/httpapplication.php:141
----------
Host: crm.sodeistvie.su:443
Date: 2025-01-16 09:26:11
Module: LAST_ERROR
Не введено название.<br>
#0: KPLab\Logs\IBlock::setData
	/home/bitrix/www/local/modules/kplab.api.v2/controller/BalancePlatformRequest.php:204
#1: KPLab\API\V2\Controller\BalancePlatformRequest->recieveAction
	
#2: ReflectionMethod->invokeArgs
	/home/bitrix/www/bitrix/modules/main/lib/engine/autowire/binder.php:207
#3: Bitrix\Main\Engine\AutoWire\Binder->invoke
	/home/bitrix/www/bitrix/modules/main/lib/engine/action.php:117
#4: Bitrix\Main\Engine\Action->runWithSourceParametersList
	/home/bitrix/www/bitrix/modules/main/lib/engine/controller.php:425
#5: Bitrix\Main\Engine\Controller->run
	/home/bitrix/www/bitrix/modules/main/lib/httpapplication.php:141
----------
Host: crm.sodeistvie.su:443
Date: 2025-01-16 09:26:40
Module: LAST_ERROR
Не введено название.<br>
#0: KPLab\Logs\IBlock::setData
	/home/bitrix/www/local/modules/kplab.api.v2/controller/BalancePlatformRequest.php:204
#1: KPLab\API\V2\Controller\BalancePlatformRequest->recieveAction
	
#2: ReflectionMethod->invokeArgs
	/home/bitrix/www/bitrix/modules/main/lib/engine/autowire/binder.php:207
#3: Bitrix\Main\Engine\AutoWire\Binder->invoke
	/home/bitrix/www/bitrix/modules/main/lib/engine/action.php:117
#4: Bitrix\Main\Engine\Action->runWithSourceParametersList
	/home/bitrix/www/bitrix/modules/main/lib/engine/controller.php:425
#5: Bitrix\Main\Engine\Controller->run
	/home/bitrix/www/bitrix/modules/main/lib/httpapplication.php:141
----------
Host: crm.sodeistvie.su:443
Date: 2025-01-16 09:26:44
Module: LAST_ERROR
Не введено название.<br>
#0: KPLab\Logs\IBlock::setData
	/home/bitrix/www/local/modules/kplab.api.v2/controller/BalancePlatformRequest.php:241
#1: KPLab\API\V2\Controller\BalancePlatformRequest->recieveAction
	
#2: ReflectionMethod->invokeArgs
	/home/bitrix/www/bitrix/modules/main/lib/engine/autowire/binder.php:207
#3: Bitrix\Main\Engine\AutoWire\Binder->invoke
	/home/bitrix/www/bitrix/modules/main/lib/engine/action.php:117
#4: Bitrix\Main\Engine\Action->runWithSourceParametersList
	/home/bitrix/www/bitrix/modules/main/lib/engine/controller.php:425
#5: Bitrix\Main\Engine\Controller->run
	/home/bitrix/www/bitrix/modules/main/lib/httpapplication.php:141
----------
Host: crm.sodeistvie.su:443
Date: 2025-01-16 09:28:00
Module: LAST_ERROR
Не введено название.<br>
#0: KPLab\Logs\IBlock::setData
	/home/bitrix/www/local/modules/kplab.api.v2/controller/BalancePlatformRequest.php:204
#1: KPLab\API\V2\Controller\BalancePlatformRequest->recieveAction
	
#2: ReflectionMethod->invokeArgs
	/home/bitrix/www/bitrix/modules/main/lib/engine/autowire/binder.php:207
#3: Bitrix\Main\Engine\AutoWire\Binder->invoke
	/home/bitrix/www/bitrix/modules/main/lib/engine/action.php:117
#4: Bitrix\Main\Engine\Action->runWithSourceParametersList
	/home/bitrix/www/bitrix/modules/main/lib/engine/controller.php:425
#5: Bitrix\Main\Engine\Controller->run
	/home/bitrix/www/bitrix/modules/main/lib/httpapplication.php:141
----------
Host: crm.sodeistvie.su:443
Date: 2025-01-16 09:28:40
Module: LAST_ERROR
Не введено название.<br>
#0: KPLab\Logs\IBlock::setData
	/home/bitrix/www/local/modules/kplab.api.v2/controller/BalancePlatformRequest.php:204
#1: KPLab\API\V2\Controller\BalancePlatformRequest->recieveAction
	
#2: ReflectionMethod->invokeArgs
	/home/bitrix/www/bitrix/modules/main/lib/engine/autowire/binder.php:207
#3: Bitrix\Main\Engine\AutoWire\Binder->invoke
	/home/bitrix/www/bitrix/modules/main/lib/engine/action.php:117
#4: Bitrix\Main\Engine\Action->runWithSourceParametersList
	/home/bitrix/www/bitrix/modules/main/lib/engine/controller.php:425
#5: Bitrix\Main\Engine\Controller->run
	/home/bitrix/www/bitrix/modules/main/lib/httpapplication.php:141
----------
Host: crm.sodeistvie.su:443
Date: 2025-01-16 09:28:42
Module: LAST_ERROR
Не введено название.<br>
#0: KPLab\Logs\IBlock::setData
	/home/bitrix/www/local/modules/kplab.api.v2/controller/BalancePlatformRequest.php:241
#1: KPLab\API\V2\Controller\BalancePlatformRequest->recieveAction
	
#2: ReflectionMethod->invokeArgs
	/home/bitrix/www/bitrix/modules/main/lib/engine/autowire/binder.php:207
#3: Bitrix\Main\Engine\AutoWire\Binder->invoke
	/home/bitrix/www/bitrix/modules/main/lib/engine/action.php:117
#4: Bitrix\Main\Engine\Action->runWithSourceParametersList
	/home/bitrix/www/bitrix/modules/main/lib/engine/controller.php:425
#5: Bitrix\Main\Engine\Controller->run
	/home/bitrix/www/bitrix/modules/main/lib/httpapplication.php:141
----------
Host: crm.sodeistvie.su:443
Date: 2025-01-16 09:29:06
Module: LAST_ERROR
Не введено название.<br>
#0: KPLab\Logs\IBlock::setData
	/home/bitrix/www/local/modules/kplab.api.v2/controller/BalancePlatformRequest.php:241
#1: KPLab\API\V2\Controller\BalancePlatformRequest->recieveAction
	
#2: ReflectionMethod->invokeArgs
	/home/bitrix/www/bitrix/modules/main/lib/engine/autowire/binder.php:207
#3: Bitrix\Main\Engine\AutoWire\Binder->invoke
	/home/bitrix/www/bitrix/modules/main/lib/engine/action.php:117
#4: Bitrix\Main\Engine\Action->runWithSourceParametersList
	/home/bitrix/www/bitrix/modules/main/lib/engine/controller.php:425
#5: Bitrix\Main\Engine\Controller->run
	/home/bitrix/www/bitrix/modules/main/lib/httpapplication.php:141
----------
Host: crm.sodeistvie.su:443
Date: 2025-01-16 09:29:59
Module: LAST_ERROR
Не введено название.<br>
#0: KPLab\Logs\IBlock::setData
	/home/bitrix/www/local/modules/kplab.api.v2/controller/BalancePlatformRequest.php:204
#1: KPLab\API\V2\Controller\BalancePlatformRequest->recieveAction
	
#2: ReflectionMethod->invokeArgs
	/home/bitrix/www/bitrix/modules/main/lib/engine/autowire/binder.php:207
#3: Bitrix\Main\Engine\AutoWire\Binder->invoke
	/home/bitrix/www/bitrix/modules/main/lib/engine/action.php:117
#4: Bitrix\Main\Engine\Action->runWithSourceParametersList
	/home/bitrix/www/bitrix/modules/main/lib/engine/controller.php:425
#5: Bitrix\Main\Engine\Controller->run
	/home/bitrix/www/bitrix/modules/main/lib/httpapplication.php:141
----------
Host: crm.sodeistvie.su:443
Date: 2025-01-16 09:30:14
Module: LAST_ERROR
Не введено название.<br>
#0: KPLab\Logs\IBlock::setData
	/home/bitrix/www/local/modules/kplab.api.v2/controller/BalancePlatformRequest.php:241
#1: KPLab\API\V2\Controller\BalancePlatformRequest->recieveAction
	
#2: ReflectionMethod->invokeArgs
	/home/bitrix/www/bitrix/modules/main/lib/engine/autowire/binder.php:207
#3: Bitrix\Main\Engine\AutoWire\Binder->invoke
	/home/bitrix/www/bitrix/modules/main/lib/engine/action.php:117
#4: Bitrix\Main\Engine\Action->runWithSourceParametersList
	/home/bitrix/www/bitrix/modules/main/lib/engine/controller.php:425
#5: Bitrix\Main\Engine\Controller->run
	/home/bitrix/www/bitrix/modules/main/lib/httpapplication.php:141
----------
Host: crm.sodeistvie.su:443
Date: 2025-01-16 09:30:22
Module: LAST_ERROR
Не введено название.<br>
#0: KPLab\Logs\IBlock::setData
	/home/bitrix/www/local/modules/kplab.api.v2/controller/BalancePlatformRequest.php:204
#1: KPLab\API\V2\Controller\BalancePlatformRequest->recieveAction
	
#2: ReflectionMethod->invokeArgs
	/home/bitrix/www/bitrix/modules/main/lib/engine/autowire/binder.php:207
#3: Bitrix\Main\Engine\AutoWire\Binder->invoke
	/home/bitrix/www/bitrix/modules/main/lib/engine/action.php:117
#4: Bitrix\Main\Engine\Action->runWithSourceParametersList
	/home/bitrix/www/bitrix/modules/main/lib/engine/controller.php:425
#5: Bitrix\Main\Engine\Controller->run
	/home/bitrix/www/bitrix/modules/main/lib/httpapplication.php:141
----------
Host: crm.sodeistvie.su:443
Date: 2025-01-16 09:30:25
Module: LAST_ERROR
Не введено название.<br>
#0: KPLab\Logs\IBlock::setData
	/home/bitrix/www/local/modules/kplab.api.v2/controller/BalancePlatformRequest.php:241
#1: KPLab\API\V2\Controller\BalancePlatformRequest->recieveAction
	
#2: ReflectionMethod->invokeArgs
	/home/bitrix/www/bitrix/modules/main/lib/engine/autowire/binder.php:207
#3: Bitrix\Main\Engine\AutoWire\Binder->invoke
	/home/bitrix/www/bitrix/modules/main/lib/engine/action.php:117
#4: Bitrix\Main\Engine\Action->runWithSourceParametersList
	/home/bitrix/www/bitrix/modules/main/lib/engine/controller.php:425
#5: Bitrix\Main\Engine\Controller->run
	/home/bitrix/www/bitrix/modules/main/lib/httpapplication.php:141
----------
Host: crm.sodeistvie.su:443
Date: 2025-01-16 09:30:27
Module: LAST_ERROR
Не введено название.<br>
#0: KPLab\Logs\IBlock::setData
	/home/bitrix/www/local/modules/kplab.api.v2/controller/BalancePlatformRequest.php:241
#1: KPLab\API\V2\Controller\BalancePlatformRequest->recieveAction
	
#2: ReflectionMethod->invokeArgs
	/home/bitrix/www/bitrix/modules/main/lib/engine/autowire/binder.php:207
#3: Bitrix\Main\Engine\AutoWire\Binder->invoke
	/home/bitrix/www/bitrix/modules/main/lib/engine/action.php:117
#4: Bitrix\Main\Engine\Action->runWithSourceParametersList
	/home/bitrix/www/bitrix/modules/main/lib/engine/controller.php:425
#5: Bitrix\Main\Engine\Controller->run
	/home/bitrix/www/bitrix/modules/main/lib/httpapplication.php:141
----------
Host: crm.sodeistvie.su:443
Date: 2025-01-16 09:30:38
Module: LAST_ERROR
Не введено название.<br>
#0: KPLab\Logs\IBlock::setData
	/home/bitrix/www/local/modules/kplab.api.v2/controller/BalancePlatformRequest.php:204
#1: KPLab\API\V2\Controller\BalancePlatformRequest->recieveAction
	
#2: ReflectionMethod->invokeArgs
	/home/bitrix/www/bitrix/modules/main/lib/engine/autowire/binder.php:207
#3: Bitrix\Main\Engine\AutoWire\Binder->invoke
	/home/bitrix/www/bitrix/modules/main/lib/engine/action.php:117
#4: Bitrix\Main\Engine\Action->runWithSourceParametersList
	/home/bitrix/www/bitrix/modules/main/lib/engine/controller.php:425
#5: Bitrix\Main\Engine\Controller->run
	/home/bitrix/www/bitrix/modules/main/lib/httpapplication.php:141
----------
Host: crm.sodeistvie.su:443
Date: 2025-01-16 09:30:47
Module: LAST_ERROR
Не введено название.<br>
#0: KPLab\Logs\IBlock::setData
	/home/bitrix/www/local/modules/kplab.api.v2/controller/BalancePlatformRequest.php:204
#1: KPLab\API\V2\Controller\BalancePlatformRequest->recieveAction
	
#2: ReflectionMethod->invokeArgs
	/home/bitrix/www/bitrix/modules/main/lib/engine/autowire/binder.php:207
#3: Bitrix\Main\Engine\AutoWire\Binder->invoke
	/home/bitrix/www/bitrix/modules/main/lib/engine/action.php:117
#4: Bitrix\Main\Engine\Action->runWithSourceParametersList
	/home/bitrix/www/bitrix/modules/main/lib/engine/controller.php:425
#5: Bitrix\Main\Engine\Controller->run
	/home/bitrix/www/bitrix/modules/main/lib/httpapplication.php:141
----------
Host: crm.sodeistvie.su:443
Date: 2025-01-16 09:30:48
Module: LAST_ERROR
Не введено название.<br>
#0: KPLab\Logs\IBlock::setData
	/home/bitrix/www/local/modules/kplab.api.v2/controller/BalancePlatformRequest.php:204
#1: KPLab\API\V2\Controller\BalancePlatformRequest->recieveAction
	
#2: ReflectionMethod->invokeArgs
	/home/bitrix/www/bitrix/modules/main/lib/engine/autowire/binder.php:207
#3: Bitrix\Main\Engine\AutoWire\Binder->invoke
	/home/bitrix/www/bitrix/modules/main/lib/engine/action.php:117
#4: Bitrix\Main\Engine\Action->runWithSourceParametersList
	/home/bitrix/www/bitrix/modules/main/lib/engine/controller.php:425
#5: Bitrix\Main\Engine\Controller->run
	/home/bitrix/www/bitrix/modules/main/lib/httpapplication.php:141
----------
Host: crm.sodeistvie.su:443
Date: 2025-01-16 09:30:51
Module: LAST_ERROR
Не введено название.<br>
#0: KPLab\Logs\IBlock::setData
	/home/bitrix/www/local/modules/kplab.api.v2/controller/BalancePlatformRequest.php:241
#1: KPLab\API\V2\Controller\BalancePlatformRequest->recieveAction
	
#2: ReflectionMethod->invokeArgs
	/home/bitrix/www/bitrix/modules/main/lib/engine/autowire/binder.php:207
#3: Bitrix\Main\Engine\AutoWire\Binder->invoke
	/home/bitrix/www/bitrix/modules/main/lib/engine/action.php:117
#4: Bitrix\Main\Engine\Action->runWithSourceParametersList
	/home/bitrix/www/bitrix/modules/main/lib/engine/controller.php:425
#5: Bitrix\Main\Engine\Controller->run
	/home/bitrix/www/bitrix/modules/main/lib/httpapplication.php:141
----------
Host: crm.sodeistvie.su:443
Date: 2025-01-16 09:30:52
Module: LAST_ERROR
Не введено название.<br>
#0: KPLab\Logs\IBlock::setData
	/home/bitrix/www/local/modules/kplab.api.v2/controller/BalancePlatformRequest.php:204
#1: KPLab\API\V2\Controller\BalancePlatformRequest->recieveAction
	
#2: ReflectionMethod->invokeArgs
	/home/bitrix/www/bitrix/modules/main/lib/engine/autowire/binder.php:207
#3: Bitrix\Main\Engine\AutoWire\Binder->invoke
	/home/bitrix/www/bitrix/modules/main/lib/engine/action.php:117
#4: Bitrix\Main\Engine\Action->runWithSourceParametersList
	/home/bitrix/www/bitrix/modules/main/lib/engine/controller.php:425
#5: Bitrix\Main\Engine\Controller->run
	/home/bitrix/www/bitrix/modules/main/lib/httpapplication.php:141
----------
Host: crm.sodeistvie.su:443
Date: 2025-01-16 09:31:23
Module: LAST_ERROR
Не введено название.<br>
#0: KPLab\Logs\IBlock::setData
	/home/bitrix/www/local/modules/kplab.api.v2/controller/BalancePlatformRequest.php:241
#1: KPLab\API\V2\Controller\BalancePlatformRequest->recieveAction
	
#2: ReflectionMethod->invokeArgs
	/home/bitrix/www/bitrix/modules/main/lib/engine/autowire/binder.php:207
#3: Bitrix\Main\Engine\AutoWire\Binder->invoke
	/home/bitrix/www/bitrix/modules/main/lib/engine/action.php:117
#4: Bitrix\Main\Engine\Action->runWithSourceParametersList
	/home/bitrix/www/bitrix/modules/main/lib/engine/controller.php:425
#5: Bitrix\Main\Engine\Controller->run
	/home/bitrix/www/bitrix/modules/main/lib/httpapplication.php:141
----------
Host: crm.sodeistvie.su:443
Date: 2025-01-16 09:31:46
Module: LAST_ERROR
Не введено название.<br>
#0: KPLab\Logs\IBlock::setData
	/home/bitrix/www/local/modules/kplab.api.v2/controller/BalancePlatformRequest.php:204
#1: KPLab\API\V2\Controller\BalancePlatformRequest->recieveAction
	
#2: ReflectionMethod->invokeArgs
	/home/bitrix/www/bitrix/modules/main/lib/engine/autowire/binder.php:207
#3: Bitrix\Main\Engine\AutoWire\Binder->invoke
	/home/bitrix/www/bitrix/modules/main/lib/engine/action.php:117
#4: Bitrix\Main\Engine\Action->runWithSourceParametersList
	/home/bitrix/www/bitrix/modules/main/lib/engine/controller.php:425
#5: Bitrix\Main\Engine\Controller->run
	/home/bitrix/www/bitrix/modules/main/lib/httpapplication.php:141
----------
Host: crm.sodeistvie.su:443
Date: 2025-01-16 09:31:58
Module: LAST_ERROR
Не введено название.<br>
#0: KPLab\Logs\IBlock::setData
	/home/bitrix/www/local/modules/kplab.api.v2/controller/BalancePlatformRequest.php:241
#1: KPLab\API\V2\Controller\BalancePlatformRequest->recieveAction
	
#2: ReflectionMethod->invokeArgs
	/home/bitrix/www/bitrix/modules/main/lib/engine/autowire/binder.php:207
#3: Bitrix\Main\Engine\AutoWire\Binder->invoke
	/home/bitrix/www/bitrix/modules/main/lib/engine/action.php:117
#4: Bitrix\Main\Engine\Action->runWithSourceParametersList
	/home/bitrix/www/bitrix/modules/main/lib/engine/controller.php:425
#5: Bitrix\Main\Engine\Controller->run
	/home/bitrix/www/bitrix/modules/main/lib/httpapplication.php:141
----------
Host: crm.sodeistvie.su:443
Date: 2025-01-16 09:32:21
Module: LAST_ERROR
Не введено название.<br>
#0: KPLab\Logs\IBlock::setData
	/home/bitrix/www/local/modules/kplab.api.v2/controller/BalancePlatformRequest.php:241
#1: KPLab\API\V2\Controller\BalancePlatformRequest->recieveAction
	
#2: ReflectionMethod->invokeArgs
	/home/bitrix/www/bitrix/modules/main/lib/engine/autowire/binder.php:207
#3: Bitrix\Main\Engine\AutoWire\Binder->invoke
	/home/bitrix/www/bitrix/modules/main/lib/engine/action.php:117
#4: Bitrix\Main\Engine\Action->runWithSourceParametersList
	/home/bitrix/www/bitrix/modules/main/lib/engine/controller.php:425
#5: Bitrix\Main\Engine\Controller->run
	/home/bitrix/www/bitrix/modules/main/lib/httpapplication.php:141
----------
Host: crm.sodeistvie.su:443
Date: 2025-01-16 09:32:23
Module: LAST_ERROR
Не введено название.<br>
#0: KPLab\Logs\IBlock::setData
	/home/bitrix/www/local/modules/kplab.api.v2/controller/BalancePlatformRequest.php:241
#1: KPLab\API\V2\Controller\BalancePlatformRequest->recieveAction
	
#2: ReflectionMethod->invokeArgs
	/home/bitrix/www/bitrix/modules/main/lib/engine/autowire/binder.php:207
#3: Bitrix\Main\Engine\AutoWire\Binder->invoke
	/home/bitrix/www/bitrix/modules/main/lib/engine/action.php:117
#4: Bitrix\Main\Engine\Action->runWithSourceParametersList
	/home/bitrix/www/bitrix/modules/main/lib/engine/controller.php:425
#5: Bitrix\Main\Engine\Controller->run
	/home/bitrix/www/bitrix/modules/main/lib/httpapplication.php:141
----------
Host: crm.sodeistvie.su:443
Date: 2025-01-16 09:32:24
Module: LAST_ERROR
Не введено название.<br>
#0: KPLab\Logs\IBlock::setData
	/home/bitrix/www/local/modules/kplab.api.v2/controller/BalancePlatformRequest.php:241
#1: KPLab\API\V2\Controller\BalancePlatformRequest->recieveAction
	
#2: ReflectionMethod->invokeArgs
	/home/bitrix/www/bitrix/modules/main/lib/engine/autowire/binder.php:207
#3: Bitrix\Main\Engine\AutoWire\Binder->invoke
	/home/bitrix/www/bitrix/modules/main/lib/engine/action.php:117
#4: Bitrix\Main\Engine\Action->runWithSourceParametersList
	/home/bitrix/www/bitrix/modules/main/lib/engine/controller.php:425
#5: Bitrix\Main\Engine\Controller->run
	/home/bitrix/www/bitrix/modules/main/lib/httpapplication.php:141
----------
Host: crm.sodeistvie.su:443
Date: 2025-01-16 09:32:38
Module: LAST_ERROR
Не введено название.<br>
#0: KPLab\Logs\IBlock::setData
	/home/bitrix/www/local/modules/kplab.api.v2/controller/BalancePlatformRequest.php:241
#1: KPLab\API\V2\Controller\BalancePlatformRequest->recieveAction
	
#2: ReflectionMethod->invokeArgs
	/home/bitrix/www/bitrix/modules/main/lib/engine/autowire/binder.php:207
#3: Bitrix\Main\Engine\AutoWire\Binder->invoke
	/home/bitrix/www/bitrix/modules/main/lib/engine/action.php:117
#4: Bitrix\Main\Engine\Action->runWithSourceParametersList
	/home/bitrix/www/bitrix/modules/main/lib/engine/controller.php:425
#5: Bitrix\Main\Engine\Controller->run
	/home/bitrix/www/bitrix/modules/main/lib/httpapplication.php:141
----------
Host: crm.sodeistvie.su:443
Date: 2025-01-16 09:34:18
Module: LAST_ERROR
Не введено название.<br>
#0: KPLab\Logs\IBlock::setData
	/home/bitrix/www/local/modules/kplab.api.v2/controller/BalancePlatformRequest.php:241
#1: KPLab\API\V2\Controller\BalancePlatformRequest->recieveAction
	
#2: ReflectionMethod->invokeArgs
	/home/bitrix/www/bitrix/modules/main/lib/engine/autowire/binder.php:207
#3: Bitrix\Main\Engine\AutoWire\Binder->invoke
	/home/bitrix/www/bitrix/modules/main/lib/engine/action.php:117
#4: Bitrix\Main\Engine\Action->runWithSourceParametersList
	/home/bitrix/www/bitrix/modules/main/lib/engine/controller.php:425
#5: Bitrix\Main\Engine\Controller->run
	/home/bitrix/www/bitrix/modules/main/lib/httpapplication.php:141
----------
Host: crm.sodeistvie.su:443
Date: 2025-01-16 09:35:12
Module: LAST_ERROR
Не введено название.<br>
#0: KPLab\Logs\IBlock::setData
	/home/bitrix/www/local/modules/kplab.api.v2/controller/BalancePlatformRequest.php:204
#1: KPLab\API\V2\Controller\BalancePlatformRequest->recieveAction
	
#2: ReflectionMethod->invokeArgs
	/home/bitrix/www/bitrix/modules/main/lib/engine/autowire/binder.php:207
#3: Bitrix\Main\Engine\AutoWire\Binder->invoke
	/home/bitrix/www/bitrix/modules/main/lib/engine/action.php:117
#4: Bitrix\Main\Engine\Action->runWithSourceParametersList
	/home/bitrix/www/bitrix/modules/main/lib/engine/controller.php:425
#5: Bitrix\Main\Engine\Controller->run
	/home/bitrix/www/bitrix/modules/main/lib/httpapplication.php:141
----------
Host: crm.sodeistvie.su:443
Date: 2025-01-16 09:35:24
Module: LAST_ERROR
Не введено название.<br>
#0: KPLab\Logs\IBlock::setData
	/home/bitrix/www/local/modules/kplab.api.v2/controller/BalancePlatformRequest.php:204
#1: KPLab\API\V2\Controller\BalancePlatformRequest->recieveAction
	
#2: ReflectionMethod->invokeArgs
	/home/bitrix/www/bitrix/modules/main/lib/engine/autowire/binder.php:207
#3: Bitrix\Main\Engine\AutoWire\Binder->invoke
	/home/bitrix/www/bitrix/modules/main/lib/engine/action.php:117
#4: Bitrix\Main\Engine\Action->runWithSourceParametersList
	/home/bitrix/www/bitrix/modules/main/lib/engine/controller.php:425
#5: Bitrix\Main\Engine\Controller->run
	/home/bitrix/www/bitrix/modules/main/lib/httpapplication.php:141
----------
Host: crm.sodeistvie.su:443
Date: 2025-01-16 09:35:36
Module: LAST_ERROR
Не введено название.<br>
#0: KPLab\Logs\IBlock::setData
	/home/bitrix/www/local/modules/kplab.api.v2/controller/BalancePlatformRequest.php:204
#1: KPLab\API\V2\Controller\BalancePlatformRequest->recieveAction
	
#2: ReflectionMethod->invokeArgs
	/home/bitrix/www/bitrix/modules/main/lib/engine/autowire/binder.php:207
#3: Bitrix\Main\Engine\AutoWire\Binder->invoke
	/home/bitrix/www/bitrix/modules/main/lib/engine/action.php:117
#4: Bitrix\Main\Engine\Action->runWithSourceParametersList
	/home/bitrix/www/bitrix/modules/main/lib/engine/controller.php:425
#5: Bitrix\Main\Engine\Controller->run
	/home/bitrix/www/bitrix/modules/main/lib/httpapplication.php:141
----------
Host: crm.sodeistvie.su:443
Date: 2025-01-16 09:36:12
Module: LAST_ERROR
Не введено название.<br>
#0: KPLab\Logs\IBlock::setData
	/home/bitrix/www/local/modules/kplab.api.v2/controller/BalancePlatformRequest.php:204
#1: KPLab\API\V2\Controller\BalancePlatformRequest->recieveAction
	
#2: ReflectionMethod->invokeArgs
	/home/bitrix/www/bitrix/modules/main/lib/engine/autowire/binder.php:207
#3: Bitrix\Main\Engine\AutoWire\Binder->invoke
	/home/bitrix/www/bitrix/modules/main/lib/engine/action.php:117
#4: Bitrix\Main\Engine\Action->runWithSourceParametersList
	/home/bitrix/www/bitrix/modules/main/lib/engine/controller.php:425
#5: Bitrix\Main\Engine\Controller->run
	/home/bitrix/www/bitrix/modules/main/lib/httpapplication.php:141
----------
Host: crm.sodeistvie.su:443
Date: 2025-01-16 09:39:26
Module: LAST_ERROR
Не введено название.<br>
#0: KPLab\Logs\IBlock::setData
	/home/bitrix/www/local/modules/kplab.api.v2/controller/BalancePlatformRequest.php:204
#1: KPLab\API\V2\Controller\BalancePlatformRequest->recieveAction
	
#2: ReflectionMethod->invokeArgs
	/home/bitrix/www/bitrix/modules/main/lib/engine/autowire/binder.php:207
#3: Bitrix\Main\Engine\AutoWire\Binder->invoke
	/home/bitrix/www/bitrix/modules/main/lib/engine/action.php:117
#4: Bitrix\Main\Engine\Action->runWithSourceParametersList
	/home/bitrix/www/bitrix/modules/main/lib/engine/controller.php:425
#5: Bitrix\Main\Engine\Controller->run
	/home/bitrix/www/bitrix/modules/main/lib/httpapplication.php:141
----------
Host: crm.sodeistvie.su:443
Date: 2025-01-16 09:41:27
Module: LAST_ERROR
Не введено название.<br>
#0: KPLab\Logs\IBlock::setData
	/home/bitrix/www/local/modules/kplab.api.v2/controller/BalancePlatformRequest.php:204
#1: KPLab\API\V2\Controller\BalancePlatformRequest->recieveAction
	
#2: ReflectionMethod->invokeArgs
	/home/bitrix/www/bitrix/modules/main/lib/engine/autowire/binder.php:207
#3: Bitrix\Main\Engine\AutoWire\Binder->invoke
	/home/bitrix/www/bitrix/modules/main/lib/engine/action.php:117
#4: Bitrix\Main\Engine\Action->runWithSourceParametersList
	/home/bitrix/www/bitrix/modules/main/lib/engine/controller.php:425
#5: Bitrix\Main\Engine\Controller->run
	/home/bitrix/www/bitrix/modules/main/lib/httpapplication.php:141
----------
Host: crm.sodeistvie.su:443
Date: 2025-01-16 09:50:15
Module: LAST_ERROR
Не введено название.<br>
#0: KPLab\Logs\IBlock::setData
	/home/bitrix/www/local/modules/kplab.api.v2/controller/BalancePlatformRequest.php:204
#1: KPLab\API\V2\Controller\BalancePlatformRequest->recieveAction
	
#2: ReflectionMethod->invokeArgs
	/home/bitrix/www/bitrix/modules/main/lib/engine/autowire/binder.php:207
#3: Bitrix\Main\Engine\AutoWire\Binder->invoke
	/home/bitrix/www/bitrix/modules/main/lib/engine/action.php:117
#4: Bitrix\Main\Engine\Action->runWithSourceParametersList
	/home/bitrix/www/bitrix/modules/main/lib/engine/controller.php:425
#5: Bitrix\Main\Engine\Controller->run
	/home/bitrix/www/bitrix/modules/main/lib/httpapplication.php:141
----------
Host: crm.sodeistvie.su:443
Date: 2025-01-16 09:52:37
Module: LAST_ERROR
Не введено название.<br>
#0: KPLab\Logs\IBlock::setData
	/home/bitrix/www/local/modules/kplab.api.v2/controller/BalancePlatformRequest.php:241
#1: KPLab\API\V2\Controller\BalancePlatformRequest->recieveAction
	
#2: ReflectionMethod->invokeArgs
	/home/bitrix/www/bitrix/modules/main/lib/engine/autowire/binder.php:207
#3: Bitrix\Main\Engine\AutoWire\Binder->invoke
	/home/bitrix/www/bitrix/modules/main/lib/engine/action.php:117
#4: Bitrix\Main\Engine\Action->runWithSourceParametersList
	/home/bitrix/www/bitrix/modules/main/lib/engine/controller.php:425
#5: Bitrix\Main\Engine\Controller->run
	/home/bitrix/www/bitrix/modules/main/lib/httpapplication.php:141
----------
Host: crm.sodeistvie.su:443
Date: 2025-01-16 10:09:36
Module: LAST_ERROR
Не введено название.<br>
#0: KPLab\Logs\IBlock::setData
	/home/bitrix/www/local/modules/kplab.api.v2/controller/BalancePlatformRequest.php:204
#1: KPLab\API\V2\Controller\BalancePlatformRequest->recieveAction
	
#2: ReflectionMethod->invokeArgs
	/home/bitrix/www/bitrix/modules/main/lib/engine/autowire/binder.php:207
#3: Bitrix\Main\Engine\AutoWire\Binder->invoke
	/home/bitrix/www/bitrix/modules/main/lib/engine/action.php:117
#4: Bitrix\Main\Engine\Action->runWithSourceParametersList
	/home/bitrix/www/bitrix/modules/main/lib/engine/controller.php:425
#5: Bitrix\Main\Engine\Controller->run
	/home/bitrix/www/bitrix/modules/main/lib/httpapplication.php:141
----------
Host: crm.sodeistvie.su:443
Date: 2025-01-16 11:58:43
Module: LAST_ERROR
Не введено название.<br>
#0: KPLab\Logs\IBlock::setData
	/home/bitrix/www/local/modules/kplab.api.v2/controller/BalancePlatformRequest.php:241
#1: KPLab\API\V2\Controller\BalancePlatformRequest->recieveAction
	
#2: ReflectionMethod->invokeArgs
	/home/bitrix/www/bitrix/modules/main/lib/engine/autowire/binder.php:207
#3: Bitrix\Main\Engine\AutoWire\Binder->invoke
	/home/bitrix/www/bitrix/modules/main/lib/engine/action.php:117
#4: Bitrix\Main\Engine\Action->runWithSourceParametersList
	/home/bitrix/www/bitrix/modules/main/lib/engine/controller.php:425
#5: Bitrix\Main\Engine\Controller->run
	/home/bitrix/www/bitrix/modules/main/lib/httpapplication.php:141
----------
Host: crm.sodeistvie.su:443
Date: 2025-01-17 10:17:16
Module: LAST_ERROR
Не введено название.<br>
#0: KPLab\Logs\IBlock::setData
	/home/bitrix/www/local/modules/kplab.api.v2/controller/BalancePlatformRequest.php:241
#1: KPLab\API\V2\Controller\BalancePlatformRequest->recieveAction
	
#2: ReflectionMethod->invokeArgs
	/home/bitrix/www/bitrix/modules/main/lib/engine/autowire/binder.php:207
#3: Bitrix\Main\Engine\AutoWire\Binder->invoke
	/home/bitrix/www/bitrix/modules/main/lib/engine/action.php:117
#4: Bitrix\Main\Engine\Action->runWithSourceParametersList
	/home/bitrix/www/bitrix/modules/main/lib/engine/controller.php:425
#5: Bitrix\Main\Engine\Controller->run
	/home/bitrix/www/bitrix/modules/main/lib/httpapplication.php:141
----------
Host: crm.sodeistvie.su:443
Date: 2025-01-17 10:40:28
Module: LAST_ERROR
Не введено название.<br>
#0: KPLab\Logs\IBlock::setData
	/home/bitrix/www/local/modules/kplab.api.v2/controller/BalancePlatformRequest.php:241
#1: KPLab\API\V2\Controller\BalancePlatformRequest->recieveAction
	
#2: ReflectionMethod->invokeArgs
	/home/bitrix/www/bitrix/modules/main/lib/engine/autowire/binder.php:207
#3: Bitrix\Main\Engine\AutoWire\Binder->invoke
	/home/bitrix/www/bitrix/modules/main/lib/engine/action.php:117
#4: Bitrix\Main\Engine\Action->runWithSourceParametersList
	/home/bitrix/www/bitrix/modules/main/lib/engine/controller.php:425
#5: Bitrix\Main\Engine\Controller->run
	/home/bitrix/www/bitrix/modules/main/lib/httpapplication.php:141
----------
Host: crm.sodeistvie.su:443
Date: 2025-01-17 13:09:17
Module: LAST_ERROR
Не введено название.<br>
#0: KPLab\Logs\IBlock::setData
	/home/bitrix/www/local/modules/kplab.api.v2/controller/BalancePlatformRequest.php:241
#1: KPLab\API\V2\Controller\BalancePlatformRequest->recieveAction
	
#2: ReflectionMethod->invokeArgs
	/home/bitrix/www/bitrix/modules/main/lib/engine/autowire/binder.php:207
#3: Bitrix\Main\Engine\AutoWire\Binder->invoke
	/home/bitrix/www/bitrix/modules/main/lib/engine/action.php:117
#4: Bitrix\Main\Engine\Action->runWithSourceParametersList
	/home/bitrix/www/bitrix/modules/main/lib/engine/controller.php:425
#5: Bitrix\Main\Engine\Controller->run
	/home/bitrix/www/bitrix/modules/main/lib/httpapplication.php:141
----------
Host: crm.sodeistvie.su:443
Date: 2025-01-17 13:31:59
Module: LAST_ERROR
Не введено название.<br>
#0: KPLab\Logs\IBlock::setData
	/home/bitrix/www/local/modules/kplab.api.v2/controller/BalancePlatformRequest.php:241
#1: KPLab\API\V2\Controller\BalancePlatformRequest->recieveAction
	
#2: ReflectionMethod->invokeArgs
	/home/bitrix/www/bitrix/modules/main/lib/engine/autowire/binder.php:207
#3: Bitrix\Main\Engine\AutoWire\Binder->invoke
	/home/bitrix/www/bitrix/modules/main/lib/engine/action.php:117
#4: Bitrix\Main\Engine\Action->runWithSourceParametersList
	/home/bitrix/www/bitrix/modules/main/lib/engine/controller.php:425
#5: Bitrix\Main\Engine\Controller->run
	/home/bitrix/www/bitrix/modules/main/lib/httpapplication.php:141
----------
Host: crm.seller-capital.ru:443
Date: 2025-01-20 10:11:51
Module: LAST_ERROR
Не введено название.<br>
#0: KPLab\Logs\IBlock::setData
	/home/bitrix/www/local/modules/kplab.api.v2/controller/BalancePlatformRequest.php:241
#1: KPLab\API\V2\Controller\BalancePlatformRequest->recieveAction
	
#2: ReflectionMethod->invokeArgs
	/home/bitrix/www/bitrix/modules/main/lib/engine/autowire/binder.php:207
#3: Bitrix\Main\Engine\AutoWire\Binder->invoke
	/home/bitrix/www/bitrix/modules/main/lib/engine/action.php:117
#4: Bitrix\Main\Engine\Action->runWithSourceParametersList
	/home/bitrix/www/bitrix/modules/main/lib/engine/controller.php:425
#5: Bitrix\Main\Engine\Controller->run
	/home/bitrix/www/bitrix/modules/main/lib/httpapplication.php:141
----------
Host: crm.seller-capital.ru:443
Date: 2025-01-20 10:12:41
Module: LAST_ERROR
Не введено название.<br>
#0: KPLab\Logs\IBlock::setData
	/home/bitrix/www/local/modules/kplab.api.v2/controller/BalancePlatformRequest.php:241
#1: KPLab\API\V2\Controller\BalancePlatformRequest->recieveAction
	
#2: ReflectionMethod->invokeArgs
	/home/bitrix/www/bitrix/modules/main/lib/engine/autowire/binder.php:207
#3: Bitrix\Main\Engine\AutoWire\Binder->invoke
	/home/bitrix/www/bitrix/modules/main/lib/engine/action.php:117
#4: Bitrix\Main\Engine\Action->runWithSourceParametersList
	/home/bitrix/www/bitrix/modules/main/lib/engine/controller.php:425
#5: Bitrix\Main\Engine\Controller->run
	/home/bitrix/www/bitrix/modules/main/lib/httpapplication.php:141
----------
Host: crm.seller-capital.ru:443
Date: 2025-01-20 10:32:34
Module: LAST_ERROR
Не введено название.<br>
#0: KPLab\Logs\IBlock::setData
	/home/bitrix/www/local/modules/kplab.api.v2/controller/BalancePlatformRequest.php:241
#1: KPLab\API\V2\Controller\BalancePlatformRequest->recieveAction
	
#2: ReflectionMethod->invokeArgs
	/home/bitrix/www/bitrix/modules/main/lib/engine/autowire/binder.php:207
#3: Bitrix\Main\Engine\AutoWire\Binder->invoke
	/home/bitrix/www/bitrix/modules/main/lib/engine/action.php:117
#4: Bitrix\Main\Engine\Action->runWithSourceParametersList
	/home/bitrix/www/bitrix/modules/main/lib/engine/controller.php:425
#5: Bitrix\Main\Engine\Controller->run
	/home/bitrix/www/bitrix/modules/main/lib/httpapplication.php:141
----------
Host: crm.seller-capital.ru:443
Date: 2025-01-21 10:38:07
Module: LAST_ERROR
Не введено название.<br>
#0: KPLab\Logs\IBlock::setData
	/home/bitrix/www/local/modules/kplab.api.v2/controller/BalancePlatformRequest.php:241
#1: KPLab\API\V2\Controller\BalancePlatformRequest->recieveAction
	
#2: ReflectionMethod->invokeArgs
	/home/bitrix/www/bitrix/modules/main/lib/engine/autowire/binder.php:207
#3: Bitrix\Main\Engine\AutoWire\Binder->invoke
	/home/bitrix/www/bitrix/modules/main/lib/engine/action.php:117
#4: Bitrix\Main\Engine\Action->runWithSourceParametersList
	/home/bitrix/www/bitrix/modules/main/lib/engine/controller.php:425
#5: Bitrix\Main\Engine\Controller->run
	/home/bitrix/www/bitrix/modules/main/lib/httpapplication.php:141
----------
Host: crm.seller-capital.ru:443
Date: 2025-01-21 10:43:57
Module: LAST_ERROR
Не введено название.<br>
#0: KPLab\Logs\IBlock::setData
	/home/bitrix/www/local/modules/kplab.api.v2/controller/BalancePlatformRequest.php:241
#1: KPLab\API\V2\Controller\BalancePlatformRequest->recieveAction
	
#2: ReflectionMethod->invokeArgs
	/home/bitrix/www/bitrix/modules/main/lib/engine/autowire/binder.php:207
#3: Bitrix\Main\Engine\AutoWire\Binder->invoke
	/home/bitrix/www/bitrix/modules/main/lib/engine/action.php:117
#4: Bitrix\Main\Engine\Action->runWithSourceParametersList
	/home/bitrix/www/bitrix/modules/main/lib/engine/controller.php:425
#5: Bitrix\Main\Engine\Controller->run
	/home/bitrix/www/bitrix/modules/main/lib/httpapplication.php:141
----------
Host: crm.seller-capital.ru:443
Date: 2025-01-21 13:53:05
Module: LAST_ERROR
Не введено название.<br>
#0: KPLab\Logs\IBlock::setData
	/home/bitrix/www/local/modules/kplab.api.v2/controller/BalancePlatformRequest.php:241
#1: KPLab\API\V2\Controller\BalancePlatformRequest->recieveAction
	
#2: ReflectionMethod->invokeArgs
	/home/bitrix/www/bitrix/modules/main/lib/engine/autowire/binder.php:207
#3: Bitrix\Main\Engine\AutoWire\Binder->invoke
	/home/bitrix/www/bitrix/modules/main/lib/engine/action.php:117
#4: Bitrix\Main\Engine\Action->runWithSourceParametersList
	/home/bitrix/www/bitrix/modules/main/lib/engine/controller.php:425
#5: Bitrix\Main\Engine\Controller->run
	/home/bitrix/www/bitrix/modules/main/lib/httpapplication.php:141
----------
Host: crm.seller-capital.ru:443
Date: 2025-01-22 11:16:22
Module: LAST_ERROR
Не введено название.<br>
#0: KPLab\Logs\IBlock::setData
	/home/bitrix/www/local/modules/kplab.api.v2/controller/BalancePlatformRequest.php:241
#1: KPLab\API\V2\Controller\BalancePlatformRequest->recieveAction
	
#2: ReflectionMethod->invokeArgs
	/home/bitrix/www/bitrix/modules/main/lib/engine/autowire/binder.php:207
#3: Bitrix\Main\Engine\AutoWire\Binder->invoke
	/home/bitrix/www/bitrix/modules/main/lib/engine/action.php:117
#4: Bitrix\Main\Engine\Action->runWithSourceParametersList
	/home/bitrix/www/bitrix/modules/main/lib/engine/controller.php:425
#5: Bitrix\Main\Engine\Controller->run
	/home/bitrix/www/bitrix/modules/main/lib/httpapplication.php:141
----------
Host: crm.seller-capital.ru:443
Date: 2025-01-22 11:21:06
Module: LAST_ERROR
Не введено название.<br>
#0: KPLab\Logs\IBlock::setData
	/home/bitrix/www/local/modules/kplab.api.v2/controller/BalancePlatformRequest.php:241
#1: KPLab\API\V2\Controller\BalancePlatformRequest->recieveAction
	
#2: ReflectionMethod->invokeArgs
	/home/bitrix/www/bitrix/modules/main/lib/engine/autowire/binder.php:207
#3: Bitrix\Main\Engine\AutoWire\Binder->invoke
	/home/bitrix/www/bitrix/modules/main/lib/engine/action.php:117
#4: Bitrix\Main\Engine\Action->runWithSourceParametersList
	/home/bitrix/www/bitrix/modules/main/lib/engine/controller.php:425
#5: Bitrix\Main\Engine\Controller->run
	/home/bitrix/www/bitrix/modules/main/lib/httpapplication.php:141
----------
Host: crm.seller-capital.ru:443
Date: 2025-01-22 11:30:08
Module: LAST_ERROR
Не введено название.<br>
#0: KPLab\Logs\IBlock::setData
	/home/bitrix/www/local/modules/kplab.api.v2/controller/BalancePlatformRequest.php:241
#1: KPLab\API\V2\Controller\BalancePlatformRequest->recieveAction
	
#2: ReflectionMethod->invokeArgs
	/home/bitrix/www/bitrix/modules/main/lib/engine/autowire/binder.php:207
#3: Bitrix\Main\Engine\AutoWire\Binder->invoke
	/home/bitrix/www/bitrix/modules/main/lib/engine/action.php:117
#4: Bitrix\Main\Engine\Action->runWithSourceParametersList
	/home/bitrix/www/bitrix/modules/main/lib/engine/controller.php:425
#5: Bitrix\Main\Engine\Controller->run
	/home/bitrix/www/bitrix/modules/main/lib/httpapplication.php:141
----------
Host: crm.seller-capital.ru:443
Date: 2025-01-22 11:31:07
Module: LAST_ERROR
Не введено название.<br>
#0: KPLab\Logs\IBlock::setData
	/home/bitrix/www/local/modules/kplab.api.v2/controller/BalancePlatformRequest.php:241
#1: KPLab\API\V2\Controller\BalancePlatformRequest->recieveAction
	
#2: ReflectionMethod->invokeArgs
	/home/bitrix/www/bitrix/modules/main/lib/engine/autowire/binder.php:207
#3: Bitrix\Main\Engine\AutoWire\Binder->invoke
	/home/bitrix/www/bitrix/modules/main/lib/engine/action.php:117
#4: Bitrix\Main\Engine\Action->runWithSourceParametersList
	/home/bitrix/www/bitrix/modules/main/lib/engine/controller.php:425
#5: Bitrix\Main\Engine\Controller->run
	/home/bitrix/www/bitrix/modules/main/lib/httpapplication.php:141
----------
Host: crm.seller-capital.ru:443
Date: 2025-01-22 11:33:13
Module: LAST_ERROR
Не введено название.<br>
#0: KPLab\Logs\IBlock::setData
	/home/bitrix/www/local/modules/kplab.api.v2/controller/BalancePlatformRequest.php:241
#1: KPLab\API\V2\Controller\BalancePlatformRequest->recieveAction
	
#2: ReflectionMethod->invokeArgs
	/home/bitrix/www/bitrix/modules/main/lib/engine/autowire/binder.php:207
#3: Bitrix\Main\Engine\AutoWire\Binder->invoke
	/home/bitrix/www/bitrix/modules/main/lib/engine/action.php:117
#4: Bitrix\Main\Engine\Action->runWithSourceParametersList
	/home/bitrix/www/bitrix/modules/main/lib/engine/controller.php:425
#5: Bitrix\Main\Engine\Controller->run
	/home/bitrix/www/bitrix/modules/main/lib/httpapplication.php:141
----------
Host: crm.seller-capital.ru:443
Date: 2025-01-22 11:36:01
Module: LAST_ERROR
Не введено название.<br>
#0: KPLab\Logs\IBlock::setData
	/home/bitrix/www/local/modules/kplab.api.v2/controller/BalancePlatformRequest.php:241
#1: KPLab\API\V2\Controller\BalancePlatformRequest->recieveAction
	
#2: ReflectionMethod->invokeArgs
	/home/bitrix/www/bitrix/modules/main/lib/engine/autowire/binder.php:207
#3: Bitrix\Main\Engine\AutoWire\Binder->invoke
	/home/bitrix/www/bitrix/modules/main/lib/engine/action.php:117
#4: Bitrix\Main\Engine\Action->runWithSourceParametersList
	/home/bitrix/www/bitrix/modules/main/lib/engine/controller.php:425
#5: Bitrix\Main\Engine\Controller->run
	/home/bitrix/www/bitrix/modules/main/lib/httpapplication.php:141
----------
Host: crm.seller-capital.ru:443
Date: 2025-01-22 11:46:22
Module: LAST_ERROR
Не введено название.<br>
#0: KPLab\Logs\IBlock::setData
	/home/bitrix/www/local/modules/kplab.api.v2/controller/BalancePlatformRequest.php:241
#1: KPLab\API\V2\Controller\BalancePlatformRequest->recieveAction
	
#2: ReflectionMethod->invokeArgs
	/home/bitrix/www/bitrix/modules/main/lib/engine/autowire/binder.php:207
#3: Bitrix\Main\Engine\AutoWire\Binder->invoke
	/home/bitrix/www/bitrix/modules/main/lib/engine/action.php:117
#4: Bitrix\Main\Engine\Action->runWithSourceParametersList
	/home/bitrix/www/bitrix/modules/main/lib/engine/controller.php:425
#5: Bitrix\Main\Engine\Controller->run
	/home/bitrix/www/bitrix/modules/main/lib/httpapplication.php:141
----------
Host: crm.seller-capital.ru:443
Date: 2025-01-22 11:53:54
Module: LAST_ERROR
Не введено название.<br>
#0: KPLab\Logs\IBlock::setData
	/home/bitrix/www/local/modules/kplab.api.v2/controller/BalancePlatformRequest.php:241
#1: KPLab\API\V2\Controller\BalancePlatformRequest->recieveAction
	
#2: ReflectionMethod->invokeArgs
	/home/bitrix/www/bitrix/modules/main/lib/engine/autowire/binder.php:207
#3: Bitrix\Main\Engine\AutoWire\Binder->invoke
	/home/bitrix/www/bitrix/modules/main/lib/engine/action.php:117
#4: Bitrix\Main\Engine\Action->runWithSourceParametersList
	/home/bitrix/www/bitrix/modules/main/lib/engine/controller.php:425
#5: Bitrix\Main\Engine\Controller->run
	/home/bitrix/www/bitrix/modules/main/lib/httpapplication.php:141
----------
Host: crm.seller-capital.ru:443
Date: 2025-01-22 12:10:52
Module: LAST_ERROR
Не введено название.<br>
#0: KPLab\Logs\IBlock::setData
	/home/bitrix/www/local/modules/kplab.api.v2/controller/BalancePlatformRequest.php:241
#1: KPLab\API\V2\Controller\BalancePlatformRequest->recieveAction
	
#2: ReflectionMethod->invokeArgs
	/home/bitrix/www/bitrix/modules/main/lib/engine/autowire/binder.php:207
#3: Bitrix\Main\Engine\AutoWire\Binder->invoke
	/home/bitrix/www/bitrix/modules/main/lib/engine/action.php:117
#4: Bitrix\Main\Engine\Action->runWithSourceParametersList
	/home/bitrix/www/bitrix/modules/main/lib/engine/controller.php:425
#5: Bitrix\Main\Engine\Controller->run
	/home/bitrix/www/bitrix/modules/main/lib/httpapplication.php:141
----------
Host: crm.seller-capital.ru:443
Date: 2025-01-22 15:28:06
Module: LAST_ERROR
Не введено название.<br>
#0: KPLab\Logs\IBlock::setData
	/home/bitrix/www/local/modules/kplab.api.v2/controller/BalancePlatformRequest.php:241
#1: KPLab\API\V2\Controller\BalancePlatformRequest->recieveAction
	
#2: ReflectionMethod->invokeArgs
	/home/bitrix/www/bitrix/modules/main/lib/engine/autowire/binder.php:207
#3: Bitrix\Main\Engine\AutoWire\Binder->invoke
	/home/bitrix/www/bitrix/modules/main/lib/engine/action.php:117
#4: Bitrix\Main\Engine\Action->runWithSourceParametersList
	/home/bitrix/www/bitrix/modules/main/lib/engine/controller.php:425
#5: Bitrix\Main\Engine\Controller->run
	/home/bitrix/www/bitrix/modules/main/lib/httpapplication.php:141
----------
Host: crm.seller-capital.ru:443
Date: 2025-01-22 15:41:49
Module: LAST_ERROR
Не введено название.<br>
#0: KPLab\Logs\IBlock::setData
	/home/bitrix/www/local/modules/kplab.api.v2/controller/BalancePlatformRequest.php:241
#1: KPLab\API\V2\Controller\BalancePlatformRequest->recieveAction
	
#2: ReflectionMethod->invokeArgs
	/home/bitrix/www/bitrix/modules/main/lib/engine/autowire/binder.php:207
#3: Bitrix\Main\Engine\AutoWire\Binder->invoke
	/home/bitrix/www/bitrix/modules/main/lib/engine/action.php:117
#4: Bitrix\Main\Engine\Action->runWithSourceParametersList
	/home/bitrix/www/bitrix/modules/main/lib/engine/controller.php:425
#5: Bitrix\Main\Engine\Controller->run
	/home/bitrix/www/bitrix/modules/main/lib/httpapplication.php:141
----------
Host: crm.seller-capital.ru:443
Date: 2025-01-22 17:40:41
Module: LAST_ERROR
Не введено название.<br>
#0: KPLab\Logs\IBlock::setData
	/home/bitrix/www/local/modules/kplab.api.v2/controller/BalancePlatformRequest.php:241
#1: KPLab\API\V2\Controller\BalancePlatformRequest->recieveAction
	
#2: ReflectionMethod->invokeArgs
	/home/bitrix/www/bitrix/modules/main/lib/engine/autowire/binder.php:207
#3: Bitrix\Main\Engine\AutoWire\Binder->invoke
	/home/bitrix/www/bitrix/modules/main/lib/engine/action.php:117
#4: Bitrix\Main\Engine\Action->runWithSourceParametersList
	/home/bitrix/www/bitrix/modules/main/lib/engine/controller.php:425
#5: Bitrix\Main\Engine\Controller->run
	/home/bitrix/www/bitrix/modules/main/lib/httpapplication.php:141
----------
Host: crm.seller-capital.ru:443
Date: 2025-01-22 17:46:41
Module: LAST_ERROR
Не введено название.<br>
#0: KPLab\Logs\IBlock::setData
	/home/bitrix/www/local/modules/kplab.api.v2/controller/BalancePlatformRequest.php:241
#1: KPLab\API\V2\Controller\BalancePlatformRequest->recieveAction
	
#2: ReflectionMethod->invokeArgs
	/home/bitrix/www/bitrix/modules/main/lib/engine/autowire/binder.php:207
#3: Bitrix\Main\Engine\AutoWire\Binder->invoke
	/home/bitrix/www/bitrix/modules/main/lib/engine/action.php:117
#4: Bitrix\Main\Engine\Action->runWithSourceParametersList
	/home/bitrix/www/bitrix/modules/main/lib/engine/controller.php:425
#5: Bitrix\Main\Engine\Controller->run
	/home/bitrix/www/bitrix/modules/main/lib/httpapplication.php:141
----------
Host: crm.seller-capital.ru:443
Date: 2025-01-23 09:11:26
Module: LAST_ERROR
Не введено название.<br>
#0: KPLab\Logs\IBlock::setData
	/home/bitrix/www/local/modules/kplab.api.v2/controller/BalancePlatformRequest.php:204
#1: KPLab\API\V2\Controller\BalancePlatformRequest->recieveAction
	
#2: ReflectionMethod->invokeArgs
	/home/bitrix/www/bitrix/modules/main/lib/engine/autowire/binder.php:207
#3: Bitrix\Main\Engine\AutoWire\Binder->invoke
	/home/bitrix/www/bitrix/modules/main/lib/engine/action.php:117
#4: Bitrix\Main\Engine\Action->runWithSourceParametersList
	/home/bitrix/www/bitrix/modules/main/lib/engine/controller.php:425
#5: Bitrix\Main\Engine\Controller->run
	/home/bitrix/www/bitrix/modules/main/lib/httpapplication.php:141
----------
Host: crm.seller-capital.ru:443
Date: 2025-01-23 09:11:48
Module: LAST_ERROR
Не введено название.<br>
#0: KPLab\Logs\IBlock::setData
	/home/bitrix/www/local/modules/kplab.api.v2/controller/BalancePlatformRequest.php:204
#1: KPLab\API\V2\Controller\BalancePlatformRequest->recieveAction
	
#2: ReflectionMethod->invokeArgs
	/home/bitrix/www/bitrix/modules/main/lib/engine/autowire/binder.php:207
#3: Bitrix\Main\Engine\AutoWire\Binder->invoke
	/home/bitrix/www/bitrix/modules/main/lib/engine/action.php:117
#4: Bitrix\Main\Engine\Action->runWithSourceParametersList
	/home/bitrix/www/bitrix/modules/main/lib/engine/controller.php:425
#5: Bitrix\Main\Engine\Controller->run
	/home/bitrix/www/bitrix/modules/main/lib/httpapplication.php:141
----------
Host: crm.seller-capital.ru:443
Date: 2025-01-23 09:12:12
Module: LAST_ERROR
Не введено название.<br>
#0: KPLab\Logs\IBlock::setData
	/home/bitrix/www/local/modules/kplab.api.v2/controller/BalancePlatformRequest.php:204
#1: KPLab\API\V2\Controller\BalancePlatformRequest->recieveAction
	
#2: ReflectionMethod->invokeArgs
	/home/bitrix/www/bitrix/modules/main/lib/engine/autowire/binder.php:207
#3: Bitrix\Main\Engine\AutoWire\Binder->invoke
	/home/bitrix/www/bitrix/modules/main/lib/engine/action.php:117
#4: Bitrix\Main\Engine\Action->runWithSourceParametersList
	/home/bitrix/www/bitrix/modules/main/lib/engine/controller.php:425
#5: Bitrix\Main\Engine\Controller->run
	/home/bitrix/www/bitrix/modules/main/lib/httpapplication.php:141
----------
Host: crm.seller-capital.ru:443
Date: 2025-01-23 09:12:14
Module: LAST_ERROR
Не введено название.<br>
#0: KPLab\Logs\IBlock::setData
	/home/bitrix/www/local/modules/kplab.api.v2/controller/BalancePlatformRequest.php:241
#1: KPLab\API\V2\Controller\BalancePlatformRequest->recieveAction
	
#2: ReflectionMethod->invokeArgs
	/home/bitrix/www/bitrix/modules/main/lib/engine/autowire/binder.php:207
#3: Bitrix\Main\Engine\AutoWire\Binder->invoke
	/home/bitrix/www/bitrix/modules/main/lib/engine/action.php:117
#4: Bitrix\Main\Engine\Action->runWithSourceParametersList
	/home/bitrix/www/bitrix/modules/main/lib/engine/controller.php:425
#5: Bitrix\Main\Engine\Controller->run
	/home/bitrix/www/bitrix/modules/main/lib/httpapplication.php:141
----------
Host: crm.seller-capital.ru:443
Date: 2025-01-23 09:12:17
Module: LAST_ERROR
Не введено название.<br>
#0: KPLab\Logs\IBlock::setData
	/home/bitrix/www/local/modules/kplab.api.v2/controller/BalancePlatformRequest.php:204
#1: KPLab\API\V2\Controller\BalancePlatformRequest->recieveAction
	
#2: ReflectionMethod->invokeArgs
	/home/bitrix/www/bitrix/modules/main/lib/engine/autowire/binder.php:207
#3: Bitrix\Main\Engine\AutoWire\Binder->invoke
	/home/bitrix/www/bitrix/modules/main/lib/engine/action.php:117
#4: Bitrix\Main\Engine\Action->runWithSourceParametersList
	/home/bitrix/www/bitrix/modules/main/lib/engine/controller.php:425
#5: Bitrix\Main\Engine\Controller->run
	/home/bitrix/www/bitrix/modules/main/lib/httpapplication.php:141
----------
Host: crm.seller-capital.ru:443
Date: 2025-01-23 09:12:57
Module: LAST_ERROR
Не введено название.<br>
#0: KPLab\Logs\IBlock::setData
	/home/bitrix/www/local/modules/kplab.api.v2/controller/BalancePlatformRequest.php:204
#1: KPLab\API\V2\Controller\BalancePlatformRequest->recieveAction
	
#2: ReflectionMethod->invokeArgs
	/home/bitrix/www/bitrix/modules/main/lib/engine/autowire/binder.php:207
#3: Bitrix\Main\Engine\AutoWire\Binder->invoke
	/home/bitrix/www/bitrix/modules/main/lib/engine/action.php:117
#4: Bitrix\Main\Engine\Action->runWithSourceParametersList
	/home/bitrix/www/bitrix/modules/main/lib/engine/controller.php:425
#5: Bitrix\Main\Engine\Controller->run
	/home/bitrix/www/bitrix/modules/main/lib/httpapplication.php:141
----------
Host: crm.seller-capital.ru:443
Date: 2025-01-23 09:13:17
Module: LAST_ERROR
Не введено название.<br>
#0: KPLab\Logs\IBlock::setData
	/home/bitrix/www/local/modules/kplab.api.v2/controller/BalancePlatformRequest.php:204
#1: KPLab\API\V2\Controller\BalancePlatformRequest->recieveAction
	
#2: ReflectionMethod->invokeArgs
	/home/bitrix/www/bitrix/modules/main/lib/engine/autowire/binder.php:207
#3: Bitrix\Main\Engine\AutoWire\Binder->invoke
	/home/bitrix/www/bitrix/modules/main/lib/engine/action.php:117
#4: Bitrix\Main\Engine\Action->runWithSourceParametersList
	/home/bitrix/www/bitrix/modules/main/lib/engine/controller.php:425
#5: Bitrix\Main\Engine\Controller->run
	/home/bitrix/www/bitrix/modules/main/lib/httpapplication.php:141
----------
Host: crm.seller-capital.ru:443
Date: 2025-01-23 09:13:50
Module: LAST_ERROR
Не введено название.<br>
#0: KPLab\Logs\IBlock::setData
	/home/bitrix/www/local/modules/kplab.api.v2/controller/BalancePlatformRequest.php:204
#1: KPLab\API\V2\Controller\BalancePlatformRequest->recieveAction
	
#2: ReflectionMethod->invokeArgs
	/home/bitrix/www/bitrix/modules/main/lib/engine/autowire/binder.php:207
#3: Bitrix\Main\Engine\AutoWire\Binder->invoke
	/home/bitrix/www/bitrix/modules/main/lib/engine/action.php:117
#4: Bitrix\Main\Engine\Action->runWithSourceParametersList
	/home/bitrix/www/bitrix/modules/main/lib/engine/controller.php:425
#5: Bitrix\Main\Engine\Controller->run
	/home/bitrix/www/bitrix/modules/main/lib/httpapplication.php:141
----------
Host: crm.seller-capital.ru:443
Date: 2025-01-23 09:14:21
Module: LAST_ERROR
Не введено название.<br>
#0: KPLab\Logs\IBlock::setData
	/home/bitrix/www/local/modules/kplab.api.v2/controller/BalancePlatformRequest.php:204
#1: KPLab\API\V2\Controller\BalancePlatformRequest->recieveAction
	
#2: ReflectionMethod->invokeArgs
	/home/bitrix/www/bitrix/modules/main/lib/engine/autowire/binder.php:207
#3: Bitrix\Main\Engine\AutoWire\Binder->invoke
	/home/bitrix/www/bitrix/modules/main/lib/engine/action.php:117
#4: Bitrix\Main\Engine\Action->runWithSourceParametersList
	/home/bitrix/www/bitrix/modules/main/lib/engine/controller.php:425
#5: Bitrix\Main\Engine\Controller->run
	/home/bitrix/www/bitrix/modules/main/lib/httpapplication.php:141
----------
Host: crm.seller-capital.ru:443
Date: 2025-01-23 09:14:49
Module: LAST_ERROR
Не введено название.<br>
#0: KPLab\Logs\IBlock::setData
	/home/bitrix/www/local/modules/kplab.api.v2/controller/BalancePlatformRequest.php:204
#1: KPLab\API\V2\Controller\BalancePlatformRequest->recieveAction
	
#2: ReflectionMethod->invokeArgs
	/home/bitrix/www/bitrix/modules/main/lib/engine/autowire/binder.php:207
#3: Bitrix\Main\Engine\AutoWire\Binder->invoke
	/home/bitrix/www/bitrix/modules/main/lib/engine/action.php:117
#4: Bitrix\Main\Engine\Action->runWithSourceParametersList
	/home/bitrix/www/bitrix/modules/main/lib/engine/controller.php:425
#5: Bitrix\Main\Engine\Controller->run
	/home/bitrix/www/bitrix/modules/main/lib/httpapplication.php:141
----------
Host: crm.seller-capital.ru:443
Date: 2025-01-23 09:15:33
Module: LAST_ERROR
Не введено название.<br>
#0: KPLab\Logs\IBlock::setData
	/home/bitrix/www/local/modules/kplab.api.v2/controller/BalancePlatformRequest.php:204
#1: KPLab\API\V2\Controller\BalancePlatformRequest->recieveAction
	
#2: ReflectionMethod->invokeArgs
	/home/bitrix/www/bitrix/modules/main/lib/engine/autowire/binder.php:207
#3: Bitrix\Main\Engine\AutoWire\Binder->invoke
	/home/bitrix/www/bitrix/modules/main/lib/engine/action.php:117
#4: Bitrix\Main\Engine\Action->runWithSourceParametersList
	/home/bitrix/www/bitrix/modules/main/lib/engine/controller.php:425
#5: Bitrix\Main\Engine\Controller->run
	/home/bitrix/www/bitrix/modules/main/lib/httpapplication.php:141
----------
Host: crm.seller-capital.ru:443
Date: 2025-01-23 09:15:42
Module: LAST_ERROR
Не введено название.<br>
#0: KPLab\Logs\IBlock::setData
	/home/bitrix/www/local/modules/kplab.api.v2/controller/BalancePlatformRequest.php:204
#1: KPLab\API\V2\Controller\BalancePlatformRequest->recieveAction
	
#2: ReflectionMethod->invokeArgs
	/home/bitrix/www/bitrix/modules/main/lib/engine/autowire/binder.php:207
#3: Bitrix\Main\Engine\AutoWire\Binder->invoke
	/home/bitrix/www/bitrix/modules/main/lib/engine/action.php:117
#4: Bitrix\Main\Engine\Action->runWithSourceParametersList
	/home/bitrix/www/bitrix/modules/main/lib/engine/controller.php:425
#5: Bitrix\Main\Engine\Controller->run
	/home/bitrix/www/bitrix/modules/main/lib/httpapplication.php:141
----------
Host: crm.seller-capital.ru:443
Date: 2025-01-23 09:15:49
Module: LAST_ERROR
Не введено название.<br>
#0: KPLab\Logs\IBlock::setData
	/home/bitrix/www/local/modules/kplab.api.v2/controller/BalancePlatformRequest.php:204
#1: KPLab\API\V2\Controller\BalancePlatformRequest->recieveAction
	
#2: ReflectionMethod->invokeArgs
	/home/bitrix/www/bitrix/modules/main/lib/engine/autowire/binder.php:207
#3: Bitrix\Main\Engine\AutoWire\Binder->invoke
	/home/bitrix/www/bitrix/modules/main/lib/engine/action.php:117
#4: Bitrix\Main\Engine\Action->runWithSourceParametersList
	/home/bitrix/www/bitrix/modules/main/lib/engine/controller.php:425
#5: Bitrix\Main\Engine\Controller->run
	/home/bitrix/www/bitrix/modules/main/lib/httpapplication.php:141
----------
Host: crm.seller-capital.ru:443
Date: 2025-01-23 09:16:46
Module: LAST_ERROR
Не введено название.<br>
#0: KPLab\Logs\IBlock::setData
	/home/bitrix/www/local/modules/kplab.api.v2/controller/BalancePlatformRequest.php:204
#1: KPLab\API\V2\Controller\BalancePlatformRequest->recieveAction
	
#2: ReflectionMethod->invokeArgs
	/home/bitrix/www/bitrix/modules/main/lib/engine/autowire/binder.php:207
#3: Bitrix\Main\Engine\AutoWire\Binder->invoke
	/home/bitrix/www/bitrix/modules/main/lib/engine/action.php:117
#4: Bitrix\Main\Engine\Action->runWithSourceParametersList
	/home/bitrix/www/bitrix/modules/main/lib/engine/controller.php:425
#5: Bitrix\Main\Engine\Controller->run
	/home/bitrix/www/bitrix/modules/main/lib/httpapplication.php:141
----------
Host: crm.seller-capital.ru:443
Date: 2025-01-23 09:17:10
Module: LAST_ERROR
Не введено название.<br>
#0: KPLab\Logs\IBlock::setData
	/home/bitrix/www/local/modules/kplab.api.v2/controller/BalancePlatformRequest.php:204
#1: KPLab\API\V2\Controller\BalancePlatformRequest->recieveAction
	
#2: ReflectionMethod->invokeArgs
	/home/bitrix/www/bitrix/modules/main/lib/engine/autowire/binder.php:207
#3: Bitrix\Main\Engine\AutoWire\Binder->invoke
	/home/bitrix/www/bitrix/modules/main/lib/engine/action.php:117
#4: Bitrix\Main\Engine\Action->runWithSourceParametersList
	/home/bitrix/www/bitrix/modules/main/lib/engine/controller.php:425
#5: Bitrix\Main\Engine\Controller->run
	/home/bitrix/www/bitrix/modules/main/lib/httpapplication.php:141
----------
Host: crm.seller-capital.ru:443
Date: 2025-01-23 09:18:47
Module: LAST_ERROR
Не введено название.<br>
#0: KPLab\Logs\IBlock::setData
	/home/bitrix/www/local/modules/kplab.api.v2/controller/BalancePlatformRequest.php:204
#1: KPLab\API\V2\Controller\BalancePlatformRequest->recieveAction
	
#2: ReflectionMethod->invokeArgs
	/home/bitrix/www/bitrix/modules/main/lib/engine/autowire/binder.php:207
#3: Bitrix\Main\Engine\AutoWire\Binder->invoke
	/home/bitrix/www/bitrix/modules/main/lib/engine/action.php:117
#4: Bitrix\Main\Engine\Action->runWithSourceParametersList
	/home/bitrix/www/bitrix/modules/main/lib/engine/controller.php:425
#5: Bitrix\Main\Engine\Controller->run
	/home/bitrix/www/bitrix/modules/main/lib/httpapplication.php:141
----------
Host: crm.seller-capital.ru:443
Date: 2025-01-23 09:18:56
Module: LAST_ERROR
Не введено название.<br>
#0: KPLab\Logs\IBlock::setData
	/home/bitrix/www/local/modules/kplab.api.v2/controller/BalancePlatformRequest.php:204
#1: KPLab\API\V2\Controller\BalancePlatformRequest->recieveAction
	
#2: ReflectionMethod->invokeArgs
	/home/bitrix/www/bitrix/modules/main/lib/engine/autowire/binder.php:207
#3: Bitrix\Main\Engine\AutoWire\Binder->invoke
	/home/bitrix/www/bitrix/modules/main/lib/engine/action.php:117
#4: Bitrix\Main\Engine\Action->runWithSourceParametersList
	/home/bitrix/www/bitrix/modules/main/lib/engine/controller.php:425
#5: Bitrix\Main\Engine\Controller->run
	/home/bitrix/www/bitrix/modules/main/lib/httpapplication.php:141
----------
Host: crm.seller-capital.ru:443
Date: 2025-01-23 09:19:22
Module: LAST_ERROR
Не введено название.<br>
#0: KPLab\Logs\IBlock::setData
	/home/bitrix/www/local/modules/kplab.api.v2/controller/BalancePlatformRequest.php:241
#1: KPLab\API\V2\Controller\BalancePlatformRequest->recieveAction
	
#2: ReflectionMethod->invokeArgs
	/home/bitrix/www/bitrix/modules/main/lib/engine/autowire/binder.php:207
#3: Bitrix\Main\Engine\AutoWire\Binder->invoke
	/home/bitrix/www/bitrix/modules/main/lib/engine/action.php:117
#4: Bitrix\Main\Engine\Action->runWithSourceParametersList
	/home/bitrix/www/bitrix/modules/main/lib/engine/controller.php:425
#5: Bitrix\Main\Engine\Controller->run
	/home/bitrix/www/bitrix/modules/main/lib/httpapplication.php:141
----------
Host: crm.seller-capital.ru:443
Date: 2025-01-23 09:19:36
Module: LAST_ERROR
Не введено название.<br>
#0: KPLab\Logs\IBlock::setData
	/home/bitrix/www/local/modules/kplab.api.v2/controller/BalancePlatformRequest.php:204
#1: KPLab\API\V2\Controller\BalancePlatformRequest->recieveAction
	
#2: ReflectionMethod->invokeArgs
	/home/bitrix/www/bitrix/modules/main/lib/engine/autowire/binder.php:207
#3: Bitrix\Main\Engine\AutoWire\Binder->invoke
	/home/bitrix/www/bitrix/modules/main/lib/engine/action.php:117
#4: Bitrix\Main\Engine\Action->runWithSourceParametersList
	/home/bitrix/www/bitrix/modules/main/lib/engine/controller.php:425
#5: Bitrix\Main\Engine\Controller->run
	/home/bitrix/www/bitrix/modules/main/lib/httpapplication.php:141
----------
Host: crm.seller-capital.ru:443
Date: 2025-01-23 09:20:56
Module: LAST_ERROR
Не введено название.<br>
#0: KPLab\Logs\IBlock::setData
	/home/bitrix/www/local/modules/kplab.api.v2/controller/BalancePlatformRequest.php:204
#1: KPLab\API\V2\Controller\BalancePlatformRequest->recieveAction
	
#2: ReflectionMethod->invokeArgs
	/home/bitrix/www/bitrix/modules/main/lib/engine/autowire/binder.php:207
#3: Bitrix\Main\Engine\AutoWire\Binder->invoke
	/home/bitrix/www/bitrix/modules/main/lib/engine/action.php:117
#4: Bitrix\Main\Engine\Action->runWithSourceParametersList
	/home/bitrix/www/bitrix/modules/main/lib/engine/controller.php:425
#5: Bitrix\Main\Engine\Controller->run
	/home/bitrix/www/bitrix/modules/main/lib/httpapplication.php:141
----------
Host: crm.seller-capital.ru:443
Date: 2025-01-23 09:21:17
Module: LAST_ERROR
Не введено название.<br>
#0: KPLab\Logs\IBlock::setData
	/home/bitrix/www/local/modules/kplab.api.v2/controller/BalancePlatformRequest.php:204
#1: KPLab\API\V2\Controller\BalancePlatformRequest->recieveAction
	
#2: ReflectionMethod->invokeArgs
	/home/bitrix/www/bitrix/modules/main/lib/engine/autowire/binder.php:207
#3: Bitrix\Main\Engine\AutoWire\Binder->invoke
	/home/bitrix/www/bitrix/modules/main/lib/engine/action.php:117
#4: Bitrix\Main\Engine\Action->runWithSourceParametersList
	/home/bitrix/www/bitrix/modules/main/lib/engine/controller.php:425
#5: Bitrix\Main\Engine\Controller->run
	/home/bitrix/www/bitrix/modules/main/lib/httpapplication.php:141
----------
Host: crm.seller-capital.ru:443
Date: 2025-01-23 09:21:28
Module: LAST_ERROR
Не введено название.<br>
#0: KPLab\Logs\IBlock::setData
	/home/bitrix/www/local/modules/kplab.api.v2/controller/BalancePlatformRequest.php:241
#1: KPLab\API\V2\Controller\BalancePlatformRequest->recieveAction
	
#2: ReflectionMethod->invokeArgs
	/home/bitrix/www/bitrix/modules/main/lib/engine/autowire/binder.php:207
#3: Bitrix\Main\Engine\AutoWire\Binder->invoke
	/home/bitrix/www/bitrix/modules/main/lib/engine/action.php:117
#4: Bitrix\Main\Engine\Action->runWithSourceParametersList
	/home/bitrix/www/bitrix/modules/main/lib/engine/controller.php:425
#5: Bitrix\Main\Engine\Controller->run
	/home/bitrix/www/bitrix/modules/main/lib/httpapplication.php:141
----------
Host: crm.seller-capital.ru:443
Date: 2025-01-23 09:21:45
Module: LAST_ERROR
Не введено название.<br>
#0: KPLab\Logs\IBlock::setData
	/home/bitrix/www/local/modules/kplab.api.v2/controller/BalancePlatformRequest.php:204
#1: KPLab\API\V2\Controller\BalancePlatformRequest->recieveAction
	
#2: ReflectionMethod->invokeArgs
	/home/bitrix/www/bitrix/modules/main/lib/engine/autowire/binder.php:207
#3: Bitrix\Main\Engine\AutoWire\Binder->invoke
	/home/bitrix/www/bitrix/modules/main/lib/engine/action.php:117
#4: Bitrix\Main\Engine\Action->runWithSourceParametersList
	/home/bitrix/www/bitrix/modules/main/lib/engine/controller.php:425
#5: Bitrix\Main\Engine\Controller->run
	/home/bitrix/www/bitrix/modules/main/lib/httpapplication.php:141
----------
Host: crm.seller-capital.ru:443
Date: 2025-01-23 09:22:03
Module: LAST_ERROR
Не введено название.<br>
#0: KPLab\Logs\IBlock::setData
	/home/bitrix/www/local/modules/kplab.api.v2/controller/BalancePlatformRequest.php:204
#1: KPLab\API\V2\Controller\BalancePlatformRequest->recieveAction
	
#2: ReflectionMethod->invokeArgs
	/home/bitrix/www/bitrix/modules/main/lib/engine/autowire/binder.php:207
#3: Bitrix\Main\Engine\AutoWire\Binder->invoke
	/home/bitrix/www/bitrix/modules/main/lib/engine/action.php:117
#4: Bitrix\Main\Engine\Action->runWithSourceParametersList
	/home/bitrix/www/bitrix/modules/main/lib/engine/controller.php:425
#5: Bitrix\Main\Engine\Controller->run
	/home/bitrix/www/bitrix/modules/main/lib/httpapplication.php:141
----------
Host: crm.seller-capital.ru:443
Date: 2025-01-23 09:24:04
Module: LAST_ERROR
Не введено название.<br>
#0: KPLab\Logs\IBlock::setData
	/home/bitrix/www/local/modules/kplab.api.v2/controller/BalancePlatformRequest.php:204
#1: KPLab\API\V2\Controller\BalancePlatformRequest->recieveAction
	
#2: ReflectionMethod->invokeArgs
	/home/bitrix/www/bitrix/modules/main/lib/engine/autowire/binder.php:207
#3: Bitrix\Main\Engine\AutoWire\Binder->invoke
	/home/bitrix/www/bitrix/modules/main/lib/engine/action.php:117
#4: Bitrix\Main\Engine\Action->runWithSourceParametersList
	/home/bitrix/www/bitrix/modules/main/lib/engine/controller.php:425
#5: Bitrix\Main\Engine\Controller->run
	/home/bitrix/www/bitrix/modules/main/lib/httpapplication.php:141
----------
Host: crm.seller-capital.ru:443
Date: 2025-01-23 09:24:15
Module: LAST_ERROR
Не введено название.<br>
#0: KPLab\Logs\IBlock::setData
	/home/bitrix/www/local/modules/kplab.api.v2/controller/BalancePlatformRequest.php:241
#1: KPLab\API\V2\Controller\BalancePlatformRequest->recieveAction
	
#2: ReflectionMethod->invokeArgs
	/home/bitrix/www/bitrix/modules/main/lib/engine/autowire/binder.php:207
#3: Bitrix\Main\Engine\AutoWire\Binder->invoke
	/home/bitrix/www/bitrix/modules/main/lib/engine/action.php:117
#4: Bitrix\Main\Engine\Action->runWithSourceParametersList
	/home/bitrix/www/bitrix/modules/main/lib/engine/controller.php:425
#5: Bitrix\Main\Engine\Controller->run
	/home/bitrix/www/bitrix/modules/main/lib/httpapplication.php:141
----------
Host: crm.seller-capital.ru:443
Date: 2025-01-23 09:24:27
Module: LAST_ERROR
Не введено название.<br>
#0: KPLab\Logs\IBlock::setData
	/home/bitrix/www/local/modules/kplab.api.v2/controller/BalancePlatformRequest.php:204
#1: KPLab\API\V2\Controller\BalancePlatformRequest->recieveAction
	
#2: ReflectionMethod->invokeArgs
	/home/bitrix/www/bitrix/modules/main/lib/engine/autowire/binder.php:207
#3: Bitrix\Main\Engine\AutoWire\Binder->invoke
	/home/bitrix/www/bitrix/modules/main/lib/engine/action.php:117
#4: Bitrix\Main\Engine\Action->runWithSourceParametersList
	/home/bitrix/www/bitrix/modules/main/lib/engine/controller.php:425
#5: Bitrix\Main\Engine\Controller->run
	/home/bitrix/www/bitrix/modules/main/lib/httpapplication.php:141
----------
Host: crm.seller-capital.ru:443
Date: 2025-01-23 09:24:40
Module: LAST_ERROR
Не введено название.<br>
#0: KPLab\Logs\IBlock::setData
	/home/bitrix/www/local/modules/kplab.api.v2/controller/BalancePlatformRequest.php:241
#1: KPLab\API\V2\Controller\BalancePlatformRequest->recieveAction
	
#2: ReflectionMethod->invokeArgs
	/home/bitrix/www/bitrix/modules/main/lib/engine/autowire/binder.php:207
#3: Bitrix\Main\Engine\AutoWire\Binder->invoke
	/home/bitrix/www/bitrix/modules/main/lib/engine/action.php:117
#4: Bitrix\Main\Engine\Action->runWithSourceParametersList
	/home/bitrix/www/bitrix/modules/main/lib/engine/controller.php:425
#5: Bitrix\Main\Engine\Controller->run
	/home/bitrix/www/bitrix/modules/main/lib/httpapplication.php:141
----------
Host: crm.seller-capital.ru:443
Date: 2025-01-23 09:25:55
Module: LAST_ERROR
Не введено название.<br>
#0: KPLab\Logs\IBlock::setData
	/home/bitrix/www/local/modules/kplab.api.v2/controller/BalancePlatformRequest.php:204
#1: KPLab\API\V2\Controller\BalancePlatformRequest->recieveAction
	
#2: ReflectionMethod->invokeArgs
	/home/bitrix/www/bitrix/modules/main/lib/engine/autowire/binder.php:207
#3: Bitrix\Main\Engine\AutoWire\Binder->invoke
	/home/bitrix/www/bitrix/modules/main/lib/engine/action.php:117
#4: Bitrix\Main\Engine\Action->runWithSourceParametersList
	/home/bitrix/www/bitrix/modules/main/lib/engine/controller.php:425
#5: Bitrix\Main\Engine\Controller->run
	/home/bitrix/www/bitrix/modules/main/lib/httpapplication.php:141
----------
Host: crm.seller-capital.ru:443
Date: 2025-01-23 09:26:10
Module: LAST_ERROR
Не введено название.<br>
#0: KPLab\Logs\IBlock::setData
	/home/bitrix/www/local/modules/kplab.api.v2/controller/BalancePlatformRequest.php:204
#1: KPLab\API\V2\Controller\BalancePlatformRequest->recieveAction
	
#2: ReflectionMethod->invokeArgs
	/home/bitrix/www/bitrix/modules/main/lib/engine/autowire/binder.php:207
#3: Bitrix\Main\Engine\AutoWire\Binder->invoke
	/home/bitrix/www/bitrix/modules/main/lib/engine/action.php:117
#4: Bitrix\Main\Engine\Action->runWithSourceParametersList
	/home/bitrix/www/bitrix/modules/main/lib/engine/controller.php:425
#5: Bitrix\Main\Engine\Controller->run
	/home/bitrix/www/bitrix/modules/main/lib/httpapplication.php:141
----------
Host: crm.seller-capital.ru:443
Date: 2025-01-23 09:27:33
Module: LAST_ERROR
Не введено название.<br>
#0: KPLab\Logs\IBlock::setData
	/home/bitrix/www/local/modules/kplab.api.v2/controller/BalancePlatformRequest.php:204
#1: KPLab\API\V2\Controller\BalancePlatformRequest->recieveAction
	
#2: ReflectionMethod->invokeArgs
	/home/bitrix/www/bitrix/modules/main/lib/engine/autowire/binder.php:207
#3: Bitrix\Main\Engine\AutoWire\Binder->invoke
	/home/bitrix/www/bitrix/modules/main/lib/engine/action.php:117
#4: Bitrix\Main\Engine\Action->runWithSourceParametersList
	/home/bitrix/www/bitrix/modules/main/lib/engine/controller.php:425
#5: Bitrix\Main\Engine\Controller->run
	/home/bitrix/www/bitrix/modules/main/lib/httpapplication.php:141
----------
Host: crm.seller-capital.ru:443
Date: 2025-01-23 09:27:41
Module: LAST_ERROR
Не введено название.<br>
#0: KPLab\Logs\IBlock::setData
	/home/bitrix/www/local/modules/kplab.api.v2/controller/BalancePlatformRequest.php:204
#1: KPLab\API\V2\Controller\BalancePlatformRequest->recieveAction
	
#2: ReflectionMethod->invokeArgs
	/home/bitrix/www/bitrix/modules/main/lib/engine/autowire/binder.php:207
#3: Bitrix\Main\Engine\AutoWire\Binder->invoke
	/home/bitrix/www/bitrix/modules/main/lib/engine/action.php:117
#4: Bitrix\Main\Engine\Action->runWithSourceParametersList
	/home/bitrix/www/bitrix/modules/main/lib/engine/controller.php:425
#5: Bitrix\Main\Engine\Controller->run
	/home/bitrix/www/bitrix/modules/main/lib/httpapplication.php:141
----------
Host: crm.seller-capital.ru:443
Date: 2025-01-23 09:27:44
Module: LAST_ERROR
Не введено название.<br>
#0: KPLab\Logs\IBlock::setData
	/home/bitrix/www/local/modules/kplab.api.v2/controller/BalancePlatformRequest.php:204
#1: KPLab\API\V2\Controller\BalancePlatformRequest->recieveAction
	
#2: ReflectionMethod->invokeArgs
	/home/bitrix/www/bitrix/modules/main/lib/engine/autowire/binder.php:207
#3: Bitrix\Main\Engine\AutoWire\Binder->invoke
	/home/bitrix/www/bitrix/modules/main/lib/engine/action.php:117
#4: Bitrix\Main\Engine\Action->runWithSourceParametersList
	/home/bitrix/www/bitrix/modules/main/lib/engine/controller.php:425
#5: Bitrix\Main\Engine\Controller->run
	/home/bitrix/www/bitrix/modules/main/lib/httpapplication.php:141
----------
Host: crm.seller-capital.ru:443
Date: 2025-01-23 09:27:58
Module: LAST_ERROR
Не введено название.<br>
#0: KPLab\Logs\IBlock::setData
	/home/bitrix/www/local/modules/kplab.api.v2/controller/BalancePlatformRequest.php:204
#1: KPLab\API\V2\Controller\BalancePlatformRequest->recieveAction
	
#2: ReflectionMethod->invokeArgs
	/home/bitrix/www/bitrix/modules/main/lib/engine/autowire/binder.php:207
#3: Bitrix\Main\Engine\AutoWire\Binder->invoke
	/home/bitrix/www/bitrix/modules/main/lib/engine/action.php:117
#4: Bitrix\Main\Engine\Action->runWithSourceParametersList
	/home/bitrix/www/bitrix/modules/main/lib/engine/controller.php:425
#5: Bitrix\Main\Engine\Controller->run
	/home/bitrix/www/bitrix/modules/main/lib/httpapplication.php:141
----------
Host: crm.seller-capital.ru:443
Date: 2025-01-23 09:28:03
Module: LAST_ERROR
Не введено название.<br>
#0: KPLab\Logs\IBlock::setData
	/home/bitrix/www/local/modules/kplab.api.v2/controller/BalancePlatformRequest.php:204
#1: KPLab\API\V2\Controller\BalancePlatformRequest->recieveAction
	
#2: ReflectionMethod->invokeArgs
	/home/bitrix/www/bitrix/modules/main/lib/engine/autowire/binder.php:207
#3: Bitrix\Main\Engine\AutoWire\Binder->invoke
	/home/bitrix/www/bitrix/modules/main/lib/engine/action.php:117
#4: Bitrix\Main\Engine\Action->runWithSourceParametersList
	/home/bitrix/www/bitrix/modules/main/lib/engine/controller.php:425
#5: Bitrix\Main\Engine\Controller->run
	/home/bitrix/www/bitrix/modules/main/lib/httpapplication.php:141
----------
Host: crm.seller-capital.ru:443
Date: 2025-01-23 09:28:05
Module: LAST_ERROR
Не введено название.<br>
#0: KPLab\Logs\IBlock::setData
	/home/bitrix/www/local/modules/kplab.api.v2/controller/BalancePlatformRequest.php:204
#1: KPLab\API\V2\Controller\BalancePlatformRequest->recieveAction
	
#2: ReflectionMethod->invokeArgs
	/home/bitrix/www/bitrix/modules/main/lib/engine/autowire/binder.php:207
#3: Bitrix\Main\Engine\AutoWire\Binder->invoke
	/home/bitrix/www/bitrix/modules/main/lib/engine/action.php:117
#4: Bitrix\Main\Engine\Action->runWithSourceParametersList
	/home/bitrix/www/bitrix/modules/main/lib/engine/controller.php:425
#5: Bitrix\Main\Engine\Controller->run
	/home/bitrix/www/bitrix/modules/main/lib/httpapplication.php:141
----------
Host: crm.seller-capital.ru:443
Date: 2025-01-23 09:28:15
Module: LAST_ERROR
Не введено название.<br>
#0: KPLab\Logs\IBlock::setData
	/home/bitrix/www/local/modules/kplab.api.v2/controller/BalancePlatformRequest.php:241
#1: KPLab\API\V2\Controller\BalancePlatformRequest->recieveAction
	
#2: ReflectionMethod->invokeArgs
	/home/bitrix/www/bitrix/modules/main/lib/engine/autowire/binder.php:207
#3: Bitrix\Main\Engine\AutoWire\Binder->invoke
	/home/bitrix/www/bitrix/modules/main/lib/engine/action.php:117
#4: Bitrix\Main\Engine\Action->runWithSourceParametersList
	/home/bitrix/www/bitrix/modules/main/lib/engine/controller.php:425
#5: Bitrix\Main\Engine\Controller->run
	/home/bitrix/www/bitrix/modules/main/lib/httpapplication.php:141
----------
Host: crm.seller-capital.ru:443
Date: 2025-01-23 09:28:38
Module: LAST_ERROR
Не введено название.<br>
#0: KPLab\Logs\IBlock::setData
	/home/bitrix/www/local/modules/kplab.api.v2/controller/BalancePlatformRequest.php:204
#1: KPLab\API\V2\Controller\BalancePlatformRequest->recieveAction
	
#2: ReflectionMethod->invokeArgs
	/home/bitrix/www/bitrix/modules/main/lib/engine/autowire/binder.php:207
#3: Bitrix\Main\Engine\AutoWire\Binder->invoke
	/home/bitrix/www/bitrix/modules/main/lib/engine/action.php:117
#4: Bitrix\Main\Engine\Action->runWithSourceParametersList
	/home/bitrix/www/bitrix/modules/main/lib/engine/controller.php:425
#5: Bitrix\Main\Engine\Controller->run
	/home/bitrix/www/bitrix/modules/main/lib/httpapplication.php:141
----------
Host: crm.seller-capital.ru:443
Date: 2025-01-23 09:29:25
Module: LAST_ERROR
Не введено название.<br>
#0: KPLab\Logs\IBlock::setData
	/home/bitrix/www/local/modules/kplab.api.v2/controller/BalancePlatformRequest.php:204
#1: KPLab\API\V2\Controller\BalancePlatformRequest->recieveAction
	
#2: ReflectionMethod->invokeArgs
	/home/bitrix/www/bitrix/modules/main/lib/engine/autowire/binder.php:207
#3: Bitrix\Main\Engine\AutoWire\Binder->invoke
	/home/bitrix/www/bitrix/modules/main/lib/engine/action.php:117
#4: Bitrix\Main\Engine\Action->runWithSourceParametersList
	/home/bitrix/www/bitrix/modules/main/lib/engine/controller.php:425
#5: Bitrix\Main\Engine\Controller->run
	/home/bitrix/www/bitrix/modules/main/lib/httpapplication.php:141
----------
Host: crm.seller-capital.ru:443
Date: 2025-01-23 09:29:47
Module: LAST_ERROR
Не введено название.<br>
#0: KPLab\Logs\IBlock::setData
	/home/bitrix/www/local/modules/kplab.api.v2/controller/BalancePlatformRequest.php:204
#1: KPLab\API\V2\Controller\BalancePlatformRequest->recieveAction
	
#2: ReflectionMethod->invokeArgs
	/home/bitrix/www/bitrix/modules/main/lib/engine/autowire/binder.php:207
#3: Bitrix\Main\Engine\AutoWire\Binder->invoke
	/home/bitrix/www/bitrix/modules/main/lib/engine/action.php:117
#4: Bitrix\Main\Engine\Action->runWithSourceParametersList
	/home/bitrix/www/bitrix/modules/main/lib/engine/controller.php:425
#5: Bitrix\Main\Engine\Controller->run
	/home/bitrix/www/bitrix/modules/main/lib/httpapplication.php:141
----------
Host: crm.seller-capital.ru:443
Date: 2025-01-23 09:30:02
Module: LAST_ERROR
Не введено название.<br>
#0: KPLab\Logs\IBlock::setData
	/home/bitrix/www/local/modules/kplab.api.v2/controller/BalancePlatformRequest.php:241
#1: KPLab\API\V2\Controller\BalancePlatformRequest->recieveAction
	
#2: ReflectionMethod->invokeArgs
	/home/bitrix/www/bitrix/modules/main/lib/engine/autowire/binder.php:207
#3: Bitrix\Main\Engine\AutoWire\Binder->invoke
	/home/bitrix/www/bitrix/modules/main/lib/engine/action.php:117
#4: Bitrix\Main\Engine\Action->runWithSourceParametersList
	/home/bitrix/www/bitrix/modules/main/lib/engine/controller.php:425
#5: Bitrix\Main\Engine\Controller->run
	/home/bitrix/www/bitrix/modules/main/lib/httpapplication.php:141
----------
Host: crm.seller-capital.ru:443
Date: 2025-01-23 09:30:46
Module: LAST_ERROR
Не введено название.<br>
#0: KPLab\Logs\IBlock::setData
	/home/bitrix/www/local/modules/kplab.api.v2/controller/BalancePlatformRequest.php:204
#1: KPLab\API\V2\Controller\BalancePlatformRequest->recieveAction
	
#2: ReflectionMethod->invokeArgs
	/home/bitrix/www/bitrix/modules/main/lib/engine/autowire/binder.php:207
#3: Bitrix\Main\Engine\AutoWire\Binder->invoke
	/home/bitrix/www/bitrix/modules/main/lib/engine/action.php:117
#4: Bitrix\Main\Engine\Action->runWithSourceParametersList
	/home/bitrix/www/bitrix/modules/main/lib/engine/controller.php:425
#5: Bitrix\Main\Engine\Controller->run
	/home/bitrix/www/bitrix/modules/main/lib/httpapplication.php:141
----------
Host: crm.seller-capital.ru:443
Date: 2025-01-23 09:31:03
Module: LAST_ERROR
Не введено название.<br>
#0: KPLab\Logs\IBlock::setData
	/home/bitrix/www/local/modules/kplab.api.v2/controller/BalancePlatformRequest.php:204
#1: KPLab\API\V2\Controller\BalancePlatformRequest->recieveAction
	
#2: ReflectionMethod->invokeArgs
	/home/bitrix/www/bitrix/modules/main/lib/engine/autowire/binder.php:207
#3: Bitrix\Main\Engine\AutoWire\Binder->invoke
	/home/bitrix/www/bitrix/modules/main/lib/engine/action.php:117
#4: Bitrix\Main\Engine\Action->runWithSourceParametersList
	/home/bitrix/www/bitrix/modules/main/lib/engine/controller.php:425
#5: Bitrix\Main\Engine\Controller->run
	/home/bitrix/www/bitrix/modules/main/lib/httpapplication.php:141
----------
Host: crm.seller-capital.ru:443
Date: 2025-01-23 09:31:15
Module: LAST_ERROR
Не введено название.<br>
#0: KPLab\Logs\IBlock::setData
	/home/bitrix/www/local/modules/kplab.api.v2/controller/BalancePlatformRequest.php:204
#1: KPLab\API\V2\Controller\BalancePlatformRequest->recieveAction
	
#2: ReflectionMethod->invokeArgs
	/home/bitrix/www/bitrix/modules/main/lib/engine/autowire/binder.php:207
#3: Bitrix\Main\Engine\AutoWire\Binder->invoke
	/home/bitrix/www/bitrix/modules/main/lib/engine/action.php:117
#4: Bitrix\Main\Engine\Action->runWithSourceParametersList
	/home/bitrix/www/bitrix/modules/main/lib/engine/controller.php:425
#5: Bitrix\Main\Engine\Controller->run
	/home/bitrix/www/bitrix/modules/main/lib/httpapplication.php:141
----------
Host: crm.seller-capital.ru:443
Date: 2025-01-23 09:31:29
Module: LAST_ERROR
Не введено название.<br>
#0: KPLab\Logs\IBlock::setData
	/home/bitrix/www/local/modules/kplab.api.v2/controller/BalancePlatformRequest.php:241
#1: KPLab\API\V2\Controller\BalancePlatformRequest->recieveAction
	
#2: ReflectionMethod->invokeArgs
	/home/bitrix/www/bitrix/modules/main/lib/engine/autowire/binder.php:207
#3: Bitrix\Main\Engine\AutoWire\Binder->invoke
	/home/bitrix/www/bitrix/modules/main/lib/engine/action.php:117
#4: Bitrix\Main\Engine\Action->runWithSourceParametersList
	/home/bitrix/www/bitrix/modules/main/lib/engine/controller.php:425
#5: Bitrix\Main\Engine\Controller->run
	/home/bitrix/www/bitrix/modules/main/lib/httpapplication.php:141
----------
Host: crm.seller-capital.ru:443
Date: 2025-01-23 09:32:47
Module: LAST_ERROR
Не введено название.<br>
#0: KPLab\Logs\IBlock::setData
	/home/bitrix/www/local/modules/kplab.api.v2/controller/BalancePlatformRequest.php:241
#1: KPLab\API\V2\Controller\BalancePlatformRequest->recieveAction
	
#2: ReflectionMethod->invokeArgs
	/home/bitrix/www/bitrix/modules/main/lib/engine/autowire/binder.php:207
#3: Bitrix\Main\Engine\AutoWire\Binder->invoke
	/home/bitrix/www/bitrix/modules/main/lib/engine/action.php:117
#4: Bitrix\Main\Engine\Action->runWithSourceParametersList
	/home/bitrix/www/bitrix/modules/main/lib/engine/controller.php:425
#5: Bitrix\Main\Engine\Controller->run
	/home/bitrix/www/bitrix/modules/main/lib/httpapplication.php:141
----------
Host: crm.seller-capital.ru:443
Date: 2025-01-23 09:32:51
Module: LAST_ERROR
Не введено название.<br>
#0: KPLab\Logs\IBlock::setData
	/home/bitrix/www/local/modules/kplab.api.v2/controller/BalancePlatformRequest.php:241
#1: KPLab\API\V2\Controller\BalancePlatformRequest->recieveAction
	
#2: ReflectionMethod->invokeArgs
	/home/bitrix/www/bitrix/modules/main/lib/engine/autowire/binder.php:207
#3: Bitrix\Main\Engine\AutoWire\Binder->invoke
	/home/bitrix/www/bitrix/modules/main/lib/engine/action.php:117
#4: Bitrix\Main\Engine\Action->runWithSourceParametersList
	/home/bitrix/www/bitrix/modules/main/lib/engine/controller.php:425
#5: Bitrix\Main\Engine\Controller->run
	/home/bitrix/www/bitrix/modules/main/lib/httpapplication.php:141
----------
Host: crm.seller-capital.ru:443
Date: 2025-01-23 09:32:51
Module: LAST_ERROR
Не введено название.<br>
#0: KPLab\Logs\IBlock::setData
	/home/bitrix/www/local/modules/kplab.api.v2/controller/BalancePlatformRequest.php:241
#1: KPLab\API\V2\Controller\BalancePlatformRequest->recieveAction
	
#2: ReflectionMethod->invokeArgs
	/home/bitrix/www/bitrix/modules/main/lib/engine/autowire/binder.php:207
#3: Bitrix\Main\Engine\AutoWire\Binder->invoke
	/home/bitrix/www/bitrix/modules/main/lib/engine/action.php:117
#4: Bitrix\Main\Engine\Action->runWithSourceParametersList
	/home/bitrix/www/bitrix/modules/main/lib/engine/controller.php:425
#5: Bitrix\Main\Engine\Controller->run
	/home/bitrix/www/bitrix/modules/main/lib/httpapplication.php:141
----------
Host: crm.seller-capital.ru:443
Date: 2025-01-23 09:32:51
Module: LAST_ERROR
Не введено название.<br>
#0: KPLab\Logs\IBlock::setData
	/home/bitrix/www/local/modules/kplab.api.v2/controller/BalancePlatformRequest.php:241
#1: KPLab\API\V2\Controller\BalancePlatformRequest->recieveAction
	
#2: ReflectionMethod->invokeArgs
	/home/bitrix/www/bitrix/modules/main/lib/engine/autowire/binder.php:207
#3: Bitrix\Main\Engine\AutoWire\Binder->invoke
	/home/bitrix/www/bitrix/modules/main/lib/engine/action.php:117
#4: Bitrix\Main\Engine\Action->runWithSourceParametersList
	/home/bitrix/www/bitrix/modules/main/lib/engine/controller.php:425
#5: Bitrix\Main\Engine\Controller->run
	/home/bitrix/www/bitrix/modules/main/lib/httpapplication.php:141
----------
Host: crm.seller-capital.ru:443
Date: 2025-01-23 09:32:53
Module: LAST_ERROR
Не введено название.<br>
#0: KPLab\Logs\IBlock::setData
	/home/bitrix/www/local/modules/kplab.api.v2/controller/BalancePlatformRequest.php:241
#1: KPLab\API\V2\Controller\BalancePlatformRequest->recieveAction
	
#2: ReflectionMethod->invokeArgs
	/home/bitrix/www/bitrix/modules/main/lib/engine/autowire/binder.php:207
#3: Bitrix\Main\Engine\AutoWire\Binder->invoke
	/home/bitrix/www/bitrix/modules/main/lib/engine/action.php:117
#4: Bitrix\Main\Engine\Action->runWithSourceParametersList
	/home/bitrix/www/bitrix/modules/main/lib/engine/controller.php:425
#5: Bitrix\Main\Engine\Controller->run
	/home/bitrix/www/bitrix/modules/main/lib/httpapplication.php:141
----------
Host: crm.seller-capital.ru:443
Date: 2025-01-23 09:32:58
Module: LAST_ERROR
Не введено название.<br>
#0: KPLab\Logs\IBlock::setData
	/home/bitrix/www/local/modules/kplab.api.v2/controller/BalancePlatformRequest.php:241
#1: KPLab\API\V2\Controller\BalancePlatformRequest->recieveAction
	
#2: ReflectionMethod->invokeArgs
	/home/bitrix/www/bitrix/modules/main/lib/engine/autowire/binder.php:207
#3: Bitrix\Main\Engine\AutoWire\Binder->invoke
	/home/bitrix/www/bitrix/modules/main/lib/engine/action.php:117
#4: Bitrix\Main\Engine\Action->runWithSourceParametersList
	/home/bitrix/www/bitrix/modules/main/lib/engine/controller.php:425
#5: Bitrix\Main\Engine\Controller->run
	/home/bitrix/www/bitrix/modules/main/lib/httpapplication.php:141
----------
Host: crm.seller-capital.ru:443
Date: 2025-01-23 09:32:58
Module: LAST_ERROR
Не введено название.<br>
#0: KPLab\Logs\IBlock::setData
	/home/bitrix/www/local/modules/kplab.api.v2/controller/BalancePlatformRequest.php:241
#1: KPLab\API\V2\Controller\BalancePlatformRequest->recieveAction
	
#2: ReflectionMethod->invokeArgs
	/home/bitrix/www/bitrix/modules/main/lib/engine/autowire/binder.php:207
#3: Bitrix\Main\Engine\AutoWire\Binder->invoke
	/home/bitrix/www/bitrix/modules/main/lib/engine/action.php:117
#4: Bitrix\Main\Engine\Action->runWithSourceParametersList
	/home/bitrix/www/bitrix/modules/main/lib/engine/controller.php:425
#5: Bitrix\Main\Engine\Controller->run
	/home/bitrix/www/bitrix/modules/main/lib/httpapplication.php:141
----------
Host: crm.seller-capital.ru:443
Date: 2025-01-23 09:33:00
Module: LAST_ERROR
Не введено название.<br>
#0: KPLab\Logs\IBlock::setData
	/home/bitrix/www/local/modules/kplab.api.v2/controller/BalancePlatformRequest.php:241
#1: KPLab\API\V2\Controller\BalancePlatformRequest->recieveAction
	
#2: ReflectionMethod->invokeArgs
	/home/bitrix/www/bitrix/modules/main/lib/engine/autowire/binder.php:207
#3: Bitrix\Main\Engine\AutoWire\Binder->invoke
	/home/bitrix/www/bitrix/modules/main/lib/engine/action.php:117
#4: Bitrix\Main\Engine\Action->runWithSourceParametersList
	/home/bitrix/www/bitrix/modules/main/lib/engine/controller.php:425
#5: Bitrix\Main\Engine\Controller->run
	/home/bitrix/www/bitrix/modules/main/lib/httpapplication.php:141
----------
Host: crm.seller-capital.ru:443
Date: 2025-01-23 09:33:05
Module: LAST_ERROR
Не введено название.<br>
#0: KPLab\Logs\IBlock::setData
	/home/bitrix/www/local/modules/kplab.api.v2/controller/BalancePlatformRequest.php:241
#1: KPLab\API\V2\Controller\BalancePlatformRequest->recieveAction
	
#2: ReflectionMethod->invokeArgs
	/home/bitrix/www/bitrix/modules/main/lib/engine/autowire/binder.php:207
#3: Bitrix\Main\Engine\AutoWire\Binder->invoke
	/home/bitrix/www/bitrix/modules/main/lib/engine/action.php:117
#4: Bitrix\Main\Engine\Action->runWithSourceParametersList
	/home/bitrix/www/bitrix/modules/main/lib/engine/controller.php:425
#5: Bitrix\Main\Engine\Controller->run
	/home/bitrix/www/bitrix/modules/main/lib/httpapplication.php:141
----------
Host: crm.seller-capital.ru:443
Date: 2025-01-23 09:33:05
Module: LAST_ERROR
Не введено название.<br>
#0: KPLab\Logs\IBlock::setData
	/home/bitrix/www/local/modules/kplab.api.v2/controller/BalancePlatformRequest.php:241
#1: KPLab\API\V2\Controller\BalancePlatformRequest->recieveAction
	
#2: ReflectionMethod->invokeArgs
	/home/bitrix/www/bitrix/modules/main/lib/engine/autowire/binder.php:207
#3: Bitrix\Main\Engine\AutoWire\Binder->invoke
	/home/bitrix/www/bitrix/modules/main/lib/engine/action.php:117
#4: Bitrix\Main\Engine\Action->runWithSourceParametersList
	/home/bitrix/www/bitrix/modules/main/lib/engine/controller.php:425
#5: Bitrix\Main\Engine\Controller->run
	/home/bitrix/www/bitrix/modules/main/lib/httpapplication.php:141
----------
Host: crm.seller-capital.ru:443
Date: 2025-01-23 09:33:21
Module: LAST_ERROR
Не введено название.<br>
#0: KPLab\Logs\IBlock::setData
	/home/bitrix/www/local/modules/kplab.api.v2/controller/BalancePlatformRequest.php:204
#1: KPLab\API\V2\Controller\BalancePlatformRequest->recieveAction
	
#2: ReflectionMethod->invokeArgs
	/home/bitrix/www/bitrix/modules/main/lib/engine/autowire/binder.php:207
#3: Bitrix\Main\Engine\AutoWire\Binder->invoke
	/home/bitrix/www/bitrix/modules/main/lib/engine/action.php:117
#4: Bitrix\Main\Engine\Action->runWithSourceParametersList
	/home/bitrix/www/bitrix/modules/main/lib/engine/controller.php:425
#5: Bitrix\Main\Engine\Controller->run
	/home/bitrix/www/bitrix/modules/main/lib/httpapplication.php:141
----------
Host: crm.seller-capital.ru:443
Date: 2025-01-23 09:37:59
Module: LAST_ERROR
Не введено название.<br>
#0: KPLab\Logs\IBlock::setData
	/home/bitrix/www/local/modules/kplab.api.v2/controller/BalancePlatformRequest.php:241
#1: KPLab\API\V2\Controller\BalancePlatformRequest->recieveAction
	
#2: ReflectionMethod->invokeArgs
	/home/bitrix/www/bitrix/modules/main/lib/engine/autowire/binder.php:207
#3: Bitrix\Main\Engine\AutoWire\Binder->invoke
	/home/bitrix/www/bitrix/modules/main/lib/engine/action.php:117
#4: Bitrix\Main\Engine\Action->runWithSourceParametersList
	/home/bitrix/www/bitrix/modules/main/lib/engine/controller.php:425
#5: Bitrix\Main\Engine\Controller->run
	/home/bitrix/www/bitrix/modules/main/lib/httpapplication.php:141
----------
Host: crm.seller-capital.ru:443
Date: 2025-01-23 09:45:05
Module: LAST_ERROR
Не введено название.<br>
#0: KPLab\Logs\IBlock::setData
	/home/bitrix/www/local/modules/kplab.api.v2/controller/BalancePlatformRequest.php:204
#1: KPLab\API\V2\Controller\BalancePlatformRequest->recieveAction
	
#2: ReflectionMethod->invokeArgs
	/home/bitrix/www/bitrix/modules/main/lib/engine/autowire/binder.php:207
#3: Bitrix\Main\Engine\AutoWire\Binder->invoke
	/home/bitrix/www/bitrix/modules/main/lib/engine/action.php:117
#4: Bitrix\Main\Engine\Action->runWithSourceParametersList
	/home/bitrix/www/bitrix/modules/main/lib/engine/controller.php:425
#5: Bitrix\Main\Engine\Controller->run
	/home/bitrix/www/bitrix/modules/main/lib/httpapplication.php:141
----------
Host: crm.seller-capital.ru:443
Date: 2025-01-23 09:49:12
Module: LAST_ERROR
Не введено название.<br>
#0: KPLab\Logs\IBlock::setData
	/home/bitrix/www/local/modules/kplab.api.v2/controller/BalancePlatformRequest.php:204
#1: KPLab\API\V2\Controller\BalancePlatformRequest->recieveAction
	
#2: ReflectionMethod->invokeArgs
	/home/bitrix/www/bitrix/modules/main/lib/engine/autowire/binder.php:207
#3: Bitrix\Main\Engine\AutoWire\Binder->invoke
	/home/bitrix/www/bitrix/modules/main/lib/engine/action.php:117
#4: Bitrix\Main\Engine\Action->runWithSourceParametersList
	/home/bitrix/www/bitrix/modules/main/lib/engine/controller.php:425
#5: Bitrix\Main\Engine\Controller->run
	/home/bitrix/www/bitrix/modules/main/lib/httpapplication.php:141
----------
Host: crm.seller-capital.ru:443
Date: 2025-01-23 09:52:51
Module: LAST_ERROR
Не введено название.<br>
#0: KPLab\Logs\IBlock::setData
	/home/bitrix/www/local/modules/kplab.api.v2/controller/BalancePlatformRequest.php:204
#1: KPLab\API\V2\Controller\BalancePlatformRequest->recieveAction
	
#2: ReflectionMethod->invokeArgs
	/home/bitrix/www/bitrix/modules/main/lib/engine/autowire/binder.php:207
#3: Bitrix\Main\Engine\AutoWire\Binder->invoke
	/home/bitrix/www/bitrix/modules/main/lib/engine/action.php:117
#4: Bitrix\Main\Engine\Action->runWithSourceParametersList
	/home/bitrix/www/bitrix/modules/main/lib/engine/controller.php:425
#5: Bitrix\Main\Engine\Controller->run
	/home/bitrix/www/bitrix/modules/main/lib/httpapplication.php:141
----------
Host: crm.seller-capital.ru:443
Date: 2025-01-23 09:56:59
Module: LAST_ERROR
Не введено название.<br>
#0: KPLab\Logs\IBlock::setData
	/home/bitrix/www/local/modules/kplab.api.v2/controller/BalancePlatformRequest.php:204
#1: KPLab\API\V2\Controller\BalancePlatformRequest->recieveAction
	
#2: ReflectionMethod->invokeArgs
	/home/bitrix/www/bitrix/modules/main/lib/engine/autowire/binder.php:207
#3: Bitrix\Main\Engine\AutoWire\Binder->invoke
	/home/bitrix/www/bitrix/modules/main/lib/engine/action.php:117
#4: Bitrix\Main\Engine\Action->runWithSourceParametersList
	/home/bitrix/www/bitrix/modules/main/lib/engine/controller.php:425
#5: Bitrix\Main\Engine\Controller->run
	/home/bitrix/www/bitrix/modules/main/lib/httpapplication.php:141
----------
Host: crm.seller-capital.ru:443
Date: 2025-01-23 09:57:52
Module: LAST_ERROR
Не введено название.<br>
#0: KPLab\Logs\IBlock::setData
	/home/bitrix/www/local/modules/kplab.api.v2/controller/BalancePlatformRequest.php:204
#1: KPLab\API\V2\Controller\BalancePlatformRequest->recieveAction
	
#2: ReflectionMethod->invokeArgs
	/home/bitrix/www/bitrix/modules/main/lib/engine/autowire/binder.php:207
#3: Bitrix\Main\Engine\AutoWire\Binder->invoke
	/home/bitrix/www/bitrix/modules/main/lib/engine/action.php:117
#4: Bitrix\Main\Engine\Action->runWithSourceParametersList
	/home/bitrix/www/bitrix/modules/main/lib/engine/controller.php:425
#5: Bitrix\Main\Engine\Controller->run
	/home/bitrix/www/bitrix/modules/main/lib/httpapplication.php:141
----------
Host: crm.seller-capital.ru:443
Date: 2025-01-23 15:03:06
Module: LAST_ERROR
Не введено название.<br>
#0: KPLab\Logs\IBlock::setData
	/home/bitrix/www/local/modules/kplab.api.v2/controller/BalancePlatformRequest.php:241
#1: KPLab\API\V2\Controller\BalancePlatformRequest->recieveAction
	
#2: ReflectionMethod->invokeArgs
	/home/bitrix/www/bitrix/modules/main/lib/engine/autowire/binder.php:207
#3: Bitrix\Main\Engine\AutoWire\Binder->invoke
	/home/bitrix/www/bitrix/modules/main/lib/engine/action.php:117
#4: Bitrix\Main\Engine\Action->runWithSourceParametersList
	/home/bitrix/www/bitrix/modules/main/lib/engine/controller.php:425
#5: Bitrix\Main\Engine\Controller->run
	/home/bitrix/www/bitrix/modules/main/lib/httpapplication.php:141
----------
Host: crm.seller-capital.ru:443
Date: 2025-01-23 15:29:06
Module: LAST_ERROR
Не введено название.<br>
#0: KPLab\Logs\IBlock::setData
	/home/bitrix/www/local/modules/kplab.api.v2/controller/BalancePlatformRequest.php:241
#1: KPLab\API\V2\Controller\BalancePlatformRequest->recieveAction
	
#2: ReflectionMethod->invokeArgs
	/home/bitrix/www/bitrix/modules/main/lib/engine/autowire/binder.php:207
#3: Bitrix\Main\Engine\AutoWire\Binder->invoke
	/home/bitrix/www/bitrix/modules/main/lib/engine/action.php:117
#4: Bitrix\Main\Engine\Action->runWithSourceParametersList
	/home/bitrix/www/bitrix/modules/main/lib/engine/controller.php:425
#5: Bitrix\Main\Engine\Controller->run
	/home/bitrix/www/bitrix/modules/main/lib/httpapplication.php:141
----------
Host: crm.seller-capital.ru:443
Date: 2025-01-23 16:44:07
Module: LAST_ERROR
Не введено название.<br>
#0: KPLab\Logs\IBlock::setData
	/home/bitrix/www/local/modules/kplab.api.v2/controller/BalancePlatformRequest.php:241
#1: KPLab\API\V2\Controller\BalancePlatformRequest->recieveAction
	
#2: ReflectionMethod->invokeArgs
	/home/bitrix/www/bitrix/modules/main/lib/engine/autowire/binder.php:207
#3: Bitrix\Main\Engine\AutoWire\Binder->invoke
	/home/bitrix/www/bitrix/modules/main/lib/engine/action.php:117
#4: Bitrix\Main\Engine\Action->runWithSourceParametersList
	/home/bitrix/www/bitrix/modules/main/lib/engine/controller.php:425
#5: Bitrix\Main\Engine\Controller->run
	/home/bitrix/www/bitrix/modules/main/lib/httpapplication.php:141
----------
