Host: crm.sodeistvie.su:443
Date: 2024-03-11 17:23:54
Module: Представитель

#0: KPLab\OneC\Export\Company->init
	/home/bitrix/www/local/classes/onec/export/zayavka.php:55
#1: KPLab\OneC\Export\Zayavka->init
	/home/bitrix/www/bitrix/activities/bitrix/codeactivity/codeactivity.php(25) : eval()'d code:2
#2: eval
	/home/bitrix/www/bitrix/activities/bitrix/codeactivity/codeactivity.php:25
#3: CBPCodeActivity->execute
	/home/bitrix/www/bitrix/modules/bizproc/classes/general/workflow.php:531
#4: CBPWorkflow->runQueuedItem
	/home/bitrix/www/bitrix/modules/bizproc/classes/general/workflow.php:494
#5: CBPWorkflow->runStep
	/home/bitrix/www/bitrix/modules/bizproc/classes/general/workflow.php:478
----------
Host: crm.sodeistvie.su:443
Date: 2024-03-11 17:23:54
Module: ФилиалАвтора
NULL
#0: KPLab\OneC\Export\Company->init
	/home/bitrix/www/local/classes/onec/export/zayavka.php:55
#1: KPLab\OneC\Export\Zayavka->init
	/home/bitrix/www/bitrix/activities/bitrix/codeactivity/codeactivity.php(25) : eval()'d code:2
#2: eval
	/home/bitrix/www/bitrix/activities/bitrix/codeactivity/codeactivity.php:25
#3: CBPCodeActivity->execute
	/home/bitrix/www/bitrix/modules/bizproc/classes/general/workflow.php:531
#4: CBPWorkflow->runQueuedItem
	/home/bitrix/www/bitrix/modules/bizproc/classes/general/workflow.php:494
#5: CBPWorkflow->runStep
	/home/bitrix/www/bitrix/modules/bizproc/classes/general/workflow.php:478
----------
Host: crm.sodeistvie.su:443
Date: 2024-03-11 17:23:54
Module: Автор
NULL
#0: KPLab\OneC\Export\Company->init
	/home/bitrix/www/local/classes/onec/export/zayavka.php:55
#1: KPLab\OneC\Export\Zayavka->init
	/home/bitrix/www/bitrix/activities/bitrix/codeactivity/codeactivity.php(25) : eval()'d code:2
#2: eval
	/home/bitrix/www/bitrix/activities/bitrix/codeactivity/codeactivity.php:25
#3: CBPCodeActivity->execute
	/home/bitrix/www/bitrix/modules/bizproc/classes/general/workflow.php:531
#4: CBPWorkflow->runQueuedItem
	/home/bitrix/www/bitrix/modules/bizproc/classes/general/workflow.php:494
#5: CBPWorkflow->runStep
	/home/bitrix/www/bitrix/modules/bizproc/classes/general/workflow.php:478
----------
Host: crm.sodeistvie.su:443
Date: 2024-03-11 17:23:54
Module: clientId
36330
#0: KPLab\OneC\Export\Company->export
	/home/bitrix/www/local/classes/onec/export/company.php:190
#1: KPLab\OneC\Export\Company->init
	/home/bitrix/www/local/classes/onec/export/zayavka.php:55
#2: KPLab\OneC\Export\Zayavka->init
	/home/bitrix/www/bitrix/activities/bitrix/codeactivity/codeactivity.php(25) : eval()'d code:2
#3: eval
	/home/bitrix/www/bitrix/activities/bitrix/codeactivity/codeactivity.php:25
#4: CBPCodeActivity->execute
	/home/bitrix/www/bitrix/modules/bizproc/classes/general/workflow.php:531
#5: CBPWorkflow->runQueuedItem
	/home/bitrix/www/bitrix/modules/bizproc/classes/general/workflow.php:494
----------
Host: crm.sodeistvie.su:443
Date: 2024-03-11 17:23:54
Module: clientOrg
5
#0: KPLab\OneC\Export\Company->export
	/home/bitrix/www/local/classes/onec/export/company.php:190
#1: KPLab\OneC\Export\Company->init
	/home/bitrix/www/local/classes/onec/export/zayavka.php:55
#2: KPLab\OneC\Export\Zayavka->init
	/home/bitrix/www/bitrix/activities/bitrix/codeactivity/codeactivity.php(25) : eval()'d code:2
#3: eval
	/home/bitrix/www/bitrix/activities/bitrix/codeactivity/codeactivity.php:25
#4: CBPCodeActivity->execute
	/home/bitrix/www/bitrix/modules/bizproc/classes/general/workflow.php:531
#5: CBPWorkflow->runQueuedItem
	/home/bitrix/www/bitrix/modules/bizproc/classes/general/workflow.php:494
----------
Host: crm.sodeistvie.su:443
Date: 2024-03-11 17:23:54
Module: clientData
array (
  'OBSERVER_IDS' => 
  array (
  ),
  'LOGO' => '',
  'UF_CRM_BITCONF_ZOOM_REGISTRATION_ANSWERS' => NULL,
  'UF_CRM_1693788279' => 
  array (
    0 => 3829459,
  ),
  'UF_CRM_RUROBOT_SBP_QR_FILE' => NULL,
  'UF_CRM_RUROBOT_CHEK_QR_FILE' => NULL,
  'UF_CRM_6433D5CD87C30' => NULL,
  'UF_CRM_6433D5D634AD6' => NULL,
  'UF_CRM_6433D5FA970C9' => NULL,
  'UF_CRM_6433D5FEDCCDC' => 
  array (
  ),
  'UF_CRM_6433D6036480A' => NULL,
  'UF_CRM_6433D6084A319' => 
  array (
  ),
  'UF_CRM_6433D62FE7442' => 
  array (
  ),
  'UF_CRM_6433D6355E340' => 
  array (
  ),
  'UF_CRM_6433D63A11E51' => 
  array (
  ),
  'UF_CRM_6433D6DD9702A' => NULL,
  'UF_CRM_6433D702C5A07' => 
  array (
  ),
  'UF_CRM_6433D70829928' => 
  array (
  ),
  'UF_CRM_6433D7112B0A2' => 
  array (
  ),
  'UF_CRM_6433D72469DA8' => 
  array (
  ),
  'UF_CRM_6433D7290604B' => 
  array (
  ),
  'UF_CRM_6433D7328E598' => 
  array (
  ),
  'UF_CRM_6433D7BFBF3C1' => NULL,
  'UF_CRM_6433D86D38393' => 
  array (
  ),
  'UF_CRM_6433D8719A73A' => 
  array (
  ),
  'UF_CRM_6433D88041ED1' => NULL,
  'UF_CRM_6433D8ED76753' => 
  array (
  ),
  'UF_CRM_6433D922AAFBA' => NULL,
  'UF_CRM_6433D93E62E9D' => NULL,
  'UF_CRM_6433D94467769' => 
  array (
  ),
  'UF_CRM_6433D9494F3E2' => 
  array (
  ),
  'UF_CRM_6433D98DC980E' => 
  array (
  ),
  'UF_CRM_6433D9928709F' => 
  array (
  ),
  'UF_CRM_6433D9BC65B15' => NULL,
  'UF_CRM_6433D9FB43081' => 
  array (
  ),
  'UF_CRM_6433DA7676DE8' => NULL,
  'UF_CRM_6433DA7FAA203' => NULL,
  'UF_CRM_6433DAEF79717' => NULL,
  'UF_CRM_6433DB8564D70' => NULL,
  'UF_CRM_6433DBC84FB76' => 
  array (
  ),
  'UF_CRM_64DB528100CC9' => NULL,
  'UF_CRM_64DB52A38846D' => NULL,
  'COMMENTS' => NULL,
  'CONTACT_BINDINGS' => 
  array (
    0 => 
    array (
      'CONTACT_ID' => 223169,
      'SORT' => 10,
      'ROLE_ID' => 0,
      'IS_PRIMARY' => 'Y',
    ),
  ),
  'CONTACT_ID' => 
  array (
    0 => 223169,
  ),
  'UTM_SOURCE' => 'seller',
  'UTM_MEDIUM' => 'referral',
  'UTM_CAMPAIGN' => 'online',
  'UTM_CONTENT' => '9715400317',
  'UTM_TERM' => NULL,
  'ID' => 36330,
  'DATE_CREATE' => '11.12.2023 19:40:43',
  'DATE_MODIFY' => '11.03.2024 17:23:52',
  'CREATED_BY_ID' => 1,
  'MODIFY_BY_ID' => 1,
  'ASSIGNED_BY_ID' => 23768,
  'OPENED' => 'Y',
  'TITLE' => 'ИП Гулам расул З..',
  'ADDRESS' => NULL,
  'ADDRESS_LEGAL' => NULL,
  'BANKING_DETAILS' => NULL,
  'COMPANY_TYPE' => '5',
  'INDUSTRY' => NULL,
  'REVENUE' => 0.0,
  'CURRENCY_ID' => 'RUB',
  'EMPLOYEES' => NULL,
  'LEAD_ID' => 156027,
  'WEBFORM_ID' => 0,
  'ORIGINATOR_ID' => NULL,
  'ORIGIN_ID' => NULL,
  'ORIGIN_VERSION' => NULL,
  'HAS_PHONE' => 'Y',
  'HAS_EMAIL' => 'Y',
  'HAS_IMOL' => 'Y',
  'IS_MY_COMPANY' => 'N',
  'CATEGORY_ID' => 0,
  'LAST_ACTIVITY_BY' => 27137,
  'LAST_ACTIVITY_TIME' => '13.02.2024 15:13:58',
  'EMAIL_HOME' => NULL,
  'EMAIL_WORK' => NULL,
  'EMAIL_MAILING' => NULL,
  'PHONE_MOBILE' => NULL,
  'PHONE_WORK' => NULL,
  'PHONE_MAILING' => NULL,
  'IMOL' => NULL,
  'EMAIL' => NULL,
  'PHONE' => NULL,
  'UF_CRM_63DC8E17DA14A' => NULL,
  'UF_CRM_6433D456A993F' => NULL,
  'UF_CRM_6433D45A58732' => NULL,
  'UF_CRM_6433D45E0E48D' => NULL,
  'UF_CRM_64353318BB672' => NULL,
  'UF_CRM_6435331D97379' => NULL,
  'UF_CRM_643533226D993' => NULL,
  'UF_CRM_643533276A894' => NULL,
  'UF_CRM_6435332D17E32' => NULL,
  'UF_CRM_6435333351197' => NULL,
  'UF_CRM_643533395E245' => NULL,
  'UF_CRM_643533400DD7E' => NULL,
  'UF_CRM_64353346223BE' => NULL,
  'UF_CRM_6435334CA02B4' => NULL,
  'UF_CRM_643533543CB94' => '11.12.2023 00:00:00',
  'UF_CRM_6435335A78A8A' => NULL,
  'UF_CRM_643533607F063' => NULL,
  'UF_CRM_64353366C4E98' => NULL,
  'UF_CRM_6435336CE33DF' => NULL,
  'UF_CRM_6436790C0A081' => '29',
  'UF_CRM_6436791297084' => 10476,
  'UF_CRM_644B8F5F389E2' => NULL,
  'UF_CRM_64771CA96A441' => NULL,
  'UF_CRM_64771CAF31F16' => NULL,
  'UF_CRM_64806D472FDA8' => NULL,
  'UF_CRM_1554808760221' => NULL,
  'UF_LOGO' => NULL,
  'UF_CRM_1595595411835' => 'ИП Гулам расул Зекриа ',
  'UF_CRM_1596520984268' => NULL,
  'UF_CRM_1596520996191' => NULL,
  'UF_CRM_1596521014397' => NULL,
  'UF_CRM_1596521047550' => NULL,
  'UF_CRM_1596521064464' => NULL,
  'UF_CRM_1596521074308' => NULL,
  'UF_CRM_1617022509' => 
  array (
  ),
  'UF_CRM_1627544551724' => NULL,
  'UF_CRM_TB_TAGS' => NULL,
  'UF_CRM_COMPANY_SS_AGENT_DOC_NOMER_AM' => NULL,
  'UF_CRM_COMPANY_SS_AGENT_DOC_DATA_AM' => NULL,
  'UF_CRM_COMPANY_SS_FILIAL_OPEN_DATE_AM' => NULL,
  'UF_CRM_COMPANY_SS_FILIAL_CLOSE_DATE_AM' => NULL,
  'UF_CRM_COMPANY_SS_FILIAL_BOSS_AM' => NULL,
  'UF_CRM_COMPANY_SS_FILIAL_STATUS_AM' => NULL,
  'UF_CRM_1637754619884' => NULL,
  'UF_CRM_1637754682264' => NULL,
  'UF_CRM_1638788295103' => NULL,
  'UF_CRM_1638788442249' => NULL,
  'UF_CRM_1638789252369' => NULL,
  'UF_CRM_1638791492304' => NULL,
  'UF_CRM_1638791524660' => NULL,
  'UF_CRM_COMPANY_SS_SYNC_DATE' => '11.03.2024 17:23:49',
  'UF_CRM_COMPANY_SS_AM_ID' => '345bfb8b-98ba-11ee-8113-80e641c65846',
  'UF_CRM_COMPANY_SS_AK_ID' => NULL,
  'UF_CRM_COMPANY_SS_AS_ID' => NULL,
  'UF_CRM_COMPANY_SS_PREDSTAVITEL_DOLGNOST' => NULL,
  'UF_CRM_COMPANY_SS_PREDSTAVITEL_DOVERENNOST' => NULL,
  'UF_CRM_COMPANY_SS_ORG' => 
  array (
    0 => '5',
  ),
  'UF_CRM_COMPANY_SS_KASSA' => 1,
  'UF_CRM_APP_PL_COMPANY_COUNTRY' => NULL,
  'UF_CRM_APP_PL_COMPANY_TIMEZONE' => NULL,
  'UF_CRM_APP_PL_COMPANY_REGION' => NULL,
  'UF_CRM_CUST_LTIME' => NULL,
  'UF_CRM_1675248051686' => NULL,
  'UF_CRM_1675248084077' => NULL,
  'UF_CRM_1675251420593' => NULL,
  'UF_CRM_1675251431573' => NULL,
  'UF_CRM_1675251444631' => NULL,
  'UF_CRM_63DC8E18A4E2E' => NULL,
  'UF_CRM_63DC8E195EB36' => NULL,
  'UF_CRM_63DC8E1A3346D' => NULL,
  'UF_CRM_63DC8E26747B4' => NULL,
  'UF_CRM_63DC8E274B853' => NULL,
  'UF_CRM_63DC8E280E9E5' => NULL,
  'UF_CRM_63DC8E293CC7F' => 0,
  'UF_CRM_63DC8E2A0BF88' => 0,
  'UF_CRM_63DC8E2ABE9D8' => NULL,
  'UF_CRM_63DC8E2B7F52E' => 0,
  'UF_CRM_63DC8E2C3AABE' => 0,
  'UF_CRM_63DC8E2CEC51F' => NULL,
  'UF_CRM_63DC8E2DA91B8' => 0,
  'UF_CRM_63DC8E2E74222' => 0,
  'UF_CRM_63DC8E2F31F5B' => NULL,
  'UF_CRM_63DC8E2FF0CC2' => 0,
  'UF_CRM_63DC8E30B7FAE' => 0,
  'UF_CRM_63DC8E317ED45' => NULL,
  'UF_CRM_63DC8E323FF76' => 0,
  'UF_CRM_63DC8E3306CAB' => 0,
  'UF_CRM_63DC8E33C393B' => NULL,
  'UF_CRM_63DC8E3495C8D' => 0,
  'UF_CRM_63DC8E355E686' => 0,
  'UF_CRM_63DC8E3627033' => NULL,
  'UF_CRM_63DC8E36DB39D' => 0,
  'UF_CRM_63DC8E379C254' => 0,
  'UF_CRM_63DC8E38681EC' => NULL,
  'UF_CRM_63DC8E392D259' => 0,
  'UF_CRM_63DC8E39E7034' => 0,
  'UF_CRM_63DC8E3AAC4F7' => NULL,
  'UF_CRM_63DC8E3C39A26' => 0,
  'UF_CRM_63DC8E3D01747' => NULL,
  'UF_CRM_63DC8E3DBFA43' => 0,
  'UF_CRM_63DC8E3E90027' => NULL,
  'UF_CRM_63DC8E4028C58' => 0,
  'UF_CRM_63DC8E40E39C2' => NULL,
  'UF_CRM_63DC8E41ACD58' => 0,
  'UF_CRM_63DC8E427A06D' => 0,
  'UF_CRM_63DC8E4340A22' => NULL,
  'UF_CRM_63DC8E4411725' => 0,
  'UF_CRM_63DC8E44D1A58' => 0,
  'UF_CRM_63DC8E459F68A' => NULL,
  'UF_CRM_63DC8E467D45B' => 0,
  'UF_CRM_63DC8E474FBE9' => 0,
  'UF_CRM_63DC8E481E707' => NULL,
  'UF_CRM_63DC8E48E257E' => 0,
  'UF_CRM_63DC8E49A6390' => 0,
  'UF_CRM_63DC8E4A719EA' => NULL,
  'UF_CRM_63DC8E4C2FC7D' => 0,
  'UF_CRM_63DC8E4CEBF34' => NULL,
  'UF_CRM_63DC8E4DBCDB3' => 0,
  'UF_CRM_63DC8E4E90E8C' => NULL,
  'UF_CRM_63DC8E4F5DD80' => 0,
  'UF_CRM_63DC8E502565C' => 0,
  'UF_CRM_63DC8E50E5D9E' => 0,
  'UF_CRM_63DC8E51AF554' => 0,
  'UF_CRM_63DC8E527AD60' => NULL,
  'UF_CRM_63DC8E535208E' => NULL,
  'UF_CRM_63DC8E5423AFA' => NULL,
  'UF_CRM_63DC8E54E21A1' => 0,
  'UF_CRM_63DC8E55B527E' => 0,
  'UF_CRM_63DC8E5689193' => 0,
  'UF_CRM_63DC8E5759751' => 0,
  'UF_CRM_63DC8E582A1AD' => 0,
  'UF_CRM_63DC8E590765C' => 0,
  'UF_CRM_63DC8E59D279D' => NULL,
  'UF_CRM_63DC8E5AAD051' => 0,
  'UF_CRM_63DC8E5B7F55D' => 0,
  'UF_CRM_63DC8E5C5D659' => NULL,
  'UF_CRM_63DC8E5D48D44' => 0,
  'UF_CRM_63DC8E5E1E849' => 0,
  'UF_CRM_63DC8E5EE72DA' => NULL,
  'UF_CRM_63DC8E5FC7ADA' => 0,
  'UF_CRM_63DC8E609239F' => 0,
  'UF_CRM_63DC8E616A5AE' => NULL,
  'UF_CRM_63DC8E6255DD4' => 0,
  'UF_CRM_63DC8E633698E' => 0,
  'UF_CRM_63DC8E640474F' => NULL,
  'UF_CRM_63DC8E657FA24' => 0,
  'UF_CRM_63DC8E665855D' => 0,
  'UF_CRM_63DC8E6736DC5' => NULL,
  'UF_CRM_63DC8E681263C' => 0,
  'UF_CRM_63DC8E68EC080' => 0,
  'UF_CRM_63DC8E69C87BC' => 0,
  'UF_CRM_63DC8E6AA1430' => NULL,
  'UF_CRM_63DC8E6B76E53' => 0,
  'UF_CRM_63DC8E6C67591' => 0,
  'UF_CRM_63DC8E6D42820' => 0,
  'UF_CRM_63DC8E6E1CEB4' => 0,
  'UF_CRM_63DC8E6EEE91A' => 0,
  'UF_CRM_63DC8E6FC9F21' => 0,
  'UF_CRM_63DC8E70B4611' => 0,
  'UF_CRM_63DC8E7190963' => NULL,
  'UF_CRM_63DC8E726D449' => NULL,
  'UF_CRM_63DC8E7356A8D' => NULL,
  'UF_CRM_63DC8E743500D' => NULL,
  'UF_CRM_63DC8E751A1D3' => NULL,
  'UF_CRM_63DC8E7627B00' => NULL,
  'UF_CRM_63DC8E771A045' => NULL,
  'UF_CRM_63DC8E7809694' => NULL,
  'UF_CRM_63DC8E78E0E4D' => NULL,
  'UF_CRM_63DC8E79C71A6' => NULL,
  'UF_CRM_63DC8E7AA9B36' => NULL,
  'UF_CRM_63DC8E7B98100' => NULL,
  'UF_CRM_63DC8E7C79C19' => 366525813807.0,
  'UF_CRM_63DC8E7D5B2DA' => NULL,
  'UF_CRM_63DC8E7E4167A' => NULL,
  'UF_CRM_63DC8E7F23CE9' => NULL,
  'UF_CRM_1675446456307' => NULL,
  'UF_CRM_63DDE3A4E68D7' => NULL,
  'UF_CRM_63DDE3A5D5155' => NULL,
  'UF_CRM_1675670468066' => NULL,
  'UF_CRM_63E3241DA30EB' => NULL,
  'UF_CRM_63E3241E9AADB' => 0,
  'UF_CRM_63E4AAB613011' => NULL,
  'UF_CRM_63E4AAB703D9F' => NULL,
  'UF_CRM_BITCONF_LINK' => NULL,
  'UF_CRM_BITCONF_ZOOM_RECORDINGS' => NULL,
  'UF_CRM_BITCONF_RECORDINGS_VIDEO_YANDEX' => NULL,
  'UF_CRM_BITCONF_RECORDINGS_AUDIO_YANDEX' => NULL,
  'UF_CRM_BITCONF_RECORDINGS_CHAT_YANDEX' => NULL,
  'UF_CRM_BITCONF_RECORDINGS_VIDEO_GOOGLE' => NULL,
  'UF_CRM_BITCONF_RECORDINGS_AUDIO_GOOGLE' => NULL,
  'UF_CRM_BITCONF_RECORDINGS_CHAT_GOOGLE' => NULL,
  'UF_CRM_BITCONF_ZOOM_REGISTRATION_ANSWERS_JSON' => NULL,
  'UF_CRM_BITCONF_MEETING_ATTENDED' => NULL,
  'UF_CRM_BITCONF_MEETING_STARTED_AT' => NULL,
  'UF_CRM_BITCONF_MEETING_ENDED_AT' => NULL,
  'UF_CRM_BITCONF_PARTICIPANT_JOINED_AT' => NULL,
  'UF_CRM_BITCONF_PARTICIPANT_LEFT_AT' => NULL,
  'UF_CRM_641045F47BAFD' => NULL,
  'UF_CRM_6433D461D16E4' => 0,
  'UF_CRM_6433D465984C7' => 0,
  'UF_CRM_6433D4693830C' => NULL,
  'UF_CRM_6433D46CED244' => 0,
  'UF_CRM_6433D4715A41B' => 0,
  'UF_CRM_6433D47528CEC' => NULL,
  'UF_CRM_6433D478C504F' => 0,
  'UF_CRM_6433D47CBD827' => 0,
  'UF_CRM_6433D4807CDE8' => NULL,
  'UF_CRM_6433D48456D35' => 0,
  'UF_CRM_6433D4884B09E' => 0,
  'UF_CRM_6433D48C20F2B' => NULL,
  'UF_CRM_6433D490017A2' => 0,
  'UF_CRM_6433D4944FECB' => 0,
  'UF_CRM_6433D4983ED32' => NULL,
  'UF_CRM_6433D49C28BA5' => 0,
  'UF_CRM_6433D4A01ACC8' => 0,
  'UF_CRM_6433D4A3D37E1' => NULL,
  'UF_CRM_6433D4A7ACE1E' => 0,
  'UF_CRM_6433D4ABE92F3' => 0,
  'UF_CRM_6433D4AFBF977' => NULL,
  'UF_CRM_6433D4B3B2523' => 0,
  'UF_CRM_6433D4B79F77B' => 0,
  'UF_CRM_6433D4BB85C48' => NULL,
  'UF_CRM_6433D4BF52BB0' => 0,
  'UF_CRM_6433D4C37C94A' => 0,
  'UF_CRM_6433D4C77A09D' => NULL,
  'UF_CRM_6433D4CB915A3' => 0,
  'UF_CRM_6433D4CF8CF6E' => 0,
  'UF_CRM_6433D4D465778' => NULL,
  'UF_CRM_6433D4D94C9AA' => 0,
  'UF_CRM_6433D4DD6A784' => 0,
  'UF_CRM_6433D4E18FD6A' => NULL,
  'UF_CRM_6433D4E75196D' => 0,
  'UF_CRM_6433D4EB83DB1' => NULL,
  'UF_CRM_6433D4EFA24C9' => 0,
  'UF_CRM_643EAA1DA8B9E' => 0,
  'UF_CRM_643EAA228B2B2' => 0,
  'UF_CRM_643EAA275FE0A' => 0,
  'UF_CRM_643EAA2C188C0' => 0,
  'UF_CRM_643EAA314A615' => 0,
  'UF_CRM_643EAA37A5511' => '5000000|RUB',
  'UF_CRM_64406458C6D47' => NULL,
  'UF_CRM_6442676E5B421' => NULL,
  'UF_CRM_1683968549' => 1,
  'UF_CRM_1684145100226' => 11075,
  'UF_CRM_1685419394' => '1000000|RUB',
  'UF_CRM_1687947495' => 
  array (
  ),
  'UF_CRM_COMPANY_AMOID' => NULL,
  'UF_CRM_64A4EBD2F2518' => NULL,
  'UF_CRM_64AD00029054A' => 0,
  'UF_CRM_64AD0008D2965' => 0,
  'UF_CRM_64AD000F6A26A' => NULL,
  'UF_CRM_64AD00163C80C' => 0,
  'UF_CRM_64AD001D86025' => 0,
  'UF_CRM_64AD00250FFFD' => NULL,
  'UF_CRM_64AE8FC56D363' => NULL,
  'UF_CRM_64AF8DA50E037' => '11.12.2023',
  'UF_CRM_1690758867666' => NULL,
  'UF_CRM_1691009132416' => NULL,
  'UF_CRM_64CB9DDC41262' => NULL,
  'UF_CRM_64CB9DE1E3C7A' => NULL,
  'UF_CRM_64CB9DE974E5F' => NULL,
  'UF_CRM_64CB9DF06A260' => NULL,
  'UF_CRM_64CB9DF7289EE' => NULL,
  'UF_CRM_64CB9DFD55A33' => NULL,
  'UF_CRM_64CB9E03788BE' => NULL,
  'UF_CRM_64CB9E0A4860E' => NULL,
  'UF_CRM_64CB9E107B628' => NULL,
  'UF_CRM_64CB9E163F796' => NULL,
  'UF_CRM_64CB9E1C4DB78' => NULL,
  'UF_CRM_64CB9E229FA0B' => NULL,
  'UF_CRM_64CB9E293B527' => NULL,
  'UF_CRM_64CBA4252FB37' => NULL,
  'UF_CRM_64CC92553F409' => NULL,
  'UF_CRM_64CC925D91DEA' => NULL,
  'UF_CRM_64CC926670EC8' => NULL,
  'UF_CRM_64CC9270B6A35' => NULL,
  'UF_CRM_64CC927983D4C' => NULL,
  'UF_CRM_64CC928123D41' => NULL,
  'UF_CRM_64CC928CAA601' => NULL,
  'UF_CRM_64CCA29DAF094' => NULL,
  'UF_CRM_64D3B7766A327' => NULL,
  'UF_CRM_64DB2F838C6F1' => 0,
  'UF_CRM_64DB2F8CA756C' => 0,
  'UF_CRM_64DB2F96F1AE7' => 
  array (
  ),
  'UF_CRM_64DB2F9DECE37' => 
  array (
  ),
  'UF_CRM_64DB4411303D8' => NULL,
  'UF_CRM_64DB44175DA19' => NULL,
  'UF_CRM_64DB441DEE816' => 
  array (
  ),
  'UF_CRM_64DB4425AB05C' => 
  array (
  ),
  'UF_CRM_64DB442E55674' => 
  array (
  ),
  'UF_CRM_64DB4434EF3A3' => 
  array (
  ),
  'UF_CRM_64DB443BE1A9C' => 
  array (
  ),
  'UF_CRM_64DB444343D37' => 
  array (
  ),
  'UF_CRM_64DB444B5354D' => NULL,
  'UF_CRM_64DB4452990CE' => NULL,
  'UF_CRM_64E36750AEBF0' => NULL,
  'UF_CRM_64E4A00A7CB9E' => NULL,
  'UF_CRM_64E84230723F5' => NULL,
  'UF_CRM_1693311353902' => 'ТаблицаЗначений',
  'UF_CRM_1693311600025' => NULL,
  'UF_CRM_1693311707790' => NULL,
  'UF_CRM_1693373909306' => 'Назари Джавад ',
  'UF_CRM_1693373994027' => 15234,
  'UF_CRM_1693374038734' => '9692551616',
  'UF_CRM_1693374057547' => '05.06.1989',
  'UF_CRM_64F1E491F0503' => 0,
  'UF_CRM_1693822645477' => 'razaja7@gmail.com',
  'UF_CRM_1693822684054' => NULL,
  'UF_CRM_1693960373052' => NULL,
  'UF_CRM_64F83BC976C70' => 0,
  'UF_CRM_64F83BD1CB037' => 0,
  'UF_CRM_64F85EB57C226' => 0,
  'UF_CRM_64F85EBC6293C' => NULL,
  'UF_CRM_64F86B718FCFD' => 0,
  'UF_CRM_64F87C6C3D1EE' => 0,
  'UF_CRM_64F87C75DAD9D' => 0,
  'UF_CRM_64F87C829ADB5' => 0,
  'UF_CRM_64F87C8D26E72' => 0,
  'UF_CRM_64F87C94E75DB' => 0,
  'UF_CRM_64F87CA1B6D24' => 0,
  'UF_CRM_64F87CADDF550' => 0,
  'UF_CRM_64F87CB6033F8' => 0,
  'UF_CRM_RU_ANALITYCS' => NULL,
  'UF_CRM_RU_DIADOK' => 
  array (
  ),
  'UF_CRM_RUROBOT_SBP_URL' => NULL,
  'UF_CRM_RUROBOT_CHEK_URL' => NULL,
  'UF_CRM_64FC867D4DEE8' => 0,
  'UF_CRM_64FC8684B795C' => 0,
  'UF_CRM_64FC868B2E901' => 0,
  'UF_CRM_64FC86916ECC7' => 0,
  'UF_CRM_64FC86980DBDF' => 0,
  'UF_CRM_64FC869E70EA8' => 0,
  'UF_CRM_1694331491' => '0|RUB',
  'UF_CRM_1694331571' => '1000000|RUB',
  'UF_CRM_65000439925C9' => NULL,
  'UF_CRM_1696457110' => NULL,
  'UF_CRM_6526A6509E0DC' => 
  array (
  ),
  'UF_CRM_1697107946' => '1000000|RUB',
  'UF_CRM_1697107996' => '0|RUB',
  'UF_CRM_1697853788600' => '723164',
  'UF_CRM_1698731625472' => 16342,
  'UF_CRM_6545DCFE01CA4' => 
  array (
  ),
  'UF_CRM_6545DD05C700C' => 
  array (
  ),
  'UF_CRM_1699900252754' => 1707818707.0,
  'UF_CRM_1699900326048' => 1707818693.0,
  'UF_CRM_65532D05B660B' => 31888.0,
  'UF_CRM_655362454D77C' => NULL,
  'UF_CRM_1700138022' => '31.01.2024',
  'UF_CRM_1702534386502' => 0,
  'UF_CRM_1702977601750' => NULL,
  'UF_CRM_1703078588' => NULL,
  'UF_CRM_1703659571229' => NULL,
  'UF_CRM_1706612347' => '+79031901118',
  'UF_CRM_1706777861' => 0,
  'UF_CRM_1706982719' => 'АО "АЛЬФА-БАНК",Индивидуальный предприниматель Гулам Расул Зекриа,Общество с ограниченной ответственностью "Вайлдберриз"',
  'UF_CRM_1707302304' => 1,
  'UF_CRM_65C6057BAF241' => 0,
  'UF_CRM_65C60D92B19B7' => 0,
  'UF_CRM_65C61195E8DB7' => 0,
  'UF_CRM_65CCB993C2573' => NULL,
  'UF_CRM_65D72BF9E93D7' => NULL,
  'UF_CRM_65DC313CB1773' => NULL,
  'UF_CRM_65DDDB805B504' => NULL,
  'UF_CRM_65DF019419A3C' => NULL,
  'UF_CRM_63DC8E8012089' => NULL,
  'UF_CRM_63DC8E80EAB7F' => '8',
  'UF_CRM_1693311690037' => NULL,
  'UF_CRM_1702272911' => NULL,
  'UF_CRM_1702274540' => NULL,
  'UF_CRM_1702274893' => NULL,
  'UF_CRM_1702272991' => NULL,
  'UF_CRM_1702274601' => NULL,
  'UF_CRM_1702274922' => NULL,
  'UF_CRM_64AFA9FE5ECFA' => 0,
  'UF_CRM_64AFAA0428E67' => 0,
  'UF_CRM_64AFAA0A5525A' => 0,
  'UF_CRM_64AFAA105D048' => 0,
  'UF_CRM_64AFAA16A0BD7' => 0,
  'UF_CRM_64AFAA1D0C71B' => 0,
  'UF_CRM_64AFAA2376C31' => 0,
  'UF_CRM_64AFAA2A8534A' => 0,
  'UF_CRM_64AFAA30402F8' => 1,
  'UF_CRM_64B140D1998BC' => 1,
  'UF_CRM_1702273016' => NULL,
  'UF_CRM_1702274679' => NULL,
  'UF_CRM_1702274951' => NULL,
  'UF_CRM_1702273043' => NULL,
  'UF_CRM_1702274732' => NULL,
  'UF_CRM_1702274976' => NULL,
  'UF_CRM_6433D4F3F2CA8' => 
  array (
  ),
  'UF_CRM_6433D4F7C68A9' => 0,
  'UF_CRM_6433D50101E16' => NULL,
  'UF_CRM_6433D50520ADB' => NULL,
  'UF_CRM_6433D508F2841' => NULL,
  'UF_CRM_6433D510E1BF2' => NULL,
  'UF_CRM_6433D514BC640' => NULL,
  'UF_CRM_6433D51CA112C' => NULL,
  'UF_CRM_6433D520A8E02' => 0,
  'UF_CRM_6433D5254091B' => NULL,
  'UF_CRM_6433D52904F0B' => NULL,
  'UF_CRM_6433D52CEDB5D' => NULL,
  'UF_CRM_6433D530C9D5F' => NULL,
  'UF_CRM_6433D534A5249' => NULL,
  'UF_CRM_6433D5388255E' => NULL,
  'UF_CRM_6433D53CA00A0' => NULL,
  'UF_CRM_6433D540C9219' => NULL,
  'UF_CRM_6433D544976E5' => 0,
  'UF_CRM_6433D548AB2B9' => NULL,
  'UF_CRM_6433D54D26D1A' => NULL,
  'UF_CRM_6433D55116D68' => NULL,
  'UF_CRM_6433D554F00E2' => NULL,
  'UF_CRM_6433D55A380EF' => NULL,
  'UF_CRM_6433D55EDDC35' => NULL,
  'UF_CRM_6433D563076D3' => 0,
  'UF_CRM_6433D566CFBDC' => 0,
  'UF_CRM_6433D56AEC718' => NULL,
  'UF_CRM_6433D56EC2D16' => NULL,
  'UF_CRM_6433D572B7BD8' => NULL,
  'UF_CRM_6433D5769C207' => NULL,
  'UF_CRM_6433D57A918DD' => 0,
  'UF_CRM_6433D57E709AC' => 0,
  'UF_CRM_6433D58274BF2' => 
  array (
  ),
  'UF_CRM_6433D58675AD3' => NULL,
  'UF_CRM_6433D58B15534' => 0,
  'UF_CRM_6433D58F2C518' => 0,
  'UF_CRM_6433D59377C10' => 0,
  'UF_CRM_6433D5975D8D5' => NULL,
  'UF_CRM_6433D59BB50D2' => NULL,
  'UF_CRM_6433D59FA70BF' => NULL,
  'UF_CRM_6433D5A39D79A' => NULL,
  'UF_CRM_6433D5A781D22' => 0,
  'UF_CRM_6433D5ACCA71F' => 0,
  'UF_CRM_6433D5B0BF6F6' => NULL,
  'UF_CRM_6433D5B551BCB' => NULL,
  'UF_CRM_6433D5BAC2650' => 0,
  'UF_CRM_6433D5BFAFC5E' => 0,
  'UF_CRM_6433D5C4C803A' => 0,
  'UF_CRM_6433D5C94F74C' => 0,
  'UF_CRM_6433D5D1B9D2D' => NULL,
  'UF_CRM_6433D5DB232A6' => NULL,
  'UF_CRM_6433D5DF58403' => NULL,
  'UF_CRM_6433D5E39E9D8' => NULL,
  'UF_CRM_6433D5E808AC3' => NULL,
  'UF_CRM_6433D5EC41159' => NULL,
  'UF_CRM_6433D5F0C05ED' => NULL,
  'UF_CRM_6433D5F64C9B9' => NULL,
  'UF_CRM_6433D60C9A897' => NULL,
  'UF_CRM_6433D6110E002' => NULL,
  'UF_CRM_6433D615EF44F' => 0,
  'UF_CRM_6433D61A4109A' => 0,
  'UF_CRM_6433D61EA2584' => 0,
  'UF_CRM_6433D623015A5' => NULL,
  'UF_CRM_6433D62B9C7CA' => NULL,
  'UF_CRM_6433D63E714DA' => NULL,
  'UF_CRM_6433D64295EDD' => NULL,
  'UF_CRM_6433D6471B217' => NULL,
  'UF_CRM_6433D64B3FA42' => NULL,
  'UF_CRM_6433D64FC4DAA' => NULL,
  'UF_CRM_6433D6542205C' => NULL,
  'UF_CRM_6433D6587DE14' => NULL,
  'UF_CRM_6433D65CC025A' => NULL,
  'UF_CRM_6433D66113E88' => NULL,
  'UF_CRM_6433D66527DE4' => NULL,
  'UF_CRM_6433D669AEB8B' => NULL,
  'UF_CRM_6433D66EEFA4E' => NULL,
  'UF_CRM_6433D67394C6F' => NULL,
  'UF_CRM_6433D677D1006' => NULL,
  'UF_CRM_6433D67C18B9D' => NULL,
  'UF_CRM_6433D6814E4AF' => NULL,
  'UF_CRM_6433D685EAA16' => NULL,
  'UF_CRM_6433D68A37F87' => NULL,
  'UF_CRM_6433D68F4CCCF' => NULL,
  'UF_CRM_6433D6939D3CA' => NULL,
  'UF_CRM_6433D6981BA49' => NULL,
  'UF_CRM_6433D69C97CF7' => NULL,
  'UF_CRM_6433D6A10D288' => NULL,
  'UF_CRM_6433D6A67830F' => NULL,
  'UF_CRM_6433D6AB3EECC' => 
  array (
  ),
  'UF_CRM_6433D6B0191D6' => 
  array (
  ),
  'UF_CRM_6433D6B4AF630' => NULL,
  'UF_CRM_6433D6B94F47D' => NULL,
  'UF_CRM_6433D6BD9D260' => NULL,
  'UF_CRM_6433D6C200515' => NULL,
  'UF_CRM_6433D6C6B088B' => NULL,
  'UF_CRM_6433D6CBCCBFA' => NULL,
  'UF_CRM_6433D6D049D2B' => NULL,
  'UF_CRM_6433D6D4B633A' => NULL,
  'UF_CRM_6433D6D956454' => NULL,
  'UF_CRM_6433D6E37CFF0' => NULL,
  'UF_CRM_6433D6E800BAE' => NULL,
  'UF_CRM_6433D6EC5FA96' => NULL,
  'UF_CRM_6433D6F0C99BA' => NULL,
  'UF_CRM_6433D6F5AC724' => NULL,
  'UF_CRM_6433D6FA26A12' => NULL,
  'UF_CRM_6433D70CCC90D' => 0,
  'UF_CRM_6433D7157E09F' => NULL,
  'UF_CRM_6433D71A6FF09' => NULL,
  'UF_CRM_6433D71F3E8A5' => NULL,
  'UF_CRM_6433D7392E26A' => NULL,
  'UF_CRM_6433D73F0D2DF' => NULL,
  'UF_CRM_6433D743B1904' => NULL,
  'UF_CRM_6433D7487B115' => NULL,
  'UF_CRM_6433D74CD32E5' => NULL,
  'UF_CRM_6433D75163FC4' => NULL,
  'UF_CRM_6433D755A04D7' => NULL,
  'UF_CRM_6433D75F89BF9' => NULL,
  'UF_CRM_6433D764868E0' => NULL,
  'UF_CRM_6433D7696B073' => NULL,
  'UF_CRM_6433D76E7BB56' => NULL,
  'UF_CRM_6433D7731B7A3' => '5000000|RUB',
  'UF_CRM_6433D777E2973' => 
  array (
  ),
  'UF_CRM_6433D77CBEA77' => NULL,
  'UF_CRM_6433D781210F0' => NULL,
  'UF_CRM_6433D78605E02' => NULL,
  'UF_CRM_6433D78AAB24A' => NULL,
  'UF_CRM_6433D78F9D85D' => NULL,
  'UF_CRM_6433D7947E2A2' => 0,
  'UF_CRM_6433D798D40A4' => NULL,
  'UF_CRM_6433D79E2BF81' => 0,
  'UF_CRM_6433D7A31BF36' => 0,
  'UF_CRM_6433D7A79C4AD' => 0,
  'UF_CRM_6433D7AC36DA0' => 0,
  'UF_CRM_6433D7B0E89CA' => 0,
  'UF_CRM_6433D7B5CA806' => 0,
  'UF_CRM_6433D7BB32220' => NULL,
  'UF_CRM_6433D7C44A6BE' => NULL,
  'UF_CRM_6433D7C925893' => NULL,
  'UF_CRM_6433D7CDBE9B3' => NULL,
  'UF_CRM_6433D7D2CA9D0' => 
  array (
  ),
  'UF_CRM_6433D7D85148E' => NULL,
  'UF_CRM_6433D7DD7CC2A' => NULL,
  'UF_CRM_6433D7E253448' => NULL,
  'UF_CRM_6433D7E6CD83C' => NULL,
  'UF_CRM_6433D7EB28C4D' => NULL,
  'UF_CRM_6433D7EFA5EE5' => 0,
  'UF_CRM_6433D7F4C24BE' => 0,
  'UF_CRM_6433D7F94E2BF' => 0,
  'UF_CRM_6433D7FDA3CF7' => 0,
  'UF_CRM_6433D8027C169' => NULL,
  'UF_CRM_6433D8076B60C' => NULL,
  'UF_CRM_6433D80C6AAC2' => 
  array (
  ),
  'UF_CRM_6433D812D0410' => NULL,
  'UF_CRM_6433D8180E2AA' => NULL,
  'UF_CRM_6433D81CA7153' => NULL,
  'UF_CRM_6433D8213379F' => NULL,
  'UF_CRM_6433D825DEFE0' => NULL,
  'UF_CRM_6433D82B26028' => NULL,
  'UF_CRM_6433D8317589F' => NULL,
  'UF_CRM_6433D8365C605' => NULL,
  'UF_CRM_6433D83B28222' => NULL,
  'UF_CRM_6433D83FCD224' => NULL,
  'UF_CRM_6433D844B7B1F' => 
  array (
  ),
  'UF_CRM_6433D849CB971' => NULL,
  'UF_CRM_6433D84FB1160' => NULL,
  'UF_CRM_6433D85482CE1' => NULL,
  'UF_CRM_6433D85991988' => NULL,
  'UF_CRM_6433D85E769F2' => NULL,
  'UF_CRM_6433D8631A037' => 0,
  'UF_CRM_6433D868172EA' => 0,
  'UF_CRM_6433D8767751E' => NULL,
  'UF_CRM_6433D87B71D16' => NULL,
  'UF_CRM_6433D88513B06' => NULL,
  'UF_CRM_6433D889AE929' => NULL,
  'UF_CRM_6433D88E9A256' => NULL,
  'UF_CRM_6433D8937CA28' => NULL,
  'UF_CRM_6433D8987B695' => NULL,
  'UF_CRM_6433D89D85315' => NULL,
  'UF_CRM_6433D8A27269E' => NULL,
  'UF_CRM_6433D8A761A6B' => NULL,
  'UF_CRM_6433D8ACC957A' => NULL,
  'UF_CRM_6433D8B19DA6D' => NULL,
  'UF_CRM_6433D8B6D4588' => 
  array (
  ),
  'UF_CRM_6433D8BB99B24' => NULL,
  'UF_CRM_6433D8C0A4C1A' => NULL,
  'UF_CRM_6433D8C5A9B9B' => NULL,
  'UF_CRM_6433D8CB550E6' => NULL,
  'UF_CRM_6433D8D01A638' => NULL,
  'UF_CRM_6433D8D4CBC9A' => NULL,
  'UF_CRM_6433D8D9C0945' => NULL,
  'UF_CRM_6433D8DE9D3AB' => NULL,
  'UF_CRM_6433D8E367985' => 
  array (
  ),
  'UF_CRM_6433D8E8C1152' => NULL,
  'UF_CRM_6433D8F247A4D' => NULL,
  'UF_CRM_6433D8F7302F1' => 0,
  'UF_CRM_6433D8FC11F83' => 0,
  'UF_CRM_6433D90101FF1' => NULL,
  'UF_CRM_6433D90631990' => 0,
  'UF_CRM_6433D90AC33C4' => 0,
  'UF_CRM_6433D90F71F5F' => NULL,
  'UF_CRM_6433D91464A5A' => 0,
  'UF_CRM_6433D919209AA' => 0,
  'UF_CRM_6433D91DC96A8' => NULL,
  'UF_CRM_6433D92778C5C' => NULL,
  'UF_CRM_6433D92C1FC55' => NULL,
  'UF_CRM_6433D93083EE6' => NULL,
  'UF_CRM_6433D9350FACA' => 0,
  'UF_CRM_6433D93992C16' => 0,
  'UF_CRM_6433D94E0279B' => NULL,
  'UF_CRM_6433D9529FF4B' => NULL,
  'UF_CRM_6433D9573EC42' => NULL,
  'UF_CRM_6433D95C4B2CA' => NULL,
  'UF_CRM_6433D96210B1B' => NULL,
  'UF_CRM_6433D966943B7' => NULL,
  'UF_CRM_6433D96B3E940' => NULL,
  'UF_CRM_6433D96FC2172' => NULL,
  'UF_CRM_6433D97487050' => NULL,
  'UF_CRM_6433D97979A13' => NULL,
  'UF_CRM_6433D97F0A3F5' => NULL,
  'UF_CRM_6433D9845338B' => 0,
  'UF_CRM_6433D988E2D02' => 0,
  'UF_CRM_6433D9978DE67' => NULL,
  'UF_CRM_6433D99D4ED62' => 
  array (
  ),
  'UF_CRM_6433D9A2405D7' => NULL,
  'UF_CRM_6433D9A72985A' => 0,
  'UF_CRM_6433D9AC79B71' => 0,
  'UF_CRM_6433D9B1D29EE' => NULL,
  'UF_CRM_6433D9B6D6250' => NULL,
  'UF_CRM_6433D9C14D69E' => NULL,
  'UF_CRM_6433D9C61A5D8' => NULL,
  'UF_CRM_6433D9CAE827A' => NULL,
  'UF_CRM_6433D9CFAB885' => NULL,
  'UF_CRM_6433D9D5EB607' => NULL,
  'UF_CRM_6433D9DB9CB20' => NULL,
  'UF_CRM_6433D9E071032' => NULL,
  'UF_CRM_6433D9E61CF1D' => NULL,
  'UF_CRM_6433D9EAE80A2' => NULL,
  'UF_CRM_6433D9F0C964C' => NULL,
  'UF_CRM_6433D9F65FBDF' => 
  array (
  ),
  'UF_CRM_6433DA00C9646' => NULL,
  'UF_CRM_6433DA06B96E6' => 
  array (
  ),
  'UF_CRM_6433DA0B807E3' => NULL,
  'UF_CRM_6433DA105EF8B' => NULL,
  'UF_CRM_6433DA159BDDE' => NULL,
  'UF_CRM_6433DA1A8C1ED' => NULL,
  'UF_CRM_6433DA1F45E7B' => NULL,
  'UF_CRM_6433DA23E6F92' => NULL,
  'UF_CRM_6433DA28A8213' => NULL,
  'UF_CRM_6433DA2D9188A' => NULL,
  'UF_CRM_6433DA3332A3B' => NULL,
  'UF_CRM_6433DA387087D' => NULL,
  'UF_CRM_6433DA3D867BD' => NULL,
  'UF_CRM_6433DA42DE712' => 0,
  'UF_CRM_6433DA47B9298' => 0,
  'UF_CRM_6433DA4CBE556' => 0,
  'UF_CRM_6433DA5287C90' => NULL,
  'UF_CRM_6433DA5785D79' => NULL,
  'UF_CRM_6433DA5C6531D' => NULL,
  'UF_CRM_6433DA614BC63' => NULL,
  'UF_CRM_6433DA6CBE342' => NULL,
  'UF_CRM_6433DA71A6ADF' => NULL,
  'UF_CRM_6433DA7B1FB7A' => NULL,
  'UF_CRM_6433DA8544CE5' => NULL,
  'UF_CRM_6433DA8B64379' => NULL,
  'UF_CRM_6433DA9089B3B' => NULL,
  'UF_CRM_6433DA9547D58' => NULL,
  'UF_CRM_6433DA9A90B10' => NULL,
  'UF_CRM_6433DA9F7B164' => 0,
  'UF_CRM_6433DAAFB06E7' => NULL,
  'UF_CRM_6433DAB5170CB' => NULL,
  'UF_CRM_6433DABADC0AD' => 
  array (
  ),
  'UF_CRM_6433DABFD57B4' => NULL,
  'UF_CRM_6433DAC565F22' => NULL,
  'UF_CRM_6433DACB7665A' => NULL,
  'UF_CRM_6433DAD10872E' => NULL,
  'UF_CRM_6433DAD606254' => NULL,
  'UF_CRM_6433DADB6BE29' => NULL,
  'UF_CRM_6433DAE0DB90E' => 0,
  'UF_CRM_6433DAE5D294F' => NULL,
  'UF_CRM_6433DAEA9AEB4' => NULL,
  'UF_CRM_6433DAF43BFA0' => NULL,
  'UF_CRM_6433DAF90CF31' => NULL,
  'UF_CRM_6433DAFE658A0' => NULL,
  'UF_CRM_6433DB03D0B4B' => NULL,
  'UF_CRM_6433DB09A48B3' => NULL,
  'UF_CRM_6433DB0EADBA3' => NULL,
  'UF_CRM_6433DB1376625' => 0,
  'UF_CRM_6433DB18501D2' => 0,
  'UF_CRM_6433DB1D65F3E' => NULL,
  'UF_CRM_6433DB23AE767' => NULL,
  'UF_CRM_6433DB291422B' => NULL,
  'UF_CRM_6433DB2E14E18' => NULL,
  'UF_CRM_6433DB330C82B' => NULL,
  'UF_CRM_6433DB381DAE3' => NULL,
  'UF_CRM_6433DB423C443' => NULL,
  'UF_CRM_6433DB4712020' => NULL,
  'UF_CRM_6433DB4C1C1D3' => NULL,
  'UF_CRM_6433DB513B488' => 
  array (
  ),
  'UF_CRM_6433DB56EE29D' => NULL,
  'UF_CRM_6433DB5C0606C' => NULL,
  'UF_CRM_6433DB61293DF' => 0,
  'UF_CRM_6433DB667488F' => NULL,
  'UF_CRM_6433DB6BB1907' => NULL,
  'UF_CRM_6433DB70ABF48' => NULL,
  'UF_CRM_6433DB75B3CF3' => NULL,
  'UF_CRM_6433DB7B5B174' => NULL,
  'UF_CRM_6433DB804E21A' => NULL,
  'UF_CRM_6433DB8A5B216' => NULL,
  'UF_CRM_6433DB8FBE55A' => NULL,
  'UF_CRM_6433DB951130B' => NULL,
  'UF_CRM_6433DB9AA49A9' => NULL,
  'UF_CRM_6433DB9FCF9E4' => NULL,
  'UF_CRM_6433DBA519EAE' => NULL,
  'UF_CRM_6433DBAA49EB6' => NULL,
  'UF_CRM_6433DBAF367B5' => NULL,
  'UF_CRM_6433DBB42A707' => NULL,
  'UF_CRM_6433DBB98DD53' => '17611',
  'UF_CRM_6433DBBE90F98' => NULL,
  'UF_CRM_6433DBCD893E5' => NULL,
  'UF_CRM_6433DBD8A6465' => NULL,
  'UF_CRM_6433DBDD88F32' => NULL,
  'UF_CRM_6433DBE2A3E0F' => NULL,
  'UF_CRM_6433DBE7CB8D4' => NULL,
  'UF_CRM_6433DBED5A35F' => NULL,
  'UF_CRM_6433DBF277DA1' => NULL,
  'UF_CRM_6433DBF7A5906' => NULL,
  'UF_CRM_6433DBFCD0DAC' => NULL,
  'UF_CRM_6433DC01C49E0' => NULL,
  'UF_CRM_6433DC075C5C5' => NULL,
  'UF_CRM_6433DC0C620C9' => NULL,
  'UF_CRM_6433DC12355C4' => NULL,
  'UF_CRM_644253DA150F9' => NULL,
  'UF_CRM_6450B69DA5229' => NULL,
  'UF_CRM_6450B6A2B31FD' => NULL,
  'UF_CRM_6450B6A9A2DAA' => NULL,
  'UF_CRM_648307399DE36' => NULL,
  'UF_CRM_64DB52798B20D' => NULL,
  'UF_CRM_64DB528EA60C0' => NULL,
  'UF_CRM_64DB52953D51D' => 
  array (
  ),
  'UF_CRM_64EF3F34C64EE' => 0,
  'UF_CRM_65697A9FD755C' => 17007,
  'UF_CRM_65697AAB1C031' => NULL,
  'UF_CRM_1702273072' => NULL,
  'UF_CRM_6576A65667203' => NULL,
  'UF_CRM_65C07D53DF3FC' => NULL,
  'UF_CRM_65C07D6697009' => NULL,
  'UF_CRM_65C07D76E1FAE' => NULL,
  'UF_CRM_65C07D89BE1C2' => NULL,
  'UF_CRM_65C07DA44C596' => NULL,
  'UF_CRM_65C36CB41ED64' => NULL,
  'UF_CRM_65C36CC0819AC' => NULL,
  'UF_CRM_65C36CCC78A5D' => NULL,
  'UF_CRM_65C36CD8D34FA' => NULL,
  'UF_CRM_65C36CE48D4DC' => NULL,
  'UF_CRM_65C36CF138109' => NULL,
  'UF_CRM_65C36CFDE28CD' => NULL,
  'UF_CRM_65C36D0AA046B' => NULL,
  'UF_CRM_65C36D1778B3D' => NULL,
  'UF_CRM_65E85CE9DD498' => NULL,
  'UF_CRM_65E85CF698239' => NULL,
  'UF_CRM_65E85D0356B0C' => NULL,
  'UF_CRM_65E85D10E3929' => NULL,
  'UF_CRM_65E85D1D9D083' => NULL,
  'UF_CRM_65E85D2AE9D32' => NULL,
  'UF_CRM_65E85D2D8F069' => NULL,
  'UF_CRM_65E85D3862B7B' => NULL,
  'UF_CRM_65E85D45850DB' => NULL,
  'UF_CRM_65E85D530D947' => NULL,
  'UF_CRM_65E85D5F7B07F' => NULL,
  'UF_CRM_65E85D6C5B559' => NULL,
  'UF_CRM_65E85D79597B1' => NULL,
  'UF_CRM_65E85D85D5129' => NULL,
  'UF_CRM_65E85D9276D9F' => NULL,
  'UF_CRM_65E85D9F2B5F3' => NULL,
  'UF_CRM_65E85DABD9DE9' => NULL,
  'UF_CRM_65E85DB91D47D' => NULL,
  'UF_CRM_65E85DC5AD086' => NULL,
  'UF_CRM_65E860588AF86' => NULL,
  'UF_CRM_65E86064DEDE9' => NULL,
  'UF_CRM_65E86071C7618' => NULL,
  'UF_CRM_65E8607EDCA2B' => NULL,
  'UF_CRM_65E8608C520EC' => NULL,
  'UF_CRM_65E860995BBB0' => NULL,
  'UF_CRM_65E860A6A668F' => NULL,
  'UF_CRM_65E860B346671' => NULL,
  'UF_CRM_65E860C07E03C' => NULL,
  'UF_CRM_65E8641A35FD2' => NULL,
  'UF_CRM_1702274795' => NULL,
  'UF_CRM_1702275014' => NULL,
  'UF_STAMP' => NULL,
  'UF_CRM_63DC8E81DE8D9' => 0,
  'UF_CRM_63DC8E832E5A2' => 0,
  'UF_CRM_63DC8E84208D9' => NULL,
  'UF_CRM_63DC8E84F225A' => NULL,
  'UF_DIRECTOR_SIGN' => NULL,
  'UF_CRM_63DC8E85CFCF8' => NULL,
  'UF_ACCOUNTANT_SIGN' => NULL,
  'UF_CRM_1614957860' => 
  array (
  ),
  'UF_CRM_63DC8E86B16B4' => NULL,
  'UF_CRM_COMPANY_AMO_MTMCUBCZWNNFI' => NULL,
  'UF_CRM_COMPANY_AMO_LDBCSXXLXKSAO' => NULL,
  'UF_CRM_COMPANY_AMO_IQELLRVUCLCMX' => NULL,
  'UF_CRM_COMPANY_AMO_STOVXRACHEMXN' => NULL,
  'UF_CRM_1614958759' => NULL,
  'UF_CRM_1614975460' => NULL,
  'UF_CRM_1614960190' => NULL,
  'UF_CRM_1614960517' => 0,
  'UF_CRM_655CAA3806A4E' => NULL,
  'UF_CRM_1614960589' => 0,
  'UF_CRM_1614960625' => 0,
  'UF_CRM_1614960645' => 0,
  'UF_CRM_1664274186' => 0,
  'UF_CRM_1664274218' => 0,
  'UF_CRM_1615066460' => NULL,
  'UF_CRM_1615200179' => NULL,
  'UF_CRM_1615200236' => 
  array (
  ),
  'UF_CRM_1666263448' => NULL,
  'UF_CRM_1680181141' => NULL,
  'UF_CRM_63DC8E8791D13' => NULL,
  'UF_CRM_1671612944' => 
  array (
  ),
  'UF_CRM_1671612985' => 
  array (
  ),
  'UF_CRM_1617022509_SINGLE' => NULL,
  'UF_CRM_COMPANY_SS_ORG_SINGLE' => NULL,
  'UF_CRM_1687947495_SINGLE' => NULL,
  'UF_CRM_64DB2F96F1AE7_SINGLE' => NULL,
  'UF_CRM_64DB2F9DECE37_SINGLE' => NULL,
  'UF_CRM_64DB441DEE816_SINGLE' => NULL,
  'UF_CRM_64DB4425AB05C_SINGLE' => NULL,
  'UF_CRM_64DB442E55674_SINGLE' => NULL,
  'UF_CRM_64DB4434EF3A3_SINGLE' => NULL,
  'UF_CRM_64DB443BE1A9C_SINGLE' => NULL,
  'UF_CRM_64DB444343D37_SINGLE' => NULL,
  'UF_CRM_1693788279_SINGLE' => NULL,
  'UF_CRM_RU_DIADOK_SINGLE' => NULL,
  'UF_CRM_6526A6509E0DC_SINGLE' => NULL,
  'UF_CRM_6545DCFE01CA4_SINGLE' => NULL,
  'UF_CRM_6545DD05C700C_SINGLE' => NULL,
  'UF_CRM_65DF019419A3C_SINGLE' => NULL,
  'UF_CRM_6433D4F3F2CA8_SINGLE' => NULL,
  'UF_CRM_6433D58274BF2_SINGLE' => NULL,
  'UF_CRM_6433D5FEDCCDC_SINGLE' => NULL,
  'UF_CRM_6433D6084A319_SINGLE' => NULL,
  'UF_CRM_6433D62FE7442_SINGLE' => NULL,
  'UF_CRM_6433D6355E340_SINGLE' => NULL,
  'UF_CRM_6433D63A11E51_SINGLE' => NULL,
  'UF_CRM_6433D6AB3EECC_SINGLE' => NULL,
  'UF_CRM_6433D6B0191D6_SINGLE' => NULL,
  'UF_CRM_6433D702C5A07_SINGLE' => NULL,
  'UF_CRM_6433D70829928_SINGLE' => NULL,
  'UF_CRM_6433D7112B0A2_SINGLE' => NULL,
  'UF_CRM_6433D72469DA8_SINGLE' => NULL,
  'UF_CRM_6433D7290604B_SINGLE' => NULL,
  'UF_CRM_6433D7328E598_SINGLE' => NULL,
  'UF_CRM_6433D777E2973_SINGLE' => NULL,
  'UF_CRM_6433D7D2CA9D0_SINGLE' => NULL,
  'UF_CRM_6433D80C6AAC2_SINGLE' => NULL,
  'UF_CRM_6433D844B7B1F_SINGLE' => NULL,
  'UF_CRM_6433D86D38393_SINGLE' => NULL,
  'UF_CRM_6433D8719A73A_SINGLE' => NULL,
  'UF_CRM_6433D8B6D4588_SINGLE' => NULL,
  'UF_CRM_6433D8E367985_SINGLE' => NULL,
  'UF_CRM_6433D8ED76753_SINGLE' => NULL,
  'UF_CRM_6433D94467769_SINGLE' => NULL,
  'UF_CRM_6433D9494F3E2_SINGLE' => NULL,
  'UF_CRM_6433D98DC980E_SINGLE' => NULL,
  'UF_CRM_6433D9928709F_SINGLE' => NULL,
  'UF_CRM_6433D99D4ED62_SINGLE' => NULL,
  'UF_CRM_6433D9F65FBDF_SINGLE' => NULL,
  'UF_CRM_6433D9FB43081_SINGLE' => NULL,
  'UF_CRM_6433DA06B96E6_SINGLE' => NULL,
  'UF_CRM_6433DABADC0AD_SINGLE' => NULL,
  'UF_CRM_6433DB513B488_SINGLE' => NULL,
  'UF_CRM_6433DBC84FB76_SINGLE' => NULL,
  'UF_CRM_64DB52953D51D_SINGLE' => NULL,
  'UF_CRM_1614957860_SINGLE' => NULL,
  'UF_CRM_1615200236_SINGLE' => NULL,
  'UF_CRM_1671612944_SINGLE' => NULL,
  'UF_CRM_1671612985_SINGLE' => NULL,
  'PARENT_ID_129' => NULL,
  'PARENT_ID_132' => NULL,
  'PARENT_ID_133' => NULL,
  'PARENT_ID_134' => NULL,
  'PARENT_ID_147' => NULL,
  'PARENT_ID_148' => NULL,
  'PARENT_ID_149' => NULL,
  'PARENT_ID_151' => NULL,
  'PARENT_ID_153' => NULL,
  'PARENT_ID_157' => NULL,
  'PARENT_ID_174' => NULL,
  'PARENT_ID_175' => NULL,
  'PARENT_ID_182' => NULL,
  'PARENT_ID_184' => NULL,
  'PARENT_ID_185' => NULL,
  'PARENT_ID_190' => NULL,
  'Тип' => 'Компания',
  'contactPersonDetails' => 
  array (
    0 => 
    array (
      'nameText' => ': Назари Джавад',
      'birthDate' => '',
      'phone' => '89692551616,',
      'stateId' => '17',
      'commentText' => '',
    ),
  ),
  'Реквизиты' => 
  array (
    'ID' => '134492',
    'ENTITY_TYPE_ID' => '4',
    'ENTITY_ID' => '36330',
    'PRESET_ID' => '2',
    'DATE_CREATE' => '2023-12-12 11:46:35',
    'DATE_MODIFY' => '2024-03-11 17:23:49',
    'CREATED_BY_ID' => '26827',
    'MODIFY_BY_ID' => '24313',
    'NAME' => 'Гулам расул Зекриа ',
    'CODE' => NULL,
    'XML_ID' => NULL,
    'ORIGINATOR_ID' => NULL,
    'ACTIVE' => 'Y',
    'ADDRESS_ONLY' => 'N',
    'SORT' => '500',
    'RQ_NAME' => 'Гулам расул Зекриа ',
    'RQ_FIRST_NAME' => 'Зекриа',
    'RQ_LAST_NAME' => 'Гулам расул',
    'RQ_SECOND_NAME' => NULL,
    'RQ_COMPANY_NAME' => '',
    'RQ_COMPANY_FULL_NAME' => '',
    'RQ_COMPANY_REG_DATE' => '16.02.2023',
    'RQ_DIRECTOR' => '',
    'RQ_ACCOUNTANT' => '',
    'RQ_CEO_NAME' => '',
    'RQ_CEO_WORK_POS' => '',
    'RQ_CONTACT' => '',
    'RQ_EMAIL' => '',
    'RQ_PHONE' => '',
    'RQ_FAX' => '',
    'RQ_IDENT_TYPE' => '',
    'RQ_IDENT_DOC' => 'Паспорт гражданина Российской Федерации',
    'RQ_IDENT_DOC_SER' => '4521',
    'RQ_IDENT_DOC_NUM' => '517765',
    'RQ_IDENT_DOC_PERS_NUM' => '',
    'RQ_IDENT_DOC_DATE' => '19.10.2021',
    'RQ_IDENT_DOC_ISSUED_BY' => 'ГУ МВД РОССИИ ПО Г. МОСКВЕ',
    'RQ_IDENT_DOC_DEP_CODE' => '770-100',
    'RQ_INN' => '366525813807',
    'RQ_KPP' => '',
    'RQ_USRLE' => '',
    'RQ_IFNS' => 'Межрайонная инспекция Федеральной налоговой службы №17 по Московской области',
    'RQ_OGRN' => '',
    'RQ_OGRNIP' => '323774600104822',
    'RQ_OKPO' => '2020371553',
    'RQ_OKTMO' => '',
    'RQ_OKVED' => '47.91',
    'RQ_EDRPOU' => '',
    'RQ_DRFO' => '',
    'RQ_KBE' => '',
    'RQ_IIN' => '',
    'RQ_BIN' => '',
    'RQ_ST_CERT_SER' => '',
    'RQ_ST_CERT_NUM' => '',
    'RQ_ST_CERT_DATE' => '',
    'RQ_VAT_PAYER' => 'N',
    'RQ_VAT_ID' => '',
    'RQ_VAT_CERT_SER' => '',
    'RQ_VAT_CERT_NUM' => '',
    'RQ_VAT_CERT_DATE' => '',
    'RQ_RESIDENCE_COUNTRY' => '',
    'RQ_BASE_DOC' => '',
    'RQ_REGON' => '',
    'RQ_KRS' => '',
    'RQ_PESEL' => '',
    'RQ_LEGAL_FORM' => '',
    'RQ_SIRET' => '',
    'RQ_SIREN' => '',
    'RQ_CAPITAL' => '',
    'RQ_RCS' => '',
    'RQ_SIGNATURE' => '0',
    'RQ_STAMP' => '0',
    'RQ_COMPANY_ID' => '',
    'RQ_CNPJ' => '',
    'RQ_STATE_REG' => '',
    'RQ_MNPL_REG' => '',
    'RQ_CPF' => '',
    'VALUE_ID' => '134492',
    'UF_CRM_1647929611' => 'Г. КАБУЛ ИСЛАМСКАЯ РЕСПУБЛИКА АФГАНИСТАН',
    'UF_CRM_1647931933' => NULL,
    'UF_CRM_1647931942' => NULL,
    'UF_CRM_1647931950' => NULL,
    'UF_CRM_1647931979' => NULL,
    'UF_CRM_1647931992' => NULL,
    'UF_CRM_1647932011' => NULL,
    'UF_CRM_1651842340' => NULL,
    'UF_CRM_1684476607' => NULL,
    'UF_CRM_1684493639' => '1988-10-10 00:00:00',
    'UF_CRM_1688964741' => 'Межрайонная инспекция Федеральной налоговой службы №17 по Московской области ',
    'UF_CRM_1688965107' => NULL,
    'UF_CRM_1692611897' => 'Мужской',
    'UF_CRM_1692611956' => NULL,
    'UF_CRM_1697697990' => '0',
    'UF_CRM_1697699468' => '0',
    'UF_CRM_1697782220' => '1',
    'UF_CRM_1697782233' => '0',
  ),
  'Адреса' => 
  array (
    0 => 
    array (
      'TYPE_ID' => '1',
      'ENTITY_TYPE_ID' => '8',
      'ENTITY_ID' => '134492',
      'ANCHOR_TYPE_ID' => '4',
      'ANCHOR_ID' => '36330',
      'ADDRESS_1' => 'Новые Котельники мкр, 8 ',
      'ADDRESS_2' => '19',
      'CITY' => 'Котельники г',
      'POSTAL_CODE' => '140053',
      'REGION' => NULL,
      'PROVINCE' => 'Московская обл',
      'COUNTRY' => 'Россия',
      'COUNTRY_CODE' => NULL,
      'LOC_ADDR_ID' => '303522',
      'IS_DEF' => '1',
      'ID' => '2256443',
      'STREET' => NULL,
      'BUILDING' => NULL,
      'HOUSE' => '8 ',
    ),
    1 => 
    array (
      'TYPE_ID' => '4',
      'ENTITY_TYPE_ID' => '8',
      'ENTITY_ID' => '134492',
      'ANCHOR_TYPE_ID' => '4',
      'ANCHOR_ID' => '36330',
      'ADDRESS_1' => 'Новые Котельники мкр., 8 ',
      'ADDRESS_2' => '19',
      'CITY' => 'Котельники г',
      'POSTAL_CODE' => '140053',
      'REGION' => NULL,
      'PROVINCE' => 'Московская обл',
      'COUNTRY' => 'Россия',
      'COUNTRY_CODE' => NULL,
      'LOC_ADDR_ID' => '308516',
      'IS_DEF' => '1',
      'ID' => '2343601',
      'STREET' => NULL,
      'BUILDING' => NULL,
      'HOUSE' => '8 ',
    ),
    2 => 
    array (
      'TYPE_ID' => '11',
      'ENTITY_TYPE_ID' => '8',
      'ENTITY_ID' => '134492',
      'ANCHOR_TYPE_ID' => '4',
      'ANCHOR_ID' => '36330',
      'ADDRESS_1' => 'Новые Котельники мкр., 8',
      'ADDRESS_2' => '19',
      'CITY' => 'Котельники г',
      'POSTAL_CODE' => NULL,
      'REGION' => NULL,
      'PROVINCE' => 'Московская обл',
      'COUNTRY' => 'Россия',
      'COUNTRY_CODE' => NULL,
      'LOC_ADDR_ID' => '303523',
      'IS_DEF' => '0',
      'ID' => '2344518',
      'STREET' => NULL,
      'BUILDING' => NULL,
      'HOUSE' => '8',
    ),
  ),
  'Банк' => 
  array (
    0 => 
    array (
      'ID' => '3750',
      'ENTITY_TYPE_ID' => '8',
      'ENTITY_ID' => '134492',
      'COUNTRY_ID' => '1',
      'DATE_CREATE' => '2023-12-19 10:30:54',
      'DATE_MODIFY' => '2024-03-11 17:23:52',
      'CREATED_BY_ID' => '26827',
      'MODIFY_BY_ID' => '24313',
      'NAME' => 'Расчетный счет',
      'CODE' => NULL,
      'XML_ID' => NULL,
      'ORIGINATOR_ID' => NULL,
      'ACTIVE' => 'Y',
      'SORT' => '500',
      'RQ_BANK_NAME' => 'Московский Филиал АО КБ "Модульбанк"',
      'RQ_BANK_ADDR' => '',
      'RQ_BANK_ROUTE_NUM' => NULL,
      'RQ_BIK' => '044525092',
      'RQ_MFO' => NULL,
      'RQ_ACC_NAME' => NULL,
      'RQ_ACC_NUM' => '40802810570010413751',
      'RQ_IIK' => NULL,
      'RQ_ACC_CURRENCY' => 'RUR',
      'RQ_COR_ACC_NUM' => '30101810645250000092',
      'RQ_IBAN' => NULL,
      'RQ_SWIFT' => '',
      'RQ_BIC' => NULL,
      'RQ_CODEB' => NULL,
      'RQ_CODEG' => NULL,
      'RQ_RIB' => NULL,
      'COMMENTS' => 'МКК',
      'RQ_BANK_CODE' => NULL,
      'RQ_ACC_TYPE' => NULL,
      'RQ_AGENCY_NAME' => NULL,
    ),
    1 => 
    array (
      'ID' => '3751',
      'ENTITY_TYPE_ID' => '8',
      'ENTITY_ID' => '134492',
      'COUNTRY_ID' => '1',
      'DATE_CREATE' => '2023-12-19 10:30:54',
      'DATE_MODIFY' => '2024-03-11 17:23:52',
      'CREATED_BY_ID' => '26827',
      'MODIFY_BY_ID' => '24313',
      'NAME' => 'Номинальный счет',
      'CODE' => NULL,
      'XML_ID' => NULL,
      'ORIGINATOR_ID' => NULL,
      'ACTIVE' => 'Y',
      'SORT' => '500',
      'RQ_BANK_NAME' => 'Московский Филиал АО КБ "Модульбанк"',
      'RQ_BANK_ADDR' => '',
      'RQ_BANK_ROUTE_NUM' => NULL,
      'RQ_BIK' => '044525092',
      'RQ_MFO' => NULL,
      'RQ_ACC_NAME' => NULL,
      'RQ_ACC_NUM' => '40802810770013000398',
      'RQ_IIK' => NULL,
      'RQ_ACC_CURRENCY' => 'RUR',
      'RQ_COR_ACC_NUM' => '30101810645250000092',
      'RQ_IBAN' => NULL,
      'RQ_SWIFT' => '',
      'RQ_BIC' => NULL,
      'RQ_CODEB' => NULL,
      'RQ_CODEG' => NULL,
      'RQ_RIB' => NULL,
      'COMMENTS' => 'МКК',
      'RQ_BANK_CODE' => NULL,
      'RQ_ACC_TYPE' => NULL,
      'RQ_AGENCY_NAME' => NULL,
    ),
  ),
  'КонтактныеДанные' => 
  array (
    0 => 
    array (
      'ID' => '1384311',
      'ENTITY_ID' => 'COMPANY',
      'ELEMENT_ID' => '36330',
      'TYPE_ID' => 'PHONE',
      'VALUE_TYPE' => 'MOBILE',
      'COMPLEX_ID' => 'PHONE_MOBILE',
      'VALUE' => '+79031901118',
    ),
    1 => 
    array (
      'ID' => '1398109',
      'ENTITY_ID' => 'COMPANY',
      'ELEMENT_ID' => '36330',
      'TYPE_ID' => 'PHONE',
      'VALUE_TYPE' => 'WORK',
      'COMPLEX_ID' => 'PHONE_WORK',
      'VALUE' => '+79692551616',
    ),
    2 => 
    array (
      'ID' => '1405135',
      'ENTITY_ID' => 'COMPANY',
      'ELEMENT_ID' => '36330',
      'TYPE_ID' => 'PHONE',
      'VALUE_TYPE' => 'WORK',
      'COMPLEX_ID' => 'PHONE_WORK',
      'VALUE' => '+79264590423',
    ),
    3 => 
    array (
      'ID' => '1384312',
      'ENTITY_ID' => 'COMPANY',
      'ELEMENT_ID' => '36330',
      'TYPE_ID' => 'EMAIL',
      'VALUE_TYPE' => 'WORK',
      'COMPLEX_ID' => 'EMAIL_WORK',
      'VALUE' => 'razaja7@gmail.com',
    ),
    4 => 
    array (
      'ID' => '1397970',
      'ENTITY_ID' => 'COMPANY',
      'ELEMENT_ID' => '36330',
      'TYPE_ID' => 'EMAIL',
      'VALUE_TYPE' => 'OTHER',
      'COMPLEX_ID' => 'EMAIL_OTHER',
      'VALUE' => 'razaja7@gmail.com',
    ),
  ),
  'Представитель' => '',
  'Бенефициар1' => NULL,
  'Бенефициар2' => NULL,
  'Бенефициар3' => NULL,
  'Бенефициар4' => NULL,
  'Бенефициар5' => NULL,
  'ФилиалАвтора' => NULL,
  'Автор' => NULL,
  'clientGroup' => '',
)
#0: KPLab\OneC\Export\Company->export
	/home/bitrix/www/local/classes/onec/export/company.php:190
#1: KPLab\OneC\Export\Company->init
	/home/bitrix/www/local/classes/onec/export/zayavka.php:55
#2: KPLab\OneC\Export\Zayavka->init
	/home/bitrix/www/bitrix/activities/bitrix/codeactivity/codeactivity.php(25) : eval()'d code:2
#3: eval
	/home/bitrix/www/bitrix/activities/bitrix/codeactivity/codeactivity.php:25
#4: CBPCodeActivity->execute
	/home/bitrix/www/bitrix/modules/bizproc/classes/general/workflow.php:531
#5: CBPWorkflow->runQueuedItem
	/home/bitrix/www/bitrix/modules/bizproc/classes/general/workflow.php:494
----------
Host: crm.sodeistvie.su:443
Date: 2024-04-08 11:47:54
Module: Представитель

#0: KPLab\OneC\Export\Company->init
	/home/bitrix/www/bitrix/activities/bitrix/codeactivity/codeactivity.php(25) : eval()'d code:2
#1: eval
	/home/bitrix/www/bitrix/activities/bitrix/codeactivity/codeactivity.php:25
#2: CBPCodeActivity->execute
	/home/bitrix/www/bitrix/modules/bizproc/classes/general/workflow.php:531
#3: CBPWorkflow->runQueuedItem
	/home/bitrix/www/bitrix/modules/bizproc/classes/general/workflow.php:494
#4: CBPWorkflow->runStep
	/home/bitrix/www/bitrix/modules/bizproc/classes/general/workflow.php:478
#5: CBPWorkflow->runQueue
	/home/bitrix/www/bitrix/modules/bizproc/classes/general/workflow.php:225
----------
Host: crm.sodeistvie.su:443
Date: 2024-04-08 11:47:54
Module: ФилиалАвтора
01b47326-66fb-11ed-80e8-d6b7a50f497f
#0: KPLab\OneC\Export\Company->init
	/home/bitrix/www/bitrix/activities/bitrix/codeactivity/codeactivity.php(25) : eval()'d code:2
#1: eval
	/home/bitrix/www/bitrix/activities/bitrix/codeactivity/codeactivity.php:25
#2: CBPCodeActivity->execute
	/home/bitrix/www/bitrix/modules/bizproc/classes/general/workflow.php:531
#3: CBPWorkflow->runQueuedItem
	/home/bitrix/www/bitrix/modules/bizproc/classes/general/workflow.php:494
#4: CBPWorkflow->runStep
	/home/bitrix/www/bitrix/modules/bizproc/classes/general/workflow.php:478
#5: CBPWorkflow->runQueue
	/home/bitrix/www/bitrix/modules/bizproc/classes/general/workflow.php:225
----------
Host: crm.sodeistvie.su:443
Date: 2024-04-08 11:47:54
Module: Автор
c1090fe5-1723-11ee-80ff-f9baaaa059d1
#0: KPLab\OneC\Export\Company->init
	/home/bitrix/www/bitrix/activities/bitrix/codeactivity/codeactivity.php(25) : eval()'d code:2
#1: eval
	/home/bitrix/www/bitrix/activities/bitrix/codeactivity/codeactivity.php:25
#2: CBPCodeActivity->execute
	/home/bitrix/www/bitrix/modules/bizproc/classes/general/workflow.php:531
#3: CBPWorkflow->runQueuedItem
	/home/bitrix/www/bitrix/modules/bizproc/classes/general/workflow.php:494
#4: CBPWorkflow->runStep
	/home/bitrix/www/bitrix/modules/bizproc/classes/general/workflow.php:478
#5: CBPWorkflow->runQueue
	/home/bitrix/www/bitrix/modules/bizproc/classes/general/workflow.php:225
----------
Host: crm.sodeistvie.su:443
Date: 2024-04-08 11:47:54
Module: clientId
37256
#0: KPLab\OneC\Export\Company->export
	/home/bitrix/www/local/classes/onec/export/company.php:190
#1: KPLab\OneC\Export\Company->init
	/home/bitrix/www/bitrix/activities/bitrix/codeactivity/codeactivity.php(25) : eval()'d code:2
#2: eval
	/home/bitrix/www/bitrix/activities/bitrix/codeactivity/codeactivity.php:25
#3: CBPCodeActivity->execute
	/home/bitrix/www/bitrix/modules/bizproc/classes/general/workflow.php:531
#4: CBPWorkflow->runQueuedItem
	/home/bitrix/www/bitrix/modules/bizproc/classes/general/workflow.php:494
#5: CBPWorkflow->runStep
	/home/bitrix/www/bitrix/modules/bizproc/classes/general/workflow.php:478
----------
Host: crm.sodeistvie.su:443
Date: 2024-04-08 11:47:54
Module: clientOrg
5
#0: KPLab\OneC\Export\Company->export
	/home/bitrix/www/local/classes/onec/export/company.php:190
#1: KPLab\OneC\Export\Company->init
	/home/bitrix/www/bitrix/activities/bitrix/codeactivity/codeactivity.php(25) : eval()'d code:2
#2: eval
	/home/bitrix/www/bitrix/activities/bitrix/codeactivity/codeactivity.php:25
#3: CBPCodeActivity->execute
	/home/bitrix/www/bitrix/modules/bizproc/classes/general/workflow.php:531
#4: CBPWorkflow->runQueuedItem
	/home/bitrix/www/bitrix/modules/bizproc/classes/general/workflow.php:494
#5: CBPWorkflow->runStep
	/home/bitrix/www/bitrix/modules/bizproc/classes/general/workflow.php:478
----------
Host: crm.sodeistvie.su:443
Date: 2024-04-08 11:47:54
Module: clientData
array (
  'OBSERVER_IDS' => 
  array (
  ),
  'LOGO' => '',
  'UF_CRM_BITCONF_ZOOM_REGISTRATION_ANSWERS' => NULL,
  'UF_CRM_1693788279' => 
  array (
    0 => 4035002,
  ),
  'UF_CRM_RUROBOT_SBP_QR_FILE' => NULL,
  'UF_CRM_RUROBOT_CHEK_QR_FILE' => NULL,
  'UF_CRM_6433D5CD87C30' => NULL,
  'UF_CRM_6433D5D634AD6' => NULL,
  'UF_CRM_6433D5FA970C9' => NULL,
  'UF_CRM_6433D5FEDCCDC' => 
  array (
  ),
  'UF_CRM_6433D6036480A' => NULL,
  'UF_CRM_6433D6084A319' => 
  array (
  ),
  'UF_CRM_6433D62FE7442' => 
  array (
  ),
  'UF_CRM_6433D6355E340' => 
  array (
  ),
  'UF_CRM_6433D63A11E51' => 
  array (
  ),
  'UF_CRM_6433D6DD9702A' => NULL,
  'UF_CRM_6433D702C5A07' => 
  array (
  ),
  'UF_CRM_6433D70829928' => 
  array (
  ),
  'UF_CRM_6433D7112B0A2' => 
  array (
  ),
  'UF_CRM_6433D72469DA8' => 
  array (
  ),
  'UF_CRM_6433D7290604B' => 
  array (
  ),
  'UF_CRM_6433D7328E598' => 
  array (
  ),
  'UF_CRM_6433D7BFBF3C1' => NULL,
  'UF_CRM_6433D86D38393' => 
  array (
  ),
  'UF_CRM_6433D8719A73A' => 
  array (
  ),
  'UF_CRM_6433D88041ED1' => NULL,
  'UF_CRM_6433D8ED76753' => 
  array (
  ),
  'UF_CRM_6433D922AAFBA' => NULL,
  'UF_CRM_6433D93E62E9D' => NULL,
  'UF_CRM_6433D94467769' => 
  array (
  ),
  'UF_CRM_6433D9494F3E2' => 
  array (
  ),
  'UF_CRM_6433D98DC980E' => 
  array (
  ),
  'UF_CRM_6433D9928709F' => 
  array (
  ),
  'UF_CRM_6433D9BC65B15' => NULL,
  'UF_CRM_6433D9FB43081' => 
  array (
  ),
  'UF_CRM_6433DA7676DE8' => NULL,
  'UF_CRM_6433DA7FAA203' => NULL,
  'UF_CRM_6433DAEF79717' => NULL,
  'UF_CRM_6433DB8564D70' => NULL,
  'UF_CRM_6433DBC84FB76' => 
  array (
  ),
  'UF_CRM_64DB528100CC9' => NULL,
  'UF_CRM_64DB52A38846D' => NULL,
  'COMMENTS' => NULL,
  'CONTACT_BINDINGS' => 
  array (
    0 => 
    array (
      'CONTACT_ID' => 224278,
      'SORT' => 10,
      'ROLE_ID' => 0,
      'IS_PRIMARY' => 'Y',
    ),
  ),
  'CONTACT_ID' => 
  array (
    0 => 224278,
  ),
  'UTM_SOURCE' => 'seller',
  'UTM_MEDIUM' => 'referral',
  'UTM_CAMPAIGN' => 'online',
  'UTM_CONTENT' => '753403471707',
  'UTM_TERM' => NULL,
  'ID' => 37256,
  'DATE_CREATE' => '19.01.2024 10:59:41',
  'DATE_MODIFY' => '08.04.2024 11:47:47',
  'CREATED_BY_ID' => 24376,
  'MODIFY_BY_ID' => 1,
  'ASSIGNED_BY_ID' => 24376,
  'OPENED' => 'Y',
  'TITLE' => 'ИП Мустафаева Г.М.',
  'ADDRESS' => 'Сергея Есенина (3 Кедровый мкр.) ул, 5 ',
  'ADDRESS_LEGAL' => NULL,
  'BANKING_DETAILS' => NULL,
  'COMPANY_TYPE' => '5',
  'INDUSTRY' => NULL,
  'REVENUE' => 0.0,
  'CURRENCY_ID' => 'RUB',
  'EMPLOYEES' => NULL,
  'LEAD_ID' => 158012,
  'WEBFORM_ID' => 0,
  'ORIGINATOR_ID' => NULL,
  'ORIGIN_ID' => NULL,
  'ORIGIN_VERSION' => NULL,
  'HAS_PHONE' => 'Y',
  'HAS_EMAIL' => 'Y',
  'HAS_IMOL' => 'N',
  'IS_MY_COMPANY' => 'N',
  'CATEGORY_ID' => 0,
  'LAST_ACTIVITY_BY' => 24376,
  'LAST_ACTIVITY_TIME' => '19.01.2024 10:58:34',
  'EMAIL_HOME' => NULL,
  'EMAIL_WORK' => NULL,
  'EMAIL_MAILING' => NULL,
  'PHONE_MOBILE' => NULL,
  'PHONE_WORK' => NULL,
  'PHONE_MAILING' => NULL,
  'IMOL' => NULL,
  'EMAIL' => NULL,
  'PHONE' => NULL,
  'UF_CRM_63DC8E17DA14A' => NULL,
  'UF_CRM_6433D456A993F' => '158012',
  'UF_CRM_6433D45A58732' => NULL,
  'UF_CRM_6433D45E0E48D' => NULL,
  'UF_CRM_64353318BB672' => NULL,
  'UF_CRM_6435331D97379' => NULL,
  'UF_CRM_643533226D993' => NULL,
  'UF_CRM_643533276A894' => NULL,
  'UF_CRM_6435332D17E32' => NULL,
  'UF_CRM_6435333351197' => NULL,
  'UF_CRM_643533395E245' => NULL,
  'UF_CRM_643533400DD7E' => NULL,
  'UF_CRM_64353346223BE' => NULL,
  'UF_CRM_6435334CA02B4' => NULL,
  'UF_CRM_643533543CB94' => '19.01.2024 00:00:00',
  'UF_CRM_6435335A78A8A' => NULL,
  'UF_CRM_643533607F063' => NULL,
  'UF_CRM_64353366C4E98' => NULL,
  'UF_CRM_6435336CE33DF' => NULL,
  'UF_CRM_6436790C0A081' => '29',
  'UF_CRM_6436791297084' => 10476,
  'UF_CRM_644B8F5F389E2' => NULL,
  'UF_CRM_64771CA96A441' => '1',
  'UF_CRM_64771CAF31F16' => '42733',
  'UF_CRM_64806D472FDA8' => NULL,
  'UF_CRM_1554808760221' => NULL,
  'UF_LOGO' => NULL,
  'UF_CRM_1595595411835' => 'ИП Мустафаева Гульнар Мобил гызы',
  'UF_CRM_1596520984268' => NULL,
  'UF_CRM_1596520996191' => NULL,
  'UF_CRM_1596521014397' => NULL,
  'UF_CRM_1596521047550' => NULL,
  'UF_CRM_1596521064464' => NULL,
  'UF_CRM_1596521074308' => NULL,
  'UF_CRM_1617022509' => 
  array (
  ),
  'UF_CRM_1627544551724' => NULL,
  'UF_CRM_TB_TAGS' => NULL,
  'UF_CRM_COMPANY_SS_AGENT_DOC_NOMER_AM' => NULL,
  'UF_CRM_COMPANY_SS_AGENT_DOC_DATA_AM' => NULL,
  'UF_CRM_COMPANY_SS_FILIAL_OPEN_DATE_AM' => NULL,
  'UF_CRM_COMPANY_SS_FILIAL_CLOSE_DATE_AM' => NULL,
  'UF_CRM_COMPANY_SS_FILIAL_BOSS_AM' => NULL,
  'UF_CRM_COMPANY_SS_FILIAL_STATUS_AM' => NULL,
  'UF_CRM_1637754619884' => NULL,
  'UF_CRM_1637754682264' => NULL,
  'UF_CRM_1638788295103' => NULL,
  'UF_CRM_1638788442249' => NULL,
  'UF_CRM_1638789252369' => NULL,
  'UF_CRM_1638791492304' => NULL,
  'UF_CRM_1638791524660' => NULL,
  'UF_CRM_COMPANY_SS_SYNC_DATE' => '08.04.2024 11:47:44',
  'UF_CRM_COMPANY_SS_AM_ID' => '8674421e-ba91-11ee-8118-80e641c65846',
  'UF_CRM_COMPANY_SS_AK_ID' => NULL,
  'UF_CRM_COMPANY_SS_AS_ID' => NULL,
  'UF_CRM_COMPANY_SS_PREDSTAVITEL_DOLGNOST' => NULL,
  'UF_CRM_COMPANY_SS_PREDSTAVITEL_DOVERENNOST' => NULL,
  'UF_CRM_COMPANY_SS_ORG' => 
  array (
    0 => '5',
  ),
  'UF_CRM_COMPANY_SS_KASSA' => 1,
  'UF_CRM_APP_PL_COMPANY_COUNTRY' => NULL,
  'UF_CRM_APP_PL_COMPANY_TIMEZONE' => NULL,
  'UF_CRM_APP_PL_COMPANY_REGION' => NULL,
  'UF_CRM_CUST_LTIME' => NULL,
  'UF_CRM_1675248051686' => NULL,
  'UF_CRM_1675248084077' => NULL,
  'UF_CRM_1675251420593' => NULL,
  'UF_CRM_1675251431573' => NULL,
  'UF_CRM_1675251444631' => NULL,
  'UF_CRM_63DC8E18A4E2E' => NULL,
  'UF_CRM_63DC8E195EB36' => NULL,
  'UF_CRM_63DC8E1A3346D' => NULL,
  'UF_CRM_63DC8E26747B4' => NULL,
  'UF_CRM_63DC8E274B853' => NULL,
  'UF_CRM_63DC8E280E9E5' => NULL,
  'UF_CRM_63DC8E293CC7F' => 0,
  'UF_CRM_63DC8E2A0BF88' => 0,
  'UF_CRM_63DC8E2ABE9D8' => NULL,
  'UF_CRM_63DC8E2B7F52E' => 0,
  'UF_CRM_63DC8E2C3AABE' => 0,
  'UF_CRM_63DC8E2CEC51F' => NULL,
  'UF_CRM_63DC8E2DA91B8' => 0,
  'UF_CRM_63DC8E2E74222' => 0,
  'UF_CRM_63DC8E2F31F5B' => NULL,
  'UF_CRM_63DC8E2FF0CC2' => 0,
  'UF_CRM_63DC8E30B7FAE' => 0,
  'UF_CRM_63DC8E317ED45' => NULL,
  'UF_CRM_63DC8E323FF76' => 0,
  'UF_CRM_63DC8E3306CAB' => 0,
  'UF_CRM_63DC8E33C393B' => NULL,
  'UF_CRM_63DC8E3495C8D' => 0,
  'UF_CRM_63DC8E355E686' => 0,
  'UF_CRM_63DC8E3627033' => NULL,
  'UF_CRM_63DC8E36DB39D' => 0,
  'UF_CRM_63DC8E379C254' => 0,
  'UF_CRM_63DC8E38681EC' => NULL,
  'UF_CRM_63DC8E392D259' => 0,
  'UF_CRM_63DC8E39E7034' => 0,
  'UF_CRM_63DC8E3AAC4F7' => NULL,
  'UF_CRM_63DC8E3C39A26' => 0,
  'UF_CRM_63DC8E3D01747' => NULL,
  'UF_CRM_63DC8E3DBFA43' => 0,
  'UF_CRM_63DC8E3E90027' => NULL,
  'UF_CRM_63DC8E4028C58' => 0,
  'UF_CRM_63DC8E40E39C2' => NULL,
  'UF_CRM_63DC8E41ACD58' => 0,
  'UF_CRM_63DC8E427A06D' => 0,
  'UF_CRM_63DC8E4340A22' => NULL,
  'UF_CRM_63DC8E4411725' => 0,
  'UF_CRM_63DC8E44D1A58' => 0,
  'UF_CRM_63DC8E459F68A' => NULL,
  'UF_CRM_63DC8E467D45B' => 0,
  'UF_CRM_63DC8E474FBE9' => 0,
  'UF_CRM_63DC8E481E707' => NULL,
  'UF_CRM_63DC8E48E257E' => 0,
  'UF_CRM_63DC8E49A6390' => 0,
  'UF_CRM_63DC8E4A719EA' => NULL,
  'UF_CRM_63DC8E4C2FC7D' => 0,
  'UF_CRM_63DC8E4CEBF34' => NULL,
  'UF_CRM_63DC8E4DBCDB3' => 0,
  'UF_CRM_63DC8E4E90E8C' => NULL,
  'UF_CRM_63DC8E4F5DD80' => 0,
  'UF_CRM_63DC8E502565C' => 0,
  'UF_CRM_63DC8E50E5D9E' => 0,
  'UF_CRM_63DC8E51AF554' => 0,
  'UF_CRM_63DC8E527AD60' => NULL,
  'UF_CRM_63DC8E535208E' => NULL,
  'UF_CRM_63DC8E5423AFA' => NULL,
  'UF_CRM_63DC8E54E21A1' => 0,
  'UF_CRM_63DC8E55B527E' => 0,
  'UF_CRM_63DC8E5689193' => 0,
  'UF_CRM_63DC8E5759751' => 0,
  'UF_CRM_63DC8E590765C' => 0,
  'UF_CRM_63DC8E59D279D' => NULL,
  'UF_CRM_63DC8E5B7F55D' => 0,
  'UF_CRM_63DC8E5C5D659' => NULL,
  'UF_CRM_63DC8E5E1E849' => 0,
  'UF_CRM_63DC8E5EE72DA' => NULL,
  'UF_CRM_63DC8E609239F' => 0,
  'UF_CRM_63DC8E616A5AE' => NULL,
  'UF_CRM_63DC8E633698E' => 0,
  'UF_CRM_63DC8E640474F' => NULL,
  'UF_CRM_63DC8E665855D' => 0,
  'UF_CRM_63DC8E6736DC5' => NULL,
  'UF_CRM_63DC8E68EC080' => 0,
  'UF_CRM_63DC8E6AA1430' => NULL,
  'UF_CRM_63DC8E6B76E53' => 0,
  'UF_CRM_63DC8E6C67591' => 0,
  'UF_CRM_63DC8E6D42820' => 0,
  'UF_CRM_63DC8E6E1CEB4' => 0,
  'UF_CRM_63DC8E6EEE91A' => 0,
  'UF_CRM_63DC8E70B4611' => 0,
  'UF_CRM_63DC8E7190963' => NULL,
  'UF_CRM_63DC8E726D449' => NULL,
  'UF_CRM_63DC8E7356A8D' => NULL,
  'UF_CRM_63DC8E743500D' => NULL,
  'UF_CRM_63DC8E751A1D3' => NULL,
  'UF_CRM_63DC8E7627B00' => NULL,
  'UF_CRM_63DC8E771A045' => NULL,
  'UF_CRM_63DC8E7809694' => NULL,
  'UF_CRM_63DC8E78E0E4D' => NULL,
  'UF_CRM_63DC8E79C71A6' => NULL,
  'UF_CRM_63DC8E7AA9B36' => NULL,
  'UF_CRM_63DC8E7B98100' => NULL,
  'UF_CRM_63DC8E7C79C19' => 861204677201.0,
  'UF_CRM_63DC8E7D5B2DA' => NULL,
  'UF_CRM_63DC8E7E4167A' => NULL,
  'UF_CRM_63DC8E7F23CE9' => NULL,
  'UF_CRM_1675446456307' => NULL,
  'UF_CRM_63DDE3A4E68D7' => NULL,
  'UF_CRM_63DDE3A5D5155' => NULL,
  'UF_CRM_1675670468066' => NULL,
  'UF_CRM_63E3241DA30EB' => NULL,
  'UF_CRM_63E3241E9AADB' => 0,
  'UF_CRM_63E4AAB613011' => NULL,
  'UF_CRM_63E4AAB703D9F' => NULL,
  'UF_CRM_BITCONF_LINK' => NULL,
  'UF_CRM_BITCONF_ZOOM_RECORDINGS' => NULL,
  'UF_CRM_BITCONF_RECORDINGS_VIDEO_YANDEX' => NULL,
  'UF_CRM_BITCONF_RECORDINGS_AUDIO_YANDEX' => NULL,
  'UF_CRM_BITCONF_RECORDINGS_CHAT_YANDEX' => NULL,
  'UF_CRM_BITCONF_RECORDINGS_VIDEO_GOOGLE' => NULL,
  'UF_CRM_BITCONF_RECORDINGS_AUDIO_GOOGLE' => NULL,
  'UF_CRM_BITCONF_RECORDINGS_CHAT_GOOGLE' => NULL,
  'UF_CRM_BITCONF_ZOOM_REGISTRATION_ANSWERS_JSON' => NULL,
  'UF_CRM_BITCONF_MEETING_ATTENDED' => NULL,
  'UF_CRM_BITCONF_MEETING_STARTED_AT' => NULL,
  'UF_CRM_BITCONF_MEETING_ENDED_AT' => NULL,
  'UF_CRM_BITCONF_PARTICIPANT_JOINED_AT' => NULL,
  'UF_CRM_BITCONF_PARTICIPANT_LEFT_AT' => NULL,
  'UF_CRM_641045F47BAFD' => NULL,
  'UF_CRM_6433D461D16E4' => 0,
  'UF_CRM_6433D465984C7' => 0,
  'UF_CRM_6433D4693830C' => NULL,
  'UF_CRM_6433D46CED244' => 0,
  'UF_CRM_6433D4715A41B' => 0,
  'UF_CRM_6433D47528CEC' => NULL,
  'UF_CRM_6433D478C504F' => 0,
  'UF_CRM_6433D47CBD827' => 0,
  'UF_CRM_6433D4807CDE8' => NULL,
  'UF_CRM_6433D48456D35' => 0,
  'UF_CRM_6433D4884B09E' => 0,
  'UF_CRM_6433D48C20F2B' => NULL,
  'UF_CRM_6433D490017A2' => 0,
  'UF_CRM_6433D4944FECB' => 0,
  'UF_CRM_6433D4983ED32' => NULL,
  'UF_CRM_6433D49C28BA5' => 0,
  'UF_CRM_6433D4A01ACC8' => 0,
  'UF_CRM_6433D4A3D37E1' => NULL,
  'UF_CRM_6433D4A7ACE1E' => 0,
  'UF_CRM_6433D4ABE92F3' => 0,
  'UF_CRM_6433D4AFBF977' => NULL,
  'UF_CRM_6433D4B3B2523' => 0,
  'UF_CRM_6433D4B79F77B' => 0,
  'UF_CRM_6433D4BB85C48' => NULL,
  'UF_CRM_6433D4BF52BB0' => 0,
  'UF_CRM_6433D4C37C94A' => 0,
  'UF_CRM_6433D4C77A09D' => NULL,
  'UF_CRM_6433D4CB915A3' => 0,
  'UF_CRM_6433D4CF8CF6E' => 0,
  'UF_CRM_6433D4D465778' => NULL,
  'UF_CRM_6433D4D94C9AA' => 0,
  'UF_CRM_6433D4DD6A784' => 0,
  'UF_CRM_6433D4E18FD6A' => NULL,
  'UF_CRM_6433D4E75196D' => 0,
  'UF_CRM_6433D4EB83DB1' => NULL,
  'UF_CRM_6433D4EFA24C9' => 0,
  'UF_CRM_643EAA1DA8B9E' => 0,
  'UF_CRM_643EAA228B2B2' => 0,
  'UF_CRM_643EAA275FE0A' => 0,
  'UF_CRM_643EAA2C188C0' => 0,
  'UF_CRM_643EAA314A615' => 0,
  'UF_CRM_643EAA37A5511' => '4000000|RUB',
  'UF_CRM_64406458C6D47' => NULL,
  'UF_CRM_6442676E5B421' => NULL,
  'UF_CRM_1683968549' => 1,
  'UF_CRM_1684145100226' => 11075,
  'UF_CRM_1685419394' => NULL,
  'UF_CRM_1687947495' => 
  array (
  ),
  'UF_CRM_COMPANY_AMOID' => NULL,
  'UF_CRM_64A4EBD2F2518' => NULL,
  'UF_CRM_64AD00029054A' => 0,
  'UF_CRM_64AD0008D2965' => 0,
  'UF_CRM_64AD000F6A26A' => NULL,
  'UF_CRM_64AD00163C80C' => 0,
  'UF_CRM_64AD001D86025' => 0,
  'UF_CRM_64AD00250FFFD' => NULL,
  'UF_CRM_64AE8FC56D363' => NULL,
  'UF_CRM_64AF8DA50E037' => '19.01.2024',
  'UF_CRM_1690758867666' => NULL,
  'UF_CRM_1691009132416' => NULL,
  'UF_CRM_64CB9DDC41262' => NULL,
  'UF_CRM_64CB9DE1E3C7A' => NULL,
  'UF_CRM_64CB9DE974E5F' => NULL,
  'UF_CRM_64CB9DF06A260' => NULL,
  'UF_CRM_64CB9DF7289EE' => NULL,
  'UF_CRM_64CB9DFD55A33' => NULL,
  'UF_CRM_64CB9E03788BE' => NULL,
  'UF_CRM_64CB9E0A4860E' => NULL,
  'UF_CRM_64CB9E107B628' => NULL,
  'UF_CRM_64CB9E163F796' => NULL,
  'UF_CRM_64CB9E1C4DB78' => NULL,
  'UF_CRM_64CB9E229FA0B' => NULL,
  'UF_CRM_64CB9E293B527' => NULL,
  'UF_CRM_64CBA4252FB37' => NULL,
  'UF_CRM_64CC92553F409' => NULL,
  'UF_CRM_64CC925D91DEA' => NULL,
  'UF_CRM_64CC926670EC8' => NULL,
  'UF_CRM_64CC9270B6A35' => NULL,
  'UF_CRM_64CC927983D4C' => NULL,
  'UF_CRM_64CC928123D41' => NULL,
  'UF_CRM_64CC928CAA601' => NULL,
  'UF_CRM_64CCA29DAF094' => NULL,
  'UF_CRM_64D3B7766A327' => NULL,
  'UF_CRM_64DB2F838C6F1' => 0,
  'UF_CRM_64DB2F8CA756C' => 0,
  'UF_CRM_64DB2F96F1AE7' => 
  array (
  ),
  'UF_CRM_64DB2F9DECE37' => 
  array (
  ),
  'UF_CRM_64DB4411303D8' => NULL,
  'UF_CRM_64DB44175DA19' => NULL,
  'UF_CRM_64DB441DEE816' => 
  array (
  ),
  'UF_CRM_64DB4425AB05C' => 
  array (
  ),
  'UF_CRM_64DB442E55674' => 
  array (
  ),
  'UF_CRM_64DB4434EF3A3' => 
  array (
  ),
  'UF_CRM_64DB443BE1A9C' => 
  array (
  ),
  'UF_CRM_64DB444343D37' => 
  array (
  ),
  'UF_CRM_64DB444B5354D' => NULL,
  'UF_CRM_64DB4452990CE' => NULL,
  'UF_CRM_64E36750AEBF0' => NULL,
  'UF_CRM_64E4A00A7CB9E' => NULL,
  'UF_CRM_64E84230723F5' => NULL,
  'UF_CRM_1693311353902' => 'ТаблицаЗначений',
  'UF_CRM_1693311600025' => NULL,
  'UF_CRM_1693311707790' => NULL,
  'UF_CRM_1693373909306' => 'Мустафаев Мунис Мобил оглы',
  'UF_CRM_1693373994027' => 15238,
  'UF_CRM_1693374038734' => '9504806870',
  'UF_CRM_1693374057547' => NULL,
  'UF_CRM_64F1E491F0503' => 0,
  'UF_CRM_1693822645477' => ' mun86@mail.ru',
  'UF_CRM_1693822684054' => NULL,
  'UF_CRM_1693960373052' => NULL,
  'UF_CRM_64F83BC976C70' => 0,
  'UF_CRM_64F83BD1CB037' => 0,
  'UF_CRM_64F85EB57C226' => 0,
  'UF_CRM_64F85EBC6293C' => NULL,
  'UF_CRM_64F86B718FCFD' => 0,
  'UF_CRM_64F87C6C3D1EE' => 0,
  'UF_CRM_64F87C75DAD9D' => 0,
  'UF_CRM_64F87C829ADB5' => 0,
  'UF_CRM_64F87C8D26E72' => 0,
  'UF_CRM_64F87C94E75DB' => 0,
  'UF_CRM_64F87CA1B6D24' => 0,
  'UF_CRM_64F87CADDF550' => 0,
  'UF_CRM_64F87CB6033F8' => 0,
  'UF_CRM_RU_ANALITYCS' => NULL,
  'UF_CRM_RU_DIADOK' => 
  array (
  ),
  'UF_CRM_RUROBOT_SBP_URL' => NULL,
  'UF_CRM_RUROBOT_CHEK_URL' => NULL,
  'UF_CRM_64FC867D4DEE8' => 0,
  'UF_CRM_64FC8684B795C' => 0,
  'UF_CRM_64FC868B2E901' => 0,
  'UF_CRM_64FC86916ECC7' => 0,
  'UF_CRM_64FC86980DBDF' => 0,
  'UF_CRM_64FC869E70EA8' => 0,
  'UF_CRM_1694331491' => NULL,
  'UF_CRM_1694331571' => NULL,
  'UF_CRM_65000439925C9' => NULL,
  'UF_CRM_1696457110' => NULL,
  'UF_CRM_6526A6509E0DC' => 
  array (
  ),
  'UF_CRM_1697107946' => NULL,
  'UF_CRM_1697107996' => NULL,
  'UF_CRM_1697853788600' => NULL,
  'UF_CRM_1698731625472' => NULL,
  'UF_CRM_6545DCFE01CA4' => 
  array (
  ),
  'UF_CRM_6545DD05C700C' => 
  array (
  ),
  'UF_CRM_1699900252754' => NULL,
  'UF_CRM_1699900326048' => NULL,
  'UF_CRM_65532D05B660B' => 35313.0,
  'UF_CRM_655362454D77C' => NULL,
  'UF_CRM_1700138022' => '24.01.2024',
  'UF_CRM_1702534386502' => 0,
  'UF_CRM_1702977601750' => NULL,
  'UF_CRM_1703078588' => NULL,
  'UF_CRM_1703659571229' => NULL,
  'UF_CRM_1706612347' => NULL,
  'UF_CRM_1706777861' => NULL,
  'UF_CRM_1706982719' => NULL,
  'UF_CRM_1707302304' => NULL,
  'UF_CRM_65C6057BAF241' => NULL,
  'UF_CRM_65C60D92B19B7' => NULL,
  'UF_CRM_65C61195E8DB7' => NULL,
  'UF_CRM_65CCB993C2573' => NULL,
  'UF_CRM_65D72BF9E93D7' => NULL,
  'UF_CRM_65DC313CB1773' => NULL,
  'UF_CRM_65DDDB805B504' => NULL,
  'UF_CRM_65DF019419A3C' => NULL,
  'UF_CRM_65F7F7EF6E7E9' => NULL,
  'UF_CRM_65F81729930B2' => NULL,
  'UF_CRM_1711362022506' => NULL,
  'UF_CRM_1711618126' => NULL,
  'UF_CRM_1711620041' => NULL,
  'UF_CRM_63DC8E8012089' => NULL,
  'UF_CRM_63DC8E80EAB7F' => '8',
  'UF_CRM_1693311690037' => NULL,
  'UF_CRM_1702272911' => NULL,
  'UF_CRM_1702274540' => NULL,
  'UF_CRM_1702274893' => NULL,
  'UF_CRM_1702272991' => NULL,
  'UF_CRM_1702274601' => NULL,
  'UF_CRM_1702274922' => NULL,
  'UF_CRM_64AFA9FE5ECFA' => 0,
  'UF_CRM_64AFAA0428E67' => 1,
  'UF_CRM_64AFAA0A5525A' => 0,
  'UF_CRM_64AFAA105D048' => 0,
  'UF_CRM_64AFAA16A0BD7' => 0,
  'UF_CRM_64AFAA1D0C71B' => 0,
  'UF_CRM_64AFAA2376C31' => 0,
  'UF_CRM_64AFAA2A8534A' => 0,
  'UF_CRM_64AFAA30402F8' => 1,
  'UF_CRM_64B140D1998BC' => 1,
  'UF_CRM_1702273016' => NULL,
  'UF_CRM_1702274679' => NULL,
  'UF_CRM_1702274951' => NULL,
  'UF_CRM_1702273043' => NULL,
  'UF_CRM_1702274732' => NULL,
  'UF_CRM_1702274976' => NULL,
  'UF_CRM_6433D4F3F2CA8' => 
  array (
  ),
  'UF_CRM_6433D4F7C68A9' => 0,
  'UF_CRM_6433D50101E16' => NULL,
  'UF_CRM_6433D50520ADB' => NULL,
  'UF_CRM_6433D508F2841' => NULL,
  'UF_CRM_6433D510E1BF2' => NULL,
  'UF_CRM_6433D514BC640' => NULL,
  'UF_CRM_6433D51CA112C' => NULL,
  'UF_CRM_6433D520A8E02' => 0,
  'UF_CRM_6433D5254091B' => NULL,
  'UF_CRM_6433D52904F0B' => NULL,
  'UF_CRM_6433D52CEDB5D' => NULL,
  'UF_CRM_6433D530C9D5F' => NULL,
  'UF_CRM_6433D534A5249' => NULL,
  'UF_CRM_6433D5388255E' => NULL,
  'UF_CRM_6433D53CA00A0' => NULL,
  'UF_CRM_6433D540C9219' => NULL,
  'UF_CRM_6433D544976E5' => 0,
  'UF_CRM_6433D548AB2B9' => NULL,
  'UF_CRM_6433D54D26D1A' => NULL,
  'UF_CRM_6433D55116D68' => NULL,
  'UF_CRM_6433D554F00E2' => NULL,
  'UF_CRM_6433D55A380EF' => NULL,
  'UF_CRM_6433D55EDDC35' => NULL,
  'UF_CRM_6433D563076D3' => 0,
  'UF_CRM_6433D566CFBDC' => 0,
  'UF_CRM_6433D56AEC718' => NULL,
  'UF_CRM_6433D56EC2D16' => NULL,
  'UF_CRM_6433D572B7BD8' => NULL,
  'UF_CRM_6433D5769C207' => NULL,
  'UF_CRM_6433D57A918DD' => 0,
  'UF_CRM_6433D57E709AC' => 0,
  'UF_CRM_6433D58274BF2' => 
  array (
  ),
  'UF_CRM_6433D58675AD3' => NULL,
  'UF_CRM_6433D58B15534' => 0,
  'UF_CRM_6433D58F2C518' => 0,
  'UF_CRM_6433D59377C10' => 0,
  'UF_CRM_6433D59BB50D2' => NULL,
  'UF_CRM_6433D59FA70BF' => NULL,
  'UF_CRM_6433D5A39D79A' => NULL,
  'UF_CRM_6433D5A781D22' => 0,
  'UF_CRM_6433D5ACCA71F' => 0,
  'UF_CRM_6433D5B0BF6F6' => NULL,
  'UF_CRM_6433D5B551BCB' => NULL,
  'UF_CRM_6433D5BAC2650' => 0,
  'UF_CRM_6433D5BFAFC5E' => 0,
  'UF_CRM_6433D5C4C803A' => 0,
  'UF_CRM_6433D5C94F74C' => 0,
  'UF_CRM_6433D5D1B9D2D' => NULL,
  'UF_CRM_6433D5DB232A6' => NULL,
  'UF_CRM_6433D5DF58403' => NULL,
  'UF_CRM_6433D5E39E9D8' => NULL,
  'UF_CRM_6433D5E808AC3' => NULL,
  'UF_CRM_6433D5EC41159' => NULL,
  'UF_CRM_6433D5F0C05ED' => NULL,
  'UF_CRM_6433D5F64C9B9' => NULL,
  'UF_CRM_6433D60C9A897' => NULL,
  'UF_CRM_6433D6110E002' => NULL,
  'UF_CRM_6433D615EF44F' => 0,
  'UF_CRM_6433D61A4109A' => 0,
  'UF_CRM_6433D61EA2584' => 0,
  'UF_CRM_6433D623015A5' => NULL,
  'UF_CRM_6433D62B9C7CA' => NULL,
  'UF_CRM_6433D63E714DA' => NULL,
  'UF_CRM_6433D64295EDD' => NULL,
  'UF_CRM_6433D6471B217' => NULL,
  'UF_CRM_6433D64B3FA42' => NULL,
  'UF_CRM_6433D64FC4DAA' => NULL,
  'UF_CRM_6433D6542205C' => NULL,
  'UF_CRM_6433D6587DE14' => NULL,
  'UF_CRM_6433D65CC025A' => NULL,
  'UF_CRM_6433D66113E88' => NULL,
  'UF_CRM_6433D66527DE4' => NULL,
  'UF_CRM_6433D669AEB8B' => NULL,
  'UF_CRM_6433D66EEFA4E' => NULL,
  'UF_CRM_6433D67394C6F' => NULL,
  'UF_CRM_6433D677D1006' => NULL,
  'UF_CRM_6433D67C18B9D' => NULL,
  'UF_CRM_6433D6814E4AF' => NULL,
  'UF_CRM_6433D685EAA16' => NULL,
  'UF_CRM_6433D68A37F87' => NULL,
  'UF_CRM_6433D68F4CCCF' => NULL,
  'UF_CRM_6433D6939D3CA' => NULL,
  'UF_CRM_6433D6981BA49' => NULL,
  'UF_CRM_6433D69C97CF7' => NULL,
  'UF_CRM_6433D6A10D288' => NULL,
  'UF_CRM_6433D6A67830F' => NULL,
  'UF_CRM_6433D6B4AF630' => NULL,
  'UF_CRM_6433D6B94F47D' => NULL,
  'UF_CRM_6433D6BD9D260' => NULL,
  'UF_CRM_6433D6C200515' => NULL,
  'UF_CRM_6433D6C6B088B' => NULL,
  'UF_CRM_6433D6CBCCBFA' => NULL,
  'UF_CRM_6433D6D049D2B' => NULL,
  'UF_CRM_6433D6D4B633A' => NULL,
  'UF_CRM_6433D6D956454' => NULL,
  'UF_CRM_6433D6E37CFF0' => NULL,
  'UF_CRM_6433D6E800BAE' => NULL,
  'UF_CRM_6433D6EC5FA96' => NULL,
  'UF_CRM_6433D6F0C99BA' => NULL,
  'UF_CRM_6433D6F5AC724' => NULL,
  'UF_CRM_6433D6FA26A12' => NULL,
  'UF_CRM_6433D70CCC90D' => 0,
  'UF_CRM_6433D7157E09F' => NULL,
  'UF_CRM_6433D71A6FF09' => NULL,
  'UF_CRM_6433D71F3E8A5' => NULL,
  'UF_CRM_6433D7392E26A' => NULL,
  'UF_CRM_6433D73F0D2DF' => NULL,
  'UF_CRM_6433D743B1904' => NULL,
  'UF_CRM_6433D7487B115' => NULL,
  'UF_CRM_6433D74CD32E5' => NULL,
  'UF_CRM_6433D75163FC4' => NULL,
  'UF_CRM_6433D755A04D7' => NULL,
  'UF_CRM_6433D75F89BF9' => NULL,
  'UF_CRM_6433D764868E0' => NULL,
  'UF_CRM_6433D7696B073' => NULL,
  'UF_CRM_6433D76E7BB56' => NULL,
  'UF_CRM_6433D7731B7A3' => '5000000|RUB',
  'UF_CRM_6433D777E2973' => 
  array (
  ),
  'UF_CRM_6433D77CBEA77' => NULL,
  'UF_CRM_6433D781210F0' => NULL,
  'UF_CRM_6433D78605E02' => NULL,
  'UF_CRM_6433D78AAB24A' => NULL,
  'UF_CRM_6433D78F9D85D' => NULL,
  'UF_CRM_6433D7947E2A2' => 0,
  'UF_CRM_6433D798D40A4' => NULL,
  'UF_CRM_6433D79E2BF81' => 0,
  'UF_CRM_6433D7A31BF36' => 0,
  'UF_CRM_6433D7A79C4AD' => 0,
  'UF_CRM_6433D7AC36DA0' => 0,
  'UF_CRM_6433D7B0E89CA' => 0,
  'UF_CRM_6433D7B5CA806' => 0,
  'UF_CRM_6433D7BB32220' => NULL,
  'UF_CRM_6433D7C44A6BE' => NULL,
  'UF_CRM_6433D7C925893' => NULL,
  'UF_CRM_6433D7CDBE9B3' => NULL,
  'UF_CRM_6433D7D2CA9D0' => 
  array (
  ),
  'UF_CRM_6433D7D85148E' => NULL,
  'UF_CRM_6433D7DD7CC2A' => NULL,
  'UF_CRM_6433D7E253448' => NULL,
  'UF_CRM_6433D7E6CD83C' => NULL,
  'UF_CRM_6433D7EB28C4D' => NULL,
  'UF_CRM_6433D7EFA5EE5' => 0,
  'UF_CRM_6433D7F4C24BE' => 0,
  'UF_CRM_6433D7F94E2BF' => 0,
  'UF_CRM_6433D7FDA3CF7' => 0,
  'UF_CRM_6433D8027C169' => NULL,
  'UF_CRM_6433D8076B60C' => NULL,
  'UF_CRM_6433D80C6AAC2' => 
  array (
  ),
  'UF_CRM_6433D812D0410' => NULL,
  'UF_CRM_6433D8180E2AA' => NULL,
  'UF_CRM_6433D81CA7153' => NULL,
  'UF_CRM_6433D8213379F' => NULL,
  'UF_CRM_6433D825DEFE0' => NULL,
  'UF_CRM_6433D82B26028' => NULL,
  'UF_CRM_6433D8317589F' => NULL,
  'UF_CRM_6433D8365C605' => NULL,
  'UF_CRM_6433D83B28222' => NULL,
  'UF_CRM_6433D83FCD224' => NULL,
  'UF_CRM_6433D844B7B1F' => 
  array (
  ),
  'UF_CRM_6433D849CB971' => NULL,
  'UF_CRM_6433D84FB1160' => NULL,
  'UF_CRM_6433D85482CE1' => NULL,
  'UF_CRM_6433D85991988' => NULL,
  'UF_CRM_6433D85E769F2' => NULL,
  'UF_CRM_6433D8631A037' => 0,
  'UF_CRM_6433D868172EA' => 0,
  'UF_CRM_6433D8767751E' => NULL,
  'UF_CRM_6433D87B71D16' => NULL,
  'UF_CRM_6433D88513B06' => NULL,
  'UF_CRM_6433D889AE929' => NULL,
  'UF_CRM_6433D88E9A256' => NULL,
  'UF_CRM_6433D8937CA28' => NULL,
  'UF_CRM_6433D8987B695' => NULL,
  'UF_CRM_6433D89D85315' => NULL,
  'UF_CRM_6433D8A27269E' => NULL,
  'UF_CRM_6433D8A761A6B' => NULL,
  'UF_CRM_6433D8ACC957A' => NULL,
  'UF_CRM_6433D8B19DA6D' => NULL,
  'UF_CRM_6433D8B6D4588' => 
  array (
  ),
  'UF_CRM_6433D8BB99B24' => NULL,
  'UF_CRM_6433D8C0A4C1A' => NULL,
  'UF_CRM_6433D8C5A9B9B' => NULL,
  'UF_CRM_6433D8CB550E6' => NULL,
  'UF_CRM_6433D8D01A638' => NULL,
  'UF_CRM_6433D8D4CBC9A' => NULL,
  'UF_CRM_6433D8D9C0945' => NULL,
  'UF_CRM_6433D8DE9D3AB' => NULL,
  'UF_CRM_6433D8E367985' => 
  array (
  ),
  'UF_CRM_6433D8E8C1152' => NULL,
  'UF_CRM_6433D8F247A4D' => NULL,
  'UF_CRM_6433D8F7302F1' => 0,
  'UF_CRM_6433D8FC11F83' => 0,
  'UF_CRM_6433D90101FF1' => NULL,
  'UF_CRM_6433D90631990' => 0,
  'UF_CRM_6433D90AC33C4' => 0,
  'UF_CRM_6433D90F71F5F' => NULL,
  'UF_CRM_6433D91464A5A' => 0,
  'UF_CRM_6433D919209AA' => 0,
  'UF_CRM_6433D91DC96A8' => NULL,
  'UF_CRM_6433D92778C5C' => NULL,
  'UF_CRM_6433D92C1FC55' => NULL,
  'UF_CRM_6433D93083EE6' => NULL,
  'UF_CRM_6433D9350FACA' => 0,
  'UF_CRM_6433D93992C16' => 0,
  'UF_CRM_6433D94E0279B' => NULL,
  'UF_CRM_6433D9529FF4B' => NULL,
  'UF_CRM_6433D9573EC42' => NULL,
  'UF_CRM_6433D95C4B2CA' => NULL,
  'UF_CRM_6433D96210B1B' => NULL,
  'UF_CRM_6433D966943B7' => NULL,
  'UF_CRM_6433D96B3E940' => NULL,
  'UF_CRM_6433D96FC2172' => NULL,
  'UF_CRM_6433D97487050' => NULL,
  'UF_CRM_6433D97979A13' => NULL,
  'UF_CRM_6433D97F0A3F5' => NULL,
  'UF_CRM_6433D988E2D02' => 0,
  'UF_CRM_6433D9978DE67' => NULL,
  'UF_CRM_6433D99D4ED62' => 
  array (
  ),
  'UF_CRM_6433D9A2405D7' => NULL,
  'UF_CRM_6433D9A72985A' => 0,
  'UF_CRM_6433D9AC79B71' => 0,
  'UF_CRM_6433D9B1D29EE' => NULL,
  'UF_CRM_6433D9B6D6250' => NULL,
  'UF_CRM_6433D9C14D69E' => NULL,
  'UF_CRM_6433D9C61A5D8' => NULL,
  'UF_CRM_6433D9CAE827A' => NULL,
  'UF_CRM_6433D9CFAB885' => NULL,
  'UF_CRM_6433D9D5EB607' => NULL,
  'UF_CRM_6433D9DB9CB20' => NULL,
  'UF_CRM_6433D9E071032' => NULL,
  'UF_CRM_6433D9E61CF1D' => NULL,
  'UF_CRM_6433D9EAE80A2' => NULL,
  'UF_CRM_6433D9F0C964C' => NULL,
  'UF_CRM_6433D9F65FBDF' => 
  array (
  ),
  'UF_CRM_6433DA00C9646' => NULL,
  'UF_CRM_6433DA06B96E6' => 
  array (
  ),
  'UF_CRM_6433DA0B807E3' => NULL,
  'UF_CRM_6433DA105EF8B' => NULL,
  'UF_CRM_6433DA159BDDE' => NULL,
  'UF_CRM_6433DA1A8C1ED' => NULL,
  'UF_CRM_6433DA1F45E7B' => NULL,
  'UF_CRM_6433DA23E6F92' => NULL,
  'UF_CRM_6433DA28A8213' => NULL,
  'UF_CRM_6433DA2D9188A' => NULL,
  'UF_CRM_6433DA3332A3B' => NULL,
  'UF_CRM_6433DA387087D' => NULL,
  'UF_CRM_6433DA3D867BD' => NULL,
  'UF_CRM_6433DA42DE712' => 0,
  'UF_CRM_6433DA47B9298' => 0,
  'UF_CRM_6433DA4CBE556' => 0,
  'UF_CRM_6433DA5287C90' => NULL,
  'UF_CRM_6433DA5785D79' => NULL,
  'UF_CRM_6433DA5C6531D' => NULL,
  'UF_CRM_6433DA614BC63' => NULL,
  'UF_CRM_6433DA6CBE342' => NULL,
  'UF_CRM_6433DA71A6ADF' => NULL,
  'UF_CRM_6433DA7B1FB7A' => NULL,
  'UF_CRM_6433DA8544CE5' => NULL,
  'UF_CRM_6433DA8B64379' => NULL,
  'UF_CRM_6433DA9089B3B' => NULL,
  'UF_CRM_6433DA9547D58' => NULL,
  'UF_CRM_6433DA9A90B10' => NULL,
  'UF_CRM_6433DA9F7B164' => 0,
  'UF_CRM_6433DAAFB06E7' => NULL,
  'UF_CRM_6433DAB5170CB' => NULL,
  'UF_CRM_6433DABADC0AD' => 
  array (
  ),
  'UF_CRM_6433DABFD57B4' => NULL,
  'UF_CRM_6433DAC565F22' => NULL,
  'UF_CRM_6433DACB7665A' => NULL,
  'UF_CRM_6433DAD10872E' => NULL,
  'UF_CRM_6433DAD606254' => NULL,
  'UF_CRM_6433DADB6BE29' => NULL,
  'UF_CRM_6433DAE0DB90E' => 0,
  'UF_CRM_6433DAE5D294F' => NULL,
  'UF_CRM_6433DAEA9AEB4' => NULL,
  'UF_CRM_6433DAF43BFA0' => NULL,
  'UF_CRM_6433DAF90CF31' => NULL,
  'UF_CRM_6433DAFE658A0' => NULL,
  'UF_CRM_6433DB03D0B4B' => NULL,
  'UF_CRM_6433DB09A48B3' => NULL,
  'UF_CRM_6433DB0EADBA3' => NULL,
  'UF_CRM_6433DB1376625' => 0,
  'UF_CRM_6433DB18501D2' => 0,
  'UF_CRM_6433DB1D65F3E' => NULL,
  'UF_CRM_6433DB23AE767' => NULL,
  'UF_CRM_6433DB291422B' => NULL,
  'UF_CRM_6433DB2E14E18' => NULL,
  'UF_CRM_6433DB330C82B' => NULL,
  'UF_CRM_6433DB381DAE3' => NULL,
  'UF_CRM_6433DB423C443' => NULL,
  'UF_CRM_6433DB4712020' => NULL,
  'UF_CRM_6433DB4C1C1D3' => NULL,
  'UF_CRM_6433DB513B488' => 
  array (
  ),
  'UF_CRM_6433DB56EE29D' => NULL,
  'UF_CRM_6433DB5C0606C' => NULL,
  'UF_CRM_6433DB61293DF' => 0,
  'UF_CRM_6433DB667488F' => NULL,
  'UF_CRM_6433DB6BB1907' => NULL,
  'UF_CRM_6433DB70ABF48' => NULL,
  'UF_CRM_6433DB75B3CF3' => NULL,
  'UF_CRM_6433DB7B5B174' => NULL,
  'UF_CRM_6433DB804E21A' => NULL,
  'UF_CRM_6433DB8A5B216' => NULL,
  'UF_CRM_6433DB8FBE55A' => NULL,
  'UF_CRM_6433DB951130B' => NULL,
  'UF_CRM_6433DB9AA49A9' => NULL,
  'UF_CRM_6433DB9FCF9E4' => NULL,
  'UF_CRM_6433DBA519EAE' => NULL,
  'UF_CRM_6433DBAA49EB6' => NULL,
  'UF_CRM_6433DBAF367B5' => NULL,
  'UF_CRM_6433DBB42A707' => NULL,
  'UF_CRM_6433DBB98DD53' => '17611',
  'UF_CRM_6433DBBE90F98' => NULL,
  'UF_CRM_6433DBCD893E5' => NULL,
  'UF_CRM_6433DBD8A6465' => NULL,
  'UF_CRM_6433DBDD88F32' => NULL,
  'UF_CRM_6433DBE2A3E0F' => NULL,
  'UF_CRM_6433DBE7CB8D4' => NULL,
  'UF_CRM_6433DBED5A35F' => NULL,
  'UF_CRM_6433DBF277DA1' => NULL,
  'UF_CRM_6433DBF7A5906' => NULL,
  'UF_CRM_6433DBFCD0DAC' => NULL,
  'UF_CRM_6433DC01C49E0' => NULL,
  'UF_CRM_6433DC075C5C5' => NULL,
  'UF_CRM_6433DC0C620C9' => NULL,
  'UF_CRM_6433DC12355C4' => NULL,
  'UF_CRM_644253DA150F9' => NULL,
  'UF_CRM_6450B69DA5229' => NULL,
  'UF_CRM_6450B6A2B31FD' => NULL,
  'UF_CRM_6450B6A9A2DAA' => NULL,
  'UF_CRM_648307399DE36' => NULL,
  'UF_CRM_64DB52798B20D' => NULL,
  'UF_CRM_64DB528EA60C0' => NULL,
  'UF_CRM_64DB52953D51D' => 
  array (
  ),
  'UF_CRM_65697A9FD755C' => 17007,
  'UF_CRM_65697AAB1C031' => NULL,
  'UF_CRM_1702273072' => NULL,
  'UF_CRM_6576A65667203' => NULL,
  'UF_CRM_65C07D53DF3FC' => NULL,
  'UF_CRM_65C07D6697009' => NULL,
  'UF_CRM_65C07D76E1FAE' => NULL,
  'UF_CRM_65C07D89BE1C2' => NULL,
  'UF_CRM_65C07DA44C596' => NULL,
  'UF_CRM_65C36CB41ED64' => NULL,
  'UF_CRM_65C36CC0819AC' => NULL,
  'UF_CRM_65C36CCC78A5D' => NULL,
  'UF_CRM_65C36CD8D34FA' => NULL,
  'UF_CRM_65C36CE48D4DC' => NULL,
  'UF_CRM_65C36CF138109' => NULL,
  'UF_CRM_65C36CFDE28CD' => NULL,
  'UF_CRM_65C36D0AA046B' => NULL,
  'UF_CRM_65C36D1778B3D' => NULL,
  'UF_CRM_65E85CE9DD498' => NULL,
  'UF_CRM_65E85CF698239' => NULL,
  'UF_CRM_65E85D0356B0C' => NULL,
  'UF_CRM_65E85D10E3929' => NULL,
  'UF_CRM_65E85D2AE9D32' => NULL,
  'UF_CRM_65E85D2D8F069' => NULL,
  'UF_CRM_65E85D530D947' => NULL,
  'UF_CRM_65E85D5F7B07F' => NULL,
  'UF_CRM_65E85D6C5B559' => NULL,
  'UF_CRM_65E85D79597B1' => NULL,
  'UF_CRM_65E85D9F2B5F3' => NULL,
  'UF_CRM_65E85DABD9DE9' => NULL,
  'UF_CRM_65E85DB91D47D' => NULL,
  'UF_CRM_65E85DC5AD086' => NULL,
  'UF_CRM_65E860588AF86' => NULL,
  'UF_CRM_65E86064DEDE9' => NULL,
  'UF_CRM_65E86071C7618' => NULL,
  'UF_CRM_65E8608C520EC' => NULL,
  'UF_CRM_65E860995BBB0' => NULL,
  'UF_CRM_65E860A6A668F' => NULL,
  'UF_CRM_65E860C07E03C' => NULL,
  'UF_CRM_65E8641A35FD2' => NULL,
  'UF_CRM_1702274795' => NULL,
  'UF_CRM_1702275014' => NULL,
  'UF_STAMP' => NULL,
  'UF_CRM_63DC8E81DE8D9' => 0,
  'UF_CRM_63DC8E832E5A2' => 0,
  'UF_CRM_63DC8E84208D9' => NULL,
  'UF_CRM_63DC8E84F225A' => NULL,
  'UF_DIRECTOR_SIGN' => NULL,
  'UF_CRM_63DC8E85CFCF8' => NULL,
  'UF_ACCOUNTANT_SIGN' => NULL,
  'UF_CRM_1614957860' => 
  array (
  ),
  'UF_CRM_63DC8E86B16B4' => NULL,
  'UF_CRM_COMPANY_AMO_MTMCUBCZWNNFI' => NULL,
  'UF_CRM_COMPANY_AMO_LDBCSXXLXKSAO' => NULL,
  'UF_CRM_COMPANY_AMO_IQELLRVUCLCMX' => NULL,
  'UF_CRM_COMPANY_AMO_STOVXRACHEMXN' => NULL,
  'UF_CRM_1614958759' => NULL,
  'UF_CRM_1614975460' => NULL,
  'UF_CRM_1614960190' => NULL,
  'UF_CRM_1614960517' => 0,
  'UF_CRM_655CAA3806A4E' => NULL,
  'UF_CRM_1614960589' => 0,
  'UF_CRM_1614960625' => 0,
  'UF_CRM_1614960645' => 0,
  'UF_CRM_1664274186' => 0,
  'UF_CRM_1664274218' => 0,
  'UF_CRM_1615066460' => NULL,
  'UF_CRM_1615200179' => NULL,
  'UF_CRM_1615200236' => 
  array (
  ),
  'UF_CRM_1666263448' => NULL,
  'UF_CRM_1680181141' => NULL,
  'UF_CRM_63DC8E8791D13' => NULL,
  'UF_CRM_1671612944' => 
  array (
  ),
  'UF_CRM_1671612985' => 
  array (
  ),
  'UF_CRM_1617022509_SINGLE' => NULL,
  'UF_CRM_COMPANY_SS_ORG_SINGLE' => NULL,
  'UF_CRM_1687947495_SINGLE' => NULL,
  'UF_CRM_64DB2F96F1AE7_SINGLE' => NULL,
  'UF_CRM_64DB2F9DECE37_SINGLE' => NULL,
  'UF_CRM_64DB441DEE816_SINGLE' => NULL,
  'UF_CRM_64DB4425AB05C_SINGLE' => NULL,
  'UF_CRM_64DB442E55674_SINGLE' => NULL,
  'UF_CRM_64DB4434EF3A3_SINGLE' => NULL,
  'UF_CRM_64DB443BE1A9C_SINGLE' => NULL,
  'UF_CRM_64DB444343D37_SINGLE' => NULL,
  'UF_CRM_1693788279_SINGLE' => NULL,
  'UF_CRM_RU_DIADOK_SINGLE' => NULL,
  'UF_CRM_6526A6509E0DC_SINGLE' => NULL,
  'UF_CRM_6545DCFE01CA4_SINGLE' => NULL,
  'UF_CRM_6545DD05C700C_SINGLE' => NULL,
  'UF_CRM_65DF019419A3C_SINGLE' => NULL,
  'UF_CRM_6433D4F3F2CA8_SINGLE' => NULL,
  'UF_CRM_6433D58274BF2_SINGLE' => NULL,
  'UF_CRM_6433D5FEDCCDC_SINGLE' => NULL,
  'UF_CRM_6433D6084A319_SINGLE' => NULL,
  'UF_CRM_6433D62FE7442_SINGLE' => NULL,
  'UF_CRM_6433D6355E340_SINGLE' => NULL,
  'UF_CRM_6433D63A11E51_SINGLE' => NULL,
  'UF_CRM_6433D702C5A07_SINGLE' => NULL,
  'UF_CRM_6433D70829928_SINGLE' => NULL,
  'UF_CRM_6433D7112B0A2_SINGLE' => NULL,
  'UF_CRM_6433D72469DA8_SINGLE' => NULL,
  'UF_CRM_6433D7290604B_SINGLE' => NULL,
  'UF_CRM_6433D7328E598_SINGLE' => NULL,
  'UF_CRM_6433D777E2973_SINGLE' => NULL,
  'UF_CRM_6433D7D2CA9D0_SINGLE' => NULL,
  'UF_CRM_6433D80C6AAC2_SINGLE' => NULL,
  'UF_CRM_6433D844B7B1F_SINGLE' => NULL,
  'UF_CRM_6433D86D38393_SINGLE' => NULL,
  'UF_CRM_6433D8719A73A_SINGLE' => NULL,
  'UF_CRM_6433D8B6D4588_SINGLE' => NULL,
  'UF_CRM_6433D8E367985_SINGLE' => NULL,
  'UF_CRM_6433D8ED76753_SINGLE' => NULL,
  'UF_CRM_6433D94467769_SINGLE' => NULL,
  'UF_CRM_6433D9494F3E2_SINGLE' => NULL,
  'UF_CRM_6433D98DC980E_SINGLE' => NULL,
  'UF_CRM_6433D9928709F_SINGLE' => NULL,
  'UF_CRM_6433D99D4ED62_SINGLE' => NULL,
  'UF_CRM_6433D9F65FBDF_SINGLE' => NULL,
  'UF_CRM_6433D9FB43081_SINGLE' => NULL,
  'UF_CRM_6433DA06B96E6_SINGLE' => NULL,
  'UF_CRM_6433DABADC0AD_SINGLE' => NULL,
  'UF_CRM_6433DB513B488_SINGLE' => NULL,
  'UF_CRM_6433DBC84FB76_SINGLE' => NULL,
  'UF_CRM_64DB52953D51D_SINGLE' => NULL,
  'UF_CRM_1614957860_SINGLE' => NULL,
  'UF_CRM_1615200236_SINGLE' => NULL,
  'UF_CRM_1671612944_SINGLE' => NULL,
  'UF_CRM_1671612985_SINGLE' => NULL,
  'PARENT_ID_129' => NULL,
  'PARENT_ID_132' => NULL,
  'PARENT_ID_133' => NULL,
  'PARENT_ID_134' => NULL,
  'PARENT_ID_147' => NULL,
  'PARENT_ID_148' => NULL,
  'PARENT_ID_149' => NULL,
  'PARENT_ID_151' => NULL,
  'PARENT_ID_153' => NULL,
  'PARENT_ID_157' => NULL,
  'PARENT_ID_174' => NULL,
  'PARENT_ID_175' => NULL,
  'PARENT_ID_182' => NULL,
  'PARENT_ID_184' => NULL,
  'PARENT_ID_185' => NULL,
  'PARENT_ID_190' => NULL,
  'Тип' => 'Компания',
  'contactPersonDetails' => 
  array (
    0 => 
    array (
      'nameText' => 'Мустафаев Мунис Мобил оглы',
      'birthDate' => '',
      'phone' => '9504806870',
      'stateId' => '3',
      'commentText' => '',
    ),
  ),
  'Реквизиты' => 
  array (
    'ID' => '135788',
    'ENTITY_TYPE_ID' => '4',
    'ENTITY_ID' => '37256',
    'PRESET_ID' => '2',
    'DATE_CREATE' => '2024-01-24 13:21:09',
    'DATE_MODIFY' => '2024-04-08 11:47:44',
    'CREATED_BY_ID' => '24376',
    'MODIFY_BY_ID' => '23734',
    'NAME' => 'Мустафаева Гульнар Мобил гызы',
    'CODE' => NULL,
    'XML_ID' => NULL,
    'ORIGINATOR_ID' => NULL,
    'ACTIVE' => 'Y',
    'ADDRESS_ONLY' => 'N',
    'SORT' => '500',
    'RQ_NAME' => 'Мустафаева Гульнар Мобил гызы',
    'RQ_FIRST_NAME' => 'Гульнар',
    'RQ_LAST_NAME' => 'Мустафаева',
    'RQ_SECOND_NAME' => 'Мобил гызы',
    'RQ_COMPANY_NAME' => '',
    'RQ_COMPANY_FULL_NAME' => '',
    'RQ_COMPANY_REG_DATE' => '10.05.2023',
    'RQ_DIRECTOR' => '',
    'RQ_ACCOUNTANT' => '',
    'RQ_CEO_NAME' => '',
    'RQ_CEO_WORK_POS' => '',
    'RQ_CONTACT' => '',
    'RQ_EMAIL' => '',
    'RQ_PHONE' => '',
    'RQ_FAX' => '',
    'RQ_IDENT_TYPE' => '',
    'RQ_IDENT_DOC' => 'Паспорт гражданина Российской Федерации',
    'RQ_IDENT_DOC_SER' => '7122',
    'RQ_IDENT_DOC_NUM' => '678247',
    'RQ_IDENT_DOC_PERS_NUM' => '',
    'RQ_IDENT_DOC_DATE' => '04.05.2022',
    'RQ_IDENT_DOC_ISSUED_BY' => 'УМВД РОССИИ ПО ТЮМЕНСКОЙ ОБЛАСТИ',
    'RQ_IDENT_DOC_DEP_CODE' => '720-003',
    'RQ_INN' => '861204677201',
    'RQ_KPP' => '',
    'RQ_USRLE' => '',
    'RQ_IFNS' => 'Межрайонная инспекция Федеральной налоговой службы № 7 по Ханты-Мансийскому автономному округу - Югре',
    'RQ_OGRN' => '',
    'RQ_OGRNIP' => '323861700037831',
    'RQ_OKPO' => '',
    'RQ_OKTMO' => '',
    'RQ_OKVED' => '47.91',
    'RQ_EDRPOU' => '',
    'RQ_DRFO' => '',
    'RQ_KBE' => '',
    'RQ_IIN' => '',
    'RQ_BIN' => '',
    'RQ_ST_CERT_SER' => '',
    'RQ_ST_CERT_NUM' => '',
    'RQ_ST_CERT_DATE' => '',
    'RQ_VAT_PAYER' => 'N',
    'RQ_VAT_ID' => '',
    'RQ_VAT_CERT_SER' => '',
    'RQ_VAT_CERT_NUM' => '',
    'RQ_VAT_CERT_DATE' => '',
    'RQ_RESIDENCE_COUNTRY' => '',
    'RQ_BASE_DOC' => '',
    'RQ_REGON' => '',
    'RQ_KRS' => '',
    'RQ_PESEL' => '',
    'RQ_LEGAL_FORM' => '',
    'RQ_SIRET' => '',
    'RQ_SIREN' => '',
    'RQ_CAPITAL' => '',
    'RQ_RCS' => '',
    'RQ_SIGNATURE' => '0',
    'RQ_STAMP' => '0',
    'RQ_COMPANY_ID' => '',
    'RQ_CNPJ' => '',
    'RQ_STATE_REG' => '',
    'RQ_MNPL_REG' => '',
    'RQ_CPF' => '',
    'VALUE_ID' => '135788',
    'UF_CRM_1647929611' => 'С. ОХУД ШЕКИНСКИЙ Р-Н РЕСП. АЗЕРБАЙДЖАН',
    'UF_CRM_1647931933' => NULL,
    'UF_CRM_1647931942' => NULL,
    'UF_CRM_1647931950' => NULL,
    'UF_CRM_1647931979' => NULL,
    'UF_CRM_1647931992' => NULL,
    'UF_CRM_1647932011' => NULL,
    'UF_CRM_1651842340' => NULL,
    'UF_CRM_1684476607' => NULL,
    'UF_CRM_1684493639' => '1991-12-08 00:00:00',
    'UF_CRM_1688964741' => 'Управление Федеральной налоговой службы по Республике Калмыкия',
    'UF_CRM_1688965107' => NULL,
    'UF_CRM_1692611897' => 'ЖЕН',
    'UF_CRM_1692611956' => NULL,
    'UF_CRM_1697697990' => '0',
    'UF_CRM_1697699468' => '0',
    'UF_CRM_1697782220' => '1',
    'UF_CRM_1697782233' => '0',
  ),
  'Адреса' => 
  array (
    0 => 
    array (
      'TYPE_ID' => '1',
      'ENTITY_TYPE_ID' => '8',
      'ENTITY_ID' => '135788',
      'ANCHOR_TYPE_ID' => '4',
      'ANCHOR_ID' => '37256',
      'ADDRESS_1' => 'Сергея Есенина (3 Кедровый мкр.) ул, 5 ',
      'ADDRESS_2' => '62',
      'CITY' => 'Пыть-Ях г',
      'POSTAL_CODE' => NULL,
      'REGION' => NULL,
      'PROVINCE' => 'Ханты-Мансийский Автономный округ - Югра АО',
      'COUNTRY' => 'Россия',
      'COUNTRY_CODE' => NULL,
      'LOC_ADDR_ID' => '305276',
      'IS_DEF' => '1',
      'ID' => '2874970',
      'STREET' => NULL,
      'BUILDING' => NULL,
      'HOUSE' => '5 ',
    ),
    1 => 
    array (
      'TYPE_ID' => '4',
      'ENTITY_TYPE_ID' => '8',
      'ENTITY_ID' => '135788',
      'ANCHOR_TYPE_ID' => '4',
      'ANCHOR_ID' => '37256',
      'ADDRESS_1' => 'Сергея Есенина (3 Кедровый мкр.) ул, 5 ',
      'ADDRESS_2' => '62',
      'CITY' => 'Пыть-Ях г',
      'POSTAL_CODE' => NULL,
      'REGION' => NULL,
      'PROVINCE' => 'Ханты-Мансийский Автономный округ - Югра АО',
      'COUNTRY' => 'Россия',
      'COUNTRY_CODE' => NULL,
      'LOC_ADDR_ID' => '310653',
      'IS_DEF' => '1',
      'ID' => '2874971',
      'STREET' => NULL,
      'BUILDING' => NULL,
      'HOUSE' => '5 ',
    ),
  ),
  'Банк' => 
  array (
  ),
  'КонтактныеДанные' => 
  array (
    0 => 
    array (
      'ID' => '1405886',
      'ENTITY_ID' => 'COMPANY',
      'ELEMENT_ID' => '37256',
      'TYPE_ID' => 'PHONE',
      'VALUE_TYPE' => 'OTHER',
      'COMPLEX_ID' => 'PHONE_OTHER',
      'VALUE' => '+79526755357',
    ),
    1 => 
    array (
      'ID' => '1405887',
      'ENTITY_ID' => 'COMPANY',
      'ELEMENT_ID' => '37256',
      'TYPE_ID' => 'EMAIL',
      'VALUE_TYPE' => 'OTHER',
      'COMPLEX_ID' => 'EMAIL_OTHER',
      'VALUE' => 'gul_nar91@mail.ru',
    ),
  ),
  'Представитель' => '',
  'Бенефициар1' => NULL,
  'Бенефициар2' => NULL,
  'Бенефициар3' => NULL,
  'Бенефициар4' => NULL,
  'Бенефициар5' => NULL,
  'ФилиалАвтора' => '01b47326-66fb-11ed-80e8-d6b7a50f497f',
  'Автор' => 'c1090fe5-1723-11ee-80ff-f9baaaa059d1',
  'clientGroup' => '',
)
#0: KPLab\OneC\Export\Company->export
	/home/bitrix/www/local/classes/onec/export/company.php:190
#1: KPLab\OneC\Export\Company->init
	/home/bitrix/www/bitrix/activities/bitrix/codeactivity/codeactivity.php(25) : eval()'d code:2
#2: eval
	/home/bitrix/www/bitrix/activities/bitrix/codeactivity/codeactivity.php:25
#3: CBPCodeActivity->execute
	/home/bitrix/www/bitrix/modules/bizproc/classes/general/workflow.php:531
#4: CBPWorkflow->runQueuedItem
	/home/bitrix/www/bitrix/modules/bizproc/classes/general/workflow.php:494
#5: CBPWorkflow->runStep
	/home/bitrix/www/bitrix/modules/bizproc/classes/general/workflow.php:478
----------
Host: crm.sodeistvie.su:443
Date: 2024-05-14 10:38:23
Module: Представитель

#0: KPLab\OneC\Export\Company->init
	/home/bitrix/www/local/classes/onec/export/zayavka.php:55
#1: KPLab\OneC\Export\Zayavka->init
	/home/bitrix/www/bitrix/activities/bitrix/codeactivity/codeactivity.php(25) : eval()'d code:2
#2: eval
	/home/bitrix/www/bitrix/activities/bitrix/codeactivity/codeactivity.php:25
#3: CBPCodeActivity->execute
	/home/bitrix/www/bitrix/modules/bizproc/classes/general/workflow.php:531
#4: CBPWorkflow->runQueuedItem
	/home/bitrix/www/bitrix/modules/bizproc/classes/general/workflow.php:494
#5: CBPWorkflow->runStep
	/home/bitrix/www/bitrix/modules/bizproc/classes/general/workflow.php:478
----------
Host: crm.sodeistvie.su:443
Date: 2024-05-14 10:38:23
Module: ФилиалАвтора
01b47326-66fb-11ed-80e8-d6b7a50f497f
#0: KPLab\OneC\Export\Company->init
	/home/bitrix/www/local/classes/onec/export/zayavka.php:55
#1: KPLab\OneC\Export\Zayavka->init
	/home/bitrix/www/bitrix/activities/bitrix/codeactivity/codeactivity.php(25) : eval()'d code:2
#2: eval
	/home/bitrix/www/bitrix/activities/bitrix/codeactivity/codeactivity.php:25
#3: CBPCodeActivity->execute
	/home/bitrix/www/bitrix/modules/bizproc/classes/general/workflow.php:531
#4: CBPWorkflow->runQueuedItem
	/home/bitrix/www/bitrix/modules/bizproc/classes/general/workflow.php:494
#5: CBPWorkflow->runStep
	/home/bitrix/www/bitrix/modules/bizproc/classes/general/workflow.php:478
----------
Host: crm.sodeistvie.su:443
Date: 2024-05-14 10:38:23
Module: Автор
ca316b39-a5f4-11ec-80c9-e1f3b4246527
#0: KPLab\OneC\Export\Company->init
	/home/bitrix/www/local/classes/onec/export/zayavka.php:55
#1: KPLab\OneC\Export\Zayavka->init
	/home/bitrix/www/bitrix/activities/bitrix/codeactivity/codeactivity.php(25) : eval()'d code:2
#2: eval
	/home/bitrix/www/bitrix/activities/bitrix/codeactivity/codeactivity.php:25
#3: CBPCodeActivity->execute
	/home/bitrix/www/bitrix/modules/bizproc/classes/general/workflow.php:531
#4: CBPWorkflow->runQueuedItem
	/home/bitrix/www/bitrix/modules/bizproc/classes/general/workflow.php:494
#5: CBPWorkflow->runStep
	/home/bitrix/www/bitrix/modules/bizproc/classes/general/workflow.php:478
----------
Host: crm.sodeistvie.su:443
Date: 2024-05-14 10:38:23
Module: clientId
9218
#0: KPLab\OneC\Export\Company->export
	/home/bitrix/www/local/classes/onec/export/company.php:190
#1: KPLab\OneC\Export\Company->init
	/home/bitrix/www/local/classes/onec/export/zayavka.php:55
#2: KPLab\OneC\Export\Zayavka->init
	/home/bitrix/www/bitrix/activities/bitrix/codeactivity/codeactivity.php(25) : eval()'d code:2
#3: eval
	/home/bitrix/www/bitrix/activities/bitrix/codeactivity/codeactivity.php:25
#4: CBPCodeActivity->execute
	/home/bitrix/www/bitrix/modules/bizproc/classes/general/workflow.php:531
#5: CBPWorkflow->runQueuedItem
	/home/bitrix/www/bitrix/modules/bizproc/classes/general/workflow.php:494
----------
Host: crm.sodeistvie.su:443
Date: 2024-05-14 10:38:23
Module: clientOrg
5
#0: KPLab\OneC\Export\Company->export
	/home/bitrix/www/local/classes/onec/export/company.php:190
#1: KPLab\OneC\Export\Company->init
	/home/bitrix/www/local/classes/onec/export/zayavka.php:55
#2: KPLab\OneC\Export\Zayavka->init
	/home/bitrix/www/bitrix/activities/bitrix/codeactivity/codeactivity.php(25) : eval()'d code:2
#3: eval
	/home/bitrix/www/bitrix/activities/bitrix/codeactivity/codeactivity.php:25
#4: CBPCodeActivity->execute
	/home/bitrix/www/bitrix/modules/bizproc/classes/general/workflow.php:531
#5: CBPWorkflow->runQueuedItem
	/home/bitrix/www/bitrix/modules/bizproc/classes/general/workflow.php:494
----------
Host: crm.sodeistvie.su:443
Date: 2024-05-14 10:38:23
Module: clientData
array (
  'OBSERVER_IDS' => 
  array (
  ),
  'LOGO' => '',
  'UF_CRM_BITCONF_ZOOM_REGISTRATION_ANSWERS' => NULL,
  'UF_CRM_1693788279' => 
  array (
    0 => 4066267,
  ),
  'UF_CRM_RUROBOT_SBP_QR_FILE' => NULL,
  'UF_CRM_RUROBOT_CHEK_QR_FILE' => NULL,
  'UF_CRM_6433D5CD87C30' => NULL,
  'UF_CRM_6433D5D634AD6' => NULL,
  'UF_CRM_6433D5FA970C9' => NULL,
  'UF_CRM_6433D5FEDCCDC' => false,
  'UF_CRM_6433D6036480A' => NULL,
  'UF_CRM_6433D6084A319' => false,
  'UF_CRM_6433D62FE7442' => false,
  'UF_CRM_6433D6355E340' => false,
  'UF_CRM_6433D63A11E51' => false,
  'UF_CRM_6433D6DD9702A' => NULL,
  'UF_CRM_6433D702C5A07' => false,
  'UF_CRM_6433D70829928' => false,
  'UF_CRM_6433D7112B0A2' => false,
  'UF_CRM_6433D72469DA8' => false,
  'UF_CRM_6433D7290604B' => false,
  'UF_CRM_6433D7328E598' => false,
  'UF_CRM_6433D7BFBF3C1' => NULL,
  'UF_CRM_6433D86D38393' => false,
  'UF_CRM_6433D8719A73A' => false,
  'UF_CRM_6433D88041ED1' => NULL,
  'UF_CRM_6433D8ED76753' => false,
  'UF_CRM_6433D922AAFBA' => NULL,
  'UF_CRM_6433D93E62E9D' => NULL,
  'UF_CRM_6433D94467769' => false,
  'UF_CRM_6433D9494F3E2' => false,
  'UF_CRM_6433D98DC980E' => false,
  'UF_CRM_6433D9928709F' => false,
  'UF_CRM_6433D9BC65B15' => NULL,
  'UF_CRM_6433D9FB43081' => false,
  'UF_CRM_6433DA7676DE8' => NULL,
  'UF_CRM_6433DA7FAA203' => NULL,
  'UF_CRM_6433DAEF79717' => NULL,
  'UF_CRM_6433DB8564D70' => NULL,
  'UF_CRM_6433DBC84FB76' => false,
  'UF_CRM_64DB528100CC9' => NULL,
  'UF_CRM_64DB52A38846D' => NULL,
  'COMMENTS' => NULL,
  'CONTACT_BINDINGS' => 
  array (
    0 => 
    array (
      'CONTACT_ID' => 197352,
      'SORT' => 10,
      'ROLE_ID' => 0,
      'IS_PRIMARY' => 'Y',
    ),
  ),
  'CONTACT_ID' => 
  array (
    0 => 197352,
  ),
  'UTM_SOURCE' => NULL,
  'UTM_MEDIUM' => NULL,
  'UTM_CAMPAIGN' => NULL,
  'UTM_CONTENT' => NULL,
  'UTM_TERM' => NULL,
  'ID' => 9218,
  'DATE_CREATE' => '18.11.2022 15:13:14',
  'DATE_MODIFY' => '14.05.2024 10:31:59',
  'CREATED_BY_ID' => 9668,
  'MODIFY_BY_ID' => 1,
  'ASSIGNED_BY_ID' => 24376,
  'OPENED' => 'Y',
  'TITLE' => 'ИП Хлгатян А.А.',
  'ADDRESS' => 'Андриади проезд, 2 ',
  'ADDRESS_LEGAL' => NULL,
  'BANKING_DETAILS' => NULL,
  'COMPANY_TYPE' => '5',
  'INDUSTRY' => NULL,
  'REVENUE' => 0.0,
  'CURRENCY_ID' => 'RUB',
  'EMPLOYEES' => NULL,
  'LEAD_ID' => NULL,
  'WEBFORM_ID' => 0,
  'ORIGINATOR_ID' => NULL,
  'ORIGIN_ID' => NULL,
  'ORIGIN_VERSION' => NULL,
  'HAS_PHONE' => 'Y',
  'HAS_EMAIL' => 'Y',
  'HAS_IMOL' => 'N',
  'IS_MY_COMPANY' => 'N',
  'CATEGORY_ID' => 0,
  'LAST_ACTIVITY_BY' => 1,
  'LAST_ACTIVITY_TIME' => '16.04.2024 10:37:13',
  'EMAIL_HOME' => NULL,
  'EMAIL_WORK' => NULL,
  'EMAIL_MAILING' => NULL,
  'PHONE_MOBILE' => NULL,
  'PHONE_WORK' => NULL,
  'PHONE_MAILING' => NULL,
  'IMOL' => NULL,
  'EMAIL' => NULL,
  'PHONE' => NULL,
  'UF_CRM_63DC8E17DA14A' => NULL,
  'UF_CRM_6433D456A993F' => NULL,
  'UF_CRM_6433D45A58732' => NULL,
  'UF_CRM_6433D45E0E48D' => NULL,
  'UF_CRM_6435331D97379' => NULL,
  'UF_CRM_643533226D993' => NULL,
  'UF_CRM_6435332D17E32' => NULL,
  'UF_CRM_6435333351197' => NULL,
  'UF_CRM_643533400DD7E' => NULL,
  'UF_CRM_64353346223BE' => NULL,
  'UF_CRM_643533543CB94' => NULL,
  'UF_CRM_6435335A78A8A' => NULL,
  'UF_CRM_64353366C4E98' => NULL,
  'UF_CRM_6435336CE33DF' => NULL,
  'UF_CRM_6436790C0A081' => NULL,
  'UF_CRM_6436791297084' => NULL,
  'UF_CRM_644B8F5F389E2' => NULL,
  'UF_CRM_64771CA96A441' => NULL,
  'UF_CRM_64771CAF31F16' => NULL,
  'UF_CRM_64806D472FDA8' => NULL,
  'UF_CRM_1554808760221' => NULL,
  'UF_LOGO' => NULL,
  'UF_CRM_1595595411835' => 'ИП Хлгатян Анаит Альбертовна',
  'UF_CRM_1596520984268' => NULL,
  'UF_CRM_1596520996191' => NULL,
  'UF_CRM_1596521014397' => NULL,
  'UF_CRM_1596521047550' => NULL,
  'UF_CRM_1596521064464' => NULL,
  'UF_CRM_1596521074308' => NULL,
  'UF_CRM_1617022509' => 
  array (
  ),
  'UF_CRM_1627544551724' => NULL,
  'UF_CRM_TB_TAGS' => NULL,
  'UF_CRM_COMPANY_SS_AGENT_DOC_NOMER_AM' => NULL,
  'UF_CRM_COMPANY_SS_AGENT_DOC_DATA_AM' => NULL,
  'UF_CRM_COMPANY_SS_FILIAL_OPEN_DATE_AM' => NULL,
  'UF_CRM_COMPANY_SS_FILIAL_CLOSE_DATE_AM' => NULL,
  'UF_CRM_COMPANY_SS_FILIAL_BOSS_AM' => NULL,
  'UF_CRM_COMPANY_SS_FILIAL_STATUS_AM' => NULL,
  'UF_CRM_1637754619884' => NULL,
  'UF_CRM_1637754682264' => NULL,
  'UF_CRM_1638788295103' => NULL,
  'UF_CRM_1638788442249' => NULL,
  'UF_CRM_1638789252369' => NULL,
  'UF_CRM_1638791492304' => NULL,
  'UF_CRM_1638791524660' => NULL,
  'UF_CRM_COMPANY_SS_SYNC_DATE' => '14.05.2024 10:31:56',
  'UF_CRM_COMPANY_SS_AM_ID' => '9c3560db-6729-11ed-80e8-d6b7a50f497f',
  'UF_CRM_COMPANY_SS_AK_ID' => NULL,
  'UF_CRM_COMPANY_SS_AS_ID' => NULL,
  'UF_CRM_COMPANY_SS_PREDSTAVITEL_DOLGNOST' => NULL,
  'UF_CRM_COMPANY_SS_PREDSTAVITEL_DOVERENNOST' => NULL,
  'UF_CRM_COMPANY_SS_ORG' => 
  array (
    0 => '5',
  ),
  'UF_CRM_COMPANY_SS_KASSA' => 'Y',
  'UF_CRM_APP_PL_COMPANY_COUNTRY' => NULL,
  'UF_CRM_APP_PL_COMPANY_TIMEZONE' => NULL,
  'UF_CRM_APP_PL_COMPANY_REGION' => NULL,
  'UF_CRM_CUST_LTIME' => NULL,
  'UF_CRM_1675248051686' => NULL,
  'UF_CRM_1675248084077' => NULL,
  'UF_CRM_1675251420593' => NULL,
  'UF_CRM_1675251431573' => NULL,
  'UF_CRM_1675251444631' => NULL,
  'UF_CRM_63DC8E18A4E2E' => NULL,
  'UF_CRM_63DC8E195EB36' => NULL,
  'UF_CRM_63DC8E1A3346D' => NULL,
  'UF_CRM_63DC8E26747B4' => NULL,
  'UF_CRM_63DC8E274B853' => NULL,
  'UF_CRM_63DC8E280E9E5' => NULL,
  'UF_CRM_63DC8E293CC7F' => 'N',
  'UF_CRM_63DC8E2A0BF88' => 'N',
  'UF_CRM_63DC8E2ABE9D8' => NULL,
  'UF_CRM_63DC8E2B7F52E' => 'N',
  'UF_CRM_63DC8E2C3AABE' => 'N',
  'UF_CRM_63DC8E2CEC51F' => NULL,
  'UF_CRM_63DC8E2DA91B8' => 'N',
  'UF_CRM_63DC8E2E74222' => 'N',
  'UF_CRM_63DC8E2F31F5B' => NULL,
  'UF_CRM_63DC8E2FF0CC2' => 'N',
  'UF_CRM_63DC8E30B7FAE' => 'N',
  'UF_CRM_63DC8E317ED45' => NULL,
  'UF_CRM_63DC8E323FF76' => 'N',
  'UF_CRM_63DC8E3306CAB' => 'N',
  'UF_CRM_63DC8E33C393B' => NULL,
  'UF_CRM_63DC8E3495C8D' => 'N',
  'UF_CRM_63DC8E355E686' => 'N',
  'UF_CRM_63DC8E3627033' => NULL,
  'UF_CRM_63DC8E36DB39D' => 'N',
  'UF_CRM_63DC8E379C254' => 'N',
  'UF_CRM_63DC8E38681EC' => NULL,
  'UF_CRM_63DC8E392D259' => 'N',
  'UF_CRM_63DC8E39E7034' => 'N',
  'UF_CRM_63DC8E3AAC4F7' => NULL,
  'UF_CRM_63DC8E3C39A26' => 'N',
  'UF_CRM_63DC8E3D01747' => NULL,
  'UF_CRM_63DC8E3DBFA43' => 'N',
  'UF_CRM_63DC8E3E90027' => NULL,
  'UF_CRM_63DC8E4028C58' => 'N',
  'UF_CRM_63DC8E40E39C2' => NULL,
  'UF_CRM_63DC8E41ACD58' => 'N',
  'UF_CRM_63DC8E427A06D' => 'N',
  'UF_CRM_63DC8E4340A22' => NULL,
  'UF_CRM_63DC8E4411725' => 'N',
  'UF_CRM_63DC8E44D1A58' => 'N',
  'UF_CRM_63DC8E459F68A' => NULL,
  'UF_CRM_63DC8E467D45B' => 'N',
  'UF_CRM_63DC8E474FBE9' => 'N',
  'UF_CRM_63DC8E481E707' => NULL,
  'UF_CRM_63DC8E48E257E' => 'N',
  'UF_CRM_63DC8E49A6390' => 'N',
  'UF_CRM_63DC8E4A719EA' => NULL,
  'UF_CRM_63DC8E4C2FC7D' => 'N',
  'UF_CRM_63DC8E4CEBF34' => NULL,
  'UF_CRM_63DC8E4DBCDB3' => 'N',
  'UF_CRM_63DC8E4E90E8C' => NULL,
  'UF_CRM_63DC8E4F5DD80' => 'N',
  'UF_CRM_63DC8E502565C' => 'N',
  'UF_CRM_63DC8E50E5D9E' => 'N',
  'UF_CRM_63DC8E51AF554' => 'N',
  'UF_CRM_63DC8E527AD60' => NULL,
  'UF_CRM_63DC8E535208E' => NULL,
  'UF_CRM_63DC8E5423AFA' => NULL,
  'UF_CRM_63DC8E54E21A1' => 'N',
  'UF_CRM_63DC8E55B527E' => 'N',
  'UF_CRM_63DC8E5689193' => 'N',
  'UF_CRM_63DC8E5759751' => 'N',
  'UF_CRM_63DC8E590765C' => 'N',
  'UF_CRM_63DC8E59D279D' => NULL,
  'UF_CRM_63DC8E5B7F55D' => 'N',
  'UF_CRM_63DC8E5C5D659' => NULL,
  'UF_CRM_63DC8E5E1E849' => 'N',
  'UF_CRM_63DC8E5EE72DA' => NULL,
  'UF_CRM_63DC8E609239F' => 'N',
  'UF_CRM_63DC8E616A5AE' => NULL,
  'UF_CRM_63DC8E633698E' => 'N',
  'UF_CRM_63DC8E640474F' => NULL,
  'UF_CRM_63DC8E665855D' => 'N',
  'UF_CRM_63DC8E6736DC5' => NULL,
  'UF_CRM_63DC8E68EC080' => 'N',
  'UF_CRM_63DC8E6AA1430' => NULL,
  'UF_CRM_63DC8E6B76E53' => 'N',
  'UF_CRM_63DC8E6C67591' => 'N',
  'UF_CRM_63DC8E6D42820' => 'N',
  'UF_CRM_63DC8E6E1CEB4' => 'N',
  'UF_CRM_63DC8E6EEE91A' => 'N',
  'UF_CRM_63DC8E70B4611' => 'N',
  'UF_CRM_63DC8E7190963' => NULL,
  'UF_CRM_63DC8E726D449' => NULL,
  'UF_CRM_63DC8E7356A8D' => NULL,
  'UF_CRM_63DC8E743500D' => NULL,
  'UF_CRM_63DC8E751A1D3' => NULL,
  'UF_CRM_63DC8E7627B00' => NULL,
  'UF_CRM_63DC8E771A045' => NULL,
  'UF_CRM_63DC8E7809694' => NULL,
  'UF_CRM_63DC8E78E0E4D' => NULL,
  'UF_CRM_63DC8E79C71A6' => NULL,
  'UF_CRM_63DC8E7AA9B36' => NULL,
  'UF_CRM_63DC8E7B98100' => NULL,
  'UF_CRM_63DC8E7C79C19' => NULL,
  'UF_CRM_63DC8E7D5B2DA' => NULL,
  'UF_CRM_63DC8E7E4167A' => NULL,
  'UF_CRM_63DC8E7F23CE9' => NULL,
  'UF_CRM_1675446456307' => NULL,
  'UF_CRM_63DDE3A4E68D7' => NULL,
  'UF_CRM_63DDE3A5D5155' => NULL,
  'UF_CRM_1675670468066' => NULL,
  'UF_CRM_63E3241DA30EB' => NULL,
  'UF_CRM_63E3241E9AADB' => 'N',
  'UF_CRM_63E4AAB613011' => NULL,
  'UF_CRM_63E4AAB703D9F' => NULL,
  'UF_CRM_BITCONF_LINK' => NULL,
  'UF_CRM_BITCONF_ZOOM_RECORDINGS' => NULL,
  'UF_CRM_BITCONF_RECORDINGS_VIDEO_YANDEX' => NULL,
  'UF_CRM_BITCONF_RECORDINGS_AUDIO_YANDEX' => NULL,
  'UF_CRM_BITCONF_RECORDINGS_CHAT_YANDEX' => NULL,
  'UF_CRM_BITCONF_RECORDINGS_VIDEO_GOOGLE' => NULL,
  'UF_CRM_BITCONF_RECORDINGS_AUDIO_GOOGLE' => NULL,
  'UF_CRM_BITCONF_RECORDINGS_CHAT_GOOGLE' => NULL,
  'UF_CRM_BITCONF_ZOOM_REGISTRATION_ANSWERS_JSON' => NULL,
  'UF_CRM_BITCONF_MEETING_ATTENDED' => NULL,
  'UF_CRM_BITCONF_MEETING_STARTED_AT' => NULL,
  'UF_CRM_BITCONF_MEETING_ENDED_AT' => NULL,
  'UF_CRM_BITCONF_PARTICIPANT_JOINED_AT' => NULL,
  'UF_CRM_BITCONF_PARTICIPANT_LEFT_AT' => NULL,
  'UF_CRM_641045F47BAFD' => NULL,
  'UF_CRM_6433D461D16E4' => 'N',
  'UF_CRM_6433D465984C7' => 'N',
  'UF_CRM_6433D4693830C' => NULL,
  'UF_CRM_6433D46CED244' => 'N',
  'UF_CRM_6433D4715A41B' => 'N',
  'UF_CRM_6433D47528CEC' => NULL,
  'UF_CRM_6433D478C504F' => 'N',
  'UF_CRM_6433D47CBD827' => 'N',
  'UF_CRM_6433D4807CDE8' => NULL,
  'UF_CRM_6433D48456D35' => 'N',
  'UF_CRM_6433D4884B09E' => 'N',
  'UF_CRM_6433D48C20F2B' => NULL,
  'UF_CRM_6433D490017A2' => 'N',
  'UF_CRM_6433D4944FECB' => 'N',
  'UF_CRM_6433D4983ED32' => NULL,
  'UF_CRM_6433D49C28BA5' => 'N',
  'UF_CRM_6433D4A01ACC8' => 'N',
  'UF_CRM_6433D4A3D37E1' => NULL,
  'UF_CRM_6433D4A7ACE1E' => 'N',
  'UF_CRM_6433D4ABE92F3' => 'N',
  'UF_CRM_6433D4AFBF977' => NULL,
  'UF_CRM_6433D4B3B2523' => 'N',
  'UF_CRM_6433D4B79F77B' => 'N',
  'UF_CRM_6433D4BB85C48' => NULL,
  'UF_CRM_6433D4BF52BB0' => 'N',
  'UF_CRM_6433D4C37C94A' => 'N',
  'UF_CRM_6433D4C77A09D' => NULL,
  'UF_CRM_6433D4CB915A3' => 'N',
  'UF_CRM_6433D4CF8CF6E' => 'N',
  'UF_CRM_6433D4D465778' => NULL,
  'UF_CRM_6433D4D94C9AA' => 'N',
  'UF_CRM_6433D4DD6A784' => 'N',
  'UF_CRM_6433D4E18FD6A' => NULL,
  'UF_CRM_6433D4E75196D' => 'N',
  'UF_CRM_6433D4EB83DB1' => NULL,
  'UF_CRM_6433D4EFA24C9' => 'N',
  'UF_CRM_643EAA1DA8B9E' => 'N',
  'UF_CRM_643EAA228B2B2' => 'N',
  'UF_CRM_643EAA275FE0A' => 'N',
  'UF_CRM_643EAA2C188C0' => 'N',
  'UF_CRM_643EAA314A615' => 'N',
  'UF_CRM_643EAA37A5511' => NULL,
  'UF_CRM_64406458C6D47' => NULL,
  'UF_CRM_6442676E5B421' => NULL,
  'UF_CRM_1683968549' => 'Y',
  'UF_CRM_1684145100226' => 11075,
  'UF_CRM_1685419394' => '2900000|RUB',
  'UF_CRM_1687947495' => 
  array (
  ),
  'UF_CRM_COMPANY_AMOID' => NULL,
  'UF_CRM_64A4EBD2F2518' => NULL,
  'UF_CRM_64AD00029054A' => 'N',
  'UF_CRM_64AD0008D2965' => 'N',
  'UF_CRM_64AD000F6A26A' => NULL,
  'UF_CRM_64AD00163C80C' => 'N',
  'UF_CRM_64AD001D86025' => 'N',
  'UF_CRM_64AD00250FFFD' => NULL,
  'UF_CRM_64AE8FC56D363' => NULL,
  'UF_CRM_64AF8DA50E037' => NULL,
  'UF_CRM_1690758867666' => NULL,
  'UF_CRM_1691009132416' => NULL,
  'UF_CRM_64CB9DDC41262' => NULL,
  'UF_CRM_64CB9DE1E3C7A' => NULL,
  'UF_CRM_64CB9DE974E5F' => NULL,
  'UF_CRM_64CB9DF06A260' => NULL,
  'UF_CRM_64CB9DF7289EE' => NULL,
  'UF_CRM_64CB9DFD55A33' => NULL,
  'UF_CRM_64CB9E03788BE' => NULL,
  'UF_CRM_64CB9E0A4860E' => NULL,
  'UF_CRM_64CB9E107B628' => NULL,
  'UF_CRM_64CB9E163F796' => NULL,
  'UF_CRM_64CB9E1C4DB78' => NULL,
  'UF_CRM_64CB9E229FA0B' => NULL,
  'UF_CRM_64CB9E293B527' => NULL,
  'UF_CRM_64CBA4252FB37' => NULL,
  'UF_CRM_64CC92553F409' => NULL,
  'UF_CRM_64CC925D91DEA' => NULL,
  'UF_CRM_64CC926670EC8' => NULL,
  'UF_CRM_64CC9270B6A35' => NULL,
  'UF_CRM_64CC927983D4C' => NULL,
  'UF_CRM_64CC928123D41' => NULL,
  'UF_CRM_64CC928CAA601' => NULL,
  'UF_CRM_64CCA29DAF094' => NULL,
  'UF_CRM_64D3B7766A327' => NULL,
  'UF_CRM_64DB2F838C6F1' => 'N',
  'UF_CRM_64DB2F8CA756C' => 'N',
  'UF_CRM_64DB2F96F1AE7' => 
  array (
  ),
  'UF_CRM_64DB2F9DECE37' => 
  array (
  ),
  'UF_CRM_64DB4411303D8' => NULL,
  'UF_CRM_64DB44175DA19' => NULL,
  'UF_CRM_64DB441DEE816' => 
  array (
  ),
  'UF_CRM_64DB4425AB05C' => 
  array (
  ),
  'UF_CRM_64DB442E55674' => 
  array (
  ),
  'UF_CRM_64DB4434EF3A3' => 
  array (
  ),
  'UF_CRM_64DB443BE1A9C' => 
  array (
  ),
  'UF_CRM_64DB444343D37' => 
  array (
  ),
  'UF_CRM_64DB444B5354D' => NULL,
  'UF_CRM_64DB4452990CE' => NULL,
  'UF_CRM_64E36750AEBF0' => NULL,
  'UF_CRM_64E4A00A7CB9E' => NULL,
  'UF_CRM_64E84230723F5' => NULL,
  'UF_CRM_1693311353902' => 'ТаблицаЗначений',
  'UF_CRM_1693311600025' => NULL,
  'UF_CRM_1693311707790' => NULL,
  'UF_CRM_1693373909306' => 'Карпов Александр Сергеевич',
  'UF_CRM_1693373994027' => 15234,
  'UF_CRM_1693374038734' => '9892776377',
  'UF_CRM_1693374057547' => '11.09.1994',
  'UF_CRM_64F1E491F0503' => 'N',
  'UF_CRM_1693822645477' => 'xx.karpov@gmail.com',
  'UF_CRM_1693822684054' => NULL,
  'UF_CRM_1693960373052' => 'Мать/Отец',
  'UF_CRM_64F83BC976C70' => 'N',
  'UF_CRM_64F83BD1CB037' => 'N',
  'UF_CRM_64F85EB57C226' => 'N',
  'UF_CRM_64F85EBC6293C' => NULL,
  'UF_CRM_64F86B718FCFD' => 'N',
  'UF_CRM_64F87C6C3D1EE' => 'N',
  'UF_CRM_64F87C75DAD9D' => 'N',
  'UF_CRM_64F87C829ADB5' => 'N',
  'UF_CRM_64F87C8D26E72' => 'N',
  'UF_CRM_64F87C94E75DB' => 'N',
  'UF_CRM_64F87CA1B6D24' => 'N',
  'UF_CRM_64F87CADDF550' => 'N',
  'UF_CRM_64F87CB6033F8' => 'N',
  'UF_CRM_RU_ANALITYCS' => NULL,
  'UF_CRM_RU_DIADOK' => NULL,
  'UF_CRM_RUROBOT_SBP_URL' => NULL,
  'UF_CRM_RUROBOT_CHEK_URL' => NULL,
  'UF_CRM_64FC867D4DEE8' => 'N',
  'UF_CRM_64FC8684B795C' => 'N',
  'UF_CRM_64FC868B2E901' => 'N',
  'UF_CRM_64FC86916ECC7' => 'N',
  'UF_CRM_64FC86980DBDF' => 'N',
  'UF_CRM_64FC869E70EA8' => 'N',
  'UF_CRM_1694331491' => '0|RUB',
  'UF_CRM_1694331571' => '2900000|RUB',
  'UF_CRM_65000439925C9' => NULL,
  'UF_CRM_1696457110' => '2967',
  'UF_CRM_6526A6509E0DC' => NULL,
  'UF_CRM_1697107946' => '2900000|RUB',
  'UF_CRM_1697107996' => '0|RUB',
  'UF_CRM_1697853788600' => '053843',
  'UF_CRM_1698731625472' => 16337,
  'UF_CRM_6545DCFE01CA4' => NULL,
  'UF_CRM_6545DD05C700C' => NULL,
  'UF_CRM_1699900252754' => 1715600538.0,
  'UF_CRM_1699900326048' => 1713530775.0,
  'UF_CRM_65532D05B660B' => NULL,
  'UF_CRM_655362454D77C' => NULL,
  'UF_CRM_1700138022' => '15.04.2024',
  'UF_CRM_1702534386502' => NULL,
  'UF_CRM_1702588306' => 31990,
  'UF_CRM_1702977601750' => NULL,
  'UF_CRM_1703078588' => NULL,
  'UF_CRM_1703659571229' => NULL,
  'UF_CRM_1706612347' => '+79284052266',
  'UF_CRM_1706777861' => NULL,
  'UF_CRM_1706982719' => 'АО "АЛЬФА-БАНК",ИНДИВИДУАЛЬНЫЙ ПРЕДПРИНИМАТЕЛЬ КАРПОВ АЛЕКСАНДР СЕРГЕЕВИЧ,Индивидуальный предприниматель Хлгатян Анаит Альбертовна,Общество с ограниченной ответственностью "Вайлдберриз",ООО "ВАЙЛДБЕРРИЗ"',
  'UF_CRM_1707302304' => 'Y',
  'UF_CRM_65C6057BAF241' => NULL,
  'UF_CRM_65C60D92B19B7' => NULL,
  'UF_CRM_65C61195E8DB7' => NULL,
  'UF_CRM_65CCB993C2573' => NULL,
  'UF_CRM_65D72BF9E93D7' => NULL,
  'UF_CRM_65DC313CB1773' => NULL,
  'UF_CRM_65DDDB805B504' => NULL,
  'UF_CRM_65DF019419A3C' => NULL,
  'UF_CRM_65F7F7EF6E7E9' => NULL,
  'UF_CRM_65F81729930B2' => NULL,
  'UF_CRM_1711362022506' => NULL,
  'UF_CRM_1711618126' => '390',
  'UF_CRM_1711620041' => 'Общая/Активный селлер',
  'UF_CRM_661F6476E1A93' => NULL,
  'UF_CRM_661F6483B8EEF' => NULL,
  'UF_CRM_661F6490F3174' => NULL,
  'UF_CRM_661F670FF0A79' => NULL,
  'UF_CRM_662B5EEF438BC' => NULL,
  'UF_CRM_663475C4986D4' => NULL,
  'UF_CRM_66347C5DB0C86' => NULL,
  'UF_CRM_66386DE83AC95' => NULL,
  'UF_CRM_66386F7ACABD4' => NULL,
  'UF_CRM_63DC8E8012089' => NULL,
  'UF_CRM_63DC8E80EAB7F' => NULL,
  'UF_CRM_1693311690037' => NULL,
  'UF_CRM_1702272911' => NULL,
  'UF_CRM_1702274540' => NULL,
  'UF_CRM_1702274893' => NULL,
  'UF_CRM_1702272991' => NULL,
  'UF_CRM_1702274601' => NULL,
  'UF_CRM_1702274922' => NULL,
  'UF_CRM_64AFAA0428E67' => 'N',
  'UF_CRM_64AFAA105D048' => 'N',
  'UF_CRM_64AFAA1D0C71B' => 'N',
  'UF_CRM_64AFAA2376C31' => 'N',
  'UF_CRM_64AFAA2A8534A' => 'N',
  'UF_CRM_64B140D1998BC' => 'N',
  'UF_CRM_1702273016' => NULL,
  'UF_CRM_1702274679' => NULL,
  'UF_CRM_1702274951' => NULL,
  'UF_CRM_1702273043' => NULL,
  'UF_CRM_1702274732' => NULL,
  'UF_CRM_1702274976' => NULL,
  'UF_CRM_6433D4F3F2CA8' => NULL,
  'UF_CRM_6433D4F7C68A9' => 'N',
  'UF_CRM_6433D50101E16' => NULL,
  'UF_CRM_6433D50520ADB' => NULL,
  'UF_CRM_6433D508F2841' => NULL,
  'UF_CRM_6433D510E1BF2' => NULL,
  'UF_CRM_6433D514BC640' => NULL,
  'UF_CRM_6433D51CA112C' => NULL,
  'UF_CRM_6433D520A8E02' => 'N',
  'UF_CRM_6433D5254091B' => NULL,
  'UF_CRM_6433D52904F0B' => NULL,
  'UF_CRM_6433D52CEDB5D' => NULL,
  'UF_CRM_6433D530C9D5F' => NULL,
  'UF_CRM_6433D534A5249' => NULL,
  'UF_CRM_6433D5388255E' => NULL,
  'UF_CRM_6433D53CA00A0' => NULL,
  'UF_CRM_6433D540C9219' => NULL,
  'UF_CRM_6433D544976E5' => 'N',
  'UF_CRM_6433D548AB2B9' => NULL,
  'UF_CRM_6433D54D26D1A' => NULL,
  'UF_CRM_6433D55116D68' => NULL,
  'UF_CRM_6433D554F00E2' => NULL,
  'UF_CRM_6433D55A380EF' => NULL,
  'UF_CRM_6433D55EDDC35' => NULL,
  'UF_CRM_6433D563076D3' => 'N',
  'UF_CRM_6433D566CFBDC' => 'N',
  'UF_CRM_6433D56AEC718' => NULL,
  'UF_CRM_6433D56EC2D16' => NULL,
  'UF_CRM_6433D572B7BD8' => NULL,
  'UF_CRM_6433D5769C207' => NULL,
  'UF_CRM_6433D57A918DD' => 'N',
  'UF_CRM_6433D57E709AC' => 'N',
  'UF_CRM_6433D58274BF2' => NULL,
  'UF_CRM_6433D58675AD3' => NULL,
  'UF_CRM_6433D58B15534' => 'N',
  'UF_CRM_6433D58F2C518' => 'N',
  'UF_CRM_6433D59377C10' => 'N',
  'UF_CRM_6433D59BB50D2' => NULL,
  'UF_CRM_6433D59FA70BF' => NULL,
  'UF_CRM_6433D5A39D79A' => NULL,
  'UF_CRM_6433D5A781D22' => 'N',
  'UF_CRM_6433D5ACCA71F' => 'N',
  'UF_CRM_6433D5B0BF6F6' => NULL,
  'UF_CRM_6433D5B551BCB' => NULL,
  'UF_CRM_6433D5BAC2650' => 'N',
  'UF_CRM_6433D5BFAFC5E' => 'N',
  'UF_CRM_6433D5C4C803A' => 'N',
  'UF_CRM_6433D5C94F74C' => 'N',
  'UF_CRM_6433D5D1B9D2D' => NULL,
  'UF_CRM_6433D5DB232A6' => NULL,
  'UF_CRM_6433D5DF58403' => NULL,
  'UF_CRM_6433D5E39E9D8' => NULL,
  'UF_CRM_6433D5E808AC3' => NULL,
  'UF_CRM_6433D5EC41159' => NULL,
  'UF_CRM_6433D5F0C05ED' => NULL,
  'UF_CRM_6433D5F64C9B9' => NULL,
  'UF_CRM_6433D60C9A897' => NULL,
  'UF_CRM_6433D6110E002' => NULL,
  'UF_CRM_6433D615EF44F' => 'N',
  'UF_CRM_6433D61A4109A' => 'N',
  'UF_CRM_6433D61EA2584' => 'N',
  'UF_CRM_6433D623015A5' => NULL,
  'UF_CRM_6433D62B9C7CA' => NULL,
  'UF_CRM_6433D63E714DA' => NULL,
  'UF_CRM_6433D64295EDD' => NULL,
  'UF_CRM_6433D6471B217' => NULL,
  'UF_CRM_6433D64B3FA42' => NULL,
  'UF_CRM_6433D64FC4DAA' => NULL,
  'UF_CRM_6433D6542205C' => NULL,
  'UF_CRM_6433D6587DE14' => NULL,
  'UF_CRM_6433D65CC025A' => NULL,
  'UF_CRM_6433D66113E88' => NULL,
  'UF_CRM_6433D66527DE4' => NULL,
  'UF_CRM_6433D669AEB8B' => NULL,
  'UF_CRM_6433D66EEFA4E' => NULL,
  'UF_CRM_6433D67394C6F' => NULL,
  'UF_CRM_6433D677D1006' => NULL,
  'UF_CRM_6433D67C18B9D' => NULL,
  'UF_CRM_6433D6814E4AF' => NULL,
  'UF_CRM_6433D685EAA16' => NULL,
  'UF_CRM_6433D68A37F87' => NULL,
  'UF_CRM_6433D68F4CCCF' => NULL,
  'UF_CRM_6433D6939D3CA' => NULL,
  'UF_CRM_6433D6981BA49' => NULL,
  'UF_CRM_6433D69C97CF7' => NULL,
  'UF_CRM_6433D6A10D288' => NULL,
  'UF_CRM_6433D6A67830F' => NULL,
  'UF_CRM_6433D6B4AF630' => NULL,
  'UF_CRM_6433D6B94F47D' => NULL,
  'UF_CRM_6433D6BD9D260' => NULL,
  'UF_CRM_6433D6C200515' => NULL,
  'UF_CRM_6433D6C6B088B' => NULL,
  'UF_CRM_6433D6CBCCBFA' => NULL,
  'UF_CRM_6433D6D049D2B' => NULL,
  'UF_CRM_6433D6D4B633A' => NULL,
  'UF_CRM_6433D6D956454' => NULL,
  'UF_CRM_6433D6E37CFF0' => NULL,
  'UF_CRM_6433D6E800BAE' => NULL,
  'UF_CRM_6433D6EC5FA96' => NULL,
  'UF_CRM_6433D6F0C99BA' => NULL,
  'UF_CRM_6433D6F5AC724' => NULL,
  'UF_CRM_6433D6FA26A12' => NULL,
  'UF_CRM_6433D70CCC90D' => 'N',
  'UF_CRM_6433D7157E09F' => NULL,
  'UF_CRM_6433D71A6FF09' => NULL,
  'UF_CRM_6433D71F3E8A5' => NULL,
  'UF_CRM_6433D7392E26A' => NULL,
  'UF_CRM_6433D73F0D2DF' => NULL,
  'UF_CRM_6433D743B1904' => NULL,
  'UF_CRM_6433D7487B115' => NULL,
  'UF_CRM_6433D74CD32E5' => NULL,
  'UF_CRM_6433D75163FC4' => NULL,
  'UF_CRM_6433D755A04D7' => NULL,
  'UF_CRM_6433D75F89BF9' => NULL,
  'UF_CRM_6433D764868E0' => NULL,
  'UF_CRM_6433D7696B073' => NULL,
  'UF_CRM_6433D76E7BB56' => NULL,
  'UF_CRM_6433D7731B7A3' => NULL,
  'UF_CRM_6433D777E2973' => 
  array (
  ),
  'UF_CRM_6433D77CBEA77' => NULL,
  'UF_CRM_6433D781210F0' => NULL,
  'UF_CRM_6433D78605E02' => NULL,
  'UF_CRM_6433D78AAB24A' => NULL,
  'UF_CRM_6433D78F9D85D' => NULL,
  'UF_CRM_6433D7947E2A2' => 'N',
  'UF_CRM_6433D798D40A4' => NULL,
  'UF_CRM_6433D79E2BF81' => 'N',
  'UF_CRM_6433D7A31BF36' => 'N',
  'UF_CRM_6433D7A79C4AD' => 'N',
  'UF_CRM_6433D7AC36DA0' => 'N',
  'UF_CRM_6433D7B0E89CA' => 'N',
  'UF_CRM_6433D7B5CA806' => 'N',
  'UF_CRM_6433D7BB32220' => NULL,
  'UF_CRM_6433D7C44A6BE' => NULL,
  'UF_CRM_6433D7C925893' => NULL,
  'UF_CRM_6433D7CDBE9B3' => NULL,
  'UF_CRM_6433D7D2CA9D0' => NULL,
  'UF_CRM_6433D7D85148E' => NULL,
  'UF_CRM_6433D7DD7CC2A' => NULL,
  'UF_CRM_6433D7E253448' => NULL,
  'UF_CRM_6433D7E6CD83C' => NULL,
  'UF_CRM_6433D7EB28C4D' => NULL,
  'UF_CRM_6433D7EFA5EE5' => 'N',
  'UF_CRM_6433D7F4C24BE' => 'N',
  'UF_CRM_6433D7F94E2BF' => 'N',
  'UF_CRM_6433D7FDA3CF7' => 'N',
  'UF_CRM_6433D8027C169' => NULL,
  'UF_CRM_6433D8076B60C' => NULL,
  'UF_CRM_6433D80C6AAC2' => NULL,
  'UF_CRM_6433D812D0410' => NULL,
  'UF_CRM_6433D8180E2AA' => NULL,
  'UF_CRM_6433D81CA7153' => NULL,
  'UF_CRM_6433D8213379F' => NULL,
  'UF_CRM_6433D825DEFE0' => NULL,
  'UF_CRM_6433D82B26028' => NULL,
  'UF_CRM_6433D8317589F' => NULL,
  'UF_CRM_6433D8365C605' => NULL,
  'UF_CRM_6433D83B28222' => NULL,
  'UF_CRM_6433D83FCD224' => NULL,
  'UF_CRM_6433D844B7B1F' => NULL,
  'UF_CRM_6433D849CB971' => NULL,
  'UF_CRM_6433D84FB1160' => NULL,
  'UF_CRM_6433D85482CE1' => NULL,
  'UF_CRM_6433D85991988' => NULL,
  'UF_CRM_6433D85E769F2' => NULL,
  'UF_CRM_6433D8631A037' => 'N',
  'UF_CRM_6433D868172EA' => 'N',
  'UF_CRM_6433D8767751E' => NULL,
  'UF_CRM_6433D87B71D16' => NULL,
  'UF_CRM_6433D88513B06' => NULL,
  'UF_CRM_6433D889AE929' => NULL,
  'UF_CRM_6433D88E9A256' => NULL,
  'UF_CRM_6433D8937CA28' => NULL,
  'UF_CRM_6433D8987B695' => NULL,
  'UF_CRM_6433D89D85315' => NULL,
  'UF_CRM_6433D8A27269E' => NULL,
  'UF_CRM_6433D8A761A6B' => NULL,
  'UF_CRM_6433D8ACC957A' => NULL,
  'UF_CRM_6433D8B19DA6D' => NULL,
  'UF_CRM_6433D8B6D4588' => 
  array (
  ),
  'UF_CRM_6433D8BB99B24' => NULL,
  'UF_CRM_6433D8C0A4C1A' => NULL,
  'UF_CRM_6433D8C5A9B9B' => NULL,
  'UF_CRM_6433D8CB550E6' => NULL,
  'UF_CRM_6433D8D01A638' => NULL,
  'UF_CRM_6433D8D4CBC9A' => NULL,
  'UF_CRM_6433D8D9C0945' => NULL,
  'UF_CRM_6433D8DE9D3AB' => NULL,
  'UF_CRM_6433D8E367985' => NULL,
  'UF_CRM_6433D8E8C1152' => NULL,
  'UF_CRM_6433D8F247A4D' => NULL,
  'UF_CRM_6433D8F7302F1' => 'N',
  'UF_CRM_6433D8FC11F83' => 'N',
  'UF_CRM_6433D90101FF1' => NULL,
  'UF_CRM_6433D90631990' => 'N',
  'UF_CRM_6433D90AC33C4' => 'N',
  'UF_CRM_6433D90F71F5F' => NULL,
  'UF_CRM_6433D91464A5A' => 'N',
  'UF_CRM_6433D919209AA' => 'N',
  'UF_CRM_6433D91DC96A8' => NULL,
  'UF_CRM_6433D92778C5C' => NULL,
  'UF_CRM_6433D92C1FC55' => NULL,
  'UF_CRM_6433D93083EE6' => NULL,
  'UF_CRM_6433D9350FACA' => 'N',
  'UF_CRM_6433D93992C16' => 'N',
  'UF_CRM_6433D94E0279B' => NULL,
  'UF_CRM_6433D9529FF4B' => NULL,
  'UF_CRM_6433D9573EC42' => NULL,
  'UF_CRM_6433D95C4B2CA' => NULL,
  'UF_CRM_6433D96210B1B' => NULL,
  'UF_CRM_6433D966943B7' => NULL,
  'UF_CRM_6433D96B3E940' => NULL,
  'UF_CRM_6433D96FC2172' => NULL,
  'UF_CRM_6433D97487050' => NULL,
  'UF_CRM_6433D97979A13' => NULL,
  'UF_CRM_6433D97F0A3F5' => NULL,
  'UF_CRM_6433D988E2D02' => 'N',
  'UF_CRM_6433D9978DE67' => NULL,
  'UF_CRM_6433D99D4ED62' => 
  array (
  ),
  'UF_CRM_6433D9A2405D7' => NULL,
  'UF_CRM_6433D9A72985A' => 'N',
  'UF_CRM_6433D9AC79B71' => 'N',
  'UF_CRM_6433D9B1D29EE' => NULL,
  'UF_CRM_6433D9B6D6250' => NULL,
  'UF_CRM_6433D9C14D69E' => NULL,
  'UF_CRM_6433D9C61A5D8' => NULL,
  'UF_CRM_6433D9CAE827A' => NULL,
  'UF_CRM_6433D9CFAB885' => NULL,
  'UF_CRM_6433D9D5EB607' => NULL,
  'UF_CRM_6433D9DB9CB20' => NULL,
  'UF_CRM_6433D9E071032' => NULL,
  'UF_CRM_6433D9E61CF1D' => NULL,
  'UF_CRM_6433D9EAE80A2' => NULL,
  'UF_CRM_6433D9F0C964C' => NULL,
  'UF_CRM_6433D9F65FBDF' => 
  array (
  ),
  'UF_CRM_6433DA00C9646' => NULL,
  'UF_CRM_6433DA06B96E6' => NULL,
  'UF_CRM_6433DA0B807E3' => NULL,
  'UF_CRM_6433DA105EF8B' => NULL,
  'UF_CRM_6433DA159BDDE' => NULL,
  'UF_CRM_6433DA1A8C1ED' => NULL,
  'UF_CRM_6433DA1F45E7B' => NULL,
  'UF_CRM_6433DA23E6F92' => NULL,
  'UF_CRM_6433DA28A8213' => NULL,
  'UF_CRM_6433DA2D9188A' => NULL,
  'UF_CRM_6433DA3332A3B' => NULL,
  'UF_CRM_6433DA387087D' => NULL,
  'UF_CRM_6433DA3D867BD' => NULL,
  'UF_CRM_6433DA42DE712' => 'N',
  'UF_CRM_6433DA47B9298' => 'N',
  'UF_CRM_6433DA4CBE556' => 'N',
  'UF_CRM_6433DA5287C90' => NULL,
  'UF_CRM_6433DA5785D79' => NULL,
  'UF_CRM_6433DA5C6531D' => NULL,
  'UF_CRM_6433DA614BC63' => NULL,
  'UF_CRM_6433DA6CBE342' => NULL,
  'UF_CRM_6433DA71A6ADF' => NULL,
  'UF_CRM_6433DA7B1FB7A' => NULL,
  'UF_CRM_6433DA8544CE5' => NULL,
  'UF_CRM_6433DA8B64379' => NULL,
  'UF_CRM_6433DA9089B3B' => NULL,
  'UF_CRM_6433DA9547D58' => NULL,
  'UF_CRM_6433DA9A90B10' => NULL,
  'UF_CRM_6433DA9F7B164' => 'N',
  'UF_CRM_6433DAAFB06E7' => NULL,
  'UF_CRM_6433DAB5170CB' => NULL,
  'UF_CRM_6433DABADC0AD' => 
  array (
  ),
  'UF_CRM_6433DABFD57B4' => NULL,
  'UF_CRM_6433DAC565F22' => NULL,
  'UF_CRM_6433DACB7665A' => NULL,
  'UF_CRM_6433DAD10872E' => NULL,
  'UF_CRM_6433DAD606254' => NULL,
  'UF_CRM_6433DADB6BE29' => NULL,
  'UF_CRM_6433DAE0DB90E' => 'N',
  'UF_CRM_6433DAE5D294F' => NULL,
  'UF_CRM_6433DAEA9AEB4' => NULL,
  'UF_CRM_6433DAF43BFA0' => NULL,
  'UF_CRM_6433DAF90CF31' => NULL,
  'UF_CRM_6433DAFE658A0' => NULL,
  'UF_CRM_6433DB03D0B4B' => NULL,
  'UF_CRM_6433DB09A48B3' => NULL,
  'UF_CRM_6433DB0EADBA3' => NULL,
  'UF_CRM_6433DB1376625' => 'N',
  'UF_CRM_6433DB18501D2' => 'N',
  'UF_CRM_6433DB1D65F3E' => NULL,
  'UF_CRM_6433DB23AE767' => NULL,
  'UF_CRM_6433DB291422B' => NULL,
  'UF_CRM_6433DB2E14E18' => NULL,
  'UF_CRM_6433DB330C82B' => NULL,
  'UF_CRM_6433DB381DAE3' => NULL,
  'UF_CRM_6433DB423C443' => NULL,
  'UF_CRM_6433DB4712020' => NULL,
  'UF_CRM_6433DB4C1C1D3' => NULL,
  'UF_CRM_6433DB513B488' => NULL,
  'UF_CRM_6433DB56EE29D' => NULL,
  'UF_CRM_6433DB5C0606C' => NULL,
  'UF_CRM_6433DB61293DF' => 'N',
  'UF_CRM_6433DB667488F' => NULL,
  'UF_CRM_6433DB6BB1907' => NULL,
  'UF_CRM_6433DB70ABF48' => NULL,
  'UF_CRM_6433DB75B3CF3' => NULL,
  'UF_CRM_6433DB7B5B174' => NULL,
  'UF_CRM_6433DB804E21A' => NULL,
  'UF_CRM_6433DB8A5B216' => NULL,
  'UF_CRM_6433DB8FBE55A' => NULL,
  'UF_CRM_6433DB951130B' => NULL,
  'UF_CRM_6433DB9AA49A9' => NULL,
  'UF_CRM_6433DB9FCF9E4' => NULL,
  'UF_CRM_6433DBA519EAE' => NULL,
  'UF_CRM_6433DBAA49EB6' => NULL,
  'UF_CRM_6433DBAF367B5' => NULL,
  'UF_CRM_6433DBB42A707' => NULL,
  'UF_CRM_6433DBB98DD53' => '17611',
  'UF_CRM_6433DBBE90F98' => NULL,
  'UF_CRM_6433DBCD893E5' => NULL,
  'UF_CRM_6433DBD8A6465' => NULL,
  'UF_CRM_6433DBDD88F32' => NULL,
  'UF_CRM_6433DBE2A3E0F' => NULL,
  'UF_CRM_6433DBE7CB8D4' => NULL,
  'UF_CRM_6433DBED5A35F' => NULL,
  'UF_CRM_6433DBF277DA1' => NULL,
  'UF_CRM_6433DBF7A5906' => NULL,
  'UF_CRM_6433DBFCD0DAC' => NULL,
  'UF_CRM_6433DC01C49E0' => NULL,
  'UF_CRM_6433DC075C5C5' => NULL,
  'UF_CRM_6433DC0C620C9' => NULL,
  'UF_CRM_6433DC12355C4' => NULL,
  'UF_CRM_644253DA150F9' => NULL,
  'UF_CRM_6450B69DA5229' => NULL,
  'UF_CRM_6450B6A2B31FD' => NULL,
  'UF_CRM_6450B6A9A2DAA' => NULL,
  'UF_CRM_648307399DE36' => NULL,
  'UF_CRM_64DB52798B20D' => NULL,
  'UF_CRM_64DB528EA60C0' => NULL,
  'UF_CRM_64DB52953D51D' => NULL,
  'UF_CRM_65697A9FD755C' => NULL,
  'UF_CRM_65697AAB1C031' => NULL,
  'UF_CRM_1702273072' => NULL,
  'UF_CRM_6576A65667203' => NULL,
  'UF_CRM_65C07D53DF3FC' => NULL,
  'UF_CRM_65C07D6697009' => NULL,
  'UF_CRM_65C07D76E1FAE' => NULL,
  'UF_CRM_65C07D89BE1C2' => NULL,
  'UF_CRM_65C07DA44C596' => NULL,
  'UF_CRM_65C36CB41ED64' => NULL,
  'UF_CRM_65C36CC0819AC' => NULL,
  'UF_CRM_65C36CCC78A5D' => NULL,
  'UF_CRM_65C36CD8D34FA' => NULL,
  'UF_CRM_65C36CE48D4DC' => NULL,
  'UF_CRM_65C36CF138109' => NULL,
  'UF_CRM_65C36CFDE28CD' => NULL,
  'UF_CRM_65C36D0AA046B' => NULL,
  'UF_CRM_65C36D1778B3D' => NULL,
  'UF_CRM_65E85CE9DD498' => NULL,
  'UF_CRM_65E85CF698239' => NULL,
  'UF_CRM_65E85D0356B0C' => NULL,
  'UF_CRM_65E85D10E3929' => NULL,
  'UF_CRM_65E85D2AE9D32' => NULL,
  'UF_CRM_65E85D2D8F069' => NULL,
  'UF_CRM_65E85D530D947' => NULL,
  'UF_CRM_65E85D5F7B07F' => NULL,
  'UF_CRM_65E85D6C5B559' => NULL,
  'UF_CRM_65E85D79597B1' => NULL,
  'UF_CRM_65E85D9F2B5F3' => NULL,
  'UF_CRM_65E85DABD9DE9' => NULL,
  'UF_CRM_65E85DB91D47D' => NULL,
  'UF_CRM_65E85DC5AD086' => NULL,
  'UF_CRM_65E860588AF86' => NULL,
  'UF_CRM_65E86064DEDE9' => NULL,
  'UF_CRM_65E86071C7618' => NULL,
  'UF_CRM_65E8608C520EC' => NULL,
  'UF_CRM_65E860995BBB0' => NULL,
  'UF_CRM_65E860A6A668F' => NULL,
  'UF_CRM_65E860C07E03C' => NULL,
  'UF_CRM_65E8641A35FD2' => NULL,
  'UF_CRM_1702274795' => NULL,
  'UF_CRM_1702275014' => NULL,
  'UF_STAMP' => NULL,
  'UF_CRM_63DC8E81DE8D9' => 'N',
  'UF_CRM_63DC8E832E5A2' => 'N',
  'UF_CRM_63DC8E84208D9' => NULL,
  'UF_CRM_63DC8E84F225A' => NULL,
  'UF_DIRECTOR_SIGN' => NULL,
  'UF_CRM_63DC8E85CFCF8' => NULL,
  'UF_ACCOUNTANT_SIGN' => NULL,
  'UF_CRM_66278F492F2AB' => NULL,
  'UF_CRM_66278F56B20AB' => NULL,
  'UF_CRM_1614957860' => 
  array (
  ),
  'UF_CRM_63DC8E86B16B4' => NULL,
  'UF_CRM_COMPANY_AMO_MTMCUBCZWNNFI' => NULL,
  'UF_CRM_COMPANY_AMO_LDBCSXXLXKSAO' => NULL,
  'UF_CRM_COMPANY_AMO_IQELLRVUCLCMX' => NULL,
  'UF_CRM_COMPANY_AMO_STOVXRACHEMXN' => NULL,
  'UF_CRM_1614958759' => NULL,
  'UF_CRM_1614975460' => NULL,
  'UF_CRM_1614960190' => NULL,
  'UF_CRM_1614960517' => 'N',
  'UF_CRM_655CAA3806A4E' => NULL,
  'UF_CRM_1614960589' => 'N',
  'UF_CRM_1614960625' => 'N',
  'UF_CRM_1614960645' => 'N',
  'UF_CRM_1664274186' => 'N',
  'UF_CRM_1664274218' => 'N',
  'UF_CRM_1615066460' => NULL,
  'UF_CRM_1615200179' => NULL,
  'UF_CRM_1615200236' => 
  array (
  ),
  'UF_CRM_1666263448' => NULL,
  'UF_CRM_1680181141' => NULL,
  'UF_CRM_63DC8E8791D13' => NULL,
  'UF_CRM_1671612944' => 
  array (
  ),
  'UF_CRM_1671612985' => 
  array (
  ),
  'UF_CRM_1617022509_SINGLE' => NULL,
  'UF_CRM_COMPANY_SS_ORG_SINGLE' => NULL,
  'UF_CRM_1687947495_SINGLE' => NULL,
  'UF_CRM_64DB2F96F1AE7_SINGLE' => NULL,
  'UF_CRM_64DB2F9DECE37_SINGLE' => NULL,
  'UF_CRM_64DB441DEE816_SINGLE' => NULL,
  'UF_CRM_64DB4425AB05C_SINGLE' => NULL,
  'UF_CRM_64DB442E55674_SINGLE' => NULL,
  'UF_CRM_64DB4434EF3A3_SINGLE' => NULL,
  'UF_CRM_64DB443BE1A9C_SINGLE' => NULL,
  'UF_CRM_64DB444343D37_SINGLE' => NULL,
  'UF_CRM_1693788279_SINGLE' => NULL,
  'UF_CRM_RU_DIADOK_SINGLE' => NULL,
  'UF_CRM_6526A6509E0DC_SINGLE' => NULL,
  'UF_CRM_6545DCFE01CA4_SINGLE' => NULL,
  'UF_CRM_6545DD05C700C_SINGLE' => NULL,
  'UF_CRM_65DF019419A3C_SINGLE' => NULL,
  'UF_CRM_6433D4F3F2CA8_SINGLE' => NULL,
  'UF_CRM_6433D58274BF2_SINGLE' => NULL,
  'UF_CRM_6433D5FEDCCDC_SINGLE' => NULL,
  'UF_CRM_6433D6084A319_SINGLE' => NULL,
  'UF_CRM_6433D62FE7442_SINGLE' => NULL,
  'UF_CRM_6433D6355E340_SINGLE' => NULL,
  'UF_CRM_6433D63A11E51_SINGLE' => NULL,
  'UF_CRM_6433D702C5A07_SINGLE' => NULL,
  'UF_CRM_6433D70829928_SINGLE' => NULL,
  'UF_CRM_6433D7112B0A2_SINGLE' => NULL,
  'UF_CRM_6433D72469DA8_SINGLE' => NULL,
  'UF_CRM_6433D7290604B_SINGLE' => NULL,
  'UF_CRM_6433D7328E598_SINGLE' => NULL,
  'UF_CRM_6433D777E2973_SINGLE' => NULL,
  'UF_CRM_6433D7D2CA9D0_SINGLE' => NULL,
  'UF_CRM_6433D80C6AAC2_SINGLE' => NULL,
  'UF_CRM_6433D844B7B1F_SINGLE' => NULL,
  'UF_CRM_6433D86D38393_SINGLE' => NULL,
  'UF_CRM_6433D8719A73A_SINGLE' => NULL,
  'UF_CRM_6433D8B6D4588_SINGLE' => NULL,
  'UF_CRM_6433D8E367985_SINGLE' => NULL,
  'UF_CRM_6433D8ED76753_SINGLE' => NULL,
  'UF_CRM_6433D94467769_SINGLE' => NULL,
  'UF_CRM_6433D9494F3E2_SINGLE' => NULL,
  'UF_CRM_6433D98DC980E_SINGLE' => NULL,
  'UF_CRM_6433D9928709F_SINGLE' => NULL,
  'UF_CRM_6433D99D4ED62_SINGLE' => NULL,
  'UF_CRM_6433D9F65FBDF_SINGLE' => NULL,
  'UF_CRM_6433D9FB43081_SINGLE' => NULL,
  'UF_CRM_6433DA06B96E6_SINGLE' => NULL,
  'UF_CRM_6433DABADC0AD_SINGLE' => NULL,
  'UF_CRM_6433DB513B488_SINGLE' => NULL,
  'UF_CRM_6433DBC84FB76_SINGLE' => NULL,
  'UF_CRM_64DB52953D51D_SINGLE' => NULL,
  'UF_CRM_1614957860_SINGLE' => NULL,
  'UF_CRM_1615200236_SINGLE' => NULL,
  'UF_CRM_1671612944_SINGLE' => NULL,
  'UF_CRM_1671612985_SINGLE' => NULL,
  'PARENT_ID_129' => NULL,
  'PARENT_ID_132' => NULL,
  'PARENT_ID_133' => NULL,
  'PARENT_ID_134' => NULL,
  'PARENT_ID_147' => NULL,
  'PARENT_ID_148' => NULL,
  'PARENT_ID_149' => NULL,
  'PARENT_ID_151' => NULL,
  'PARENT_ID_153' => NULL,
  'PARENT_ID_157' => NULL,
  'PARENT_ID_174' => NULL,
  'PARENT_ID_175' => NULL,
  'PARENT_ID_182' => NULL,
  'PARENT_ID_184' => NULL,
  'PARENT_ID_185' => NULL,
  'PARENT_ID_190' => NULL,
  'Тип' => 'Компания',
  'contactPersonDetails' => 
  array (
    0 => 
    array (
      'nameText' => 'Карпов Александр Сергеевич',
      'birthDate' => '',
      'phone' => ' 79892776377',
      'stateId' => '16',
      'commentText' => '',
    ),
  ),
  'Реквизиты' => 
  array (
    'ID' => '93699',
    'ENTITY_TYPE_ID' => '4',
    'ENTITY_ID' => '9218',
    'PRESET_ID' => '2',
    'DATE_CREATE' => '2022-11-18 15:13:14',
    'DATE_MODIFY' => '2024-05-14 10:31:56',
    'CREATED_BY_ID' => '0',
    'MODIFY_BY_ID' => '23712',
    'NAME' => 'Хлгатян Анаит Альбертовна',
    'CODE' => NULL,
    'XML_ID' => NULL,
    'ORIGINATOR_ID' => NULL,
    'ACTIVE' => 'Y',
    'ADDRESS_ONLY' => 'N',
    'SORT' => '600',
    'RQ_NAME' => 'Хлгатян Анаит Альбертовна',
    'RQ_FIRST_NAME' => 'Анаит',
    'RQ_LAST_NAME' => 'Хлгатян',
    'RQ_SECOND_NAME' => 'Альбертовна',
    'RQ_COMPANY_NAME' => NULL,
    'RQ_COMPANY_FULL_NAME' => NULL,
    'RQ_COMPANY_REG_DATE' => '04.02.2010',
    'RQ_DIRECTOR' => NULL,
    'RQ_ACCOUNTANT' => NULL,
    'RQ_CEO_NAME' => NULL,
    'RQ_CEO_WORK_POS' => NULL,
    'RQ_CONTACT' => NULL,
    'RQ_EMAIL' => NULL,
    'RQ_PHONE' => NULL,
    'RQ_FAX' => NULL,
    'RQ_IDENT_TYPE' => NULL,
    'RQ_IDENT_DOC' => 'Паспорт гражданина Российской Федерации',
    'RQ_IDENT_DOC_SER' => '0309',
    'RQ_IDENT_DOC_NUM' => '414885',
    'RQ_IDENT_DOC_PERS_NUM' => NULL,
    'RQ_IDENT_DOC_DATE' => '16.02.2010',
    'RQ_IDENT_DOC_ISSUED_BY' => 'отделением УФМС России по Краснодарскому краю в гор. Геленджике',
    'RQ_IDENT_DOC_DEP_CODE' => '230-016',
    'RQ_INN' => '230407691500',
    'RQ_KPP' => NULL,
    'RQ_USRLE' => NULL,
    'RQ_IFNS' => NULL,
    'RQ_OGRN' => NULL,
    'RQ_OGRNIP' => '310230403500041',
    'RQ_OKPO' => '',
    'RQ_OKTMO' => NULL,
    'RQ_OKVED' => '47.91',
    'RQ_EDRPOU' => NULL,
    'RQ_DRFO' => NULL,
    'RQ_KBE' => NULL,
    'RQ_IIN' => NULL,
    'RQ_BIN' => NULL,
    'RQ_ST_CERT_SER' => NULL,
    'RQ_ST_CERT_NUM' => NULL,
    'RQ_ST_CERT_DATE' => NULL,
    'RQ_VAT_PAYER' => 'N',
    'RQ_VAT_ID' => NULL,
    'RQ_VAT_CERT_SER' => NULL,
    'RQ_VAT_CERT_NUM' => NULL,
    'RQ_VAT_CERT_DATE' => NULL,
    'RQ_RESIDENCE_COUNTRY' => NULL,
    'RQ_BASE_DOC' => NULL,
    'RQ_REGON' => NULL,
    'RQ_KRS' => NULL,
    'RQ_PESEL' => NULL,
    'RQ_LEGAL_FORM' => NULL,
    'RQ_SIRET' => NULL,
    'RQ_SIREN' => NULL,
    'RQ_CAPITAL' => NULL,
    'RQ_RCS' => NULL,
    'RQ_SIGNATURE' => NULL,
    'RQ_STAMP' => NULL,
    'RQ_COMPANY_ID' => NULL,
    'RQ_CNPJ' => NULL,
    'RQ_STATE_REG' => NULL,
    'RQ_MNPL_REG' => NULL,
    'RQ_CPF' => NULL,
    'VALUE_ID' => '93699',
    'UF_CRM_1647929611' => 'гор. Гюмри Респ. Армения',
    'UF_CRM_1647931933' => NULL,
    'UF_CRM_1647931942' => NULL,
    'UF_CRM_1647931950' => NULL,
    'UF_CRM_1647931979' => NULL,
    'UF_CRM_1647931992' => NULL,
    'UF_CRM_1647932011' => NULL,
    'UF_CRM_1651842340' => NULL,
    'UF_CRM_1684476607' => NULL,
    'UF_CRM_1684493639' => '1965-01-19 00:00:00',
    'UF_CRM_1688964741' => 'Инспекция Федеральной налоговой службы по городу-курорту Геленджику Краснодарского края',
    'UF_CRM_1688965107' => NULL,
    'UF_CRM_1692611897' => NULL,
    'UF_CRM_1692611956' => NULL,
    'UF_CRM_1697697990' => '0',
    'UF_CRM_1697699468' => '0',
    'UF_CRM_1697782220' => '1',
    'UF_CRM_1697782233' => '0',
  ),
  'Адреса' => 
  array (
    0 => 
    array (
      'TYPE_ID' => '1',
      'ENTITY_TYPE_ID' => '8',
      'ENTITY_ID' => '93699',
      'ANCHOR_TYPE_ID' => '4',
      'ANCHOR_ID' => '9218',
      'ADDRESS_1' => 'Андриади проезд, 2 ',
      'ADDRESS_2' => NULL,
      'CITY' => 'Геленджик г',
      'POSTAL_CODE' => '353495',
      'REGION' => NULL,
      'PROVINCE' => 'Краснодарский край',
      'COUNTRY' => 'Россия',
      'COUNTRY_CODE' => NULL,
      'LOC_ADDR_ID' => '200230',
      'IS_DEF' => '1',
      'ID' => '72491',
      'STREET' => NULL,
      'BUILDING' => NULL,
      'HOUSE' => '2 ',
    ),
    1 => 
    array (
      'TYPE_ID' => '4',
      'ENTITY_TYPE_ID' => '8',
      'ENTITY_ID' => '93699',
      'ANCHOR_TYPE_ID' => '4',
      'ANCHOR_ID' => '9218',
      'ADDRESS_1' => 'Андриади проезд, 2 ',
      'ADDRESS_2' => NULL,
      'CITY' => 'Геленджик г',
      'POSTAL_CODE' => '353495',
      'REGION' => NULL,
      'PROVINCE' => 'Краснодарский край',
      'COUNTRY' => 'Россия',
      'COUNTRY_CODE' => NULL,
      'LOC_ADDR_ID' => '200231',
      'IS_DEF' => '1',
      'ID' => '161768',
      'STREET' => NULL,
      'BUILDING' => NULL,
      'HOUSE' => '2 ',
    ),
  ),
  'Банк' => 
  array (
    0 => 
    array (
      'ID' => '796',
      'ENTITY_TYPE_ID' => '8',
      'ENTITY_ID' => '93699',
      'COUNTRY_ID' => '1',
      'DATE_CREATE' => '2023-10-20 18:07:49',
      'DATE_MODIFY' => '2024-05-14 10:31:59',
      'CREATED_BY_ID' => '23767',
      'MODIFY_BY_ID' => '23712',
      'NAME' => 'Расчетный счет',
      'CODE' => NULL,
      'XML_ID' => NULL,
      'ORIGINATOR_ID' => NULL,
      'ACTIVE' => 'Y',
      'SORT' => '500',
      'RQ_BANK_NAME' => 'ООО "Банк Точка"',
      'RQ_BANK_ADDR' => '',
      'RQ_BANK_ROUTE_NUM' => NULL,
      'RQ_BIK' => '044525104',
      'RQ_MFO' => NULL,
      'RQ_ACC_NAME' => NULL,
      'RQ_ACC_NUM' => '40802810720000050763',
      'RQ_IIK' => NULL,
      'RQ_ACC_CURRENCY' => 'Рубль',
      'RQ_COR_ACC_NUM' => '30101810745374525104',
      'RQ_IBAN' => NULL,
      'RQ_SWIFT' => '',
      'RQ_BIC' => NULL,
      'RQ_CODEB' => NULL,
      'RQ_CODEG' => NULL,
      'RQ_RIB' => NULL,
      'COMMENTS' => 'МКК',
      'RQ_BANK_CODE' => NULL,
      'RQ_ACC_TYPE' => NULL,
      'RQ_AGENCY_NAME' => NULL,
    ),
    1 => 
    array (
      'ID' => '4842',
      'ENTITY_TYPE_ID' => '8',
      'ENTITY_ID' => '93699',
      'COUNTRY_ID' => '1',
      'DATE_CREATE' => '2024-04-19 16:09:24',
      'DATE_MODIFY' => '2024-05-14 10:31:59',
      'CREATED_BY_ID' => '24376',
      'MODIFY_BY_ID' => '23712',
      'NAME' => 'Номинальный счет',
      'CODE' => NULL,
      'XML_ID' => NULL,
      'ORIGINATOR_ID' => NULL,
      'ACTIVE' => 'Y',
      'SORT' => '500',
      'RQ_BANK_NAME' => 'ООО "Банк Точка"',
      'RQ_BANK_ADDR' => '',
      'RQ_BANK_ROUTE_NUM' => NULL,
      'RQ_BIK' => '044525104',
      'RQ_MFO' => NULL,
      'RQ_ACC_NAME' => NULL,
      'RQ_ACC_NUM' => '40802810520000051687',
      'RQ_IIK' => NULL,
      'RQ_ACC_CURRENCY' => 'Рубль',
      'RQ_COR_ACC_NUM' => '30101810745374525104',
      'RQ_IBAN' => NULL,
      'RQ_SWIFT' => '',
      'RQ_BIC' => NULL,
      'RQ_CODEB' => NULL,
      'RQ_CODEG' => NULL,
      'RQ_RIB' => NULL,
      'COMMENTS' => 'МКК',
      'RQ_BANK_CODE' => NULL,
      'RQ_ACC_TYPE' => NULL,
      'RQ_AGENCY_NAME' => NULL,
    ),
  ),
  'КонтактныеДанные' => 
  array (
    0 => 
    array (
      'ID' => '989150',
      'ENTITY_ID' => 'COMPANY',
      'ELEMENT_ID' => '9218',
      'TYPE_ID' => 'PHONE',
      'VALUE_TYPE' => 'MOBILE',
      'COMPLEX_ID' => 'PHONE_MOBILE',
      'VALUE' => '+79284052266',
    ),
    1 => 
    array (
      'ID' => '1345504',
      'ENTITY_ID' => 'COMPANY',
      'ELEMENT_ID' => '9218',
      'TYPE_ID' => 'PHONE',
      'VALUE_TYPE' => 'MAILING',
      'COMPLEX_ID' => 'PHONE_MAILING',
      'VALUE' => '+79284052266',
    ),
    2 => 
    array (
      'ID' => '1105811',
      'ENTITY_ID' => 'COMPANY',
      'ELEMENT_ID' => '9218',
      'TYPE_ID' => 'EMAIL',
      'VALUE_TYPE' => 'OTHER',
      'COMPLEX_ID' => 'EMAIL_OTHER',
      'VALUE' => 'anait.hlgatyan@yandex.ru',
    ),
  ),
  'Представитель' => '',
  'Бенефициар1' => NULL,
  'Бенефициар2' => NULL,
  'Бенефициар3' => NULL,
  'Бенефициар4' => NULL,
  'Бенефициар5' => NULL,
  'ФилиалАвтора' => '01b47326-66fb-11ed-80e8-d6b7a50f497f',
  'Автор' => 'ca316b39-a5f4-11ec-80c9-e1f3b4246527',
  'clientGroup' => 'Хлгатян',
)
#0: KPLab\OneC\Export\Company->export
	/home/bitrix/www/local/classes/onec/export/company.php:190
#1: KPLab\OneC\Export\Company->init
	/home/bitrix/www/local/classes/onec/export/zayavka.php:55
#2: KPLab\OneC\Export\Zayavka->init
	/home/bitrix/www/bitrix/activities/bitrix/codeactivity/codeactivity.php(25) : eval()'d code:2
#3: eval
	/home/bitrix/www/bitrix/activities/bitrix/codeactivity/codeactivity.php:25
#4: CBPCodeActivity->execute
	/home/bitrix/www/bitrix/modules/bizproc/classes/general/workflow.php:531
#5: CBPWorkflow->runQueuedItem
	/home/bitrix/www/bitrix/modules/bizproc/classes/general/workflow.php:494
----------
Host: crm.sodeistvie.su:443
Date: 2024-05-14 10:38:31
Module: Представитель

#0: KPLab\OneC\Export\Company->init
	/home/bitrix/www/local/classes/onec/export/zayavka.php:106
#1: KPLab\OneC\Export\Zayavka->init
	/home/bitrix/www/bitrix/activities/bitrix/codeactivity/codeactivity.php(25) : eval()'d code:2
#2: eval
	/home/bitrix/www/bitrix/activities/bitrix/codeactivity/codeactivity.php:25
#3: CBPCodeActivity->execute
	/home/bitrix/www/bitrix/modules/bizproc/classes/general/workflow.php:531
#4: CBPWorkflow->runQueuedItem
	/home/bitrix/www/bitrix/modules/bizproc/classes/general/workflow.php:494
#5: CBPWorkflow->runStep
	/home/bitrix/www/bitrix/modules/bizproc/classes/general/workflow.php:478
----------
Host: crm.sodeistvie.su:443
Date: 2024-05-14 10:38:31
Module: ФилиалАвтора
01b47326-66fb-11ed-80e8-d6b7a50f497f
#0: KPLab\OneC\Export\Company->init
	/home/bitrix/www/local/classes/onec/export/zayavka.php:106
#1: KPLab\OneC\Export\Zayavka->init
	/home/bitrix/www/bitrix/activities/bitrix/codeactivity/codeactivity.php(25) : eval()'d code:2
#2: eval
	/home/bitrix/www/bitrix/activities/bitrix/codeactivity/codeactivity.php:25
#3: CBPCodeActivity->execute
	/home/bitrix/www/bitrix/modules/bizproc/classes/general/workflow.php:531
#4: CBPWorkflow->runQueuedItem
	/home/bitrix/www/bitrix/modules/bizproc/classes/general/workflow.php:494
#5: CBPWorkflow->runStep
	/home/bitrix/www/bitrix/modules/bizproc/classes/general/workflow.php:478
----------
Host: crm.sodeistvie.su:443
Date: 2024-05-14 10:38:31
Module: Автор
b577137f-b9ac-11ed-80f7-f9baaaa059d1
#0: KPLab\OneC\Export\Company->init
	/home/bitrix/www/local/classes/onec/export/zayavka.php:106
#1: KPLab\OneC\Export\Zayavka->init
	/home/bitrix/www/bitrix/activities/bitrix/codeactivity/codeactivity.php(25) : eval()'d code:2
#2: eval
	/home/bitrix/www/bitrix/activities/bitrix/codeactivity/codeactivity.php:25
#3: CBPCodeActivity->execute
	/home/bitrix/www/bitrix/modules/bizproc/classes/general/workflow.php:531
#4: CBPWorkflow->runQueuedItem
	/home/bitrix/www/bitrix/modules/bizproc/classes/general/workflow.php:494
#5: CBPWorkflow->runStep
	/home/bitrix/www/bitrix/modules/bizproc/classes/general/workflow.php:478
----------
Host: crm.sodeistvie.su:443
Date: 2024-05-14 10:38:31
Module: clientId
31440
#0: KPLab\OneC\Export\Company->export
	/home/bitrix/www/local/classes/onec/export/company.php:190
#1: KPLab\OneC\Export\Company->init
	/home/bitrix/www/local/classes/onec/export/zayavka.php:106
#2: KPLab\OneC\Export\Zayavka->init
	/home/bitrix/www/bitrix/activities/bitrix/codeactivity/codeactivity.php(25) : eval()'d code:2
#3: eval
	/home/bitrix/www/bitrix/activities/bitrix/codeactivity/codeactivity.php:25
#4: CBPCodeActivity->execute
	/home/bitrix/www/bitrix/modules/bizproc/classes/general/workflow.php:531
#5: CBPWorkflow->runQueuedItem
	/home/bitrix/www/bitrix/modules/bizproc/classes/general/workflow.php:494
----------
Host: crm.sodeistvie.su:443
Date: 2024-05-14 10:38:31
Module: clientOrg
5
#0: KPLab\OneC\Export\Company->export
	/home/bitrix/www/local/classes/onec/export/company.php:190
#1: KPLab\OneC\Export\Company->init
	/home/bitrix/www/local/classes/onec/export/zayavka.php:106
#2: KPLab\OneC\Export\Zayavka->init
	/home/bitrix/www/bitrix/activities/bitrix/codeactivity/codeactivity.php(25) : eval()'d code:2
#3: eval
	/home/bitrix/www/bitrix/activities/bitrix/codeactivity/codeactivity.php:25
#4: CBPCodeActivity->execute
	/home/bitrix/www/bitrix/modules/bizproc/classes/general/workflow.php:531
#5: CBPWorkflow->runQueuedItem
	/home/bitrix/www/bitrix/modules/bizproc/classes/general/workflow.php:494
----------
Host: crm.sodeistvie.su:443
Date: 2024-05-14 10:38:31
Module: clientData
array (
  'OBSERVER_IDS' => 
  array (
  ),
  'LOGO' => '',
  'UF_CRM_BITCONF_ZOOM_REGISTRATION_ANSWERS' => NULL,
  'UF_CRM_1693788279' => 
  array (
    0 => 4065974,
  ),
  'UF_CRM_RUROBOT_SBP_QR_FILE' => NULL,
  'UF_CRM_RUROBOT_CHEK_QR_FILE' => NULL,
  'UF_CRM_6433D5CD87C30' => NULL,
  'UF_CRM_6433D5D634AD6' => NULL,
  'UF_CRM_6433D5FA970C9' => NULL,
  'UF_CRM_6433D5FEDCCDC' => 
  array (
  ),
  'UF_CRM_6433D6036480A' => NULL,
  'UF_CRM_6433D6084A319' => 
  array (
  ),
  'UF_CRM_6433D62FE7442' => 
  array (
  ),
  'UF_CRM_6433D6355E340' => 
  array (
  ),
  'UF_CRM_6433D63A11E51' => 
  array (
  ),
  'UF_CRM_6433D6DD9702A' => NULL,
  'UF_CRM_6433D702C5A07' => 
  array (
  ),
  'UF_CRM_6433D70829928' => 
  array (
  ),
  'UF_CRM_6433D7112B0A2' => 
  array (
  ),
  'UF_CRM_6433D72469DA8' => 
  array (
  ),
  'UF_CRM_6433D7290604B' => 
  array (
  ),
  'UF_CRM_6433D7328E598' => 
  array (
  ),
  'UF_CRM_6433D7BFBF3C1' => NULL,
  'UF_CRM_6433D86D38393' => 
  array (
  ),
  'UF_CRM_6433D8719A73A' => 
  array (
  ),
  'UF_CRM_6433D88041ED1' => NULL,
  'UF_CRM_6433D8ED76753' => 
  array (
  ),
  'UF_CRM_6433D922AAFBA' => NULL,
  'UF_CRM_6433D93E62E9D' => NULL,
  'UF_CRM_6433D94467769' => 
  array (
  ),
  'UF_CRM_6433D9494F3E2' => 
  array (
  ),
  'UF_CRM_6433D98DC980E' => 
  array (
  ),
  'UF_CRM_6433D9928709F' => 
  array (
  ),
  'UF_CRM_6433D9BC65B15' => NULL,
  'UF_CRM_6433D9FB43081' => 
  array (
  ),
  'UF_CRM_6433DA7676DE8' => NULL,
  'UF_CRM_6433DA7FAA203' => NULL,
  'UF_CRM_6433DAEF79717' => NULL,
  'UF_CRM_6433DB8564D70' => NULL,
  'UF_CRM_6433DBC84FB76' => 
  array (
  ),
  'UF_CRM_64DB528100CC9' => NULL,
  'UF_CRM_64DB52A38846D' => NULL,
  'COMMENTS' => NULL,
  'CONTACT_BINDINGS' => 
  array (
    0 => 
    array (
      'CONTACT_ID' => 210604,
      'SORT' => 10,
      'ROLE_ID' => 0,
      'IS_PRIMARY' => 'Y',
    ),
  ),
  'CONTACT_ID' => 
  array (
    0 => 210604,
  ),
  'UTM_SOURCE' => NULL,
  'UTM_MEDIUM' => NULL,
  'UTM_CAMPAIGN' => NULL,
  'UTM_CONTENT' => NULL,
  'UTM_TERM' => NULL,
  'ID' => 31440,
  'DATE_CREATE' => '12.07.2023 11:23:11',
  'DATE_MODIFY' => '14.05.2024 10:32:07',
  'CREATED_BY_ID' => 23767,
  'MODIFY_BY_ID' => 1,
  'ASSIGNED_BY_ID' => 24376,
  'OPENED' => 'Y',
  'TITLE' => 'ИП Карпов А.С.',
  'ADDRESS' => '',
  'ADDRESS_LEGAL' => NULL,
  'BANKING_DETAILS' => NULL,
  'COMPANY_TYPE' => '5',
  'INDUSTRY' => NULL,
  'REVENUE' => 0.0,
  'CURRENCY_ID' => 'RUB',
  'EMPLOYEES' => NULL,
  'LEAD_ID' => NULL,
  'WEBFORM_ID' => 0,
  'ORIGINATOR_ID' => NULL,
  'ORIGIN_ID' => NULL,
  'ORIGIN_VERSION' => NULL,
  'HAS_PHONE' => 'Y',
  'HAS_EMAIL' => 'Y',
  'HAS_IMOL' => 'Y',
  'IS_MY_COMPANY' => 'N',
  'CATEGORY_ID' => 0,
  'LAST_ACTIVITY_BY' => 1,
  'LAST_ACTIVITY_TIME' => '26.04.2024 10:54:18',
  'EMAIL_HOME' => NULL,
  'EMAIL_WORK' => NULL,
  'EMAIL_MAILING' => NULL,
  'PHONE_MOBILE' => NULL,
  'PHONE_WORK' => NULL,
  'PHONE_MAILING' => NULL,
  'IMOL' => NULL,
  'EMAIL' => NULL,
  'PHONE' => NULL,
  'UF_CRM_63DC8E17DA14A' => NULL,
  'UF_CRM_6433D456A993F' => NULL,
  'UF_CRM_6433D45A58732' => NULL,
  'UF_CRM_6433D45E0E48D' => NULL,
  'UF_CRM_6435331D97379' => NULL,
  'UF_CRM_643533226D993' => NULL,
  'UF_CRM_6435332D17E32' => NULL,
  'UF_CRM_6435333351197' => NULL,
  'UF_CRM_643533400DD7E' => NULL,
  'UF_CRM_64353346223BE' => NULL,
  'UF_CRM_643533543CB94' => NULL,
  'UF_CRM_6435335A78A8A' => NULL,
  'UF_CRM_64353366C4E98' => NULL,
  'UF_CRM_6435336CE33DF' => NULL,
  'UF_CRM_6436790C0A081' => NULL,
  'UF_CRM_6436791297084' => NULL,
  'UF_CRM_644B8F5F389E2' => NULL,
  'UF_CRM_64771CA96A441' => NULL,
  'UF_CRM_64771CAF31F16' => NULL,
  'UF_CRM_64806D472FDA8' => NULL,
  'UF_CRM_1554808760221' => NULL,
  'UF_LOGO' => NULL,
  'UF_CRM_1595595411835' => 'ИП Карпов Александр Сергеевич',
  'UF_CRM_1596520984268' => NULL,
  'UF_CRM_1596520996191' => NULL,
  'UF_CRM_1596521014397' => NULL,
  'UF_CRM_1596521047550' => NULL,
  'UF_CRM_1596521064464' => NULL,
  'UF_CRM_1596521074308' => NULL,
  'UF_CRM_1617022509' => 
  array (
  ),
  'UF_CRM_1627544551724' => NULL,
  'UF_CRM_TB_TAGS' => NULL,
  'UF_CRM_COMPANY_SS_AGENT_DOC_NOMER_AM' => NULL,
  'UF_CRM_COMPANY_SS_AGENT_DOC_DATA_AM' => NULL,
  'UF_CRM_COMPANY_SS_FILIAL_OPEN_DATE_AM' => NULL,
  'UF_CRM_COMPANY_SS_FILIAL_CLOSE_DATE_AM' => NULL,
  'UF_CRM_COMPANY_SS_FILIAL_BOSS_AM' => NULL,
  'UF_CRM_COMPANY_SS_FILIAL_STATUS_AM' => NULL,
  'UF_CRM_1637754619884' => NULL,
  'UF_CRM_1637754682264' => NULL,
  'UF_CRM_1638788295103' => NULL,
  'UF_CRM_1638788442249' => NULL,
  'UF_CRM_1638789252369' => NULL,
  'UF_CRM_1638791492304' => NULL,
  'UF_CRM_1638791524660' => NULL,
  'UF_CRM_COMPANY_SS_SYNC_DATE' => '14.05.2024 10:32:04',
  'UF_CRM_COMPANY_SS_AM_ID' => 'deb95f45-09cc-11ee-80fd-f9baaaa059d1',
  'UF_CRM_COMPANY_SS_AK_ID' => NULL,
  'UF_CRM_COMPANY_SS_AS_ID' => NULL,
  'UF_CRM_COMPANY_SS_PREDSTAVITEL_DOLGNOST' => NULL,
  'UF_CRM_COMPANY_SS_PREDSTAVITEL_DOVERENNOST' => NULL,
  'UF_CRM_COMPANY_SS_ORG' => 
  array (
    0 => '5',
  ),
  'UF_CRM_COMPANY_SS_KASSA' => 'Y',
  'UF_CRM_APP_PL_COMPANY_COUNTRY' => NULL,
  'UF_CRM_APP_PL_COMPANY_TIMEZONE' => NULL,
  'UF_CRM_APP_PL_COMPANY_REGION' => NULL,
  'UF_CRM_CUST_LTIME' => NULL,
  'UF_CRM_1675248051686' => NULL,
  'UF_CRM_1675248084077' => NULL,
  'UF_CRM_1675251420593' => '40802810320000051586    Название банка:  ООО "Банк Точка"',
  'UF_CRM_1675251431573' => NULL,
  'UF_CRM_1675251444631' => '3.0101810745375E+19',
  'UF_CRM_63DC8E18A4E2E' => NULL,
  'UF_CRM_63DC8E195EB36' => NULL,
  'UF_CRM_63DC8E1A3346D' => NULL,
  'UF_CRM_63DC8E26747B4' => NULL,
  'UF_CRM_63DC8E274B853' => NULL,
  'UF_CRM_63DC8E280E9E5' => NULL,
  'UF_CRM_63DC8E293CC7F' => 'N',
  'UF_CRM_63DC8E2A0BF88' => 'N',
  'UF_CRM_63DC8E2ABE9D8' => NULL,
  'UF_CRM_63DC8E2B7F52E' => 'N',
  'UF_CRM_63DC8E2C3AABE' => 'N',
  'UF_CRM_63DC8E2CEC51F' => NULL,
  'UF_CRM_63DC8E2DA91B8' => 'N',
  'UF_CRM_63DC8E2E74222' => 'N',
  'UF_CRM_63DC8E2F31F5B' => NULL,
  'UF_CRM_63DC8E2FF0CC2' => 'N',
  'UF_CRM_63DC8E30B7FAE' => 'N',
  'UF_CRM_63DC8E317ED45' => NULL,
  'UF_CRM_63DC8E323FF76' => 'N',
  'UF_CRM_63DC8E3306CAB' => 'N',
  'UF_CRM_63DC8E33C393B' => NULL,
  'UF_CRM_63DC8E3495C8D' => 'N',
  'UF_CRM_63DC8E355E686' => 'N',
  'UF_CRM_63DC8E3627033' => NULL,
  'UF_CRM_63DC8E36DB39D' => 'N',
  'UF_CRM_63DC8E379C254' => 'N',
  'UF_CRM_63DC8E38681EC' => NULL,
  'UF_CRM_63DC8E392D259' => 'N',
  'UF_CRM_63DC8E39E7034' => 'N',
  'UF_CRM_63DC8E3AAC4F7' => NULL,
  'UF_CRM_63DC8E3C39A26' => 'N',
  'UF_CRM_63DC8E3D01747' => NULL,
  'UF_CRM_63DC8E3DBFA43' => 'N',
  'UF_CRM_63DC8E3E90027' => NULL,
  'UF_CRM_63DC8E4028C58' => 'N',
  'UF_CRM_63DC8E40E39C2' => NULL,
  'UF_CRM_63DC8E41ACD58' => 'N',
  'UF_CRM_63DC8E427A06D' => 'N',
  'UF_CRM_63DC8E4340A22' => NULL,
  'UF_CRM_63DC8E4411725' => 'N',
  'UF_CRM_63DC8E44D1A58' => 'N',
  'UF_CRM_63DC8E459F68A' => NULL,
  'UF_CRM_63DC8E467D45B' => 'N',
  'UF_CRM_63DC8E474FBE9' => 'N',
  'UF_CRM_63DC8E481E707' => NULL,
  'UF_CRM_63DC8E48E257E' => 'N',
  'UF_CRM_63DC8E49A6390' => 'N',
  'UF_CRM_63DC8E4A719EA' => NULL,
  'UF_CRM_63DC8E4C2FC7D' => 'N',
  'UF_CRM_63DC8E4CEBF34' => NULL,
  'UF_CRM_63DC8E4DBCDB3' => 'N',
  'UF_CRM_63DC8E4E90E8C' => NULL,
  'UF_CRM_63DC8E4F5DD80' => 'N',
  'UF_CRM_63DC8E502565C' => 'N',
  'UF_CRM_63DC8E50E5D9E' => 'N',
  'UF_CRM_63DC8E51AF554' => 'N',
  'UF_CRM_63DC8E527AD60' => NULL,
  'UF_CRM_63DC8E535208E' => NULL,
  'UF_CRM_63DC8E5423AFA' => NULL,
  'UF_CRM_63DC8E54E21A1' => 'N',
  'UF_CRM_63DC8E55B527E' => 'N',
  'UF_CRM_63DC8E5689193' => 'N',
  'UF_CRM_63DC8E5759751' => 'N',
  'UF_CRM_63DC8E590765C' => 'N',
  'UF_CRM_63DC8E59D279D' => NULL,
  'UF_CRM_63DC8E5B7F55D' => 'N',
  'UF_CRM_63DC8E5C5D659' => NULL,
  'UF_CRM_63DC8E5E1E849' => 'N',
  'UF_CRM_63DC8E5EE72DA' => NULL,
  'UF_CRM_63DC8E609239F' => 'N',
  'UF_CRM_63DC8E616A5AE' => NULL,
  'UF_CRM_63DC8E633698E' => 'N',
  'UF_CRM_63DC8E640474F' => NULL,
  'UF_CRM_63DC8E665855D' => 'N',
  'UF_CRM_63DC8E6736DC5' => NULL,
  'UF_CRM_63DC8E68EC080' => 'N',
  'UF_CRM_63DC8E6AA1430' => NULL,
  'UF_CRM_63DC8E6B76E53' => 'N',
  'UF_CRM_63DC8E6C67591' => 'N',
  'UF_CRM_63DC8E6D42820' => 'N',
  'UF_CRM_63DC8E6E1CEB4' => 'N',
  'UF_CRM_63DC8E6EEE91A' => 'N',
  'UF_CRM_63DC8E70B4611' => 'N',
  'UF_CRM_63DC8E7190963' => NULL,
  'UF_CRM_63DC8E726D449' => NULL,
  'UF_CRM_63DC8E7356A8D' => NULL,
  'UF_CRM_63DC8E743500D' => NULL,
  'UF_CRM_63DC8E751A1D3' => NULL,
  'UF_CRM_63DC8E7627B00' => NULL,
  'UF_CRM_63DC8E771A045' => NULL,
  'UF_CRM_63DC8E7809694' => NULL,
  'UF_CRM_63DC8E78E0E4D' => NULL,
  'UF_CRM_63DC8E79C71A6' => NULL,
  'UF_CRM_63DC8E7AA9B36' => NULL,
  'UF_CRM_63DC8E7B98100' => NULL,
  'UF_CRM_63DC8E7C79C19' => NULL,
  'UF_CRM_63DC8E7D5B2DA' => NULL,
  'UF_CRM_63DC8E7E4167A' => NULL,
  'UF_CRM_63DC8E7F23CE9' => NULL,
  'UF_CRM_1675446456307' => '11.09.1994',
  'UF_CRM_63DDE3A4E68D7' => NULL,
  'UF_CRM_63DDE3A5D5155' => NULL,
  'UF_CRM_1675670468066' => 'https://seller-capital.ru/?utm_source=seller&utm_medium=referral&utm_campaign=online&utm_content=230410666335',
  'UF_CRM_63E3241DA30EB' => NULL,
  'UF_CRM_63E3241E9AADB' => 'N',
  'UF_CRM_63E4AAB613011' => NULL,
  'UF_CRM_63E4AAB703D9F' => NULL,
  'UF_CRM_BITCONF_LINK' => NULL,
  'UF_CRM_BITCONF_ZOOM_RECORDINGS' => NULL,
  'UF_CRM_BITCONF_RECORDINGS_VIDEO_YANDEX' => NULL,
  'UF_CRM_BITCONF_RECORDINGS_AUDIO_YANDEX' => NULL,
  'UF_CRM_BITCONF_RECORDINGS_CHAT_YANDEX' => NULL,
  'UF_CRM_BITCONF_RECORDINGS_VIDEO_GOOGLE' => NULL,
  'UF_CRM_BITCONF_RECORDINGS_AUDIO_GOOGLE' => NULL,
  'UF_CRM_BITCONF_RECORDINGS_CHAT_GOOGLE' => NULL,
  'UF_CRM_BITCONF_ZOOM_REGISTRATION_ANSWERS_JSON' => NULL,
  'UF_CRM_BITCONF_MEETING_ATTENDED' => NULL,
  'UF_CRM_BITCONF_MEETING_STARTED_AT' => NULL,
  'UF_CRM_BITCONF_MEETING_ENDED_AT' => NULL,
  'UF_CRM_BITCONF_PARTICIPANT_JOINED_AT' => NULL,
  'UF_CRM_BITCONF_PARTICIPANT_LEFT_AT' => NULL,
  'UF_CRM_641045F47BAFD' => NULL,
  'UF_CRM_6433D461D16E4' => 'N',
  'UF_CRM_6433D465984C7' => 'N',
  'UF_CRM_6433D4693830C' => NULL,
  'UF_CRM_6433D46CED244' => 'N',
  'UF_CRM_6433D4715A41B' => 'N',
  'UF_CRM_6433D47528CEC' => NULL,
  'UF_CRM_6433D478C504F' => 'N',
  'UF_CRM_6433D47CBD827' => 'N',
  'UF_CRM_6433D4807CDE8' => NULL,
  'UF_CRM_6433D48456D35' => 'N',
  'UF_CRM_6433D4884B09E' => 'N',
  'UF_CRM_6433D48C20F2B' => NULL,
  'UF_CRM_6433D490017A2' => 'N',
  'UF_CRM_6433D4944FECB' => 'N',
  'UF_CRM_6433D4983ED32' => NULL,
  'UF_CRM_6433D49C28BA5' => 'N',
  'UF_CRM_6433D4A01ACC8' => 'N',
  'UF_CRM_6433D4A3D37E1' => NULL,
  'UF_CRM_6433D4A7ACE1E' => 'N',
  'UF_CRM_6433D4ABE92F3' => 'N',
  'UF_CRM_6433D4AFBF977' => NULL,
  'UF_CRM_6433D4B3B2523' => 'N',
  'UF_CRM_6433D4B79F77B' => 'N',
  'UF_CRM_6433D4BB85C48' => NULL,
  'UF_CRM_6433D4BF52BB0' => 'N',
  'UF_CRM_6433D4C37C94A' => 'N',
  'UF_CRM_6433D4C77A09D' => NULL,
  'UF_CRM_6433D4CB915A3' => 'N',
  'UF_CRM_6433D4CF8CF6E' => 'N',
  'UF_CRM_6433D4D465778' => NULL,
  'UF_CRM_6433D4D94C9AA' => 'N',
  'UF_CRM_6433D4DD6A784' => 'N',
  'UF_CRM_6433D4E18FD6A' => NULL,
  'UF_CRM_6433D4E75196D' => 'N',
  'UF_CRM_6433D4EB83DB1' => NULL,
  'UF_CRM_6433D4EFA24C9' => 'N',
  'UF_CRM_643EAA1DA8B9E' => 'N',
  'UF_CRM_643EAA228B2B2' => 'N',
  'UF_CRM_643EAA275FE0A' => 'N',
  'UF_CRM_643EAA2C188C0' => 'N',
  'UF_CRM_643EAA314A615' => 'N',
  'UF_CRM_643EAA37A5511' => NULL,
  'UF_CRM_64406458C6D47' => NULL,
  'UF_CRM_6442676E5B421' => NULL,
  'UF_CRM_1683968549' => 'Y',
  'UF_CRM_1684145100226' => 11075,
  'UF_CRM_1685419394' => '1.5|RUB',
  'UF_CRM_1687947495' => 
  array (
  ),
  'UF_CRM_COMPANY_AMOID' => NULL,
  'UF_CRM_64A4EBD2F2518' => NULL,
  'UF_CRM_64AD00029054A' => 'N',
  'UF_CRM_64AD0008D2965' => 'N',
  'UF_CRM_64AD000F6A26A' => NULL,
  'UF_CRM_64AD00163C80C' => 'N',
  'UF_CRM_64AD001D86025' => 'N',
  'UF_CRM_64AD00250FFFD' => NULL,
  'UF_CRM_64AE8FC56D363' => NULL,
  'UF_CRM_64AF8DA50E037' => NULL,
  'UF_CRM_1690758867666' => NULL,
  'UF_CRM_1691009132416' => NULL,
  'UF_CRM_64CB9DDC41262' => NULL,
  'UF_CRM_64CB9DE1E3C7A' => NULL,
  'UF_CRM_64CB9DE974E5F' => NULL,
  'UF_CRM_64CB9DF06A260' => NULL,
  'UF_CRM_64CB9DF7289EE' => NULL,
  'UF_CRM_64CB9DFD55A33' => NULL,
  'UF_CRM_64CB9E03788BE' => NULL,
  'UF_CRM_64CB9E0A4860E' => NULL,
  'UF_CRM_64CB9E107B628' => NULL,
  'UF_CRM_64CB9E163F796' => NULL,
  'UF_CRM_64CB9E1C4DB78' => NULL,
  'UF_CRM_64CB9E229FA0B' => NULL,
  'UF_CRM_64CB9E293B527' => NULL,
  'UF_CRM_64CBA4252FB37' => NULL,
  'UF_CRM_64CC92553F409' => NULL,
  'UF_CRM_64CC925D91DEA' => NULL,
  'UF_CRM_64CC926670EC8' => NULL,
  'UF_CRM_64CC9270B6A35' => NULL,
  'UF_CRM_64CC927983D4C' => NULL,
  'UF_CRM_64CC928123D41' => NULL,
  'UF_CRM_64CC928CAA601' => NULL,
  'UF_CRM_64CCA29DAF094' => NULL,
  'UF_CRM_64D3B7766A327' => NULL,
  'UF_CRM_64DB2F838C6F1' => 'N',
  'UF_CRM_64DB2F8CA756C' => 'N',
  'UF_CRM_64DB2F96F1AE7' => NULL,
  'UF_CRM_64DB2F9DECE37' => NULL,
  'UF_CRM_64DB4411303D8' => NULL,
  'UF_CRM_64DB44175DA19' => NULL,
  'UF_CRM_64DB441DEE816' => NULL,
  'UF_CRM_64DB4425AB05C' => NULL,
  'UF_CRM_64DB442E55674' => NULL,
  'UF_CRM_64DB4434EF3A3' => NULL,
  'UF_CRM_64DB443BE1A9C' => NULL,
  'UF_CRM_64DB444343D37' => NULL,
  'UF_CRM_64DB444B5354D' => NULL,
  'UF_CRM_64DB4452990CE' => NULL,
  'UF_CRM_64E36750AEBF0' => NULL,
  'UF_CRM_64E4A00A7CB9E' => NULL,
  'UF_CRM_64E84230723F5' => NULL,
  'UF_CRM_1693311353902' => 'ТаблицаЗначений',
  'UF_CRM_1693311600025' => NULL,
  'UF_CRM_1693311707790' => NULL,
  'UF_CRM_1693373909306' => NULL,
  'UF_CRM_1693373994027' => NULL,
  'UF_CRM_1693374038734' => NULL,
  'UF_CRM_1693374057547' => NULL,
  'UF_CRM_64F1E491F0503' => 'N',
  'UF_CRM_1693822645477' => 'anait.hlgatyan@yandex.ru',
  'UF_CRM_1693822684054' => NULL,
  'UF_CRM_1693960373052' => 'Мать/Отец',
  'UF_CRM_64F83BC976C70' => 'N',
  'UF_CRM_64F83BD1CB037' => 'N',
  'UF_CRM_64F85EB57C226' => 'N',
  'UF_CRM_64F85EBC6293C' => NULL,
  'UF_CRM_64F86B718FCFD' => 'N',
  'UF_CRM_64F87C6C3D1EE' => 'N',
  'UF_CRM_64F87C75DAD9D' => 'N',
  'UF_CRM_64F87C829ADB5' => 'N',
  'UF_CRM_64F87C8D26E72' => 'N',
  'UF_CRM_64F87C94E75DB' => 'N',
  'UF_CRM_64F87CA1B6D24' => 'N',
  'UF_CRM_64F87CADDF550' => 'N',
  'UF_CRM_64F87CB6033F8' => 'N',
  'UF_CRM_RU_ANALITYCS' => NULL,
  'UF_CRM_RU_DIADOK' => NULL,
  'UF_CRM_RUROBOT_SBP_URL' => NULL,
  'UF_CRM_RUROBOT_CHEK_URL' => NULL,
  'UF_CRM_64FC867D4DEE8' => 'N',
  'UF_CRM_64FC8684B795C' => 'N',
  'UF_CRM_64FC868B2E901' => 'N',
  'UF_CRM_64FC86916ECC7' => 'N',
  'UF_CRM_64FC86980DBDF' => 'N',
  'UF_CRM_64FC869E70EA8' => 'N',
  'UF_CRM_1694331491' => '1.5|RUB',
  'UF_CRM_1694331571' => '3|RUB',
  'UF_CRM_65000439925C9' => NULL,
  'UF_CRM_1696457110' => '2966',
  'UF_CRM_6526A6509E0DC' => NULL,
  'UF_CRM_1697107946' => '1.5|RUB',
  'UF_CRM_1697107996' => '1.5|RUB',
  'UF_CRM_1697853788600' => '500124',
  'UF_CRM_1698731625472' => 16337,
  'UF_CRM_6545DCFE01CA4' => NULL,
  'UF_CRM_6545DD05C700C' => NULL,
  'UF_CRM_1699900252754' => NULL,
  'UF_CRM_1699900326048' => 1712902872.0,
  'UF_CRM_65532D05B660B' => NULL,
  'UF_CRM_655362454D77C' => NULL,
  'UF_CRM_1700138022' => '15.04.2024',
  'UF_CRM_1702534386502' => 'N',
  'UF_CRM_1702588306' => 31990,
  'UF_CRM_1702977601750' => NULL,
  'UF_CRM_1703078588' => NULL,
  'UF_CRM_1703659571229' => NULL,
  'UF_CRM_1706612347' => '+79996346377',
  'UF_CRM_1706777861' => 'N',
  'UF_CRM_1706982719' => 'Общество с ограниченной ответственностью "Вайлдберриз",ООО "ВАЙЛДБЕРРИЗ",ООО МКК "СОДЕЙСТВИЕ XXI"',
  'UF_CRM_1707302304' => 'N',
  'UF_CRM_65C6057BAF241' => 'N',
  'UF_CRM_65C60D92B19B7' => 'N',
  'UF_CRM_65C61195E8DB7' => 'N',
  'UF_CRM_65CCB993C2573' => 'N',
  'UF_CRM_65D72BF9E93D7' => NULL,
  'UF_CRM_65DC313CB1773' => NULL,
  'UF_CRM_65DDDB805B504' => NULL,
  'UF_CRM_65DF019419A3C' => NULL,
  'UF_CRM_65F7F7EF6E7E9' => NULL,
  'UF_CRM_65F81729930B2' => NULL,
  'UF_CRM_1711362022506' => NULL,
  'UF_CRM_1711618126' => '156',
  'UF_CRM_1711620041' => 'Общая/Не активный, нет согласия',
  'UF_CRM_661F6476E1A93' => NULL,
  'UF_CRM_661F6483B8EEF' => NULL,
  'UF_CRM_661F6490F3174' => NULL,
  'UF_CRM_661F670FF0A79' => NULL,
  'UF_CRM_662B5EEF438BC' => NULL,
  'UF_CRM_663475C4986D4' => NULL,
  'UF_CRM_66347C5DB0C86' => NULL,
  'UF_CRM_66386DE83AC95' => NULL,
  'UF_CRM_66386F7ACABD4' => NULL,
  'UF_CRM_63DC8E8012089' => NULL,
  'UF_CRM_63DC8E80EAB7F' => NULL,
  'UF_CRM_1693311690037' => NULL,
  'UF_CRM_1702272911' => NULL,
  'UF_CRM_1702274540' => NULL,
  'UF_CRM_1702274893' => NULL,
  'UF_CRM_1702272991' => NULL,
  'UF_CRM_1702274601' => NULL,
  'UF_CRM_1702274922' => NULL,
  'UF_CRM_64AFAA0428E67' => 'N',
  'UF_CRM_64AFAA105D048' => 'N',
  'UF_CRM_64AFAA1D0C71B' => 'N',
  'UF_CRM_64AFAA2376C31' => 'N',
  'UF_CRM_64AFAA2A8534A' => 'N',
  'UF_CRM_64B140D1998BC' => 'N',
  'UF_CRM_1702273016' => NULL,
  'UF_CRM_1702274679' => NULL,
  'UF_CRM_1702274951' => NULL,
  'UF_CRM_1702273043' => NULL,
  'UF_CRM_1702274732' => NULL,
  'UF_CRM_1702274976' => NULL,
  'UF_CRM_6433D4F3F2CA8' => 
  array (
  ),
  'UF_CRM_6433D4F7C68A9' => 'N',
  'UF_CRM_6433D50101E16' => NULL,
  'UF_CRM_6433D50520ADB' => NULL,
  'UF_CRM_6433D508F2841' => NULL,
  'UF_CRM_6433D510E1BF2' => NULL,
  'UF_CRM_6433D514BC640' => NULL,
  'UF_CRM_6433D51CA112C' => NULL,
  'UF_CRM_6433D520A8E02' => 'N',
  'UF_CRM_6433D5254091B' => NULL,
  'UF_CRM_6433D52904F0B' => NULL,
  'UF_CRM_6433D52CEDB5D' => NULL,
  'UF_CRM_6433D530C9D5F' => NULL,
  'UF_CRM_6433D534A5249' => NULL,
  'UF_CRM_6433D5388255E' => NULL,
  'UF_CRM_6433D53CA00A0' => NULL,
  'UF_CRM_6433D540C9219' => NULL,
  'UF_CRM_6433D544976E5' => 'N',
  'UF_CRM_6433D548AB2B9' => NULL,
  'UF_CRM_6433D54D26D1A' => NULL,
  'UF_CRM_6433D55116D68' => NULL,
  'UF_CRM_6433D554F00E2' => NULL,
  'UF_CRM_6433D55A380EF' => NULL,
  'UF_CRM_6433D55EDDC35' => NULL,
  'UF_CRM_6433D563076D3' => 'N',
  'UF_CRM_6433D566CFBDC' => 'N',
  'UF_CRM_6433D56AEC718' => NULL,
  'UF_CRM_6433D56EC2D16' => NULL,
  'UF_CRM_6433D572B7BD8' => NULL,
  'UF_CRM_6433D5769C207' => NULL,
  'UF_CRM_6433D57A918DD' => 'N',
  'UF_CRM_6433D57E709AC' => 'N',
  'UF_CRM_6433D58274BF2' => 
  array (
  ),
  'UF_CRM_6433D58675AD3' => NULL,
  'UF_CRM_6433D58B15534' => 'N',
  'UF_CRM_6433D58F2C518' => 'N',
  'UF_CRM_6433D59377C10' => 'N',
  'UF_CRM_6433D59BB50D2' => NULL,
  'UF_CRM_6433D59FA70BF' => NULL,
  'UF_CRM_6433D5A39D79A' => NULL,
  'UF_CRM_6433D5A781D22' => 'N',
  'UF_CRM_6433D5ACCA71F' => 'N',
  'UF_CRM_6433D5B0BF6F6' => NULL,
  'UF_CRM_6433D5B551BCB' => NULL,
  'UF_CRM_6433D5BAC2650' => 'N',
  'UF_CRM_6433D5BFAFC5E' => 'N',
  'UF_CRM_6433D5C4C803A' => 'N',
  'UF_CRM_6433D5C94F74C' => 'N',
  'UF_CRM_6433D5D1B9D2D' => NULL,
  'UF_CRM_6433D5DB232A6' => NULL,
  'UF_CRM_6433D5DF58403' => NULL,
  'UF_CRM_6433D5E39E9D8' => NULL,
  'UF_CRM_6433D5E808AC3' => NULL,
  'UF_CRM_6433D5EC41159' => NULL,
  'UF_CRM_6433D5F0C05ED' => NULL,
  'UF_CRM_6433D5F64C9B9' => NULL,
  'UF_CRM_6433D60C9A897' => NULL,
  'UF_CRM_6433D6110E002' => NULL,
  'UF_CRM_6433D615EF44F' => 'N',
  'UF_CRM_6433D61A4109A' => 'N',
  'UF_CRM_6433D61EA2584' => 'N',
  'UF_CRM_6433D623015A5' => NULL,
  'UF_CRM_6433D62B9C7CA' => NULL,
  'UF_CRM_6433D63E714DA' => NULL,
  'UF_CRM_6433D64295EDD' => NULL,
  'UF_CRM_6433D6471B217' => NULL,
  'UF_CRM_6433D64B3FA42' => NULL,
  'UF_CRM_6433D64FC4DAA' => NULL,
  'UF_CRM_6433D6542205C' => NULL,
  'UF_CRM_6433D6587DE14' => NULL,
  'UF_CRM_6433D65CC025A' => NULL,
  'UF_CRM_6433D66113E88' => NULL,
  'UF_CRM_6433D66527DE4' => NULL,
  'UF_CRM_6433D669AEB8B' => NULL,
  'UF_CRM_6433D66EEFA4E' => NULL,
  'UF_CRM_6433D67394C6F' => NULL,
  'UF_CRM_6433D677D1006' => NULL,
  'UF_CRM_6433D67C18B9D' => NULL,
  'UF_CRM_6433D6814E4AF' => NULL,
  'UF_CRM_6433D685EAA16' => NULL,
  'UF_CRM_6433D68A37F87' => NULL,
  'UF_CRM_6433D68F4CCCF' => NULL,
  'UF_CRM_6433D6939D3CA' => NULL,
  'UF_CRM_6433D6981BA49' => NULL,
  'UF_CRM_6433D69C97CF7' => NULL,
  'UF_CRM_6433D6A10D288' => NULL,
  'UF_CRM_6433D6A67830F' => NULL,
  'UF_CRM_6433D6B4AF630' => NULL,
  'UF_CRM_6433D6B94F47D' => NULL,
  'UF_CRM_6433D6BD9D260' => NULL,
  'UF_CRM_6433D6C200515' => NULL,
  'UF_CRM_6433D6C6B088B' => NULL,
  'UF_CRM_6433D6CBCCBFA' => NULL,
  'UF_CRM_6433D6D049D2B' => NULL,
  'UF_CRM_6433D6D4B633A' => NULL,
  'UF_CRM_6433D6D956454' => NULL,
  'UF_CRM_6433D6E37CFF0' => NULL,
  'UF_CRM_6433D6E800BAE' => NULL,
  'UF_CRM_6433D6EC5FA96' => NULL,
  'UF_CRM_6433D6F0C99BA' => NULL,
  'UF_CRM_6433D6F5AC724' => NULL,
  'UF_CRM_6433D6FA26A12' => NULL,
  'UF_CRM_6433D70CCC90D' => 'N',
  'UF_CRM_6433D7157E09F' => NULL,
  'UF_CRM_6433D71A6FF09' => NULL,
  'UF_CRM_6433D71F3E8A5' => NULL,
  'UF_CRM_6433D7392E26A' => NULL,
  'UF_CRM_6433D73F0D2DF' => NULL,
  'UF_CRM_6433D743B1904' => NULL,
  'UF_CRM_6433D7487B115' => NULL,
  'UF_CRM_6433D74CD32E5' => NULL,
  'UF_CRM_6433D75163FC4' => NULL,
  'UF_CRM_6433D755A04D7' => NULL,
  'UF_CRM_6433D75F89BF9' => NULL,
  'UF_CRM_6433D764868E0' => NULL,
  'UF_CRM_6433D7696B073' => NULL,
  'UF_CRM_6433D76E7BB56' => NULL,
  'UF_CRM_6433D7731B7A3' => NULL,
  'UF_CRM_6433D777E2973' => 
  array (
  ),
  'UF_CRM_6433D77CBEA77' => NULL,
  'UF_CRM_6433D781210F0' => NULL,
  'UF_CRM_6433D78605E02' => NULL,
  'UF_CRM_6433D78AAB24A' => NULL,
  'UF_CRM_6433D78F9D85D' => NULL,
  'UF_CRM_6433D7947E2A2' => 'N',
  'UF_CRM_6433D798D40A4' => NULL,
  'UF_CRM_6433D79E2BF81' => 'N',
  'UF_CRM_6433D7A31BF36' => 'N',
  'UF_CRM_6433D7A79C4AD' => 'N',
  'UF_CRM_6433D7AC36DA0' => 'N',
  'UF_CRM_6433D7B0E89CA' => 'N',
  'UF_CRM_6433D7B5CA806' => 'N',
  'UF_CRM_6433D7BB32220' => NULL,
  'UF_CRM_6433D7C44A6BE' => NULL,
  'UF_CRM_6433D7C925893' => NULL,
  'UF_CRM_6433D7CDBE9B3' => NULL,
  'UF_CRM_6433D7D2CA9D0' => 
  array (
  ),
  'UF_CRM_6433D7D85148E' => NULL,
  'UF_CRM_6433D7DD7CC2A' => NULL,
  'UF_CRM_6433D7E253448' => NULL,
  'UF_CRM_6433D7E6CD83C' => NULL,
  'UF_CRM_6433D7EB28C4D' => NULL,
  'UF_CRM_6433D7EFA5EE5' => 'N',
  'UF_CRM_6433D7F4C24BE' => 'N',
  'UF_CRM_6433D7F94E2BF' => 'N',
  'UF_CRM_6433D7FDA3CF7' => 'N',
  'UF_CRM_6433D8027C169' => NULL,
  'UF_CRM_6433D8076B60C' => NULL,
  'UF_CRM_6433D80C6AAC2' => 
  array (
  ),
  'UF_CRM_6433D812D0410' => NULL,
  'UF_CRM_6433D8180E2AA' => NULL,
  'UF_CRM_6433D81CA7153' => NULL,
  'UF_CRM_6433D8213379F' => NULL,
  'UF_CRM_6433D825DEFE0' => NULL,
  'UF_CRM_6433D82B26028' => NULL,
  'UF_CRM_6433D8317589F' => NULL,
  'UF_CRM_6433D8365C605' => NULL,
  'UF_CRM_6433D83B28222' => NULL,
  'UF_CRM_6433D83FCD224' => NULL,
  'UF_CRM_6433D844B7B1F' => 
  array (
  ),
  'UF_CRM_6433D849CB971' => NULL,
  'UF_CRM_6433D84FB1160' => NULL,
  'UF_CRM_6433D85482CE1' => NULL,
  'UF_CRM_6433D85991988' => NULL,
  'UF_CRM_6433D85E769F2' => NULL,
  'UF_CRM_6433D8631A037' => 'N',
  'UF_CRM_6433D868172EA' => 'N',
  'UF_CRM_6433D8767751E' => NULL,
  'UF_CRM_6433D87B71D16' => NULL,
  'UF_CRM_6433D88513B06' => NULL,
  'UF_CRM_6433D889AE929' => NULL,
  'UF_CRM_6433D88E9A256' => NULL,
  'UF_CRM_6433D8937CA28' => NULL,
  'UF_CRM_6433D8987B695' => NULL,
  'UF_CRM_6433D89D85315' => NULL,
  'UF_CRM_6433D8A27269E' => NULL,
  'UF_CRM_6433D8A761A6B' => NULL,
  'UF_CRM_6433D8ACC957A' => NULL,
  'UF_CRM_6433D8B19DA6D' => NULL,
  'UF_CRM_6433D8B6D4588' => 
  array (
  ),
  'UF_CRM_6433D8BB99B24' => NULL,
  'UF_CRM_6433D8C0A4C1A' => NULL,
  'UF_CRM_6433D8C5A9B9B' => NULL,
  'UF_CRM_6433D8CB550E6' => NULL,
  'UF_CRM_6433D8D01A638' => NULL,
  'UF_CRM_6433D8D4CBC9A' => NULL,
  'UF_CRM_6433D8D9C0945' => NULL,
  'UF_CRM_6433D8DE9D3AB' => NULL,
  'UF_CRM_6433D8E367985' => 
  array (
  ),
  'UF_CRM_6433D8E8C1152' => NULL,
  'UF_CRM_6433D8F247A4D' => NULL,
  'UF_CRM_6433D8F7302F1' => 'N',
  'UF_CRM_6433D8FC11F83' => 'N',
  'UF_CRM_6433D90101FF1' => NULL,
  'UF_CRM_6433D90631990' => 'N',
  'UF_CRM_6433D90AC33C4' => 'N',
  'UF_CRM_6433D90F71F5F' => NULL,
  'UF_CRM_6433D91464A5A' => 'N',
  'UF_CRM_6433D919209AA' => 'N',
  'UF_CRM_6433D91DC96A8' => NULL,
  'UF_CRM_6433D92778C5C' => NULL,
  'UF_CRM_6433D92C1FC55' => NULL,
  'UF_CRM_6433D93083EE6' => NULL,
  'UF_CRM_6433D9350FACA' => 'N',
  'UF_CRM_6433D93992C16' => 'N',
  'UF_CRM_6433D94E0279B' => NULL,
  'UF_CRM_6433D9529FF4B' => NULL,
  'UF_CRM_6433D9573EC42' => NULL,
  'UF_CRM_6433D95C4B2CA' => NULL,
  'UF_CRM_6433D96210B1B' => NULL,
  'UF_CRM_6433D966943B7' => NULL,
  'UF_CRM_6433D96B3E940' => NULL,
  'UF_CRM_6433D96FC2172' => NULL,
  'UF_CRM_6433D97487050' => NULL,
  'UF_CRM_6433D97979A13' => NULL,
  'UF_CRM_6433D97F0A3F5' => NULL,
  'UF_CRM_6433D988E2D02' => 'N',
  'UF_CRM_6433D9978DE67' => NULL,
  'UF_CRM_6433D99D4ED62' => 
  array (
  ),
  'UF_CRM_6433D9A2405D7' => NULL,
  'UF_CRM_6433D9A72985A' => 'N',
  'UF_CRM_6433D9AC79B71' => 'N',
  'UF_CRM_6433D9B1D29EE' => NULL,
  'UF_CRM_6433D9B6D6250' => NULL,
  'UF_CRM_6433D9C14D69E' => NULL,
  'UF_CRM_6433D9C61A5D8' => NULL,
  'UF_CRM_6433D9CAE827A' => NULL,
  'UF_CRM_6433D9CFAB885' => NULL,
  'UF_CRM_6433D9D5EB607' => NULL,
  'UF_CRM_6433D9DB9CB20' => NULL,
  'UF_CRM_6433D9E071032' => NULL,
  'UF_CRM_6433D9E61CF1D' => NULL,
  'UF_CRM_6433D9EAE80A2' => NULL,
  'UF_CRM_6433D9F0C964C' => NULL,
  'UF_CRM_6433D9F65FBDF' => 
  array (
  ),
  'UF_CRM_6433DA00C9646' => NULL,
  'UF_CRM_6433DA06B96E6' => 
  array (
  ),
  'UF_CRM_6433DA0B807E3' => NULL,
  'UF_CRM_6433DA105EF8B' => NULL,
  'UF_CRM_6433DA159BDDE' => NULL,
  'UF_CRM_6433DA1A8C1ED' => NULL,
  'UF_CRM_6433DA1F45E7B' => NULL,
  'UF_CRM_6433DA23E6F92' => NULL,
  'UF_CRM_6433DA28A8213' => NULL,
  'UF_CRM_6433DA2D9188A' => NULL,
  'UF_CRM_6433DA3332A3B' => NULL,
  'UF_CRM_6433DA387087D' => NULL,
  'UF_CRM_6433DA3D867BD' => NULL,
  'UF_CRM_6433DA42DE712' => 'N',
  'UF_CRM_6433DA47B9298' => 'N',
  'UF_CRM_6433DA4CBE556' => 'N',
  'UF_CRM_6433DA5287C90' => NULL,
  'UF_CRM_6433DA5785D79' => NULL,
  'UF_CRM_6433DA5C6531D' => NULL,
  'UF_CRM_6433DA614BC63' => NULL,
  'UF_CRM_6433DA6CBE342' => NULL,
  'UF_CRM_6433DA71A6ADF' => NULL,
  'UF_CRM_6433DA7B1FB7A' => NULL,
  'UF_CRM_6433DA8544CE5' => NULL,
  'UF_CRM_6433DA8B64379' => NULL,
  'UF_CRM_6433DA9089B3B' => NULL,
  'UF_CRM_6433DA9547D58' => NULL,
  'UF_CRM_6433DA9A90B10' => NULL,
  'UF_CRM_6433DA9F7B164' => 'N',
  'UF_CRM_6433DAAFB06E7' => NULL,
  'UF_CRM_6433DAB5170CB' => NULL,
  'UF_CRM_6433DABADC0AD' => 
  array (
  ),
  'UF_CRM_6433DABFD57B4' => NULL,
  'UF_CRM_6433DAC565F22' => NULL,
  'UF_CRM_6433DACB7665A' => NULL,
  'UF_CRM_6433DAD10872E' => NULL,
  'UF_CRM_6433DAD606254' => NULL,
  'UF_CRM_6433DADB6BE29' => NULL,
  'UF_CRM_6433DAE0DB90E' => 'N',
  'UF_CRM_6433DAE5D294F' => NULL,
  'UF_CRM_6433DAEA9AEB4' => NULL,
  'UF_CRM_6433DAF43BFA0' => NULL,
  'UF_CRM_6433DAF90CF31' => NULL,
  'UF_CRM_6433DAFE658A0' => NULL,
  'UF_CRM_6433DB03D0B4B' => NULL,
  'UF_CRM_6433DB09A48B3' => NULL,
  'UF_CRM_6433DB0EADBA3' => NULL,
  'UF_CRM_6433DB1376625' => 'N',
  'UF_CRM_6433DB18501D2' => 'N',
  'UF_CRM_6433DB1D65F3E' => NULL,
  'UF_CRM_6433DB23AE767' => NULL,
  'UF_CRM_6433DB291422B' => NULL,
  'UF_CRM_6433DB2E14E18' => NULL,
  'UF_CRM_6433DB330C82B' => NULL,
  'UF_CRM_6433DB381DAE3' => NULL,
  'UF_CRM_6433DB423C443' => NULL,
  'UF_CRM_6433DB4712020' => NULL,
  'UF_CRM_6433DB4C1C1D3' => NULL,
  'UF_CRM_6433DB513B488' => 
  array (
  ),
  'UF_CRM_6433DB56EE29D' => NULL,
  'UF_CRM_6433DB5C0606C' => NULL,
  'UF_CRM_6433DB61293DF' => 'N',
  'UF_CRM_6433DB667488F' => NULL,
  'UF_CRM_6433DB6BB1907' => NULL,
  'UF_CRM_6433DB70ABF48' => NULL,
  'UF_CRM_6433DB75B3CF3' => NULL,
  'UF_CRM_6433DB7B5B174' => NULL,
  'UF_CRM_6433DB804E21A' => NULL,
  'UF_CRM_6433DB8A5B216' => NULL,
  'UF_CRM_6433DB8FBE55A' => NULL,
  'UF_CRM_6433DB951130B' => NULL,
  'UF_CRM_6433DB9AA49A9' => NULL,
  'UF_CRM_6433DB9FCF9E4' => NULL,
  'UF_CRM_6433DBA519EAE' => NULL,
  'UF_CRM_6433DBAA49EB6' => NULL,
  'UF_CRM_6433DBAF367B5' => NULL,
  'UF_CRM_6433DBB42A707' => NULL,
  'UF_CRM_6433DBB98DD53' => '17611',
  'UF_CRM_6433DBBE90F98' => NULL,
  'UF_CRM_6433DBCD893E5' => NULL,
  'UF_CRM_6433DBD8A6465' => NULL,
  'UF_CRM_6433DBDD88F32' => NULL,
  'UF_CRM_6433DBE2A3E0F' => NULL,
  'UF_CRM_6433DBE7CB8D4' => NULL,
  'UF_CRM_6433DBED5A35F' => NULL,
  'UF_CRM_6433DBF277DA1' => NULL,
  'UF_CRM_6433DBF7A5906' => NULL,
  'UF_CRM_6433DBFCD0DAC' => NULL,
  'UF_CRM_6433DC01C49E0' => NULL,
  'UF_CRM_6433DC075C5C5' => NULL,
  'UF_CRM_6433DC0C620C9' => NULL,
  'UF_CRM_6433DC12355C4' => NULL,
  'UF_CRM_644253DA150F9' => NULL,
  'UF_CRM_6450B69DA5229' => NULL,
  'UF_CRM_6450B6A2B31FD' => NULL,
  'UF_CRM_6450B6A9A2DAA' => NULL,
  'UF_CRM_648307399DE36' => NULL,
  'UF_CRM_64DB52798B20D' => NULL,
  'UF_CRM_64DB528EA60C0' => NULL,
  'UF_CRM_64DB52953D51D' => NULL,
  'UF_CRM_65697A9FD755C' => NULL,
  'UF_CRM_65697AAB1C031' => NULL,
  'UF_CRM_1702273072' => NULL,
  'UF_CRM_6576A65667203' => NULL,
  'UF_CRM_65C07D53DF3FC' => NULL,
  'UF_CRM_65C07D6697009' => NULL,
  'UF_CRM_65C07D76E1FAE' => NULL,
  'UF_CRM_65C07D89BE1C2' => NULL,
  'UF_CRM_65C07DA44C596' => NULL,
  'UF_CRM_65C36CB41ED64' => NULL,
  'UF_CRM_65C36CC0819AC' => NULL,
  'UF_CRM_65C36CCC78A5D' => NULL,
  'UF_CRM_65C36CD8D34FA' => NULL,
  'UF_CRM_65C36CE48D4DC' => NULL,
  'UF_CRM_65C36CF138109' => NULL,
  'UF_CRM_65C36CFDE28CD' => NULL,
  'UF_CRM_65C36D0AA046B' => NULL,
  'UF_CRM_65C36D1778B3D' => NULL,
  'UF_CRM_65E85CE9DD498' => NULL,
  'UF_CRM_65E85CF698239' => NULL,
  'UF_CRM_65E85D0356B0C' => NULL,
  'UF_CRM_65E85D10E3929' => NULL,
  'UF_CRM_65E85D2AE9D32' => 'N',
  'UF_CRM_65E85D2D8F069' => 'N',
  'UF_CRM_65E85D530D947' => 'N',
  'UF_CRM_65E85D5F7B07F' => 'N',
  'UF_CRM_65E85D6C5B559' => 'N',
  'UF_CRM_65E85D79597B1' => 'N',
  'UF_CRM_65E85D9F2B5F3' => 'N',
  'UF_CRM_65E85DABD9DE9' => 'N',
  'UF_CRM_65E85DB91D47D' => NULL,
  'UF_CRM_65E85DC5AD086' => NULL,
  'UF_CRM_65E860588AF86' => 'N',
  'UF_CRM_65E86064DEDE9' => 'N',
  'UF_CRM_65E86071C7618' => NULL,
  'UF_CRM_65E8608C520EC' => 'N',
  'UF_CRM_65E860995BBB0' => 'N',
  'UF_CRM_65E860A6A668F' => NULL,
  'UF_CRM_65E860C07E03C' => 'N',
  'UF_CRM_65E8641A35FD2' => NULL,
  'UF_CRM_1702274795' => NULL,
  'UF_CRM_1702275014' => NULL,
  'UF_STAMP' => NULL,
  'UF_CRM_63DC8E81DE8D9' => 'N',
  'UF_CRM_63DC8E832E5A2' => 'N',
  'UF_CRM_63DC8E84208D9' => NULL,
  'UF_CRM_63DC8E84F225A' => NULL,
  'UF_DIRECTOR_SIGN' => NULL,
  'UF_CRM_63DC8E85CFCF8' => NULL,
  'UF_ACCOUNTANT_SIGN' => NULL,
  'UF_CRM_66278F492F2AB' => NULL,
  'UF_CRM_66278F56B20AB' => NULL,
  'UF_CRM_1614957860' => 
  array (
  ),
  'UF_CRM_63DC8E86B16B4' => NULL,
  'UF_CRM_COMPANY_AMO_MTMCUBCZWNNFI' => NULL,
  'UF_CRM_COMPANY_AMO_LDBCSXXLXKSAO' => NULL,
  'UF_CRM_COMPANY_AMO_IQELLRVUCLCMX' => NULL,
  'UF_CRM_COMPANY_AMO_STOVXRACHEMXN' => NULL,
  'UF_CRM_1614958759' => NULL,
  'UF_CRM_1614975460' => NULL,
  'UF_CRM_1614960190' => NULL,
  'UF_CRM_1614960517' => 'N',
  'UF_CRM_655CAA3806A4E' => NULL,
  'UF_CRM_1614960589' => 'N',
  'UF_CRM_1614960625' => 'N',
  'UF_CRM_1614960645' => 'N',
  'UF_CRM_1664274186' => 'N',
  'UF_CRM_1664274218' => 'N',
  'UF_CRM_1615066460' => NULL,
  'UF_CRM_1615200179' => NULL,
  'UF_CRM_1615200236' => 
  array (
  ),
  'UF_CRM_1666263448' => NULL,
  'UF_CRM_1680181141' => NULL,
  'UF_CRM_63DC8E8791D13' => NULL,
  'UF_CRM_1671612944' => 
  array (
  ),
  'UF_CRM_1671612985' => 
  array (
  ),
  'UF_CRM_1617022509_SINGLE' => NULL,
  'UF_CRM_COMPANY_SS_ORG_SINGLE' => NULL,
  'UF_CRM_1687947495_SINGLE' => NULL,
  'UF_CRM_64DB2F96F1AE7_SINGLE' => NULL,
  'UF_CRM_64DB2F9DECE37_SINGLE' => NULL,
  'UF_CRM_64DB441DEE816_SINGLE' => NULL,
  'UF_CRM_64DB4425AB05C_SINGLE' => NULL,
  'UF_CRM_64DB442E55674_SINGLE' => NULL,
  'UF_CRM_64DB4434EF3A3_SINGLE' => NULL,
  'UF_CRM_64DB443BE1A9C_SINGLE' => NULL,
  'UF_CRM_64DB444343D37_SINGLE' => NULL,
  'UF_CRM_1693788279_SINGLE' => NULL,
  'UF_CRM_RU_DIADOK_SINGLE' => NULL,
  'UF_CRM_6526A6509E0DC_SINGLE' => NULL,
  'UF_CRM_6545DCFE01CA4_SINGLE' => NULL,
  'UF_CRM_6545DD05C700C_SINGLE' => NULL,
  'UF_CRM_65DF019419A3C_SINGLE' => NULL,
  'UF_CRM_6433D4F3F2CA8_SINGLE' => NULL,
  'UF_CRM_6433D58274BF2_SINGLE' => NULL,
  'UF_CRM_6433D5FEDCCDC_SINGLE' => NULL,
  'UF_CRM_6433D6084A319_SINGLE' => NULL,
  'UF_CRM_6433D62FE7442_SINGLE' => NULL,
  'UF_CRM_6433D6355E340_SINGLE' => NULL,
  'UF_CRM_6433D63A11E51_SINGLE' => NULL,
  'UF_CRM_6433D702C5A07_SINGLE' => NULL,
  'UF_CRM_6433D70829928_SINGLE' => NULL,
  'UF_CRM_6433D7112B0A2_SINGLE' => NULL,
  'UF_CRM_6433D72469DA8_SINGLE' => NULL,
  'UF_CRM_6433D7290604B_SINGLE' => NULL,
  'UF_CRM_6433D7328E598_SINGLE' => NULL,
  'UF_CRM_6433D777E2973_SINGLE' => NULL,
  'UF_CRM_6433D7D2CA9D0_SINGLE' => NULL,
  'UF_CRM_6433D80C6AAC2_SINGLE' => NULL,
  'UF_CRM_6433D844B7B1F_SINGLE' => NULL,
  'UF_CRM_6433D86D38393_SINGLE' => NULL,
  'UF_CRM_6433D8719A73A_SINGLE' => NULL,
  'UF_CRM_6433D8B6D4588_SINGLE' => NULL,
  'UF_CRM_6433D8E367985_SINGLE' => NULL,
  'UF_CRM_6433D8ED76753_SINGLE' => NULL,
  'UF_CRM_6433D94467769_SINGLE' => NULL,
  'UF_CRM_6433D9494F3E2_SINGLE' => NULL,
  'UF_CRM_6433D98DC980E_SINGLE' => NULL,
  'UF_CRM_6433D9928709F_SINGLE' => NULL,
  'UF_CRM_6433D99D4ED62_SINGLE' => NULL,
  'UF_CRM_6433D9F65FBDF_SINGLE' => NULL,
  'UF_CRM_6433D9FB43081_SINGLE' => NULL,
  'UF_CRM_6433DA06B96E6_SINGLE' => NULL,
  'UF_CRM_6433DABADC0AD_SINGLE' => NULL,
  'UF_CRM_6433DB513B488_SINGLE' => NULL,
  'UF_CRM_6433DBC84FB76_SINGLE' => NULL,
  'UF_CRM_64DB52953D51D_SINGLE' => NULL,
  'UF_CRM_1614957860_SINGLE' => NULL,
  'UF_CRM_1615200236_SINGLE' => NULL,
  'UF_CRM_1671612944_SINGLE' => NULL,
  'UF_CRM_1671612985_SINGLE' => NULL,
  'PARENT_ID_129' => NULL,
  'PARENT_ID_132' => NULL,
  'PARENT_ID_133' => NULL,
  'PARENT_ID_134' => NULL,
  'PARENT_ID_147' => NULL,
  'PARENT_ID_148' => NULL,
  'PARENT_ID_149' => NULL,
  'PARENT_ID_151' => NULL,
  'PARENT_ID_153' => NULL,
  'PARENT_ID_157' => NULL,
  'PARENT_ID_174' => NULL,
  'PARENT_ID_175' => NULL,
  'PARENT_ID_182' => NULL,
  'PARENT_ID_184' => NULL,
  'PARENT_ID_185' => NULL,
  'PARENT_ID_190' => NULL,
  'Тип' => 'Компания',
  'contactPersonDetails' => 
  array (
    0 => 
    array (
      'nameText' => 'Хлгатян Анаит Альбертовна',
      'birthDate' => '',
      'phone' => '928 405-22-66',
      'stateId' => '16',
      'commentText' => '',
    ),
  ),
  'Реквизиты' => 
  array (
    'ID' => '126487',
    'ENTITY_TYPE_ID' => '4',
    'ENTITY_ID' => '31440',
    'PRESET_ID' => '2',
    'DATE_CREATE' => '2023-07-12 11:23:12',
    'DATE_MODIFY' => '2024-05-14 10:32:05',
    'CREATED_BY_ID' => '0',
    'MODIFY_BY_ID' => '23712',
    'NAME' => 'Карпов Александр Сергеевич',
    'CODE' => NULL,
    'XML_ID' => NULL,
    'ORIGINATOR_ID' => NULL,
    'ACTIVE' => 'Y',
    'ADDRESS_ONLY' => 'N',
    'SORT' => '600',
    'RQ_NAME' => 'Карпов Александр Сергеевич',
    'RQ_FIRST_NAME' => 'Александр',
    'RQ_LAST_NAME' => 'Карпов',
    'RQ_SECOND_NAME' => 'Сергеевич',
    'RQ_COMPANY_NAME' => NULL,
    'RQ_COMPANY_FULL_NAME' => NULL,
    'RQ_COMPANY_REG_DATE' => '20.11.2018',
    'RQ_DIRECTOR' => NULL,
    'RQ_ACCOUNTANT' => NULL,
    'RQ_CEO_NAME' => NULL,
    'RQ_CEO_WORK_POS' => NULL,
    'RQ_CONTACT' => NULL,
    'RQ_EMAIL' => NULL,
    'RQ_PHONE' => NULL,
    'RQ_FAX' => NULL,
    'RQ_IDENT_TYPE' => NULL,
    'RQ_IDENT_DOC' => 'Паспорт гражданина Российской Федерации',
    'RQ_IDENT_DOC_SER' => '0314',
    'RQ_IDENT_DOC_NUM' => '632039',
    'RQ_IDENT_DOC_PERS_NUM' => NULL,
    'RQ_IDENT_DOC_DATE' => '15.09.2014',
    'RQ_IDENT_DOC_ISSUED_BY' => 'ОТДЕЛЕНИЕМ УФМС РОССИИ ПО КРАСНОДАРСКОМУ КРАЮ В Г. ГЕЛЕНДЖИКЕ',
    'RQ_IDENT_DOC_DEP_CODE' => '230-016',
    'RQ_INN' => '230410666335',
    'RQ_KPP' => NULL,
    'RQ_USRLE' => NULL,
    'RQ_IFNS' => NULL,
    'RQ_OGRN' => NULL,
    'RQ_OGRNIP' => '318237500438030',
    'RQ_OKPO' => '',
    'RQ_OKTMO' => NULL,
    'RQ_OKVED' => '',
    'RQ_EDRPOU' => NULL,
    'RQ_DRFO' => NULL,
    'RQ_KBE' => NULL,
    'RQ_IIN' => NULL,
    'RQ_BIN' => NULL,
    'RQ_ST_CERT_SER' => NULL,
    'RQ_ST_CERT_NUM' => NULL,
    'RQ_ST_CERT_DATE' => NULL,
    'RQ_VAT_PAYER' => 'N',
    'RQ_VAT_ID' => NULL,
    'RQ_VAT_CERT_SER' => NULL,
    'RQ_VAT_CERT_NUM' => NULL,
    'RQ_VAT_CERT_DATE' => NULL,
    'RQ_RESIDENCE_COUNTRY' => NULL,
    'RQ_BASE_DOC' => NULL,
    'RQ_REGON' => NULL,
    'RQ_KRS' => NULL,
    'RQ_PESEL' => NULL,
    'RQ_LEGAL_FORM' => NULL,
    'RQ_SIRET' => NULL,
    'RQ_SIREN' => NULL,
    'RQ_CAPITAL' => NULL,
    'RQ_RCS' => NULL,
    'RQ_SIGNATURE' => NULL,
    'RQ_STAMP' => NULL,
    'RQ_COMPANY_ID' => NULL,
    'RQ_CNPJ' => NULL,
    'RQ_STATE_REG' => NULL,
    'RQ_MNPL_REG' => NULL,
    'RQ_CPF' => NULL,
    'VALUE_ID' => '126487',
    'UF_CRM_1647929611' => 'ГОР. ГЕЛЕНДЖИК КРАСНОДАРСКОГО КРАЯ',
    'UF_CRM_1647931933' => NULL,
    'UF_CRM_1647931942' => NULL,
    'UF_CRM_1647931950' => NULL,
    'UF_CRM_1647931979' => NULL,
    'UF_CRM_1647931992' => NULL,
    'UF_CRM_1647932011' => NULL,
    'UF_CRM_1651842340' => NULL,
    'UF_CRM_1684476607' => NULL,
    'UF_CRM_1684493639' => '1994-09-11 00:00:00',
    'UF_CRM_1688964741' => 'Межрайонная инспекция Федеральной налоговой службы №21 по Краснодарскому краю',
    'UF_CRM_1688965107' => NULL,
    'UF_CRM_1692611897' => NULL,
    'UF_CRM_1692611956' => NULL,
    'UF_CRM_1697697990' => '0',
    'UF_CRM_1697699468' => '0',
    'UF_CRM_1697782220' => '1',
    'UF_CRM_1697782233' => '0',
  ),
  'Адреса' => 
  array (
    0 => 
    array (
      'TYPE_ID' => '1',
      'ENTITY_TYPE_ID' => '8',
      'ENTITY_ID' => '126487',
      'ANCHOR_TYPE_ID' => '4',
      'ANCHOR_ID' => '31440',
      'ADDRESS_1' => 'Садовая ул, 33 ',
      'ADDRESS_2' => '5',
      'CITY' => 'Геленджик г',
      'POSTAL_CODE' => '353460',
      'REGION' => NULL,
      'PROVINCE' => 'Краснодарский край',
      'COUNTRY' => 'Россия',
      'COUNTRY_CODE' => NULL,
      'LOC_ADDR_ID' => '311191',
      'IS_DEF' => '1',
      'ID' => '1017741',
      'STREET' => NULL,
      'BUILDING' => NULL,
      'HOUSE' => '33 ',
    ),
    1 => 
    array (
      'TYPE_ID' => '4',
      'ENTITY_TYPE_ID' => '8',
      'ENTITY_ID' => '126487',
      'ANCHOR_TYPE_ID' => '4',
      'ANCHOR_ID' => '31440',
      'ADDRESS_1' => 'Садовая ул, 33 ',
      'ADDRESS_2' => '5',
      'CITY' => 'Геленджик г',
      'POSTAL_CODE' => '353460',
      'REGION' => NULL,
      'PROVINCE' => 'Краснодарский край',
      'COUNTRY' => 'Россия',
      'COUNTRY_CODE' => NULL,
      'LOC_ADDR_ID' => '311192',
      'IS_DEF' => '1',
      'ID' => '1017742',
      'STREET' => NULL,
      'BUILDING' => NULL,
      'HOUSE' => '33 ',
    ),
  ),
  'Банк' => 
  array (
    0 => 
    array (
      'ID' => '798',
      'ENTITY_TYPE_ID' => '8',
      'ENTITY_ID' => '126487',
      'COUNTRY_ID' => '1',
      'DATE_CREATE' => '2023-10-20 18:08:27',
      'DATE_MODIFY' => '2024-05-14 10:32:08',
      'CREATED_BY_ID' => '23767',
      'MODIFY_BY_ID' => '23712',
      'NAME' => 'Расчетный счет',
      'CODE' => NULL,
      'XML_ID' => NULL,
      'ORIGINATOR_ID' => NULL,
      'ACTIVE' => 'Y',
      'SORT' => '500',
      'RQ_BANK_NAME' => 'АО "Тинькофф Банк"',
      'RQ_BANK_ADDR' => '',
      'RQ_BANK_ROUTE_NUM' => NULL,
      'RQ_BIK' => '044525974',
      'RQ_MFO' => NULL,
      'RQ_ACC_NAME' => NULL,
      'RQ_ACC_NUM' => '40802810700002997456',
      'RQ_IIK' => NULL,
      'RQ_ACC_CURRENCY' => 'Рубль',
      'RQ_COR_ACC_NUM' => '30101810145250000974',
      'RQ_IBAN' => NULL,
      'RQ_SWIFT' => '',
      'RQ_BIC' => NULL,
      'RQ_CODEB' => NULL,
      'RQ_CODEG' => NULL,
      'RQ_RIB' => NULL,
      'COMMENTS' => 'МКК',
      'RQ_BANK_CODE' => NULL,
      'RQ_ACC_TYPE' => NULL,
      'RQ_AGENCY_NAME' => NULL,
    ),
  ),
  'КонтактныеДанные' => 
  array (
    0 => 
    array (
      'ID' => '1507602',
      'ENTITY_ID' => 'COMPANY',
      'ELEMENT_ID' => '31440',
      'TYPE_ID' => 'PHONE',
      'VALUE_TYPE' => 'MOBILE',
      'COMPLEX_ID' => 'PHONE_MOBILE',
      'VALUE' => '+79892776377',
    ),
    1 => 
    array (
      'ID' => '1507732',
      'ENTITY_ID' => 'COMPANY',
      'ELEMENT_ID' => '31440',
      'TYPE_ID' => 'PHONE',
      'VALUE_TYPE' => 'WORK',
      'COMPLEX_ID' => 'PHONE_WORK',
      'VALUE' => '+79996346377',
    ),
    2 => 
    array (
      'ID' => '1244067',
      'ENTITY_ID' => 'COMPANY',
      'ELEMENT_ID' => '31440',
      'TYPE_ID' => 'EMAIL',
      'VALUE_TYPE' => 'OTHER',
      'COMPLEX_ID' => 'EMAIL_OTHER',
      'VALUE' => 'xx.karpov@gmail.com',
    ),
  ),
  'Представитель' => '',
  'Бенефициар1' => NULL,
  'Бенефициар2' => NULL,
  'Бенефициар3' => NULL,
  'Бенефициар4' => NULL,
  'Бенефициар5' => NULL,
  'ФилиалАвтора' => '01b47326-66fb-11ed-80e8-d6b7a50f497f',
  'Автор' => 'b577137f-b9ac-11ed-80f7-f9baaaa059d1',
  'clientGroup' => 'Хлгатян',
)
#0: KPLab\OneC\Export\Company->export
	/home/bitrix/www/local/classes/onec/export/company.php:190
#1: KPLab\OneC\Export\Company->init
	/home/bitrix/www/local/classes/onec/export/zayavka.php:106
#2: KPLab\OneC\Export\Zayavka->init
	/home/bitrix/www/bitrix/activities/bitrix/codeactivity/codeactivity.php(25) : eval()'d code:2
#3: eval
	/home/bitrix/www/bitrix/activities/bitrix/codeactivity/codeactivity.php:25
#4: CBPCodeActivity->execute
	/home/bitrix/www/bitrix/modules/bizproc/classes/general/workflow.php:531
#5: CBPWorkflow->runQueuedItem
	/home/bitrix/www/bitrix/modules/bizproc/classes/general/workflow.php:494
----------
Host: crm.sodeistvie.su:443
Date: 2024-05-14 10:42:44
Module: Представитель

#0: KPLab\OneC\Export\Company->init
	/home/bitrix/www/local/classes/onec/export/zayavka.php:55
#1: KPLab\OneC\Export\Zayavka->init
	/home/bitrix/www/bitrix/activities/bitrix/codeactivity/codeactivity.php(25) : eval()'d code:2
#2: eval
	/home/bitrix/www/bitrix/activities/bitrix/codeactivity/codeactivity.php:25
#3: CBPCodeActivity->execute
	/home/bitrix/www/bitrix/modules/bizproc/classes/general/workflow.php:531
#4: CBPWorkflow->runQueuedItem
	/home/bitrix/www/bitrix/modules/bizproc/classes/general/workflow.php:494
#5: CBPWorkflow->runStep
	/home/bitrix/www/bitrix/modules/bizproc/classes/general/workflow.php:478
----------
Host: crm.sodeistvie.su:443
Date: 2024-05-14 10:42:44
Module: ФилиалАвтора
01b47326-66fb-11ed-80e8-d6b7a50f497f
#0: KPLab\OneC\Export\Company->init
	/home/bitrix/www/local/classes/onec/export/zayavka.php:55
#1: KPLab\OneC\Export\Zayavka->init
	/home/bitrix/www/bitrix/activities/bitrix/codeactivity/codeactivity.php(25) : eval()'d code:2
#2: eval
	/home/bitrix/www/bitrix/activities/bitrix/codeactivity/codeactivity.php:25
#3: CBPCodeActivity->execute
	/home/bitrix/www/bitrix/modules/bizproc/classes/general/workflow.php:531
#4: CBPWorkflow->runQueuedItem
	/home/bitrix/www/bitrix/modules/bizproc/classes/general/workflow.php:494
#5: CBPWorkflow->runStep
	/home/bitrix/www/bitrix/modules/bizproc/classes/general/workflow.php:478
----------
Host: crm.sodeistvie.su:443
Date: 2024-05-14 10:42:44
Module: Автор
ca316b39-a5f4-11ec-80c9-e1f3b4246527
#0: KPLab\OneC\Export\Company->init
	/home/bitrix/www/local/classes/onec/export/zayavka.php:55
#1: KPLab\OneC\Export\Zayavka->init
	/home/bitrix/www/bitrix/activities/bitrix/codeactivity/codeactivity.php(25) : eval()'d code:2
#2: eval
	/home/bitrix/www/bitrix/activities/bitrix/codeactivity/codeactivity.php:25
#3: CBPCodeActivity->execute
	/home/bitrix/www/bitrix/modules/bizproc/classes/general/workflow.php:531
#4: CBPWorkflow->runQueuedItem
	/home/bitrix/www/bitrix/modules/bizproc/classes/general/workflow.php:494
#5: CBPWorkflow->runStep
	/home/bitrix/www/bitrix/modules/bizproc/classes/general/workflow.php:478
----------
Host: crm.sodeistvie.su:443
Date: 2024-05-14 10:42:44
Module: clientId
9218
#0: KPLab\OneC\Export\Company->export
	/home/bitrix/www/local/classes/onec/export/company.php:190
#1: KPLab\OneC\Export\Company->init
	/home/bitrix/www/local/classes/onec/export/zayavka.php:55
#2: KPLab\OneC\Export\Zayavka->init
	/home/bitrix/www/bitrix/activities/bitrix/codeactivity/codeactivity.php(25) : eval()'d code:2
#3: eval
	/home/bitrix/www/bitrix/activities/bitrix/codeactivity/codeactivity.php:25
#4: CBPCodeActivity->execute
	/home/bitrix/www/bitrix/modules/bizproc/classes/general/workflow.php:531
#5: CBPWorkflow->runQueuedItem
	/home/bitrix/www/bitrix/modules/bizproc/classes/general/workflow.php:494
----------
Host: crm.sodeistvie.su:443
Date: 2024-05-14 10:42:44
Module: clientOrg
5
#0: KPLab\OneC\Export\Company->export
	/home/bitrix/www/local/classes/onec/export/company.php:190
#1: KPLab\OneC\Export\Company->init
	/home/bitrix/www/local/classes/onec/export/zayavka.php:55
#2: KPLab\OneC\Export\Zayavka->init
	/home/bitrix/www/bitrix/activities/bitrix/codeactivity/codeactivity.php(25) : eval()'d code:2
#3: eval
	/home/bitrix/www/bitrix/activities/bitrix/codeactivity/codeactivity.php:25
#4: CBPCodeActivity->execute
	/home/bitrix/www/bitrix/modules/bizproc/classes/general/workflow.php:531
#5: CBPWorkflow->runQueuedItem
	/home/bitrix/www/bitrix/modules/bizproc/classes/general/workflow.php:494
----------
Host: crm.sodeistvie.su:443
Date: 2024-05-14 10:42:44
Module: clientData
array (
  'OBSERVER_IDS' => 
  array (
  ),
  'LOGO' => '',
  'UF_CRM_BITCONF_ZOOM_REGISTRATION_ANSWERS' => NULL,
  'UF_CRM_1693788279' => 
  array (
    0 => 4066267,
  ),
  'UF_CRM_RUROBOT_SBP_QR_FILE' => NULL,
  'UF_CRM_RUROBOT_CHEK_QR_FILE' => NULL,
  'UF_CRM_6433D5CD87C30' => NULL,
  'UF_CRM_6433D5D634AD6' => NULL,
  'UF_CRM_6433D5FA970C9' => NULL,
  'UF_CRM_6433D5FEDCCDC' => false,
  'UF_CRM_6433D6036480A' => NULL,
  'UF_CRM_6433D6084A319' => false,
  'UF_CRM_6433D62FE7442' => false,
  'UF_CRM_6433D6355E340' => false,
  'UF_CRM_6433D63A11E51' => false,
  'UF_CRM_6433D6DD9702A' => NULL,
  'UF_CRM_6433D702C5A07' => false,
  'UF_CRM_6433D70829928' => false,
  'UF_CRM_6433D7112B0A2' => false,
  'UF_CRM_6433D72469DA8' => false,
  'UF_CRM_6433D7290604B' => false,
  'UF_CRM_6433D7328E598' => false,
  'UF_CRM_6433D7BFBF3C1' => NULL,
  'UF_CRM_6433D86D38393' => false,
  'UF_CRM_6433D8719A73A' => false,
  'UF_CRM_6433D88041ED1' => NULL,
  'UF_CRM_6433D8ED76753' => false,
  'UF_CRM_6433D922AAFBA' => NULL,
  'UF_CRM_6433D93E62E9D' => NULL,
  'UF_CRM_6433D94467769' => false,
  'UF_CRM_6433D9494F3E2' => false,
  'UF_CRM_6433D98DC980E' => false,
  'UF_CRM_6433D9928709F' => false,
  'UF_CRM_6433D9BC65B15' => NULL,
  'UF_CRM_6433D9FB43081' => false,
  'UF_CRM_6433DA7676DE8' => NULL,
  'UF_CRM_6433DA7FAA203' => NULL,
  'UF_CRM_6433DAEF79717' => NULL,
  'UF_CRM_6433DB8564D70' => NULL,
  'UF_CRM_6433DBC84FB76' => false,
  'UF_CRM_64DB528100CC9' => NULL,
  'UF_CRM_64DB52A38846D' => NULL,
  'COMMENTS' => NULL,
  'CONTACT_BINDINGS' => 
  array (
    0 => 
    array (
      'CONTACT_ID' => 197352,
      'SORT' => 10,
      'ROLE_ID' => 0,
      'IS_PRIMARY' => 'Y',
    ),
  ),
  'CONTACT_ID' => 
  array (
    0 => 197352,
  ),
  'UTM_SOURCE' => NULL,
  'UTM_MEDIUM' => NULL,
  'UTM_CAMPAIGN' => NULL,
  'UTM_CONTENT' => NULL,
  'UTM_TERM' => NULL,
  'ID' => 9218,
  'DATE_CREATE' => '18.11.2022 15:13:14',
  'DATE_MODIFY' => '14.05.2024 10:42:33',
  'CREATED_BY_ID' => 9668,
  'MODIFY_BY_ID' => 1,
  'ASSIGNED_BY_ID' => 24376,
  'OPENED' => 'Y',
  'TITLE' => 'ИП Хлгатян А.А.',
  'ADDRESS' => 'Андриади проезд, 2 ',
  'ADDRESS_LEGAL' => NULL,
  'BANKING_DETAILS' => NULL,
  'COMPANY_TYPE' => '5',
  'INDUSTRY' => NULL,
  'REVENUE' => 0.0,
  'CURRENCY_ID' => 'RUB',
  'EMPLOYEES' => NULL,
  'LEAD_ID' => NULL,
  'WEBFORM_ID' => 0,
  'ORIGINATOR_ID' => NULL,
  'ORIGIN_ID' => NULL,
  'ORIGIN_VERSION' => NULL,
  'HAS_PHONE' => 'Y',
  'HAS_EMAIL' => 'Y',
  'HAS_IMOL' => 'N',
  'IS_MY_COMPANY' => 'N',
  'CATEGORY_ID' => 0,
  'LAST_ACTIVITY_BY' => 1,
  'LAST_ACTIVITY_TIME' => '16.04.2024 10:37:13',
  'EMAIL_HOME' => NULL,
  'EMAIL_WORK' => NULL,
  'EMAIL_MAILING' => NULL,
  'PHONE_MOBILE' => NULL,
  'PHONE_WORK' => NULL,
  'PHONE_MAILING' => NULL,
  'IMOL' => NULL,
  'EMAIL' => NULL,
  'PHONE' => NULL,
  'UF_CRM_63DC8E17DA14A' => NULL,
  'UF_CRM_6433D456A993F' => NULL,
  'UF_CRM_6433D45A58732' => NULL,
  'UF_CRM_6433D45E0E48D' => NULL,
  'UF_CRM_6435331D97379' => NULL,
  'UF_CRM_643533226D993' => NULL,
  'UF_CRM_6435332D17E32' => NULL,
  'UF_CRM_6435333351197' => NULL,
  'UF_CRM_643533400DD7E' => NULL,
  'UF_CRM_64353346223BE' => NULL,
  'UF_CRM_643533543CB94' => NULL,
  'UF_CRM_6435335A78A8A' => NULL,
  'UF_CRM_64353366C4E98' => NULL,
  'UF_CRM_6435336CE33DF' => NULL,
  'UF_CRM_6436790C0A081' => NULL,
  'UF_CRM_6436791297084' => NULL,
  'UF_CRM_644B8F5F389E2' => NULL,
  'UF_CRM_64771CA96A441' => NULL,
  'UF_CRM_64771CAF31F16' => NULL,
  'UF_CRM_64806D472FDA8' => NULL,
  'UF_CRM_1554808760221' => NULL,
  'UF_LOGO' => NULL,
  'UF_CRM_1595595411835' => 'ИП Хлгатян Анаит Альбертовна',
  'UF_CRM_1596520984268' => NULL,
  'UF_CRM_1596520996191' => NULL,
  'UF_CRM_1596521014397' => NULL,
  'UF_CRM_1596521047550' => NULL,
  'UF_CRM_1596521064464' => NULL,
  'UF_CRM_1596521074308' => NULL,
  'UF_CRM_1617022509' => 
  array (
  ),
  'UF_CRM_1627544551724' => NULL,
  'UF_CRM_TB_TAGS' => NULL,
  'UF_CRM_COMPANY_SS_AGENT_DOC_NOMER_AM' => NULL,
  'UF_CRM_COMPANY_SS_AGENT_DOC_DATA_AM' => NULL,
  'UF_CRM_COMPANY_SS_FILIAL_OPEN_DATE_AM' => NULL,
  'UF_CRM_COMPANY_SS_FILIAL_CLOSE_DATE_AM' => NULL,
  'UF_CRM_COMPANY_SS_FILIAL_BOSS_AM' => NULL,
  'UF_CRM_COMPANY_SS_FILIAL_STATUS_AM' => NULL,
  'UF_CRM_1637754619884' => NULL,
  'UF_CRM_1637754682264' => NULL,
  'UF_CRM_1638788295103' => NULL,
  'UF_CRM_1638788442249' => NULL,
  'UF_CRM_1638789252369' => NULL,
  'UF_CRM_1638791492304' => NULL,
  'UF_CRM_1638791524660' => NULL,
  'UF_CRM_COMPANY_SS_SYNC_DATE' => '14.05.2024 10:42:31',
  'UF_CRM_COMPANY_SS_AM_ID' => '9c3560db-6729-11ed-80e8-d6b7a50f497f',
  'UF_CRM_COMPANY_SS_AK_ID' => NULL,
  'UF_CRM_COMPANY_SS_AS_ID' => NULL,
  'UF_CRM_COMPANY_SS_PREDSTAVITEL_DOLGNOST' => NULL,
  'UF_CRM_COMPANY_SS_PREDSTAVITEL_DOVERENNOST' => NULL,
  'UF_CRM_COMPANY_SS_ORG' => 
  array (
    0 => '5',
  ),
  'UF_CRM_COMPANY_SS_KASSA' => 'Y',
  'UF_CRM_APP_PL_COMPANY_COUNTRY' => NULL,
  'UF_CRM_APP_PL_COMPANY_TIMEZONE' => NULL,
  'UF_CRM_APP_PL_COMPANY_REGION' => NULL,
  'UF_CRM_CUST_LTIME' => NULL,
  'UF_CRM_1675248051686' => NULL,
  'UF_CRM_1675248084077' => NULL,
  'UF_CRM_1675251420593' => NULL,
  'UF_CRM_1675251431573' => NULL,
  'UF_CRM_1675251444631' => NULL,
  'UF_CRM_63DC8E18A4E2E' => NULL,
  'UF_CRM_63DC8E195EB36' => NULL,
  'UF_CRM_63DC8E1A3346D' => NULL,
  'UF_CRM_63DC8E26747B4' => NULL,
  'UF_CRM_63DC8E274B853' => NULL,
  'UF_CRM_63DC8E280E9E5' => NULL,
  'UF_CRM_63DC8E293CC7F' => 'N',
  'UF_CRM_63DC8E2A0BF88' => 'N',
  'UF_CRM_63DC8E2ABE9D8' => NULL,
  'UF_CRM_63DC8E2B7F52E' => 'N',
  'UF_CRM_63DC8E2C3AABE' => 'N',
  'UF_CRM_63DC8E2CEC51F' => NULL,
  'UF_CRM_63DC8E2DA91B8' => 'N',
  'UF_CRM_63DC8E2E74222' => 'N',
  'UF_CRM_63DC8E2F31F5B' => NULL,
  'UF_CRM_63DC8E2FF0CC2' => 'N',
  'UF_CRM_63DC8E30B7FAE' => 'N',
  'UF_CRM_63DC8E317ED45' => NULL,
  'UF_CRM_63DC8E323FF76' => 'N',
  'UF_CRM_63DC8E3306CAB' => 'N',
  'UF_CRM_63DC8E33C393B' => NULL,
  'UF_CRM_63DC8E3495C8D' => 'N',
  'UF_CRM_63DC8E355E686' => 'N',
  'UF_CRM_63DC8E3627033' => NULL,
  'UF_CRM_63DC8E36DB39D' => 'N',
  'UF_CRM_63DC8E379C254' => 'N',
  'UF_CRM_63DC8E38681EC' => NULL,
  'UF_CRM_63DC8E392D259' => 'N',
  'UF_CRM_63DC8E39E7034' => 'N',
  'UF_CRM_63DC8E3AAC4F7' => NULL,
  'UF_CRM_63DC8E3C39A26' => 'N',
  'UF_CRM_63DC8E3D01747' => NULL,
  'UF_CRM_63DC8E3DBFA43' => 'N',
  'UF_CRM_63DC8E3E90027' => NULL,
  'UF_CRM_63DC8E4028C58' => 'N',
  'UF_CRM_63DC8E40E39C2' => NULL,
  'UF_CRM_63DC8E41ACD58' => 'N',
  'UF_CRM_63DC8E427A06D' => 'N',
  'UF_CRM_63DC8E4340A22' => NULL,
  'UF_CRM_63DC8E4411725' => 'N',
  'UF_CRM_63DC8E44D1A58' => 'N',
  'UF_CRM_63DC8E459F68A' => NULL,
  'UF_CRM_63DC8E467D45B' => 'N',
  'UF_CRM_63DC8E474FBE9' => 'N',
  'UF_CRM_63DC8E481E707' => NULL,
  'UF_CRM_63DC8E48E257E' => 'N',
  'UF_CRM_63DC8E49A6390' => 'N',
  'UF_CRM_63DC8E4A719EA' => NULL,
  'UF_CRM_63DC8E4C2FC7D' => 'N',
  'UF_CRM_63DC8E4CEBF34' => NULL,
  'UF_CRM_63DC8E4DBCDB3' => 'N',
  'UF_CRM_63DC8E4E90E8C' => NULL,
  'UF_CRM_63DC8E4F5DD80' => 'N',
  'UF_CRM_63DC8E502565C' => 'N',
  'UF_CRM_63DC8E50E5D9E' => 'N',
  'UF_CRM_63DC8E51AF554' => 'N',
  'UF_CRM_63DC8E527AD60' => NULL,
  'UF_CRM_63DC8E535208E' => NULL,
  'UF_CRM_63DC8E5423AFA' => NULL,
  'UF_CRM_63DC8E54E21A1' => 'N',
  'UF_CRM_63DC8E55B527E' => 'N',
  'UF_CRM_63DC8E5689193' => 'N',
  'UF_CRM_63DC8E5759751' => 'N',
  'UF_CRM_63DC8E590765C' => 'N',
  'UF_CRM_63DC8E59D279D' => NULL,
  'UF_CRM_63DC8E5B7F55D' => 'N',
  'UF_CRM_63DC8E5C5D659' => NULL,
  'UF_CRM_63DC8E5E1E849' => 'N',
  'UF_CRM_63DC8E5EE72DA' => NULL,
  'UF_CRM_63DC8E609239F' => 'N',
  'UF_CRM_63DC8E616A5AE' => NULL,
  'UF_CRM_63DC8E633698E' => 'N',
  'UF_CRM_63DC8E640474F' => NULL,
  'UF_CRM_63DC8E665855D' => 'N',
  'UF_CRM_63DC8E6736DC5' => NULL,
  'UF_CRM_63DC8E68EC080' => 'N',
  'UF_CRM_63DC8E6AA1430' => NULL,
  'UF_CRM_63DC8E6B76E53' => 'N',
  'UF_CRM_63DC8E6C67591' => 'N',
  'UF_CRM_63DC8E6D42820' => 'N',
  'UF_CRM_63DC8E6E1CEB4' => 'N',
  'UF_CRM_63DC8E6EEE91A' => 'N',
  'UF_CRM_63DC8E70B4611' => 'N',
  'UF_CRM_63DC8E7190963' => NULL,
  'UF_CRM_63DC8E726D449' => NULL,
  'UF_CRM_63DC8E7356A8D' => NULL,
  'UF_CRM_63DC8E743500D' => NULL,
  'UF_CRM_63DC8E751A1D3' => NULL,
  'UF_CRM_63DC8E7627B00' => NULL,
  'UF_CRM_63DC8E771A045' => NULL,
  'UF_CRM_63DC8E7809694' => NULL,
  'UF_CRM_63DC8E78E0E4D' => NULL,
  'UF_CRM_63DC8E79C71A6' => NULL,
  'UF_CRM_63DC8E7AA9B36' => NULL,
  'UF_CRM_63DC8E7B98100' => NULL,
  'UF_CRM_63DC8E7C79C19' => NULL,
  'UF_CRM_63DC8E7D5B2DA' => NULL,
  'UF_CRM_63DC8E7E4167A' => NULL,
  'UF_CRM_63DC8E7F23CE9' => NULL,
  'UF_CRM_1675446456307' => NULL,
  'UF_CRM_63DDE3A4E68D7' => NULL,
  'UF_CRM_63DDE3A5D5155' => NULL,
  'UF_CRM_1675670468066' => NULL,
  'UF_CRM_63E3241DA30EB' => NULL,
  'UF_CRM_63E3241E9AADB' => 'N',
  'UF_CRM_63E4AAB613011' => NULL,
  'UF_CRM_63E4AAB703D9F' => NULL,
  'UF_CRM_BITCONF_LINK' => NULL,
  'UF_CRM_BITCONF_ZOOM_RECORDINGS' => NULL,
  'UF_CRM_BITCONF_RECORDINGS_VIDEO_YANDEX' => NULL,
  'UF_CRM_BITCONF_RECORDINGS_AUDIO_YANDEX' => NULL,
  'UF_CRM_BITCONF_RECORDINGS_CHAT_YANDEX' => NULL,
  'UF_CRM_BITCONF_RECORDINGS_VIDEO_GOOGLE' => NULL,
  'UF_CRM_BITCONF_RECORDINGS_AUDIO_GOOGLE' => NULL,
  'UF_CRM_BITCONF_RECORDINGS_CHAT_GOOGLE' => NULL,
  'UF_CRM_BITCONF_ZOOM_REGISTRATION_ANSWERS_JSON' => NULL,
  'UF_CRM_BITCONF_MEETING_ATTENDED' => NULL,
  'UF_CRM_BITCONF_MEETING_STARTED_AT' => NULL,
  'UF_CRM_BITCONF_MEETING_ENDED_AT' => NULL,
  'UF_CRM_BITCONF_PARTICIPANT_JOINED_AT' => NULL,
  'UF_CRM_BITCONF_PARTICIPANT_LEFT_AT' => NULL,
  'UF_CRM_641045F47BAFD' => NULL,
  'UF_CRM_6433D461D16E4' => 'N',
  'UF_CRM_6433D465984C7' => 'N',
  'UF_CRM_6433D4693830C' => NULL,
  'UF_CRM_6433D46CED244' => 'N',
  'UF_CRM_6433D4715A41B' => 'N',
  'UF_CRM_6433D47528CEC' => NULL,
  'UF_CRM_6433D478C504F' => 'N',
  'UF_CRM_6433D47CBD827' => 'N',
  'UF_CRM_6433D4807CDE8' => NULL,
  'UF_CRM_6433D48456D35' => 'N',
  'UF_CRM_6433D4884B09E' => 'N',
  'UF_CRM_6433D48C20F2B' => NULL,
  'UF_CRM_6433D490017A2' => 'N',
  'UF_CRM_6433D4944FECB' => 'N',
  'UF_CRM_6433D4983ED32' => NULL,
  'UF_CRM_6433D49C28BA5' => 'N',
  'UF_CRM_6433D4A01ACC8' => 'N',
  'UF_CRM_6433D4A3D37E1' => NULL,
  'UF_CRM_6433D4A7ACE1E' => 'N',
  'UF_CRM_6433D4ABE92F3' => 'N',
  'UF_CRM_6433D4AFBF977' => NULL,
  'UF_CRM_6433D4B3B2523' => 'N',
  'UF_CRM_6433D4B79F77B' => 'N',
  'UF_CRM_6433D4BB85C48' => NULL,
  'UF_CRM_6433D4BF52BB0' => 'N',
  'UF_CRM_6433D4C37C94A' => 'N',
  'UF_CRM_6433D4C77A09D' => NULL,
  'UF_CRM_6433D4CB915A3' => 'N',
  'UF_CRM_6433D4CF8CF6E' => 'N',
  'UF_CRM_6433D4D465778' => NULL,
  'UF_CRM_6433D4D94C9AA' => 'N',
  'UF_CRM_6433D4DD6A784' => 'N',
  'UF_CRM_6433D4E18FD6A' => NULL,
  'UF_CRM_6433D4E75196D' => 'N',
  'UF_CRM_6433D4EB83DB1' => NULL,
  'UF_CRM_6433D4EFA24C9' => 'N',
  'UF_CRM_643EAA1DA8B9E' => 'N',
  'UF_CRM_643EAA228B2B2' => 'N',
  'UF_CRM_643EAA275FE0A' => 'N',
  'UF_CRM_643EAA2C188C0' => 'N',
  'UF_CRM_643EAA314A615' => 'N',
  'UF_CRM_643EAA37A5511' => NULL,
  'UF_CRM_64406458C6D47' => NULL,
  'UF_CRM_6442676E5B421' => NULL,
  'UF_CRM_1683968549' => 'Y',
  'UF_CRM_1684145100226' => 11075,
  'UF_CRM_1685419394' => '2900000|RUB',
  'UF_CRM_1687947495' => 
  array (
  ),
  'UF_CRM_COMPANY_AMOID' => NULL,
  'UF_CRM_64A4EBD2F2518' => NULL,
  'UF_CRM_64AD00029054A' => 'N',
  'UF_CRM_64AD0008D2965' => 'N',
  'UF_CRM_64AD000F6A26A' => NULL,
  'UF_CRM_64AD00163C80C' => 'N',
  'UF_CRM_64AD001D86025' => 'N',
  'UF_CRM_64AD00250FFFD' => NULL,
  'UF_CRM_64AE8FC56D363' => NULL,
  'UF_CRM_64AF8DA50E037' => NULL,
  'UF_CRM_1690758867666' => NULL,
  'UF_CRM_1691009132416' => NULL,
  'UF_CRM_64CB9DDC41262' => NULL,
  'UF_CRM_64CB9DE1E3C7A' => NULL,
  'UF_CRM_64CB9DE974E5F' => NULL,
  'UF_CRM_64CB9DF06A260' => NULL,
  'UF_CRM_64CB9DF7289EE' => NULL,
  'UF_CRM_64CB9DFD55A33' => NULL,
  'UF_CRM_64CB9E03788BE' => NULL,
  'UF_CRM_64CB9E0A4860E' => NULL,
  'UF_CRM_64CB9E107B628' => NULL,
  'UF_CRM_64CB9E163F796' => NULL,
  'UF_CRM_64CB9E1C4DB78' => NULL,
  'UF_CRM_64CB9E229FA0B' => NULL,
  'UF_CRM_64CB9E293B527' => NULL,
  'UF_CRM_64CBA4252FB37' => NULL,
  'UF_CRM_64CC92553F409' => NULL,
  'UF_CRM_64CC925D91DEA' => NULL,
  'UF_CRM_64CC926670EC8' => NULL,
  'UF_CRM_64CC9270B6A35' => NULL,
  'UF_CRM_64CC927983D4C' => NULL,
  'UF_CRM_64CC928123D41' => NULL,
  'UF_CRM_64CC928CAA601' => NULL,
  'UF_CRM_64CCA29DAF094' => NULL,
  'UF_CRM_64D3B7766A327' => NULL,
  'UF_CRM_64DB2F838C6F1' => 'N',
  'UF_CRM_64DB2F8CA756C' => 'N',
  'UF_CRM_64DB2F96F1AE7' => 
  array (
  ),
  'UF_CRM_64DB2F9DECE37' => 
  array (
  ),
  'UF_CRM_64DB4411303D8' => NULL,
  'UF_CRM_64DB44175DA19' => NULL,
  'UF_CRM_64DB441DEE816' => 
  array (
  ),
  'UF_CRM_64DB4425AB05C' => 
  array (
  ),
  'UF_CRM_64DB442E55674' => 
  array (
  ),
  'UF_CRM_64DB4434EF3A3' => 
  array (
  ),
  'UF_CRM_64DB443BE1A9C' => 
  array (
  ),
  'UF_CRM_64DB444343D37' => 
  array (
  ),
  'UF_CRM_64DB444B5354D' => NULL,
  'UF_CRM_64DB4452990CE' => NULL,
  'UF_CRM_64E36750AEBF0' => NULL,
  'UF_CRM_64E4A00A7CB9E' => NULL,
  'UF_CRM_64E84230723F5' => NULL,
  'UF_CRM_1693311353902' => 'ТаблицаЗначений',
  'UF_CRM_1693311600025' => NULL,
  'UF_CRM_1693311707790' => NULL,
  'UF_CRM_1693373909306' => 'Карпов Александр Сергеевич',
  'UF_CRM_1693373994027' => 15234,
  'UF_CRM_1693374038734' => '9892776377',
  'UF_CRM_1693374057547' => '11.09.1994',
  'UF_CRM_64F1E491F0503' => 'N',
  'UF_CRM_1693822645477' => 'xx.karpov@gmail.com',
  'UF_CRM_1693822684054' => NULL,
  'UF_CRM_1693960373052' => 'Мать/Отец',
  'UF_CRM_64F83BC976C70' => 'N',
  'UF_CRM_64F83BD1CB037' => 'N',
  'UF_CRM_64F85EB57C226' => 'N',
  'UF_CRM_64F85EBC6293C' => NULL,
  'UF_CRM_64F86B718FCFD' => 'N',
  'UF_CRM_64F87C6C3D1EE' => 'N',
  'UF_CRM_64F87C75DAD9D' => 'N',
  'UF_CRM_64F87C829ADB5' => 'N',
  'UF_CRM_64F87C8D26E72' => 'N',
  'UF_CRM_64F87C94E75DB' => 'N',
  'UF_CRM_64F87CA1B6D24' => 'N',
  'UF_CRM_64F87CADDF550' => 'N',
  'UF_CRM_64F87CB6033F8' => 'N',
  'UF_CRM_RU_ANALITYCS' => NULL,
  'UF_CRM_RU_DIADOK' => NULL,
  'UF_CRM_RUROBOT_SBP_URL' => NULL,
  'UF_CRM_RUROBOT_CHEK_URL' => NULL,
  'UF_CRM_64FC867D4DEE8' => 'N',
  'UF_CRM_64FC8684B795C' => 'N',
  'UF_CRM_64FC868B2E901' => 'N',
  'UF_CRM_64FC86916ECC7' => 'N',
  'UF_CRM_64FC86980DBDF' => 'N',
  'UF_CRM_64FC869E70EA8' => 'N',
  'UF_CRM_1694331491' => '0|RUB',
  'UF_CRM_1694331571' => '2900000|RUB',
  'UF_CRM_65000439925C9' => NULL,
  'UF_CRM_1696457110' => '2967',
  'UF_CRM_6526A6509E0DC' => NULL,
  'UF_CRM_1697107946' => '2900000|RUB',
  'UF_CRM_1697107996' => '0|RUB',
  'UF_CRM_1697853788600' => '053843',
  'UF_CRM_1698731625472' => 16337,
  'UF_CRM_6545DCFE01CA4' => NULL,
  'UF_CRM_6545DD05C700C' => NULL,
  'UF_CRM_1699900252754' => 1715600538.0,
  'UF_CRM_1699900326048' => 1713530775.0,
  'UF_CRM_65532D05B660B' => NULL,
  'UF_CRM_655362454D77C' => NULL,
  'UF_CRM_1700138022' => '15.04.2024',
  'UF_CRM_1702534386502' => NULL,
  'UF_CRM_1702588306' => 31990,
  'UF_CRM_1702977601750' => NULL,
  'UF_CRM_1703078588' => NULL,
  'UF_CRM_1703659571229' => NULL,
  'UF_CRM_1706612347' => '+79284052266',
  'UF_CRM_1706777861' => NULL,
  'UF_CRM_1706982719' => 'АО "АЛЬФА-БАНК",ИНДИВИДУАЛЬНЫЙ ПРЕДПРИНИМАТЕЛЬ КАРПОВ АЛЕКСАНДР СЕРГЕЕВИЧ,Индивидуальный предприниматель Хлгатян Анаит Альбертовна,Общество с ограниченной ответственностью "Вайлдберриз",ООО "ВАЙЛДБЕРРИЗ"',
  'UF_CRM_1707302304' => 'Y',
  'UF_CRM_65C6057BAF241' => NULL,
  'UF_CRM_65C60D92B19B7' => NULL,
  'UF_CRM_65C61195E8DB7' => NULL,
  'UF_CRM_65CCB993C2573' => NULL,
  'UF_CRM_65D72BF9E93D7' => NULL,
  'UF_CRM_65DC313CB1773' => NULL,
  'UF_CRM_65DDDB805B504' => NULL,
  'UF_CRM_65DF019419A3C' => NULL,
  'UF_CRM_65F7F7EF6E7E9' => NULL,
  'UF_CRM_65F81729930B2' => NULL,
  'UF_CRM_1711362022506' => NULL,
  'UF_CRM_1711618126' => '390',
  'UF_CRM_1711620041' => 'Общая/Активный селлер',
  'UF_CRM_661F6476E1A93' => NULL,
  'UF_CRM_661F6483B8EEF' => NULL,
  'UF_CRM_661F6490F3174' => NULL,
  'UF_CRM_661F670FF0A79' => NULL,
  'UF_CRM_662B5EEF438BC' => NULL,
  'UF_CRM_663475C4986D4' => NULL,
  'UF_CRM_66347C5DB0C86' => NULL,
  'UF_CRM_66386DE83AC95' => NULL,
  'UF_CRM_66386F7ACABD4' => NULL,
  'UF_CRM_63DC8E8012089' => NULL,
  'UF_CRM_63DC8E80EAB7F' => NULL,
  'UF_CRM_1693311690037' => NULL,
  'UF_CRM_1702272911' => NULL,
  'UF_CRM_1702274540' => NULL,
  'UF_CRM_1702274893' => NULL,
  'UF_CRM_1702272991' => NULL,
  'UF_CRM_1702274601' => NULL,
  'UF_CRM_1702274922' => NULL,
  'UF_CRM_64AFAA0428E67' => 'N',
  'UF_CRM_64AFAA105D048' => 'N',
  'UF_CRM_64AFAA1D0C71B' => 'N',
  'UF_CRM_64AFAA2376C31' => 'N',
  'UF_CRM_64AFAA2A8534A' => 'N',
  'UF_CRM_64B140D1998BC' => 'N',
  'UF_CRM_1702273016' => NULL,
  'UF_CRM_1702274679' => NULL,
  'UF_CRM_1702274951' => NULL,
  'UF_CRM_1702273043' => NULL,
  'UF_CRM_1702274732' => NULL,
  'UF_CRM_1702274976' => NULL,
  'UF_CRM_6433D4F3F2CA8' => NULL,
  'UF_CRM_6433D4F7C68A9' => 'N',
  'UF_CRM_6433D50101E16' => NULL,
  'UF_CRM_6433D50520ADB' => NULL,
  'UF_CRM_6433D508F2841' => NULL,
  'UF_CRM_6433D510E1BF2' => NULL,
  'UF_CRM_6433D514BC640' => NULL,
  'UF_CRM_6433D51CA112C' => NULL,
  'UF_CRM_6433D520A8E02' => 'N',
  'UF_CRM_6433D5254091B' => NULL,
  'UF_CRM_6433D52904F0B' => NULL,
  'UF_CRM_6433D52CEDB5D' => NULL,
  'UF_CRM_6433D530C9D5F' => NULL,
  'UF_CRM_6433D534A5249' => NULL,
  'UF_CRM_6433D5388255E' => NULL,
  'UF_CRM_6433D53CA00A0' => NULL,
  'UF_CRM_6433D540C9219' => NULL,
  'UF_CRM_6433D544976E5' => 'N',
  'UF_CRM_6433D548AB2B9' => NULL,
  'UF_CRM_6433D54D26D1A' => NULL,
  'UF_CRM_6433D55116D68' => NULL,
  'UF_CRM_6433D554F00E2' => NULL,
  'UF_CRM_6433D55A380EF' => NULL,
  'UF_CRM_6433D55EDDC35' => NULL,
  'UF_CRM_6433D563076D3' => 'N',
  'UF_CRM_6433D566CFBDC' => 'N',
  'UF_CRM_6433D56AEC718' => NULL,
  'UF_CRM_6433D56EC2D16' => NULL,
  'UF_CRM_6433D572B7BD8' => NULL,
  'UF_CRM_6433D5769C207' => NULL,
  'UF_CRM_6433D57A918DD' => 'N',
  'UF_CRM_6433D57E709AC' => 'N',
  'UF_CRM_6433D58274BF2' => NULL,
  'UF_CRM_6433D58675AD3' => NULL,
  'UF_CRM_6433D58B15534' => 'N',
  'UF_CRM_6433D58F2C518' => 'N',
  'UF_CRM_6433D59377C10' => 'N',
  'UF_CRM_6433D59BB50D2' => NULL,
  'UF_CRM_6433D59FA70BF' => NULL,
  'UF_CRM_6433D5A39D79A' => NULL,
  'UF_CRM_6433D5A781D22' => 'N',
  'UF_CRM_6433D5ACCA71F' => 'N',
  'UF_CRM_6433D5B0BF6F6' => NULL,
  'UF_CRM_6433D5B551BCB' => NULL,
  'UF_CRM_6433D5BAC2650' => 'N',
  'UF_CRM_6433D5BFAFC5E' => 'N',
  'UF_CRM_6433D5C4C803A' => 'N',
  'UF_CRM_6433D5C94F74C' => 'N',
  'UF_CRM_6433D5D1B9D2D' => NULL,
  'UF_CRM_6433D5DB232A6' => NULL,
  'UF_CRM_6433D5DF58403' => NULL,
  'UF_CRM_6433D5E39E9D8' => NULL,
  'UF_CRM_6433D5E808AC3' => NULL,
  'UF_CRM_6433D5EC41159' => NULL,
  'UF_CRM_6433D5F0C05ED' => NULL,
  'UF_CRM_6433D5F64C9B9' => NULL,
  'UF_CRM_6433D60C9A897' => NULL,
  'UF_CRM_6433D6110E002' => NULL,
  'UF_CRM_6433D615EF44F' => 'N',
  'UF_CRM_6433D61A4109A' => 'N',
  'UF_CRM_6433D61EA2584' => 'N',
  'UF_CRM_6433D623015A5' => NULL,
  'UF_CRM_6433D62B9C7CA' => NULL,
  'UF_CRM_6433D63E714DA' => NULL,
  'UF_CRM_6433D64295EDD' => NULL,
  'UF_CRM_6433D6471B217' => NULL,
  'UF_CRM_6433D64B3FA42' => NULL,
  'UF_CRM_6433D64FC4DAA' => NULL,
  'UF_CRM_6433D6542205C' => NULL,
  'UF_CRM_6433D6587DE14' => NULL,
  'UF_CRM_6433D65CC025A' => NULL,
  'UF_CRM_6433D66113E88' => NULL,
  'UF_CRM_6433D66527DE4' => NULL,
  'UF_CRM_6433D669AEB8B' => NULL,
  'UF_CRM_6433D66EEFA4E' => NULL,
  'UF_CRM_6433D67394C6F' => NULL,
  'UF_CRM_6433D677D1006' => NULL,
  'UF_CRM_6433D67C18B9D' => NULL,
  'UF_CRM_6433D6814E4AF' => NULL,
  'UF_CRM_6433D685EAA16' => NULL,
  'UF_CRM_6433D68A37F87' => NULL,
  'UF_CRM_6433D68F4CCCF' => NULL,
  'UF_CRM_6433D6939D3CA' => NULL,
  'UF_CRM_6433D6981BA49' => NULL,
  'UF_CRM_6433D69C97CF7' => NULL,
  'UF_CRM_6433D6A10D288' => NULL,
  'UF_CRM_6433D6A67830F' => NULL,
  'UF_CRM_6433D6B4AF630' => NULL,
  'UF_CRM_6433D6B94F47D' => NULL,
  'UF_CRM_6433D6BD9D260' => NULL,
  'UF_CRM_6433D6C200515' => NULL,
  'UF_CRM_6433D6C6B088B' => NULL,
  'UF_CRM_6433D6CBCCBFA' => NULL,
  'UF_CRM_6433D6D049D2B' => NULL,
  'UF_CRM_6433D6D4B633A' => NULL,
  'UF_CRM_6433D6D956454' => NULL,
  'UF_CRM_6433D6E37CFF0' => NULL,
  'UF_CRM_6433D6E800BAE' => NULL,
  'UF_CRM_6433D6EC5FA96' => NULL,
  'UF_CRM_6433D6F0C99BA' => NULL,
  'UF_CRM_6433D6F5AC724' => NULL,
  'UF_CRM_6433D6FA26A12' => NULL,
  'UF_CRM_6433D70CCC90D' => 'N',
  'UF_CRM_6433D7157E09F' => NULL,
  'UF_CRM_6433D71A6FF09' => NULL,
  'UF_CRM_6433D71F3E8A5' => NULL,
  'UF_CRM_6433D7392E26A' => NULL,
  'UF_CRM_6433D73F0D2DF' => NULL,
  'UF_CRM_6433D743B1904' => NULL,
  'UF_CRM_6433D7487B115' => NULL,
  'UF_CRM_6433D74CD32E5' => NULL,
  'UF_CRM_6433D75163FC4' => NULL,
  'UF_CRM_6433D755A04D7' => NULL,
  'UF_CRM_6433D75F89BF9' => NULL,
  'UF_CRM_6433D764868E0' => NULL,
  'UF_CRM_6433D7696B073' => NULL,
  'UF_CRM_6433D76E7BB56' => NULL,
  'UF_CRM_6433D7731B7A3' => NULL,
  'UF_CRM_6433D777E2973' => 
  array (
  ),
  'UF_CRM_6433D77CBEA77' => NULL,
  'UF_CRM_6433D781210F0' => NULL,
  'UF_CRM_6433D78605E02' => NULL,
  'UF_CRM_6433D78AAB24A' => NULL,
  'UF_CRM_6433D78F9D85D' => NULL,
  'UF_CRM_6433D7947E2A2' => 'N',
  'UF_CRM_6433D798D40A4' => NULL,
  'UF_CRM_6433D79E2BF81' => 'N',
  'UF_CRM_6433D7A31BF36' => 'N',
  'UF_CRM_6433D7A79C4AD' => 'N',
  'UF_CRM_6433D7AC36DA0' => 'N',
  'UF_CRM_6433D7B0E89CA' => 'N',
  'UF_CRM_6433D7B5CA806' => 'N',
  'UF_CRM_6433D7BB32220' => NULL,
  'UF_CRM_6433D7C44A6BE' => NULL,
  'UF_CRM_6433D7C925893' => NULL,
  'UF_CRM_6433D7CDBE9B3' => NULL,
  'UF_CRM_6433D7D2CA9D0' => NULL,
  'UF_CRM_6433D7D85148E' => NULL,
  'UF_CRM_6433D7DD7CC2A' => NULL,
  'UF_CRM_6433D7E253448' => NULL,
  'UF_CRM_6433D7E6CD83C' => NULL,
  'UF_CRM_6433D7EB28C4D' => NULL,
  'UF_CRM_6433D7EFA5EE5' => 'N',
  'UF_CRM_6433D7F4C24BE' => 'N',
  'UF_CRM_6433D7F94E2BF' => 'N',
  'UF_CRM_6433D7FDA3CF7' => 'N',
  'UF_CRM_6433D8027C169' => NULL,
  'UF_CRM_6433D8076B60C' => NULL,
  'UF_CRM_6433D80C6AAC2' => NULL,
  'UF_CRM_6433D812D0410' => NULL,
  'UF_CRM_6433D8180E2AA' => NULL,
  'UF_CRM_6433D81CA7153' => NULL,
  'UF_CRM_6433D8213379F' => NULL,
  'UF_CRM_6433D825DEFE0' => NULL,
  'UF_CRM_6433D82B26028' => NULL,
  'UF_CRM_6433D8317589F' => NULL,
  'UF_CRM_6433D8365C605' => NULL,
  'UF_CRM_6433D83B28222' => NULL,
  'UF_CRM_6433D83FCD224' => NULL,
  'UF_CRM_6433D844B7B1F' => NULL,
  'UF_CRM_6433D849CB971' => NULL,
  'UF_CRM_6433D84FB1160' => NULL,
  'UF_CRM_6433D85482CE1' => NULL,
  'UF_CRM_6433D85991988' => NULL,
  'UF_CRM_6433D85E769F2' => NULL,
  'UF_CRM_6433D8631A037' => 'N',
  'UF_CRM_6433D868172EA' => 'N',
  'UF_CRM_6433D8767751E' => NULL,
  'UF_CRM_6433D87B71D16' => NULL,
  'UF_CRM_6433D88513B06' => NULL,
  'UF_CRM_6433D889AE929' => NULL,
  'UF_CRM_6433D88E9A256' => NULL,
  'UF_CRM_6433D8937CA28' => NULL,
  'UF_CRM_6433D8987B695' => NULL,
  'UF_CRM_6433D89D85315' => NULL,
  'UF_CRM_6433D8A27269E' => NULL,
  'UF_CRM_6433D8A761A6B' => NULL,
  'UF_CRM_6433D8ACC957A' => NULL,
  'UF_CRM_6433D8B19DA6D' => NULL,
  'UF_CRM_6433D8B6D4588' => 
  array (
  ),
  'UF_CRM_6433D8BB99B24' => NULL,
  'UF_CRM_6433D8C0A4C1A' => NULL,
  'UF_CRM_6433D8C5A9B9B' => NULL,
  'UF_CRM_6433D8CB550E6' => NULL,
  'UF_CRM_6433D8D01A638' => NULL,
  'UF_CRM_6433D8D4CBC9A' => NULL,
  'UF_CRM_6433D8D9C0945' => NULL,
  'UF_CRM_6433D8DE9D3AB' => NULL,
  'UF_CRM_6433D8E367985' => NULL,
  'UF_CRM_6433D8E8C1152' => NULL,
  'UF_CRM_6433D8F247A4D' => NULL,
  'UF_CRM_6433D8F7302F1' => 'N',
  'UF_CRM_6433D8FC11F83' => 'N',
  'UF_CRM_6433D90101FF1' => NULL,
  'UF_CRM_6433D90631990' => 'N',
  'UF_CRM_6433D90AC33C4' => 'N',
  'UF_CRM_6433D90F71F5F' => NULL,
  'UF_CRM_6433D91464A5A' => 'N',
  'UF_CRM_6433D919209AA' => 'N',
  'UF_CRM_6433D91DC96A8' => NULL,
  'UF_CRM_6433D92778C5C' => NULL,
  'UF_CRM_6433D92C1FC55' => NULL,
  'UF_CRM_6433D93083EE6' => NULL,
  'UF_CRM_6433D9350FACA' => 'N',
  'UF_CRM_6433D93992C16' => 'N',
  'UF_CRM_6433D94E0279B' => NULL,
  'UF_CRM_6433D9529FF4B' => NULL,
  'UF_CRM_6433D9573EC42' => NULL,
  'UF_CRM_6433D95C4B2CA' => NULL,
  'UF_CRM_6433D96210B1B' => NULL,
  'UF_CRM_6433D966943B7' => NULL,
  'UF_CRM_6433D96B3E940' => NULL,
  'UF_CRM_6433D96FC2172' => NULL,
  'UF_CRM_6433D97487050' => NULL,
  'UF_CRM_6433D97979A13' => NULL,
  'UF_CRM_6433D97F0A3F5' => NULL,
  'UF_CRM_6433D988E2D02' => 'N',
  'UF_CRM_6433D9978DE67' => NULL,
  'UF_CRM_6433D99D4ED62' => 
  array (
  ),
  'UF_CRM_6433D9A2405D7' => NULL,
  'UF_CRM_6433D9A72985A' => 'N',
  'UF_CRM_6433D9AC79B71' => 'N',
  'UF_CRM_6433D9B1D29EE' => NULL,
  'UF_CRM_6433D9B6D6250' => NULL,
  'UF_CRM_6433D9C14D69E' => NULL,
  'UF_CRM_6433D9C61A5D8' => NULL,
  'UF_CRM_6433D9CAE827A' => NULL,
  'UF_CRM_6433D9CFAB885' => NULL,
  'UF_CRM_6433D9D5EB607' => NULL,
  'UF_CRM_6433D9DB9CB20' => NULL,
  'UF_CRM_6433D9E071032' => NULL,
  'UF_CRM_6433D9E61CF1D' => NULL,
  'UF_CRM_6433D9EAE80A2' => NULL,
  'UF_CRM_6433D9F0C964C' => NULL,
  'UF_CRM_6433D9F65FBDF' => 
  array (
  ),
  'UF_CRM_6433DA00C9646' => NULL,
  'UF_CRM_6433DA06B96E6' => NULL,
  'UF_CRM_6433DA0B807E3' => NULL,
  'UF_CRM_6433DA105EF8B' => NULL,
  'UF_CRM_6433DA159BDDE' => NULL,
  'UF_CRM_6433DA1A8C1ED' => NULL,
  'UF_CRM_6433DA1F45E7B' => NULL,
  'UF_CRM_6433DA23E6F92' => NULL,
  'UF_CRM_6433DA28A8213' => NULL,
  'UF_CRM_6433DA2D9188A' => NULL,
  'UF_CRM_6433DA3332A3B' => NULL,
  'UF_CRM_6433DA387087D' => NULL,
  'UF_CRM_6433DA3D867BD' => NULL,
  'UF_CRM_6433DA42DE712' => 'N',
  'UF_CRM_6433DA47B9298' => 'N',
  'UF_CRM_6433DA4CBE556' => 'N',
  'UF_CRM_6433DA5287C90' => NULL,
  'UF_CRM_6433DA5785D79' => NULL,
  'UF_CRM_6433DA5C6531D' => NULL,
  'UF_CRM_6433DA614BC63' => NULL,
  'UF_CRM_6433DA6CBE342' => NULL,
  'UF_CRM_6433DA71A6ADF' => NULL,
  'UF_CRM_6433DA7B1FB7A' => NULL,
  'UF_CRM_6433DA8544CE5' => NULL,
  'UF_CRM_6433DA8B64379' => NULL,
  'UF_CRM_6433DA9089B3B' => NULL,
  'UF_CRM_6433DA9547D58' => NULL,
  'UF_CRM_6433DA9A90B10' => NULL,
  'UF_CRM_6433DA9F7B164' => 'N',
  'UF_CRM_6433DAAFB06E7' => NULL,
  'UF_CRM_6433DAB5170CB' => NULL,
  'UF_CRM_6433DABADC0AD' => 
  array (
  ),
  'UF_CRM_6433DABFD57B4' => NULL,
  'UF_CRM_6433DAC565F22' => NULL,
  'UF_CRM_6433DACB7665A' => NULL,
  'UF_CRM_6433DAD10872E' => NULL,
  'UF_CRM_6433DAD606254' => NULL,
  'UF_CRM_6433DADB6BE29' => NULL,
  'UF_CRM_6433DAE0DB90E' => 'N',
  'UF_CRM_6433DAE5D294F' => NULL,
  'UF_CRM_6433DAEA9AEB4' => NULL,
  'UF_CRM_6433DAF43BFA0' => NULL,
  'UF_CRM_6433DAF90CF31' => NULL,
  'UF_CRM_6433DAFE658A0' => NULL,
  'UF_CRM_6433DB03D0B4B' => NULL,
  'UF_CRM_6433DB09A48B3' => NULL,
  'UF_CRM_6433DB0EADBA3' => NULL,
  'UF_CRM_6433DB1376625' => 'N',
  'UF_CRM_6433DB18501D2' => 'N',
  'UF_CRM_6433DB1D65F3E' => NULL,
  'UF_CRM_6433DB23AE767' => NULL,
  'UF_CRM_6433DB291422B' => NULL,
  'UF_CRM_6433DB2E14E18' => NULL,
  'UF_CRM_6433DB330C82B' => NULL,
  'UF_CRM_6433DB381DAE3' => NULL,
  'UF_CRM_6433DB423C443' => NULL,
  'UF_CRM_6433DB4712020' => NULL,
  'UF_CRM_6433DB4C1C1D3' => NULL,
  'UF_CRM_6433DB513B488' => NULL,
  'UF_CRM_6433DB56EE29D' => NULL,
  'UF_CRM_6433DB5C0606C' => NULL,
  'UF_CRM_6433DB61293DF' => 'N',
  'UF_CRM_6433DB667488F' => NULL,
  'UF_CRM_6433DB6BB1907' => NULL,
  'UF_CRM_6433DB70ABF48' => NULL,
  'UF_CRM_6433DB75B3CF3' => NULL,
  'UF_CRM_6433DB7B5B174' => NULL,
  'UF_CRM_6433DB804E21A' => NULL,
  'UF_CRM_6433DB8A5B216' => NULL,
  'UF_CRM_6433DB8FBE55A' => NULL,
  'UF_CRM_6433DB951130B' => NULL,
  'UF_CRM_6433DB9AA49A9' => NULL,
  'UF_CRM_6433DB9FCF9E4' => NULL,
  'UF_CRM_6433DBA519EAE' => NULL,
  'UF_CRM_6433DBAA49EB6' => NULL,
  'UF_CRM_6433DBAF367B5' => NULL,
  'UF_CRM_6433DBB42A707' => NULL,
  'UF_CRM_6433DBB98DD53' => '17611',
  'UF_CRM_6433DBBE90F98' => NULL,
  'UF_CRM_6433DBCD893E5' => NULL,
  'UF_CRM_6433DBD8A6465' => NULL,
  'UF_CRM_6433DBDD88F32' => NULL,
  'UF_CRM_6433DBE2A3E0F' => NULL,
  'UF_CRM_6433DBE7CB8D4' => NULL,
  'UF_CRM_6433DBED5A35F' => NULL,
  'UF_CRM_6433DBF277DA1' => NULL,
  'UF_CRM_6433DBF7A5906' => NULL,
  'UF_CRM_6433DBFCD0DAC' => NULL,
  'UF_CRM_6433DC01C49E0' => NULL,
  'UF_CRM_6433DC075C5C5' => NULL,
  'UF_CRM_6433DC0C620C9' => NULL,
  'UF_CRM_6433DC12355C4' => NULL,
  'UF_CRM_644253DA150F9' => NULL,
  'UF_CRM_6450B69DA5229' => NULL,
  'UF_CRM_6450B6A2B31FD' => NULL,
  'UF_CRM_6450B6A9A2DAA' => NULL,
  'UF_CRM_648307399DE36' => NULL,
  'UF_CRM_64DB52798B20D' => NULL,
  'UF_CRM_64DB528EA60C0' => NULL,
  'UF_CRM_64DB52953D51D' => NULL,
  'UF_CRM_65697A9FD755C' => NULL,
  'UF_CRM_65697AAB1C031' => NULL,
  'UF_CRM_1702273072' => NULL,
  'UF_CRM_6576A65667203' => NULL,
  'UF_CRM_65C07D53DF3FC' => NULL,
  'UF_CRM_65C07D6697009' => NULL,
  'UF_CRM_65C07D76E1FAE' => NULL,
  'UF_CRM_65C07D89BE1C2' => NULL,
  'UF_CRM_65C07DA44C596' => NULL,
  'UF_CRM_65C36CB41ED64' => NULL,
  'UF_CRM_65C36CC0819AC' => NULL,
  'UF_CRM_65C36CCC78A5D' => NULL,
  'UF_CRM_65C36CD8D34FA' => NULL,
  'UF_CRM_65C36CE48D4DC' => NULL,
  'UF_CRM_65C36CF138109' => NULL,
  'UF_CRM_65C36CFDE28CD' => NULL,
  'UF_CRM_65C36D0AA046B' => NULL,
  'UF_CRM_65C36D1778B3D' => NULL,
  'UF_CRM_65E85CE9DD498' => NULL,
  'UF_CRM_65E85CF698239' => NULL,
  'UF_CRM_65E85D0356B0C' => NULL,
  'UF_CRM_65E85D10E3929' => NULL,
  'UF_CRM_65E85D2AE9D32' => NULL,
  'UF_CRM_65E85D2D8F069' => NULL,
  'UF_CRM_65E85D530D947' => NULL,
  'UF_CRM_65E85D5F7B07F' => NULL,
  'UF_CRM_65E85D6C5B559' => NULL,
  'UF_CRM_65E85D79597B1' => NULL,
  'UF_CRM_65E85D9F2B5F3' => NULL,
  'UF_CRM_65E85DABD9DE9' => NULL,
  'UF_CRM_65E85DB91D47D' => NULL,
  'UF_CRM_65E85DC5AD086' => NULL,
  'UF_CRM_65E860588AF86' => NULL,
  'UF_CRM_65E86064DEDE9' => NULL,
  'UF_CRM_65E86071C7618' => NULL,
  'UF_CRM_65E8608C520EC' => NULL,
  'UF_CRM_65E860995BBB0' => NULL,
  'UF_CRM_65E860A6A668F' => NULL,
  'UF_CRM_65E860C07E03C' => NULL,
  'UF_CRM_65E8641A35FD2' => NULL,
  'UF_CRM_1702274795' => NULL,
  'UF_CRM_1702275014' => NULL,
  'UF_STAMP' => NULL,
  'UF_CRM_63DC8E81DE8D9' => 'N',
  'UF_CRM_63DC8E832E5A2' => 'N',
  'UF_CRM_63DC8E84208D9' => NULL,
  'UF_CRM_63DC8E84F225A' => NULL,
  'UF_DIRECTOR_SIGN' => NULL,
  'UF_CRM_63DC8E85CFCF8' => NULL,
  'UF_ACCOUNTANT_SIGN' => NULL,
  'UF_CRM_66278F492F2AB' => NULL,
  'UF_CRM_66278F56B20AB' => NULL,
  'UF_CRM_1614957860' => 
  array (
  ),
  'UF_CRM_63DC8E86B16B4' => NULL,
  'UF_CRM_COMPANY_AMO_MTMCUBCZWNNFI' => NULL,
  'UF_CRM_COMPANY_AMO_LDBCSXXLXKSAO' => NULL,
  'UF_CRM_COMPANY_AMO_IQELLRVUCLCMX' => NULL,
  'UF_CRM_COMPANY_AMO_STOVXRACHEMXN' => NULL,
  'UF_CRM_1614958759' => NULL,
  'UF_CRM_1614975460' => NULL,
  'UF_CRM_1614960190' => NULL,
  'UF_CRM_1614960517' => 'N',
  'UF_CRM_655CAA3806A4E' => NULL,
  'UF_CRM_1614960589' => 'N',
  'UF_CRM_1614960625' => 'N',
  'UF_CRM_1614960645' => 'N',
  'UF_CRM_1664274186' => 'N',
  'UF_CRM_1664274218' => 'N',
  'UF_CRM_1615066460' => NULL,
  'UF_CRM_1615200179' => NULL,
  'UF_CRM_1615200236' => 
  array (
  ),
  'UF_CRM_1666263448' => NULL,
  'UF_CRM_1680181141' => NULL,
  'UF_CRM_63DC8E8791D13' => NULL,
  'UF_CRM_1671612944' => 
  array (
  ),
  'UF_CRM_1671612985' => 
  array (
  ),
  'UF_CRM_1617022509_SINGLE' => NULL,
  'UF_CRM_COMPANY_SS_ORG_SINGLE' => NULL,
  'UF_CRM_1687947495_SINGLE' => NULL,
  'UF_CRM_64DB2F96F1AE7_SINGLE' => NULL,
  'UF_CRM_64DB2F9DECE37_SINGLE' => NULL,
  'UF_CRM_64DB441DEE816_SINGLE' => NULL,
  'UF_CRM_64DB4425AB05C_SINGLE' => NULL,
  'UF_CRM_64DB442E55674_SINGLE' => NULL,
  'UF_CRM_64DB4434EF3A3_SINGLE' => NULL,
  'UF_CRM_64DB443BE1A9C_SINGLE' => NULL,
  'UF_CRM_64DB444343D37_SINGLE' => NULL,
  'UF_CRM_1693788279_SINGLE' => NULL,
  'UF_CRM_RU_DIADOK_SINGLE' => NULL,
  'UF_CRM_6526A6509E0DC_SINGLE' => NULL,
  'UF_CRM_6545DCFE01CA4_SINGLE' => NULL,
  'UF_CRM_6545DD05C700C_SINGLE' => NULL,
  'UF_CRM_65DF019419A3C_SINGLE' => NULL,
  'UF_CRM_6433D4F3F2CA8_SINGLE' => NULL,
  'UF_CRM_6433D58274BF2_SINGLE' => NULL,
  'UF_CRM_6433D5FEDCCDC_SINGLE' => NULL,
  'UF_CRM_6433D6084A319_SINGLE' => NULL,
  'UF_CRM_6433D62FE7442_SINGLE' => NULL,
  'UF_CRM_6433D6355E340_SINGLE' => NULL,
  'UF_CRM_6433D63A11E51_SINGLE' => NULL,
  'UF_CRM_6433D702C5A07_SINGLE' => NULL,
  'UF_CRM_6433D70829928_SINGLE' => NULL,
  'UF_CRM_6433D7112B0A2_SINGLE' => NULL,
  'UF_CRM_6433D72469DA8_SINGLE' => NULL,
  'UF_CRM_6433D7290604B_SINGLE' => NULL,
  'UF_CRM_6433D7328E598_SINGLE' => NULL,
  'UF_CRM_6433D777E2973_SINGLE' => NULL,
  'UF_CRM_6433D7D2CA9D0_SINGLE' => NULL,
  'UF_CRM_6433D80C6AAC2_SINGLE' => NULL,
  'UF_CRM_6433D844B7B1F_SINGLE' => NULL,
  'UF_CRM_6433D86D38393_SINGLE' => NULL,
  'UF_CRM_6433D8719A73A_SINGLE' => NULL,
  'UF_CRM_6433D8B6D4588_SINGLE' => NULL,
  'UF_CRM_6433D8E367985_SINGLE' => NULL,
  'UF_CRM_6433D8ED76753_SINGLE' => NULL,
  'UF_CRM_6433D94467769_SINGLE' => NULL,
  'UF_CRM_6433D9494F3E2_SINGLE' => NULL,
  'UF_CRM_6433D98DC980E_SINGLE' => NULL,
  'UF_CRM_6433D9928709F_SINGLE' => NULL,
  'UF_CRM_6433D99D4ED62_SINGLE' => NULL,
  'UF_CRM_6433D9F65FBDF_SINGLE' => NULL,
  'UF_CRM_6433D9FB43081_SINGLE' => NULL,
  'UF_CRM_6433DA06B96E6_SINGLE' => NULL,
  'UF_CRM_6433DABADC0AD_SINGLE' => NULL,
  'UF_CRM_6433DB513B488_SINGLE' => NULL,
  'UF_CRM_6433DBC84FB76_SINGLE' => NULL,
  'UF_CRM_64DB52953D51D_SINGLE' => NULL,
  'UF_CRM_1614957860_SINGLE' => NULL,
  'UF_CRM_1615200236_SINGLE' => NULL,
  'UF_CRM_1671612944_SINGLE' => NULL,
  'UF_CRM_1671612985_SINGLE' => NULL,
  'PARENT_ID_129' => NULL,
  'PARENT_ID_132' => NULL,
  'PARENT_ID_133' => NULL,
  'PARENT_ID_134' => NULL,
  'PARENT_ID_147' => NULL,
  'PARENT_ID_148' => NULL,
  'PARENT_ID_149' => NULL,
  'PARENT_ID_151' => NULL,
  'PARENT_ID_153' => NULL,
  'PARENT_ID_157' => NULL,
  'PARENT_ID_174' => NULL,
  'PARENT_ID_175' => NULL,
  'PARENT_ID_182' => NULL,
  'PARENT_ID_184' => NULL,
  'PARENT_ID_185' => NULL,
  'PARENT_ID_190' => NULL,
  'Тип' => 'Компания',
  'contactPersonDetails' => 
  array (
    0 => 
    array (
      'nameText' => 'Карпов Александр Сергеевич',
      'birthDate' => '',
      'phone' => ' 79892776377',
      'stateId' => '16',
      'commentText' => '',
    ),
  ),
  'Реквизиты' => 
  array (
    'ID' => '93699',
    'ENTITY_TYPE_ID' => '4',
    'ENTITY_ID' => '9218',
    'PRESET_ID' => '2',
    'DATE_CREATE' => '2022-11-18 15:13:14',
    'DATE_MODIFY' => '2024-05-14 10:42:31',
    'CREATED_BY_ID' => '0',
    'MODIFY_BY_ID' => '641',
    'NAME' => 'Хлгатян Анаит Альбертовна',
    'CODE' => NULL,
    'XML_ID' => NULL,
    'ORIGINATOR_ID' => NULL,
    'ACTIVE' => 'Y',
    'ADDRESS_ONLY' => 'N',
    'SORT' => '600',
    'RQ_NAME' => 'Хлгатян Анаит Альбертовна',
    'RQ_FIRST_NAME' => 'Анаит',
    'RQ_LAST_NAME' => 'Хлгатян',
    'RQ_SECOND_NAME' => 'Альбертовна',
    'RQ_COMPANY_NAME' => NULL,
    'RQ_COMPANY_FULL_NAME' => NULL,
    'RQ_COMPANY_REG_DATE' => '04.02.2010',
    'RQ_DIRECTOR' => NULL,
    'RQ_ACCOUNTANT' => NULL,
    'RQ_CEO_NAME' => NULL,
    'RQ_CEO_WORK_POS' => NULL,
    'RQ_CONTACT' => NULL,
    'RQ_EMAIL' => NULL,
    'RQ_PHONE' => NULL,
    'RQ_FAX' => NULL,
    'RQ_IDENT_TYPE' => NULL,
    'RQ_IDENT_DOC' => 'Паспорт гражданина Российской Федерации',
    'RQ_IDENT_DOC_SER' => '0309',
    'RQ_IDENT_DOC_NUM' => '414885',
    'RQ_IDENT_DOC_PERS_NUM' => NULL,
    'RQ_IDENT_DOC_DATE' => '16.02.2010',
    'RQ_IDENT_DOC_ISSUED_BY' => 'отделением УФМС России по Краснодарскому краю в гор. Геленджике',
    'RQ_IDENT_DOC_DEP_CODE' => '230-016',
    'RQ_INN' => '230407691500',
    'RQ_KPP' => NULL,
    'RQ_USRLE' => NULL,
    'RQ_IFNS' => NULL,
    'RQ_OGRN' => NULL,
    'RQ_OGRNIP' => '310230403500041',
    'RQ_OKPO' => '',
    'RQ_OKTMO' => NULL,
    'RQ_OKVED' => '47.91',
    'RQ_EDRPOU' => NULL,
    'RQ_DRFO' => NULL,
    'RQ_KBE' => NULL,
    'RQ_IIN' => NULL,
    'RQ_BIN' => NULL,
    'RQ_ST_CERT_SER' => NULL,
    'RQ_ST_CERT_NUM' => NULL,
    'RQ_ST_CERT_DATE' => NULL,
    'RQ_VAT_PAYER' => 'N',
    'RQ_VAT_ID' => NULL,
    'RQ_VAT_CERT_SER' => NULL,
    'RQ_VAT_CERT_NUM' => NULL,
    'RQ_VAT_CERT_DATE' => NULL,
    'RQ_RESIDENCE_COUNTRY' => NULL,
    'RQ_BASE_DOC' => NULL,
    'RQ_REGON' => NULL,
    'RQ_KRS' => NULL,
    'RQ_PESEL' => NULL,
    'RQ_LEGAL_FORM' => NULL,
    'RQ_SIRET' => NULL,
    'RQ_SIREN' => NULL,
    'RQ_CAPITAL' => NULL,
    'RQ_RCS' => NULL,
    'RQ_SIGNATURE' => NULL,
    'RQ_STAMP' => NULL,
    'RQ_COMPANY_ID' => NULL,
    'RQ_CNPJ' => NULL,
    'RQ_STATE_REG' => NULL,
    'RQ_MNPL_REG' => NULL,
    'RQ_CPF' => NULL,
    'VALUE_ID' => '93699',
    'UF_CRM_1647929611' => 'гор. Гюмри Респ. Армения',
    'UF_CRM_1647931933' => NULL,
    'UF_CRM_1647931942' => NULL,
    'UF_CRM_1647931950' => NULL,
    'UF_CRM_1647931979' => NULL,
    'UF_CRM_1647931992' => NULL,
    'UF_CRM_1647932011' => NULL,
    'UF_CRM_1651842340' => NULL,
    'UF_CRM_1684476607' => NULL,
    'UF_CRM_1684493639' => '1965-01-19 00:00:00',
    'UF_CRM_1688964741' => 'Инспекция Федеральной налоговой службы по городу-курорту Геленджику Краснодарского края',
    'UF_CRM_1688965107' => NULL,
    'UF_CRM_1692611897' => NULL,
    'UF_CRM_1692611956' => NULL,
    'UF_CRM_1697697990' => '0',
    'UF_CRM_1697699468' => '0',
    'UF_CRM_1697782220' => '1',
    'UF_CRM_1697782233' => '0',
  ),
  'Адреса' => 
  array (
    0 => 
    array (
      'TYPE_ID' => '1',
      'ENTITY_TYPE_ID' => '8',
      'ENTITY_ID' => '93699',
      'ANCHOR_TYPE_ID' => '4',
      'ANCHOR_ID' => '9218',
      'ADDRESS_1' => 'Андриади проезд, 2 ',
      'ADDRESS_2' => NULL,
      'CITY' => 'Геленджик г',
      'POSTAL_CODE' => '353495',
      'REGION' => NULL,
      'PROVINCE' => 'Краснодарский край',
      'COUNTRY' => 'Россия',
      'COUNTRY_CODE' => NULL,
      'LOC_ADDR_ID' => '200230',
      'IS_DEF' => '1',
      'ID' => '72491',
      'STREET' => NULL,
      'BUILDING' => NULL,
      'HOUSE' => '2 ',
    ),
    1 => 
    array (
      'TYPE_ID' => '4',
      'ENTITY_TYPE_ID' => '8',
      'ENTITY_ID' => '93699',
      'ANCHOR_TYPE_ID' => '4',
      'ANCHOR_ID' => '9218',
      'ADDRESS_1' => 'Андриади проезд, 2 ',
      'ADDRESS_2' => NULL,
      'CITY' => 'Геленджик г',
      'POSTAL_CODE' => '353495',
      'REGION' => NULL,
      'PROVINCE' => 'Краснодарский край',
      'COUNTRY' => 'Россия',
      'COUNTRY_CODE' => NULL,
      'LOC_ADDR_ID' => '200231',
      'IS_DEF' => '1',
      'ID' => '161768',
      'STREET' => NULL,
      'BUILDING' => NULL,
      'HOUSE' => '2 ',
    ),
  ),
  'Банк' => 
  array (
    0 => 
    array (
      'ID' => '796',
      'ENTITY_TYPE_ID' => '8',
      'ENTITY_ID' => '93699',
      'COUNTRY_ID' => '1',
      'DATE_CREATE' => '2023-10-20 18:07:49',
      'DATE_MODIFY' => '2024-05-14 10:42:34',
      'CREATED_BY_ID' => '23767',
      'MODIFY_BY_ID' => '641',
      'NAME' => 'Расчетный счет',
      'CODE' => NULL,
      'XML_ID' => NULL,
      'ORIGINATOR_ID' => NULL,
      'ACTIVE' => 'Y',
      'SORT' => '500',
      'RQ_BANK_NAME' => 'ООО "Банк Точка"',
      'RQ_BANK_ADDR' => '',
      'RQ_BANK_ROUTE_NUM' => NULL,
      'RQ_BIK' => '044525104',
      'RQ_MFO' => NULL,
      'RQ_ACC_NAME' => NULL,
      'RQ_ACC_NUM' => '40802810720000050763',
      'RQ_IIK' => NULL,
      'RQ_ACC_CURRENCY' => 'Рубль',
      'RQ_COR_ACC_NUM' => '30101810745374525104',
      'RQ_IBAN' => NULL,
      'RQ_SWIFT' => '',
      'RQ_BIC' => NULL,
      'RQ_CODEB' => NULL,
      'RQ_CODEG' => NULL,
      'RQ_RIB' => NULL,
      'COMMENTS' => 'МКК',
      'RQ_BANK_CODE' => NULL,
      'RQ_ACC_TYPE' => NULL,
      'RQ_AGENCY_NAME' => NULL,
    ),
    1 => 
    array (
      'ID' => '4842',
      'ENTITY_TYPE_ID' => '8',
      'ENTITY_ID' => '93699',
      'COUNTRY_ID' => '1',
      'DATE_CREATE' => '2024-04-19 16:09:24',
      'DATE_MODIFY' => '2024-05-14 10:42:34',
      'CREATED_BY_ID' => '24376',
      'MODIFY_BY_ID' => '641',
      'NAME' => 'Номинальный счет',
      'CODE' => NULL,
      'XML_ID' => NULL,
      'ORIGINATOR_ID' => NULL,
      'ACTIVE' => 'Y',
      'SORT' => '500',
      'RQ_BANK_NAME' => 'ООО "Банк Точка"',
      'RQ_BANK_ADDR' => '',
      'RQ_BANK_ROUTE_NUM' => NULL,
      'RQ_BIK' => '044525104',
      'RQ_MFO' => NULL,
      'RQ_ACC_NAME' => NULL,
      'RQ_ACC_NUM' => '40802810520000051687',
      'RQ_IIK' => NULL,
      'RQ_ACC_CURRENCY' => 'Рубль',
      'RQ_COR_ACC_NUM' => '30101810745374525104',
      'RQ_IBAN' => NULL,
      'RQ_SWIFT' => '',
      'RQ_BIC' => NULL,
      'RQ_CODEB' => NULL,
      'RQ_CODEG' => NULL,
      'RQ_RIB' => NULL,
      'COMMENTS' => 'МКК',
      'RQ_BANK_CODE' => NULL,
      'RQ_ACC_TYPE' => NULL,
      'RQ_AGENCY_NAME' => NULL,
    ),
  ),
  'КонтактныеДанные' => 
  array (
    0 => 
    array (
      'ID' => '989150',
      'ENTITY_ID' => 'COMPANY',
      'ELEMENT_ID' => '9218',
      'TYPE_ID' => 'PHONE',
      'VALUE_TYPE' => 'MOBILE',
      'COMPLEX_ID' => 'PHONE_MOBILE',
      'VALUE' => '+79284052266',
    ),
    1 => 
    array (
      'ID' => '1345504',
      'ENTITY_ID' => 'COMPANY',
      'ELEMENT_ID' => '9218',
      'TYPE_ID' => 'PHONE',
      'VALUE_TYPE' => 'MAILING',
      'COMPLEX_ID' => 'PHONE_MAILING',
      'VALUE' => '+79284052266',
    ),
    2 => 
    array (
      'ID' => '1105811',
      'ENTITY_ID' => 'COMPANY',
      'ELEMENT_ID' => '9218',
      'TYPE_ID' => 'EMAIL',
      'VALUE_TYPE' => 'OTHER',
      'COMPLEX_ID' => 'EMAIL_OTHER',
      'VALUE' => 'anait.hlgatyan@yandex.ru',
    ),
  ),
  'Представитель' => '',
  'Бенефициар1' => NULL,
  'Бенефициар2' => NULL,
  'Бенефициар3' => NULL,
  'Бенефициар4' => NULL,
  'Бенефициар5' => NULL,
  'ФилиалАвтора' => '01b47326-66fb-11ed-80e8-d6b7a50f497f',
  'Автор' => 'ca316b39-a5f4-11ec-80c9-e1f3b4246527',
  'clientGroup' => 'Хлгатян',
)
#0: KPLab\OneC\Export\Company->export
	/home/bitrix/www/local/classes/onec/export/company.php:190
#1: KPLab\OneC\Export\Company->init
	/home/bitrix/www/local/classes/onec/export/zayavka.php:55
#2: KPLab\OneC\Export\Zayavka->init
	/home/bitrix/www/bitrix/activities/bitrix/codeactivity/codeactivity.php(25) : eval()'d code:2
#3: eval
	/home/bitrix/www/bitrix/activities/bitrix/codeactivity/codeactivity.php:25
#4: CBPCodeActivity->execute
	/home/bitrix/www/bitrix/modules/bizproc/classes/general/workflow.php:531
#5: CBPWorkflow->runQueuedItem
	/home/bitrix/www/bitrix/modules/bizproc/classes/general/workflow.php:494
----------
Host: crm.sodeistvie.su:443
Date: 2024-05-14 10:42:52
Module: Представитель

#0: KPLab\OneC\Export\Company->init
	/home/bitrix/www/local/classes/onec/export/zayavka.php:106
#1: KPLab\OneC\Export\Zayavka->init
	/home/bitrix/www/bitrix/activities/bitrix/codeactivity/codeactivity.php(25) : eval()'d code:2
#2: eval
	/home/bitrix/www/bitrix/activities/bitrix/codeactivity/codeactivity.php:25
#3: CBPCodeActivity->execute
	/home/bitrix/www/bitrix/modules/bizproc/classes/general/workflow.php:531
#4: CBPWorkflow->runQueuedItem
	/home/bitrix/www/bitrix/modules/bizproc/classes/general/workflow.php:494
#5: CBPWorkflow->runStep
	/home/bitrix/www/bitrix/modules/bizproc/classes/general/workflow.php:478
----------
Host: crm.sodeistvie.su:443
Date: 2024-05-14 10:42:52
Module: ФилиалАвтора
01b47326-66fb-11ed-80e8-d6b7a50f497f
#0: KPLab\OneC\Export\Company->init
	/home/bitrix/www/local/classes/onec/export/zayavka.php:106
#1: KPLab\OneC\Export\Zayavka->init
	/home/bitrix/www/bitrix/activities/bitrix/codeactivity/codeactivity.php(25) : eval()'d code:2
#2: eval
	/home/bitrix/www/bitrix/activities/bitrix/codeactivity/codeactivity.php:25
#3: CBPCodeActivity->execute
	/home/bitrix/www/bitrix/modules/bizproc/classes/general/workflow.php:531
#4: CBPWorkflow->runQueuedItem
	/home/bitrix/www/bitrix/modules/bizproc/classes/general/workflow.php:494
#5: CBPWorkflow->runStep
	/home/bitrix/www/bitrix/modules/bizproc/classes/general/workflow.php:478
----------
Host: crm.sodeistvie.su:443
Date: 2024-05-14 10:42:52
Module: Автор
b577137f-b9ac-11ed-80f7-f9baaaa059d1
#0: KPLab\OneC\Export\Company->init
	/home/bitrix/www/local/classes/onec/export/zayavka.php:106
#1: KPLab\OneC\Export\Zayavka->init
	/home/bitrix/www/bitrix/activities/bitrix/codeactivity/codeactivity.php(25) : eval()'d code:2
#2: eval
	/home/bitrix/www/bitrix/activities/bitrix/codeactivity/codeactivity.php:25
#3: CBPCodeActivity->execute
	/home/bitrix/www/bitrix/modules/bizproc/classes/general/workflow.php:531
#4: CBPWorkflow->runQueuedItem
	/home/bitrix/www/bitrix/modules/bizproc/classes/general/workflow.php:494
#5: CBPWorkflow->runStep
	/home/bitrix/www/bitrix/modules/bizproc/classes/general/workflow.php:478
----------
Host: crm.sodeistvie.su:443
Date: 2024-05-14 10:42:52
Module: clientId
31440
#0: KPLab\OneC\Export\Company->export
	/home/bitrix/www/local/classes/onec/export/company.php:190
#1: KPLab\OneC\Export\Company->init
	/home/bitrix/www/local/classes/onec/export/zayavka.php:106
#2: KPLab\OneC\Export\Zayavka->init
	/home/bitrix/www/bitrix/activities/bitrix/codeactivity/codeactivity.php(25) : eval()'d code:2
#3: eval
	/home/bitrix/www/bitrix/activities/bitrix/codeactivity/codeactivity.php:25
#4: CBPCodeActivity->execute
	/home/bitrix/www/bitrix/modules/bizproc/classes/general/workflow.php:531
#5: CBPWorkflow->runQueuedItem
	/home/bitrix/www/bitrix/modules/bizproc/classes/general/workflow.php:494
----------
Host: crm.sodeistvie.su:443
Date: 2024-05-14 10:42:52
Module: clientOrg
5
#0: KPLab\OneC\Export\Company->export
	/home/bitrix/www/local/classes/onec/export/company.php:190
#1: KPLab\OneC\Export\Company->init
	/home/bitrix/www/local/classes/onec/export/zayavka.php:106
#2: KPLab\OneC\Export\Zayavka->init
	/home/bitrix/www/bitrix/activities/bitrix/codeactivity/codeactivity.php(25) : eval()'d code:2
#3: eval
	/home/bitrix/www/bitrix/activities/bitrix/codeactivity/codeactivity.php:25
#4: CBPCodeActivity->execute
	/home/bitrix/www/bitrix/modules/bizproc/classes/general/workflow.php:531
#5: CBPWorkflow->runQueuedItem
	/home/bitrix/www/bitrix/modules/bizproc/classes/general/workflow.php:494
----------
Host: crm.sodeistvie.su:443
Date: 2024-05-14 10:42:52
Module: clientData
array (
  'OBSERVER_IDS' => 
  array (
  ),
  'LOGO' => '',
  'UF_CRM_BITCONF_ZOOM_REGISTRATION_ANSWERS' => NULL,
  'UF_CRM_1693788279' => 
  array (
    0 => 4065974,
  ),
  'UF_CRM_RUROBOT_SBP_QR_FILE' => NULL,
  'UF_CRM_RUROBOT_CHEK_QR_FILE' => NULL,
  'UF_CRM_6433D5CD87C30' => NULL,
  'UF_CRM_6433D5D634AD6' => NULL,
  'UF_CRM_6433D5FA970C9' => NULL,
  'UF_CRM_6433D5FEDCCDC' => 
  array (
  ),
  'UF_CRM_6433D6036480A' => NULL,
  'UF_CRM_6433D6084A319' => 
  array (
  ),
  'UF_CRM_6433D62FE7442' => 
  array (
  ),
  'UF_CRM_6433D6355E340' => 
  array (
  ),
  'UF_CRM_6433D63A11E51' => 
  array (
  ),
  'UF_CRM_6433D6DD9702A' => NULL,
  'UF_CRM_6433D702C5A07' => 
  array (
  ),
  'UF_CRM_6433D70829928' => 
  array (
  ),
  'UF_CRM_6433D7112B0A2' => 
  array (
  ),
  'UF_CRM_6433D72469DA8' => 
  array (
  ),
  'UF_CRM_6433D7290604B' => 
  array (
  ),
  'UF_CRM_6433D7328E598' => 
  array (
  ),
  'UF_CRM_6433D7BFBF3C1' => NULL,
  'UF_CRM_6433D86D38393' => 
  array (
  ),
  'UF_CRM_6433D8719A73A' => 
  array (
  ),
  'UF_CRM_6433D88041ED1' => NULL,
  'UF_CRM_6433D8ED76753' => 
  array (
  ),
  'UF_CRM_6433D922AAFBA' => NULL,
  'UF_CRM_6433D93E62E9D' => NULL,
  'UF_CRM_6433D94467769' => 
  array (
  ),
  'UF_CRM_6433D9494F3E2' => 
  array (
  ),
  'UF_CRM_6433D98DC980E' => 
  array (
  ),
  'UF_CRM_6433D9928709F' => 
  array (
  ),
  'UF_CRM_6433D9BC65B15' => NULL,
  'UF_CRM_6433D9FB43081' => 
  array (
  ),
  'UF_CRM_6433DA7676DE8' => NULL,
  'UF_CRM_6433DA7FAA203' => NULL,
  'UF_CRM_6433DAEF79717' => NULL,
  'UF_CRM_6433DB8564D70' => NULL,
  'UF_CRM_6433DBC84FB76' => 
  array (
  ),
  'UF_CRM_64DB528100CC9' => NULL,
  'UF_CRM_64DB52A38846D' => NULL,
  'COMMENTS' => NULL,
  'CONTACT_BINDINGS' => 
  array (
    0 => 
    array (
      'CONTACT_ID' => 210604,
      'SORT' => 10,
      'ROLE_ID' => 0,
      'IS_PRIMARY' => 'Y',
    ),
  ),
  'CONTACT_ID' => 
  array (
    0 => 210604,
  ),
  'UTM_SOURCE' => NULL,
  'UTM_MEDIUM' => NULL,
  'UTM_CAMPAIGN' => NULL,
  'UTM_CONTENT' => NULL,
  'UTM_TERM' => NULL,
  'ID' => 31440,
  'DATE_CREATE' => '12.07.2023 11:23:11',
  'DATE_MODIFY' => '14.05.2024 10:42:41',
  'CREATED_BY_ID' => 23767,
  'MODIFY_BY_ID' => 1,
  'ASSIGNED_BY_ID' => 24376,
  'OPENED' => 'Y',
  'TITLE' => 'ИП Карпов А.С.',
  'ADDRESS' => '',
  'ADDRESS_LEGAL' => NULL,
  'BANKING_DETAILS' => NULL,
  'COMPANY_TYPE' => '5',
  'INDUSTRY' => NULL,
  'REVENUE' => 0.0,
  'CURRENCY_ID' => 'RUB',
  'EMPLOYEES' => NULL,
  'LEAD_ID' => NULL,
  'WEBFORM_ID' => 0,
  'ORIGINATOR_ID' => NULL,
  'ORIGIN_ID' => NULL,
  'ORIGIN_VERSION' => NULL,
  'HAS_PHONE' => 'Y',
  'HAS_EMAIL' => 'Y',
  'HAS_IMOL' => 'Y',
  'IS_MY_COMPANY' => 'N',
  'CATEGORY_ID' => 0,
  'LAST_ACTIVITY_BY' => 1,
  'LAST_ACTIVITY_TIME' => '26.04.2024 10:54:18',
  'EMAIL_HOME' => NULL,
  'EMAIL_WORK' => NULL,
  'EMAIL_MAILING' => NULL,
  'PHONE_MOBILE' => NULL,
  'PHONE_WORK' => NULL,
  'PHONE_MAILING' => NULL,
  'IMOL' => NULL,
  'EMAIL' => NULL,
  'PHONE' => NULL,
  'UF_CRM_63DC8E17DA14A' => NULL,
  'UF_CRM_6433D456A993F' => NULL,
  'UF_CRM_6433D45A58732' => NULL,
  'UF_CRM_6433D45E0E48D' => NULL,
  'UF_CRM_6435331D97379' => NULL,
  'UF_CRM_643533226D993' => NULL,
  'UF_CRM_6435332D17E32' => NULL,
  'UF_CRM_6435333351197' => NULL,
  'UF_CRM_643533400DD7E' => NULL,
  'UF_CRM_64353346223BE' => NULL,
  'UF_CRM_643533543CB94' => NULL,
  'UF_CRM_6435335A78A8A' => NULL,
  'UF_CRM_64353366C4E98' => NULL,
  'UF_CRM_6435336CE33DF' => NULL,
  'UF_CRM_6436790C0A081' => NULL,
  'UF_CRM_6436791297084' => NULL,
  'UF_CRM_644B8F5F389E2' => NULL,
  'UF_CRM_64771CA96A441' => NULL,
  'UF_CRM_64771CAF31F16' => NULL,
  'UF_CRM_64806D472FDA8' => NULL,
  'UF_CRM_1554808760221' => NULL,
  'UF_LOGO' => NULL,
  'UF_CRM_1595595411835' => 'ИП Карпов Александр Сергеевич',
  'UF_CRM_1596520984268' => NULL,
  'UF_CRM_1596520996191' => NULL,
  'UF_CRM_1596521014397' => NULL,
  'UF_CRM_1596521047550' => NULL,
  'UF_CRM_1596521064464' => NULL,
  'UF_CRM_1596521074308' => NULL,
  'UF_CRM_1617022509' => 
  array (
  ),
  'UF_CRM_1627544551724' => NULL,
  'UF_CRM_TB_TAGS' => NULL,
  'UF_CRM_COMPANY_SS_AGENT_DOC_NOMER_AM' => NULL,
  'UF_CRM_COMPANY_SS_AGENT_DOC_DATA_AM' => NULL,
  'UF_CRM_COMPANY_SS_FILIAL_OPEN_DATE_AM' => NULL,
  'UF_CRM_COMPANY_SS_FILIAL_CLOSE_DATE_AM' => NULL,
  'UF_CRM_COMPANY_SS_FILIAL_BOSS_AM' => NULL,
  'UF_CRM_COMPANY_SS_FILIAL_STATUS_AM' => NULL,
  'UF_CRM_1637754619884' => NULL,
  'UF_CRM_1637754682264' => NULL,
  'UF_CRM_1638788295103' => NULL,
  'UF_CRM_1638788442249' => NULL,
  'UF_CRM_1638789252369' => NULL,
  'UF_CRM_1638791492304' => NULL,
  'UF_CRM_1638791524660' => NULL,
  'UF_CRM_COMPANY_SS_SYNC_DATE' => '14.05.2024 10:42:39',
  'UF_CRM_COMPANY_SS_AM_ID' => 'deb95f45-09cc-11ee-80fd-f9baaaa059d1',
  'UF_CRM_COMPANY_SS_AK_ID' => NULL,
  'UF_CRM_COMPANY_SS_AS_ID' => NULL,
  'UF_CRM_COMPANY_SS_PREDSTAVITEL_DOLGNOST' => NULL,
  'UF_CRM_COMPANY_SS_PREDSTAVITEL_DOVERENNOST' => NULL,
  'UF_CRM_COMPANY_SS_ORG' => 
  array (
    0 => '5',
  ),
  'UF_CRM_COMPANY_SS_KASSA' => 'Y',
  'UF_CRM_APP_PL_COMPANY_COUNTRY' => NULL,
  'UF_CRM_APP_PL_COMPANY_TIMEZONE' => NULL,
  'UF_CRM_APP_PL_COMPANY_REGION' => NULL,
  'UF_CRM_CUST_LTIME' => NULL,
  'UF_CRM_1675248051686' => NULL,
  'UF_CRM_1675248084077' => NULL,
  'UF_CRM_1675251420593' => '40802810320000051586    Название банка:  ООО "Банк Точка"',
  'UF_CRM_1675251431573' => NULL,
  'UF_CRM_1675251444631' => '3.0101810745375E+19',
  'UF_CRM_63DC8E18A4E2E' => NULL,
  'UF_CRM_63DC8E195EB36' => NULL,
  'UF_CRM_63DC8E1A3346D' => NULL,
  'UF_CRM_63DC8E26747B4' => NULL,
  'UF_CRM_63DC8E274B853' => NULL,
  'UF_CRM_63DC8E280E9E5' => NULL,
  'UF_CRM_63DC8E293CC7F' => 'N',
  'UF_CRM_63DC8E2A0BF88' => 'N',
  'UF_CRM_63DC8E2ABE9D8' => NULL,
  'UF_CRM_63DC8E2B7F52E' => 'N',
  'UF_CRM_63DC8E2C3AABE' => 'N',
  'UF_CRM_63DC8E2CEC51F' => NULL,
  'UF_CRM_63DC8E2DA91B8' => 'N',
  'UF_CRM_63DC8E2E74222' => 'N',
  'UF_CRM_63DC8E2F31F5B' => NULL,
  'UF_CRM_63DC8E2FF0CC2' => 'N',
  'UF_CRM_63DC8E30B7FAE' => 'N',
  'UF_CRM_63DC8E317ED45' => NULL,
  'UF_CRM_63DC8E323FF76' => 'N',
  'UF_CRM_63DC8E3306CAB' => 'N',
  'UF_CRM_63DC8E33C393B' => NULL,
  'UF_CRM_63DC8E3495C8D' => 'N',
  'UF_CRM_63DC8E355E686' => 'N',
  'UF_CRM_63DC8E3627033' => NULL,
  'UF_CRM_63DC8E36DB39D' => 'N',
  'UF_CRM_63DC8E379C254' => 'N',
  'UF_CRM_63DC8E38681EC' => NULL,
  'UF_CRM_63DC8E392D259' => 'N',
  'UF_CRM_63DC8E39E7034' => 'N',
  'UF_CRM_63DC8E3AAC4F7' => NULL,
  'UF_CRM_63DC8E3C39A26' => 'N',
  'UF_CRM_63DC8E3D01747' => NULL,
  'UF_CRM_63DC8E3DBFA43' => 'N',
  'UF_CRM_63DC8E3E90027' => NULL,
  'UF_CRM_63DC8E4028C58' => 'N',
  'UF_CRM_63DC8E40E39C2' => NULL,
  'UF_CRM_63DC8E41ACD58' => 'N',
  'UF_CRM_63DC8E427A06D' => 'N',
  'UF_CRM_63DC8E4340A22' => NULL,
  'UF_CRM_63DC8E4411725' => 'N',
  'UF_CRM_63DC8E44D1A58' => 'N',
  'UF_CRM_63DC8E459F68A' => NULL,
  'UF_CRM_63DC8E467D45B' => 'N',
  'UF_CRM_63DC8E474FBE9' => 'N',
  'UF_CRM_63DC8E481E707' => NULL,
  'UF_CRM_63DC8E48E257E' => 'N',
  'UF_CRM_63DC8E49A6390' => 'N',
  'UF_CRM_63DC8E4A719EA' => NULL,
  'UF_CRM_63DC8E4C2FC7D' => 'N',
  'UF_CRM_63DC8E4CEBF34' => NULL,
  'UF_CRM_63DC8E4DBCDB3' => 'N',
  'UF_CRM_63DC8E4E90E8C' => NULL,
  'UF_CRM_63DC8E4F5DD80' => 'N',
  'UF_CRM_63DC8E502565C' => 'N',
  'UF_CRM_63DC8E50E5D9E' => 'N',
  'UF_CRM_63DC8E51AF554' => 'N',
  'UF_CRM_63DC8E527AD60' => NULL,
  'UF_CRM_63DC8E535208E' => NULL,
  'UF_CRM_63DC8E5423AFA' => NULL,
  'UF_CRM_63DC8E54E21A1' => 'N',
  'UF_CRM_63DC8E55B527E' => 'N',
  'UF_CRM_63DC8E5689193' => 'N',
  'UF_CRM_63DC8E5759751' => 'N',
  'UF_CRM_63DC8E590765C' => 'N',
  'UF_CRM_63DC8E59D279D' => NULL,
  'UF_CRM_63DC8E5B7F55D' => 'N',
  'UF_CRM_63DC8E5C5D659' => NULL,
  'UF_CRM_63DC8E5E1E849' => 'N',
  'UF_CRM_63DC8E5EE72DA' => NULL,
  'UF_CRM_63DC8E609239F' => 'N',
  'UF_CRM_63DC8E616A5AE' => NULL,
  'UF_CRM_63DC8E633698E' => 'N',
  'UF_CRM_63DC8E640474F' => NULL,
  'UF_CRM_63DC8E665855D' => 'N',
  'UF_CRM_63DC8E6736DC5' => NULL,
  'UF_CRM_63DC8E68EC080' => 'N',
  'UF_CRM_63DC8E6AA1430' => NULL,
  'UF_CRM_63DC8E6B76E53' => 'N',
  'UF_CRM_63DC8E6C67591' => 'N',
  'UF_CRM_63DC8E6D42820' => 'N',
  'UF_CRM_63DC8E6E1CEB4' => 'N',
  'UF_CRM_63DC8E6EEE91A' => 'N',
  'UF_CRM_63DC8E70B4611' => 'N',
  'UF_CRM_63DC8E7190963' => NULL,
  'UF_CRM_63DC8E726D449' => NULL,
  'UF_CRM_63DC8E7356A8D' => NULL,
  'UF_CRM_63DC8E743500D' => NULL,
  'UF_CRM_63DC8E751A1D3' => NULL,
  'UF_CRM_63DC8E7627B00' => NULL,
  'UF_CRM_63DC8E771A045' => NULL,
  'UF_CRM_63DC8E7809694' => NULL,
  'UF_CRM_63DC8E78E0E4D' => NULL,
  'UF_CRM_63DC8E79C71A6' => NULL,
  'UF_CRM_63DC8E7AA9B36' => NULL,
  'UF_CRM_63DC8E7B98100' => NULL,
  'UF_CRM_63DC8E7C79C19' => NULL,
  'UF_CRM_63DC8E7D5B2DA' => NULL,
  'UF_CRM_63DC8E7E4167A' => NULL,
  'UF_CRM_63DC8E7F23CE9' => NULL,
  'UF_CRM_1675446456307' => '11.09.1994',
  'UF_CRM_63DDE3A4E68D7' => NULL,
  'UF_CRM_63DDE3A5D5155' => NULL,
  'UF_CRM_1675670468066' => 'https://seller-capital.ru/?utm_source=seller&utm_medium=referral&utm_campaign=online&utm_content=230410666335',
  'UF_CRM_63E3241DA30EB' => NULL,
  'UF_CRM_63E3241E9AADB' => 'N',
  'UF_CRM_63E4AAB613011' => NULL,
  'UF_CRM_63E4AAB703D9F' => NULL,
  'UF_CRM_BITCONF_LINK' => NULL,
  'UF_CRM_BITCONF_ZOOM_RECORDINGS' => NULL,
  'UF_CRM_BITCONF_RECORDINGS_VIDEO_YANDEX' => NULL,
  'UF_CRM_BITCONF_RECORDINGS_AUDIO_YANDEX' => NULL,
  'UF_CRM_BITCONF_RECORDINGS_CHAT_YANDEX' => NULL,
  'UF_CRM_BITCONF_RECORDINGS_VIDEO_GOOGLE' => NULL,
  'UF_CRM_BITCONF_RECORDINGS_AUDIO_GOOGLE' => NULL,
  'UF_CRM_BITCONF_RECORDINGS_CHAT_GOOGLE' => NULL,
  'UF_CRM_BITCONF_ZOOM_REGISTRATION_ANSWERS_JSON' => NULL,
  'UF_CRM_BITCONF_MEETING_ATTENDED' => NULL,
  'UF_CRM_BITCONF_MEETING_STARTED_AT' => NULL,
  'UF_CRM_BITCONF_MEETING_ENDED_AT' => NULL,
  'UF_CRM_BITCONF_PARTICIPANT_JOINED_AT' => NULL,
  'UF_CRM_BITCONF_PARTICIPANT_LEFT_AT' => NULL,
  'UF_CRM_641045F47BAFD' => NULL,
  'UF_CRM_6433D461D16E4' => 'N',
  'UF_CRM_6433D465984C7' => 'N',
  'UF_CRM_6433D4693830C' => NULL,
  'UF_CRM_6433D46CED244' => 'N',
  'UF_CRM_6433D4715A41B' => 'N',
  'UF_CRM_6433D47528CEC' => NULL,
  'UF_CRM_6433D478C504F' => 'N',
  'UF_CRM_6433D47CBD827' => 'N',
  'UF_CRM_6433D4807CDE8' => NULL,
  'UF_CRM_6433D48456D35' => 'N',
  'UF_CRM_6433D4884B09E' => 'N',
  'UF_CRM_6433D48C20F2B' => NULL,
  'UF_CRM_6433D490017A2' => 'N',
  'UF_CRM_6433D4944FECB' => 'N',
  'UF_CRM_6433D4983ED32' => NULL,
  'UF_CRM_6433D49C28BA5' => 'N',
  'UF_CRM_6433D4A01ACC8' => 'N',
  'UF_CRM_6433D4A3D37E1' => NULL,
  'UF_CRM_6433D4A7ACE1E' => 'N',
  'UF_CRM_6433D4ABE92F3' => 'N',
  'UF_CRM_6433D4AFBF977' => NULL,
  'UF_CRM_6433D4B3B2523' => 'N',
  'UF_CRM_6433D4B79F77B' => 'N',
  'UF_CRM_6433D4BB85C48' => NULL,
  'UF_CRM_6433D4BF52BB0' => 'N',
  'UF_CRM_6433D4C37C94A' => 'N',
  'UF_CRM_6433D4C77A09D' => NULL,
  'UF_CRM_6433D4CB915A3' => 'N',
  'UF_CRM_6433D4CF8CF6E' => 'N',
  'UF_CRM_6433D4D465778' => NULL,
  'UF_CRM_6433D4D94C9AA' => 'N',
  'UF_CRM_6433D4DD6A784' => 'N',
  'UF_CRM_6433D4E18FD6A' => NULL,
  'UF_CRM_6433D4E75196D' => 'N',
  'UF_CRM_6433D4EB83DB1' => NULL,
  'UF_CRM_6433D4EFA24C9' => 'N',
  'UF_CRM_643EAA1DA8B9E' => 'N',
  'UF_CRM_643EAA228B2B2' => 'N',
  'UF_CRM_643EAA275FE0A' => 'N',
  'UF_CRM_643EAA2C188C0' => 'N',
  'UF_CRM_643EAA314A615' => 'N',
  'UF_CRM_643EAA37A5511' => NULL,
  'UF_CRM_64406458C6D47' => NULL,
  'UF_CRM_6442676E5B421' => NULL,
  'UF_CRM_1683968549' => 'Y',
  'UF_CRM_1684145100226' => 11075,
  'UF_CRM_1685419394' => '1.5|RUB',
  'UF_CRM_1687947495' => 
  array (
  ),
  'UF_CRM_COMPANY_AMOID' => NULL,
  'UF_CRM_64A4EBD2F2518' => NULL,
  'UF_CRM_64AD00029054A' => 'N',
  'UF_CRM_64AD0008D2965' => 'N',
  'UF_CRM_64AD000F6A26A' => NULL,
  'UF_CRM_64AD00163C80C' => 'N',
  'UF_CRM_64AD001D86025' => 'N',
  'UF_CRM_64AD00250FFFD' => NULL,
  'UF_CRM_64AE8FC56D363' => NULL,
  'UF_CRM_64AF8DA50E037' => NULL,
  'UF_CRM_1690758867666' => NULL,
  'UF_CRM_1691009132416' => NULL,
  'UF_CRM_64CB9DDC41262' => NULL,
  'UF_CRM_64CB9DE1E3C7A' => NULL,
  'UF_CRM_64CB9DE974E5F' => NULL,
  'UF_CRM_64CB9DF06A260' => NULL,
  'UF_CRM_64CB9DF7289EE' => NULL,
  'UF_CRM_64CB9DFD55A33' => NULL,
  'UF_CRM_64CB9E03788BE' => NULL,
  'UF_CRM_64CB9E0A4860E' => NULL,
  'UF_CRM_64CB9E107B628' => NULL,
  'UF_CRM_64CB9E163F796' => NULL,
  'UF_CRM_64CB9E1C4DB78' => NULL,
  'UF_CRM_64CB9E229FA0B' => NULL,
  'UF_CRM_64CB9E293B527' => NULL,
  'UF_CRM_64CBA4252FB37' => NULL,
  'UF_CRM_64CC92553F409' => NULL,
  'UF_CRM_64CC925D91DEA' => NULL,
  'UF_CRM_64CC926670EC8' => NULL,
  'UF_CRM_64CC9270B6A35' => NULL,
  'UF_CRM_64CC927983D4C' => NULL,
  'UF_CRM_64CC928123D41' => NULL,
  'UF_CRM_64CC928CAA601' => NULL,
  'UF_CRM_64CCA29DAF094' => NULL,
  'UF_CRM_64D3B7766A327' => NULL,
  'UF_CRM_64DB2F838C6F1' => 'N',
  'UF_CRM_64DB2F8CA756C' => 'N',
  'UF_CRM_64DB2F96F1AE7' => NULL,
  'UF_CRM_64DB2F9DECE37' => NULL,
  'UF_CRM_64DB4411303D8' => NULL,
  'UF_CRM_64DB44175DA19' => NULL,
  'UF_CRM_64DB441DEE816' => NULL,
  'UF_CRM_64DB4425AB05C' => NULL,
  'UF_CRM_64DB442E55674' => NULL,
  'UF_CRM_64DB4434EF3A3' => NULL,
  'UF_CRM_64DB443BE1A9C' => NULL,
  'UF_CRM_64DB444343D37' => NULL,
  'UF_CRM_64DB444B5354D' => NULL,
  'UF_CRM_64DB4452990CE' => NULL,
  'UF_CRM_64E36750AEBF0' => NULL,
  'UF_CRM_64E4A00A7CB9E' => NULL,
  'UF_CRM_64E84230723F5' => NULL,
  'UF_CRM_1693311353902' => 'ТаблицаЗначений',
  'UF_CRM_1693311600025' => NULL,
  'UF_CRM_1693311707790' => NULL,
  'UF_CRM_1693373909306' => NULL,
  'UF_CRM_1693373994027' => NULL,
  'UF_CRM_1693374038734' => NULL,
  'UF_CRM_1693374057547' => NULL,
  'UF_CRM_64F1E491F0503' => 'N',
  'UF_CRM_1693822645477' => 'anait.hlgatyan@yandex.ru',
  'UF_CRM_1693822684054' => NULL,
  'UF_CRM_1693960373052' => 'Мать/Отец',
  'UF_CRM_64F83BC976C70' => 'N',
  'UF_CRM_64F83BD1CB037' => 'N',
  'UF_CRM_64F85EB57C226' => 'N',
  'UF_CRM_64F85EBC6293C' => NULL,
  'UF_CRM_64F86B718FCFD' => 'N',
  'UF_CRM_64F87C6C3D1EE' => 'N',
  'UF_CRM_64F87C75DAD9D' => 'N',
  'UF_CRM_64F87C829ADB5' => 'N',
  'UF_CRM_64F87C8D26E72' => 'N',
  'UF_CRM_64F87C94E75DB' => 'N',
  'UF_CRM_64F87CA1B6D24' => 'N',
  'UF_CRM_64F87CADDF550' => 'N',
  'UF_CRM_64F87CB6033F8' => 'N',
  'UF_CRM_RU_ANALITYCS' => NULL,
  'UF_CRM_RU_DIADOK' => NULL,
  'UF_CRM_RUROBOT_SBP_URL' => NULL,
  'UF_CRM_RUROBOT_CHEK_URL' => NULL,
  'UF_CRM_64FC867D4DEE8' => 'N',
  'UF_CRM_64FC8684B795C' => 'N',
  'UF_CRM_64FC868B2E901' => 'N',
  'UF_CRM_64FC86916ECC7' => 'N',
  'UF_CRM_64FC86980DBDF' => 'N',
  'UF_CRM_64FC869E70EA8' => 'N',
  'UF_CRM_1694331491' => '1.5|RUB',
  'UF_CRM_1694331571' => '3|RUB',
  'UF_CRM_65000439925C9' => NULL,
  'UF_CRM_1696457110' => '2966',
  'UF_CRM_6526A6509E0DC' => NULL,
  'UF_CRM_1697107946' => '1.5|RUB',
  'UF_CRM_1697107996' => '1.5|RUB',
  'UF_CRM_1697853788600' => '500124',
  'UF_CRM_1698731625472' => 16337,
  'UF_CRM_6545DCFE01CA4' => NULL,
  'UF_CRM_6545DD05C700C' => NULL,
  'UF_CRM_1699900252754' => NULL,
  'UF_CRM_1699900326048' => 1712902872.0,
  'UF_CRM_65532D05B660B' => NULL,
  'UF_CRM_655362454D77C' => NULL,
  'UF_CRM_1700138022' => '15.04.2024',
  'UF_CRM_1702534386502' => 'N',
  'UF_CRM_1702588306' => 31990,
  'UF_CRM_1702977601750' => NULL,
  'UF_CRM_1703078588' => NULL,
  'UF_CRM_1703659571229' => NULL,
  'UF_CRM_1706612347' => '+79996346377',
  'UF_CRM_1706777861' => 'N',
  'UF_CRM_1706982719' => 'Общество с ограниченной ответственностью "Вайлдберриз",ООО "ВАЙЛДБЕРРИЗ",ООО МКК "СОДЕЙСТВИЕ XXI"',
  'UF_CRM_1707302304' => 'N',
  'UF_CRM_65C6057BAF241' => 'N',
  'UF_CRM_65C60D92B19B7' => 'N',
  'UF_CRM_65C61195E8DB7' => 'N',
  'UF_CRM_65CCB993C2573' => 'N',
  'UF_CRM_65D72BF9E93D7' => NULL,
  'UF_CRM_65DC313CB1773' => NULL,
  'UF_CRM_65DDDB805B504' => NULL,
  'UF_CRM_65DF019419A3C' => NULL,
  'UF_CRM_65F7F7EF6E7E9' => NULL,
  'UF_CRM_65F81729930B2' => NULL,
  'UF_CRM_1711362022506' => NULL,
  'UF_CRM_1711618126' => '156',
  'UF_CRM_1711620041' => 'Общая/Не активный, нет согласия',
  'UF_CRM_661F6476E1A93' => NULL,
  'UF_CRM_661F6483B8EEF' => NULL,
  'UF_CRM_661F6490F3174' => NULL,
  'UF_CRM_661F670FF0A79' => NULL,
  'UF_CRM_662B5EEF438BC' => NULL,
  'UF_CRM_663475C4986D4' => NULL,
  'UF_CRM_66347C5DB0C86' => NULL,
  'UF_CRM_66386DE83AC95' => NULL,
  'UF_CRM_66386F7ACABD4' => NULL,
  'UF_CRM_63DC8E8012089' => NULL,
  'UF_CRM_63DC8E80EAB7F' => NULL,
  'UF_CRM_1693311690037' => NULL,
  'UF_CRM_1702272911' => NULL,
  'UF_CRM_1702274540' => NULL,
  'UF_CRM_1702274893' => NULL,
  'UF_CRM_1702272991' => NULL,
  'UF_CRM_1702274601' => NULL,
  'UF_CRM_1702274922' => NULL,
  'UF_CRM_64AFAA0428E67' => 'N',
  'UF_CRM_64AFAA105D048' => 'N',
  'UF_CRM_64AFAA1D0C71B' => 'N',
  'UF_CRM_64AFAA2376C31' => 'N',
  'UF_CRM_64AFAA2A8534A' => 'N',
  'UF_CRM_64B140D1998BC' => 'N',
  'UF_CRM_1702273016' => NULL,
  'UF_CRM_1702274679' => NULL,
  'UF_CRM_1702274951' => NULL,
  'UF_CRM_1702273043' => NULL,
  'UF_CRM_1702274732' => NULL,
  'UF_CRM_1702274976' => NULL,
  'UF_CRM_6433D4F3F2CA8' => 
  array (
  ),
  'UF_CRM_6433D4F7C68A9' => 'N',
  'UF_CRM_6433D50101E16' => NULL,
  'UF_CRM_6433D50520ADB' => NULL,
  'UF_CRM_6433D508F2841' => NULL,
  'UF_CRM_6433D510E1BF2' => NULL,
  'UF_CRM_6433D514BC640' => NULL,
  'UF_CRM_6433D51CA112C' => NULL,
  'UF_CRM_6433D520A8E02' => 'N',
  'UF_CRM_6433D5254091B' => NULL,
  'UF_CRM_6433D52904F0B' => NULL,
  'UF_CRM_6433D52CEDB5D' => NULL,
  'UF_CRM_6433D530C9D5F' => NULL,
  'UF_CRM_6433D534A5249' => NULL,
  'UF_CRM_6433D5388255E' => NULL,
  'UF_CRM_6433D53CA00A0' => NULL,
  'UF_CRM_6433D540C9219' => NULL,
  'UF_CRM_6433D544976E5' => 'N',
  'UF_CRM_6433D548AB2B9' => NULL,
  'UF_CRM_6433D54D26D1A' => NULL,
  'UF_CRM_6433D55116D68' => NULL,
  'UF_CRM_6433D554F00E2' => NULL,
  'UF_CRM_6433D55A380EF' => NULL,
  'UF_CRM_6433D55EDDC35' => NULL,
  'UF_CRM_6433D563076D3' => 'N',
  'UF_CRM_6433D566CFBDC' => 'N',
  'UF_CRM_6433D56AEC718' => NULL,
  'UF_CRM_6433D56EC2D16' => NULL,
  'UF_CRM_6433D572B7BD8' => NULL,
  'UF_CRM_6433D5769C207' => NULL,
  'UF_CRM_6433D57A918DD' => 'N',
  'UF_CRM_6433D57E709AC' => 'N',
  'UF_CRM_6433D58274BF2' => 
  array (
  ),
  'UF_CRM_6433D58675AD3' => NULL,
  'UF_CRM_6433D58B15534' => 'N',
  'UF_CRM_6433D58F2C518' => 'N',
  'UF_CRM_6433D59377C10' => 'N',
  'UF_CRM_6433D59BB50D2' => NULL,
  'UF_CRM_6433D59FA70BF' => NULL,
  'UF_CRM_6433D5A39D79A' => NULL,
  'UF_CRM_6433D5A781D22' => 'N',
  'UF_CRM_6433D5ACCA71F' => 'N',
  'UF_CRM_6433D5B0BF6F6' => NULL,
  'UF_CRM_6433D5B551BCB' => NULL,
  'UF_CRM_6433D5BAC2650' => 'N',
  'UF_CRM_6433D5BFAFC5E' => 'N',
  'UF_CRM_6433D5C4C803A' => 'N',
  'UF_CRM_6433D5C94F74C' => 'N',
  'UF_CRM_6433D5D1B9D2D' => NULL,
  'UF_CRM_6433D5DB232A6' => NULL,
  'UF_CRM_6433D5DF58403' => NULL,
  'UF_CRM_6433D5E39E9D8' => NULL,
  'UF_CRM_6433D5E808AC3' => NULL,
  'UF_CRM_6433D5EC41159' => NULL,
  'UF_CRM_6433D5F0C05ED' => NULL,
  'UF_CRM_6433D5F64C9B9' => NULL,
  'UF_CRM_6433D60C9A897' => NULL,
  'UF_CRM_6433D6110E002' => NULL,
  'UF_CRM_6433D615EF44F' => 'N',
  'UF_CRM_6433D61A4109A' => 'N',
  'UF_CRM_6433D61EA2584' => 'N',
  'UF_CRM_6433D623015A5' => NULL,
  'UF_CRM_6433D62B9C7CA' => NULL,
  'UF_CRM_6433D63E714DA' => NULL,
  'UF_CRM_6433D64295EDD' => NULL,
  'UF_CRM_6433D6471B217' => NULL,
  'UF_CRM_6433D64B3FA42' => NULL,
  'UF_CRM_6433D64FC4DAA' => NULL,
  'UF_CRM_6433D6542205C' => NULL,
  'UF_CRM_6433D6587DE14' => NULL,
  'UF_CRM_6433D65CC025A' => NULL,
  'UF_CRM_6433D66113E88' => NULL,
  'UF_CRM_6433D66527DE4' => NULL,
  'UF_CRM_6433D669AEB8B' => NULL,
  'UF_CRM_6433D66EEFA4E' => NULL,
  'UF_CRM_6433D67394C6F' => NULL,
  'UF_CRM_6433D677D1006' => NULL,
  'UF_CRM_6433D67C18B9D' => NULL,
  'UF_CRM_6433D6814E4AF' => NULL,
  'UF_CRM_6433D685EAA16' => NULL,
  'UF_CRM_6433D68A37F87' => NULL,
  'UF_CRM_6433D68F4CCCF' => NULL,
  'UF_CRM_6433D6939D3CA' => NULL,
  'UF_CRM_6433D6981BA49' => NULL,
  'UF_CRM_6433D69C97CF7' => NULL,
  'UF_CRM_6433D6A10D288' => NULL,
  'UF_CRM_6433D6A67830F' => NULL,
  'UF_CRM_6433D6B4AF630' => NULL,
  'UF_CRM_6433D6B94F47D' => NULL,
  'UF_CRM_6433D6BD9D260' => NULL,
  'UF_CRM_6433D6C200515' => NULL,
  'UF_CRM_6433D6C6B088B' => NULL,
  'UF_CRM_6433D6CBCCBFA' => NULL,
  'UF_CRM_6433D6D049D2B' => NULL,
  'UF_CRM_6433D6D4B633A' => NULL,
  'UF_CRM_6433D6D956454' => NULL,
  'UF_CRM_6433D6E37CFF0' => NULL,
  'UF_CRM_6433D6E800BAE' => NULL,
  'UF_CRM_6433D6EC5FA96' => NULL,
  'UF_CRM_6433D6F0C99BA' => NULL,
  'UF_CRM_6433D6F5AC724' => NULL,
  'UF_CRM_6433D6FA26A12' => NULL,
  'UF_CRM_6433D70CCC90D' => 'N',
  'UF_CRM_6433D7157E09F' => NULL,
  'UF_CRM_6433D71A6FF09' => NULL,
  'UF_CRM_6433D71F3E8A5' => NULL,
  'UF_CRM_6433D7392E26A' => NULL,
  'UF_CRM_6433D73F0D2DF' => NULL,
  'UF_CRM_6433D743B1904' => NULL,
  'UF_CRM_6433D7487B115' => NULL,
  'UF_CRM_6433D74CD32E5' => NULL,
  'UF_CRM_6433D75163FC4' => NULL,
  'UF_CRM_6433D755A04D7' => NULL,
  'UF_CRM_6433D75F89BF9' => NULL,
  'UF_CRM_6433D764868E0' => NULL,
  'UF_CRM_6433D7696B073' => NULL,
  'UF_CRM_6433D76E7BB56' => NULL,
  'UF_CRM_6433D7731B7A3' => NULL,
  'UF_CRM_6433D777E2973' => 
  array (
  ),
  'UF_CRM_6433D77CBEA77' => NULL,
  'UF_CRM_6433D781210F0' => NULL,
  'UF_CRM_6433D78605E02' => NULL,
  'UF_CRM_6433D78AAB24A' => NULL,
  'UF_CRM_6433D78F9D85D' => NULL,
  'UF_CRM_6433D7947E2A2' => 'N',
  'UF_CRM_6433D798D40A4' => NULL,
  'UF_CRM_6433D79E2BF81' => 'N',
  'UF_CRM_6433D7A31BF36' => 'N',
  'UF_CRM_6433D7A79C4AD' => 'N',
  'UF_CRM_6433D7AC36DA0' => 'N',
  'UF_CRM_6433D7B0E89CA' => 'N',
  'UF_CRM_6433D7B5CA806' => 'N',
  'UF_CRM_6433D7BB32220' => NULL,
  'UF_CRM_6433D7C44A6BE' => NULL,
  'UF_CRM_6433D7C925893' => NULL,
  'UF_CRM_6433D7CDBE9B3' => NULL,
  'UF_CRM_6433D7D2CA9D0' => 
  array (
  ),
  'UF_CRM_6433D7D85148E' => NULL,
  'UF_CRM_6433D7DD7CC2A' => NULL,
  'UF_CRM_6433D7E253448' => NULL,
  'UF_CRM_6433D7E6CD83C' => NULL,
  'UF_CRM_6433D7EB28C4D' => NULL,
  'UF_CRM_6433D7EFA5EE5' => 'N',
  'UF_CRM_6433D7F4C24BE' => 'N',
  'UF_CRM_6433D7F94E2BF' => 'N',
  'UF_CRM_6433D7FDA3CF7' => 'N',
  'UF_CRM_6433D8027C169' => NULL,
  'UF_CRM_6433D8076B60C' => NULL,
  'UF_CRM_6433D80C6AAC2' => 
  array (
  ),
  'UF_CRM_6433D812D0410' => NULL,
  'UF_CRM_6433D8180E2AA' => NULL,
  'UF_CRM_6433D81CA7153' => NULL,
  'UF_CRM_6433D8213379F' => NULL,
  'UF_CRM_6433D825DEFE0' => NULL,
  'UF_CRM_6433D82B26028' => NULL,
  'UF_CRM_6433D8317589F' => NULL,
  'UF_CRM_6433D8365C605' => NULL,
  'UF_CRM_6433D83B28222' => NULL,
  'UF_CRM_6433D83FCD224' => NULL,
  'UF_CRM_6433D844B7B1F' => 
  array (
  ),
  'UF_CRM_6433D849CB971' => NULL,
  'UF_CRM_6433D84FB1160' => NULL,
  'UF_CRM_6433D85482CE1' => NULL,
  'UF_CRM_6433D85991988' => NULL,
  'UF_CRM_6433D85E769F2' => NULL,
  'UF_CRM_6433D8631A037' => 'N',
  'UF_CRM_6433D868172EA' => 'N',
  'UF_CRM_6433D8767751E' => NULL,
  'UF_CRM_6433D87B71D16' => NULL,
  'UF_CRM_6433D88513B06' => NULL,
  'UF_CRM_6433D889AE929' => NULL,
  'UF_CRM_6433D88E9A256' => NULL,
  'UF_CRM_6433D8937CA28' => NULL,
  'UF_CRM_6433D8987B695' => NULL,
  'UF_CRM_6433D89D85315' => NULL,
  'UF_CRM_6433D8A27269E' => NULL,
  'UF_CRM_6433D8A761A6B' => NULL,
  'UF_CRM_6433D8ACC957A' => NULL,
  'UF_CRM_6433D8B19DA6D' => NULL,
  'UF_CRM_6433D8B6D4588' => 
  array (
  ),
  'UF_CRM_6433D8BB99B24' => NULL,
  'UF_CRM_6433D8C0A4C1A' => NULL,
  'UF_CRM_6433D8C5A9B9B' => NULL,
  'UF_CRM_6433D8CB550E6' => NULL,
  'UF_CRM_6433D8D01A638' => NULL,
  'UF_CRM_6433D8D4CBC9A' => NULL,
  'UF_CRM_6433D8D9C0945' => NULL,
  'UF_CRM_6433D8DE9D3AB' => NULL,
  'UF_CRM_6433D8E367985' => 
  array (
  ),
  'UF_CRM_6433D8E8C1152' => NULL,
  'UF_CRM_6433D8F247A4D' => NULL,
  'UF_CRM_6433D8F7302F1' => 'N',
  'UF_CRM_6433D8FC11F83' => 'N',
  'UF_CRM_6433D90101FF1' => NULL,
  'UF_CRM_6433D90631990' => 'N',
  'UF_CRM_6433D90AC33C4' => 'N',
  'UF_CRM_6433D90F71F5F' => NULL,
  'UF_CRM_6433D91464A5A' => 'N',
  'UF_CRM_6433D919209AA' => 'N',
  'UF_CRM_6433D91DC96A8' => NULL,
  'UF_CRM_6433D92778C5C' => NULL,
  'UF_CRM_6433D92C1FC55' => NULL,
  'UF_CRM_6433D93083EE6' => NULL,
  'UF_CRM_6433D9350FACA' => 'N',
  'UF_CRM_6433D93992C16' => 'N',
  'UF_CRM_6433D94E0279B' => NULL,
  'UF_CRM_6433D9529FF4B' => NULL,
  'UF_CRM_6433D9573EC42' => NULL,
  'UF_CRM_6433D95C4B2CA' => NULL,
  'UF_CRM_6433D96210B1B' => NULL,
  'UF_CRM_6433D966943B7' => NULL,
  'UF_CRM_6433D96B3E940' => NULL,
  'UF_CRM_6433D96FC2172' => NULL,
  'UF_CRM_6433D97487050' => NULL,
  'UF_CRM_6433D97979A13' => NULL,
  'UF_CRM_6433D97F0A3F5' => NULL,
  'UF_CRM_6433D988E2D02' => 'N',
  'UF_CRM_6433D9978DE67' => NULL,
  'UF_CRM_6433D99D4ED62' => 
  array (
  ),
  'UF_CRM_6433D9A2405D7' => NULL,
  'UF_CRM_6433D9A72985A' => 'N',
  'UF_CRM_6433D9AC79B71' => 'N',
  'UF_CRM_6433D9B1D29EE' => NULL,
  'UF_CRM_6433D9B6D6250' => NULL,
  'UF_CRM_6433D9C14D69E' => NULL,
  'UF_CRM_6433D9C61A5D8' => NULL,
  'UF_CRM_6433D9CAE827A' => NULL,
  'UF_CRM_6433D9CFAB885' => NULL,
  'UF_CRM_6433D9D5EB607' => NULL,
  'UF_CRM_6433D9DB9CB20' => NULL,
  'UF_CRM_6433D9E071032' => NULL,
  'UF_CRM_6433D9E61CF1D' => NULL,
  'UF_CRM_6433D9EAE80A2' => NULL,
  'UF_CRM_6433D9F0C964C' => NULL,
  'UF_CRM_6433D9F65FBDF' => 
  array (
  ),
  'UF_CRM_6433DA00C9646' => NULL,
  'UF_CRM_6433DA06B96E6' => 
  array (
  ),
  'UF_CRM_6433DA0B807E3' => NULL,
  'UF_CRM_6433DA105EF8B' => NULL,
  'UF_CRM_6433DA159BDDE' => NULL,
  'UF_CRM_6433DA1A8C1ED' => NULL,
  'UF_CRM_6433DA1F45E7B' => NULL,
  'UF_CRM_6433DA23E6F92' => NULL,
  'UF_CRM_6433DA28A8213' => NULL,
  'UF_CRM_6433DA2D9188A' => NULL,
  'UF_CRM_6433DA3332A3B' => NULL,
  'UF_CRM_6433DA387087D' => NULL,
  'UF_CRM_6433DA3D867BD' => NULL,
  'UF_CRM_6433DA42DE712' => 'N',
  'UF_CRM_6433DA47B9298' => 'N',
  'UF_CRM_6433DA4CBE556' => 'N',
  'UF_CRM_6433DA5287C90' => NULL,
  'UF_CRM_6433DA5785D79' => NULL,
  'UF_CRM_6433DA5C6531D' => NULL,
  'UF_CRM_6433DA614BC63' => NULL,
  'UF_CRM_6433DA6CBE342' => NULL,
  'UF_CRM_6433DA71A6ADF' => NULL,
  'UF_CRM_6433DA7B1FB7A' => NULL,
  'UF_CRM_6433DA8544CE5' => NULL,
  'UF_CRM_6433DA8B64379' => NULL,
  'UF_CRM_6433DA9089B3B' => NULL,
  'UF_CRM_6433DA9547D58' => NULL,
  'UF_CRM_6433DA9A90B10' => NULL,
  'UF_CRM_6433DA9F7B164' => 'N',
  'UF_CRM_6433DAAFB06E7' => NULL,
  'UF_CRM_6433DAB5170CB' => NULL,
  'UF_CRM_6433DABADC0AD' => 
  array (
  ),
  'UF_CRM_6433DABFD57B4' => NULL,
  'UF_CRM_6433DAC565F22' => NULL,
  'UF_CRM_6433DACB7665A' => NULL,
  'UF_CRM_6433DAD10872E' => NULL,
  'UF_CRM_6433DAD606254' => NULL,
  'UF_CRM_6433DADB6BE29' => NULL,
  'UF_CRM_6433DAE0DB90E' => 'N',
  'UF_CRM_6433DAE5D294F' => NULL,
  'UF_CRM_6433DAEA9AEB4' => NULL,
  'UF_CRM_6433DAF43BFA0' => NULL,
  'UF_CRM_6433DAF90CF31' => NULL,
  'UF_CRM_6433DAFE658A0' => NULL,
  'UF_CRM_6433DB03D0B4B' => NULL,
  'UF_CRM_6433DB09A48B3' => NULL,
  'UF_CRM_6433DB0EADBA3' => NULL,
  'UF_CRM_6433DB1376625' => 'N',
  'UF_CRM_6433DB18501D2' => 'N',
  'UF_CRM_6433DB1D65F3E' => NULL,
  'UF_CRM_6433DB23AE767' => NULL,
  'UF_CRM_6433DB291422B' => NULL,
  'UF_CRM_6433DB2E14E18' => NULL,
  'UF_CRM_6433DB330C82B' => NULL,
  'UF_CRM_6433DB381DAE3' => NULL,
  'UF_CRM_6433DB423C443' => NULL,
  'UF_CRM_6433DB4712020' => NULL,
  'UF_CRM_6433DB4C1C1D3' => NULL,
  'UF_CRM_6433DB513B488' => 
  array (
  ),
  'UF_CRM_6433DB56EE29D' => NULL,
  'UF_CRM_6433DB5C0606C' => NULL,
  'UF_CRM_6433DB61293DF' => 'N',
  'UF_CRM_6433DB667488F' => NULL,
  'UF_CRM_6433DB6BB1907' => NULL,
  'UF_CRM_6433DB70ABF48' => NULL,
  'UF_CRM_6433DB75B3CF3' => NULL,
  'UF_CRM_6433DB7B5B174' => NULL,
  'UF_CRM_6433DB804E21A' => NULL,
  'UF_CRM_6433DB8A5B216' => NULL,
  'UF_CRM_6433DB8FBE55A' => NULL,
  'UF_CRM_6433DB951130B' => NULL,
  'UF_CRM_6433DB9AA49A9' => NULL,
  'UF_CRM_6433DB9FCF9E4' => NULL,
  'UF_CRM_6433DBA519EAE' => NULL,
  'UF_CRM_6433DBAA49EB6' => NULL,
  'UF_CRM_6433DBAF367B5' => NULL,
  'UF_CRM_6433DBB42A707' => NULL,
  'UF_CRM_6433DBB98DD53' => '17611',
  'UF_CRM_6433DBBE90F98' => NULL,
  'UF_CRM_6433DBCD893E5' => NULL,
  'UF_CRM_6433DBD8A6465' => NULL,
  'UF_CRM_6433DBDD88F32' => NULL,
  'UF_CRM_6433DBE2A3E0F' => NULL,
  'UF_CRM_6433DBE7CB8D4' => NULL,
  'UF_CRM_6433DBED5A35F' => NULL,
  'UF_CRM_6433DBF277DA1' => NULL,
  'UF_CRM_6433DBF7A5906' => NULL,
  'UF_CRM_6433DBFCD0DAC' => NULL,
  'UF_CRM_6433DC01C49E0' => NULL,
  'UF_CRM_6433DC075C5C5' => NULL,
  'UF_CRM_6433DC0C620C9' => NULL,
  'UF_CRM_6433DC12355C4' => NULL,
  'UF_CRM_644253DA150F9' => NULL,
  'UF_CRM_6450B69DA5229' => NULL,
  'UF_CRM_6450B6A2B31FD' => NULL,
  'UF_CRM_6450B6A9A2DAA' => NULL,
  'UF_CRM_648307399DE36' => NULL,
  'UF_CRM_64DB52798B20D' => NULL,
  'UF_CRM_64DB528EA60C0' => NULL,
  'UF_CRM_64DB52953D51D' => NULL,
  'UF_CRM_65697A9FD755C' => NULL,
  'UF_CRM_65697AAB1C031' => NULL,
  'UF_CRM_1702273072' => NULL,
  'UF_CRM_6576A65667203' => NULL,
  'UF_CRM_65C07D53DF3FC' => NULL,
  'UF_CRM_65C07D6697009' => NULL,
  'UF_CRM_65C07D76E1FAE' => NULL,
  'UF_CRM_65C07D89BE1C2' => NULL,
  'UF_CRM_65C07DA44C596' => NULL,
  'UF_CRM_65C36CB41ED64' => NULL,
  'UF_CRM_65C36CC0819AC' => NULL,
  'UF_CRM_65C36CCC78A5D' => NULL,
  'UF_CRM_65C36CD8D34FA' => NULL,
  'UF_CRM_65C36CE48D4DC' => NULL,
  'UF_CRM_65C36CF138109' => NULL,
  'UF_CRM_65C36CFDE28CD' => NULL,
  'UF_CRM_65C36D0AA046B' => NULL,
  'UF_CRM_65C36D1778B3D' => NULL,
  'UF_CRM_65E85CE9DD498' => NULL,
  'UF_CRM_65E85CF698239' => NULL,
  'UF_CRM_65E85D0356B0C' => NULL,
  'UF_CRM_65E85D10E3929' => NULL,
  'UF_CRM_65E85D2AE9D32' => 'N',
  'UF_CRM_65E85D2D8F069' => 'N',
  'UF_CRM_65E85D530D947' => 'N',
  'UF_CRM_65E85D5F7B07F' => 'N',
  'UF_CRM_65E85D6C5B559' => 'N',
  'UF_CRM_65E85D79597B1' => 'N',
  'UF_CRM_65E85D9F2B5F3' => 'N',
  'UF_CRM_65E85DABD9DE9' => 'N',
  'UF_CRM_65E85DB91D47D' => NULL,
  'UF_CRM_65E85DC5AD086' => NULL,
  'UF_CRM_65E860588AF86' => 'N',
  'UF_CRM_65E86064DEDE9' => 'N',
  'UF_CRM_65E86071C7618' => NULL,
  'UF_CRM_65E8608C520EC' => 'N',
  'UF_CRM_65E860995BBB0' => 'N',
  'UF_CRM_65E860A6A668F' => NULL,
  'UF_CRM_65E860C07E03C' => 'N',
  'UF_CRM_65E8641A35FD2' => NULL,
  'UF_CRM_1702274795' => NULL,
  'UF_CRM_1702275014' => NULL,
  'UF_STAMP' => NULL,
  'UF_CRM_63DC8E81DE8D9' => 'N',
  'UF_CRM_63DC8E832E5A2' => 'N',
  'UF_CRM_63DC8E84208D9' => NULL,
  'UF_CRM_63DC8E84F225A' => NULL,
  'UF_DIRECTOR_SIGN' => NULL,
  'UF_CRM_63DC8E85CFCF8' => NULL,
  'UF_ACCOUNTANT_SIGN' => NULL,
  'UF_CRM_66278F492F2AB' => NULL,
  'UF_CRM_66278F56B20AB' => NULL,
  'UF_CRM_1614957860' => 
  array (
  ),
  'UF_CRM_63DC8E86B16B4' => NULL,
  'UF_CRM_COMPANY_AMO_MTMCUBCZWNNFI' => NULL,
  'UF_CRM_COMPANY_AMO_LDBCSXXLXKSAO' => NULL,
  'UF_CRM_COMPANY_AMO_IQELLRVUCLCMX' => NULL,
  'UF_CRM_COMPANY_AMO_STOVXRACHEMXN' => NULL,
  'UF_CRM_1614958759' => NULL,
  'UF_CRM_1614975460' => NULL,
  'UF_CRM_1614960190' => NULL,
  'UF_CRM_1614960517' => 'N',
  'UF_CRM_655CAA3806A4E' => NULL,
  'UF_CRM_1614960589' => 'N',
  'UF_CRM_1614960625' => 'N',
  'UF_CRM_1614960645' => 'N',
  'UF_CRM_1664274186' => 'N',
  'UF_CRM_1664274218' => 'N',
  'UF_CRM_1615066460' => NULL,
  'UF_CRM_1615200179' => NULL,
  'UF_CRM_1615200236' => 
  array (
  ),
  'UF_CRM_1666263448' => NULL,
  'UF_CRM_1680181141' => NULL,
  'UF_CRM_63DC8E8791D13' => NULL,
  'UF_CRM_1671612944' => 
  array (
  ),
  'UF_CRM_1671612985' => 
  array (
  ),
  'UF_CRM_1617022509_SINGLE' => NULL,
  'UF_CRM_COMPANY_SS_ORG_SINGLE' => NULL,
  'UF_CRM_1687947495_SINGLE' => NULL,
  'UF_CRM_64DB2F96F1AE7_SINGLE' => NULL,
  'UF_CRM_64DB2F9DECE37_SINGLE' => NULL,
  'UF_CRM_64DB441DEE816_SINGLE' => NULL,
  'UF_CRM_64DB4425AB05C_SINGLE' => NULL,
  'UF_CRM_64DB442E55674_SINGLE' => NULL,
  'UF_CRM_64DB4434EF3A3_SINGLE' => NULL,
  'UF_CRM_64DB443BE1A9C_SINGLE' => NULL,
  'UF_CRM_64DB444343D37_SINGLE' => NULL,
  'UF_CRM_1693788279_SINGLE' => NULL,
  'UF_CRM_RU_DIADOK_SINGLE' => NULL,
  'UF_CRM_6526A6509E0DC_SINGLE' => NULL,
  'UF_CRM_6545DCFE01CA4_SINGLE' => NULL,
  'UF_CRM_6545DD05C700C_SINGLE' => NULL,
  'UF_CRM_65DF019419A3C_SINGLE' => NULL,
  'UF_CRM_6433D4F3F2CA8_SINGLE' => NULL,
  'UF_CRM_6433D58274BF2_SINGLE' => NULL,
  'UF_CRM_6433D5FEDCCDC_SINGLE' => NULL,
  'UF_CRM_6433D6084A319_SINGLE' => NULL,
  'UF_CRM_6433D62FE7442_SINGLE' => NULL,
  'UF_CRM_6433D6355E340_SINGLE' => NULL,
  'UF_CRM_6433D63A11E51_SINGLE' => NULL,
  'UF_CRM_6433D702C5A07_SINGLE' => NULL,
  'UF_CRM_6433D70829928_SINGLE' => NULL,
  'UF_CRM_6433D7112B0A2_SINGLE' => NULL,
  'UF_CRM_6433D72469DA8_SINGLE' => NULL,
  'UF_CRM_6433D7290604B_SINGLE' => NULL,
  'UF_CRM_6433D7328E598_SINGLE' => NULL,
  'UF_CRM_6433D777E2973_SINGLE' => NULL,
  'UF_CRM_6433D7D2CA9D0_SINGLE' => NULL,
  'UF_CRM_6433D80C6AAC2_SINGLE' => NULL,
  'UF_CRM_6433D844B7B1F_SINGLE' => NULL,
  'UF_CRM_6433D86D38393_SINGLE' => NULL,
  'UF_CRM_6433D8719A73A_SINGLE' => NULL,
  'UF_CRM_6433D8B6D4588_SINGLE' => NULL,
  'UF_CRM_6433D8E367985_SINGLE' => NULL,
  'UF_CRM_6433D8ED76753_SINGLE' => NULL,
  'UF_CRM_6433D94467769_SINGLE' => NULL,
  'UF_CRM_6433D9494F3E2_SINGLE' => NULL,
  'UF_CRM_6433D98DC980E_SINGLE' => NULL,
  'UF_CRM_6433D9928709F_SINGLE' => NULL,
  'UF_CRM_6433D99D4ED62_SINGLE' => NULL,
  'UF_CRM_6433D9F65FBDF_SINGLE' => NULL,
  'UF_CRM_6433D9FB43081_SINGLE' => NULL,
  'UF_CRM_6433DA06B96E6_SINGLE' => NULL,
  'UF_CRM_6433DABADC0AD_SINGLE' => NULL,
  'UF_CRM_6433DB513B488_SINGLE' => NULL,
  'UF_CRM_6433DBC84FB76_SINGLE' => NULL,
  'UF_CRM_64DB52953D51D_SINGLE' => NULL,
  'UF_CRM_1614957860_SINGLE' => NULL,
  'UF_CRM_1615200236_SINGLE' => NULL,
  'UF_CRM_1671612944_SINGLE' => NULL,
  'UF_CRM_1671612985_SINGLE' => NULL,
  'PARENT_ID_129' => NULL,
  'PARENT_ID_132' => NULL,
  'PARENT_ID_133' => NULL,
  'PARENT_ID_134' => NULL,
  'PARENT_ID_147' => NULL,
  'PARENT_ID_148' => NULL,
  'PARENT_ID_149' => NULL,
  'PARENT_ID_151' => NULL,
  'PARENT_ID_153' => NULL,
  'PARENT_ID_157' => NULL,
  'PARENT_ID_174' => NULL,
  'PARENT_ID_175' => NULL,
  'PARENT_ID_182' => NULL,
  'PARENT_ID_184' => NULL,
  'PARENT_ID_185' => NULL,
  'PARENT_ID_190' => NULL,
  'Тип' => 'Компания',
  'contactPersonDetails' => 
  array (
    0 => 
    array (
      'nameText' => 'Хлгатян Анаит Альбертовна',
      'birthDate' => '',
      'phone' => '928 405-22-66',
      'stateId' => '16',
      'commentText' => '',
    ),
  ),
  'Реквизиты' => 
  array (
    'ID' => '126487',
    'ENTITY_TYPE_ID' => '4',
    'ENTITY_ID' => '31440',
    'PRESET_ID' => '2',
    'DATE_CREATE' => '2023-07-12 11:23:12',
    'DATE_MODIFY' => '2024-05-14 10:42:39',
    'CREATED_BY_ID' => '0',
    'MODIFY_BY_ID' => '641',
    'NAME' => 'Карпов Александр Сергеевич',
    'CODE' => NULL,
    'XML_ID' => NULL,
    'ORIGINATOR_ID' => NULL,
    'ACTIVE' => 'Y',
    'ADDRESS_ONLY' => 'N',
    'SORT' => '600',
    'RQ_NAME' => 'Карпов Александр Сергеевич',
    'RQ_FIRST_NAME' => 'Александр',
    'RQ_LAST_NAME' => 'Карпов',
    'RQ_SECOND_NAME' => 'Сергеевич',
    'RQ_COMPANY_NAME' => NULL,
    'RQ_COMPANY_FULL_NAME' => NULL,
    'RQ_COMPANY_REG_DATE' => '20.11.2018',
    'RQ_DIRECTOR' => NULL,
    'RQ_ACCOUNTANT' => NULL,
    'RQ_CEO_NAME' => NULL,
    'RQ_CEO_WORK_POS' => NULL,
    'RQ_CONTACT' => NULL,
    'RQ_EMAIL' => NULL,
    'RQ_PHONE' => NULL,
    'RQ_FAX' => NULL,
    'RQ_IDENT_TYPE' => NULL,
    'RQ_IDENT_DOC' => 'Паспорт гражданина Российской Федерации',
    'RQ_IDENT_DOC_SER' => '0314',
    'RQ_IDENT_DOC_NUM' => '632039',
    'RQ_IDENT_DOC_PERS_NUM' => NULL,
    'RQ_IDENT_DOC_DATE' => '15.09.2014',
    'RQ_IDENT_DOC_ISSUED_BY' => 'ОТДЕЛЕНИЕМ УФМС РОССИИ ПО КРАСНОДАРСКОМУ КРАЮ В Г. ГЕЛЕНДЖИКЕ',
    'RQ_IDENT_DOC_DEP_CODE' => '230-016',
    'RQ_INN' => '230410666335',
    'RQ_KPP' => NULL,
    'RQ_USRLE' => NULL,
    'RQ_IFNS' => NULL,
    'RQ_OGRN' => NULL,
    'RQ_OGRNIP' => '318237500438030',
    'RQ_OKPO' => '',
    'RQ_OKTMO' => NULL,
    'RQ_OKVED' => '',
    'RQ_EDRPOU' => NULL,
    'RQ_DRFO' => NULL,
    'RQ_KBE' => NULL,
    'RQ_IIN' => NULL,
    'RQ_BIN' => NULL,
    'RQ_ST_CERT_SER' => NULL,
    'RQ_ST_CERT_NUM' => NULL,
    'RQ_ST_CERT_DATE' => NULL,
    'RQ_VAT_PAYER' => 'N',
    'RQ_VAT_ID' => NULL,
    'RQ_VAT_CERT_SER' => NULL,
    'RQ_VAT_CERT_NUM' => NULL,
    'RQ_VAT_CERT_DATE' => NULL,
    'RQ_RESIDENCE_COUNTRY' => NULL,
    'RQ_BASE_DOC' => NULL,
    'RQ_REGON' => NULL,
    'RQ_KRS' => NULL,
    'RQ_PESEL' => NULL,
    'RQ_LEGAL_FORM' => NULL,
    'RQ_SIRET' => NULL,
    'RQ_SIREN' => NULL,
    'RQ_CAPITAL' => NULL,
    'RQ_RCS' => NULL,
    'RQ_SIGNATURE' => NULL,
    'RQ_STAMP' => NULL,
    'RQ_COMPANY_ID' => NULL,
    'RQ_CNPJ' => NULL,
    'RQ_STATE_REG' => NULL,
    'RQ_MNPL_REG' => NULL,
    'RQ_CPF' => NULL,
    'VALUE_ID' => '126487',
    'UF_CRM_1647929611' => 'ГОР. ГЕЛЕНДЖИК КРАСНОДАРСКОГО КРАЯ',
    'UF_CRM_1647931933' => NULL,
    'UF_CRM_1647931942' => NULL,
    'UF_CRM_1647931950' => NULL,
    'UF_CRM_1647931979' => NULL,
    'UF_CRM_1647931992' => NULL,
    'UF_CRM_1647932011' => NULL,
    'UF_CRM_1651842340' => NULL,
    'UF_CRM_1684476607' => NULL,
    'UF_CRM_1684493639' => '1994-09-11 00:00:00',
    'UF_CRM_1688964741' => 'Межрайонная инспекция Федеральной налоговой службы №21 по Краснодарскому краю',
    'UF_CRM_1688965107' => NULL,
    'UF_CRM_1692611897' => NULL,
    'UF_CRM_1692611956' => NULL,
    'UF_CRM_1697697990' => '0',
    'UF_CRM_1697699468' => '0',
    'UF_CRM_1697782220' => '1',
    'UF_CRM_1697782233' => '0',
  ),
  'Адреса' => 
  array (
    0 => 
    array (
      'TYPE_ID' => '1',
      'ENTITY_TYPE_ID' => '8',
      'ENTITY_ID' => '126487',
      'ANCHOR_TYPE_ID' => '4',
      'ANCHOR_ID' => '31440',
      'ADDRESS_1' => 'Садовая ул, 33 ',
      'ADDRESS_2' => '5',
      'CITY' => 'Геленджик г',
      'POSTAL_CODE' => '353460',
      'REGION' => NULL,
      'PROVINCE' => 'Краснодарский край',
      'COUNTRY' => 'Россия',
      'COUNTRY_CODE' => NULL,
      'LOC_ADDR_ID' => '311191',
      'IS_DEF' => '1',
      'ID' => '1017741',
      'STREET' => NULL,
      'BUILDING' => NULL,
      'HOUSE' => '33 ',
    ),
    1 => 
    array (
      'TYPE_ID' => '4',
      'ENTITY_TYPE_ID' => '8',
      'ENTITY_ID' => '126487',
      'ANCHOR_TYPE_ID' => '4',
      'ANCHOR_ID' => '31440',
      'ADDRESS_1' => 'Садовая ул, 33 ',
      'ADDRESS_2' => '5',
      'CITY' => 'Геленджик г',
      'POSTAL_CODE' => '353460',
      'REGION' => NULL,
      'PROVINCE' => 'Краснодарский край',
      'COUNTRY' => 'Россия',
      'COUNTRY_CODE' => NULL,
      'LOC_ADDR_ID' => '311192',
      'IS_DEF' => '1',
      'ID' => '1017742',
      'STREET' => NULL,
      'BUILDING' => NULL,
      'HOUSE' => '33 ',
    ),
  ),
  'Банк' => 
  array (
    0 => 
    array (
      'ID' => '798',
      'ENTITY_TYPE_ID' => '8',
      'ENTITY_ID' => '126487',
      'COUNTRY_ID' => '1',
      'DATE_CREATE' => '2023-10-20 18:08:27',
      'DATE_MODIFY' => '2024-05-14 10:42:42',
      'CREATED_BY_ID' => '23767',
      'MODIFY_BY_ID' => '641',
      'NAME' => 'Расчетный счет',
      'CODE' => NULL,
      'XML_ID' => NULL,
      'ORIGINATOR_ID' => NULL,
      'ACTIVE' => 'Y',
      'SORT' => '500',
      'RQ_BANK_NAME' => 'АО "Тинькофф Банк"',
      'RQ_BANK_ADDR' => '',
      'RQ_BANK_ROUTE_NUM' => NULL,
      'RQ_BIK' => '044525974',
      'RQ_MFO' => NULL,
      'RQ_ACC_NAME' => NULL,
      'RQ_ACC_NUM' => '40802810700002997456',
      'RQ_IIK' => NULL,
      'RQ_ACC_CURRENCY' => 'Рубль',
      'RQ_COR_ACC_NUM' => '30101810145250000974',
      'RQ_IBAN' => NULL,
      'RQ_SWIFT' => '',
      'RQ_BIC' => NULL,
      'RQ_CODEB' => NULL,
      'RQ_CODEG' => NULL,
      'RQ_RIB' => NULL,
      'COMMENTS' => 'МКК',
      'RQ_BANK_CODE' => NULL,
      'RQ_ACC_TYPE' => NULL,
      'RQ_AGENCY_NAME' => NULL,
    ),
  ),
  'КонтактныеДанные' => 
  array (
    0 => 
    array (
      'ID' => '1507602',
      'ENTITY_ID' => 'COMPANY',
      'ELEMENT_ID' => '31440',
      'TYPE_ID' => 'PHONE',
      'VALUE_TYPE' => 'MOBILE',
      'COMPLEX_ID' => 'PHONE_MOBILE',
      'VALUE' => '+79892776377',
    ),
    1 => 
    array (
      'ID' => '1507732',
      'ENTITY_ID' => 'COMPANY',
      'ELEMENT_ID' => '31440',
      'TYPE_ID' => 'PHONE',
      'VALUE_TYPE' => 'WORK',
      'COMPLEX_ID' => 'PHONE_WORK',
      'VALUE' => '+79996346377',
    ),
    2 => 
    array (
      'ID' => '1244067',
      'ENTITY_ID' => 'COMPANY',
      'ELEMENT_ID' => '31440',
      'TYPE_ID' => 'EMAIL',
      'VALUE_TYPE' => 'OTHER',
      'COMPLEX_ID' => 'EMAIL_OTHER',
      'VALUE' => 'xx.karpov@gmail.com',
    ),
  ),
  'Представитель' => '',
  'Бенефициар1' => NULL,
  'Бенефициар2' => NULL,
  'Бенефициар3' => NULL,
  'Бенефициар4' => NULL,
  'Бенефициар5' => NULL,
  'ФилиалАвтора' => '01b47326-66fb-11ed-80e8-d6b7a50f497f',
  'Автор' => 'b577137f-b9ac-11ed-80f7-f9baaaa059d1',
  'clientGroup' => 'Хлгатян',
)
#0: KPLab\OneC\Export\Company->export
	/home/bitrix/www/local/classes/onec/export/company.php:190
#1: KPLab\OneC\Export\Company->init
	/home/bitrix/www/local/classes/onec/export/zayavka.php:106
#2: KPLab\OneC\Export\Zayavka->init
	/home/bitrix/www/bitrix/activities/bitrix/codeactivity/codeactivity.php(25) : eval()'d code:2
#3: eval
	/home/bitrix/www/bitrix/activities/bitrix/codeactivity/codeactivity.php:25
#4: CBPCodeActivity->execute
	/home/bitrix/www/bitrix/modules/bizproc/classes/general/workflow.php:531
#5: CBPWorkflow->runQueuedItem
	/home/bitrix/www/bitrix/modules/bizproc/classes/general/workflow.php:494
----------
Host: crm.sodeistvie.su:443
Date: 2024-07-31 15:02:53
Module: Представитель

#0: KPLab\OneC\Export\Company->init
	/home/bitrix/www/bitrix/activities/bitrix/codeactivity/codeactivity.php(25) : eval()'d code:2
#1: eval
	/home/bitrix/www/bitrix/activities/bitrix/codeactivity/codeactivity.php:25
#2: CBPCodeActivity->execute
	/home/bitrix/www/bitrix/modules/bizproc/classes/general/workflow.php:531
#3: CBPWorkflow->runQueuedItem
	/home/bitrix/www/bitrix/modules/bizproc/classes/general/workflow.php:494
#4: CBPWorkflow->runStep
	/home/bitrix/www/bitrix/modules/bizproc/classes/general/workflow.php:478
#5: CBPWorkflow->runQueue
	/home/bitrix/www/bitrix/modules/bizproc/classes/general/workflow.php:225
----------
Host: crm.sodeistvie.su:443
Date: 2024-07-31 15:02:53
Module: ФилиалАвтора
NULL
#0: KPLab\OneC\Export\Company->init
	/home/bitrix/www/bitrix/activities/bitrix/codeactivity/codeactivity.php(25) : eval()'d code:2
#1: eval
	/home/bitrix/www/bitrix/activities/bitrix/codeactivity/codeactivity.php:25
#2: CBPCodeActivity->execute
	/home/bitrix/www/bitrix/modules/bizproc/classes/general/workflow.php:531
#3: CBPWorkflow->runQueuedItem
	/home/bitrix/www/bitrix/modules/bizproc/classes/general/workflow.php:494
#4: CBPWorkflow->runStep
	/home/bitrix/www/bitrix/modules/bizproc/classes/general/workflow.php:478
#5: CBPWorkflow->runQueue
	/home/bitrix/www/bitrix/modules/bizproc/classes/general/workflow.php:225
----------
Host: crm.sodeistvie.su:443
Date: 2024-07-31 15:02:53
Module: Автор
NULL
#0: KPLab\OneC\Export\Company->init
	/home/bitrix/www/bitrix/activities/bitrix/codeactivity/codeactivity.php(25) : eval()'d code:2
#1: eval
	/home/bitrix/www/bitrix/activities/bitrix/codeactivity/codeactivity.php:25
#2: CBPCodeActivity->execute
	/home/bitrix/www/bitrix/modules/bizproc/classes/general/workflow.php:531
#3: CBPWorkflow->runQueuedItem
	/home/bitrix/www/bitrix/modules/bizproc/classes/general/workflow.php:494
#4: CBPWorkflow->runStep
	/home/bitrix/www/bitrix/modules/bizproc/classes/general/workflow.php:478
#5: CBPWorkflow->runQueue
	/home/bitrix/www/bitrix/modules/bizproc/classes/general/workflow.php:225
----------
Host: crm.sodeistvie.su:443
Date: 2024-07-31 15:02:53
Module: clientId
33074
#0: KPLab\OneC\Export\Company->export
	/home/bitrix/www/local/classes/onec/export/company.php:190
#1: KPLab\OneC\Export\Company->init
	/home/bitrix/www/bitrix/activities/bitrix/codeactivity/codeactivity.php(25) : eval()'d code:2
#2: eval
	/home/bitrix/www/bitrix/activities/bitrix/codeactivity/codeactivity.php:25
#3: CBPCodeActivity->execute
	/home/bitrix/www/bitrix/modules/bizproc/classes/general/workflow.php:531
#4: CBPWorkflow->runQueuedItem
	/home/bitrix/www/bitrix/modules/bizproc/classes/general/workflow.php:494
#5: CBPWorkflow->runStep
	/home/bitrix/www/bitrix/modules/bizproc/classes/general/workflow.php:478
----------
Host: crm.sodeistvie.su:443
Date: 2024-07-31 15:02:53
Module: clientOrg
5
#0: KPLab\OneC\Export\Company->export
	/home/bitrix/www/local/classes/onec/export/company.php:190
#1: KPLab\OneC\Export\Company->init
	/home/bitrix/www/bitrix/activities/bitrix/codeactivity/codeactivity.php(25) : eval()'d code:2
#2: eval
	/home/bitrix/www/bitrix/activities/bitrix/codeactivity/codeactivity.php:25
#3: CBPCodeActivity->execute
	/home/bitrix/www/bitrix/modules/bizproc/classes/general/workflow.php:531
#4: CBPWorkflow->runQueuedItem
	/home/bitrix/www/bitrix/modules/bizproc/classes/general/workflow.php:494
#5: CBPWorkflow->runStep
	/home/bitrix/www/bitrix/modules/bizproc/classes/general/workflow.php:478
----------
Host: crm.sodeistvie.su:443
Date: 2024-07-31 15:02:53
Module: clientData
array (
  'OBSERVER_IDS' => 
  array (
  ),
  'LOGO' => '',
  'UF_CRM_BITCONF_ZOOM_REGISTRATION_ANSWERS' => NULL,
  'UF_CRM_1693788279' => 
  array (
    0 => 4261832,
    1 => 4261833,
    2 => 4261834,
  ),
  'UF_CRM_RUROBOT_SBP_QR_FILE' => NULL,
  'UF_CRM_RUROBOT_CHEK_QR_FILE' => NULL,
  'UF_CRM_6433D5CD87C30' => NULL,
  'UF_CRM_6433D5D634AD6' => NULL,
  'UF_CRM_6433D5FA970C9' => NULL,
  'UF_CRM_6433D5FEDCCDC' => 
  array (
  ),
  'UF_CRM_6433D6036480A' => NULL,
  'UF_CRM_6433D6084A319' => 
  array (
  ),
  'UF_CRM_6433D62FE7442' => 
  array (
  ),
  'UF_CRM_6433D6355E340' => 
  array (
  ),
  'UF_CRM_6433D63A11E51' => 
  array (
  ),
  'UF_CRM_6433D6DD9702A' => NULL,
  'UF_CRM_6433D702C5A07' => 
  array (
  ),
  'UF_CRM_6433D70829928' => 
  array (
  ),
  'UF_CRM_6433D7112B0A2' => 
  array (
  ),
  'UF_CRM_6433D72469DA8' => 
  array (
  ),
  'UF_CRM_6433D7290604B' => 
  array (
  ),
  'UF_CRM_6433D7328E598' => 
  array (
  ),
  'UF_CRM_6433D7BFBF3C1' => NULL,
  'UF_CRM_6433D86D38393' => 
  array (
  ),
  'UF_CRM_6433D8719A73A' => 
  array (
  ),
  'UF_CRM_6433D88041ED1' => NULL,
  'UF_CRM_6433D8ED76753' => 
  array (
  ),
  'UF_CRM_6433D922AAFBA' => NULL,
  'UF_CRM_6433D93E62E9D' => NULL,
  'UF_CRM_6433D94467769' => 
  array (
  ),
  'UF_CRM_6433D9494F3E2' => 
  array (
  ),
  'UF_CRM_6433D98DC980E' => 
  array (
  ),
  'UF_CRM_6433D9928709F' => 
  array (
  ),
  'UF_CRM_6433D9BC65B15' => NULL,
  'UF_CRM_6433D9FB43081' => 
  array (
  ),
  'UF_CRM_6433DA7676DE8' => NULL,
  'UF_CRM_6433DA7FAA203' => NULL,
  'UF_CRM_6433DB8564D70' => NULL,
  'UF_CRM_6433DBC84FB76' => 
  array (
  ),
  'UF_CRM_64DB528100CC9' => NULL,
  'UF_CRM_64DB52A38846D' => NULL,
  'UF_CRM_UNSIGNED_CONSENT' => NULL,
  'COMMENTS' => 'Теги сделки - MP_Wildberries, Lead_Заявка WB // Сумма запроса с WB - 100000 // Примечание 1 - Предварительный лимит для Индивидуальный предприниматель Шамров Дмитрий Николаевич составляет 800,000.00. Средние выплаты селлеру за последние 3 полных месяца 673,084.08.',
  'CONTACT_BINDINGS' => 
  array (
    0 => 
    array (
      'CONTACT_ID' => 216922,
      'SORT' => 10,
      'ROLE_ID' => 0,
    ),
    1 => 
    array (
      'CONTACT_ID' => 232563,
      'SORT' => 10,
      'ROLE_ID' => 0,
      'IS_PRIMARY' => 'Y',
    ),
  ),
  'CONTACT_ID' => 
  array (
    0 => 216922,
    1 => 232563,
  ),
  'UTM_SOURCE' => 'seller',
  'UTM_MEDIUM' => 'referral',
  'UTM_CAMPAIGN' => 'online',
  'UTM_CONTENT' => '9715400317',
  'UTM_TERM' => NULL,
  'ID' => 33074,
  'DATE_CREATE' => '16.10.2023 20:52:08',
  'DATE_MODIFY' => '31.07.2024 15:02:52',
  'CREATED_BY_ID' => 1,
  'MODIFY_BY_ID' => 0,
  'ASSIGNED_BY_ID' => 21926,
  'OPENED' => 'Y',
  'TITLE' => 'ИП Шамров Д.Н.',
  'ADDRESS' => 'Ленина ул, 17 ',
  'ADDRESS_LEGAL' => NULL,
  'BANKING_DETAILS' => NULL,
  'COMPANY_TYPE' => '5',
  'INDUSTRY' => NULL,
  'REVENUE' => 0.0,
  'CURRENCY_ID' => 'RUB',
  'EMPLOYEES' => NULL,
  'LEAD_ID' => 145177,
  'WEBFORM_ID' => 0,
  'ORIGINATOR_ID' => NULL,
  'ORIGIN_ID' => NULL,
  'ORIGIN_VERSION' => NULL,
  'HAS_PHONE' => 'Y',
  'HAS_EMAIL' => 'Y',
  'HAS_IMOL' => 'Y',
  'IS_MY_COMPANY' => 'N',
  'CATEGORY_ID' => 0,
  'LAST_ACTIVITY_BY' => 27935,
  'LAST_ACTIVITY_TIME' => '29.07.2024 14:53:43',
  'EMAIL_HOME' => NULL,
  'EMAIL_WORK' => NULL,
  'EMAIL_MAILING' => NULL,
  'PHONE_MOBILE' => NULL,
  'PHONE_WORK' => NULL,
  'PHONE_MAILING' => NULL,
  'IMOL' => NULL,
  'EMAIL' => NULL,
  'PHONE' => NULL,
  'UF_CRM_669752C2286C3' => NULL,
  'UF_CRM_63DC8E17DA14A' => NULL,
  'UF_CRM_6433D456A993F' => '94186',
  'UF_CRM_6433D45A58732' => NULL,
  'UF_CRM_6433D45E0E48D' => NULL,
  'UF_CRM_6435331D97379' => NULL,
  'UF_CRM_643533226D993' => NULL,
  'UF_CRM_6435332D17E32' => NULL,
  'UF_CRM_6435333351197' => NULL,
  'UF_CRM_643533400DD7E' => NULL,
  'UF_CRM_64353346223BE' => NULL,
  'UF_CRM_643533543CB94' => '16.10.2023 00:00:00',
  'UF_CRM_6435335A78A8A' => NULL,
  'UF_CRM_64353366C4E98' => NULL,
  'UF_CRM_6435336CE33DF' => NULL,
  'UF_CRM_6436790C0A081' => '29',
  'UF_CRM_6436791297084' => 10476,
  'UF_CRM_644B8F5F389E2' => '820415.36',
  'UF_CRM_64771CA96A441' => '1',
  'UF_CRM_64771CAF31F16' => '39473',
  'UF_CRM_64806D472FDA8' => NULL,
  'UF_CRM_COMPANY_OVK_CHECKDOMAIN' => 'N',
  'UF_CRM_COMPANY_OVK_CHECK_COMPANY_INFO' => 'N',
  'UF_CRM_COMPANY_OVK_CHECK_LICENSES' => 'N',
  'UF_CRM_COMPANY_OVK_IS_IN_TERRORIST_LIST' => 'N',
  'UF_CRM_COMPANY_OVK_IS_IN_MVK_LIST' => 'N',
  'UF_CRM_COMPANY_OVK_IS_IN_OMU_LIST' => 'N',
  'UF_CRM_COMPANY_OVK_IS_IN_STRATEGIC_LIST' => 'N',
  'UF_CRM_COMPANY_OVK_IS_IN_OPK_ULS' => 'N',
  'UF_CRM_COMPANY_OVK_IS_IN_SANCTION_LIST' => 'N',
  'UF_CRM_COMPANY_OVK_IS_IN_PEP_LIST' => 'N',
  'UF_CRM_COMPANY_OVK_IS_IN_764LIST' => 'N',
  'UF_CRM_COMPANY_OVK_IS_IN_FINANCIAL_PYRAMIDE' => 'N',
  'UF_CRM_COMPANY_OVK_IS_IN_ILLEGAL_CREDITOR' => 'N',
  'UF_CRM_COMPANY_OVK_RESULT' => 'N',
  'UF_CRM_COMPANY_KNTR_ADMIN_OFFENCE_CASE_COUNT' => 0,
  'UF_CRM_COMPANY_KNTR_ARBITR_CLAIMS_LOST_CASES_SUM' => 0,
  'UF_CRM_COMPANY_KNTR_ARBIT_CLAIMS_REVIEW_CASES_SUM' => 0,
  'UF_CRM_COMPANY_KNTR_ANY_FNS_BLOCKED_ACCOUNTS' => 'N',
  'UF_CRM_COMPANY_KNTR_ANY_SENT_DOCUMENTS_TO_FNS' => 'N',
  'UF_CRM_COMPANY_KNTR_ANY_DISQUALIFIED_DIRECTORS' => 'N',
  'UF_CRM_COMPANY_KNTR_BANKS' => NULL,
  'UF_CRM_COMPANY_KNTR_BLOCKED_ACCOUNTS' => NULL,
  'UF_CRM_COMPANY_KNTR_CERTIFICATES' => ' |  | ',
  'UF_CRM_COMPANY_KNTR_LESSEE_CONTRACTS' => ' | ',
  'UF_CRM_COMPANY_KNTR_CONNECTED_COMPANIES' => NULL,
  'UF_CRM_COMPANY_KNTR_CONNECTED_SITES' => 'Array',
  'UF_CRM_COMPANY_KNTR_ENFORCEMENT_PROCEEDINGS_SUM' => 0,
  'UF_CRM_COMPANY_KNTR_IN_ANY_SANCTION_LISTS' => 'N',
  'UF_CRM_COMPANY_KNTR_IN_ANY_FNS_LIST' => 'N',
  'UF_CRM_COMPANY_KNTR_IN_STRATEGIC_ENTERPRISE_LIST' => 'N',
  'UF_CRM_COMPANY_KNTR_IN_JOIN_STOCK_CMPNY_LIST91P' => 'N',
  'UF_CRM_COMPANY_KNTR_IN_UNRELIABLE_SIPPLIER_LIST' => 'N',
  'UF_CRM_COMPANY_KNTR_MSP_LIST_DATE' => NULL,
  'UF_CRM_COMPANY_KNTR_LICENSES' => NULL,
  'UF_CRM_COMPANY_KNTR_TRADEMARKS' => NULL,
  'UF_CRM_COMPANY_KNTR_LAST_BANKRUPTCY_DATA' => ' | ',
  'UF_CRM_COMPANY_KNTR_IN_GOVERNMENT_DIRECTIVE_LIST' => 'N',
  'UF_CRM_COMPANY_KNTR_IN_STRATEGIC_ORG_LIST' => 'N',
  'UF_CRM_COMPANY_KNTR_WEBSITE_BLOCK_INFOS' => NULL,
  'UF_CRM_COMPANY_KNTR_IN_PRLIFRTN_RISK_DETECTIONLIST' => 'N',
  'UF_CRM_COMPANY_KNTR_IN_REFUSAL_LIST764P' => 'N',
  'UF_CRM_COMPANY_KNTR_IN_BANK_REFUSAL_LIST764P' => 'N',
  'UF_CRM_COMPANY_KNTR_IN_SANCTIONS_LIST' => 'N',
  'UF_CRM_COMPANY_KNTR_IN_STRATEGIC_COMPANIES_LIST' => 'N',
  'UF_CRM_COMPANY_KNTR_IN_TERRORIST_LIST' => 'N',
  'UF_CRM_COMPANY_KNTR_IN_EXTREMISTS_LIST' => 'N',
  'UF_CRM_COMPANY_KNTR_IN_INTERDEP_COMMISSION_LIST' => 'N',
  'UF_CRM_COMPANY_KNTR_IN_WEAPON_MASS_DESTRUCTION_DIS' => 'N',
  'UF_CRM_COMPANY_KNTR_IN_ILLEG_LENDER_INDICATOR_LIST' => 'N',
  'UF_CRM_COMPANY_KNTR_IN_PYRAMID_SCHEME_INDICATAOR_L' => 'N',
  'UF_CRM_COMPANY_KNTR_ILLEG_SECUR_MARKET_PARTICIPANT' => 'N',
  'UF_CRM_COMPANY_CHKLST' => 19319,
  'UF_CRM_COMPANY_CHKLST_WB_INC_TO_SALE_FOR_SIX_MONTH' => 1.89,
  'UF_CRM_COMPANY_CHKLST_OZON_INC_SALE_FOR_SIX_MOUNTH' => 0.0,
  'UF_CRM_COMPANY_CHKLST_MARKETPLACE_DURATION_IN_MNTH' => 13,
  'UF_CRM_COMPANY_CHKLST_SALES_TO_COUNT_SIX_MTH_RATIO' => 2481.0,
  'UF_CRM_COMPANY_CHKLST_SALES_TO_RETURN_COUNT_SIX_MH' => 1770.0,
  'UF_CRM_COMPANY_CHKLST_STOK_SUM_LIMIT_SIX_MTH_RATIO' => 0.8,
  'UF_CRM_COMPANY_CHKLST_SMOOTHED_LIM_FOR_SIX_MONTHS' => 8200000.0,
  'UF_CRM_COMPANY_CHKLST_PDN' => 17.0,
  'UF_CRM_COMPANY_CHKLST_ANY_FNS_BLOCKED_ACCOUNTS' => 'N',
  'UF_CRM_COMPANY_CHKLST_PERSON_VALID_PASSPORT' => 'N',
  'UF_CRM_COMPANY_CHKLST_LOCATED_IN_LISTS_NAMES' => NULL,
  'UF_CRM_COMPANY_CHKLST_IN_UNRELIABLE_SUPPLIER_LIST' => 'N',
  'UF_CRM_COMPANY_CHKLST_ANY_DISQUALIFIED_DIRECTORS' => 'N',
  'UF_CRM_1554808760221' => NULL,
  'UF_LOGO' => NULL,
  'UF_CRM_1595595411835' => 'ИП Шамров Дмитрий Николаевич',
  'UF_CRM_1596520984268' => NULL,
  'UF_CRM_1596520996191' => NULL,
  'UF_CRM_1596521014397' => NULL,
  'UF_CRM_1596521047550' => NULL,
  'UF_CRM_1596521064464' => NULL,
  'UF_CRM_1596521074308' => NULL,
  'UF_CRM_1617022509' => 
  array (
  ),
  'UF_CRM_1627544551724' => NULL,
  'UF_CRM_TB_TAGS' => NULL,
  'UF_CRM_COMPANY_SS_AGENT_DOC_NOMER_AM' => NULL,
  'UF_CRM_COMPANY_SS_AGENT_DOC_DATA_AM' => NULL,
  'UF_CRM_COMPANY_SS_FILIAL_OPEN_DATE_AM' => NULL,
  'UF_CRM_COMPANY_SS_FILIAL_CLOSE_DATE_AM' => NULL,
  'UF_CRM_COMPANY_SS_FILIAL_BOSS_AM' => NULL,
  'UF_CRM_COMPANY_SS_FILIAL_STATUS_AM' => NULL,
  'UF_CRM_1637754619884' => NULL,
  'UF_CRM_1637754682264' => NULL,
  'UF_CRM_1638788295103' => NULL,
  'UF_CRM_1638788442249' => NULL,
  'UF_CRM_1638789252369' => NULL,
  'UF_CRM_1638791492304' => NULL,
  'UF_CRM_1638791524660' => NULL,
  'UF_CRM_COMPANY_SS_SYNC_DATE' => '31.07.2024 15:02:47',
  'UF_CRM_COMPANY_SS_AM_ID' => 'cf8e0891-6cad-11ee-810c-f9baaaa059d1',
  'UF_CRM_COMPANY_SS_AK_ID' => NULL,
  'UF_CRM_COMPANY_SS_AS_ID' => NULL,
  'UF_CRM_COMPANY_SS_PREDSTAVITEL_DOLGNOST' => NULL,
  'UF_CRM_COMPANY_SS_PREDSTAVITEL_DOVERENNOST' => NULL,
  'UF_CRM_COMPANY_SS_ORG' => 
  array (
    0 => '5',
  ),
  'UF_CRM_COMPANY_SS_KASSA' => 'Y',
  'UF_CRM_APP_PL_COMPANY_COUNTRY' => NULL,
  'UF_CRM_APP_PL_COMPANY_TIMEZONE' => NULL,
  'UF_CRM_APP_PL_COMPANY_REGION' => NULL,
  'UF_CRM_CUST_LTIME' => NULL,
  'UF_CRM_1675248051686' => NULL,
  'UF_CRM_1675248084077' => NULL,
  'UF_CRM_1675251420593' => NULL,
  'UF_CRM_1675251431573' => NULL,
  'UF_CRM_1675251444631' => NULL,
  'UF_CRM_63DC8E18A4E2E' => NULL,
  'UF_CRM_63DC8E195EB36' => NULL,
  'UF_CRM_63DC8E1A3346D' => NULL,
  'UF_CRM_63DC8E26747B4' => NULL,
  'UF_CRM_63DC8E274B853' => NULL,
  'UF_CRM_63DC8E280E9E5' => NULL,
  'UF_CRM_63DC8E293CC7F' => 'N',
  'UF_CRM_63DC8E2A0BF88' => 'N',
  'UF_CRM_63DC8E2ABE9D8' => NULL,
  'UF_CRM_63DC8E2B7F52E' => 'N',
  'UF_CRM_63DC8E2C3AABE' => 'N',
  'UF_CRM_63DC8E2CEC51F' => NULL,
  'UF_CRM_63DC8E2DA91B8' => 'N',
  'UF_CRM_63DC8E2E74222' => 'N',
  'UF_CRM_63DC8E2F31F5B' => NULL,
  'UF_CRM_63DC8E2FF0CC2' => 'N',
  'UF_CRM_63DC8E30B7FAE' => 'N',
  'UF_CRM_63DC8E317ED45' => NULL,
  'UF_CRM_63DC8E323FF76' => 'N',
  'UF_CRM_63DC8E3306CAB' => 'N',
  'UF_CRM_63DC8E33C393B' => NULL,
  'UF_CRM_63DC8E3495C8D' => 'N',
  'UF_CRM_63DC8E355E686' => 'N',
  'UF_CRM_63DC8E3627033' => NULL,
  'UF_CRM_63DC8E36DB39D' => 'N',
  'UF_CRM_63DC8E379C254' => 'N',
  'UF_CRM_63DC8E38681EC' => NULL,
  'UF_CRM_63DC8E392D259' => 'N',
  'UF_CRM_63DC8E39E7034' => 'N',
  'UF_CRM_63DC8E3AAC4F7' => NULL,
  'UF_CRM_63DC8E3C39A26' => 'N',
  'UF_CRM_63DC8E3D01747' => NULL,
  'UF_CRM_63DC8E3DBFA43' => 'N',
  'UF_CRM_63DC8E3E90027' => NULL,
  'UF_CRM_63DC8E4028C58' => 'N',
  'UF_CRM_63DC8E40E39C2' => NULL,
  'UF_CRM_63DC8E41ACD58' => 'N',
  'UF_CRM_63DC8E427A06D' => 'N',
  'UF_CRM_63DC8E4340A22' => NULL,
  'UF_CRM_63DC8E4411725' => 'N',
  'UF_CRM_63DC8E44D1A58' => 'N',
  'UF_CRM_63DC8E459F68A' => NULL,
  'UF_CRM_63DC8E467D45B' => 'N',
  'UF_CRM_63DC8E474FBE9' => 'N',
  'UF_CRM_63DC8E481E707' => NULL,
  'UF_CRM_63DC8E48E257E' => 'N',
  'UF_CRM_63DC8E49A6390' => 'N',
  'UF_CRM_63DC8E4A719EA' => NULL,
  'UF_CRM_63DC8E4C2FC7D' => 'N',
  'UF_CRM_63DC8E4CEBF34' => NULL,
  'UF_CRM_63DC8E4DBCDB3' => 'N',
  'UF_CRM_63DC8E4E90E8C' => NULL,
  'UF_CRM_63DC8E4F5DD80' => 'N',
  'UF_CRM_63DC8E502565C' => 'N',
  'UF_CRM_63DC8E50E5D9E' => 'N',
  'UF_CRM_63DC8E51AF554' => 'N',
  'UF_CRM_63DC8E527AD60' => NULL,
  'UF_CRM_63DC8E535208E' => NULL,
  'UF_CRM_63DC8E5423AFA' => NULL,
  'UF_CRM_63DC8E54E21A1' => 'N',
  'UF_CRM_63DC8E55B527E' => 'N',
  'UF_CRM_63DC8E5689193' => 'N',
  'UF_CRM_63DC8E5759751' => 'N',
  'UF_CRM_63DC8E590765C' => 'N',
  'UF_CRM_63DC8E59D279D' => NULL,
  'UF_CRM_63DC8E5B7F55D' => 'N',
  'UF_CRM_63DC8E5C5D659' => NULL,
  'UF_CRM_63DC8E5E1E849' => 'N',
  'UF_CRM_63DC8E5EE72DA' => NULL,
  'UF_CRM_63DC8E609239F' => 'N',
  'UF_CRM_63DC8E616A5AE' => NULL,
  'UF_CRM_63DC8E633698E' => 'N',
  'UF_CRM_63DC8E640474F' => NULL,
  'UF_CRM_63DC8E665855D' => 'N',
  'UF_CRM_63DC8E6736DC5' => NULL,
  'UF_CRM_63DC8E68EC080' => 'N',
  'UF_CRM_63DC8E6AA1430' => NULL,
  'UF_CRM_63DC8E6B76E53' => 'N',
  'UF_CRM_63DC8E6C67591' => 'N',
  'UF_CRM_63DC8E6D42820' => 'N',
  'UF_CRM_63DC8E6E1CEB4' => 'N',
  'UF_CRM_63DC8E6EEE91A' => 'N',
  'UF_CRM_63DC8E70B4611' => 'N',
  'UF_CRM_63DC8E7190963' => NULL,
  'UF_CRM_63DC8E726D449' => NULL,
  'UF_CRM_63DC8E7356A8D' => NULL,
  'UF_CRM_63DC8E743500D' => NULL,
  'UF_CRM_63DC8E751A1D3' => NULL,
  'UF_CRM_63DC8E7627B00' => NULL,
  'UF_CRM_63DC8E771A045' => NULL,
  'UF_CRM_63DC8E7809694' => NULL,
  'UF_CRM_63DC8E78E0E4D' => NULL,
  'UF_CRM_63DC8E79C71A6' => NULL,
  'UF_CRM_63DC8E7AA9B36' => NULL,
  'UF_CRM_63DC8E7B98100' => NULL,
  'UF_CRM_63DC8E7C79C19' => 132810444360.0,
  'UF_CRM_63DC8E7D5B2DA' => NULL,
  'UF_CRM_63DC8E7E4167A' => NULL,
  'UF_CRM_63DC8E7F23CE9' => NULL,
  'UF_CRM_1675446456307' => NULL,
  'UF_CRM_63DDE3A4E68D7' => NULL,
  'UF_CRM_63DDE3A5D5155' => NULL,
  'UF_CRM_1675670468066' => NULL,
  'UF_CRM_63E3241DA30EB' => NULL,
  'UF_CRM_63E3241E9AADB' => 'N',
  'UF_CRM_63E4AAB613011' => NULL,
  'UF_CRM_63E4AAB703D9F' => NULL,
  'UF_CRM_BITCONF_LINK' => NULL,
  'UF_CRM_BITCONF_ZOOM_RECORDINGS' => NULL,
  'UF_CRM_BITCONF_RECORDINGS_VIDEO_YANDEX' => NULL,
  'UF_CRM_BITCONF_RECORDINGS_AUDIO_YANDEX' => NULL,
  'UF_CRM_BITCONF_RECORDINGS_CHAT_YANDEX' => NULL,
  'UF_CRM_BITCONF_RECORDINGS_VIDEO_GOOGLE' => NULL,
  'UF_CRM_BITCONF_RECORDINGS_AUDIO_GOOGLE' => NULL,
  'UF_CRM_BITCONF_RECORDINGS_CHAT_GOOGLE' => NULL,
  'UF_CRM_BITCONF_ZOOM_REGISTRATION_ANSWERS_JSON' => NULL,
  'UF_CRM_BITCONF_MEETING_ATTENDED' => NULL,
  'UF_CRM_BITCONF_MEETING_STARTED_AT' => NULL,
  'UF_CRM_BITCONF_MEETING_ENDED_AT' => NULL,
  'UF_CRM_BITCONF_PARTICIPANT_JOINED_AT' => NULL,
  'UF_CRM_BITCONF_PARTICIPANT_LEFT_AT' => NULL,
  'UF_CRM_641045F47BAFD' => NULL,
  'UF_CRM_6433D461D16E4' => 'N',
  'UF_CRM_6433D465984C7' => 'N',
  'UF_CRM_6433D4693830C' => NULL,
  'UF_CRM_6433D46CED244' => 'N',
  'UF_CRM_6433D4715A41B' => 'N',
  'UF_CRM_6433D47528CEC' => '16.11.2023',
  'UF_CRM_6433D478C504F' => 'N',
  'UF_CRM_6433D47CBD827' => 'N',
  'UF_CRM_6433D4807CDE8' => NULL,
  'UF_CRM_6433D48456D35' => 'N',
  'UF_CRM_6433D4884B09E' => 'N',
  'UF_CRM_6433D48C20F2B' => '14.05.2024',
  'UF_CRM_6433D490017A2' => 'N',
  'UF_CRM_6433D4944FECB' => 'N',
  'UF_CRM_6433D4983ED32' => '15.05.2024',
  'UF_CRM_6433D49C28BA5' => 'N',
  'UF_CRM_6433D4A01ACC8' => 'N',
  'UF_CRM_6433D4A3D37E1' => NULL,
  'UF_CRM_6433D4A7ACE1E' => 'N',
  'UF_CRM_6433D4ABE92F3' => 'N',
  'UF_CRM_6433D4AFBF977' => '15.05.2024',
  'UF_CRM_6433D4B3B2523' => 'N',
  'UF_CRM_6433D4B79F77B' => 'N',
  'UF_CRM_6433D4BB85C48' => '15.05.2024',
  'UF_CRM_6433D4BF52BB0' => 'N',
  'UF_CRM_6433D4C37C94A' => 'N',
  'UF_CRM_6433D4C77A09D' => '14.05.2024',
  'UF_CRM_6433D4CB915A3' => 'N',
  'UF_CRM_6433D4CF8CF6E' => 'N',
  'UF_CRM_6433D4D465778' => NULL,
  'UF_CRM_6433D4D94C9AA' => 'N',
  'UF_CRM_6433D4DD6A784' => 'N',
  'UF_CRM_6433D4E18FD6A' => NULL,
  'UF_CRM_6433D4E75196D' => 'N',
  'UF_CRM_6433D4EB83DB1' => '15.05.2024',
  'UF_CRM_6433D4EFA24C9' => 'N',
  'UF_CRM_643EAA1DA8B9E' => 'N',
  'UF_CRM_643EAA228B2B2' => 'N',
  'UF_CRM_643EAA275FE0A' => 'N',
  'UF_CRM_643EAA2C188C0' => 'N',
  'UF_CRM_643EAA314A615' => 'N',
  'UF_CRM_643EAA37A5511' => NULL,
  'UF_CRM_64406458C6D47' => NULL,
  'UF_CRM_6442676E5B421' => NULL,
  'UF_CRM_1683968549' => 'Y',
  'UF_CRM_1684145100226' => 11075,
  'UF_CRM_1685419394' => '3000000|RUB',
  'UF_CRM_1687947495' => 
  array (
  ),
  'UF_CRM_COMPANY_AMOID' => NULL,
  'UF_CRM_64A4EBD2F2518' => NULL,
  'UF_CRM_64AD00029054A' => 'N',
  'UF_CRM_64AD0008D2965' => 'N',
  'UF_CRM_64AD000F6A26A' => NULL,
  'UF_CRM_64AD00163C80C' => 'N',
  'UF_CRM_64AD001D86025' => 'N',
  'UF_CRM_64AD00250FFFD' => '14.05.2024',
  'UF_CRM_64AE8FC56D363' => '15.05.2024',
  'UF_CRM_64AF8DA50E037' => '16.10.2023',
  'UF_CRM_1690758867666' => NULL,
  'UF_CRM_1691009132416' => NULL,
  'UF_CRM_64CB9DDC41262' => NULL,
  'UF_CRM_64CB9DE1E3C7A' => NULL,
  'UF_CRM_64CB9DE974E5F' => NULL,
  'UF_CRM_64CB9DF06A260' => NULL,
  'UF_CRM_64CB9DF7289EE' => NULL,
  'UF_CRM_64CB9DFD55A33' => NULL,
  'UF_CRM_64CB9E03788BE' => NULL,
  'UF_CRM_64CB9E0A4860E' => NULL,
  'UF_CRM_64CB9E107B628' => NULL,
  'UF_CRM_64CB9E163F796' => NULL,
  'UF_CRM_64CB9E1C4DB78' => NULL,
  'UF_CRM_64CB9E229FA0B' => NULL,
  'UF_CRM_64CB9E293B527' => NULL,
  'UF_CRM_64CBA4252FB37' => NULL,
  'UF_CRM_64CC92553F409' => NULL,
  'UF_CRM_64CC925D91DEA' => NULL,
  'UF_CRM_64CC926670EC8' => NULL,
  'UF_CRM_64CC9270B6A35' => NULL,
  'UF_CRM_64CC927983D4C' => NULL,
  'UF_CRM_64CC928123D41' => NULL,
  'UF_CRM_64CC928CAA601' => NULL,
  'UF_CRM_64CCA29DAF094' => NULL,
  'UF_CRM_64D3B7766A327' => NULL,
  'UF_CRM_64DB2F838C6F1' => 'N',
  'UF_CRM_64DB2F8CA756C' => 'N',
  'UF_CRM_64DB2F96F1AE7' => 
  array (
  ),
  'UF_CRM_64DB2F9DECE37' => 
  array (
  ),
  'UF_CRM_64DB4411303D8' => NULL,
  'UF_CRM_64DB44175DA19' => NULL,
  'UF_CRM_64DB441DEE816' => 
  array (
  ),
  'UF_CRM_64DB4425AB05C' => 
  array (
  ),
  'UF_CRM_64DB442E55674' => 
  array (
  ),
  'UF_CRM_64DB4434EF3A3' => 
  array (
  ),
  'UF_CRM_64DB443BE1A9C' => 
  array (
  ),
  'UF_CRM_64DB444343D37' => 
  array (
  ),
  'UF_CRM_64DB444B5354D' => NULL,
  'UF_CRM_64DB4452990CE' => NULL,
  'UF_CRM_64E36750AEBF0' => NULL,
  'UF_CRM_64E4A00A7CB9E' => NULL,
  'UF_CRM_64E84230723F5' => NULL,
  'UF_CRM_1693311353902' => 'ТаблицаЗначений',
  'UF_CRM_1693311600025' => NULL,
  'UF_CRM_1693311707790' => NULL,
  'UF_CRM_1693373909306' => NULL,
  'UF_CRM_1693373994027' => NULL,
  'UF_CRM_1693374038734' => NULL,
  'UF_CRM_1693374057547' => NULL,
  'UF_CRM_64F1E491F0503' => 'N',
  'UF_CRM_1693822645477' => 'karasevs_ipsdn@mail.ru',
  'UF_CRM_1693822684054' => NULL,
  'UF_CRM_1693960373052' => 'Знакомый/Знакомая',
  'UF_CRM_64F83BC976C70' => 'N',
  'UF_CRM_64F83BD1CB037' => 'N',
  'UF_CRM_64F85EB57C226' => 'N',
  'UF_CRM_64F85EBC6293C' => NULL,
  'UF_CRM_64F86B718FCFD' => 'N',
  'UF_CRM_64F87C6C3D1EE' => 'N',
  'UF_CRM_64F87C75DAD9D' => 'N',
  'UF_CRM_64F87C829ADB5' => 'N',
  'UF_CRM_64F87C8D26E72' => 'N',
  'UF_CRM_64F87C94E75DB' => 'N',
  'UF_CRM_64F87CA1B6D24' => 'N',
  'UF_CRM_64F87CADDF550' => 'N',
  'UF_CRM_64F87CB6033F8' => 'N',
  'UF_CRM_RU_ANALITYCS' => NULL,
  'UF_CRM_RU_DIADOK' => 
  array (
  ),
  'UF_CRM_RUROBOT_SBP_URL' => NULL,
  'UF_CRM_RUROBOT_CHEK_URL' => NULL,
  'UF_CRM_64FC867D4DEE8' => 'N',
  'UF_CRM_64FC8684B795C' => 'N',
  'UF_CRM_64FC868B2E901' => 'N',
  'UF_CRM_64FC86916ECC7' => 'N',
  'UF_CRM_64FC86980DBDF' => 'N',
  'UF_CRM_64FC869E70EA8' => 'N',
  'UF_CRM_1694331491' => '0|RUB',
  'UF_CRM_1694331571' => '3000000|RUB',
  'UF_CRM_65000439925C9' => NULL,
  'UF_CRM_1696457110' => '3518',
  'UF_CRM_6526A6509E0DC' => 
  array (
  ),
  'UF_CRM_1697107946' => '3000000|RUB',
  'UF_CRM_1697107996' => '0|RUB',
  'UF_CRM_1697853788600' => NULL,
  'UF_CRM_1698731625472' => NULL,
  'UF_CRM_6545DCFE01CA4' => NULL,
  'UF_CRM_6545DD05C700C' => NULL,
  'UF_CRM_1699900252754' => NULL,
  'UF_CRM_1699900326048' => NULL,
  'UF_CRM_65532D05B660B' => NULL,
  'UF_CRM_655362454D77C' => NULL,
  'UF_CRM_1700138022' => '13.06.2024',
  'UF_CRM_1702534386502' => 'N',
  'UF_CRM_1702977601750' => NULL,
  'UF_CRM_1703078588' => NULL,
  'UF_CRM_1703659571229' => NULL,
  'UF_CRM_1706612347' => NULL,
  'UF_CRM_1706777861' => 'N',
  'UF_CRM_1706982719' => NULL,
  'UF_CRM_1707302304' => 'N',
  'UF_CRM_65C6057BAF241' => 'N',
  'UF_CRM_65C60D92B19B7' => 'N',
  'UF_CRM_65C61195E8DB7' => 'N',
  'UF_CRM_65CCB993C2573' => 'N',
  'UF_CRM_65D72BF9E93D7' => NULL,
  'UF_CRM_65DC313CB1773' => NULL,
  'UF_CRM_65DDDB805B504' => NULL,
  'UF_CRM_65DF019419A3C' => NULL,
  'UF_CRM_65F7F7EF6E7E9' => NULL,
  'UF_CRM_65F81729930B2' => NULL,
  'UF_CRM_1711362022506' => NULL,
  'UF_CRM_1711618126' => NULL,
  'UF_CRM_1711620041' => NULL,
  'UF_CRM_661F6476E1A93' => 'N',
  'UF_CRM_661F6483B8EEF' => 'N',
  'UF_CRM_661F6490F3174' => NULL,
  'UF_CRM_661F670FF0A79' => NULL,
  'UF_CRM_662B5EEF438BC' => NULL,
  'UF_CRM_663475C4986D4' => 'N',
  'UF_CRM_66347C5DB0C86' => NULL,
  'UF_CRM_66386DE83AC95' => NULL,
  'UF_CRM_66386F7ACABD4' => NULL,
  'UF_DOCUMENT_PACKAGE_ID' => NULL,
  'UF_CRM_66573905CAC4F' => NULL,
  'UF_CRM_66580C4AAAE6C' => NULL,
  'UF_CRM_SOPROV_KF' => NULL,
  'UF_CRM_1717494282' => NULL,
  'UF_CRM_66711BBEA50D7' => 'N',
  'UF_CRM_COMPANY_CHKLST_PERSON_AGE_LIST' => 35,
  'UF_CRM_668CC4C1DC72A' => NULL,
  'UF_CRM_6694FDEBA27EA' => NULL,
  'UF_CRM_66953567C49F0' => NULL,
  'UF_CRM_669752D3984FD' => 'N',
  'UF_CRM_66A36C62C39EA' => NULL,
  'UF_CRM_66A36C75159B7' => 'N',
  'UF_CRM_66A36C8780ED0' => 'N',
  'UF_CRM_66A377A21199E' => 'N',
  'UF_CRM_66A377C048C61' => 'N',
  'UF_CRM_66A377E007E96' => 'N',
  'UF_CRM_66A377E432274' => 'N',
  'UF_CRM_66A37823945D8' => 'N',
  'UF_CRM_66A3786F33EE4' => NULL,
  'UF_CRM_66A37C49B71B0' => 'N',
  'UF_CRM_66A393F36B81C' => 'N',
  'UF_CRM_66A8877061073' => NULL,
  'UF_CRM_63DC8E8012089' => NULL,
  'UF_CRM_COMPANY_CHKLST_HAS_PERSON_RUSSIAN_NATIONAL' => 'N',
  'UF_CRM_63DC8E80EAB7F' => '8',
  'UF_CRM_COMPANY_CHKLST_MAX_ACTIVE_LOAN_OVERDUE_DAYS' => NULL,
  'UF_CRM_COMPANY_CHKLST_PERSON_LOAN_DATE' => NULL,
  'UF_CRM_COMPANY_CHKLST_PERSON_ACTIVE_MICRO_LOAN_CNT' => 0,
  'UF_CRM_COMPANY_CHKLST_PERSON_ACTIVE_FSSP_SUM' => 0.0,
  'UF_CRM_COMPANY_CHKLST_CLAIMS_SUM_INC_FOR_SIX_MONTH' => 0.0,
  'UF_CRM_COMPANY_CHKLST_LAST_BANKRUPTCY_DATE' => NULL,
  'UF_CRM_COMPANY_CHKLST_REFUSED_IN_STATUS_BY_DATA' => NULL,
  'UF_CRM_COMPANY_CHKLST_AUTOMATIC_APPROVE' => 
  array (
    0 => 'StockSumToLimitForSixMonthsRatio',
    1 => 'SmoothedLimitForSixMonths',
  ),
  'UF_CRM_1693311690037' => NULL,
  'UF_CRM_1702272911' => NULL,
  'UF_CRM_COMPANY_CHKLST_AUTHORIZED_PERSON' => NULL,
  'UF_CRM_1702274540' => NULL,
  'UF_CRM_COMPANY_CHKLST_CREDIT_COMMITTEE' => NULL,
  'UF_CRM_1702274893' => NULL,
  'UF_CRM_COMPANY_CHKLST_ANY_LONG_OVERDUE_LOAN' => 'N',
  'UF_CRM_1702272991' => NULL,
  'UF_CRM_1702274601' => NULL,
  'UF_CRM_1702274922' => NULL,
  'UF_CRM_64AFAA0428E67' => 'N',
  'UF_CRM_64AFAA105D048' => 'N',
  'UF_CRM_64AFAA1D0C71B' => 'N',
  'UF_CRM_64AFAA2376C31' => 'N',
  'UF_CRM_64AFAA2A8534A' => 'N',
  'UF_CRM_64B140D1998BC' => 'Y',
  'UF_CRM_1702273016' => NULL,
  'UF_CRM_1702274679' => NULL,
  'UF_CRM_1702274951' => NULL,
  'UF_CRM_1702273043' => NULL,
  'UF_CRM_1702274732' => NULL,
  'UF_CRM_1702274976' => NULL,
  'UF_CRM_6433D4F3F2CA8' => 
  array (
  ),
  'UF_CRM_6433D4F7C68A9' => 'N',
  'UF_CRM_6433D50101E16' => NULL,
  'UF_CRM_6433D50520ADB' => NULL,
  'UF_CRM_6433D508F2841' => NULL,
  'UF_CRM_6433D510E1BF2' => NULL,
  'UF_CRM_6433D514BC640' => NULL,
  'UF_CRM_6433D51CA112C' => NULL,
  'UF_CRM_6433D520A8E02' => 'N',
  'UF_CRM_6433D5254091B' => NULL,
  'UF_CRM_6433D52904F0B' => NULL,
  'UF_CRM_6433D52CEDB5D' => NULL,
  'UF_CRM_6433D530C9D5F' => NULL,
  'UF_CRM_6433D534A5249' => NULL,
  'UF_CRM_6433D5388255E' => NULL,
  'UF_CRM_6433D53CA00A0' => NULL,
  'UF_CRM_6433D540C9219' => NULL,
  'UF_CRM_6433D544976E5' => 'N',
  'UF_CRM_6433D548AB2B9' => NULL,
  'UF_CRM_6433D54D26D1A' => NULL,
  'UF_CRM_6433D55116D68' => NULL,
  'UF_CRM_6433D554F00E2' => NULL,
  'UF_CRM_6433D55A380EF' => NULL,
  'UF_CRM_6433D55EDDC35' => NULL,
  'UF_CRM_6433D563076D3' => 'N',
  'UF_CRM_6433D566CFBDC' => 'N',
  'UF_CRM_6433D5769C207' => NULL,
  'UF_CRM_6433D57A918DD' => 'N',
  'UF_CRM_6433D57E709AC' => 'N',
  'UF_CRM_6433D58274BF2' => 
  array (
  ),
  'UF_CRM_6433D58675AD3' => NULL,
  'UF_CRM_6433D58B15534' => 'N',
  'UF_CRM_6433D58F2C518' => 'N',
  'UF_CRM_6433D59377C10' => 'N',
  'UF_CRM_6433D59BB50D2' => NULL,
  'UF_CRM_6433D59FA70BF' => NULL,
  'UF_CRM_6433D5A39D79A' => NULL,
  'UF_CRM_6433D5A781D22' => 'N',
  'UF_CRM_6433D5ACCA71F' => 'N',
  'UF_CRM_6433D5B0BF6F6' => NULL,
  'UF_CRM_6433D5B551BCB' => NULL,
  'UF_CRM_6433D5BAC2650' => 'N',
  'UF_CRM_6433D5BFAFC5E' => 'N',
  'UF_CRM_6433D5C4C803A' => 'N',
  'UF_CRM_6433D5C94F74C' => 'N',
  'UF_CRM_6433D5D1B9D2D' => NULL,
  'UF_CRM_6433D5DB232A6' => NULL,
  'UF_CRM_6433D5DF58403' => NULL,
  'UF_CRM_6433D5E39E9D8' => NULL,
  'UF_CRM_6433D5E808AC3' => NULL,
  'UF_CRM_6433D5EC41159' => NULL,
  'UF_CRM_6433D5F0C05ED' => NULL,
  'UF_CRM_6433D5F64C9B9' => NULL,
  'UF_CRM_6433D60C9A897' => NULL,
  'UF_CRM_6433D6110E002' => NULL,
  'UF_CRM_6433D615EF44F' => 'N',
  'UF_CRM_6433D61A4109A' => 'N',
  'UF_CRM_6433D61EA2584' => 'N',
  'UF_CRM_6433D623015A5' => NULL,
  'UF_CRM_6433D62B9C7CA' => NULL,
  'UF_CRM_6433D63E714DA' => NULL,
  'UF_CRM_6433D6471B217' => NULL,
  'UF_CRM_6433D64B3FA42' => NULL,
  'UF_CRM_6433D64FC4DAA' => NULL,
  'UF_CRM_6433D6542205C' => NULL,
  'UF_CRM_6433D6587DE14' => NULL,
  'UF_CRM_6433D65CC025A' => NULL,
  'UF_CRM_6433D66113E88' => NULL,
  'UF_CRM_6433D66527DE4' => NULL,
  'UF_CRM_6433D669AEB8B' => NULL,
  'UF_CRM_6433D66EEFA4E' => NULL,
  'UF_CRM_6433D67394C6F' => NULL,
  'UF_CRM_6433D677D1006' => NULL,
  'UF_CRM_6433D67C18B9D' => NULL,
  'UF_CRM_6433D6814E4AF' => NULL,
  'UF_CRM_6433D685EAA16' => NULL,
  'UF_CRM_6433D68A37F87' => NULL,
  'UF_CRM_6433D68F4CCCF' => NULL,
  'UF_CRM_6433D6939D3CA' => NULL,
  'UF_CRM_6433D6981BA49' => NULL,
  'UF_CRM_6433D69C97CF7' => NULL,
  'UF_CRM_6433D6A67830F' => NULL,
  'UF_CRM_6433D6B4AF630' => NULL,
  'UF_CRM_6433D6B94F47D' => NULL,
  'UF_CRM_6433D6BD9D260' => NULL,
  'UF_CRM_6433D6C200515' => NULL,
  'UF_CRM_6433D6C6B088B' => NULL,
  'UF_CRM_6433D6CBCCBFA' => NULL,
  'UF_CRM_6433D6D049D2B' => NULL,
  'UF_CRM_6433D6D4B633A' => NULL,
  'UF_CRM_6433D6D956454' => NULL,
  'UF_CRM_6433D6E37CFF0' => NULL,
  'UF_CRM_6433D6E800BAE' => NULL,
  'UF_CRM_6433D6EC5FA96' => NULL,
  'UF_CRM_6433D6F0C99BA' => NULL,
  'UF_CRM_6433D6F5AC724' => NULL,
  'UF_CRM_6433D6FA26A12' => NULL,
  'UF_CRM_6433D70CCC90D' => 'N',
  'UF_CRM_6433D7157E09F' => NULL,
  'UF_CRM_6433D71A6FF09' => NULL,
  'UF_CRM_6433D71F3E8A5' => NULL,
  'UF_CRM_6433D7392E26A' => NULL,
  'UF_CRM_6433D73F0D2DF' => NULL,
  'UF_CRM_6433D743B1904' => NULL,
  'UF_CRM_6433D7487B115' => NULL,
  'UF_CRM_6433D74CD32E5' => NULL,
  'UF_CRM_6433D75163FC4' => NULL,
  'UF_CRM_6433D755A04D7' => NULL,
  'UF_CRM_6433D75F89BF9' => NULL,
  'UF_CRM_6433D764868E0' => NULL,
  'UF_CRM_6433D7696B073' => NULL,
  'UF_CRM_6433D76E7BB56' => NULL,
  'UF_CRM_6433D7731B7A3' => '1000000|RUB',
  'UF_CRM_6433D777E2973' => 
  array (
  ),
  'UF_CRM_6433D77CBEA77' => NULL,
  'UF_CRM_6433D781210F0' => NULL,
  'UF_CRM_6433D78605E02' => NULL,
  'UF_CRM_6433D78AAB24A' => NULL,
  'UF_CRM_6433D78F9D85D' => NULL,
  'UF_CRM_6433D7947E2A2' => 'N',
  'UF_CRM_6433D798D40A4' => NULL,
  'UF_CRM_6433D79E2BF81' => 'N',
  'UF_CRM_6433D7A31BF36' => 'N',
  'UF_CRM_6433D7A79C4AD' => 'N',
  'UF_CRM_6433D7AC36DA0' => 'N',
  'UF_CRM_6433D7B0E89CA' => 'N',
  'UF_CRM_6433D7B5CA806' => 'N',
  'UF_CRM_6433D7BB32220' => NULL,
  'UF_CRM_6433D7C44A6BE' => NULL,
  'UF_CRM_6433D7C925893' => NULL,
  'UF_CRM_6433D7CDBE9B3' => NULL,
  'UF_CRM_6433D7D2CA9D0' => 
  array (
  ),
  'UF_CRM_6433D7D85148E' => NULL,
  'UF_CRM_6433D7EB28C4D' => NULL,
  'UF_CRM_6433D7EFA5EE5' => 'N',
  'UF_CRM_6433D7F4C24BE' => 'N',
  'UF_CRM_6433D7F94E2BF' => 'N',
  'UF_CRM_6433D7FDA3CF7' => 'N',
  'UF_CRM_6433D8027C169' => NULL,
  'UF_CRM_6433D8076B60C' => NULL,
  'UF_CRM_6433D80C6AAC2' => 
  array (
  ),
  'UF_CRM_6433D812D0410' => NULL,
  'UF_CRM_6433D8180E2AA' => NULL,
  'UF_CRM_6433D8213379F' => NULL,
  'UF_CRM_6433D825DEFE0' => NULL,
  'UF_CRM_6433D82B26028' => NULL,
  'UF_CRM_6433D8317589F' => NULL,
  'UF_CRM_6433D8365C605' => NULL,
  'UF_CRM_6433D83B28222' => NULL,
  'UF_CRM_6433D83FCD224' => NULL,
  'UF_CRM_6433D844B7B1F' => 
  array (
  ),
  'UF_CRM_6433D849CB971' => NULL,
  'UF_CRM_6433D84FB1160' => NULL,
  'UF_CRM_6433D85482CE1' => NULL,
  'UF_CRM_6433D85991988' => NULL,
  'UF_CRM_6433D85E769F2' => NULL,
  'UF_CRM_6433D8631A037' => 'N',
  'UF_CRM_6433D868172EA' => 'N',
  'UF_CRM_6433D8767751E' => NULL,
  'UF_CRM_6433D87B71D16' => NULL,
  'UF_CRM_6433D88513B06' => NULL,
  'UF_CRM_6433D889AE929' => NULL,
  'UF_CRM_6433D88E9A256' => NULL,
  'UF_CRM_6433D8937CA28' => NULL,
  'UF_CRM_6433D8987B695' => NULL,
  'UF_CRM_6433D89D85315' => NULL,
  'UF_CRM_6433D8A27269E' => NULL,
  'UF_CRM_6433D8A761A6B' => NULL,
  'UF_CRM_6433D8ACC957A' => NULL,
  'UF_CRM_6433D8B19DA6D' => NULL,
  'UF_CRM_6433D8C0A4C1A' => NULL,
  'UF_CRM_6433D8C5A9B9B' => NULL,
  'UF_CRM_6433D8CB550E6' => NULL,
  'UF_CRM_6433D8D01A638' => NULL,
  'UF_CRM_6433D8D4CBC9A' => NULL,
  'UF_CRM_6433D8D9C0945' => NULL,
  'UF_CRM_6433D8DE9D3AB' => NULL,
  'UF_CRM_6433D8E367985' => 
  array (
  ),
  'UF_CRM_6433D8E8C1152' => NULL,
  'UF_CRM_6433D8F247A4D' => NULL,
  'UF_CRM_6433D8F7302F1' => 'N',
  'UF_CRM_6433D8FC11F83' => 'N',
  'UF_CRM_6433D90101FF1' => NULL,
  'UF_CRM_6433D90631990' => 'N',
  'UF_CRM_6433D90AC33C4' => 'N',
  'UF_CRM_6433D90F71F5F' => NULL,
  'UF_CRM_6433D91464A5A' => 'N',
  'UF_CRM_6433D919209AA' => 'N',
  'UF_CRM_6433D91DC96A8' => NULL,
  'UF_CRM_6433D92778C5C' => NULL,
  'UF_CRM_6433D92C1FC55' => NULL,
  'UF_CRM_6433D93083EE6' => NULL,
  'UF_CRM_6433D9350FACA' => 'N',
  'UF_CRM_6433D93992C16' => 'N',
  'UF_CRM_6433D95C4B2CA' => NULL,
  'UF_CRM_6433D96210B1B' => NULL,
  'UF_CRM_6433D966943B7' => NULL,
  'UF_CRM_6433D97F0A3F5' => NULL,
  'UF_CRM_6433D988E2D02' => 'N',
  'UF_CRM_6433D9978DE67' => NULL,
  'UF_CRM_6433D99D4ED62' => 
  array (
  ),
  'UF_CRM_6433D9A2405D7' => NULL,
  'UF_CRM_6433D9A72985A' => 'N',
  'UF_CRM_6433D9AC79B71' => 'N',
  'UF_CRM_6433D9B1D29EE' => NULL,
  'UF_CRM_6433D9B6D6250' => NULL,
  'UF_CRM_6433D9C14D69E' => NULL,
  'UF_CRM_6433D9C61A5D8' => NULL,
  'UF_CRM_6433D9CAE827A' => NULL,
  'UF_CRM_6433D9CFAB885' => NULL,
  'UF_CRM_6433D9D5EB607' => NULL,
  'UF_CRM_6433D9DB9CB20' => NULL,
  'UF_CRM_6433D9E071032' => NULL,
  'UF_CRM_6433D9E61CF1D' => NULL,
  'UF_CRM_6433D9EAE80A2' => NULL,
  'UF_CRM_6433D9F0C964C' => NULL,
  'UF_CRM_6433DA00C9646' => NULL,
  'UF_CRM_6433DA06B96E6' => 
  array (
  ),
  'UF_CRM_6433DA0B807E3' => NULL,
  'UF_CRM_6433DA105EF8B' => NULL,
  'UF_CRM_6433DA159BDDE' => NULL,
  'UF_CRM_6433DA1A8C1ED' => NULL,
  'UF_CRM_6433DA1F45E7B' => NULL,
  'UF_CRM_6433DA23E6F92' => NULL,
  'UF_CRM_6433DA28A8213' => NULL,
  'UF_CRM_6433DA2D9188A' => NULL,
  'UF_CRM_6433DA3332A3B' => NULL,
  'UF_CRM_6433DA387087D' => NULL,
  'UF_CRM_6433DA3D867BD' => NULL,
  'UF_CRM_6433DA42DE712' => 'N',
  'UF_CRM_6433DA47B9298' => 'N',
  'UF_CRM_6433DA4CBE556' => 'N',
  'UF_CRM_6433DA5287C90' => NULL,
  'UF_CRM_6433DA5785D79' => NULL,
  'UF_CRM_6433DA5C6531D' => NULL,
  'UF_CRM_6433DA614BC63' => NULL,
  'UF_CRM_6433DA6CBE342' => NULL,
  'UF_CRM_6433DA71A6ADF' => NULL,
  'UF_CRM_6433DA7B1FB7A' => NULL,
  'UF_CRM_6433DA8544CE5' => NULL,
  'UF_CRM_6433DA8B64379' => NULL,
  'UF_CRM_6433DA9F7B164' => 'N',
  'UF_CRM_6433DAAFB06E7' => NULL,
  'UF_CRM_6433DAB5170CB' => NULL,
  'UF_CRM_6433DABADC0AD' => 
  array (
  ),
  'UF_CRM_6433DABFD57B4' => NULL,
  'UF_CRM_6433DAC565F22' => NULL,
  'UF_CRM_6433DACB7665A' => NULL,
  'UF_CRM_6433DAD10872E' => NULL,
  'UF_CRM_6433DAD606254' => NULL,
  'UF_CRM_6433DADB6BE29' => NULL,
  'UF_CRM_6433DAE0DB90E' => 'N',
  'UF_CRM_6433DAE5D294F' => NULL,
  'UF_CRM_6433DAEA9AEB4' => NULL,
  'UF_CRM_6433DAF43BFA0' => NULL,
  'UF_CRM_6433DAF90CF31' => NULL,
  'UF_CRM_6433DAFE658A0' => NULL,
  'UF_CRM_6433DB03D0B4B' => NULL,
  'UF_CRM_6433DB09A48B3' => NULL,
  'UF_CRM_6433DB0EADBA3' => NULL,
  'UF_CRM_6433DB1376625' => 'N',
  'UF_CRM_6433DB18501D2' => 'N',
  'UF_CRM_6433DB1D65F3E' => NULL,
  'UF_CRM_6433DB23AE767' => NULL,
  'UF_CRM_6433DB291422B' => NULL,
  'UF_CRM_6433DB381DAE3' => NULL,
  'UF_CRM_6433DB4C1C1D3' => NULL,
  'UF_CRM_6433DB513B488' => 
  array (
  ),
  'UF_CRM_6433DB56EE29D' => NULL,
  'UF_CRM_6433DB5C0606C' => NULL,
  'UF_CRM_6433DB61293DF' => 'N',
  'UF_CRM_6433DB667488F' => NULL,
  'UF_CRM_6433DB6BB1907' => NULL,
  'UF_CRM_6433DB70ABF48' => NULL,
  'UF_CRM_6433DB75B3CF3' => NULL,
  'UF_CRM_6433DB7B5B174' => NULL,
  'UF_CRM_6433DB804E21A' => NULL,
  'UF_CRM_6433DB8A5B216' => NULL,
  'UF_CRM_6433DB8FBE55A' => NULL,
  'UF_CRM_6433DB951130B' => NULL,
  'UF_CRM_6433DB9AA49A9' => NULL,
  'UF_CRM_6433DB9FCF9E4' => NULL,
  'UF_CRM_6433DBA519EAE' => NULL,
  'UF_CRM_6433DBAA49EB6' => NULL,
  'UF_CRM_6433DBAF367B5' => NULL,
  'UF_CRM_6433DBB42A707' => NULL,
  'UF_CRM_6433DBB98DD53' => '17611',
  'UF_CRM_6433DBBE90F98' => NULL,
  'UF_CRM_6433DBCD893E5' => NULL,
  'UF_CRM_6433DBD8A6465' => NULL,
  'UF_CRM_6433DBDD88F32' => NULL,
  'UF_CRM_6433DBE2A3E0F' => NULL,
  'UF_CRM_6433DBE7CB8D4' => NULL,
  'UF_CRM_6433DBED5A35F' => NULL,
  'UF_CRM_6433DBF277DA1' => NULL,
  'UF_CRM_6433DBF7A5906' => NULL,
  'UF_CRM_6433DBFCD0DAC' => NULL,
  'UF_CRM_6433DC01C49E0' => NULL,
  'UF_CRM_6433DC075C5C5' => NULL,
  'UF_CRM_6433DC0C620C9' => NULL,
  'UF_CRM_6433DC12355C4' => NULL,
  'UF_CRM_644253DA150F9' => NULL,
  'UF_CRM_6450B69DA5229' => NULL,
  'UF_CRM_6450B6A2B31FD' => NULL,
  'UF_CRM_6450B6A9A2DAA' => NULL,
  'UF_CRM_648307399DE36' => NULL,
  'UF_CRM_64DB52798B20D' => NULL,
  'UF_CRM_64DB528EA60C0' => NULL,
  'UF_CRM_64DB52953D51D' => 
  array (
  ),
  'UF_CRM_65697A9FD755C' => NULL,
  'UF_CRM_65697AAB1C031' => NULL,
  'UF_CRM_1702273072' => NULL,
  'UF_CRM_6576A65667203' => NULL,
  'UF_CRM_65C07D53DF3FC' => NULL,
  'UF_CRM_65C07D6697009' => NULL,
  'UF_CRM_65C07D76E1FAE' => NULL,
  'UF_CRM_65C07D89BE1C2' => NULL,
  'UF_CRM_65C07DA44C596' => NULL,
  'UF_CRM_65C36CB41ED64' => NULL,
  'UF_CRM_65C36CC0819AC' => NULL,
  'UF_CRM_65C36CCC78A5D' => NULL,
  'UF_CRM_65C36CD8D34FA' => NULL,
  'UF_CRM_65C36CE48D4DC' => NULL,
  'UF_CRM_65C36CF138109' => NULL,
  'UF_CRM_65C36CFDE28CD' => NULL,
  'UF_CRM_65C36D0AA046B' => NULL,
  'UF_CRM_65C36D1778B3D' => NULL,
  'UF_CRM_65E85CE9DD498' => NULL,
  'UF_CRM_65E85CF698239' => NULL,
  'UF_CRM_65E85D0356B0C' => NULL,
  'UF_CRM_65E85D10E3929' => NULL,
  'UF_CRM_65E85D2AE9D32' => 'N',
  'UF_CRM_65E85D2D8F069' => 'N',
  'UF_CRM_65E85D530D947' => 'N',
  'UF_CRM_65E85D5F7B07F' => 'N',
  'UF_CRM_65E85D6C5B559' => 'N',
  'UF_CRM_65E85D79597B1' => 'N',
  'UF_CRM_65E85D9F2B5F3' => 'N',
  'UF_CRM_65E85DABD9DE9' => 'N',
  'UF_CRM_65E85DB91D47D' => NULL,
  'UF_CRM_65E85DC5AD086' => NULL,
  'UF_CRM_65E860588AF86' => 'N',
  'UF_CRM_65E86064DEDE9' => 'N',
  'UF_CRM_65E86071C7618' => NULL,
  'UF_CRM_65E8608C520EC' => 'N',
  'UF_CRM_65E860995BBB0' => 'N',
  'UF_CRM_65E860A6A668F' => NULL,
  'UF_CRM_65E860C07E03C' => 'N',
  'UF_CRM_65E8641A35FD2' => NULL,
  'UF_CRM_664B416EE52B8' => 'N',
  'UF_CRM_664DDE5F01D91' => 'N',
  'UF_CRM_66599AF534710' => 'N',
  'UF_CRM_6694FE04E26DF' => NULL,
  'UF_CRM_UF_SE_TASK_ID' => 'd9e32730-384e-456f-8efb-a99ce88d750d',
  'UF_CRM_COMPANY_SYNC_SE_ID' => NULL,
  'UF_CRM_66962BE28E2C8' => NULL,
  'UF_CRM_UPDATE_INFO_LK' => 'N',
  'UF_CRM_6433D81CA7153' => NULL,
  'UF_CRM_6433D8B6D4588' => NULL,
  'UF_CRM_6433D8BB99B24' => NULL,
  'UF_CRM_ORGANIZATION' => NULL,
  'UF_CRM_6433D9F65FBDF' => NULL,
  'UF_CRM_COMPANY_SERVICE_EDO' => NULL,
  'UF_CRM_COMPANY_LINKS_TO_MARKETPLACES' => NULL,
  'UF_CRM_66962BDFCF38D' => NULL,
  'UF_CRM_6433DB2E14E18' => NULL,
  'UF_CRM_BRANCH' => NULL,
  'UF_CRM_1702274795' => NULL,
  'UF_CRM_1702275014' => NULL,
  'UF_STAMP' => NULL,
  'UF_CRM_63DC8E81DE8D9' => 'N',
  'UF_CRM_63DC8E832E5A2' => 'N',
  'UF_DIRECTOR_SIGN' => NULL,
  'UF_CRM_63DC8E85CFCF8' => NULL,
  'UF_ACCOUNTANT_SIGN' => NULL,
  'UF_CRM_66278F492F2AB' => NULL,
  'UF_CRM_66278F56B20AB' => NULL,
  'UF_CRM_1614957860' => 
  array (
  ),
  'UF_CRM_63DC8E86B16B4' => NULL,
  'UF_CRM_COMPANY_AMO_MTMCUBCZWNNFI' => NULL,
  'UF_CRM_COMPANY_AMO_LDBCSXXLXKSAO' => NULL,
  'UF_CRM_COMPANY_AMO_IQELLRVUCLCMX' => NULL,
  'UF_CRM_COMPANY_AMO_STOVXRACHEMXN' => NULL,
  'UF_CRM_1614958759' => NULL,
  'UF_CRM_1614975460' => NULL,
  'UF_CRM_1614960190' => NULL,
  'UF_CRM_1614960517' => 'N',
  'UF_CRM_655CAA3806A4E' => NULL,
  'UF_CRM_1614960589' => 'N',
  'UF_CRM_1614960625' => 'N',
  'UF_CRM_1614960645' => 'N',
  'UF_CRM_1664274186' => 'N',
  'UF_CRM_1664274218' => 'N',
  'UF_CRM_1615066460' => NULL,
  'UF_CRM_1615200179' => NULL,
  'UF_CRM_1615200236' => 
  array (
  ),
  'UF_CRM_1666263448' => NULL,
  'UF_CRM_1680181141' => NULL,
  'UF_CRM_63DC8E8791D13' => NULL,
  'UF_CRM_1671612944' => 
  array (
  ),
  'UF_CRM_1671612985' => 
  array (
  ),
  'UF_CRM_COMPANY_KNTR_BANKS_SINGLE' => NULL,
  'UF_CRM_1617022509_SINGLE' => NULL,
  'UF_CRM_COMPANY_SS_ORG_SINGLE' => NULL,
  'UF_CRM_1687947495_SINGLE' => NULL,
  'UF_CRM_64DB2F96F1AE7_SINGLE' => NULL,
  'UF_CRM_64DB2F9DECE37_SINGLE' => NULL,
  'UF_CRM_64DB441DEE816_SINGLE' => NULL,
  'UF_CRM_64DB4425AB05C_SINGLE' => NULL,
  'UF_CRM_64DB442E55674_SINGLE' => NULL,
  'UF_CRM_64DB4434EF3A3_SINGLE' => NULL,
  'UF_CRM_64DB443BE1A9C_SINGLE' => NULL,
  'UF_CRM_64DB444343D37_SINGLE' => NULL,
  'UF_CRM_1693788279_SINGLE' => NULL,
  'UF_CRM_RU_DIADOK_SINGLE' => NULL,
  'UF_CRM_6526A6509E0DC_SINGLE' => NULL,
  'UF_CRM_6545DCFE01CA4_SINGLE' => NULL,
  'UF_CRM_6545DD05C700C_SINGLE' => NULL,
  'UF_CRM_65DF019419A3C_SINGLE' => NULL,
  'UF_CRM_COMPANY_CHKLST_REFUSED_IN_STATUS_BY_DATA_SINGLE' => NULL,
  'UF_CRM_COMPANY_CHKLST_AUTOMATIC_APPROVE_SINGLE' => NULL,
  'UF_CRM_COMPANY_CHKLST_AUTHORIZED_PERSON_SINGLE' => NULL,
  'UF_CRM_COMPANY_CHKLST_CREDIT_COMMITTEE_SINGLE' => NULL,
  'UF_CRM_6433D4F3F2CA8_SINGLE' => NULL,
  'UF_CRM_6433D58274BF2_SINGLE' => NULL,
  'UF_CRM_6433D5FEDCCDC_SINGLE' => NULL,
  'UF_CRM_6433D6084A319_SINGLE' => NULL,
  'UF_CRM_6433D62FE7442_SINGLE' => NULL,
  'UF_CRM_6433D6355E340_SINGLE' => NULL,
  'UF_CRM_6433D63A11E51_SINGLE' => NULL,
  'UF_CRM_6433D702C5A07_SINGLE' => NULL,
  'UF_CRM_6433D70829928_SINGLE' => NULL,
  'UF_CRM_6433D7112B0A2_SINGLE' => NULL,
  'UF_CRM_6433D72469DA8_SINGLE' => NULL,
  'UF_CRM_6433D7290604B_SINGLE' => NULL,
  'UF_CRM_6433D7328E598_SINGLE' => NULL,
  'UF_CRM_6433D777E2973_SINGLE' => NULL,
  'UF_CRM_6433D7D2CA9D0_SINGLE' => NULL,
  'UF_CRM_6433D80C6AAC2_SINGLE' => NULL,
  'UF_CRM_6433D844B7B1F_SINGLE' => NULL,
  'UF_CRM_6433D86D38393_SINGLE' => NULL,
  'UF_CRM_6433D8719A73A_SINGLE' => NULL,
  'UF_CRM_6433D8E367985_SINGLE' => NULL,
  'UF_CRM_6433D8ED76753_SINGLE' => NULL,
  'UF_CRM_6433D94467769_SINGLE' => NULL,
  'UF_CRM_6433D9494F3E2_SINGLE' => NULL,
  'UF_CRM_6433D98DC980E_SINGLE' => NULL,
  'UF_CRM_6433D9928709F_SINGLE' => NULL,
  'UF_CRM_6433D99D4ED62_SINGLE' => NULL,
  'UF_CRM_6433D9FB43081_SINGLE' => NULL,
  'UF_CRM_6433DA06B96E6_SINGLE' => NULL,
  'UF_CRM_6433DABADC0AD_SINGLE' => NULL,
  'UF_CRM_6433DB513B488_SINGLE' => NULL,
  'UF_CRM_6433DBC84FB76_SINGLE' => NULL,
  'UF_CRM_64DB52953D51D_SINGLE' => NULL,
  'UF_CRM_6433D8B6D4588_SINGLE' => NULL,
  'UF_CRM_ORGANIZATION_SINGLE' => NULL,
  'UF_CRM_6433D9F65FBDF_SINGLE' => NULL,
  'UF_CRM_COMPANY_LINKS_TO_MARKETPLACES_SINGLE' => NULL,
  'UF_CRM_BRANCH_SINGLE' => NULL,
  'UF_CRM_1614957860_SINGLE' => NULL,
  'UF_CRM_1615200236_SINGLE' => NULL,
  'UF_CRM_1671612944_SINGLE' => NULL,
  'UF_CRM_1671612985_SINGLE' => NULL,
  'PARENT_ID_129' => NULL,
  'PARENT_ID_132' => NULL,
  'PARENT_ID_134' => NULL,
  'PARENT_ID_139' => NULL,
  'PARENT_ID_141' => NULL,
  'PARENT_ID_147' => NULL,
  'PARENT_ID_148' => NULL,
  'PARENT_ID_149' => NULL,
  'PARENT_ID_151' => NULL,
  'PARENT_ID_153' => NULL,
  'PARENT_ID_157' => NULL,
  'PARENT_ID_172' => NULL,
  'PARENT_ID_174' => NULL,
  'PARENT_ID_175' => NULL,
  'PARENT_ID_182' => NULL,
  'PARENT_ID_184' => NULL,
  'PARENT_ID_185' => NULL,
  'PARENT_ID_190' => NULL,
  'Тип' => 'Компания',
  'contactPersonDetails' => 
  array (
    0 => 
    array (
      'nameText' => 'Карасев Сергей Викторович',
      'birthDate' => '',
      'phone' => '89631466939',
      'stateId' => '17',
      'commentText' => '',
    ),
  ),
  'Реквизиты' => 
  array (
    'ID' => '139226',
    'ENTITY_TYPE_ID' => '4',
    'ENTITY_ID' => '33074',
    'PRESET_ID' => '1',
    'DATE_CREATE' => '2024-05-15 17:04:33',
    'DATE_MODIFY' => '2024-07-31 15:02:48',
    'CREATED_BY_ID' => '0',
    'MODIFY_BY_ID' => '641',
    'NAME' => 'Шамров Дмитрий Николаевич',
    'CODE' => NULL,
    'XML_ID' => NULL,
    'ORIGINATOR_ID' => NULL,
    'ACTIVE' => 'Y',
    'ADDRESS_ONLY' => 'N',
    'SORT' => '500',
    'RQ_NAME' => 'Шамров Дмитрий Николаевич',
    'RQ_FIRST_NAME' => 'Дмитрий',
    'RQ_LAST_NAME' => 'Шамров',
    'RQ_SECOND_NAME' => 'Николаевич',
    'RQ_COMPANY_NAME' => NULL,
    'RQ_COMPANY_FULL_NAME' => NULL,
    'RQ_COMPANY_REG_DATE' => '13.01.2021',
    'RQ_DIRECTOR' => NULL,
    'RQ_ACCOUNTANT' => NULL,
    'RQ_CEO_NAME' => NULL,
    'RQ_CEO_WORK_POS' => NULL,
    'RQ_CONTACT' => NULL,
    'RQ_EMAIL' => NULL,
    'RQ_PHONE' => NULL,
    'RQ_FAX' => NULL,
    'RQ_IDENT_TYPE' => NULL,
    'RQ_IDENT_DOC' => 'Паспорт гражданина Российской Федерации',
    'RQ_IDENT_DOC_SER' => '8908',
    'RQ_IDENT_DOC_NUM' => '088341',
    'RQ_IDENT_DOC_PERS_NUM' => NULL,
    'RQ_IDENT_DOC_DATE' => '25.11.2008',
    'RQ_IDENT_DOC_ISSUED_BY' => 'ОТДЕЛОМ УФМС РОССИИ ПО РЕСПУБЛИКЕ МОРДОВИЯ В ОКТЯБРЬСКОМ РАЙОНЕ ГОР. САРАНСКА',
    'RQ_IDENT_DOC_DEP_CODE' => '130-001',
    'RQ_INN' => '132810444360',
    'RQ_KPP' => NULL,
    'RQ_USRLE' => NULL,
    'RQ_IFNS' => NULL,
    'RQ_OGRN' => NULL,
    'RQ_OGRNIP' => '321132600000248',
    'RQ_OKPO' => NULL,
    'RQ_OKTMO' => NULL,
    'RQ_OKVED' => NULL,
    'RQ_EDRPOU' => NULL,
    'RQ_DRFO' => NULL,
    'RQ_KBE' => NULL,
    'RQ_IIN' => NULL,
    'RQ_BIN' => NULL,
    'RQ_ST_CERT_SER' => NULL,
    'RQ_ST_CERT_NUM' => NULL,
    'RQ_ST_CERT_DATE' => NULL,
    'RQ_VAT_PAYER' => 'N',
    'RQ_VAT_ID' => NULL,
    'RQ_VAT_CERT_SER' => NULL,
    'RQ_VAT_CERT_NUM' => NULL,
    'RQ_VAT_CERT_DATE' => NULL,
    'RQ_RESIDENCE_COUNTRY' => NULL,
    'RQ_BASE_DOC' => NULL,
    'RQ_REGON' => NULL,
    'RQ_KRS' => NULL,
    'RQ_PESEL' => NULL,
    'RQ_LEGAL_FORM' => NULL,
    'RQ_SIRET' => NULL,
    'RQ_SIREN' => NULL,
    'RQ_CAPITAL' => NULL,
    'RQ_RCS' => NULL,
    'RQ_SIGNATURE' => NULL,
    'RQ_STAMP' => NULL,
    'RQ_COMPANY_ID' => NULL,
    'RQ_CNPJ' => NULL,
    'RQ_STATE_REG' => NULL,
    'RQ_MNPL_REG' => NULL,
    'RQ_CPF' => NULL,
    'VALUE_ID' => '139226',
    'UF_CRM_1647929611' => 'гор. Саранск',
    'UF_CRM_1647931933' => NULL,
    'UF_CRM_1647931942' => NULL,
    'UF_CRM_1647931950' => NULL,
    'UF_CRM_1647931979' => NULL,
    'UF_CRM_1647931992' => NULL,
    'UF_CRM_1647932011' => NULL,
    'UF_CRM_1651842340' => NULL,
    'UF_CRM_1684476607' => NULL,
    'UF_CRM_1684493639' => '1988-10-30 00:00:00',
    'UF_CRM_1688964741' => 'УПРАВЛЕНИЕ МИНИСТЕРСТВА РОССИЙСКОЙ ФЕДЕРАЦИИ ПО НАЛОГАМ И СБОРАМ ПО РЕСПУБЛИКЕ МОРДОВИЯ',
    'UF_CRM_1688965107' => NULL,
    'UF_CRM_1692611897' => NULL,
    'UF_CRM_1692611956' => NULL,
    'UF_CRM_1697697990' => '0',
    'UF_CRM_1697699468' => '0',
    'UF_CRM_1697782220' => '1',
    'UF_CRM_1697782233' => '0',
    'UF_CRM_DIRECT_CHECKOUT' => '0',
  ),
  'Адреса' => '',
  'Банк' => 
  array (
  ),
  'КонтактныеДанные' => 
  array (
    0 => 
    array (
      'ID' => '1317179',
      'ENTITY_ID' => 'COMPANY',
      'ELEMENT_ID' => '33074',
      'TYPE_ID' => 'PHONE',
      'VALUE_TYPE' => 'MOBILE',
      'COMPLEX_ID' => 'PHONE_MOBILE',
      'VALUE' => '+79297468887',
    ),
    1 => 
    array (
      'ID' => '1517957',
      'ENTITY_ID' => 'COMPANY',
      'ELEMENT_ID' => '33074',
      'TYPE_ID' => 'PHONE',
      'VALUE_TYPE' => 'WORK',
      'COMPLEX_ID' => 'PHONE_WORK',
      'VALUE' => '+79297468887',
    ),
    2 => 
    array (
      'ID' => '1317180',
      'ENTITY_ID' => 'COMPANY',
      'ELEMENT_ID' => '33074',
      'TYPE_ID' => 'EMAIL',
      'VALUE_TYPE' => 'OTHER',
      'COMPLEX_ID' => 'EMAIL_OTHER',
      'VALUE' => 'shamrov_ipsdn@mail.ru',
    ),
    3 => 
    array (
      'ID' => '1593592',
      'ENTITY_ID' => 'COMPANY',
      'ELEMENT_ID' => '33074',
      'TYPE_ID' => 'EMAIL',
      'VALUE_TYPE' => 'WORK',
      'COMPLEX_ID' => 'EMAIL_WORK',
      'VALUE' => '9297468887@mail.ru',
    ),
    4 => 
    array (
      'ID' => '1595456',
      'ENTITY_ID' => 'COMPANY',
      'ELEMENT_ID' => '33074',
      'TYPE_ID' => 'EMAIL',
      'VALUE_TYPE' => 'OTHER',
      'COMPLEX_ID' => 'EMAIL_OTHER',
      'VALUE' => '9297468887@mail.ru',
    ),
  ),
  'Представитель' => '',
  'Бенефициар1' => NULL,
  'Бенефициар2' => NULL,
  'Бенефициар3' => NULL,
  'Бенефициар4' => NULL,
  'Бенефициар5' => NULL,
  'ФилиалАвтора' => NULL,
  'Автор' => NULL,
  'clientGroup' => '',
)
#0: KPLab\OneC\Export\Company->export
	/home/bitrix/www/local/classes/onec/export/company.php:190
#1: KPLab\OneC\Export\Company->init
	/home/bitrix/www/bitrix/activities/bitrix/codeactivity/codeactivity.php(25) : eval()'d code:2
#2: eval
	/home/bitrix/www/bitrix/activities/bitrix/codeactivity/codeactivity.php:25
#3: CBPCodeActivity->execute
	/home/bitrix/www/bitrix/modules/bizproc/classes/general/workflow.php:531
#4: CBPWorkflow->runQueuedItem
	/home/bitrix/www/bitrix/modules/bizproc/classes/general/workflow.php:494
#5: CBPWorkflow->runStep
	/home/bitrix/www/bitrix/modules/bizproc/classes/general/workflow.php:478
----------
Host: crm.sodeistvie.su:443
Date: 2024-08-21 12:03:58
Module: Представитель

#0: KPLab\OneC\Export\Company->init
	/home/bitrix/www/local/classes/onec/export/zayavka.php:55
#1: KPLab\OneC\Export\Zayavka->init
	/home/bitrix/www/bitrix/activities/bitrix/codeactivity/codeactivity.php(25) : eval()'d code:2
#2: eval
	/home/bitrix/www/bitrix/activities/bitrix/codeactivity/codeactivity.php:25
#3: CBPCodeActivity->execute
	/home/bitrix/www/bitrix/modules/bizproc/classes/general/workflow.php:531
#4: CBPWorkflow->runQueuedItem
	/home/bitrix/www/bitrix/modules/bizproc/classes/general/workflow.php:494
#5: CBPWorkflow->runStep
	/home/bitrix/www/bitrix/modules/bizproc/classes/general/workflow.php:478
----------
Host: crm.sodeistvie.su:443
Date: 2024-08-21 12:03:58
Module: ФилиалАвтора
01b47326-66fb-11ed-80e8-d6b7a50f497f
#0: KPLab\OneC\Export\Company->init
	/home/bitrix/www/local/classes/onec/export/zayavka.php:55
#1: KPLab\OneC\Export\Zayavka->init
	/home/bitrix/www/bitrix/activities/bitrix/codeactivity/codeactivity.php(25) : eval()'d code:2
#2: eval
	/home/bitrix/www/bitrix/activities/bitrix/codeactivity/codeactivity.php:25
#3: CBPCodeActivity->execute
	/home/bitrix/www/bitrix/modules/bizproc/classes/general/workflow.php:531
#4: CBPWorkflow->runQueuedItem
	/home/bitrix/www/bitrix/modules/bizproc/classes/general/workflow.php:494
#5: CBPWorkflow->runStep
	/home/bitrix/www/bitrix/modules/bizproc/classes/general/workflow.php:478
----------
Host: crm.sodeistvie.su:443
Date: 2024-08-21 12:03:58
Module: Автор
fde0d0b9-ae84-11ed-80f6-f9baaaa059d1
#0: KPLab\OneC\Export\Company->init
	/home/bitrix/www/local/classes/onec/export/zayavka.php:55
#1: KPLab\OneC\Export\Zayavka->init
	/home/bitrix/www/bitrix/activities/bitrix/codeactivity/codeactivity.php(25) : eval()'d code:2
#2: eval
	/home/bitrix/www/bitrix/activities/bitrix/codeactivity/codeactivity.php:25
#3: CBPCodeActivity->execute
	/home/bitrix/www/bitrix/modules/bizproc/classes/general/workflow.php:531
#4: CBPWorkflow->runQueuedItem
	/home/bitrix/www/bitrix/modules/bizproc/classes/general/workflow.php:494
#5: CBPWorkflow->runStep
	/home/bitrix/www/bitrix/modules/bizproc/classes/general/workflow.php:478
----------
Host: crm.sodeistvie.su:443
Date: 2024-08-21 12:03:58
Module: clientId
31633
#0: KPLab\OneC\Export\Company->export
	/home/bitrix/www/local/classes/onec/export/company.php:190
#1: KPLab\OneC\Export\Company->init
	/home/bitrix/www/local/classes/onec/export/zayavka.php:55
#2: KPLab\OneC\Export\Zayavka->init
	/home/bitrix/www/bitrix/activities/bitrix/codeactivity/codeactivity.php(25) : eval()'d code:2
#3: eval
	/home/bitrix/www/bitrix/activities/bitrix/codeactivity/codeactivity.php:25
#4: CBPCodeActivity->execute
	/home/bitrix/www/bitrix/modules/bizproc/classes/general/workflow.php:531
#5: CBPWorkflow->runQueuedItem
	/home/bitrix/www/bitrix/modules/bizproc/classes/general/workflow.php:494
----------
Host: crm.sodeistvie.su:443
Date: 2024-08-21 12:03:58
Module: clientOrg
5
#0: KPLab\OneC\Export\Company->export
	/home/bitrix/www/local/classes/onec/export/company.php:190
#1: KPLab\OneC\Export\Company->init
	/home/bitrix/www/local/classes/onec/export/zayavka.php:55
#2: KPLab\OneC\Export\Zayavka->init
	/home/bitrix/www/bitrix/activities/bitrix/codeactivity/codeactivity.php(25) : eval()'d code:2
#3: eval
	/home/bitrix/www/bitrix/activities/bitrix/codeactivity/codeactivity.php:25
#4: CBPCodeActivity->execute
	/home/bitrix/www/bitrix/modules/bizproc/classes/general/workflow.php:531
#5: CBPWorkflow->runQueuedItem
	/home/bitrix/www/bitrix/modules/bizproc/classes/general/workflow.php:494
----------
Host: crm.sodeistvie.su:443
Date: 2024-08-21 12:03:58
Module: clientData
array (
  'OBSERVER_IDS' => 
  array (
  ),
  'LOGO' => '',
  'UF_CRM_CLIENT_QUESTIONNAIRE' => 4449758,
  'UF_CRM_BITCONF_ZOOM_REGISTRATION_ANSWERS' => NULL,
  'UF_CRM_1693788279' => 
  array (
    0 => 4301892,
    1 => 4301893,
    2 => 4301894,
  ),
  'UF_CRM_RUROBOT_SBP_QR_FILE' => NULL,
  'UF_CRM_RUROBOT_CHEK_QR_FILE' => NULL,
  'UF_CRM_6433D5CD87C30' => NULL,
  'UF_CRM_6433D5D634AD6' => NULL,
  'UF_CRM_6433D5FA970C9' => NULL,
  'UF_CRM_6433D5FEDCCDC' => 
  array (
  ),
  'UF_CRM_6433D6036480A' => NULL,
  'UF_CRM_6433D6084A319' => 
  array (
  ),
  'UF_CRM_6433D62FE7442' => 
  array (
  ),
  'UF_CRM_6433D6355E340' => 
  array (
  ),
  'UF_CRM_6433D63A11E51' => 
  array (
  ),
  'UF_CRM_6433D6DD9702A' => NULL,
  'UF_CRM_6433D702C5A07' => 
  array (
  ),
  'UF_CRM_6433D70829928' => 
  array (
  ),
  'UF_CRM_6433D7112B0A2' => 
  array (
  ),
  'UF_CRM_6433D72469DA8' => 
  array (
  ),
  'UF_CRM_6433D7290604B' => 
  array (
  ),
  'UF_CRM_6433D7328E598' => 
  array (
  ),
  'UF_CRM_6433D7BFBF3C1' => NULL,
  'UF_CRM_6433D86D38393' => 
  array (
  ),
  'UF_CRM_6433D8719A73A' => 
  array (
  ),
  'UF_CRM_6433D88041ED1' => NULL,
  'UF_CRM_6433D8ED76753' => 
  array (
  ),
  'UF_CRM_6433D922AAFBA' => NULL,
  'UF_CRM_6433D93E62E9D' => NULL,
  'UF_CRM_6433D94467769' => 
  array (
  ),
  'UF_CRM_6433D9494F3E2' => 
  array (
  ),
  'UF_CRM_6433D98DC980E' => 
  array (
  ),
  'UF_CRM_6433D9928709F' => 
  array (
  ),
  'UF_CRM_6433D9BC65B15' => NULL,
  'UF_CRM_6433D9FB43081' => 
  array (
  ),
  'UF_CRM_6433DA7676DE8' => NULL,
  'UF_CRM_6433DA7FAA203' => NULL,
  'UF_CRM_6433DB8564D70' => NULL,
  'UF_CRM_6433DBC84FB76' => 
  array (
  ),
  'UF_CRM_64DB528100CC9' => NULL,
  'UF_CRM_64DB52A38846D' => NULL,
  'UF_CRM_UNSIGNED_CONSENT' => NULL,
  'UF_CRM_6433DAEF79717' => NULL,
  'COMMENTS' => '-',
  'CONTACT_BINDINGS' => 
  array (
    0 => 
    array (
      'CONTACT_ID' => 213749,
      'SORT' => 10,
      'ROLE_ID' => 0,
    ),
    1 => 
    array (
      'CONTACT_ID' => 213771,
      'SORT' => 10,
      'ROLE_ID' => 0,
      'IS_PRIMARY' => 'Y',
    ),
  ),
  'CONTACT_ID' => 
  array (
    0 => 213749,
    1 => 213771,
  ),
  'UTM_SOURCE' => 'seller',
  'UTM_MEDIUM' => 'referral',
  'UTM_CAMPAIGN' => 'online',
  'UTM_CONTENT' => '81408846508',
  'UTM_TERM' => NULL,
  'ID' => 31633,
  'DATE_CREATE' => '24.07.2023 14:35:03',
  'DATE_MODIFY' => '21.08.2024 11:55:46',
  'CREATED_BY_ID' => 23771,
  'MODIFY_BY_ID' => 0,
  'ASSIGNED_BY_ID' => 23768,
  'OPENED' => 'Y',
  'TITLE' => 'ИП Миронов И.А.',
  'ADDRESS' => '',
  'ADDRESS_LEGAL' => NULL,
  'BANKING_DETAILS' => NULL,
  'COMPANY_TYPE' => '5',
  'INDUSTRY' => NULL,
  'REVENUE' => 0.0,
  'CURRENCY_ID' => 'RUB',
  'EMPLOYEES' => NULL,
  'LEAD_ID' => 64690,
  'WEBFORM_ID' => 0,
  'ORIGINATOR_ID' => NULL,
  'ORIGIN_ID' => NULL,
  'ORIGIN_VERSION' => NULL,
  'HAS_PHONE' => 'Y',
  'HAS_EMAIL' => 'Y',
  'HAS_IMOL' => 'Y',
  'IS_MY_COMPANY' => 'N',
  'CATEGORY_ID' => 0,
  'LAST_ACTIVITY_BY' => 27935,
  'LAST_ACTIVITY_TIME' => '21.08.2024 10:50:39',
  'EMAIL_HOME' => NULL,
  'EMAIL_WORK' => NULL,
  'EMAIL_MAILING' => NULL,
  'PHONE_MOBILE' => NULL,
  'PHONE_WORK' => NULL,
  'PHONE_MAILING' => NULL,
  'IMOL' => NULL,
  'EMAIL' => NULL,
  'PHONE' => NULL,
  'UF_CRM_669752C2286C3' => NULL,
  'UF_CRM_63DC8E17DA14A' => NULL,
  'UF_CRM_SERVICE_EDO' => NULL,
  'UF_CRM_6433D456A993F' => NULL,
  'UF_CRM_6433D45A58732' => NULL,
  'UF_CRM_6433D45E0E48D' => NULL,
  'UF_CRM_6435331D97379' => NULL,
  'UF_CRM_LIST_OF_BENEFICIARIES' => NULL,
  'UF_CRM_BENEFICIARIES' => NULL,
  'UF_CRM_643533226D993' => NULL,
  'UF_CRM_6435332D17E32' => NULL,
  'UF_CRM_6435333351197' => NULL,
  'UF_CRM_643533400DD7E' => NULL,
  'UF_CRM_64353346223BE' => NULL,
  'UF_CRM_643533543CB94' => '24.07.2023 00:00:00',
  'UF_CRM_6435335A78A8A' => NULL,
  'UF_CRM_64353366C4E98' => NULL,
  'UF_CRM_6435336CE33DF' => NULL,
  'UF_CRM_6436790C0A081' => '29',
  'UF_CRM_6436791297084' => 10476,
  'UF_CRM_644B8F5F389E2' => NULL,
  'UF_CRM_64771CA96A441' => NULL,
  'UF_CRM_64771CAF31F16' => NULL,
  'UF_CRM_64806D472FDA8' => NULL,
  'UF_CRM_COMPANY_OVK_CHECKDOMAIN' => 'N',
  'UF_CRM_COMPANY_OVK_CHECK_COMPANY_INFO' => 'N',
  'UF_CRM_COMPANY_OVK_CHECK_LICENSES' => 'N',
  'UF_CRM_COMPANY_OVK_IS_IN_TERRORIST_LIST' => 'N',
  'UF_CRM_COMPANY_OVK_IS_IN_MVK_LIST' => 'N',
  'UF_CRM_COMPANY_OVK_IS_IN_OMU_LIST' => 'N',
  'UF_CRM_COMPANY_OVK_IS_IN_STRATEGIC_LIST' => 'N',
  'UF_CRM_COMPANY_OVK_IS_IN_OPK_ULS' => 'N',
  'UF_CRM_COMPANY_OVK_IS_IN_SANCTION_LIST' => 'N',
  'UF_CRM_COMPANY_OVK_IS_IN_PEP_LIST' => 'N',
  'UF_CRM_COMPANY_OVK_IS_IN_764LIST' => 'N',
  'UF_CRM_COMPANY_OVK_IS_IN_FINANCIAL_PYRAMIDE' => 'N',
  'UF_CRM_COMPANY_OVK_IS_IN_ILLEGAL_CREDITOR' => 'N',
  'UF_CRM_COMPANY_OVK_RESULT' => 'N',
  'UF_CRM_COMPANY_KNTR_ADMIN_OFFENCE_CASE_COUNT' => NULL,
  'UF_CRM_COMPANY_KNTR_ARBITR_CLAIMS_LOST_CASES_SUM' => NULL,
  'UF_CRM_COMPANY_KNTR_ARBIT_CLAIMS_REVIEW_CASES_SUM' => NULL,
  'UF_CRM_COMPANY_KNTR_ANY_FNS_BLOCKED_ACCOUNTS' => 'N',
  'UF_CRM_COMPANY_KNTR_ANY_SENT_DOCUMENTS_TO_FNS' => 'N',
  'UF_CRM_COMPANY_KNTR_ANY_DISQUALIFIED_DIRECTORS' => 'N',
  'UF_CRM_COMPANY_KNTR_BANKS' => NULL,
  'UF_CRM_COMPANY_KNTR_BLOCKED_ACCOUNTS' => NULL,
  'UF_CRM_COMPANY_KNTR_LESSEE_CONTRACTS' => NULL,
  'UF_CRM_COMPANY_KNTR_CONNECTED_COMPANIES' => NULL,
  'UF_CRM_COMPANY_KNTR_CONNECTED_SITES' => NULL,
  'UF_CRM_COMPANY_KNTR_ENFORCEMENT_PROCEEDINGS_SUM' => NULL,
  'UF_CRM_COMPANY_KNTR_IN_ANY_SANCTION_LISTS' => 'N',
  'UF_CRM_COMPANY_KNTR_IN_ANY_FNS_LIST' => 'N',
  'UF_CRM_COMPANY_KNTR_IN_STRATEGIC_ENTERPRISE_LIST' => 'N',
  'UF_CRM_COMPANY_KNTR_IN_JOIN_STOCK_CMPNY_LIST91P' => 'N',
  'UF_CRM_COMPANY_KNTR_IN_UNRELIABLE_SIPPLIER_LIST' => 'N',
  'UF_CRM_COMPANY_KNTR_MSP_LIST_DATE' => NULL,
  'UF_CRM_COMPANY_KNTR_TRADEMARKS' => NULL,
  'UF_CRM_COMPANY_KNTR_LAST_BANKRUPTCY_DATA' => NULL,
  'UF_CRM_COMPANY_KNTR_IN_GOVERNMENT_DIRECTIVE_LIST' => 'N',
  'UF_CRM_COMPANY_KNTR_IN_STRATEGIC_ORG_LIST' => 'N',
  'UF_CRM_COMPANY_KNTR_WEBSITE_BLOCK_INFOS' => NULL,
  'UF_CRM_COMPANY_KNTR_IN_PRLIFRTN_RISK_DETECTIONLIST' => 'N',
  'UF_CRM_COMPANY_KNTR_IN_REFUSAL_LIST764P' => 'N',
  'UF_CRM_COMPANY_KNTR_IN_BANK_REFUSAL_LIST764P' => 'N',
  'UF_CRM_COMPANY_KNTR_IN_SANCTIONS_LIST' => 'N',
  'UF_CRM_COMPANY_KNTR_IN_STRATEGIC_COMPANIES_LIST' => 'N',
  'UF_CRM_COMPANY_KNTR_IN_TERRORIST_LIST' => 'N',
  'UF_CRM_COMPANY_KNTR_IN_EXTREMISTS_LIST' => 'N',
  'UF_CRM_COMPANY_KNTR_IN_INTERDEP_COMMISSION_LIST' => 'N',
  'UF_CRM_COMPANY_KNTR_IN_WEAPON_MASS_DESTRUCTION_DIS' => 'N',
  'UF_CRM_COMPANY_KNTR_IN_ILLEG_LENDER_INDICATOR_LIST' => 'N',
  'UF_CRM_COMPANY_KNTR_IN_PYRAMID_SCHEME_INDICATAOR_L' => 'N',
  'UF_CRM_COMPANY_KNTR_ILLEG_SECUR_MARKET_PARTICIPANT' => 'N',
  'UF_CRM_COMPANY_CHKLST' => NULL,
  'UF_CRM_COMPANY_CHKLST_WB_INC_TO_SALE_FOR_SIX_MONTH' => NULL,
  'UF_CRM_COMPANY_CHKLST_OZON_INC_SALE_FOR_SIX_MOUNTH' => NULL,
  'UF_CRM_COMPANY_CHKLST_MARKETPLACE_DURATION_IN_MNTH' => NULL,
  'UF_CRM_COMPANY_CHKLST_SALES_TO_COUNT_SIX_MTH_RATIO' => NULL,
  'UF_CRM_COMPANY_CHKLST_SALES_TO_RETURN_COUNT_SIX_MH' => NULL,
  'UF_CRM_COMPANY_CHKLST_STOK_SUM_LIMIT_SIX_MTH_RATIO' => NULL,
  'UF_CRM_COMPANY_CHKLST_SMOOTHED_LIM_FOR_SIX_MONTHS' => NULL,
  'UF_CRM_COMPANY_CHKLST_PDN' => NULL,
  'UF_CRM_COMPANY_CHKLST_ANY_FNS_BLOCKED_ACCOUNTS' => 'N',
  'UF_CRM_COMPANY_CHKLST_PERSON_VALID_PASSPORT' => 'N',
  'UF_CRM_COMPANY_CHKLST_LOCATED_IN_LISTS_NAMES' => NULL,
  'UF_CRM_COMPANY_CHKLST_IN_UNRELIABLE_SUPPLIER_LIST' => 'N',
  'UF_CRM_COMPANY_CHKLST_ANY_DISQUALIFIED_DIRECTORS' => 'N',
  'UF_CRM_1554808760221' => NULL,
  'UF_LOGO' => NULL,
  'UF_CRM_1595595411835' => 'ИП Миронов Иван Алексеевич',
  'UF_CRM_1596520984268' => 772393038443.0,
  'UF_CRM_1596520996191' => NULL,
  'UF_CRM_1596521014397' => NULL,
  'UF_CRM_1596521047550' => NULL,
  'UF_CRM_1596521064464' => NULL,
  'UF_CRM_1596521074308' => NULL,
  'UF_CRM_1617022509' => 
  array (
  ),
  'UF_CRM_1627544551724' => NULL,
  'UF_CRM_TB_TAGS' => NULL,
  'UF_CRM_COMPANY_SS_AGENT_DOC_NOMER_AM' => NULL,
  'UF_CRM_COMPANY_SS_AGENT_DOC_DATA_AM' => NULL,
  'UF_CRM_COMPANY_SS_FILIAL_OPEN_DATE_AM' => NULL,
  'UF_CRM_COMPANY_SS_FILIAL_CLOSE_DATE_AM' => NULL,
  'UF_CRM_COMPANY_SS_FILIAL_BOSS_AM' => NULL,
  'UF_CRM_COMPANY_SS_FILIAL_STATUS_AM' => NULL,
  'UF_CRM_1637754619884' => NULL,
  'UF_CRM_1637754682264' => NULL,
  'UF_CRM_1638788295103' => NULL,
  'UF_CRM_1638788442249' => NULL,
  'UF_CRM_1638789252369' => NULL,
  'UF_CRM_1638791492304' => NULL,
  'UF_CRM_1638791524660' => NULL,
  'UF_CRM_COMPANY_SS_SYNC_DATE' => '21.08.2024 11:55:41',
  'UF_CRM_COMPANY_SS_AM_ID' => 'e04a23e4-2a06-11ee-8101-f9baaaa059d1',
  'UF_CRM_COMPANY_SS_AK_ID' => NULL,
  'UF_CRM_COMPANY_SS_AS_ID' => NULL,
  'UF_CRM_COMPANY_SS_PREDSTAVITEL_DOLGNOST' => NULL,
  'UF_CRM_COMPANY_SS_PREDSTAVITEL_DOVERENNOST' => NULL,
  'UF_CRM_COMPANY_SS_ORG' => 
  array (
    0 => '5',
  ),
  'UF_CRM_COMPANY_SS_KASSA' => 'Y',
  'UF_CRM_APP_PL_COMPANY_COUNTRY' => NULL,
  'UF_CRM_APP_PL_COMPANY_TIMEZONE' => NULL,
  'UF_CRM_APP_PL_COMPANY_REGION' => NULL,
  'UF_CRM_CUST_LTIME' => NULL,
  'UF_CRM_1675248051686' => NULL,
  'UF_CRM_1675248084077' => NULL,
  'UF_CRM_1675251420593' => '40802810200001799812',
  'UF_CRM_1675251431573' => NULL,
  'UF_CRM_1675251444631' => '3.010181014525E+19',
  'UF_CRM_63DC8E18A4E2E' => NULL,
  'UF_CRM_63DC8E195EB36' => NULL,
  'UF_CRM_63DC8E1A3346D' => NULL,
  'UF_CRM_63DC8E26747B4' => NULL,
  'UF_CRM_63DC8E274B853' => NULL,
  'UF_CRM_63DC8E280E9E5' => NULL,
  'UF_CRM_63DC8E293CC7F' => 'N',
  'UF_CRM_63DC8E2A0BF88' => 'N',
  'UF_CRM_63DC8E2ABE9D8' => NULL,
  'UF_CRM_63DC8E2B7F52E' => 'N',
  'UF_CRM_63DC8E2C3AABE' => 'N',
  'UF_CRM_63DC8E2CEC51F' => NULL,
  'UF_CRM_63DC8E2DA91B8' => 'N',
  'UF_CRM_63DC8E2E74222' => 'N',
  'UF_CRM_63DC8E2F31F5B' => NULL,
  'UF_CRM_63DC8E2FF0CC2' => 'N',
  'UF_CRM_63DC8E30B7FAE' => 'N',
  'UF_CRM_63DC8E317ED45' => NULL,
  'UF_CRM_63DC8E323FF76' => 'N',
  'UF_CRM_63DC8E3306CAB' => 'N',
  'UF_CRM_63DC8E33C393B' => NULL,
  'UF_CRM_63DC8E3495C8D' => 'N',
  'UF_CRM_63DC8E355E686' => 'N',
  'UF_CRM_63DC8E3627033' => NULL,
  'UF_CRM_63DC8E36DB39D' => 'N',
  'UF_CRM_63DC8E379C254' => 'N',
  'UF_CRM_63DC8E38681EC' => NULL,
  'UF_CRM_63DC8E392D259' => 'N',
  'UF_CRM_63DC8E39E7034' => 'N',
  'UF_CRM_63DC8E3AAC4F7' => NULL,
  'UF_CRM_63DC8E3C39A26' => 'N',
  'UF_CRM_63DC8E3D01747' => NULL,
  'UF_CRM_63DC8E3DBFA43' => 'N',
  'UF_CRM_63DC8E3E90027' => NULL,
  'UF_CRM_63DC8E4028C58' => 'N',
  'UF_CRM_63DC8E40E39C2' => NULL,
  'UF_CRM_63DC8E41ACD58' => 'N',
  'UF_CRM_63DC8E427A06D' => 'N',
  'UF_CRM_63DC8E4340A22' => NULL,
  'UF_CRM_63DC8E4411725' => 'N',
  'UF_CRM_63DC8E44D1A58' => 'N',
  'UF_CRM_63DC8E459F68A' => NULL,
  'UF_CRM_63DC8E467D45B' => 'N',
  'UF_CRM_63DC8E474FBE9' => 'N',
  'UF_CRM_63DC8E481E707' => NULL,
  'UF_CRM_63DC8E48E257E' => 'N',
  'UF_CRM_63DC8E49A6390' => 'N',
  'UF_CRM_63DC8E4A719EA' => NULL,
  'UF_CRM_63DC8E4C2FC7D' => 'N',
  'UF_CRM_63DC8E4CEBF34' => NULL,
  'UF_CRM_63DC8E4DBCDB3' => 'N',
  'UF_CRM_63DC8E4E90E8C' => NULL,
  'UF_CRM_63DC8E4F5DD80' => 'N',
  'UF_CRM_63DC8E502565C' => 'N',
  'UF_CRM_63DC8E50E5D9E' => 'N',
  'UF_CRM_63DC8E51AF554' => 'N',
  'UF_CRM_63DC8E527AD60' => NULL,
  'UF_CRM_63DC8E535208E' => NULL,
  'UF_CRM_63DC8E5423AFA' => NULL,
  'UF_CRM_63DC8E54E21A1' => 'N',
  'UF_CRM_63DC8E55B527E' => 'N',
  'UF_CRM_63DC8E5689193' => 'N',
  'UF_CRM_63DC8E5759751' => 'N',
  'UF_CRM_63DC8E590765C' => 'N',
  'UF_CRM_63DC8E59D279D' => NULL,
  'UF_CRM_63DC8E5B7F55D' => 'N',
  'UF_CRM_63DC8E5C5D659' => NULL,
  'UF_CRM_63DC8E5E1E849' => 'N',
  'UF_CRM_63DC8E5EE72DA' => NULL,
  'UF_CRM_63DC8E609239F' => 'N',
  'UF_CRM_63DC8E616A5AE' => NULL,
  'UF_CRM_63DC8E633698E' => 'N',
  'UF_CRM_63DC8E640474F' => NULL,
  'UF_CRM_63DC8E665855D' => 'N',
  'UF_CRM_63DC8E6736DC5' => NULL,
  'UF_CRM_63DC8E68EC080' => 'N',
  'UF_CRM_63DC8E6AA1430' => NULL,
  'UF_CRM_63DC8E6B76E53' => 'N',
  'UF_CRM_63DC8E6C67591' => 'N',
  'UF_CRM_63DC8E6D42820' => 'N',
  'UF_CRM_63DC8E6E1CEB4' => 'N',
  'UF_CRM_63DC8E6EEE91A' => 'N',
  'UF_CRM_63DC8E70B4611' => 'N',
  'UF_CRM_63DC8E7190963' => NULL,
  'UF_CRM_63DC8E726D449' => NULL,
  'UF_CRM_63DC8E7356A8D' => NULL,
  'UF_CRM_63DC8E743500D' => NULL,
  'UF_CRM_63DC8E751A1D3' => NULL,
  'UF_CRM_63DC8E7627B00' => NULL,
  'UF_CRM_63DC8E771A045' => NULL,
  'UF_CRM_63DC8E7809694' => NULL,
  'UF_CRM_63DC8E78E0E4D' => NULL,
  'UF_CRM_63DC8E79C71A6' => NULL,
  'UF_CRM_63DC8E7AA9B36' => NULL,
  'UF_CRM_63DC8E7B98100' => NULL,
  'UF_CRM_63DC8E7C79C19' => 772393038443.0,
  'UF_CRM_63DC8E7D5B2DA' => NULL,
  'UF_CRM_63DC8E7E4167A' => NULL,
  'UF_CRM_63DC8E7F23CE9' => NULL,
  'UF_CRM_1675446456307' => '09.02.1994',
  'UF_CRM_63DDE3A4E68D7' => NULL,
  'UF_CRM_63DDE3A5D5155' => NULL,
  'UF_CRM_1675670468066' => 'https://seller-capital.ru/?utm_source=seller&utm_medium=referral&utm_campaign=online&utm_content=772393038443',
  'UF_CRM_63E3241DA30EB' => NULL,
  'UF_CRM_63E3241E9AADB' => 'N',
  'UF_CRM_63E4AAB613011' => NULL,
  'UF_CRM_63E4AAB703D9F' => NULL,
  'UF_CRM_BITCONF_LINK' => NULL,
  'UF_CRM_BITCONF_ZOOM_RECORDINGS' => NULL,
  'UF_CRM_BITCONF_RECORDINGS_VIDEO_YANDEX' => NULL,
  'UF_CRM_BITCONF_RECORDINGS_AUDIO_YANDEX' => NULL,
  'UF_CRM_BITCONF_RECORDINGS_CHAT_YANDEX' => NULL,
  'UF_CRM_BITCONF_RECORDINGS_VIDEO_GOOGLE' => NULL,
  'UF_CRM_BITCONF_RECORDINGS_AUDIO_GOOGLE' => NULL,
  'UF_CRM_BITCONF_RECORDINGS_CHAT_GOOGLE' => NULL,
  'UF_CRM_BITCONF_ZOOM_REGISTRATION_ANSWERS_JSON' => NULL,
  'UF_CRM_BITCONF_MEETING_ATTENDED' => NULL,
  'UF_CRM_BITCONF_MEETING_STARTED_AT' => NULL,
  'UF_CRM_BITCONF_MEETING_ENDED_AT' => NULL,
  'UF_CRM_BITCONF_PARTICIPANT_JOINED_AT' => NULL,
  'UF_CRM_BITCONF_PARTICIPANT_LEFT_AT' => NULL,
  'UF_CRM_641045F47BAFD' => NULL,
  'UF_CRM_6433D461D16E4' => 'N',
  'UF_CRM_6433D465984C7' => 'N',
  'UF_CRM_6433D4693830C' => NULL,
  'UF_CRM_6433D4715A41B' => 'N',
  'UF_CRM_6433D47528CEC' => NULL,
  'UF_CRM_6433D47CBD827' => 'N',
  'UF_CRM_6433D4807CDE8' => NULL,
  'UF_CRM_6433D4884B09E' => 'N',
  'UF_CRM_6433D48C20F2B' => NULL,
  'UF_CRM_6433D4944FECB' => 'N',
  'UF_CRM_6433D4983ED32' => NULL,
  'UF_CRM_6433D4A01ACC8' => 'N',
  'UF_CRM_6433D4A3D37E1' => NULL,
  'UF_CRM_6433D4ABE92F3' => 'N',
  'UF_CRM_6433D4AFBF977' => NULL,
  'UF_CRM_6433D4B79F77B' => 'N',
  'UF_CRM_6433D4BB85C48' => NULL,
  'UF_CRM_6433D4C37C94A' => 'N',
  'UF_CRM_6433D4C77A09D' => NULL,
  'UF_CRM_6433D4CF8CF6E' => 'N',
  'UF_CRM_6433D4D465778' => NULL,
  'UF_CRM_6433D4DD6A784' => 'N',
  'UF_CRM_6433D4E18FD6A' => NULL,
  'UF_CRM_6433D4EB83DB1' => NULL,
  'UF_CRM_6433D4EFA24C9' => 'N',
  'UF_CRM_643EAA1DA8B9E' => 'N',
  'UF_CRM_643EAA228B2B2' => 'N',
  'UF_CRM_643EAA275FE0A' => 'N',
  'UF_CRM_643EAA2C188C0' => 'N',
  'UF_CRM_643EAA314A615' => 'N',
  'UF_CRM_643EAA37A5511' => '2000000|RUB',
  'UF_CRM_64406458C6D47' => NULL,
  'UF_CRM_6442676E5B421' => NULL,
  'UF_CRM_1683968549' => 'Y',
  'UF_CRM_1684145100226' => 11075,
  'UF_CRM_1685419394' => '5000000|RUB',
  'UF_CRM_1687947495' => 
  array (
  ),
  'UF_CRM_COMPANY_AMOID' => NULL,
  'UF_CRM_64A4EBD2F2518' => NULL,
  'UF_CRM_64AD0008D2965' => 'N',
  'UF_CRM_64AD000F6A26A' => NULL,
  'UF_CRM_64AD001D86025' => 'N',
  'UF_CRM_64AD00250FFFD' => NULL,
  'UF_CRM_64AE8FC56D363' => NULL,
  'UF_CRM_64AF8DA50E037' => '24.07.2023',
  'UF_CRM_1690758867666' => NULL,
  'UF_CRM_1691009132416' => NULL,
  'UF_CRM_64CB9DDC41262' => NULL,
  'UF_CRM_64CB9DE1E3C7A' => NULL,
  'UF_CRM_64CB9DE974E5F' => NULL,
  'UF_CRM_64CB9DF06A260' => NULL,
  'UF_CRM_64CB9DF7289EE' => NULL,
  'UF_CRM_64CB9DFD55A33' => NULL,
  'UF_CRM_64CB9E03788BE' => NULL,
  'UF_CRM_64CB9E0A4860E' => NULL,
  'UF_CRM_64CB9E107B628' => NULL,
  'UF_CRM_64CB9E163F796' => NULL,
  'UF_CRM_64CB9E1C4DB78' => NULL,
  'UF_CRM_64CB9E229FA0B' => NULL,
  'UF_CRM_64CB9E293B527' => NULL,
  'UF_CRM_64CBA4252FB37' => NULL,
  'UF_CRM_64CC92553F409' => NULL,
  'UF_CRM_64CC925D91DEA' => NULL,
  'UF_CRM_64CC926670EC8' => NULL,
  'UF_CRM_64CC9270B6A35' => NULL,
  'UF_CRM_64CC927983D4C' => NULL,
  'UF_CRM_64CC928123D41' => NULL,
  'UF_CRM_64CC928CAA601' => NULL,
  'UF_CRM_64CCA29DAF094' => NULL,
  'UF_CRM_64D3B7766A327' => NULL,
  'UF_CRM_64DB2F838C6F1' => 'N',
  'UF_CRM_64DB2F8CA756C' => 'N',
  'UF_CRM_64DB2F96F1AE7' => 
  array (
  ),
  'UF_CRM_64DB2F9DECE37' => 
  array (
  ),
  'UF_CRM_64DB4411303D8' => NULL,
  'UF_CRM_64DB44175DA19' => NULL,
  'UF_CRM_64DB441DEE816' => 
  array (
  ),
  'UF_CRM_64DB4425AB05C' => 
  array (
  ),
  'UF_CRM_64DB442E55674' => 
  array (
  ),
  'UF_CRM_64DB4434EF3A3' => 
  array (
  ),
  'UF_CRM_64DB443BE1A9C' => 
  array (
  ),
  'UF_CRM_64DB444343D37' => 
  array (
  ),
  'UF_CRM_64DB444B5354D' => NULL,
  'UF_CRM_64DB4452990CE' => NULL,
  'UF_CRM_64E36750AEBF0' => NULL,
  'UF_CRM_64E4A00A7CB9E' => NULL,
  'UF_CRM_64E84230723F5' => NULL,
  'UF_CRM_1693311353902' => 'ТаблицаЗначений',
  'UF_CRM_1693311600025' => NULL,
  'UF_CRM_1693311707790' => NULL,
  'UF_CRM_1693373909306' => 'Миронова Анастасия Игоревна',
  'UF_CRM_1693373994027' => 15237,
  'UF_CRM_1693374038734' => '9775194426',
  'UF_CRM_1693374057547' => '09.02.1994',
  'UF_CRM_64F1E491F0503' => 'N',
  'UF_CRM_1693822645477' => NULL,
  'UF_CRM_1693822684054' => NULL,
  'UF_CRM_1693960373052' => NULL,
  'UF_CRM_64F83BC976C70' => 'N',
  'UF_CRM_64F83BD1CB037' => 'N',
  'UF_CRM_64F85EB57C226' => 'N',
  'UF_CRM_64F85EBC6293C' => NULL,
  'UF_CRM_64F86B718FCFD' => 'N',
  'UF_CRM_64F87C6C3D1EE' => 'N',
  'UF_CRM_64F87C75DAD9D' => 'N',
  'UF_CRM_64F87C829ADB5' => 'N',
  'UF_CRM_64F87C8D26E72' => 'N',
  'UF_CRM_64F87C94E75DB' => 'N',
  'UF_CRM_64F87CA1B6D24' => 'N',
  'UF_CRM_64F87CADDF550' => 'N',
  'UF_CRM_64F87CB6033F8' => 'N',
  'UF_CRM_RU_ANALITYCS' => NULL,
  'UF_CRM_RU_DIADOK' => NULL,
  'UF_CRM_RUROBOT_SBP_URL' => NULL,
  'UF_CRM_RUROBOT_CHEK_URL' => NULL,
  'UF_CRM_64FC867D4DEE8' => 'N',
  'UF_CRM_64FC8684B795C' => 'N',
  'UF_CRM_64FC868B2E901' => 'N',
  'UF_CRM_64FC86916ECC7' => 'N',
  'UF_CRM_64FC86980DBDF' => 'N',
  'UF_CRM_64FC869E70EA8' => 'N',
  'UF_CRM_1694331491' => '0|RUB',
  'UF_CRM_1694331571' => '5000000|RUB',
  'UF_CRM_65000439925C9' => NULL,
  'UF_CRM_1696457110' => '3604',
  'UF_CRM_6526A6509E0DC' => NULL,
  'UF_CRM_1697107946' => '5000000|RUB',
  'UF_CRM_1697107996' => '0|RUB',
  'UF_CRM_1697853788600' => '165051',
  'UF_CRM_1698731625472' => 16337,
  'UF_CRM_6545DCFE01CA4' => NULL,
  'UF_CRM_6545DD05C700C' => NULL,
  'UF_CRM_1699900252754' => NULL,
  'UF_CRM_1699900326048' => 1711104831.0,
  'UF_CRM_65532D05B660B' => NULL,
  'UF_CRM_655362454D77C' => NULL,
  'UF_CRM_1700138022' => '28.06.2024',
  'UF_CRM_1702534386502' => 'N',
  'UF_CRM_1702588306' => 36172,
  'UF_CRM_1702977601750' => NULL,
  'UF_CRM_1703078588' => NULL,
  'UF_CRM_1703659571229' => NULL,
  'UF_CRM_1706612347' => '+79168183222',
  'UF_CRM_1706777861' => 'N',
  'UF_CRM_1706982719' => 'Индивидуальный предприниматель Миронов Иван Алексеевич,Общество с ограниченной ответственностью "Вайлдберриз",ООО "ВАЙЛДБЕРРИЗ",ООО "РВБ"',
  'UF_CRM_1707302304' => 'Y',
  'UF_CRM_65C6057BAF241' => 'N',
  'UF_CRM_65C60D92B19B7' => 'N',
  'UF_CRM_65C61195E8DB7' => 'N',
  'UF_CRM_65CCB993C2573' => 'N',
  'UF_CRM_65D72BF9E93D7' => NULL,
  'UF_CRM_65DC313CB1773' => NULL,
  'UF_CRM_65DDDB805B504' => NULL,
  'UF_CRM_65DF019419A3C' => NULL,
  'UF_CRM_65F7F7EF6E7E9' => NULL,
  'UF_CRM_65F81729930B2' => NULL,
  'UF_CRM_1711362022506' => NULL,
  'UF_CRM_1711618126' => '206',
  'UF_CRM_1711620041' => 'Общая/Активный селлер',
  'UF_CRM_661F6476E1A93' => 'N',
  'UF_CRM_661F6483B8EEF' => 'N',
  'UF_CRM_661F6490F3174' => NULL,
  'UF_CRM_661F670FF0A79' => NULL,
  'UF_CRM_662B5EEF438BC' => NULL,
  'UF_CRM_663475C4986D4' => 'N',
  'UF_CRM_66347C5DB0C86' => NULL,
  'UF_CRM_66386DE83AC95' => NULL,
  'UF_CRM_66386F7ACABD4' => NULL,
  'UF_DOCUMENT_PACKAGE_ID' => NULL,
  'UF_CRM_66573905CAC4F' => NULL,
  'UF_CRM_66580C4AAAE6C' => NULL,
  'UF_CRM_SOPROV_KF' => NULL,
  'UF_CRM_1717494282' => NULL,
  'UF_CRM_66711BBEA50D7' => 'N',
  'UF_CRM_COMPANY_CHKLST_PERSON_AGE_LIST' => NULL,
  'UF_CRM_668CC4C1DC72A' => NULL,
  'UF_CRM_6694FDEBA27EA' => NULL,
  'UF_CRM_66953567C49F0' => NULL,
  'UF_CRM_669752D3984FD' => 'N',
  'UF_CRM_66A36C62C39EA' => NULL,
  'UF_CRM_66A36C75159B7' => 'N',
  'UF_CRM_66A36C8780ED0' => 'N',
  'UF_CRM_66A377A21199E' => 'N',
  'UF_CRM_66A377C048C61' => 'N',
  'UF_CRM_66A377E007E96' => 'N',
  'UF_CRM_66A377E432274' => 'N',
  'UF_CRM_66A37823945D8' => 'N',
  'UF_CRM_66A3786F33EE4' => NULL,
  'UF_CRM_66A37C49B71B0' => 'N',
  'UF_CRM_66A393F36B81C' => 'N',
  'UF_CRM_66A8877061073' => NULL,
  'UF_CRM_LAST_DATE_SCORING' => NULL,
  'UF_CRM_COMPANY_KNTR_CERTIFICATE' => NULL,
  'UF_CRM_COMPANY_KNTR_LICENSES' => 
  array (
    0 => 'Сведения отсутствуют',
  ),
  'UF_CRM_66BCB21017020' => NULL,
  'UF_CRM_66BE04947C89F' => NULL,
  'UF_CRM_66BE5E5EDD8A8' => NULL,
  'UF_CRM_63DC8E8012089' => NULL,
  'UF_CRM_COMPANY_CHKLST_HAS_PERSON_RUSSIAN_NATIONAL' => 'N',
  'UF_CRM_63DC8E80EAB7F' => '8',
  'UF_CRM_COMPANY_CHKLST_MAX_ACTIVE_LOAN_OVERDUE_DAYS' => NULL,
  'UF_CRM_COMPANY_CHKLST_PERSON_LOAN_DATE' => NULL,
  'UF_CRM_COMPANY_CHKLST_PERSON_ACTIVE_MICRO_LOAN_CNT' => NULL,
  'UF_CRM_COMPANY_CHKLST_PERSON_ACTIVE_FSSP_SUM' => NULL,
  'UF_CRM_COMPANY_CHKLST_CLAIMS_SUM_INC_FOR_SIX_MONTH' => NULL,
  'UF_CRM_COMPANY_CHKLST_LAST_BANKRUPTCY_DATE' => NULL,
  'UF_CRM_COMPANY_CHKLST_REFUSED_IN_STATUS_BY_DATA' => NULL,
  'UF_CRM_COMPANY_CHKLST_AUTOMATIC_APPROVE' => NULL,
  'UF_CRM_1693311690037' => NULL,
  'UF_CRM_1702272911' => NULL,
  'UF_CRM_COMPANY_CHKLST_AUTHORIZED_PERSON' => NULL,
  'UF_CRM_1702274540' => NULL,
  'UF_CRM_COMPANY_CHKLST_CREDIT_COMMITTEE' => NULL,
  'UF_CRM_1702274893' => NULL,
  'UF_CRM_COMPANY_CHKLST_ANY_LONG_OVERDUE_LOAN' => 'N',
  'UF_CRM_1702272991' => NULL,
  'UF_CRM_1702274601' => NULL,
  'UF_CRM_1702274922' => NULL,
  'UF_CRM_64AFAA0428E67' => 'N',
  'UF_CRM_64AFAA105D048' => 'N',
  'UF_CRM_64AFAA1D0C71B' => 'N',
  'UF_CRM_64AFAA2376C31' => 'N',
  'UF_CRM_64AFAA2A8534A' => 'N',
  'UF_CRM_64B140D1998BC' => 'Y',
  'UF_CRM_1702273016' => NULL,
  'UF_CRM_1702274679' => NULL,
  'UF_CRM_1702274951' => NULL,
  'UF_CRM_1702273043' => NULL,
  'UF_CRM_1702274732' => NULL,
  'UF_CRM_1702274976' => NULL,
  'UF_CRM_6433D4F3F2CA8' => 
  array (
  ),
  'UF_CRM_6433D4F7C68A9' => 'N',
  'UF_CRM_6433D50101E16' => NULL,
  'UF_CRM_6433D50520ADB' => NULL,
  'UF_CRM_6433D508F2841' => NULL,
  'UF_CRM_6433D510E1BF2' => NULL,
  'UF_CRM_6433D514BC640' => NULL,
  'UF_CRM_6433D51CA112C' => NULL,
  'UF_CRM_6433D520A8E02' => 'N',
  'UF_CRM_6433D5254091B' => NULL,
  'UF_CRM_6433D52904F0B' => NULL,
  'UF_CRM_6433D52CEDB5D' => NULL,
  'UF_CRM_6433D530C9D5F' => NULL,
  'UF_CRM_6433D534A5249' => NULL,
  'UF_CRM_6433D5388255E' => NULL,
  'UF_CRM_6433D53CA00A0' => NULL,
  'UF_CRM_6433D540C9219' => NULL,
  'UF_CRM_6433D544976E5' => 'N',
  'UF_CRM_6433D548AB2B9' => NULL,
  'UF_CRM_6433D54D26D1A' => NULL,
  'UF_CRM_6433D55116D68' => NULL,
  'UF_CRM_6433D554F00E2' => NULL,
  'UF_CRM_6433D55A380EF' => NULL,
  'UF_CRM_6433D55EDDC35' => NULL,
  'UF_CRM_6433D563076D3' => 'N',
  'UF_CRM_6433D566CFBDC' => 'N',
  'UF_CRM_6433D5769C207' => NULL,
  'UF_CRM_6433D57A918DD' => 'N',
  'UF_CRM_6433D57E709AC' => 'N',
  'UF_CRM_6433D58274BF2' => 
  array (
  ),
  'UF_CRM_6433D58675AD3' => NULL,
  'UF_CRM_6433D58B15534' => 'N',
  'UF_CRM_6433D58F2C518' => 'N',
  'UF_CRM_6433D59377C10' => 'N',
  'UF_CRM_6433D59BB50D2' => NULL,
  'UF_CRM_6433D59FA70BF' => NULL,
  'UF_CRM_6433D5A39D79A' => NULL,
  'UF_CRM_6433D5A781D22' => 'N',
  'UF_CRM_6433D5ACCA71F' => 'N',
  'UF_CRM_6433D5B0BF6F6' => NULL,
  'UF_CRM_6433D5B551BCB' => NULL,
  'UF_CRM_6433D5BAC2650' => 'N',
  'UF_CRM_6433D5BFAFC5E' => 'N',
  'UF_CRM_6433D5C4C803A' => 'N',
  'UF_CRM_6433D5C94F74C' => 'N',
  'UF_CRM_6433D5D1B9D2D' => NULL,
  'UF_CRM_6433D5DB232A6' => NULL,
  'UF_CRM_6433D5DF58403' => NULL,
  'UF_CRM_6433D5E39E9D8' => NULL,
  'UF_CRM_6433D5E808AC3' => NULL,
  'UF_CRM_6433D5EC41159' => NULL,
  'UF_CRM_6433D5F0C05ED' => NULL,
  'UF_CRM_6433D5F64C9B9' => NULL,
  'UF_CRM_6433D60C9A897' => NULL,
  'UF_CRM_6433D6110E002' => NULL,
  'UF_CRM_6433D615EF44F' => 'N',
  'UF_CRM_6433D61A4109A' => 'N',
  'UF_CRM_6433D61EA2584' => 'N',
  'UF_CRM_6433D623015A5' => NULL,
  'UF_CRM_6433D62B9C7CA' => NULL,
  'UF_CRM_6433D63E714DA' => NULL,
  'UF_CRM_6433D6471B217' => NULL,
  'UF_CRM_6433D64B3FA42' => NULL,
  'UF_CRM_6433D64FC4DAA' => NULL,
  'UF_CRM_6433D6542205C' => NULL,
  'UF_CRM_6433D6587DE14' => NULL,
  'UF_CRM_6433D65CC025A' => NULL,
  'UF_CRM_6433D66113E88' => NULL,
  'UF_CRM_6433D66527DE4' => NULL,
  'UF_CRM_6433D669AEB8B' => NULL,
  'UF_CRM_6433D66EEFA4E' => NULL,
  'UF_CRM_6433D67394C6F' => NULL,
  'UF_CRM_6433D677D1006' => NULL,
  'UF_CRM_6433D67C18B9D' => NULL,
  'UF_CRM_6433D6814E4AF' => NULL,
  'UF_CRM_6433D685EAA16' => NULL,
  'UF_CRM_6433D68A37F87' => NULL,
  'UF_CRM_6433D68F4CCCF' => NULL,
  'UF_CRM_6433D6939D3CA' => NULL,
  'UF_CRM_6433D6981BA49' => NULL,
  'UF_CRM_6433D69C97CF7' => NULL,
  'UF_CRM_6433D6A67830F' => NULL,
  'UF_CRM_6433D6B4AF630' => NULL,
  'UF_CRM_6433D6B94F47D' => NULL,
  'UF_CRM_6433D6BD9D260' => NULL,
  'UF_CRM_6433D6C200515' => NULL,
  'UF_CRM_6433D6C6B088B' => NULL,
  'UF_CRM_6433D6CBCCBFA' => NULL,
  'UF_CRM_6433D6D049D2B' => NULL,
  'UF_CRM_6433D6D4B633A' => NULL,
  'UF_CRM_6433D6D956454' => NULL,
  'UF_CRM_6433D6E37CFF0' => NULL,
  'UF_CRM_6433D6E800BAE' => NULL,
  'UF_CRM_6433D6EC5FA96' => NULL,
  'UF_CRM_6433D6F0C99BA' => NULL,
  'UF_CRM_6433D6F5AC724' => NULL,
  'UF_CRM_6433D6FA26A12' => NULL,
  'UF_CRM_6433D70CCC90D' => 'N',
  'UF_CRM_6433D7157E09F' => NULL,
  'UF_CRM_6433D71A6FF09' => NULL,
  'UF_CRM_6433D71F3E8A5' => NULL,
  'UF_CRM_6433D7392E26A' => NULL,
  'UF_CRM_6433D73F0D2DF' => NULL,
  'UF_CRM_6433D743B1904' => NULL,
  'UF_CRM_6433D7487B115' => NULL,
  'UF_CRM_6433D74CD32E5' => NULL,
  'UF_CRM_6433D75163FC4' => NULL,
  'UF_CRM_6433D755A04D7' => NULL,
  'UF_CRM_6433D75F89BF9' => NULL,
  'UF_CRM_6433D764868E0' => NULL,
  'UF_CRM_6433D7696B073' => NULL,
  'UF_CRM_6433D76E7BB56' => NULL,
  'UF_CRM_6433D7731B7A3' => '1000000|RUB',
  'UF_CRM_6433D777E2973' => 
  array (
  ),
  'UF_CRM_6433D77CBEA77' => NULL,
  'UF_CRM_6433D781210F0' => NULL,
  'UF_CRM_6433D78605E02' => NULL,
  'UF_CRM_6433D78AAB24A' => NULL,
  'UF_CRM_6433D78F9D85D' => NULL,
  'UF_CRM_6433D7947E2A2' => 'N',
  'UF_CRM_6433D798D40A4' => NULL,
  'UF_CRM_6433D79E2BF81' => 'N',
  'UF_CRM_6433D7A31BF36' => 'N',
  'UF_CRM_6433D7A79C4AD' => 'N',
  'UF_CRM_6433D7AC36DA0' => 'N',
  'UF_CRM_6433D7B0E89CA' => 'N',
  'UF_CRM_6433D7B5CA806' => 'N',
  'UF_CRM_6433D7BB32220' => NULL,
  'UF_CRM_6433D7C44A6BE' => NULL,
  'UF_CRM_6433D7C925893' => '772393038443',
  'UF_CRM_6433D7CDBE9B3' => NULL,
  'UF_CRM_6433D7D2CA9D0' => 
  array (
  ),
  'UF_CRM_6433D7D85148E' => NULL,
  'UF_CRM_6433D7EB28C4D' => NULL,
  'UF_CRM_6433D7EFA5EE5' => 'N',
  'UF_CRM_6433D7F4C24BE' => 'N',
  'UF_CRM_6433D7F94E2BF' => 'N',
  'UF_CRM_6433D7FDA3CF7' => 'N',
  'UF_CRM_6433D8027C169' => NULL,
  'UF_CRM_6433D8076B60C' => NULL,
  'UF_CRM_6433D80C6AAC2' => 
  array (
  ),
  'UF_CRM_6433D812D0410' => NULL,
  'UF_CRM_6433D8180E2AA' => NULL,
  'UF_CRM_6433D8213379F' => NULL,
  'UF_CRM_6433D825DEFE0' => NULL,
  'UF_CRM_6433D82B26028' => NULL,
  'UF_CRM_6433D8317589F' => NULL,
  'UF_CRM_6433D8365C605' => NULL,
  'UF_CRM_6433D83B28222' => NULL,
  'UF_CRM_6433D83FCD224' => NULL,
  'UF_CRM_6433D844B7B1F' => 
  array (
  ),
  'UF_CRM_6433D849CB971' => NULL,
  'UF_CRM_6433D84FB1160' => NULL,
  'UF_CRM_6433D85482CE1' => NULL,
  'UF_CRM_6433D85991988' => NULL,
  'UF_CRM_6433D85E769F2' => NULL,
  'UF_CRM_6433D8631A037' => 'N',
  'UF_CRM_6433D868172EA' => 'N',
  'UF_CRM_6433D8767751E' => NULL,
  'UF_CRM_6433D87B71D16' => NULL,
  'UF_CRM_6433D88513B06' => NULL,
  'UF_CRM_6433D889AE929' => NULL,
  'UF_CRM_6433D88E9A256' => NULL,
  'UF_CRM_6433D8937CA28' => NULL,
  'UF_CRM_6433D8987B695' => NULL,
  'UF_CRM_6433D89D85315' => NULL,
  'UF_CRM_6433D8A27269E' => NULL,
  'UF_CRM_6433D8A761A6B' => NULL,
  'UF_CRM_6433D8ACC957A' => NULL,
  'UF_CRM_6433D8B19DA6D' => NULL,
  'UF_CRM_6433D8C0A4C1A' => NULL,
  'UF_CRM_6433D8C5A9B9B' => NULL,
  'UF_CRM_6433D8CB550E6' => NULL,
  'UF_CRM_6433D8D01A638' => NULL,
  'UF_CRM_6433D8D4CBC9A' => NULL,
  'UF_CRM_6433D8D9C0945' => NULL,
  'UF_CRM_6433D8DE9D3AB' => NULL,
  'UF_CRM_6433D8E367985' => 
  array (
  ),
  'UF_CRM_6433D8E8C1152' => NULL,
  'UF_CRM_6433D8F247A4D' => NULL,
  'UF_CRM_6433D8F7302F1' => 'N',
  'UF_CRM_6433D8FC11F83' => 'N',
  'UF_CRM_6433D90101FF1' => NULL,
  'UF_CRM_6433D90631990' => 'N',
  'UF_CRM_6433D90AC33C4' => 'N',
  'UF_CRM_6433D90F71F5F' => NULL,
  'UF_CRM_6433D91464A5A' => 'N',
  'UF_CRM_6433D919209AA' => 'N',
  'UF_CRM_6433D91DC96A8' => NULL,
  'UF_CRM_6433D92778C5C' => NULL,
  'UF_CRM_6433D92C1FC55' => NULL,
  'UF_CRM_6433D93083EE6' => NULL,
  'UF_CRM_6433D9350FACA' => 'N',
  'UF_CRM_6433D93992C16' => 'N',
  'UF_CRM_6433D95C4B2CA' => NULL,
  'UF_CRM_6433D96210B1B' => NULL,
  'UF_CRM_6433D966943B7' => NULL,
  'UF_CRM_6433D97F0A3F5' => NULL,
  'UF_CRM_6433D988E2D02' => 'N',
  'UF_CRM_6433D9978DE67' => NULL,
  'UF_CRM_6433D99D4ED62' => 
  array (
  ),
  'UF_CRM_6433D9A2405D7' => NULL,
  'UF_CRM_6433D9A72985A' => 'N',
  'UF_CRM_6433D9AC79B71' => 'N',
  'UF_CRM_6433D9B1D29EE' => NULL,
  'UF_CRM_6433D9B6D6250' => NULL,
  'UF_CRM_6433D9C14D69E' => NULL,
  'UF_CRM_6433D9C61A5D8' => NULL,
  'UF_CRM_6433D9CAE827A' => NULL,
  'UF_CRM_6433D9CFAB885' => NULL,
  'UF_CRM_6433D9D5EB607' => NULL,
  'UF_CRM_6433D9DB9CB20' => NULL,
  'UF_CRM_6433D9E071032' => NULL,
  'UF_CRM_6433D9E61CF1D' => NULL,
  'UF_CRM_6433D9EAE80A2' => NULL,
  'UF_CRM_6433D9F0C964C' => NULL,
  'UF_CRM_6433DA00C9646' => NULL,
  'UF_CRM_6433DA06B96E6' => 
  array (
  ),
  'UF_CRM_6433DA0B807E3' => NULL,
  'UF_CRM_6433DA105EF8B' => NULL,
  'UF_CRM_6433DA159BDDE' => NULL,
  'UF_CRM_6433DA1A8C1ED' => NULL,
  'UF_CRM_6433DA1F45E7B' => NULL,
  'UF_CRM_6433DA23E6F92' => NULL,
  'UF_CRM_6433DA28A8213' => NULL,
  'UF_CRM_6433DA2D9188A' => NULL,
  'UF_CRM_6433DA3332A3B' => NULL,
  'UF_CRM_6433DA387087D' => NULL,
  'UF_CRM_6433DA3D867BD' => NULL,
  'UF_CRM_6433DA42DE712' => 'N',
  'UF_CRM_6433DA47B9298' => 'N',
  'UF_CRM_6433DA4CBE556' => 'N',
  'UF_CRM_6433DA5287C90' => NULL,
  'UF_CRM_6433DA5785D79' => NULL,
  'UF_CRM_6433DA5C6531D' => NULL,
  'UF_CRM_6433DA614BC63' => NULL,
  'UF_CRM_6433DA6CBE342' => NULL,
  'UF_CRM_6433DA71A6ADF' => NULL,
  'UF_CRM_6433DA7B1FB7A' => NULL,
  'UF_CRM_6433DA8544CE5' => NULL,
  'UF_CRM_6433DA8B64379' => NULL,
  'UF_CRM_6433DA9F7B164' => 'N',
  'UF_CRM_6433DAAFB06E7' => NULL,
  'UF_CRM_6433DAB5170CB' => NULL,
  'UF_CRM_6433DABADC0AD' => 
  array (
  ),
  'UF_CRM_6433DABFD57B4' => NULL,
  'UF_CRM_6433DAC565F22' => NULL,
  'UF_CRM_6433DACB7665A' => NULL,
  'UF_CRM_6433DAD10872E' => NULL,
  'UF_CRM_6433DAD606254' => NULL,
  'UF_CRM_6433DADB6BE29' => NULL,
  'UF_CRM_6433DAE0DB90E' => 'N',
  'UF_CRM_6433DAE5D294F' => NULL,
  'UF_CRM_6433DAEA9AEB4' => NULL,
  'UF_CRM_6433DAF43BFA0' => NULL,
  'UF_CRM_6433DAF90CF31' => NULL,
  'UF_CRM_6433DAFE658A0' => NULL,
  'UF_CRM_6433DB03D0B4B' => NULL,
  'UF_CRM_6433DB09A48B3' => NULL,
  'UF_CRM_6433DB0EADBA3' => NULL,
  'UF_CRM_6433DB1376625' => 'N',
  'UF_CRM_6433DB18501D2' => 'N',
  'UF_CRM_6433DB1D65F3E' => NULL,
  'UF_CRM_6433DB23AE767' => NULL,
  'UF_CRM_6433DB291422B' => NULL,
  'UF_CRM_6433DB381DAE3' => NULL,
  'UF_CRM_6433DB4C1C1D3' => NULL,
  'UF_CRM_6433DB513B488' => 
  array (
  ),
  'UF_CRM_6433DB56EE29D' => NULL,
  'UF_CRM_6433DB5C0606C' => NULL,
  'UF_CRM_6433DB61293DF' => 'N',
  'UF_CRM_6433DB667488F' => NULL,
  'UF_CRM_6433DB6BB1907' => NULL,
  'UF_CRM_6433DB70ABF48' => NULL,
  'UF_CRM_6433DB75B3CF3' => NULL,
  'UF_CRM_6433DB7B5B174' => NULL,
  'UF_CRM_6433DB804E21A' => NULL,
  'UF_CRM_6433DB8A5B216' => NULL,
  'UF_CRM_6433DB8FBE55A' => NULL,
  'UF_CRM_6433DB951130B' => NULL,
  'UF_CRM_6433DB9AA49A9' => NULL,
  'UF_CRM_6433DB9FCF9E4' => NULL,
  'UF_CRM_6433DBA519EAE' => NULL,
  'UF_CRM_6433DBAA49EB6' => NULL,
  'UF_CRM_6433DBAF367B5' => NULL,
  'UF_CRM_6433DBB42A707' => NULL,
  'UF_CRM_6433DBB98DD53' => '17611',
  'UF_CRM_6433DBBE90F98' => NULL,
  'UF_CRM_6433DBCD893E5' => NULL,
  'UF_CRM_6433DBD8A6465' => NULL,
  'UF_CRM_6433DBDD88F32' => NULL,
  'UF_CRM_6433DBE2A3E0F' => NULL,
  'UF_CRM_6433DBE7CB8D4' => NULL,
  'UF_CRM_6433DBED5A35F' => NULL,
  'UF_CRM_6433DBF277DA1' => NULL,
  'UF_CRM_6433DBF7A5906' => NULL,
  'UF_CRM_6433DBFCD0DAC' => NULL,
  'UF_CRM_6433DC01C49E0' => NULL,
  'UF_CRM_6433DC075C5C5' => NULL,
  'UF_CRM_6433DC0C620C9' => NULL,
  'UF_CRM_6433DC12355C4' => NULL,
  'UF_CRM_644253DA150F9' => NULL,
  'UF_CRM_6450B69DA5229' => NULL,
  'UF_CRM_6450B6A2B31FD' => NULL,
  'UF_CRM_6450B6A9A2DAA' => NULL,
  'UF_CRM_648307399DE36' => NULL,
  'UF_CRM_64DB52798B20D' => NULL,
  'UF_CRM_64DB528EA60C0' => NULL,
  'UF_CRM_64DB52953D51D' => NULL,
  'UF_CRM_65697A9FD755C' => NULL,
  'UF_CRM_65697AAB1C031' => NULL,
  'UF_CRM_1702273072' => NULL,
  'UF_CRM_6576A65667203' => NULL,
  'UF_CRM_65C07D53DF3FC' => NULL,
  'UF_CRM_65C07D6697009' => NULL,
  'UF_CRM_65C07D76E1FAE' => NULL,
  'UF_CRM_65C07D89BE1C2' => NULL,
  'UF_CRM_65C07DA44C596' => NULL,
  'UF_CRM_65C36CB41ED64' => NULL,
  'UF_CRM_65C36CC0819AC' => NULL,
  'UF_CRM_65C36CCC78A5D' => NULL,
  'UF_CRM_65C36CD8D34FA' => NULL,
  'UF_CRM_65C36CE48D4DC' => NULL,
  'UF_CRM_65C36CF138109' => NULL,
  'UF_CRM_65C36CFDE28CD' => NULL,
  'UF_CRM_65C36D0AA046B' => NULL,
  'UF_CRM_65C36D1778B3D' => NULL,
  'UF_CRM_65E85CE9DD498' => NULL,
  'UF_CRM_65E85CF698239' => NULL,
  'UF_CRM_65E85D0356B0C' => NULL,
  'UF_CRM_65E85D10E3929' => NULL,
  'UF_CRM_65E85D2AE9D32' => 'N',
  'UF_CRM_65E85D2D8F069' => 'N',
  'UF_CRM_65E85D530D947' => 'N',
  'UF_CRM_65E85D5F7B07F' => 'N',
  'UF_CRM_65E85D6C5B559' => 'N',
  'UF_CRM_65E85D79597B1' => 'N',
  'UF_CRM_65E85D9F2B5F3' => 'N',
  'UF_CRM_65E85DABD9DE9' => 'N',
  'UF_CRM_65E85DB91D47D' => NULL,
  'UF_CRM_65E85DC5AD086' => NULL,
  'UF_CRM_65E860588AF86' => 'N',
  'UF_CRM_65E86064DEDE9' => 'N',
  'UF_CRM_65E86071C7618' => NULL,
  'UF_CRM_65E8608C520EC' => 'N',
  'UF_CRM_65E860995BBB0' => 'N',
  'UF_CRM_65E860A6A668F' => NULL,
  'UF_CRM_65E860C07E03C' => 'N',
  'UF_CRM_65E8641A35FD2' => NULL,
  'UF_CRM_664B416EE52B8' => 'N',
  'UF_CRM_664DDE5F01D91' => 'N',
  'UF_CRM_66599AF534710' => 'N',
  'UF_CRM_6694FE04E26DF' => NULL,
  'UF_CRM_UF_SE_TASK_ID' => NULL,
  'UF_CRM_COMPANY_SYNC_SE_ID' => NULL,
  'UF_CRM_66962BE28E2C8' => NULL,
  'UF_CRM_UPDATE_INFO_LK' => 'N',
  'UF_CRM_6433D81CA7153' => NULL,
  'UF_CRM_6433D8B6D4588' => NULL,
  'UF_CRM_6433D8BB99B24' => NULL,
  'UF_CRM_ORGANIZATION' => NULL,
  'UF_CRM_6433D9F65FBDF' => NULL,
  'UF_CRM_COMPANY_SERVICE_EDO' => NULL,
  'UF_CRM_COMPANY_LINKS_TO_MARKETPLACES' => NULL,
  'UF_CRM_66962BDFCF38D' => NULL,
  'UF_CRM_6433DB2E14E18' => NULL,
  'UF_CRM_BRANCH' => NULL,
  'UF_CRM_66AB1E31D42A1' => NULL,
  'UF_CRM_66AB1E34613D2' => 'N',
  'UF_CRM_66AB1E36A70F7' => 'N',
  'UF_CRM_66AB1E38E50A7' => 'N',
  'UF_CRM_66AB1E3B2F043' => 'N',
  'UF_CRM_66AB1E3D5BE8F' => NULL,
  'UF_CRM_6433D64295EDD' => NULL,
  'UF_CRM_6433D6A10D288' => NULL,
  'UF_CRM_66AB1E3F87E06' => NULL,
  'UF_CRM_66BDA70FA34E7' => NULL,
  'UF_CRM_66AB1E41B2A03' => 'N',
  'UF_CRM_66AB1E43CF81A' => 'N',
  'UF_CRM_66AB1E45EC1FB' => NULL,
  'UF_CRM_6433D96B3E940' => NULL,
  'UF_CRM_66BDA71CA674D' => NULL,
  'UF_CRM_66AB1E480DF6F' => NULL,
  'UF_CRM_66AB1E4A55D34' => 'N',
  'UF_CRM_COMPANY_KNTR_CERTIFICATES' => NULL,
  'UF_CRM_63DC8E84F225A' => NULL,
  'UF_CRM_66BDA71779FDF' => NULL,
  'UF_CRM_66BDA70D20626' => NULL,
  'UF_CRM_66BDA71A1819E' => NULL,
  'UF_CRM_6433DB330C82B' => NULL,
  'UF_CRM_6433DB423C443' => NULL,
  'UF_CRM_6433DB4712020' => NULL,
  'UF_CRM_66AB1E4C63CAA' => 'N',
  'UF_CRM_66BDA7124A592' => NULL,
  'UF_CRM_66BDA714DDF11' => NULL,
  'UF_CRM_63DC8E84208D9' => NULL,
  'UF_CRM_1702274795' => NULL,
  'UF_CRM_1702275014' => NULL,
  'UF_STAMP' => NULL,
  'UF_CRM_63DC8E81DE8D9' => 'N',
  'UF_CRM_63DC8E832E5A2' => 'N',
  'UF_DIRECTOR_SIGN' => NULL,
  'UF_CRM_63DC8E85CFCF8' => NULL,
  'UF_ACCOUNTANT_SIGN' => NULL,
  'UF_CRM_66278F492F2AB' => NULL,
  'UF_CRM_66278F56B20AB' => NULL,
  'UF_CRM_1614957860' => 
  array (
  ),
  'UF_CRM_63DC8E86B16B4' => NULL,
  'UF_CRM_COMPANY_AMO_MTMCUBCZWNNFI' => NULL,
  'UF_CRM_COMPANY_AMO_LDBCSXXLXKSAO' => NULL,
  'UF_CRM_COMPANY_AMO_IQELLRVUCLCMX' => NULL,
  'UF_CRM_COMPANY_AMO_STOVXRACHEMXN' => NULL,
  'UF_CRM_1614958759' => NULL,
  'UF_CRM_1614975460' => NULL,
  'UF_CRM_1614960190' => NULL,
  'UF_CRM_1614960517' => 'N',
  'UF_CRM_655CAA3806A4E' => NULL,
  'UF_CRM_1614960589' => 'N',
  'UF_CRM_1614960625' => 'N',
  'UF_CRM_1614960645' => 'N',
  'UF_CRM_1664274186' => 'N',
  'UF_CRM_1664274218' => 'N',
  'UF_CRM_1615066460' => NULL,
  'UF_CRM_1615200179' => NULL,
  'UF_CRM_1615200236' => 
  array (
  ),
  'UF_CRM_1666263448' => NULL,
  'UF_CRM_1680181141' => NULL,
  'UF_CRM_63DC8E8791D13' => NULL,
  'UF_CRM_1671612944' => 
  array (
  ),
  'UF_CRM_1671612985' => 
  array (
  ),
  'UF_CRM_LIST_OF_BENEFICIARIES_SINGLE' => NULL,
  'UF_CRM_BENEFICIARIES_SINGLE' => NULL,
  'UF_CRM_COMPANY_KNTR_BANKS_SINGLE' => NULL,
  'UF_CRM_1617022509_SINGLE' => NULL,
  'UF_CRM_COMPANY_SS_ORG_SINGLE' => NULL,
  'UF_CRM_1687947495_SINGLE' => NULL,
  'UF_CRM_64DB2F96F1AE7_SINGLE' => NULL,
  'UF_CRM_64DB2F9DECE37_SINGLE' => NULL,
  'UF_CRM_64DB441DEE816_SINGLE' => NULL,
  'UF_CRM_64DB4425AB05C_SINGLE' => NULL,
  'UF_CRM_64DB442E55674_SINGLE' => NULL,
  'UF_CRM_64DB4434EF3A3_SINGLE' => NULL,
  'UF_CRM_64DB443BE1A9C_SINGLE' => NULL,
  'UF_CRM_64DB444343D37_SINGLE' => NULL,
  'UF_CRM_1693788279_SINGLE' => NULL,
  'UF_CRM_RU_DIADOK_SINGLE' => NULL,
  'UF_CRM_6526A6509E0DC_SINGLE' => NULL,
  'UF_CRM_6545DCFE01CA4_SINGLE' => NULL,
  'UF_CRM_6545DD05C700C_SINGLE' => NULL,
  'UF_CRM_65DF019419A3C_SINGLE' => NULL,
  'UF_CRM_COMPANY_KNTR_CERTIFICATE_SINGLE' => NULL,
  'UF_CRM_COMPANY_KNTR_LICENSES_SINGLE' => NULL,
  'UF_CRM_COMPANY_CHKLST_REFUSED_IN_STATUS_BY_DATA_SINGLE' => NULL,
  'UF_CRM_COMPANY_CHKLST_AUTOMATIC_APPROVE_SINGLE' => NULL,
  'UF_CRM_COMPANY_CHKLST_AUTHORIZED_PERSON_SINGLE' => NULL,
  'UF_CRM_COMPANY_CHKLST_CREDIT_COMMITTEE_SINGLE' => NULL,
  'UF_CRM_6433D4F3F2CA8_SINGLE' => NULL,
  'UF_CRM_6433D58274BF2_SINGLE' => NULL,
  'UF_CRM_6433D5FEDCCDC_SINGLE' => NULL,
  'UF_CRM_6433D6084A319_SINGLE' => NULL,
  'UF_CRM_6433D62FE7442_SINGLE' => NULL,
  'UF_CRM_6433D6355E340_SINGLE' => NULL,
  'UF_CRM_6433D63A11E51_SINGLE' => NULL,
  'UF_CRM_6433D702C5A07_SINGLE' => NULL,
  'UF_CRM_6433D70829928_SINGLE' => NULL,
  'UF_CRM_6433D7112B0A2_SINGLE' => NULL,
  'UF_CRM_6433D72469DA8_SINGLE' => NULL,
  'UF_CRM_6433D7290604B_SINGLE' => NULL,
  'UF_CRM_6433D7328E598_SINGLE' => NULL,
  'UF_CRM_6433D777E2973_SINGLE' => NULL,
  'UF_CRM_6433D7D2CA9D0_SINGLE' => NULL,
  'UF_CRM_6433D80C6AAC2_SINGLE' => NULL,
  'UF_CRM_6433D844B7B1F_SINGLE' => NULL,
  'UF_CRM_6433D86D38393_SINGLE' => NULL,
  'UF_CRM_6433D8719A73A_SINGLE' => NULL,
  'UF_CRM_6433D8E367985_SINGLE' => NULL,
  'UF_CRM_6433D8ED76753_SINGLE' => NULL,
  'UF_CRM_6433D94467769_SINGLE' => NULL,
  'UF_CRM_6433D9494F3E2_SINGLE' => NULL,
  'UF_CRM_6433D98DC980E_SINGLE' => NULL,
  'UF_CRM_6433D9928709F_SINGLE' => NULL,
  'UF_CRM_6433D99D4ED62_SINGLE' => NULL,
  'UF_CRM_6433D9FB43081_SINGLE' => NULL,
  'UF_CRM_6433DA06B96E6_SINGLE' => NULL,
  'UF_CRM_6433DABADC0AD_SINGLE' => NULL,
  'UF_CRM_6433DB513B488_SINGLE' => NULL,
  'UF_CRM_6433DBC84FB76_SINGLE' => NULL,
  'UF_CRM_64DB52953D51D_SINGLE' => NULL,
  'UF_CRM_6433D8B6D4588_SINGLE' => NULL,
  'UF_CRM_ORGANIZATION_SINGLE' => NULL,
  'UF_CRM_6433D9F65FBDF_SINGLE' => NULL,
  'UF_CRM_COMPANY_LINKS_TO_MARKETPLACES_SINGLE' => NULL,
  'UF_CRM_BRANCH_SINGLE' => NULL,
  'UF_CRM_66BDA714DDF11_SINGLE' => NULL,
  'UF_CRM_1614957860_SINGLE' => NULL,
  'UF_CRM_1615200236_SINGLE' => NULL,
  'UF_CRM_1671612944_SINGLE' => NULL,
  'UF_CRM_1671612985_SINGLE' => NULL,
  'PARENT_ID_129' => NULL,
  'PARENT_ID_132' => NULL,
  'PARENT_ID_134' => NULL,
  'PARENT_ID_139' => NULL,
  'PARENT_ID_141' => NULL,
  'PARENT_ID_147' => NULL,
  'PARENT_ID_148' => NULL,
  'PARENT_ID_149' => NULL,
  'PARENT_ID_151' => NULL,
  'PARENT_ID_153' => NULL,
  'PARENT_ID_157' => NULL,
  'PARENT_ID_172' => NULL,
  'PARENT_ID_174' => NULL,
  'PARENT_ID_175' => NULL,
  'PARENT_ID_182' => NULL,
  'PARENT_ID_184' => NULL,
  'PARENT_ID_185' => NULL,
  'PARENT_ID_190' => NULL,
  'PARENT_ID_1050' => NULL,
  'PARENT_ID_1060' => NULL,
  'Тип' => 'Компания',
  'contactPersonDetails' => 
  array (
    0 => 
    array (
      'nameText' => 'Миронова Анастасия Игоревна',
      'birthDate' => '09.02.1994',
      'phone' => '9775194426',
      'stateId' => '3',
      'commentText' => '',
    ),
  ),
  'Реквизиты' => 
  array (
    'ID' => '127229',
    'ENTITY_TYPE_ID' => '4',
    'ENTITY_ID' => '31633',
    'PRESET_ID' => '2',
    'DATE_CREATE' => '2023-07-24 14:40:25',
    'DATE_MODIFY' => '2024-08-21 11:55:41',
    'CREATED_BY_ID' => '24376',
    'MODIFY_BY_ID' => '23712',
    'NAME' => 'Миронов Иван Алексеевич',
    'CODE' => NULL,
    'XML_ID' => NULL,
    'ORIGINATOR_ID' => NULL,
    'ACTIVE' => 'Y',
    'ADDRESS_ONLY' => 'N',
    'SORT' => '500',
    'RQ_NAME' => 'Миронов Иван Алексеевич',
    'RQ_FIRST_NAME' => 'Иван',
    'RQ_LAST_NAME' => 'Миронов',
    'RQ_SECOND_NAME' => 'Алексеевич',
    'RQ_COMPANY_NAME' => '',
    'RQ_COMPANY_FULL_NAME' => '',
    'RQ_COMPANY_REG_DATE' => '13.01.2021',
    'RQ_DIRECTOR' => '',
    'RQ_ACCOUNTANT' => '',
    'RQ_CEO_NAME' => '',
    'RQ_CEO_WORK_POS' => '',
    'RQ_CONTACT' => '',
    'RQ_EMAIL' => '',
    'RQ_PHONE' => '',
    'RQ_FAX' => '',
    'RQ_IDENT_TYPE' => '',
    'RQ_IDENT_DOC' => 'Паспорт гражданина Российской Федерации',
    'RQ_IDENT_DOC_SER' => '4514',
    'RQ_IDENT_DOC_NUM' => '610505',
    'RQ_IDENT_DOC_PERS_NUM' => '',
    'RQ_IDENT_DOC_DATE' => '15.07.2014',
    'RQ_IDENT_DOC_ISSUED_BY' => 'ОТДЕЛОМ УФМС РОССИИ ПО ГОР. МОСКВЕ ПО РАЙОНУ ЛЮБЛИНО',
    'RQ_IDENT_DOC_DEP_CODE' => '770-105',
    'RQ_INN' => '772393038443',
    'RQ_KPP' => '',
    'RQ_USRLE' => '',
    'RQ_IFNS' => 'Инспекция Федеральной налоговой службы № 23 по г.Москве',
    'RQ_OGRN' => '',
    'RQ_OGRNIP' => '321774600003438',
    'RQ_OKPO' => '',
    'RQ_OKTMO' => '',
    'RQ_OKVED' => '47.91',
    'RQ_EDRPOU' => '',
    'RQ_DRFO' => '',
    'RQ_KBE' => '',
    'RQ_IIN' => '',
    'RQ_BIN' => '',
    'RQ_ST_CERT_SER' => '',
    'RQ_ST_CERT_NUM' => '',
    'RQ_ST_CERT_DATE' => '',
    'RQ_VAT_PAYER' => 'N',
    'RQ_VAT_ID' => '',
    'RQ_VAT_CERT_SER' => '',
    'RQ_VAT_CERT_NUM' => '',
    'RQ_VAT_CERT_DATE' => '',
    'RQ_RESIDENCE_COUNTRY' => '',
    'RQ_BASE_DOC' => '',
    'RQ_REGON' => '',
    'RQ_KRS' => '',
    'RQ_PESEL' => '',
    'RQ_LEGAL_FORM' => '',
    'RQ_SIRET' => '',
    'RQ_SIREN' => '',
    'RQ_CAPITAL' => '',
    'RQ_RCS' => '',
    'RQ_SIGNATURE' => '0',
    'RQ_STAMP' => '0',
    'RQ_COMPANY_ID' => '',
    'RQ_CNPJ' => '',
    'RQ_STATE_REG' => '',
    'RQ_MNPL_REG' => '',
    'RQ_CPF' => '',
    'VALUE_ID' => '127229',
    'UF_CRM_1647929611' => 'ГОР. МОСКВА',
    'UF_CRM_1647931933' => NULL,
    'UF_CRM_1647931942' => NULL,
    'UF_CRM_1647931950' => NULL,
    'UF_CRM_1647931979' => NULL,
    'UF_CRM_1647931992' => NULL,
    'UF_CRM_1647932011' => NULL,
    'UF_CRM_1651842340' => NULL,
    'UF_CRM_1684476607' => NULL,
    'UF_CRM_1684493639' => '1994-02-09 00:00:00',
    'UF_CRM_1688964741' => 'Инспекция Федеральной налоговой службы № 23 по г.Москве',
    'UF_CRM_1688965107' => ' Межрайонная инспекция Федеральной налоговой службы № 46 по г. Москве',
    'UF_CRM_1692611897' => NULL,
    'UF_CRM_1692611956' => NULL,
    'UF_CRM_1697697990' => '0',
    'UF_CRM_1697699468' => '0',
    'UF_CRM_1697782220' => '1',
    'UF_CRM_1697782233' => '0',
    'UF_CRM_DIRECT_CHECKOUT' => '0',
  ),
  'Адреса' => 
  array (
    0 => 
    array (
      'TYPE_ID' => '1',
      'ENTITY_TYPE_ID' => '8',
      'ENTITY_ID' => '127229',
      'ANCHOR_TYPE_ID' => '4',
      'ANCHOR_ID' => '31633',
      'ADDRESS_1' => 'Белореченская ул, 33 ',
      'ADDRESS_2' => '115',
      'CITY' => 'Москва г',
      'POSTAL_CODE' => '109559',
      'REGION' => NULL,
      'PROVINCE' => NULL,
      'COUNTRY' => 'Россия',
      'COUNTRY_CODE' => NULL,
      'LOC_ADDR_ID' => '291187',
      'IS_DEF' => '1',
      'ID' => '1093717',
      'STREET' => NULL,
      'BUILDING' => NULL,
      'HOUSE' => '33 ',
    ),
    1 => 
    array (
      'TYPE_ID' => '4',
      'ENTITY_TYPE_ID' => '8',
      'ENTITY_ID' => '127229',
      'ANCHOR_TYPE_ID' => '4',
      'ANCHOR_ID' => '31633',
      'ADDRESS_1' => 'Белореченская ул, 33 ',
      'ADDRESS_2' => '115',
      'CITY' => 'Москва г',
      'POSTAL_CODE' => '109559',
      'REGION' => NULL,
      'PROVINCE' => 'Москва г',
      'COUNTRY' => 'Россия',
      'COUNTRY_CODE' => NULL,
      'LOC_ADDR_ID' => '314763',
      'IS_DEF' => '1',
      'ID' => '1093718',
      'STREET' => NULL,
      'BUILDING' => NULL,
      'HOUSE' => '33 ',
    ),
  ),
  'Банк' => 
  array (
    0 => 
    array (
      'ID' => '660',
      'ENTITY_TYPE_ID' => '8',
      'ENTITY_ID' => '127229',
      'COUNTRY_ID' => '1',
      'DATE_CREATE' => '2023-10-19 21:06:20',
      'DATE_MODIFY' => '2024-08-21 11:55:46',
      'CREATED_BY_ID' => '24554',
      'MODIFY_BY_ID' => '23712',
      'NAME' => 'Расчетный счет',
      'CODE' => NULL,
      'XML_ID' => NULL,
      'ORIGINATOR_ID' => NULL,
      'ACTIVE' => 'Y',
      'SORT' => '500',
      'RQ_BANK_NAME' => 'МОСКОВСКИЙ ФИЛИАЛ АО КБ "МОДУЛЬБАНК"',
      'RQ_BANK_ADDR' => '',
      'RQ_BANK_ROUTE_NUM' => NULL,
      'RQ_BIK' => '044525092',
      'RQ_MFO' => NULL,
      'RQ_ACC_NAME' => NULL,
      'RQ_ACC_NUM' => '40802810470010456517',
      'RQ_IIK' => NULL,
      'RQ_ACC_CURRENCY' => '',
      'RQ_COR_ACC_NUM' => '30101810645250000092',
      'RQ_IBAN' => NULL,
      'RQ_SWIFT' => '',
      'RQ_BIC' => NULL,
      'RQ_CODEB' => NULL,
      'RQ_CODEG' => NULL,
      'RQ_RIB' => NULL,
      'COMMENTS' => 'МКК',
      'RQ_BANK_CODE' => NULL,
      'RQ_ACC_TYPE' => NULL,
      'RQ_AGENCY_NAME' => NULL,
    ),
    1 => 
    array (
      'ID' => '661',
      'ENTITY_TYPE_ID' => '8',
      'ENTITY_ID' => '127229',
      'COUNTRY_ID' => '1',
      'DATE_CREATE' => '2023-10-19 21:06:20',
      'DATE_MODIFY' => '2024-06-05 10:57:21',
      'CREATED_BY_ID' => '24554',
      'MODIFY_BY_ID' => '29193',
      'NAME' => 'Расчетный счет',
      'CODE' => NULL,
      'XML_ID' => NULL,
      'ORIGINATOR_ID' => NULL,
      'ACTIVE' => 'Y',
      'SORT' => '500',
      'RQ_BANK_NAME' => 'ООО "Банк Точка"',
      'RQ_BANK_ADDR' => '',
      'RQ_BANK_ROUTE_NUM' => NULL,
      'RQ_BIK' => '044525104',
      'RQ_MFO' => NULL,
      'RQ_ACC_NAME' => NULL,
      'RQ_ACC_NUM' => '40802810020000077954',
      'RQ_IIK' => NULL,
      'RQ_ACC_CURRENCY' => '',
      'RQ_COR_ACC_NUM' => '30101810745374525104',
      'RQ_IBAN' => NULL,
      'RQ_SWIFT' => '',
      'RQ_BIC' => NULL,
      'RQ_CODEB' => NULL,
      'RQ_CODEG' => NULL,
      'RQ_RIB' => NULL,
      'COMMENTS' => 'МКК',
      'RQ_BANK_CODE' => NULL,
      'RQ_ACC_TYPE' => NULL,
      'RQ_AGENCY_NAME' => NULL,
    ),
    2 => 
    array (
      'ID' => '2984',
      'ENTITY_TYPE_ID' => '8',
      'ENTITY_ID' => '127229',
      'COUNTRY_ID' => '1',
      'DATE_CREATE' => '2023-10-26 12:23:27',
      'DATE_MODIFY' => '2024-08-21 11:55:46',
      'CREATED_BY_ID' => '23498',
      'MODIFY_BY_ID' => '23712',
      'NAME' => 'Номинальный счет',
      'CODE' => NULL,
      'XML_ID' => NULL,
      'ORIGINATOR_ID' => NULL,
      'ACTIVE' => 'Y',
      'SORT' => '500',
      'RQ_BANK_NAME' => 'МОСКОВСКИЙ ФИЛИАЛ АО КБ "МОДУЛЬБАНК"',
      'RQ_BANK_ADDR' => '',
      'RQ_BANK_ROUTE_NUM' => NULL,
      'RQ_BIK' => '044525092',
      'RQ_MFO' => NULL,
      'RQ_ACC_NAME' => NULL,
      'RQ_ACC_NUM' => '40802810370013000633',
      'RQ_IIK' => NULL,
      'RQ_ACC_CURRENCY' => '',
      'RQ_COR_ACC_NUM' => '30101810645250000092',
      'RQ_IBAN' => NULL,
      'RQ_SWIFT' => '',
      'RQ_BIC' => NULL,
      'RQ_CODEB' => NULL,
      'RQ_CODEG' => NULL,
      'RQ_RIB' => NULL,
      'COMMENTS' => 'МКК',
      'RQ_BANK_CODE' => NULL,
      'RQ_ACC_TYPE' => NULL,
      'RQ_AGENCY_NAME' => NULL,
    ),
  ),
  'КонтактныеДанные' => 
  array (
    0 => 
    array (
      'ID' => '1267737',
      'ENTITY_ID' => 'COMPANY',
      'ELEMENT_ID' => '31633',
      'TYPE_ID' => 'PHONE',
      'VALUE_TYPE' => 'MOBILE',
      'COMPLEX_ID' => 'PHONE_MOBILE',
      'VALUE' => '+79168183222',
    ),
    1 => 
    array (
      'ID' => '1392132',
      'ENTITY_ID' => 'COMPANY',
      'ELEMENT_ID' => '31633',
      'TYPE_ID' => 'PHONE',
      'VALUE_TYPE' => 'WORK',
      'COMPLEX_ID' => 'PHONE_WORK',
      'VALUE' => '+79168183222',
    ),
    2 => 
    array (
      'ID' => '1405062',
      'ENTITY_ID' => 'COMPANY',
      'ELEMENT_ID' => '31633',
      'TYPE_ID' => 'PHONE',
      'VALUE_TYPE' => 'MAILING',
      'COMPLEX_ID' => 'PHONE_MAILING',
      'VALUE' => '+79168183222',
    ),
    3 => 
    array (
      'ID' => '1267738',
      'ENTITY_ID' => 'COMPANY',
      'ELEMENT_ID' => '31633',
      'TYPE_ID' => 'EMAIL',
      'VALUE_TYPE' => 'OTHER',
      'COMPLEX_ID' => 'EMAIL_OTHER',
      'VALUE' => 'miron_0108@mail.ru',
    ),
  ),
  'Представитель' => '',
  'Бенефициар1' => NULL,
  'Бенефициар2' => NULL,
  'Бенефициар3' => NULL,
  'Бенефициар4' => NULL,
  'Бенефициар5' => NULL,
  'ФилиалАвтора' => '01b47326-66fb-11ed-80e8-d6b7a50f497f',
  'Автор' => 'fde0d0b9-ae84-11ed-80f6-f9baaaa059d1',
  'clientGroup' => 'Миронов',
)
#0: KPLab\OneC\Export\Company->export
	/home/bitrix/www/local/classes/onec/export/company.php:190
#1: KPLab\OneC\Export\Company->init
	/home/bitrix/www/local/classes/onec/export/zayavka.php:55
#2: KPLab\OneC\Export\Zayavka->init
	/home/bitrix/www/bitrix/activities/bitrix/codeactivity/codeactivity.php(25) : eval()'d code:2
#3: eval
	/home/bitrix/www/bitrix/activities/bitrix/codeactivity/codeactivity.php:25
#4: CBPCodeActivity->execute
	/home/bitrix/www/bitrix/modules/bizproc/classes/general/workflow.php:531
#5: CBPWorkflow->runQueuedItem
	/home/bitrix/www/bitrix/modules/bizproc/classes/general/workflow.php:494
----------
Host: crm.sodeistvie.su:443
Date: 2024-08-21 12:08:48
Module: Представитель

#0: KPLab\OneC\Export\Company->init
	/home/bitrix/www/local/classes/onec/export/zayavka.php:55
#1: KPLab\OneC\Export\Zayavka->init
	/home/bitrix/www/bitrix/activities/bitrix/codeactivity/codeactivity.php(25) : eval()'d code:2
#2: eval
	/home/bitrix/www/bitrix/activities/bitrix/codeactivity/codeactivity.php:25
#3: CBPCodeActivity->execute
	/home/bitrix/www/bitrix/modules/bizproc/classes/general/workflow.php:531
#4: CBPWorkflow->runQueuedItem
	/home/bitrix/www/bitrix/modules/bizproc/classes/general/workflow.php:494
#5: CBPWorkflow->runStep
	/home/bitrix/www/bitrix/modules/bizproc/classes/general/workflow.php:478
----------
Host: crm.sodeistvie.su:443
Date: 2024-08-21 12:08:48
Module: ФилиалАвтора
01b47326-66fb-11ed-80e8-d6b7a50f497f
#0: KPLab\OneC\Export\Company->init
	/home/bitrix/www/local/classes/onec/export/zayavka.php:55
#1: KPLab\OneC\Export\Zayavka->init
	/home/bitrix/www/bitrix/activities/bitrix/codeactivity/codeactivity.php(25) : eval()'d code:2
#2: eval
	/home/bitrix/www/bitrix/activities/bitrix/codeactivity/codeactivity.php:25
#3: CBPCodeActivity->execute
	/home/bitrix/www/bitrix/modules/bizproc/classes/general/workflow.php:531
#4: CBPWorkflow->runQueuedItem
	/home/bitrix/www/bitrix/modules/bizproc/classes/general/workflow.php:494
#5: CBPWorkflow->runStep
	/home/bitrix/www/bitrix/modules/bizproc/classes/general/workflow.php:478
----------
Host: crm.sodeistvie.su:443
Date: 2024-08-21 12:08:48
Module: Автор
fde0d0b9-ae84-11ed-80f6-f9baaaa059d1
#0: KPLab\OneC\Export\Company->init
	/home/bitrix/www/local/classes/onec/export/zayavka.php:55
#1: KPLab\OneC\Export\Zayavka->init
	/home/bitrix/www/bitrix/activities/bitrix/codeactivity/codeactivity.php(25) : eval()'d code:2
#2: eval
	/home/bitrix/www/bitrix/activities/bitrix/codeactivity/codeactivity.php:25
#3: CBPCodeActivity->execute
	/home/bitrix/www/bitrix/modules/bizproc/classes/general/workflow.php:531
#4: CBPWorkflow->runQueuedItem
	/home/bitrix/www/bitrix/modules/bizproc/classes/general/workflow.php:494
#5: CBPWorkflow->runStep
	/home/bitrix/www/bitrix/modules/bizproc/classes/general/workflow.php:478
----------
Host: crm.sodeistvie.su:443
Date: 2024-08-21 12:08:48
Module: clientId
31633
#0: KPLab\OneC\Export\Company->export
	/home/bitrix/www/local/classes/onec/export/company.php:190
#1: KPLab\OneC\Export\Company->init
	/home/bitrix/www/local/classes/onec/export/zayavka.php:55
#2: KPLab\OneC\Export\Zayavka->init
	/home/bitrix/www/bitrix/activities/bitrix/codeactivity/codeactivity.php(25) : eval()'d code:2
#3: eval
	/home/bitrix/www/bitrix/activities/bitrix/codeactivity/codeactivity.php:25
#4: CBPCodeActivity->execute
	/home/bitrix/www/bitrix/modules/bizproc/classes/general/workflow.php:531
#5: CBPWorkflow->runQueuedItem
	/home/bitrix/www/bitrix/modules/bizproc/classes/general/workflow.php:494
----------
Host: crm.sodeistvie.su:443
Date: 2024-08-21 12:08:48
Module: clientOrg
5
#0: KPLab\OneC\Export\Company->export
	/home/bitrix/www/local/classes/onec/export/company.php:190
#1: KPLab\OneC\Export\Company->init
	/home/bitrix/www/local/classes/onec/export/zayavka.php:55
#2: KPLab\OneC\Export\Zayavka->init
	/home/bitrix/www/bitrix/activities/bitrix/codeactivity/codeactivity.php(25) : eval()'d code:2
#3: eval
	/home/bitrix/www/bitrix/activities/bitrix/codeactivity/codeactivity.php:25
#4: CBPCodeActivity->execute
	/home/bitrix/www/bitrix/modules/bizproc/classes/general/workflow.php:531
#5: CBPWorkflow->runQueuedItem
	/home/bitrix/www/bitrix/modules/bizproc/classes/general/workflow.php:494
----------
Host: crm.sodeistvie.su:443
Date: 2024-08-21 12:08:48
Module: clientData
array (
  'OBSERVER_IDS' => 
  array (
  ),
  'LOGO' => '',
  'UF_CRM_CLIENT_QUESTIONNAIRE' => 4449758,
  'UF_CRM_BITCONF_ZOOM_REGISTRATION_ANSWERS' => NULL,
  'UF_CRM_1693788279' => 
  array (
    0 => 4301892,
    1 => 4301893,
    2 => 4301894,
  ),
  'UF_CRM_RUROBOT_SBP_QR_FILE' => NULL,
  'UF_CRM_RUROBOT_CHEK_QR_FILE' => NULL,
  'UF_CRM_6433D5CD87C30' => NULL,
  'UF_CRM_6433D5D634AD6' => NULL,
  'UF_CRM_6433D5FA970C9' => NULL,
  'UF_CRM_6433D5FEDCCDC' => 
  array (
  ),
  'UF_CRM_6433D6036480A' => NULL,
  'UF_CRM_6433D6084A319' => 
  array (
  ),
  'UF_CRM_6433D62FE7442' => 
  array (
  ),
  'UF_CRM_6433D6355E340' => 
  array (
  ),
  'UF_CRM_6433D63A11E51' => 
  array (
  ),
  'UF_CRM_6433D6DD9702A' => NULL,
  'UF_CRM_6433D702C5A07' => 
  array (
  ),
  'UF_CRM_6433D70829928' => 
  array (
  ),
  'UF_CRM_6433D7112B0A2' => 
  array (
  ),
  'UF_CRM_6433D72469DA8' => 
  array (
  ),
  'UF_CRM_6433D7290604B' => 
  array (
  ),
  'UF_CRM_6433D7328E598' => 
  array (
  ),
  'UF_CRM_6433D7BFBF3C1' => NULL,
  'UF_CRM_6433D86D38393' => 
  array (
  ),
  'UF_CRM_6433D8719A73A' => 
  array (
  ),
  'UF_CRM_6433D88041ED1' => NULL,
  'UF_CRM_6433D8ED76753' => 
  array (
  ),
  'UF_CRM_6433D922AAFBA' => NULL,
  'UF_CRM_6433D93E62E9D' => NULL,
  'UF_CRM_6433D94467769' => 
  array (
  ),
  'UF_CRM_6433D9494F3E2' => 
  array (
  ),
  'UF_CRM_6433D98DC980E' => 
  array (
  ),
  'UF_CRM_6433D9928709F' => 
  array (
  ),
  'UF_CRM_6433D9BC65B15' => NULL,
  'UF_CRM_6433D9FB43081' => 
  array (
  ),
  'UF_CRM_6433DA7676DE8' => NULL,
  'UF_CRM_6433DA7FAA203' => NULL,
  'UF_CRM_6433DB8564D70' => NULL,
  'UF_CRM_6433DBC84FB76' => 
  array (
  ),
  'UF_CRM_64DB528100CC9' => NULL,
  'UF_CRM_64DB52A38846D' => NULL,
  'UF_CRM_UNSIGNED_CONSENT' => NULL,
  'UF_CRM_6433DAEF79717' => NULL,
  'COMMENTS' => '-',
  'CONTACT_BINDINGS' => 
  array (
    0 => 
    array (
      'CONTACT_ID' => 213749,
      'SORT' => 10,
      'ROLE_ID' => 0,
    ),
    1 => 
    array (
      'CONTACT_ID' => 213771,
      'SORT' => 10,
      'ROLE_ID' => 0,
      'IS_PRIMARY' => 'Y',
    ),
  ),
  'CONTACT_ID' => 
  array (
    0 => 213749,
    1 => 213771,
  ),
  'UTM_SOURCE' => 'seller',
  'UTM_MEDIUM' => 'referral',
  'UTM_CAMPAIGN' => 'online',
  'UTM_CONTENT' => '81408846508',
  'UTM_TERM' => NULL,
  'ID' => 31633,
  'DATE_CREATE' => '24.07.2023 14:35:03',
  'DATE_MODIFY' => '21.08.2024 11:55:46',
  'CREATED_BY_ID' => 23771,
  'MODIFY_BY_ID' => 0,
  'ASSIGNED_BY_ID' => 23768,
  'OPENED' => 'Y',
  'TITLE' => 'ИП Миронов И.А.',
  'ADDRESS' => '',
  'ADDRESS_LEGAL' => NULL,
  'BANKING_DETAILS' => NULL,
  'COMPANY_TYPE' => '5',
  'INDUSTRY' => NULL,
  'REVENUE' => 0.0,
  'CURRENCY_ID' => 'RUB',
  'EMPLOYEES' => NULL,
  'LEAD_ID' => 64690,
  'WEBFORM_ID' => 0,
  'ORIGINATOR_ID' => NULL,
  'ORIGIN_ID' => NULL,
  'ORIGIN_VERSION' => NULL,
  'HAS_PHONE' => 'Y',
  'HAS_EMAIL' => 'Y',
  'HAS_IMOL' => 'Y',
  'IS_MY_COMPANY' => 'N',
  'CATEGORY_ID' => 0,
  'LAST_ACTIVITY_BY' => 27935,
  'LAST_ACTIVITY_TIME' => '21.08.2024 10:50:39',
  'EMAIL_HOME' => NULL,
  'EMAIL_WORK' => NULL,
  'EMAIL_MAILING' => NULL,
  'PHONE_MOBILE' => NULL,
  'PHONE_WORK' => NULL,
  'PHONE_MAILING' => NULL,
  'IMOL' => NULL,
  'EMAIL' => NULL,
  'PHONE' => NULL,
  'UF_CRM_669752C2286C3' => NULL,
  'UF_CRM_63DC8E17DA14A' => NULL,
  'UF_CRM_SERVICE_EDO' => NULL,
  'UF_CRM_6433D456A993F' => NULL,
  'UF_CRM_6433D45A58732' => NULL,
  'UF_CRM_6433D45E0E48D' => NULL,
  'UF_CRM_6435331D97379' => NULL,
  'UF_CRM_LIST_OF_BENEFICIARIES' => NULL,
  'UF_CRM_BENEFICIARIES' => NULL,
  'UF_CRM_643533226D993' => NULL,
  'UF_CRM_6435332D17E32' => NULL,
  'UF_CRM_6435333351197' => NULL,
  'UF_CRM_643533400DD7E' => NULL,
  'UF_CRM_64353346223BE' => NULL,
  'UF_CRM_643533543CB94' => '24.07.2023 00:00:00',
  'UF_CRM_6435335A78A8A' => NULL,
  'UF_CRM_64353366C4E98' => NULL,
  'UF_CRM_6435336CE33DF' => NULL,
  'UF_CRM_6436790C0A081' => '29',
  'UF_CRM_6436791297084' => 10476,
  'UF_CRM_644B8F5F389E2' => NULL,
  'UF_CRM_64771CA96A441' => NULL,
  'UF_CRM_64771CAF31F16' => NULL,
  'UF_CRM_64806D472FDA8' => NULL,
  'UF_CRM_COMPANY_OVK_CHECKDOMAIN' => 'N',
  'UF_CRM_COMPANY_OVK_CHECK_COMPANY_INFO' => 'N',
  'UF_CRM_COMPANY_OVK_CHECK_LICENSES' => 'N',
  'UF_CRM_COMPANY_OVK_IS_IN_TERRORIST_LIST' => 'N',
  'UF_CRM_COMPANY_OVK_IS_IN_MVK_LIST' => 'N',
  'UF_CRM_COMPANY_OVK_IS_IN_OMU_LIST' => 'N',
  'UF_CRM_COMPANY_OVK_IS_IN_STRATEGIC_LIST' => 'N',
  'UF_CRM_COMPANY_OVK_IS_IN_OPK_ULS' => 'N',
  'UF_CRM_COMPANY_OVK_IS_IN_SANCTION_LIST' => 'N',
  'UF_CRM_COMPANY_OVK_IS_IN_PEP_LIST' => 'N',
  'UF_CRM_COMPANY_OVK_IS_IN_764LIST' => 'N',
  'UF_CRM_COMPANY_OVK_IS_IN_FINANCIAL_PYRAMIDE' => 'N',
  'UF_CRM_COMPANY_OVK_IS_IN_ILLEGAL_CREDITOR' => 'N',
  'UF_CRM_COMPANY_OVK_RESULT' => 'N',
  'UF_CRM_COMPANY_KNTR_ADMIN_OFFENCE_CASE_COUNT' => NULL,
  'UF_CRM_COMPANY_KNTR_ARBITR_CLAIMS_LOST_CASES_SUM' => NULL,
  'UF_CRM_COMPANY_KNTR_ARBIT_CLAIMS_REVIEW_CASES_SUM' => NULL,
  'UF_CRM_COMPANY_KNTR_ANY_FNS_BLOCKED_ACCOUNTS' => 'N',
  'UF_CRM_COMPANY_KNTR_ANY_SENT_DOCUMENTS_TO_FNS' => 'N',
  'UF_CRM_COMPANY_KNTR_ANY_DISQUALIFIED_DIRECTORS' => 'N',
  'UF_CRM_COMPANY_KNTR_BANKS' => NULL,
  'UF_CRM_COMPANY_KNTR_BLOCKED_ACCOUNTS' => NULL,
  'UF_CRM_COMPANY_KNTR_LESSEE_CONTRACTS' => NULL,
  'UF_CRM_COMPANY_KNTR_CONNECTED_COMPANIES' => NULL,
  'UF_CRM_COMPANY_KNTR_CONNECTED_SITES' => NULL,
  'UF_CRM_COMPANY_KNTR_ENFORCEMENT_PROCEEDINGS_SUM' => NULL,
  'UF_CRM_COMPANY_KNTR_IN_ANY_SANCTION_LISTS' => 'N',
  'UF_CRM_COMPANY_KNTR_IN_ANY_FNS_LIST' => 'N',
  'UF_CRM_COMPANY_KNTR_IN_STRATEGIC_ENTERPRISE_LIST' => 'N',
  'UF_CRM_COMPANY_KNTR_IN_JOIN_STOCK_CMPNY_LIST91P' => 'N',
  'UF_CRM_COMPANY_KNTR_IN_UNRELIABLE_SIPPLIER_LIST' => 'N',
  'UF_CRM_COMPANY_KNTR_MSP_LIST_DATE' => NULL,
  'UF_CRM_COMPANY_KNTR_TRADEMARKS' => NULL,
  'UF_CRM_COMPANY_KNTR_LAST_BANKRUPTCY_DATA' => NULL,
  'UF_CRM_COMPANY_KNTR_IN_GOVERNMENT_DIRECTIVE_LIST' => 'N',
  'UF_CRM_COMPANY_KNTR_IN_STRATEGIC_ORG_LIST' => 'N',
  'UF_CRM_COMPANY_KNTR_WEBSITE_BLOCK_INFOS' => NULL,
  'UF_CRM_COMPANY_KNTR_IN_PRLIFRTN_RISK_DETECTIONLIST' => 'N',
  'UF_CRM_COMPANY_KNTR_IN_REFUSAL_LIST764P' => 'N',
  'UF_CRM_COMPANY_KNTR_IN_BANK_REFUSAL_LIST764P' => 'N',
  'UF_CRM_COMPANY_KNTR_IN_SANCTIONS_LIST' => 'N',
  'UF_CRM_COMPANY_KNTR_IN_STRATEGIC_COMPANIES_LIST' => 'N',
  'UF_CRM_COMPANY_KNTR_IN_TERRORIST_LIST' => 'N',
  'UF_CRM_COMPANY_KNTR_IN_EXTREMISTS_LIST' => 'N',
  'UF_CRM_COMPANY_KNTR_IN_INTERDEP_COMMISSION_LIST' => 'N',
  'UF_CRM_COMPANY_KNTR_IN_WEAPON_MASS_DESTRUCTION_DIS' => 'N',
  'UF_CRM_COMPANY_KNTR_IN_ILLEG_LENDER_INDICATOR_LIST' => 'N',
  'UF_CRM_COMPANY_KNTR_IN_PYRAMID_SCHEME_INDICATAOR_L' => 'N',
  'UF_CRM_COMPANY_KNTR_ILLEG_SECUR_MARKET_PARTICIPANT' => 'N',
  'UF_CRM_COMPANY_CHKLST' => NULL,
  'UF_CRM_COMPANY_CHKLST_WB_INC_TO_SALE_FOR_SIX_MONTH' => NULL,
  'UF_CRM_COMPANY_CHKLST_OZON_INC_SALE_FOR_SIX_MOUNTH' => NULL,
  'UF_CRM_COMPANY_CHKLST_MARKETPLACE_DURATION_IN_MNTH' => NULL,
  'UF_CRM_COMPANY_CHKLST_SALES_TO_COUNT_SIX_MTH_RATIO' => NULL,
  'UF_CRM_COMPANY_CHKLST_SALES_TO_RETURN_COUNT_SIX_MH' => NULL,
  'UF_CRM_COMPANY_CHKLST_STOK_SUM_LIMIT_SIX_MTH_RATIO' => NULL,
  'UF_CRM_COMPANY_CHKLST_SMOOTHED_LIM_FOR_SIX_MONTHS' => NULL,
  'UF_CRM_COMPANY_CHKLST_PDN' => NULL,
  'UF_CRM_COMPANY_CHKLST_ANY_FNS_BLOCKED_ACCOUNTS' => 'N',
  'UF_CRM_COMPANY_CHKLST_PERSON_VALID_PASSPORT' => 'N',
  'UF_CRM_COMPANY_CHKLST_LOCATED_IN_LISTS_NAMES' => NULL,
  'UF_CRM_COMPANY_CHKLST_IN_UNRELIABLE_SUPPLIER_LIST' => 'N',
  'UF_CRM_COMPANY_CHKLST_ANY_DISQUALIFIED_DIRECTORS' => 'N',
  'UF_CRM_1554808760221' => NULL,
  'UF_LOGO' => NULL,
  'UF_CRM_1595595411835' => 'ИП Миронов Иван Алексеевич',
  'UF_CRM_1596520984268' => 772393038443.0,
  'UF_CRM_1596520996191' => NULL,
  'UF_CRM_1596521014397' => NULL,
  'UF_CRM_1596521047550' => NULL,
  'UF_CRM_1596521064464' => NULL,
  'UF_CRM_1596521074308' => NULL,
  'UF_CRM_1617022509' => 
  array (
  ),
  'UF_CRM_1627544551724' => NULL,
  'UF_CRM_TB_TAGS' => NULL,
  'UF_CRM_COMPANY_SS_AGENT_DOC_NOMER_AM' => NULL,
  'UF_CRM_COMPANY_SS_AGENT_DOC_DATA_AM' => NULL,
  'UF_CRM_COMPANY_SS_FILIAL_OPEN_DATE_AM' => NULL,
  'UF_CRM_COMPANY_SS_FILIAL_CLOSE_DATE_AM' => NULL,
  'UF_CRM_COMPANY_SS_FILIAL_BOSS_AM' => NULL,
  'UF_CRM_COMPANY_SS_FILIAL_STATUS_AM' => NULL,
  'UF_CRM_1637754619884' => NULL,
  'UF_CRM_1637754682264' => NULL,
  'UF_CRM_1638788295103' => NULL,
  'UF_CRM_1638788442249' => NULL,
  'UF_CRM_1638789252369' => NULL,
  'UF_CRM_1638791492304' => NULL,
  'UF_CRM_1638791524660' => NULL,
  'UF_CRM_COMPANY_SS_SYNC_DATE' => '21.08.2024 11:55:41',
  'UF_CRM_COMPANY_SS_AM_ID' => 'e04a23e4-2a06-11ee-8101-f9baaaa059d1',
  'UF_CRM_COMPANY_SS_AK_ID' => NULL,
  'UF_CRM_COMPANY_SS_AS_ID' => NULL,
  'UF_CRM_COMPANY_SS_PREDSTAVITEL_DOLGNOST' => NULL,
  'UF_CRM_COMPANY_SS_PREDSTAVITEL_DOVERENNOST' => NULL,
  'UF_CRM_COMPANY_SS_ORG' => 
  array (
    0 => '5',
  ),
  'UF_CRM_COMPANY_SS_KASSA' => 'Y',
  'UF_CRM_APP_PL_COMPANY_COUNTRY' => NULL,
  'UF_CRM_APP_PL_COMPANY_TIMEZONE' => NULL,
  'UF_CRM_APP_PL_COMPANY_REGION' => NULL,
  'UF_CRM_CUST_LTIME' => NULL,
  'UF_CRM_1675248051686' => NULL,
  'UF_CRM_1675248084077' => NULL,
  'UF_CRM_1675251420593' => '40802810200001799812',
  'UF_CRM_1675251431573' => NULL,
  'UF_CRM_1675251444631' => '3.010181014525E+19',
  'UF_CRM_63DC8E18A4E2E' => NULL,
  'UF_CRM_63DC8E195EB36' => NULL,
  'UF_CRM_63DC8E1A3346D' => NULL,
  'UF_CRM_63DC8E26747B4' => NULL,
  'UF_CRM_63DC8E274B853' => NULL,
  'UF_CRM_63DC8E280E9E5' => NULL,
  'UF_CRM_63DC8E293CC7F' => 'N',
  'UF_CRM_63DC8E2A0BF88' => 'N',
  'UF_CRM_63DC8E2ABE9D8' => NULL,
  'UF_CRM_63DC8E2B7F52E' => 'N',
  'UF_CRM_63DC8E2C3AABE' => 'N',
  'UF_CRM_63DC8E2CEC51F' => NULL,
  'UF_CRM_63DC8E2DA91B8' => 'N',
  'UF_CRM_63DC8E2E74222' => 'N',
  'UF_CRM_63DC8E2F31F5B' => NULL,
  'UF_CRM_63DC8E2FF0CC2' => 'N',
  'UF_CRM_63DC8E30B7FAE' => 'N',
  'UF_CRM_63DC8E317ED45' => NULL,
  'UF_CRM_63DC8E323FF76' => 'N',
  'UF_CRM_63DC8E3306CAB' => 'N',
  'UF_CRM_63DC8E33C393B' => NULL,
  'UF_CRM_63DC8E3495C8D' => 'N',
  'UF_CRM_63DC8E355E686' => 'N',
  'UF_CRM_63DC8E3627033' => NULL,
  'UF_CRM_63DC8E36DB39D' => 'N',
  'UF_CRM_63DC8E379C254' => 'N',
  'UF_CRM_63DC8E38681EC' => NULL,
  'UF_CRM_63DC8E392D259' => 'N',
  'UF_CRM_63DC8E39E7034' => 'N',
  'UF_CRM_63DC8E3AAC4F7' => NULL,
  'UF_CRM_63DC8E3C39A26' => 'N',
  'UF_CRM_63DC8E3D01747' => NULL,
  'UF_CRM_63DC8E3DBFA43' => 'N',
  'UF_CRM_63DC8E3E90027' => NULL,
  'UF_CRM_63DC8E4028C58' => 'N',
  'UF_CRM_63DC8E40E39C2' => NULL,
  'UF_CRM_63DC8E41ACD58' => 'N',
  'UF_CRM_63DC8E427A06D' => 'N',
  'UF_CRM_63DC8E4340A22' => NULL,
  'UF_CRM_63DC8E4411725' => 'N',
  'UF_CRM_63DC8E44D1A58' => 'N',
  'UF_CRM_63DC8E459F68A' => NULL,
  'UF_CRM_63DC8E467D45B' => 'N',
  'UF_CRM_63DC8E474FBE9' => 'N',
  'UF_CRM_63DC8E481E707' => NULL,
  'UF_CRM_63DC8E48E257E' => 'N',
  'UF_CRM_63DC8E49A6390' => 'N',
  'UF_CRM_63DC8E4A719EA' => NULL,
  'UF_CRM_63DC8E4C2FC7D' => 'N',
  'UF_CRM_63DC8E4CEBF34' => NULL,
  'UF_CRM_63DC8E4DBCDB3' => 'N',
  'UF_CRM_63DC8E4E90E8C' => NULL,
  'UF_CRM_63DC8E4F5DD80' => 'N',
  'UF_CRM_63DC8E502565C' => 'N',
  'UF_CRM_63DC8E50E5D9E' => 'N',
  'UF_CRM_63DC8E51AF554' => 'N',
  'UF_CRM_63DC8E527AD60' => NULL,
  'UF_CRM_63DC8E535208E' => NULL,
  'UF_CRM_63DC8E5423AFA' => NULL,
  'UF_CRM_63DC8E54E21A1' => 'N',
  'UF_CRM_63DC8E55B527E' => 'N',
  'UF_CRM_63DC8E5689193' => 'N',
  'UF_CRM_63DC8E5759751' => 'N',
  'UF_CRM_63DC8E590765C' => 'N',
  'UF_CRM_63DC8E59D279D' => NULL,
  'UF_CRM_63DC8E5B7F55D' => 'N',
  'UF_CRM_63DC8E5C5D659' => NULL,
  'UF_CRM_63DC8E5E1E849' => 'N',
  'UF_CRM_63DC8E5EE72DA' => NULL,
  'UF_CRM_63DC8E609239F' => 'N',
  'UF_CRM_63DC8E616A5AE' => NULL,
  'UF_CRM_63DC8E633698E' => 'N',
  'UF_CRM_63DC8E640474F' => NULL,
  'UF_CRM_63DC8E665855D' => 'N',
  'UF_CRM_63DC8E6736DC5' => NULL,
  'UF_CRM_63DC8E68EC080' => 'N',
  'UF_CRM_63DC8E6AA1430' => NULL,
  'UF_CRM_63DC8E6B76E53' => 'N',
  'UF_CRM_63DC8E6C67591' => 'N',
  'UF_CRM_63DC8E6D42820' => 'N',
  'UF_CRM_63DC8E6E1CEB4' => 'N',
  'UF_CRM_63DC8E6EEE91A' => 'N',
  'UF_CRM_63DC8E70B4611' => 'N',
  'UF_CRM_63DC8E7190963' => NULL,
  'UF_CRM_63DC8E726D449' => NULL,
  'UF_CRM_63DC8E7356A8D' => NULL,
  'UF_CRM_63DC8E743500D' => NULL,
  'UF_CRM_63DC8E751A1D3' => NULL,
  'UF_CRM_63DC8E7627B00' => NULL,
  'UF_CRM_63DC8E771A045' => NULL,
  'UF_CRM_63DC8E7809694' => NULL,
  'UF_CRM_63DC8E78E0E4D' => NULL,
  'UF_CRM_63DC8E79C71A6' => NULL,
  'UF_CRM_63DC8E7AA9B36' => NULL,
  'UF_CRM_63DC8E7B98100' => NULL,
  'UF_CRM_63DC8E7C79C19' => 772393038443.0,
  'UF_CRM_63DC8E7D5B2DA' => NULL,
  'UF_CRM_63DC8E7E4167A' => NULL,
  'UF_CRM_63DC8E7F23CE9' => NULL,
  'UF_CRM_1675446456307' => '09.02.1994',
  'UF_CRM_63DDE3A4E68D7' => NULL,
  'UF_CRM_63DDE3A5D5155' => NULL,
  'UF_CRM_1675670468066' => 'https://seller-capital.ru/?utm_source=seller&utm_medium=referral&utm_campaign=online&utm_content=772393038443',
  'UF_CRM_63E3241DA30EB' => NULL,
  'UF_CRM_63E3241E9AADB' => 'N',
  'UF_CRM_63E4AAB613011' => NULL,
  'UF_CRM_63E4AAB703D9F' => NULL,
  'UF_CRM_BITCONF_LINK' => NULL,
  'UF_CRM_BITCONF_ZOOM_RECORDINGS' => NULL,
  'UF_CRM_BITCONF_RECORDINGS_VIDEO_YANDEX' => NULL,
  'UF_CRM_BITCONF_RECORDINGS_AUDIO_YANDEX' => NULL,
  'UF_CRM_BITCONF_RECORDINGS_CHAT_YANDEX' => NULL,
  'UF_CRM_BITCONF_RECORDINGS_VIDEO_GOOGLE' => NULL,
  'UF_CRM_BITCONF_RECORDINGS_AUDIO_GOOGLE' => NULL,
  'UF_CRM_BITCONF_RECORDINGS_CHAT_GOOGLE' => NULL,
  'UF_CRM_BITCONF_ZOOM_REGISTRATION_ANSWERS_JSON' => NULL,
  'UF_CRM_BITCONF_MEETING_ATTENDED' => NULL,
  'UF_CRM_BITCONF_MEETING_STARTED_AT' => NULL,
  'UF_CRM_BITCONF_MEETING_ENDED_AT' => NULL,
  'UF_CRM_BITCONF_PARTICIPANT_JOINED_AT' => NULL,
  'UF_CRM_BITCONF_PARTICIPANT_LEFT_AT' => NULL,
  'UF_CRM_641045F47BAFD' => NULL,
  'UF_CRM_6433D461D16E4' => 'N',
  'UF_CRM_6433D465984C7' => 'N',
  'UF_CRM_6433D4693830C' => NULL,
  'UF_CRM_6433D4715A41B' => 'N',
  'UF_CRM_6433D47528CEC' => NULL,
  'UF_CRM_6433D47CBD827' => 'N',
  'UF_CRM_6433D4807CDE8' => NULL,
  'UF_CRM_6433D4884B09E' => 'N',
  'UF_CRM_6433D48C20F2B' => NULL,
  'UF_CRM_6433D4944FECB' => 'N',
  'UF_CRM_6433D4983ED32' => NULL,
  'UF_CRM_6433D4A01ACC8' => 'N',
  'UF_CRM_6433D4A3D37E1' => NULL,
  'UF_CRM_6433D4ABE92F3' => 'N',
  'UF_CRM_6433D4AFBF977' => NULL,
  'UF_CRM_6433D4B79F77B' => 'N',
  'UF_CRM_6433D4BB85C48' => NULL,
  'UF_CRM_6433D4C37C94A' => 'N',
  'UF_CRM_6433D4C77A09D' => NULL,
  'UF_CRM_6433D4CF8CF6E' => 'N',
  'UF_CRM_6433D4D465778' => NULL,
  'UF_CRM_6433D4DD6A784' => 'N',
  'UF_CRM_6433D4E18FD6A' => NULL,
  'UF_CRM_6433D4EB83DB1' => NULL,
  'UF_CRM_6433D4EFA24C9' => 'N',
  'UF_CRM_643EAA1DA8B9E' => 'N',
  'UF_CRM_643EAA228B2B2' => 'N',
  'UF_CRM_643EAA275FE0A' => 'N',
  'UF_CRM_643EAA2C188C0' => 'N',
  'UF_CRM_643EAA314A615' => 'N',
  'UF_CRM_643EAA37A5511' => '2000000|RUB',
  'UF_CRM_64406458C6D47' => NULL,
  'UF_CRM_6442676E5B421' => NULL,
  'UF_CRM_1683968549' => 'Y',
  'UF_CRM_1684145100226' => 11075,
  'UF_CRM_1685419394' => '5000000|RUB',
  'UF_CRM_1687947495' => 
  array (
  ),
  'UF_CRM_COMPANY_AMOID' => NULL,
  'UF_CRM_64A4EBD2F2518' => NULL,
  'UF_CRM_64AD0008D2965' => 'N',
  'UF_CRM_64AD000F6A26A' => NULL,
  'UF_CRM_64AD001D86025' => 'N',
  'UF_CRM_64AD00250FFFD' => NULL,
  'UF_CRM_64AE8FC56D363' => NULL,
  'UF_CRM_64AF8DA50E037' => '24.07.2023',
  'UF_CRM_1690758867666' => NULL,
  'UF_CRM_1691009132416' => NULL,
  'UF_CRM_64CB9DDC41262' => NULL,
  'UF_CRM_64CB9DE1E3C7A' => NULL,
  'UF_CRM_64CB9DE974E5F' => NULL,
  'UF_CRM_64CB9DF06A260' => NULL,
  'UF_CRM_64CB9DF7289EE' => NULL,
  'UF_CRM_64CB9DFD55A33' => NULL,
  'UF_CRM_64CB9E03788BE' => NULL,
  'UF_CRM_64CB9E0A4860E' => NULL,
  'UF_CRM_64CB9E107B628' => NULL,
  'UF_CRM_64CB9E163F796' => NULL,
  'UF_CRM_64CB9E1C4DB78' => NULL,
  'UF_CRM_64CB9E229FA0B' => NULL,
  'UF_CRM_64CB9E293B527' => NULL,
  'UF_CRM_64CBA4252FB37' => NULL,
  'UF_CRM_64CC92553F409' => NULL,
  'UF_CRM_64CC925D91DEA' => NULL,
  'UF_CRM_64CC926670EC8' => NULL,
  'UF_CRM_64CC9270B6A35' => NULL,
  'UF_CRM_64CC927983D4C' => NULL,
  'UF_CRM_64CC928123D41' => NULL,
  'UF_CRM_64CC928CAA601' => NULL,
  'UF_CRM_64CCA29DAF094' => NULL,
  'UF_CRM_64D3B7766A327' => NULL,
  'UF_CRM_64DB2F838C6F1' => 'N',
  'UF_CRM_64DB2F8CA756C' => 'N',
  'UF_CRM_64DB2F96F1AE7' => 
  array (
  ),
  'UF_CRM_64DB2F9DECE37' => 
  array (
  ),
  'UF_CRM_64DB4411303D8' => NULL,
  'UF_CRM_64DB44175DA19' => NULL,
  'UF_CRM_64DB441DEE816' => 
  array (
  ),
  'UF_CRM_64DB4425AB05C' => 
  array (
  ),
  'UF_CRM_64DB442E55674' => 
  array (
  ),
  'UF_CRM_64DB4434EF3A3' => 
  array (
  ),
  'UF_CRM_64DB443BE1A9C' => 
  array (
  ),
  'UF_CRM_64DB444343D37' => 
  array (
  ),
  'UF_CRM_64DB444B5354D' => NULL,
  'UF_CRM_64DB4452990CE' => NULL,
  'UF_CRM_64E36750AEBF0' => NULL,
  'UF_CRM_64E4A00A7CB9E' => NULL,
  'UF_CRM_64E84230723F5' => NULL,
  'UF_CRM_1693311353902' => 'ТаблицаЗначений',
  'UF_CRM_1693311600025' => NULL,
  'UF_CRM_1693311707790' => NULL,
  'UF_CRM_1693373909306' => 'Миронова Анастасия Игоревна',
  'UF_CRM_1693373994027' => 15237,
  'UF_CRM_1693374038734' => '9775194426',
  'UF_CRM_1693374057547' => '09.02.1994',
  'UF_CRM_64F1E491F0503' => 'N',
  'UF_CRM_1693822645477' => NULL,
  'UF_CRM_1693822684054' => NULL,
  'UF_CRM_1693960373052' => NULL,
  'UF_CRM_64F83BC976C70' => 'N',
  'UF_CRM_64F83BD1CB037' => 'N',
  'UF_CRM_64F85EB57C226' => 'N',
  'UF_CRM_64F85EBC6293C' => NULL,
  'UF_CRM_64F86B718FCFD' => 'N',
  'UF_CRM_64F87C6C3D1EE' => 'N',
  'UF_CRM_64F87C75DAD9D' => 'N',
  'UF_CRM_64F87C829ADB5' => 'N',
  'UF_CRM_64F87C8D26E72' => 'N',
  'UF_CRM_64F87C94E75DB' => 'N',
  'UF_CRM_64F87CA1B6D24' => 'N',
  'UF_CRM_64F87CADDF550' => 'N',
  'UF_CRM_64F87CB6033F8' => 'N',
  'UF_CRM_RU_ANALITYCS' => NULL,
  'UF_CRM_RU_DIADOK' => NULL,
  'UF_CRM_RUROBOT_SBP_URL' => NULL,
  'UF_CRM_RUROBOT_CHEK_URL' => NULL,
  'UF_CRM_64FC867D4DEE8' => 'N',
  'UF_CRM_64FC8684B795C' => 'N',
  'UF_CRM_64FC868B2E901' => 'N',
  'UF_CRM_64FC86916ECC7' => 'N',
  'UF_CRM_64FC86980DBDF' => 'N',
  'UF_CRM_64FC869E70EA8' => 'N',
  'UF_CRM_1694331491' => '0|RUB',
  'UF_CRM_1694331571' => '5000000|RUB',
  'UF_CRM_65000439925C9' => NULL,
  'UF_CRM_1696457110' => '3604',
  'UF_CRM_6526A6509E0DC' => NULL,
  'UF_CRM_1697107946' => '5000000|RUB',
  'UF_CRM_1697107996' => '0|RUB',
  'UF_CRM_1697853788600' => '165051',
  'UF_CRM_1698731625472' => 16337,
  'UF_CRM_6545DCFE01CA4' => NULL,
  'UF_CRM_6545DD05C700C' => NULL,
  'UF_CRM_1699900252754' => NULL,
  'UF_CRM_1699900326048' => 1711104831.0,
  'UF_CRM_65532D05B660B' => NULL,
  'UF_CRM_655362454D77C' => NULL,
  'UF_CRM_1700138022' => '28.06.2024',
  'UF_CRM_1702534386502' => 'N',
  'UF_CRM_1702588306' => 36172,
  'UF_CRM_1702977601750' => NULL,
  'UF_CRM_1703078588' => NULL,
  'UF_CRM_1703659571229' => NULL,
  'UF_CRM_1706612347' => '+79168183222',
  'UF_CRM_1706777861' => 'N',
  'UF_CRM_1706982719' => 'Индивидуальный предприниматель Миронов Иван Алексеевич,Общество с ограниченной ответственностью "Вайлдберриз",ООО "ВАЙЛДБЕРРИЗ",ООО "РВБ"',
  'UF_CRM_1707302304' => 'Y',
  'UF_CRM_65C6057BAF241' => 'N',
  'UF_CRM_65C60D92B19B7' => 'N',
  'UF_CRM_65C61195E8DB7' => 'N',
  'UF_CRM_65CCB993C2573' => 'N',
  'UF_CRM_65D72BF9E93D7' => NULL,
  'UF_CRM_65DC313CB1773' => NULL,
  'UF_CRM_65DDDB805B504' => NULL,
  'UF_CRM_65DF019419A3C' => NULL,
  'UF_CRM_65F7F7EF6E7E9' => NULL,
  'UF_CRM_65F81729930B2' => NULL,
  'UF_CRM_1711362022506' => NULL,
  'UF_CRM_1711618126' => '206',
  'UF_CRM_1711620041' => 'Общая/Активный селлер',
  'UF_CRM_661F6476E1A93' => 'N',
  'UF_CRM_661F6483B8EEF' => 'N',
  'UF_CRM_661F6490F3174' => NULL,
  'UF_CRM_661F670FF0A79' => NULL,
  'UF_CRM_662B5EEF438BC' => NULL,
  'UF_CRM_663475C4986D4' => 'N',
  'UF_CRM_66347C5DB0C86' => NULL,
  'UF_CRM_66386DE83AC95' => NULL,
  'UF_CRM_66386F7ACABD4' => NULL,
  'UF_DOCUMENT_PACKAGE_ID' => NULL,
  'UF_CRM_66573905CAC4F' => NULL,
  'UF_CRM_66580C4AAAE6C' => NULL,
  'UF_CRM_SOPROV_KF' => NULL,
  'UF_CRM_1717494282' => NULL,
  'UF_CRM_66711BBEA50D7' => 'N',
  'UF_CRM_COMPANY_CHKLST_PERSON_AGE_LIST' => NULL,
  'UF_CRM_668CC4C1DC72A' => NULL,
  'UF_CRM_6694FDEBA27EA' => NULL,
  'UF_CRM_66953567C49F0' => NULL,
  'UF_CRM_669752D3984FD' => 'N',
  'UF_CRM_66A36C62C39EA' => NULL,
  'UF_CRM_66A36C75159B7' => 'N',
  'UF_CRM_66A36C8780ED0' => 'N',
  'UF_CRM_66A377A21199E' => 'N',
  'UF_CRM_66A377C048C61' => 'N',
  'UF_CRM_66A377E007E96' => 'N',
  'UF_CRM_66A377E432274' => 'N',
  'UF_CRM_66A37823945D8' => 'N',
  'UF_CRM_66A3786F33EE4' => NULL,
  'UF_CRM_66A37C49B71B0' => 'N',
  'UF_CRM_66A393F36B81C' => 'N',
  'UF_CRM_66A8877061073' => NULL,
  'UF_CRM_LAST_DATE_SCORING' => NULL,
  'UF_CRM_COMPANY_KNTR_CERTIFICATE' => NULL,
  'UF_CRM_COMPANY_KNTR_LICENSES' => 
  array (
    0 => 'Сведения отсутствуют',
  ),
  'UF_CRM_66BCB21017020' => NULL,
  'UF_CRM_66BE04947C89F' => NULL,
  'UF_CRM_66BE5E5EDD8A8' => NULL,
  'UF_CRM_63DC8E8012089' => NULL,
  'UF_CRM_COMPANY_CHKLST_HAS_PERSON_RUSSIAN_NATIONAL' => 'N',
  'UF_CRM_63DC8E80EAB7F' => '8',
  'UF_CRM_COMPANY_CHKLST_MAX_ACTIVE_LOAN_OVERDUE_DAYS' => NULL,
  'UF_CRM_COMPANY_CHKLST_PERSON_LOAN_DATE' => NULL,
  'UF_CRM_COMPANY_CHKLST_PERSON_ACTIVE_MICRO_LOAN_CNT' => NULL,
  'UF_CRM_COMPANY_CHKLST_PERSON_ACTIVE_FSSP_SUM' => NULL,
  'UF_CRM_COMPANY_CHKLST_CLAIMS_SUM_INC_FOR_SIX_MONTH' => NULL,
  'UF_CRM_COMPANY_CHKLST_LAST_BANKRUPTCY_DATE' => NULL,
  'UF_CRM_COMPANY_CHKLST_REFUSED_IN_STATUS_BY_DATA' => NULL,
  'UF_CRM_COMPANY_CHKLST_AUTOMATIC_APPROVE' => NULL,
  'UF_CRM_1693311690037' => NULL,
  'UF_CRM_1702272911' => NULL,
  'UF_CRM_COMPANY_CHKLST_AUTHORIZED_PERSON' => NULL,
  'UF_CRM_1702274540' => NULL,
  'UF_CRM_COMPANY_CHKLST_CREDIT_COMMITTEE' => NULL,
  'UF_CRM_1702274893' => NULL,
  'UF_CRM_COMPANY_CHKLST_ANY_LONG_OVERDUE_LOAN' => 'N',
  'UF_CRM_1702272991' => NULL,
  'UF_CRM_1702274601' => NULL,
  'UF_CRM_1702274922' => NULL,
  'UF_CRM_64AFAA0428E67' => 'N',
  'UF_CRM_64AFAA105D048' => 'N',
  'UF_CRM_64AFAA1D0C71B' => 'N',
  'UF_CRM_64AFAA2376C31' => 'N',
  'UF_CRM_64AFAA2A8534A' => 'N',
  'UF_CRM_64B140D1998BC' => 'Y',
  'UF_CRM_1702273016' => NULL,
  'UF_CRM_1702274679' => NULL,
  'UF_CRM_1702274951' => NULL,
  'UF_CRM_1702273043' => NULL,
  'UF_CRM_1702274732' => NULL,
  'UF_CRM_1702274976' => NULL,
  'UF_CRM_6433D4F3F2CA8' => 
  array (
  ),
  'UF_CRM_6433D4F7C68A9' => 'N',
  'UF_CRM_6433D50101E16' => NULL,
  'UF_CRM_6433D50520ADB' => NULL,
  'UF_CRM_6433D508F2841' => NULL,
  'UF_CRM_6433D510E1BF2' => NULL,
  'UF_CRM_6433D514BC640' => NULL,
  'UF_CRM_6433D51CA112C' => NULL,
  'UF_CRM_6433D520A8E02' => 'N',
  'UF_CRM_6433D5254091B' => NULL,
  'UF_CRM_6433D52904F0B' => NULL,
  'UF_CRM_6433D52CEDB5D' => NULL,
  'UF_CRM_6433D530C9D5F' => NULL,
  'UF_CRM_6433D534A5249' => NULL,
  'UF_CRM_6433D5388255E' => NULL,
  'UF_CRM_6433D53CA00A0' => NULL,
  'UF_CRM_6433D540C9219' => NULL,
  'UF_CRM_6433D544976E5' => 'N',
  'UF_CRM_6433D548AB2B9' => NULL,
  'UF_CRM_6433D54D26D1A' => NULL,
  'UF_CRM_6433D55116D68' => NULL,
  'UF_CRM_6433D554F00E2' => NULL,
  'UF_CRM_6433D55A380EF' => NULL,
  'UF_CRM_6433D55EDDC35' => NULL,
  'UF_CRM_6433D563076D3' => 'N',
  'UF_CRM_6433D566CFBDC' => 'N',
  'UF_CRM_6433D5769C207' => NULL,
  'UF_CRM_6433D57A918DD' => 'N',
  'UF_CRM_6433D57E709AC' => 'N',
  'UF_CRM_6433D58274BF2' => 
  array (
  ),
  'UF_CRM_6433D58675AD3' => NULL,
  'UF_CRM_6433D58B15534' => 'N',
  'UF_CRM_6433D58F2C518' => 'N',
  'UF_CRM_6433D59377C10' => 'N',
  'UF_CRM_6433D59BB50D2' => NULL,
  'UF_CRM_6433D59FA70BF' => NULL,
  'UF_CRM_6433D5A39D79A' => NULL,
  'UF_CRM_6433D5A781D22' => 'N',
  'UF_CRM_6433D5ACCA71F' => 'N',
  'UF_CRM_6433D5B0BF6F6' => NULL,
  'UF_CRM_6433D5B551BCB' => NULL,
  'UF_CRM_6433D5BAC2650' => 'N',
  'UF_CRM_6433D5BFAFC5E' => 'N',
  'UF_CRM_6433D5C4C803A' => 'N',
  'UF_CRM_6433D5C94F74C' => 'N',
  'UF_CRM_6433D5D1B9D2D' => NULL,
  'UF_CRM_6433D5DB232A6' => NULL,
  'UF_CRM_6433D5DF58403' => NULL,
  'UF_CRM_6433D5E39E9D8' => NULL,
  'UF_CRM_6433D5E808AC3' => NULL,
  'UF_CRM_6433D5EC41159' => NULL,
  'UF_CRM_6433D5F0C05ED' => NULL,
  'UF_CRM_6433D5F64C9B9' => NULL,
  'UF_CRM_6433D60C9A897' => NULL,
  'UF_CRM_6433D6110E002' => NULL,
  'UF_CRM_6433D615EF44F' => 'N',
  'UF_CRM_6433D61A4109A' => 'N',
  'UF_CRM_6433D61EA2584' => 'N',
  'UF_CRM_6433D623015A5' => NULL,
  'UF_CRM_6433D62B9C7CA' => NULL,
  'UF_CRM_6433D63E714DA' => NULL,
  'UF_CRM_6433D6471B217' => NULL,
  'UF_CRM_6433D64B3FA42' => NULL,
  'UF_CRM_6433D64FC4DAA' => NULL,
  'UF_CRM_6433D6542205C' => NULL,
  'UF_CRM_6433D6587DE14' => NULL,
  'UF_CRM_6433D65CC025A' => NULL,
  'UF_CRM_6433D66113E88' => NULL,
  'UF_CRM_6433D66527DE4' => NULL,
  'UF_CRM_6433D669AEB8B' => NULL,
  'UF_CRM_6433D66EEFA4E' => NULL,
  'UF_CRM_6433D67394C6F' => NULL,
  'UF_CRM_6433D677D1006' => NULL,
  'UF_CRM_6433D67C18B9D' => NULL,
  'UF_CRM_6433D6814E4AF' => NULL,
  'UF_CRM_6433D685EAA16' => NULL,
  'UF_CRM_6433D68A37F87' => NULL,
  'UF_CRM_6433D68F4CCCF' => NULL,
  'UF_CRM_6433D6939D3CA' => NULL,
  'UF_CRM_6433D6981BA49' => NULL,
  'UF_CRM_6433D69C97CF7' => NULL,
  'UF_CRM_6433D6A67830F' => NULL,
  'UF_CRM_6433D6B4AF630' => NULL,
  'UF_CRM_6433D6B94F47D' => NULL,
  'UF_CRM_6433D6BD9D260' => NULL,
  'UF_CRM_6433D6C200515' => NULL,
  'UF_CRM_6433D6C6B088B' => NULL,
  'UF_CRM_6433D6CBCCBFA' => NULL,
  'UF_CRM_6433D6D049D2B' => NULL,
  'UF_CRM_6433D6D4B633A' => NULL,
  'UF_CRM_6433D6D956454' => NULL,
  'UF_CRM_6433D6E37CFF0' => NULL,
  'UF_CRM_6433D6E800BAE' => NULL,
  'UF_CRM_6433D6EC5FA96' => NULL,
  'UF_CRM_6433D6F0C99BA' => NULL,
  'UF_CRM_6433D6F5AC724' => NULL,
  'UF_CRM_6433D6FA26A12' => NULL,
  'UF_CRM_6433D70CCC90D' => 'N',
  'UF_CRM_6433D7157E09F' => NULL,
  'UF_CRM_6433D71A6FF09' => NULL,
  'UF_CRM_6433D71F3E8A5' => NULL,
  'UF_CRM_6433D7392E26A' => NULL,
  'UF_CRM_6433D73F0D2DF' => NULL,
  'UF_CRM_6433D743B1904' => NULL,
  'UF_CRM_6433D7487B115' => NULL,
  'UF_CRM_6433D74CD32E5' => NULL,
  'UF_CRM_6433D75163FC4' => NULL,
  'UF_CRM_6433D755A04D7' => NULL,
  'UF_CRM_6433D75F89BF9' => NULL,
  'UF_CRM_6433D764868E0' => NULL,
  'UF_CRM_6433D7696B073' => NULL,
  'UF_CRM_6433D76E7BB56' => NULL,
  'UF_CRM_6433D7731B7A3' => '1000000|RUB',
  'UF_CRM_6433D777E2973' => 
  array (
  ),
  'UF_CRM_6433D77CBEA77' => NULL,
  'UF_CRM_6433D781210F0' => NULL,
  'UF_CRM_6433D78605E02' => NULL,
  'UF_CRM_6433D78AAB24A' => NULL,
  'UF_CRM_6433D78F9D85D' => NULL,
  'UF_CRM_6433D7947E2A2' => 'N',
  'UF_CRM_6433D798D40A4' => NULL,
  'UF_CRM_6433D79E2BF81' => 'N',
  'UF_CRM_6433D7A31BF36' => 'N',
  'UF_CRM_6433D7A79C4AD' => 'N',
  'UF_CRM_6433D7AC36DA0' => 'N',
  'UF_CRM_6433D7B0E89CA' => 'N',
  'UF_CRM_6433D7B5CA806' => 'N',
  'UF_CRM_6433D7BB32220' => NULL,
  'UF_CRM_6433D7C44A6BE' => NULL,
  'UF_CRM_6433D7C925893' => '772393038443',
  'UF_CRM_6433D7CDBE9B3' => NULL,
  'UF_CRM_6433D7D2CA9D0' => 
  array (
  ),
  'UF_CRM_6433D7D85148E' => NULL,
  'UF_CRM_6433D7EB28C4D' => NULL,
  'UF_CRM_6433D7EFA5EE5' => 'N',
  'UF_CRM_6433D7F4C24BE' => 'N',
  'UF_CRM_6433D7F94E2BF' => 'N',
  'UF_CRM_6433D7FDA3CF7' => 'N',
  'UF_CRM_6433D8027C169' => NULL,
  'UF_CRM_6433D8076B60C' => NULL,
  'UF_CRM_6433D80C6AAC2' => 
  array (
  ),
  'UF_CRM_6433D812D0410' => NULL,
  'UF_CRM_6433D8180E2AA' => NULL,
  'UF_CRM_6433D8213379F' => NULL,
  'UF_CRM_6433D825DEFE0' => NULL,
  'UF_CRM_6433D82B26028' => NULL,
  'UF_CRM_6433D8317589F' => NULL,
  'UF_CRM_6433D8365C605' => NULL,
  'UF_CRM_6433D83B28222' => NULL,
  'UF_CRM_6433D83FCD224' => NULL,
  'UF_CRM_6433D844B7B1F' => 
  array (
  ),
  'UF_CRM_6433D849CB971' => NULL,
  'UF_CRM_6433D84FB1160' => NULL,
  'UF_CRM_6433D85482CE1' => NULL,
  'UF_CRM_6433D85991988' => NULL,
  'UF_CRM_6433D85E769F2' => NULL,
  'UF_CRM_6433D8631A037' => 'N',
  'UF_CRM_6433D868172EA' => 'N',
  'UF_CRM_6433D8767751E' => NULL,
  'UF_CRM_6433D87B71D16' => NULL,
  'UF_CRM_6433D88513B06' => NULL,
  'UF_CRM_6433D889AE929' => NULL,
  'UF_CRM_6433D88E9A256' => NULL,
  'UF_CRM_6433D8937CA28' => NULL,
  'UF_CRM_6433D8987B695' => NULL,
  'UF_CRM_6433D89D85315' => NULL,
  'UF_CRM_6433D8A27269E' => NULL,
  'UF_CRM_6433D8A761A6B' => NULL,
  'UF_CRM_6433D8ACC957A' => NULL,
  'UF_CRM_6433D8B19DA6D' => NULL,
  'UF_CRM_6433D8C0A4C1A' => NULL,
  'UF_CRM_6433D8C5A9B9B' => NULL,
  'UF_CRM_6433D8CB550E6' => NULL,
  'UF_CRM_6433D8D01A638' => NULL,
  'UF_CRM_6433D8D4CBC9A' => NULL,
  'UF_CRM_6433D8D9C0945' => NULL,
  'UF_CRM_6433D8DE9D3AB' => NULL,
  'UF_CRM_6433D8E367985' => 
  array (
  ),
  'UF_CRM_6433D8E8C1152' => NULL,
  'UF_CRM_6433D8F247A4D' => NULL,
  'UF_CRM_6433D8F7302F1' => 'N',
  'UF_CRM_6433D8FC11F83' => 'N',
  'UF_CRM_6433D90101FF1' => NULL,
  'UF_CRM_6433D90631990' => 'N',
  'UF_CRM_6433D90AC33C4' => 'N',
  'UF_CRM_6433D90F71F5F' => NULL,
  'UF_CRM_6433D91464A5A' => 'N',
  'UF_CRM_6433D919209AA' => 'N',
  'UF_CRM_6433D91DC96A8' => NULL,
  'UF_CRM_6433D92778C5C' => NULL,
  'UF_CRM_6433D92C1FC55' => NULL,
  'UF_CRM_6433D93083EE6' => NULL,
  'UF_CRM_6433D9350FACA' => 'N',
  'UF_CRM_6433D93992C16' => 'N',
  'UF_CRM_6433D95C4B2CA' => NULL,
  'UF_CRM_6433D96210B1B' => NULL,
  'UF_CRM_6433D966943B7' => NULL,
  'UF_CRM_6433D97F0A3F5' => NULL,
  'UF_CRM_6433D988E2D02' => 'N',
  'UF_CRM_6433D9978DE67' => NULL,
  'UF_CRM_6433D99D4ED62' => 
  array (
  ),
  'UF_CRM_6433D9A2405D7' => NULL,
  'UF_CRM_6433D9A72985A' => 'N',
  'UF_CRM_6433D9AC79B71' => 'N',
  'UF_CRM_6433D9B1D29EE' => NULL,
  'UF_CRM_6433D9B6D6250' => NULL,
  'UF_CRM_6433D9C14D69E' => NULL,
  'UF_CRM_6433D9C61A5D8' => NULL,
  'UF_CRM_6433D9CAE827A' => NULL,
  'UF_CRM_6433D9CFAB885' => NULL,
  'UF_CRM_6433D9D5EB607' => NULL,
  'UF_CRM_6433D9DB9CB20' => NULL,
  'UF_CRM_6433D9E071032' => NULL,
  'UF_CRM_6433D9E61CF1D' => NULL,
  'UF_CRM_6433D9EAE80A2' => NULL,
  'UF_CRM_6433D9F0C964C' => NULL,
  'UF_CRM_6433DA00C9646' => NULL,
  'UF_CRM_6433DA06B96E6' => 
  array (
  ),
  'UF_CRM_6433DA0B807E3' => NULL,
  'UF_CRM_6433DA105EF8B' => NULL,
  'UF_CRM_6433DA159BDDE' => NULL,
  'UF_CRM_6433DA1A8C1ED' => NULL,
  'UF_CRM_6433DA1F45E7B' => NULL,
  'UF_CRM_6433DA23E6F92' => NULL,
  'UF_CRM_6433DA28A8213' => NULL,
  'UF_CRM_6433DA2D9188A' => NULL,
  'UF_CRM_6433DA3332A3B' => NULL,
  'UF_CRM_6433DA387087D' => NULL,
  'UF_CRM_6433DA3D867BD' => NULL,
  'UF_CRM_6433DA42DE712' => 'N',
  'UF_CRM_6433DA47B9298' => 'N',
  'UF_CRM_6433DA4CBE556' => 'N',
  'UF_CRM_6433DA5287C90' => NULL,
  'UF_CRM_6433DA5785D79' => NULL,
  'UF_CRM_6433DA5C6531D' => NULL,
  'UF_CRM_6433DA614BC63' => NULL,
  'UF_CRM_6433DA6CBE342' => NULL,
  'UF_CRM_6433DA71A6ADF' => NULL,
  'UF_CRM_6433DA7B1FB7A' => NULL,
  'UF_CRM_6433DA8544CE5' => NULL,
  'UF_CRM_6433DA8B64379' => NULL,
  'UF_CRM_6433DA9F7B164' => 'N',
  'UF_CRM_6433DAAFB06E7' => NULL,
  'UF_CRM_6433DAB5170CB' => NULL,
  'UF_CRM_6433DABADC0AD' => 
  array (
  ),
  'UF_CRM_6433DABFD57B4' => NULL,
  'UF_CRM_6433DAC565F22' => NULL,
  'UF_CRM_6433DACB7665A' => NULL,
  'UF_CRM_6433DAD10872E' => NULL,
  'UF_CRM_6433DAD606254' => NULL,
  'UF_CRM_6433DADB6BE29' => NULL,
  'UF_CRM_6433DAE0DB90E' => 'N',
  'UF_CRM_6433DAE5D294F' => NULL,
  'UF_CRM_6433DAEA9AEB4' => NULL,
  'UF_CRM_6433DAF43BFA0' => NULL,
  'UF_CRM_6433DAF90CF31' => NULL,
  'UF_CRM_6433DAFE658A0' => NULL,
  'UF_CRM_6433DB03D0B4B' => NULL,
  'UF_CRM_6433DB09A48B3' => NULL,
  'UF_CRM_6433DB0EADBA3' => NULL,
  'UF_CRM_6433DB1376625' => 'N',
  'UF_CRM_6433DB18501D2' => 'N',
  'UF_CRM_6433DB1D65F3E' => NULL,
  'UF_CRM_6433DB23AE767' => NULL,
  'UF_CRM_6433DB291422B' => NULL,
  'UF_CRM_6433DB381DAE3' => NULL,
  'UF_CRM_6433DB4C1C1D3' => NULL,
  'UF_CRM_6433DB513B488' => 
  array (
  ),
  'UF_CRM_6433DB56EE29D' => NULL,
  'UF_CRM_6433DB5C0606C' => NULL,
  'UF_CRM_6433DB61293DF' => 'N',
  'UF_CRM_6433DB667488F' => NULL,
  'UF_CRM_6433DB6BB1907' => NULL,
  'UF_CRM_6433DB70ABF48' => NULL,
  'UF_CRM_6433DB75B3CF3' => NULL,
  'UF_CRM_6433DB7B5B174' => NULL,
  'UF_CRM_6433DB804E21A' => NULL,
  'UF_CRM_6433DB8A5B216' => NULL,
  'UF_CRM_6433DB8FBE55A' => NULL,
  'UF_CRM_6433DB951130B' => NULL,
  'UF_CRM_6433DB9AA49A9' => NULL,
  'UF_CRM_6433DB9FCF9E4' => NULL,
  'UF_CRM_6433DBA519EAE' => NULL,
  'UF_CRM_6433DBAA49EB6' => NULL,
  'UF_CRM_6433DBAF367B5' => NULL,
  'UF_CRM_6433DBB42A707' => NULL,
  'UF_CRM_6433DBB98DD53' => '17611',
  'UF_CRM_6433DBBE90F98' => NULL,
  'UF_CRM_6433DBCD893E5' => NULL,
  'UF_CRM_6433DBD8A6465' => NULL,
  'UF_CRM_6433DBDD88F32' => NULL,
  'UF_CRM_6433DBE2A3E0F' => NULL,
  'UF_CRM_6433DBE7CB8D4' => NULL,
  'UF_CRM_6433DBED5A35F' => NULL,
  'UF_CRM_6433DBF277DA1' => NULL,
  'UF_CRM_6433DBF7A5906' => NULL,
  'UF_CRM_6433DBFCD0DAC' => NULL,
  'UF_CRM_6433DC01C49E0' => NULL,
  'UF_CRM_6433DC075C5C5' => NULL,
  'UF_CRM_6433DC0C620C9' => NULL,
  'UF_CRM_6433DC12355C4' => NULL,
  'UF_CRM_644253DA150F9' => NULL,
  'UF_CRM_6450B69DA5229' => NULL,
  'UF_CRM_6450B6A2B31FD' => NULL,
  'UF_CRM_6450B6A9A2DAA' => NULL,
  'UF_CRM_648307399DE36' => NULL,
  'UF_CRM_64DB52798B20D' => NULL,
  'UF_CRM_64DB528EA60C0' => NULL,
  'UF_CRM_64DB52953D51D' => NULL,
  'UF_CRM_65697A9FD755C' => NULL,
  'UF_CRM_65697AAB1C031' => NULL,
  'UF_CRM_1702273072' => NULL,
  'UF_CRM_6576A65667203' => NULL,
  'UF_CRM_65C07D53DF3FC' => NULL,
  'UF_CRM_65C07D6697009' => NULL,
  'UF_CRM_65C07D76E1FAE' => NULL,
  'UF_CRM_65C07D89BE1C2' => NULL,
  'UF_CRM_65C07DA44C596' => NULL,
  'UF_CRM_65C36CB41ED64' => NULL,
  'UF_CRM_65C36CC0819AC' => NULL,
  'UF_CRM_65C36CCC78A5D' => NULL,
  'UF_CRM_65C36CD8D34FA' => NULL,
  'UF_CRM_65C36CE48D4DC' => NULL,
  'UF_CRM_65C36CF138109' => NULL,
  'UF_CRM_65C36CFDE28CD' => NULL,
  'UF_CRM_65C36D0AA046B' => NULL,
  'UF_CRM_65C36D1778B3D' => NULL,
  'UF_CRM_65E85CE9DD498' => NULL,
  'UF_CRM_65E85CF698239' => NULL,
  'UF_CRM_65E85D0356B0C' => NULL,
  'UF_CRM_65E85D10E3929' => NULL,
  'UF_CRM_65E85D2AE9D32' => 'N',
  'UF_CRM_65E85D2D8F069' => 'N',
  'UF_CRM_65E85D530D947' => 'N',
  'UF_CRM_65E85D5F7B07F' => 'N',
  'UF_CRM_65E85D6C5B559' => 'N',
  'UF_CRM_65E85D79597B1' => 'N',
  'UF_CRM_65E85D9F2B5F3' => 'N',
  'UF_CRM_65E85DABD9DE9' => 'N',
  'UF_CRM_65E85DB91D47D' => NULL,
  'UF_CRM_65E85DC5AD086' => NULL,
  'UF_CRM_65E860588AF86' => 'N',
  'UF_CRM_65E86064DEDE9' => 'N',
  'UF_CRM_65E86071C7618' => NULL,
  'UF_CRM_65E8608C520EC' => 'N',
  'UF_CRM_65E860995BBB0' => 'N',
  'UF_CRM_65E860A6A668F' => NULL,
  'UF_CRM_65E860C07E03C' => 'N',
  'UF_CRM_65E8641A35FD2' => NULL,
  'UF_CRM_664B416EE52B8' => 'N',
  'UF_CRM_664DDE5F01D91' => 'N',
  'UF_CRM_66599AF534710' => 'N',
  'UF_CRM_6694FE04E26DF' => NULL,
  'UF_CRM_UF_SE_TASK_ID' => NULL,
  'UF_CRM_COMPANY_SYNC_SE_ID' => NULL,
  'UF_CRM_66962BE28E2C8' => NULL,
  'UF_CRM_UPDATE_INFO_LK' => 'N',
  'UF_CRM_6433D81CA7153' => NULL,
  'UF_CRM_6433D8B6D4588' => NULL,
  'UF_CRM_6433D8BB99B24' => NULL,
  'UF_CRM_ORGANIZATION' => NULL,
  'UF_CRM_6433D9F65FBDF' => NULL,
  'UF_CRM_COMPANY_SERVICE_EDO' => NULL,
  'UF_CRM_COMPANY_LINKS_TO_MARKETPLACES' => NULL,
  'UF_CRM_66962BDFCF38D' => NULL,
  'UF_CRM_6433DB2E14E18' => NULL,
  'UF_CRM_BRANCH' => NULL,
  'UF_CRM_66AB1E31D42A1' => NULL,
  'UF_CRM_66AB1E34613D2' => 'N',
  'UF_CRM_66AB1E36A70F7' => 'N',
  'UF_CRM_66AB1E38E50A7' => 'N',
  'UF_CRM_66AB1E3B2F043' => 'N',
  'UF_CRM_66AB1E3D5BE8F' => NULL,
  'UF_CRM_6433D64295EDD' => NULL,
  'UF_CRM_6433D6A10D288' => NULL,
  'UF_CRM_66AB1E3F87E06' => NULL,
  'UF_CRM_66BDA70FA34E7' => NULL,
  'UF_CRM_66AB1E41B2A03' => 'N',
  'UF_CRM_66AB1E43CF81A' => 'N',
  'UF_CRM_66AB1E45EC1FB' => NULL,
  'UF_CRM_6433D96B3E940' => NULL,
  'UF_CRM_66BDA71CA674D' => NULL,
  'UF_CRM_66AB1E480DF6F' => NULL,
  'UF_CRM_66AB1E4A55D34' => 'N',
  'UF_CRM_COMPANY_KNTR_CERTIFICATES' => NULL,
  'UF_CRM_63DC8E84F225A' => NULL,
  'UF_CRM_66BDA71779FDF' => NULL,
  'UF_CRM_66BDA70D20626' => NULL,
  'UF_CRM_66BDA71A1819E' => NULL,
  'UF_CRM_6433DB330C82B' => NULL,
  'UF_CRM_6433DB423C443' => NULL,
  'UF_CRM_6433DB4712020' => NULL,
  'UF_CRM_66AB1E4C63CAA' => 'N',
  'UF_CRM_66BDA7124A592' => NULL,
  'UF_CRM_66BDA714DDF11' => NULL,
  'UF_CRM_63DC8E84208D9' => NULL,
  'UF_CRM_1702274795' => NULL,
  'UF_CRM_1702275014' => NULL,
  'UF_STAMP' => NULL,
  'UF_CRM_63DC8E81DE8D9' => 'N',
  'UF_CRM_63DC8E832E5A2' => 'N',
  'UF_DIRECTOR_SIGN' => NULL,
  'UF_CRM_63DC8E85CFCF8' => NULL,
  'UF_ACCOUNTANT_SIGN' => NULL,
  'UF_CRM_66278F492F2AB' => NULL,
  'UF_CRM_66278F56B20AB' => NULL,
  'UF_CRM_1614957860' => 
  array (
  ),
  'UF_CRM_63DC8E86B16B4' => NULL,
  'UF_CRM_COMPANY_AMO_MTMCUBCZWNNFI' => NULL,
  'UF_CRM_COMPANY_AMO_LDBCSXXLXKSAO' => NULL,
  'UF_CRM_COMPANY_AMO_IQELLRVUCLCMX' => NULL,
  'UF_CRM_COMPANY_AMO_STOVXRACHEMXN' => NULL,
  'UF_CRM_1614958759' => NULL,
  'UF_CRM_1614975460' => NULL,
  'UF_CRM_1614960190' => NULL,
  'UF_CRM_1614960517' => 'N',
  'UF_CRM_655CAA3806A4E' => NULL,
  'UF_CRM_1614960589' => 'N',
  'UF_CRM_1614960625' => 'N',
  'UF_CRM_1614960645' => 'N',
  'UF_CRM_1664274186' => 'N',
  'UF_CRM_1664274218' => 'N',
  'UF_CRM_1615066460' => NULL,
  'UF_CRM_1615200179' => NULL,
  'UF_CRM_1615200236' => 
  array (
  ),
  'UF_CRM_1666263448' => NULL,
  'UF_CRM_1680181141' => NULL,
  'UF_CRM_63DC8E8791D13' => NULL,
  'UF_CRM_1671612944' => 
  array (
  ),
  'UF_CRM_1671612985' => 
  array (
  ),
  'UF_CRM_LIST_OF_BENEFICIARIES_SINGLE' => NULL,
  'UF_CRM_BENEFICIARIES_SINGLE' => NULL,
  'UF_CRM_COMPANY_KNTR_BANKS_SINGLE' => NULL,
  'UF_CRM_1617022509_SINGLE' => NULL,
  'UF_CRM_COMPANY_SS_ORG_SINGLE' => NULL,
  'UF_CRM_1687947495_SINGLE' => NULL,
  'UF_CRM_64DB2F96F1AE7_SINGLE' => NULL,
  'UF_CRM_64DB2F9DECE37_SINGLE' => NULL,
  'UF_CRM_64DB441DEE816_SINGLE' => NULL,
  'UF_CRM_64DB4425AB05C_SINGLE' => NULL,
  'UF_CRM_64DB442E55674_SINGLE' => NULL,
  'UF_CRM_64DB4434EF3A3_SINGLE' => NULL,
  'UF_CRM_64DB443BE1A9C_SINGLE' => NULL,
  'UF_CRM_64DB444343D37_SINGLE' => NULL,
  'UF_CRM_1693788279_SINGLE' => NULL,
  'UF_CRM_RU_DIADOK_SINGLE' => NULL,
  'UF_CRM_6526A6509E0DC_SINGLE' => NULL,
  'UF_CRM_6545DCFE01CA4_SINGLE' => NULL,
  'UF_CRM_6545DD05C700C_SINGLE' => NULL,
  'UF_CRM_65DF019419A3C_SINGLE' => NULL,
  'UF_CRM_COMPANY_KNTR_CERTIFICATE_SINGLE' => NULL,
  'UF_CRM_COMPANY_KNTR_LICENSES_SINGLE' => NULL,
  'UF_CRM_COMPANY_CHKLST_REFUSED_IN_STATUS_BY_DATA_SINGLE' => NULL,
  'UF_CRM_COMPANY_CHKLST_AUTOMATIC_APPROVE_SINGLE' => NULL,
  'UF_CRM_COMPANY_CHKLST_AUTHORIZED_PERSON_SINGLE' => NULL,
  'UF_CRM_COMPANY_CHKLST_CREDIT_COMMITTEE_SINGLE' => NULL,
  'UF_CRM_6433D4F3F2CA8_SINGLE' => NULL,
  'UF_CRM_6433D58274BF2_SINGLE' => NULL,
  'UF_CRM_6433D5FEDCCDC_SINGLE' => NULL,
  'UF_CRM_6433D6084A319_SINGLE' => NULL,
  'UF_CRM_6433D62FE7442_SINGLE' => NULL,
  'UF_CRM_6433D6355E340_SINGLE' => NULL,
  'UF_CRM_6433D63A11E51_SINGLE' => NULL,
  'UF_CRM_6433D702C5A07_SINGLE' => NULL,
  'UF_CRM_6433D70829928_SINGLE' => NULL,
  'UF_CRM_6433D7112B0A2_SINGLE' => NULL,
  'UF_CRM_6433D72469DA8_SINGLE' => NULL,
  'UF_CRM_6433D7290604B_SINGLE' => NULL,
  'UF_CRM_6433D7328E598_SINGLE' => NULL,
  'UF_CRM_6433D777E2973_SINGLE' => NULL,
  'UF_CRM_6433D7D2CA9D0_SINGLE' => NULL,
  'UF_CRM_6433D80C6AAC2_SINGLE' => NULL,
  'UF_CRM_6433D844B7B1F_SINGLE' => NULL,
  'UF_CRM_6433D86D38393_SINGLE' => NULL,
  'UF_CRM_6433D8719A73A_SINGLE' => NULL,
  'UF_CRM_6433D8E367985_SINGLE' => NULL,
  'UF_CRM_6433D8ED76753_SINGLE' => NULL,
  'UF_CRM_6433D94467769_SINGLE' => NULL,
  'UF_CRM_6433D9494F3E2_SINGLE' => NULL,
  'UF_CRM_6433D98DC980E_SINGLE' => NULL,
  'UF_CRM_6433D9928709F_SINGLE' => NULL,
  'UF_CRM_6433D99D4ED62_SINGLE' => NULL,
  'UF_CRM_6433D9FB43081_SINGLE' => NULL,
  'UF_CRM_6433DA06B96E6_SINGLE' => NULL,
  'UF_CRM_6433DABADC0AD_SINGLE' => NULL,
  'UF_CRM_6433DB513B488_SINGLE' => NULL,
  'UF_CRM_6433DBC84FB76_SINGLE' => NULL,
  'UF_CRM_64DB52953D51D_SINGLE' => NULL,
  'UF_CRM_6433D8B6D4588_SINGLE' => NULL,
  'UF_CRM_ORGANIZATION_SINGLE' => NULL,
  'UF_CRM_6433D9F65FBDF_SINGLE' => NULL,
  'UF_CRM_COMPANY_LINKS_TO_MARKETPLACES_SINGLE' => NULL,
  'UF_CRM_BRANCH_SINGLE' => NULL,
  'UF_CRM_66BDA714DDF11_SINGLE' => NULL,
  'UF_CRM_1614957860_SINGLE' => NULL,
  'UF_CRM_1615200236_SINGLE' => NULL,
  'UF_CRM_1671612944_SINGLE' => NULL,
  'UF_CRM_1671612985_SINGLE' => NULL,
  'PARENT_ID_129' => NULL,
  'PARENT_ID_132' => NULL,
  'PARENT_ID_134' => NULL,
  'PARENT_ID_139' => NULL,
  'PARENT_ID_141' => NULL,
  'PARENT_ID_147' => NULL,
  'PARENT_ID_148' => NULL,
  'PARENT_ID_149' => NULL,
  'PARENT_ID_151' => NULL,
  'PARENT_ID_153' => NULL,
  'PARENT_ID_157' => NULL,
  'PARENT_ID_172' => NULL,
  'PARENT_ID_174' => NULL,
  'PARENT_ID_175' => NULL,
  'PARENT_ID_182' => NULL,
  'PARENT_ID_184' => NULL,
  'PARENT_ID_185' => NULL,
  'PARENT_ID_190' => NULL,
  'PARENT_ID_1050' => NULL,
  'PARENT_ID_1060' => NULL,
  'Тип' => 'Компания',
  'contactPersonDetails' => 
  array (
    0 => 
    array (
      'nameText' => 'Миронова Анастасия Игоревна',
      'birthDate' => '09.02.1994',
      'phone' => '9775194426',
      'stateId' => '3',
      'commentText' => '',
    ),
  ),
  'Реквизиты' => 
  array (
    'ID' => '127229',
    'ENTITY_TYPE_ID' => '4',
    'ENTITY_ID' => '31633',
    'PRESET_ID' => '2',
    'DATE_CREATE' => '2023-07-24 14:40:25',
    'DATE_MODIFY' => '2024-08-21 11:55:41',
    'CREATED_BY_ID' => '24376',
    'MODIFY_BY_ID' => '23712',
    'NAME' => 'Миронов Иван Алексеевич',
    'CODE' => NULL,
    'XML_ID' => NULL,
    'ORIGINATOR_ID' => NULL,
    'ACTIVE' => 'Y',
    'ADDRESS_ONLY' => 'N',
    'SORT' => '500',
    'RQ_NAME' => 'Миронов Иван Алексеевич',
    'RQ_FIRST_NAME' => 'Иван',
    'RQ_LAST_NAME' => 'Миронов',
    'RQ_SECOND_NAME' => 'Алексеевич',
    'RQ_COMPANY_NAME' => '',
    'RQ_COMPANY_FULL_NAME' => '',
    'RQ_COMPANY_REG_DATE' => '13.01.2021',
    'RQ_DIRECTOR' => '',
    'RQ_ACCOUNTANT' => '',
    'RQ_CEO_NAME' => '',
    'RQ_CEO_WORK_POS' => '',
    'RQ_CONTACT' => '',
    'RQ_EMAIL' => '',
    'RQ_PHONE' => '',
    'RQ_FAX' => '',
    'RQ_IDENT_TYPE' => '',
    'RQ_IDENT_DOC' => 'Паспорт гражданина Российской Федерации',
    'RQ_IDENT_DOC_SER' => '4514',
    'RQ_IDENT_DOC_NUM' => '610505',
    'RQ_IDENT_DOC_PERS_NUM' => '',
    'RQ_IDENT_DOC_DATE' => '15.07.2014',
    'RQ_IDENT_DOC_ISSUED_BY' => 'ОТДЕЛОМ УФМС РОССИИ ПО ГОР. МОСКВЕ ПО РАЙОНУ ЛЮБЛИНО',
    'RQ_IDENT_DOC_DEP_CODE' => '770-105',
    'RQ_INN' => '772393038443',
    'RQ_KPP' => '',
    'RQ_USRLE' => '',
    'RQ_IFNS' => 'Инспекция Федеральной налоговой службы № 23 по г.Москве',
    'RQ_OGRN' => '',
    'RQ_OGRNIP' => '321774600003438',
    'RQ_OKPO' => '',
    'RQ_OKTMO' => '',
    'RQ_OKVED' => '47.91',
    'RQ_EDRPOU' => '',
    'RQ_DRFO' => '',
    'RQ_KBE' => '',
    'RQ_IIN' => '',
    'RQ_BIN' => '',
    'RQ_ST_CERT_SER' => '',
    'RQ_ST_CERT_NUM' => '',
    'RQ_ST_CERT_DATE' => '',
    'RQ_VAT_PAYER' => 'N',
    'RQ_VAT_ID' => '',
    'RQ_VAT_CERT_SER' => '',
    'RQ_VAT_CERT_NUM' => '',
    'RQ_VAT_CERT_DATE' => '',
    'RQ_RESIDENCE_COUNTRY' => '',
    'RQ_BASE_DOC' => '',
    'RQ_REGON' => '',
    'RQ_KRS' => '',
    'RQ_PESEL' => '',
    'RQ_LEGAL_FORM' => '',
    'RQ_SIRET' => '',
    'RQ_SIREN' => '',
    'RQ_CAPITAL' => '',
    'RQ_RCS' => '',
    'RQ_SIGNATURE' => '0',
    'RQ_STAMP' => '0',
    'RQ_COMPANY_ID' => '',
    'RQ_CNPJ' => '',
    'RQ_STATE_REG' => '',
    'RQ_MNPL_REG' => '',
    'RQ_CPF' => '',
    'VALUE_ID' => '127229',
    'UF_CRM_1647929611' => 'ГОР. МОСКВА',
    'UF_CRM_1647931933' => NULL,
    'UF_CRM_1647931942' => NULL,
    'UF_CRM_1647931950' => NULL,
    'UF_CRM_1647931979' => NULL,
    'UF_CRM_1647931992' => NULL,
    'UF_CRM_1647932011' => NULL,
    'UF_CRM_1651842340' => NULL,
    'UF_CRM_1684476607' => NULL,
    'UF_CRM_1684493639' => '1994-02-09 00:00:00',
    'UF_CRM_1688964741' => 'Инспекция Федеральной налоговой службы № 23 по г.Москве',
    'UF_CRM_1688965107' => ' Межрайонная инспекция Федеральной налоговой службы № 46 по г. Москве',
    'UF_CRM_1692611897' => NULL,
    'UF_CRM_1692611956' => NULL,
    'UF_CRM_1697697990' => '0',
    'UF_CRM_1697699468' => '0',
    'UF_CRM_1697782220' => '1',
    'UF_CRM_1697782233' => '0',
    'UF_CRM_DIRECT_CHECKOUT' => '0',
  ),
  'Адреса' => 
  array (
    0 => 
    array (
      'TYPE_ID' => '1',
      'ENTITY_TYPE_ID' => '8',
      'ENTITY_ID' => '127229',
      'ANCHOR_TYPE_ID' => '4',
      'ANCHOR_ID' => '31633',
      'ADDRESS_1' => 'Белореченская ул, 33 ',
      'ADDRESS_2' => '115',
      'CITY' => 'Москва г',
      'POSTAL_CODE' => '109559',
      'REGION' => NULL,
      'PROVINCE' => NULL,
      'COUNTRY' => 'Россия',
      'COUNTRY_CODE' => NULL,
      'LOC_ADDR_ID' => '291187',
      'IS_DEF' => '1',
      'ID' => '1093717',
      'STREET' => NULL,
      'BUILDING' => NULL,
      'HOUSE' => '33 ',
    ),
    1 => 
    array (
      'TYPE_ID' => '4',
      'ENTITY_TYPE_ID' => '8',
      'ENTITY_ID' => '127229',
      'ANCHOR_TYPE_ID' => '4',
      'ANCHOR_ID' => '31633',
      'ADDRESS_1' => 'Белореченская ул, 33 ',
      'ADDRESS_2' => '115',
      'CITY' => 'Москва г',
      'POSTAL_CODE' => '109559',
      'REGION' => NULL,
      'PROVINCE' => 'Москва г',
      'COUNTRY' => 'Россия',
      'COUNTRY_CODE' => NULL,
      'LOC_ADDR_ID' => '314763',
      'IS_DEF' => '1',
      'ID' => '1093718',
      'STREET' => NULL,
      'BUILDING' => NULL,
      'HOUSE' => '33 ',
    ),
  ),
  'Банк' => 
  array (
    0 => 
    array (
      'ID' => '660',
      'ENTITY_TYPE_ID' => '8',
      'ENTITY_ID' => '127229',
      'COUNTRY_ID' => '1',
      'DATE_CREATE' => '2023-10-19 21:06:20',
      'DATE_MODIFY' => '2024-08-21 11:55:46',
      'CREATED_BY_ID' => '24554',
      'MODIFY_BY_ID' => '23712',
      'NAME' => 'Расчетный счет',
      'CODE' => NULL,
      'XML_ID' => NULL,
      'ORIGINATOR_ID' => NULL,
      'ACTIVE' => 'Y',
      'SORT' => '500',
      'RQ_BANK_NAME' => 'МОСКОВСКИЙ ФИЛИАЛ АО КБ "МОДУЛЬБАНК"',
      'RQ_BANK_ADDR' => '',
      'RQ_BANK_ROUTE_NUM' => NULL,
      'RQ_BIK' => '044525092',
      'RQ_MFO' => NULL,
      'RQ_ACC_NAME' => NULL,
      'RQ_ACC_NUM' => '40802810470010456517',
      'RQ_IIK' => NULL,
      'RQ_ACC_CURRENCY' => '',
      'RQ_COR_ACC_NUM' => '30101810645250000092',
      'RQ_IBAN' => NULL,
      'RQ_SWIFT' => '',
      'RQ_BIC' => NULL,
      'RQ_CODEB' => NULL,
      'RQ_CODEG' => NULL,
      'RQ_RIB' => NULL,
      'COMMENTS' => 'МКК',
      'RQ_BANK_CODE' => NULL,
      'RQ_ACC_TYPE' => NULL,
      'RQ_AGENCY_NAME' => NULL,
    ),
    1 => 
    array (
      'ID' => '661',
      'ENTITY_TYPE_ID' => '8',
      'ENTITY_ID' => '127229',
      'COUNTRY_ID' => '1',
      'DATE_CREATE' => '2023-10-19 21:06:20',
      'DATE_MODIFY' => '2024-06-05 10:57:21',
      'CREATED_BY_ID' => '24554',
      'MODIFY_BY_ID' => '29193',
      'NAME' => 'Расчетный счет',
      'CODE' => NULL,
      'XML_ID' => NULL,
      'ORIGINATOR_ID' => NULL,
      'ACTIVE' => 'Y',
      'SORT' => '500',
      'RQ_BANK_NAME' => 'ООО "Банк Точка"',
      'RQ_BANK_ADDR' => '',
      'RQ_BANK_ROUTE_NUM' => NULL,
      'RQ_BIK' => '044525104',
      'RQ_MFO' => NULL,
      'RQ_ACC_NAME' => NULL,
      'RQ_ACC_NUM' => '40802810020000077954',
      'RQ_IIK' => NULL,
      'RQ_ACC_CURRENCY' => '',
      'RQ_COR_ACC_NUM' => '30101810745374525104',
      'RQ_IBAN' => NULL,
      'RQ_SWIFT' => '',
      'RQ_BIC' => NULL,
      'RQ_CODEB' => NULL,
      'RQ_CODEG' => NULL,
      'RQ_RIB' => NULL,
      'COMMENTS' => 'МКК',
      'RQ_BANK_CODE' => NULL,
      'RQ_ACC_TYPE' => NULL,
      'RQ_AGENCY_NAME' => NULL,
    ),
    2 => 
    array (
      'ID' => '2984',
      'ENTITY_TYPE_ID' => '8',
      'ENTITY_ID' => '127229',
      'COUNTRY_ID' => '1',
      'DATE_CREATE' => '2023-10-26 12:23:27',
      'DATE_MODIFY' => '2024-08-21 11:55:46',
      'CREATED_BY_ID' => '23498',
      'MODIFY_BY_ID' => '23712',
      'NAME' => 'Номинальный счет',
      'CODE' => NULL,
      'XML_ID' => NULL,
      'ORIGINATOR_ID' => NULL,
      'ACTIVE' => 'Y',
      'SORT' => '500',
      'RQ_BANK_NAME' => 'МОСКОВСКИЙ ФИЛИАЛ АО КБ "МОДУЛЬБАНК"',
      'RQ_BANK_ADDR' => '',
      'RQ_BANK_ROUTE_NUM' => NULL,
      'RQ_BIK' => '044525092',
      'RQ_MFO' => NULL,
      'RQ_ACC_NAME' => NULL,
      'RQ_ACC_NUM' => '40802810370013000633',
      'RQ_IIK' => NULL,
      'RQ_ACC_CURRENCY' => '',
      'RQ_COR_ACC_NUM' => '30101810645250000092',
      'RQ_IBAN' => NULL,
      'RQ_SWIFT' => '',
      'RQ_BIC' => NULL,
      'RQ_CODEB' => NULL,
      'RQ_CODEG' => NULL,
      'RQ_RIB' => NULL,
      'COMMENTS' => 'МКК',
      'RQ_BANK_CODE' => NULL,
      'RQ_ACC_TYPE' => NULL,
      'RQ_AGENCY_NAME' => NULL,
    ),
  ),
  'КонтактныеДанные' => 
  array (
    0 => 
    array (
      'ID' => '1267737',
      'ENTITY_ID' => 'COMPANY',
      'ELEMENT_ID' => '31633',
      'TYPE_ID' => 'PHONE',
      'VALUE_TYPE' => 'MOBILE',
      'COMPLEX_ID' => 'PHONE_MOBILE',
      'VALUE' => '+79168183222',
    ),
    1 => 
    array (
      'ID' => '1392132',
      'ENTITY_ID' => 'COMPANY',
      'ELEMENT_ID' => '31633',
      'TYPE_ID' => 'PHONE',
      'VALUE_TYPE' => 'WORK',
      'COMPLEX_ID' => 'PHONE_WORK',
      'VALUE' => '+79168183222',
    ),
    2 => 
    array (
      'ID' => '1405062',
      'ENTITY_ID' => 'COMPANY',
      'ELEMENT_ID' => '31633',
      'TYPE_ID' => 'PHONE',
      'VALUE_TYPE' => 'MAILING',
      'COMPLEX_ID' => 'PHONE_MAILING',
      'VALUE' => '+79168183222',
    ),
    3 => 
    array (
      'ID' => '1267738',
      'ENTITY_ID' => 'COMPANY',
      'ELEMENT_ID' => '31633',
      'TYPE_ID' => 'EMAIL',
      'VALUE_TYPE' => 'OTHER',
      'COMPLEX_ID' => 'EMAIL_OTHER',
      'VALUE' => 'miron_0108@mail.ru',
    ),
  ),
  'Представитель' => '',
  'Бенефициар1' => NULL,
  'Бенефициар2' => NULL,
  'Бенефициар3' => NULL,
  'Бенефициар4' => NULL,
  'Бенефициар5' => NULL,
  'ФилиалАвтора' => '01b47326-66fb-11ed-80e8-d6b7a50f497f',
  'Автор' => 'fde0d0b9-ae84-11ed-80f6-f9baaaa059d1',
  'clientGroup' => 'Миронов',
)
#0: KPLab\OneC\Export\Company->export
	/home/bitrix/www/local/classes/onec/export/company.php:190
#1: KPLab\OneC\Export\Company->init
	/home/bitrix/www/local/classes/onec/export/zayavka.php:55
#2: KPLab\OneC\Export\Zayavka->init
	/home/bitrix/www/bitrix/activities/bitrix/codeactivity/codeactivity.php(25) : eval()'d code:2
#3: eval
	/home/bitrix/www/bitrix/activities/bitrix/codeactivity/codeactivity.php:25
#4: CBPCodeActivity->execute
	/home/bitrix/www/bitrix/modules/bizproc/classes/general/workflow.php:531
#5: CBPWorkflow->runQueuedItem
	/home/bitrix/www/bitrix/modules/bizproc/classes/general/workflow.php:494
----------
Host: crm.sodeistvie.su:443
Date: 2024-09-26 18:28:34
Module: Представитель

#0: KPLab\OneC\Export\Company->init
	/home/bitrix/www/bitrix/activities/bitrix/codeactivity/codeactivity.php(25) : eval()'d code:2
#1: eval
	/home/bitrix/www/bitrix/activities/bitrix/codeactivity/codeactivity.php:25
#2: CBPCodeActivity->execute
	/home/bitrix/www/bitrix/modules/bizproc/classes/general/workflow.php:536
#3: CBPWorkflow->runQueuedItem
	/home/bitrix/www/bitrix/modules/bizproc/classes/general/workflow.php:499
#4: CBPWorkflow->runStep
	/home/bitrix/www/bitrix/modules/bizproc/classes/general/workflow.php:483
#5: CBPWorkflow->runQueue
	/home/bitrix/www/bitrix/modules/bizproc/classes/general/workflow.php:230
----------
Host: crm.sodeistvie.su:443
Date: 2024-09-26 18:28:34
Module: ФилиалАвтора
NULL
#0: KPLab\OneC\Export\Company->init
	/home/bitrix/www/bitrix/activities/bitrix/codeactivity/codeactivity.php(25) : eval()'d code:2
#1: eval
	/home/bitrix/www/bitrix/activities/bitrix/codeactivity/codeactivity.php:25
#2: CBPCodeActivity->execute
	/home/bitrix/www/bitrix/modules/bizproc/classes/general/workflow.php:536
#3: CBPWorkflow->runQueuedItem
	/home/bitrix/www/bitrix/modules/bizproc/classes/general/workflow.php:499
#4: CBPWorkflow->runStep
	/home/bitrix/www/bitrix/modules/bizproc/classes/general/workflow.php:483
#5: CBPWorkflow->runQueue
	/home/bitrix/www/bitrix/modules/bizproc/classes/general/workflow.php:230
----------
Host: crm.sodeistvie.su:443
Date: 2024-09-26 18:28:34
Module: Автор
NULL
#0: KPLab\OneC\Export\Company->init
	/home/bitrix/www/bitrix/activities/bitrix/codeactivity/codeactivity.php(25) : eval()'d code:2
#1: eval
	/home/bitrix/www/bitrix/activities/bitrix/codeactivity/codeactivity.php:25
#2: CBPCodeActivity->execute
	/home/bitrix/www/bitrix/modules/bizproc/classes/general/workflow.php:536
#3: CBPWorkflow->runQueuedItem
	/home/bitrix/www/bitrix/modules/bizproc/classes/general/workflow.php:499
#4: CBPWorkflow->runStep
	/home/bitrix/www/bitrix/modules/bizproc/classes/general/workflow.php:483
#5: CBPWorkflow->runQueue
	/home/bitrix/www/bitrix/modules/bizproc/classes/general/workflow.php:230
----------
Host: crm.sodeistvie.su:443
Date: 2024-09-26 18:28:34
Module: clientId
48154
#0: KPLab\OneC\Export\Company->export
	/home/bitrix/www/local/classes/onec/export/company.php:190
#1: KPLab\OneC\Export\Company->init
	/home/bitrix/www/bitrix/activities/bitrix/codeactivity/codeactivity.php(25) : eval()'d code:2
#2: eval
	/home/bitrix/www/bitrix/activities/bitrix/codeactivity/codeactivity.php:25
#3: CBPCodeActivity->execute
	/home/bitrix/www/bitrix/modules/bizproc/classes/general/workflow.php:536
#4: CBPWorkflow->runQueuedItem
	/home/bitrix/www/bitrix/modules/bizproc/classes/general/workflow.php:499
#5: CBPWorkflow->runStep
	/home/bitrix/www/bitrix/modules/bizproc/classes/general/workflow.php:483
----------
Host: crm.sodeistvie.su:443
Date: 2024-09-26 18:28:34
Module: clientOrg
5
#0: KPLab\OneC\Export\Company->export
	/home/bitrix/www/local/classes/onec/export/company.php:190
#1: KPLab\OneC\Export\Company->init
	/home/bitrix/www/bitrix/activities/bitrix/codeactivity/codeactivity.php(25) : eval()'d code:2
#2: eval
	/home/bitrix/www/bitrix/activities/bitrix/codeactivity/codeactivity.php:25
#3: CBPCodeActivity->execute
	/home/bitrix/www/bitrix/modules/bizproc/classes/general/workflow.php:536
#4: CBPWorkflow->runQueuedItem
	/home/bitrix/www/bitrix/modules/bizproc/classes/general/workflow.php:499
#5: CBPWorkflow->runStep
	/home/bitrix/www/bitrix/modules/bizproc/classes/general/workflow.php:483
----------
Host: crm.sodeistvie.su:443
Date: 2024-09-26 18:28:34
Module: clientData
array (
  'OBSERVER_IDS' => 
  array (
  ),
  'LOGO' => '',
  'UF_CRM_EXPIRED_CONSENT' => false,
  'UF_CRM_CLIENT_QUESTIONNAIRE' => 4759825,
  'UF_CRM_BITCONF_ZOOM_REGISTRATION_ANSWERS' => NULL,
  'UF_CRM_1693788279' => 
  array (
    0 => 4712599,
    1 => 4712600,
  ),
  'UF_CRM_RUROBOT_SBP_QR_FILE' => NULL,
  'UF_CRM_RUROBOT_CHEK_QR_FILE' => NULL,
  'UF_CRM_6433D5CD87C30' => NULL,
  'UF_CRM_6433D5D634AD6' => NULL,
  'UF_CRM_6433D5FA970C9' => NULL,
  'UF_CRM_6433D5FEDCCDC' => 
  array (
  ),
  'UF_CRM_6433D6036480A' => NULL,
  'UF_CRM_6433D6084A319' => 
  array (
  ),
  'UF_CRM_6433D62FE7442' => 
  array (
  ),
  'UF_CRM_6433D6355E340' => 
  array (
  ),
  'UF_CRM_6433D63A11E51' => 
  array (
  ),
  'UF_CRM_6433D6DD9702A' => NULL,
  'UF_CRM_6433D702C5A07' => 
  array (
  ),
  'UF_CRM_6433D70829928' => 
  array (
  ),
  'UF_CRM_6433D7112B0A2' => 
  array (
  ),
  'UF_CRM_6433D72469DA8' => 
  array (
  ),
  'UF_CRM_6433D7290604B' => 
  array (
  ),
  'UF_CRM_6433D7328E598' => 
  array (
  ),
  'UF_CRM_6433D7BFBF3C1' => NULL,
  'UF_CRM_6433D86D38393' => 
  array (
  ),
  'UF_CRM_6433D8719A73A' => 
  array (
  ),
  'UF_CRM_6433D88041ED1' => NULL,
  'UF_CRM_6433D8ED76753' => 
  array (
  ),
  'UF_CRM_6433D922AAFBA' => NULL,
  'UF_CRM_6433D93E62E9D' => NULL,
  'UF_CRM_6433D94467769' => 
  array (
  ),
  'UF_CRM_6433D9494F3E2' => 
  array (
  ),
  'UF_CRM_6433D98DC980E' => 
  array (
  ),
  'UF_CRM_6433D9928709F' => 
  array (
  ),
  'UF_CRM_6433D9BC65B15' => NULL,
  'UF_CRM_6433D9FB43081' => 
  array (
  ),
  'UF_CRM_6433DA7676DE8' => NULL,
  'UF_CRM_6433DA7FAA203' => NULL,
  'UF_CRM_6433DB8564D70' => NULL,
  'UF_CRM_6433DBC84FB76' => 
  array (
  ),
  'UF_CRM_64DB528100CC9' => NULL,
  'UF_CRM_64DB52A38846D' => NULL,
  'UF_CRM_UNSIGNED_CONSENT' => NULL,
  'UF_CRM_6433DAEF79717' => NULL,
  'COMMENTS' => NULL,
  'CONTACT_BINDINGS' => 
  array (
    0 => 
    array (
      'CONTACT_ID' => 240317,
      'SORT' => 10,
      'ROLE_ID' => 0,
      'IS_PRIMARY' => 'Y',
    ),
  ),
  'CONTACT_ID' => 
  array (
    0 => 240317,
  ),
  'UTM_SOURCE' => NULL,
  'UTM_MEDIUM' => NULL,
  'UTM_CAMPAIGN' => NULL,
  'UTM_CONTENT' => '7721546864',
  'UTM_TERM' => NULL,
  'ID' => 48154,
  'DATE_CREATE' => '11.09.2024 15:27:27',
  'DATE_MODIFY' => '26.09.2024 18:28:28',
  'CREATED_BY_ID' => 1,
  'MODIFY_BY_ID' => 0,
  'ASSIGNED_BY_ID' => 26294,
  'OPENED' => 'Y',
  'TITLE' => 'ИП ТРЕНИХИНА КРИСТИНА АЛЕКСАНДРОВНА',
  'ADDRESS' => NULL,
  'ADDRESS_LEGAL' => NULL,
  'BANKING_DETAILS' => NULL,
  'COMPANY_TYPE' => '5',
  'INDUSTRY' => NULL,
  'REVENUE' => 0.0,
  'CURRENCY_ID' => 'RUB',
  'EMPLOYEES' => NULL,
  'LEAD_ID' => 258022,
  'WEBFORM_ID' => 0,
  'ORIGINATOR_ID' => NULL,
  'ORIGIN_ID' => NULL,
  'ORIGIN_VERSION' => NULL,
  'HAS_PHONE' => 'Y',
  'HAS_EMAIL' => 'Y',
  'HAS_IMOL' => 'Y',
  'IS_MY_COMPANY' => 'N',
  'CATEGORY_ID' => 0,
  'LAST_ACTIVITY_BY' => 27935,
  'LAST_ACTIVITY_TIME' => '26.09.2024 14:00:10',
  'EMAIL_HOME' => NULL,
  'EMAIL_WORK' => NULL,
  'EMAIL_MAILING' => NULL,
  'PHONE_MOBILE' => NULL,
  'PHONE_WORK' => NULL,
  'PHONE_MAILING' => NULL,
  'IMOL' => NULL,
  'EMAIL' => NULL,
  'PHONE' => NULL,
  'UF_CRM_669752C2286C3' => NULL,
  'UF_CRM_1724992931' => 'Y',
  'UF_CRM_END_DATE_OF_CONSENT' => NULL,
  'UF_CRM_DATE_OF_INSPECTION_OVK' => 
  array (
    0 => '26.09.2024 - информация не выявлена',
  ),
  'UF_CRM_INFO_ABOUT_THE_DEGREE_OF_RISK_OF_THE_CLIENT' => 'Степень риска - низкая. ',
  'UF_CRM_TARIF_OF_SELLERS' => NULL,
  'UF_CRM_63DC8E17DA14A' => NULL,
  'UF_CRM_SERVICE_EDO' => NULL,
  'UF_CRM_6433D456A993F' => '258022',
  'UF_CRM_6433D45A58732' => NULL,
  'UF_CRM_6433D45E0E48D' => NULL,
  'UF_CRM_6435331D97379' => NULL,
  'UF_CRM_LIST_OF_BENEFICIARIES' => 
  array (
  ),
  'UF_CRM_BENEFICIARIES' => 
  array (
  ),
  'UF_CRM_643533226D993' => NULL,
  'UF_CRM_6435332D17E32' => NULL,
  'UF_CRM_6435333351197' => NULL,
  'UF_CRM_643533400DD7E' => NULL,
  'UF_CRM_64353346223BE' => NULL,
  'UF_CRM_643533543CB94' => '11.09.2024 00:00:00',
  'UF_CRM_6435335A78A8A' => NULL,
  'UF_CRM_64353366C4E98' => NULL,
  'UF_CRM_6435336CE33DF' => NULL,
  'UF_CRM_6436790C0A081' => '29',
  'UF_CRM_6436791297084' => 10476,
  'UF_CRM_644B8F5F389E2' => '12950000',
  'UF_CRM_64771CA96A441' => NULL,
  'UF_CRM_64771CAF31F16' => NULL,
  'UF_CRM_64806D472FDA8' => NULL,
  'UF_CRM_COMPANY_OVK_CHECKDOMAIN' => 'N',
  'UF_CRM_COMPANY_OVK_CHECK_COMPANY_INFO' => 'N',
  'UF_CRM_COMPANY_OVK_CHECK_LICENSES' => 'N',
  'UF_CRM_COMPANY_OVK_IS_IN_TERRORIST_LIST' => 'N',
  'UF_CRM_COMPANY_OVK_IS_IN_MVK_LIST' => 'N',
  'UF_CRM_COMPANY_OVK_IS_IN_OMU_LIST' => 'N',
  'UF_CRM_COMPANY_OVK_IS_IN_STRATEGIC_LIST' => 'N',
  'UF_CRM_COMPANY_OVK_IS_IN_OPK_ULS' => 'N',
  'UF_CRM_COMPANY_OVK_IS_IN_SANCTION_LIST' => 'N',
  'UF_CRM_COMPANY_OVK_IS_IN_PEP_LIST' => 'N',
  'UF_CRM_COMPANY_OVK_IS_IN_764LIST' => 'N',
  'UF_CRM_COMPANY_OVK_IS_IN_FINANCIAL_PYRAMIDE' => 'N',
  'UF_CRM_COMPANY_OVK_IS_IN_ILLEGAL_CREDITOR' => 'N',
  'UF_CRM_COMPANY_OVK_RESULT' => 'N',
  'UF_CRM_COMPANY_KNTR_ADMIN_OFFENCE_CASE_COUNT' => 0,
  'UF_CRM_COMPANY_KNTR_ARBITR_CLAIMS_LOST_CASES_SUM' => 0,
  'UF_CRM_COMPANY_KNTR_ARBIT_CLAIMS_REVIEW_CASES_SUM' => 0,
  'UF_CRM_COMPANY_KNTR_ANY_FNS_BLOCKED_ACCOUNTS' => 'N',
  'UF_CRM_COMPANY_KNTR_ANY_SENT_DOCUMENTS_TO_FNS' => 'N',
  'UF_CRM_COMPANY_KNTR_ANY_DISQUALIFIED_DIRECTORS' => 'N',
  'UF_CRM_COMPANY_KNTR_BANKS' => 
  array (
  ),
  'UF_CRM_COMPANY_KNTR_BLOCKED_ACCOUNTS' => NULL,
  'UF_CRM_COMPANY_KNTR_LESSEE_CONTRACTS' => ' | ',
  'UF_CRM_COMPANY_KNTR_CONNECTED_COMPANIES' => NULL,
  'UF_CRM_COMPANY_KNTR_CONNECTED_SITES' => NULL,
  'UF_CRM_COMPANY_KNTR_ENFORCEMENT_PROCEEDINGS_SUM' => 0,
  'UF_CRM_COMPANY_KNTR_IN_ANY_SANCTION_LISTS' => 'N',
  'UF_CRM_COMPANY_KNTR_IN_ANY_FNS_LIST' => 'N',
  'UF_CRM_COMPANY_KNTR_IN_STRATEGIC_ENTERPRISE_LIST' => 'N',
  'UF_CRM_COMPANY_KNTR_IN_JOIN_STOCK_CMPNY_LIST91P' => 'N',
  'UF_CRM_COMPANY_KNTR_IN_UNRELIABLE_SIPPLIER_LIST' => 'N',
  'UF_CRM_COMPANY_KNTR_MSP_LIST_DATE' => NULL,
  'UF_CRM_COMPANY_KNTR_TRADEMARKS' => NULL,
  'UF_CRM_COMPANY_KNTR_LAST_BANKRUPTCY_DATA' => ' | ',
  'UF_CRM_COMPANY_KNTR_IN_GOVERNMENT_DIRECTIVE_LIST' => 'N',
  'UF_CRM_COMPANY_KNTR_IN_STRATEGIC_ORG_LIST' => 'N',
  'UF_CRM_COMPANY_KNTR_WEBSITE_BLOCK_INFOS' => NULL,
  'UF_CRM_COMPANY_KNTR_IN_PRLIFRTN_RISK_DETECTIONLIST' => 'N',
  'UF_CRM_COMPANY_KNTR_IN_REFUSAL_LIST764P' => 'Y',
  'UF_CRM_COMPANY_KNTR_IN_BANK_REFUSAL_LIST764P' => 'N',
  'UF_CRM_COMPANY_KNTR_IN_SANCTIONS_LIST' => 'N',
  'UF_CRM_COMPANY_KNTR_IN_STRATEGIC_COMPANIES_LIST' => 'N',
  'UF_CRM_COMPANY_KNTR_IN_TERRORIST_LIST' => 'N',
  'UF_CRM_COMPANY_KNTR_IN_EXTREMISTS_LIST' => 'N',
  'UF_CRM_COMPANY_KNTR_IN_INTERDEP_COMMISSION_LIST' => 'N',
  'UF_CRM_COMPANY_KNTR_IN_WEAPON_MASS_DESTRUCTION_DIS' => 'N',
  'UF_CRM_COMPANY_KNTR_IN_ILLEG_LENDER_INDICATOR_LIST' => 'N',
  'UF_CRM_COMPANY_KNTR_IN_PYRAMID_SCHEME_INDICATAOR_L' => 'N',
  'UF_CRM_COMPANY_KNTR_ILLEG_SECUR_MARKET_PARTICIPANT' => 'N',
  'UF_CRM_COMPANY_CHKLST' => 19756,
  'UF_CRM_COMPANY_CHKLST_WB_INC_TO_SALE_FOR_SIX_MONTH' => 0.7,
  'UF_CRM_COMPANY_CHKLST_OZON_INC_SALE_FOR_SIX_MOUNTH' => 0.0,
  'UF_CRM_COMPANY_CHKLST_MARKETPLACE_DURATION_IN_MNTH' => 6,
  'UF_CRM_COMPANY_CHKLST_SALES_TO_COUNT_SIX_MTH_RATIO' => 1282.0,
  'UF_CRM_COMPANY_CHKLST_SALES_TO_RETURN_COUNT_SIX_MH' => 10219.0,
  'UF_CRM_COMPANY_CHKLST_STOK_SUM_LIMIT_SIX_MTH_RATIO' => 0.02,
  'UF_CRM_COMPANY_CHKLST_SMOOTHED_LIM_FOR_SIX_MONTHS' => 8350000.0,
  'UF_CRM_COMPANY_CHKLST_PDN' => 3.0,
  'UF_CRM_COMPANY_CHKLST_ANY_FNS_BLOCKED_ACCOUNTS' => 'N',
  'UF_CRM_COMPANY_CHKLST_PERSON_VALID_PASSPORT' => 'Y',
  'UF_CRM_COMPANY_CHKLST_LOCATED_IN_LISTS_NAMES' => 'Array',
  'UF_CRM_COMPANY_CHKLST_IN_UNRELIABLE_SUPPLIER_LIST' => 'N',
  'UF_CRM_COMPANY_CHKLST_ANY_DISQUALIFIED_DIRECTORS' => 'N',
  'UF_CRM_1554808760221' => NULL,
  'UF_LOGO' => NULL,
  'UF_CRM_1595595411835' => NULL,
  'UF_CRM_1596520984268' => NULL,
  'UF_CRM_1596520996191' => NULL,
  'UF_CRM_1596521014397' => NULL,
  'UF_CRM_1596521047550' => NULL,
  'UF_CRM_1596521064464' => NULL,
  'UF_CRM_1596521074308' => NULL,
  'UF_CRM_1617022509' => 
  array (
  ),
  'UF_CRM_1627544551724' => NULL,
  'UF_CRM_TB_TAGS' => NULL,
  'UF_CRM_COMPANY_SS_AGENT_DOC_NOMER_AM' => NULL,
  'UF_CRM_COMPANY_SS_AGENT_DOC_DATA_AM' => NULL,
  'UF_CRM_COMPANY_SS_FILIAL_OPEN_DATE_AM' => NULL,
  'UF_CRM_COMPANY_SS_FILIAL_CLOSE_DATE_AM' => NULL,
  'UF_CRM_COMPANY_SS_FILIAL_BOSS_AM' => NULL,
  'UF_CRM_COMPANY_SS_FILIAL_STATUS_AM' => NULL,
  'UF_CRM_1637754619884' => NULL,
  'UF_CRM_1637754682264' => NULL,
  'UF_CRM_1638788295103' => NULL,
  'UF_CRM_1638788442249' => NULL,
  'UF_CRM_1638789252369' => NULL,
  'UF_CRM_1638791492304' => NULL,
  'UF_CRM_1638791524660' => NULL,
  'UF_CRM_COMPANY_SS_SYNC_DATE' => '26.09.2024 18:28:15',
  'UF_CRM_COMPANY_SS_AM_ID' => '19a79a8b-4421-11ef-812e-80e641c65846',
  'UF_CRM_COMPANY_SS_AK_ID' => NULL,
  'UF_CRM_COMPANY_SS_AS_ID' => NULL,
  'UF_CRM_COMPANY_SS_PREDSTAVITEL_DOLGNOST' => NULL,
  'UF_CRM_COMPANY_SS_PREDSTAVITEL_DOVERENNOST' => NULL,
  'UF_CRM_COMPANY_SS_ORG' => 
  array (
    0 => '5',
  ),
  'UF_CRM_COMPANY_SS_KASSA' => 'Y',
  'UF_CRM_APP_PL_COMPANY_COUNTRY' => NULL,
  'UF_CRM_APP_PL_COMPANY_TIMEZONE' => NULL,
  'UF_CRM_APP_PL_COMPANY_REGION' => NULL,
  'UF_CRM_CUST_LTIME' => NULL,
  'UF_CRM_1675248051686' => NULL,
  'UF_CRM_1675248084077' => NULL,
  'UF_CRM_1675251420593' => NULL,
  'UF_CRM_1675251431573' => NULL,
  'UF_CRM_1675251444631' => NULL,
  'UF_CRM_63DC8E18A4E2E' => NULL,
  'UF_CRM_63DC8E195EB36' => NULL,
  'UF_CRM_63DC8E1A3346D' => NULL,
  'UF_CRM_63DC8E26747B4' => NULL,
  'UF_CRM_63DC8E274B853' => NULL,
  'UF_CRM_63DC8E280E9E5' => NULL,
  'UF_CRM_63DC8E293CC7F' => 'N',
  'UF_CRM_63DC8E2A0BF88' => 'N',
  'UF_CRM_63DC8E2ABE9D8' => NULL,
  'UF_CRM_63DC8E2B7F52E' => 'N',
  'UF_CRM_63DC8E2C3AABE' => 'N',
  'UF_CRM_63DC8E2CEC51F' => NULL,
  'UF_CRM_63DC8E2DA91B8' => 'N',
  'UF_CRM_63DC8E2E74222' => 'N',
  'UF_CRM_63DC8E2F31F5B' => NULL,
  'UF_CRM_63DC8E2FF0CC2' => 'N',
  'UF_CRM_63DC8E30B7FAE' => 'N',
  'UF_CRM_63DC8E317ED45' => NULL,
  'UF_CRM_63DC8E323FF76' => 'N',
  'UF_CRM_63DC8E3306CAB' => 'N',
  'UF_CRM_63DC8E33C393B' => NULL,
  'UF_CRM_63DC8E3495C8D' => 'N',
  'UF_CRM_63DC8E355E686' => 'N',
  'UF_CRM_63DC8E3627033' => NULL,
  'UF_CRM_63DC8E36DB39D' => 'N',
  'UF_CRM_63DC8E379C254' => 'N',
  'UF_CRM_63DC8E38681EC' => NULL,
  'UF_CRM_63DC8E392D259' => 'N',
  'UF_CRM_63DC8E39E7034' => 'N',
  'UF_CRM_63DC8E3AAC4F7' => NULL,
  'UF_CRM_63DC8E3C39A26' => 'N',
  'UF_CRM_63DC8E3D01747' => NULL,
  'UF_CRM_63DC8E3DBFA43' => 'N',
  'UF_CRM_63DC8E3E90027' => NULL,
  'UF_CRM_63DC8E4028C58' => 'N',
  'UF_CRM_63DC8E40E39C2' => NULL,
  'UF_CRM_63DC8E41ACD58' => 'N',
  'UF_CRM_63DC8E427A06D' => 'N',
  'UF_CRM_63DC8E4340A22' => NULL,
  'UF_CRM_63DC8E4411725' => 'N',
  'UF_CRM_63DC8E44D1A58' => 'N',
  'UF_CRM_63DC8E459F68A' => NULL,
  'UF_CRM_63DC8E467D45B' => 'N',
  'UF_CRM_63DC8E474FBE9' => 'N',
  'UF_CRM_63DC8E481E707' => NULL,
  'UF_CRM_63DC8E48E257E' => 'N',
  'UF_CRM_63DC8E49A6390' => 'N',
  'UF_CRM_63DC8E4A719EA' => NULL,
  'UF_CRM_63DC8E4C2FC7D' => 'N',
  'UF_CRM_63DC8E4CEBF34' => NULL,
  'UF_CRM_63DC8E4DBCDB3' => 'N',
  'UF_CRM_63DC8E4E90E8C' => NULL,
  'UF_CRM_63DC8E4F5DD80' => 'N',
  'UF_CRM_63DC8E502565C' => 'N',
  'UF_CRM_63DC8E50E5D9E' => 'N',
  'UF_CRM_63DC8E51AF554' => 'N',
  'UF_CRM_63DC8E527AD60' => NULL,
  'UF_CRM_63DC8E535208E' => NULL,
  'UF_CRM_63DC8E5423AFA' => NULL,
  'UF_CRM_63DC8E54E21A1' => 'N',
  'UF_CRM_63DC8E55B527E' => 'N',
  'UF_CRM_63DC8E5689193' => 'N',
  'UF_CRM_63DC8E5759751' => 'N',
  'UF_CRM_63DC8E590765C' => 'N',
  'UF_CRM_63DC8E59D279D' => NULL,
  'UF_CRM_63DC8E5B7F55D' => 'N',
  'UF_CRM_63DC8E5C5D659' => NULL,
  'UF_CRM_63DC8E5E1E849' => 'N',
  'UF_CRM_63DC8E5EE72DA' => NULL,
  'UF_CRM_63DC8E609239F' => 'N',
  'UF_CRM_63DC8E616A5AE' => NULL,
  'UF_CRM_63DC8E633698E' => 'N',
  'UF_CRM_63DC8E640474F' => NULL,
  'UF_CRM_63DC8E665855D' => 'N',
  'UF_CRM_63DC8E6736DC5' => NULL,
  'UF_CRM_63DC8E68EC080' => 'N',
  'UF_CRM_63DC8E6AA1430' => NULL,
  'UF_CRM_63DC8E6B76E53' => 'N',
  'UF_CRM_63DC8E6C67591' => 'N',
  'UF_CRM_63DC8E6D42820' => 'N',
  'UF_CRM_63DC8E6E1CEB4' => 'N',
  'UF_CRM_63DC8E6EEE91A' => 'N',
  'UF_CRM_63DC8E70B4611' => 'N',
  'UF_CRM_63DC8E7190963' => NULL,
  'UF_CRM_63DC8E726D449' => NULL,
  'UF_CRM_63DC8E7356A8D' => NULL,
  'UF_CRM_63DC8E743500D' => NULL,
  'UF_CRM_63DC8E751A1D3' => NULL,
  'UF_CRM_63DC8E7627B00' => NULL,
  'UF_CRM_63DC8E771A045' => NULL,
  'UF_CRM_63DC8E7809694' => NULL,
  'UF_CRM_63DC8E78E0E4D' => NULL,
  'UF_CRM_63DC8E79C71A6' => NULL,
  'UF_CRM_63DC8E7AA9B36' => NULL,
  'UF_CRM_63DC8E7B98100' => NULL,
  'UF_CRM_63DC8E7C79C19' => 54703692509.0,
  'UF_CRM_63DC8E7D5B2DA' => NULL,
  'UF_CRM_63DC8E7E4167A' => NULL,
  'UF_CRM_63DC8E7F23CE9' => NULL,
  'UF_CRM_1675446456307' => NULL,
  'UF_CRM_63DDE3A4E68D7' => NULL,
  'UF_CRM_63DDE3A5D5155' => NULL,
  'UF_CRM_1675670468066' => NULL,
  'UF_CRM_63E3241DA30EB' => NULL,
  'UF_CRM_63E3241E9AADB' => 'N',
  'UF_CRM_63E4AAB613011' => NULL,
  'UF_CRM_63E4AAB703D9F' => NULL,
  'UF_CRM_BITCONF_LINK' => NULL,
  'UF_CRM_BITCONF_ZOOM_RECORDINGS' => NULL,
  'UF_CRM_BITCONF_RECORDINGS_VIDEO_YANDEX' => NULL,
  'UF_CRM_BITCONF_RECORDINGS_AUDIO_YANDEX' => NULL,
  'UF_CRM_BITCONF_RECORDINGS_CHAT_YANDEX' => NULL,
  'UF_CRM_BITCONF_RECORDINGS_VIDEO_GOOGLE' => NULL,
  'UF_CRM_BITCONF_RECORDINGS_AUDIO_GOOGLE' => NULL,
  'UF_CRM_BITCONF_RECORDINGS_CHAT_GOOGLE' => NULL,
  'UF_CRM_BITCONF_ZOOM_REGISTRATION_ANSWERS_JSON' => NULL,
  'UF_CRM_BITCONF_MEETING_ATTENDED' => NULL,
  'UF_CRM_BITCONF_MEETING_STARTED_AT' => NULL,
  'UF_CRM_BITCONF_MEETING_ENDED_AT' => NULL,
  'UF_CRM_BITCONF_PARTICIPANT_JOINED_AT' => NULL,
  'UF_CRM_BITCONF_PARTICIPANT_LEFT_AT' => NULL,
  'UF_CRM_641045F47BAFD' => NULL,
  'UF_CRM_6433D461D16E4' => 'N',
  'UF_CRM_6433D465984C7' => 'N',
  'UF_CRM_6433D4693830C' => NULL,
  'UF_CRM_6433D4715A41B' => 'N',
  'UF_CRM_6433D47528CEC' => NULL,
  'UF_CRM_6433D47CBD827' => 'N',
  'UF_CRM_6433D4807CDE8' => NULL,
  'UF_CRM_6433D4884B09E' => 'N',
  'UF_CRM_6433D48C20F2B' => NULL,
  'UF_CRM_6433D4944FECB' => 'N',
  'UF_CRM_6433D4983ED32' => NULL,
  'UF_CRM_6433D4A01ACC8' => 'N',
  'UF_CRM_6433D4A3D37E1' => NULL,
  'UF_CRM_6433D4ABE92F3' => 'N',
  'UF_CRM_6433D4AFBF977' => NULL,
  'UF_CRM_6433D4B79F77B' => 'N',
  'UF_CRM_6433D4BB85C48' => NULL,
  'UF_CRM_6433D4C37C94A' => 'N',
  'UF_CRM_6433D4C77A09D' => NULL,
  'UF_CRM_6433D4CF8CF6E' => 'N',
  'UF_CRM_6433D4D465778' => NULL,
  'UF_CRM_6433D4DD6A784' => 'N',
  'UF_CRM_6433D4E18FD6A' => NULL,
  'UF_CRM_6433D4EB83DB1' => NULL,
  'UF_CRM_6433D4EFA24C9' => 'N',
  'UF_CRM_643EAA1DA8B9E' => 'N',
  'UF_CRM_643EAA228B2B2' => 'N',
  'UF_CRM_643EAA275FE0A' => 'N',
  'UF_CRM_643EAA2C188C0' => 'N',
  'UF_CRM_643EAA314A615' => 'N',
  'UF_CRM_643EAA37A5511' => NULL,
  'UF_CRM_64406458C6D47' => NULL,
  'UF_CRM_6442676E5B421' => NULL,
  'UF_CRM_1683968549' => 'Y',
  'UF_CRM_1684145100226' => 11075,
  'UF_CRM_1685419394' => '5000000|RUB',
  'UF_CRM_1687947495' => 
  array (
  ),
  'UF_CRM_COMPANY_AMOID' => NULL,
  'UF_CRM_64A4EBD2F2518' => NULL,
  'UF_CRM_64AD0008D2965' => 'N',
  'UF_CRM_64AD000F6A26A' => NULL,
  'UF_CRM_64AD001D86025' => 'N',
  'UF_CRM_64AD00250FFFD' => NULL,
  'UF_CRM_64AE8FC56D363' => NULL,
  'UF_CRM_64AF8DA50E037' => '11.09.2024',
  'UF_CRM_1690758867666' => NULL,
  'UF_CRM_1691009132416' => NULL,
  'UF_CRM_64CB9DDC41262' => NULL,
  'UF_CRM_64CB9DE1E3C7A' => NULL,
  'UF_CRM_64CB9DE974E5F' => NULL,
  'UF_CRM_64CB9DF06A260' => NULL,
  'UF_CRM_64CB9DF7289EE' => NULL,
  'UF_CRM_64CB9DFD55A33' => NULL,
  'UF_CRM_64CB9E03788BE' => NULL,
  'UF_CRM_64CB9E0A4860E' => NULL,
  'UF_CRM_64CB9E107B628' => NULL,
  'UF_CRM_64CB9E163F796' => NULL,
  'UF_CRM_64CB9E1C4DB78' => NULL,
  'UF_CRM_64CB9E229FA0B' => NULL,
  'UF_CRM_64CB9E293B527' => NULL,
  'UF_CRM_64CBA4252FB37' => NULL,
  'UF_CRM_64CC92553F409' => NULL,
  'UF_CRM_64CC925D91DEA' => NULL,
  'UF_CRM_64CC926670EC8' => NULL,
  'UF_CRM_64CC9270B6A35' => NULL,
  'UF_CRM_64CC927983D4C' => NULL,
  'UF_CRM_64CC928123D41' => NULL,
  'UF_CRM_64CC928CAA601' => NULL,
  'UF_CRM_64CCA29DAF094' => NULL,
  'UF_CRM_64D3B7766A327' => NULL,
  'UF_CRM_64DB2F838C6F1' => 'N',
  'UF_CRM_64DB2F8CA756C' => 'N',
  'UF_CRM_64DB2F96F1AE7' => 
  array (
  ),
  'UF_CRM_64DB2F9DECE37' => 
  array (
  ),
  'UF_CRM_64DB4411303D8' => NULL,
  'UF_CRM_64DB44175DA19' => NULL,
  'UF_CRM_64DB441DEE816' => 
  array (
  ),
  'UF_CRM_64DB4425AB05C' => 
  array (
  ),
  'UF_CRM_64DB442E55674' => 
  array (
  ),
  'UF_CRM_64DB4434EF3A3' => 
  array (
  ),
  'UF_CRM_64DB443BE1A9C' => 
  array (
  ),
  'UF_CRM_64DB444343D37' => 
  array (
  ),
  'UF_CRM_64DB444B5354D' => NULL,
  'UF_CRM_64DB4452990CE' => NULL,
  'UF_CRM_64E36750AEBF0' => NULL,
  'UF_CRM_64E4A00A7CB9E' => NULL,
  'UF_CRM_64E84230723F5' => NULL,
  'UF_CRM_1693311353902' => NULL,
  'UF_CRM_1693311600025' => NULL,
  'UF_CRM_1693311707790' => NULL,
  'UF_CRM_1693373909306' => NULL,
  'UF_CRM_1693373994027' => NULL,
  'UF_CRM_1693374038734' => NULL,
  'UF_CRM_1693374057547' => NULL,
  'UF_CRM_64F1E491F0503' => 'N',
  'UF_CRM_1693822645477' => NULL,
  'UF_CRM_1693822684054' => NULL,
  'UF_CRM_1693960373052' => NULL,
  'UF_CRM_64F83BC976C70' => 'N',
  'UF_CRM_64F83BD1CB037' => 'N',
  'UF_CRM_64F85EB57C226' => 'N',
  'UF_CRM_64F85EBC6293C' => NULL,
  'UF_CRM_64F86B718FCFD' => 'N',
  'UF_CRM_64F87C6C3D1EE' => 'N',
  'UF_CRM_64F87C75DAD9D' => 'N',
  'UF_CRM_64F87C829ADB5' => 'N',
  'UF_CRM_64F87C8D26E72' => 'N',
  'UF_CRM_64F87C94E75DB' => 'N',
  'UF_CRM_64F87CA1B6D24' => 'N',
  'UF_CRM_64F87CADDF550' => 'N',
  'UF_CRM_64F87CB6033F8' => 'N',
  'UF_CRM_RU_ANALITYCS' => NULL,
  'UF_CRM_RU_DIADOK' => 
  array (
  ),
  'UF_CRM_RUROBOT_SBP_URL' => NULL,
  'UF_CRM_RUROBOT_CHEK_URL' => NULL,
  'UF_CRM_64FC867D4DEE8' => 'N',
  'UF_CRM_64FC8684B795C' => 'N',
  'UF_CRM_64FC868B2E901' => 'N',
  'UF_CRM_64FC86916ECC7' => 'N',
  'UF_CRM_64FC86980DBDF' => 'N',
  'UF_CRM_64FC869E70EA8' => 'N',
  'UF_CRM_1694331491' => '0|RUB',
  'UF_CRM_1694331571' => '5000000|RUB',
  'UF_CRM_65000439925C9' => NULL,
  'UF_CRM_1696457110' => NULL,
  'UF_CRM_6526A6509E0DC' => 
  array (
  ),
  'UF_CRM_1697107946' => '5000000|RUB',
  'UF_CRM_1697107996' => '0|RUB',
  'UF_CRM_1697853788600' => NULL,
  'UF_CRM_6545DCFE01CA4' => 
  array (
  ),
  'UF_CRM_6545DD05C700C' => 
  array (
  ),
  'UF_CRM_1699900252754' => NULL,
  'UF_CRM_1699900326048' => NULL,
  'UF_CRM_65532D05B660B' => 1142313.0,
  'UF_CRM_655362454D77C' => NULL,
  'UF_CRM_1700138022' => '11.09.2024',
  'UF_CRM_1702534386502' => 'N',
  'UF_CRM_1702977601750' => NULL,
  'UF_CRM_1703078588' => NULL,
  'UF_CRM_1703659571229' => NULL,
  'UF_CRM_1706612347' => NULL,
  'UF_CRM_1706777861' => 'N',
  'UF_CRM_1706982719' => NULL,
  'UF_CRM_1707302304' => 'N',
  'UF_CRM_65C6057BAF241' => 'N',
  'UF_CRM_65C60D92B19B7' => 'N',
  'UF_CRM_65C61195E8DB7' => 'N',
  'UF_CRM_65CCB993C2573' => 'N',
  'UF_CRM_65D72BF9E93D7' => NULL,
  'UF_CRM_65DC313CB1773' => NULL,
  'UF_CRM_65DDDB805B504' => NULL,
  'UF_CRM_65DF019419A3C' => 
  array (
  ),
  'UF_CRM_65F7F7EF6E7E9' => NULL,
  'UF_CRM_65F81729930B2' => NULL,
  'UF_CRM_1711362022506' => NULL,
  'UF_CRM_1711618126' => NULL,
  'UF_CRM_1711620041' => NULL,
  'UF_CRM_661F6476E1A93' => 'N',
  'UF_CRM_661F6483B8EEF' => 'N',
  'UF_CRM_661F6490F3174' => '11.09.2024',
  'UF_CRM_661F670FF0A79' => NULL,
  'UF_CRM_662B5EEF438BC' => NULL,
  'UF_CRM_663475C4986D4' => 'N',
  'UF_CRM_66347C5DB0C86' => NULL,
  'UF_CRM_66386DE83AC95' => NULL,
  'UF_CRM_66386F7ACABD4' => NULL,
  'UF_DOCUMENT_PACKAGE_ID' => NULL,
  'UF_CRM_66573905CAC4F' => NULL,
  'UF_CRM_66580C4AAAE6C' => NULL,
  'UF_CRM_SOPROV_KF' => NULL,
  'UF_CRM_1717494282' => NULL,
  'UF_CRM_66711BBEA50D7' => 'N',
  'UF_CRM_COMPANY_CHKLST_PERSON_AGE_LIST' => 21,
  'UF_CRM_668CC4C1DC72A' => 19381,
  'UF_CRM_6694FDEBA27EA' => NULL,
  'UF_CRM_66953567C49F0' => NULL,
  'UF_CRM_669752D3984FD' => 'N',
  'UF_CRM_66A36C62C39EA' => NULL,
  'UF_CRM_66A36C75159B7' => 'N',
  'UF_CRM_66A36C8780ED0' => 'N',
  'UF_CRM_66A377A21199E' => 'N',
  'UF_CRM_66A377C048C61' => 'N',
  'UF_CRM_66A377E007E96' => 'N',
  'UF_CRM_66A377E432274' => 'N',
  'UF_CRM_66A37823945D8' => 'N',
  'UF_CRM_66A3786F33EE4' => NULL,
  'UF_CRM_66A37C49B71B0' => 'N',
  'UF_CRM_66A393F36B81C' => 'N',
  'UF_CRM_66A8877061073' => NULL,
  'UF_CRM_LAST_DATE_SCORING' => '26.09.2024 13:44:38',
  'UF_CRM_COMPANY_KNTR_CERTIFICATE' => 
  array (
  ),
  'UF_CRM_COMPANY_KNTR_LICENSES' => 
  array (
    0 => 'Сведения отсутствуют',
  ),
  'UF_CRM_66BCB21017020' => NULL,
  'UF_CRM_66BE04947C89F' => 24748,
  'UF_CRM_66BE5E5EDD8A8' => NULL,
  'UF_CRM_DATE_CHEK_OVK' => '26.09.2024',
  'UF_CRM_66CF165045560' => 'N',
  'UF_CRM_66CF237AB01B2' => NULL,
  'UF_CRM_COMPANY_CHKLST_AUTO_LIMIT' => 2000000.0,
  'UF_CRM_START_DATE_OF_RELATIONSHIP_WITH_CLIENT' => '26.09.2024',
  'UF_CRM_66D6B82A364E8' => 'N',
  'UF_CRM_66D6C1F20A473' => NULL,
  'UF_CRM_1725429005' => NULL,
  'UF_CRM_66DA9AF00E0CA' => NULL,
  'UF_CRM_66DAA8BDB2548' => 
  array (
  ),
  'UF_CRM_66DECB0E5723C' => NULL,
  'UF_CRM_1726058034' => NULL,
  'UF_CRM_ROLE_OF_THE_CLIENT' => NULL,
  'UF_CRM_66E94E1C2FE60' => 'N',
  'UF_CRM_66ED562B96581' => NULL,
  'UF_CRM_66F3B418F07D4' => 'N',
  'UF_CRM_66F516C066959' => NULL,
  'UF_CRM_63DC8E8012089' => NULL,
  'UF_CRM_COMPANY_CHKLST_HAS_PERSON_RUSSIAN_NATIONAL' => 'Y',
  'UF_CRM_63DC8E80EAB7F' => NULL,
  'UF_CRM_COMPANY_CHKLST_MAX_ACTIVE_LOAN_OVERDUE_DAYS' => NULL,
  'UF_CRM_COMPANY_CHKLST_PERSON_LOAN_DATE' => NULL,
  'UF_CRM_COMPANY_CHKLST_PERSON_ACTIVE_MICRO_LOAN_CNT' => 0,
  'UF_CRM_COMPANY_CHKLST_PERSON_ACTIVE_FSSP_SUM' => 0.0,
  'UF_CRM_COMPANY_CHKLST_CLAIMS_SUM_INC_FOR_SIX_MONTH' => 0.0,
  'UF_CRM_COMPANY_CHKLST_LAST_BANKRUPTCY_DATE' => NULL,
  'UF_CRM_COMPANY_CHKLST_REFUSED_IN_STATUS_BY_DATA' => 
  array (
  ),
  'UF_CRM_COMPANY_CHKLST_AUTOMATIC_APPROVE' => 
  array (
    0 => 'MarketplaceDurationInMonths',
    1 => 'PersonAgeList',
    2 => 'LocatedInListsNames',
  ),
  'UF_CRM_1693311690037' => NULL,
  'UF_CRM_1702272911' => NULL,
  'UF_CRM_COMPANY_CHKLST_AUTHORIZED_PERSON' => 
  array (
    0 => 'PersonAgeList',
  ),
  'UF_CRM_1702274540' => NULL,
  'UF_CRM_COMPANY_CHKLST_CREDIT_COMMITTEE' => 
  array (
  ),
  'UF_CRM_1702274893' => NULL,
  'UF_CRM_COMPANY_CHKLST_ANY_LONG_OVERDUE_LOAN' => 'N',
  'UF_CRM_1702272991' => NULL,
  'UF_CRM_1702274601' => NULL,
  'UF_CRM_1702274922' => NULL,
  'UF_CRM_64AFAA0428E67' => 'Y',
  'UF_CRM_64AFAA105D048' => 'N',
  'UF_CRM_64AFAA1D0C71B' => 'N',
  'UF_CRM_64AFAA2376C31' => 'N',
  'UF_CRM_64AFAA2A8534A' => 'N',
  'UF_CRM_64B140D1998BC' => 'Y',
  'UF_CRM_1702273016' => NULL,
  'UF_CRM_1702274679' => NULL,
  'UF_CRM_1702274951' => NULL,
  'UF_CRM_1702273043' => NULL,
  'UF_CRM_1702274732' => NULL,
  'UF_CRM_1702274976' => NULL,
  'UF_CRM_6433D4F3F2CA8' => 
  array (
  ),
  'UF_CRM_6433D4F7C68A9' => 'N',
  'UF_CRM_6433D50101E16' => NULL,
  'UF_CRM_6433D50520ADB' => NULL,
  'UF_CRM_6433D508F2841' => NULL,
  'UF_CRM_6433D510E1BF2' => NULL,
  'UF_CRM_6433D514BC640' => NULL,
  'UF_CRM_6433D51CA112C' => NULL,
  'UF_CRM_6433D520A8E02' => 'N',
  'UF_CRM_6433D5254091B' => NULL,
  'UF_CRM_6433D52904F0B' => NULL,
  'UF_CRM_6433D52CEDB5D' => NULL,
  'UF_CRM_6433D530C9D5F' => NULL,
  'UF_CRM_6433D534A5249' => NULL,
  'UF_CRM_6433D5388255E' => NULL,
  'UF_CRM_6433D53CA00A0' => NULL,
  'UF_CRM_6433D540C9219' => NULL,
  'UF_CRM_6433D544976E5' => 'N',
  'UF_CRM_6433D548AB2B9' => NULL,
  'UF_CRM_6433D54D26D1A' => NULL,
  'UF_CRM_6433D55116D68' => NULL,
  'UF_CRM_6433D554F00E2' => NULL,
  'UF_CRM_6433D55A380EF' => NULL,
  'UF_CRM_6433D55EDDC35' => NULL,
  'UF_CRM_6433D563076D3' => 'N',
  'UF_CRM_6433D566CFBDC' => 'N',
  'UF_CRM_6433D5769C207' => NULL,
  'UF_CRM_6433D57A918DD' => 'N',
  'UF_CRM_6433D57E709AC' => 'N',
  'UF_CRM_6433D58274BF2' => 
  array (
  ),
  'UF_CRM_6433D58675AD3' => NULL,
  'UF_CRM_6433D58B15534' => 'N',
  'UF_CRM_6433D58F2C518' => 'N',
  'UF_CRM_6433D59377C10' => 'N',
  'UF_CRM_6433D59BB50D2' => NULL,
  'UF_CRM_6433D59FA70BF' => NULL,
  'UF_CRM_6433D5A39D79A' => NULL,
  'UF_CRM_6433D5A781D22' => 'N',
  'UF_CRM_6433D5ACCA71F' => 'N',
  'UF_CRM_6433D5B0BF6F6' => NULL,
  'UF_CRM_6433D5B551BCB' => NULL,
  'UF_CRM_6433D5BAC2650' => 'N',
  'UF_CRM_6433D5BFAFC5E' => 'N',
  'UF_CRM_6433D5C4C803A' => 'N',
  'UF_CRM_6433D5C94F74C' => 'N',
  'UF_CRM_6433D5D1B9D2D' => NULL,
  'UF_CRM_6433D5DB232A6' => NULL,
  'UF_CRM_6433D5DF58403' => NULL,
  'UF_CRM_6433D5E39E9D8' => NULL,
  'UF_CRM_6433D5E808AC3' => NULL,
  'UF_CRM_6433D5EC41159' => NULL,
  'UF_CRM_6433D5F0C05ED' => NULL,
  'UF_CRM_6433D5F64C9B9' => NULL,
  'UF_CRM_6433D60C9A897' => NULL,
  'UF_CRM_6433D6110E002' => NULL,
  'UF_CRM_6433D615EF44F' => 'N',
  'UF_CRM_6433D61A4109A' => 'N',
  'UF_CRM_6433D61EA2584' => 'N',
  'UF_CRM_6433D623015A5' => NULL,
  'UF_CRM_6433D62B9C7CA' => NULL,
  'UF_CRM_6433D63E714DA' => NULL,
  'UF_CRM_6433D6471B217' => NULL,
  'UF_CRM_6433D64B3FA42' => NULL,
  'UF_CRM_6433D64FC4DAA' => NULL,
  'UF_CRM_6433D6542205C' => NULL,
  'UF_CRM_6433D6587DE14' => NULL,
  'UF_CRM_6433D65CC025A' => NULL,
  'UF_CRM_6433D66113E88' => NULL,
  'UF_CRM_6433D66527DE4' => NULL,
  'UF_CRM_6433D669AEB8B' => NULL,
  'UF_CRM_6433D66EEFA4E' => NULL,
  'UF_CRM_6433D67394C6F' => NULL,
  'UF_CRM_6433D677D1006' => NULL,
  'UF_CRM_6433D67C18B9D' => NULL,
  'UF_CRM_6433D6814E4AF' => NULL,
  'UF_CRM_6433D685EAA16' => NULL,
  'UF_CRM_6433D68A37F87' => NULL,
  'UF_CRM_6433D68F4CCCF' => NULL,
  'UF_CRM_6433D6939D3CA' => NULL,
  'UF_CRM_6433D6981BA49' => NULL,
  'UF_CRM_6433D69C97CF7' => NULL,
  'UF_CRM_6433D6A67830F' => NULL,
  'UF_CRM_6433D6B4AF630' => NULL,
  'UF_CRM_6433D6B94F47D' => NULL,
  'UF_CRM_6433D6BD9D260' => NULL,
  'UF_CRM_6433D6C200515' => NULL,
  'UF_CRM_6433D6C6B088B' => NULL,
  'UF_CRM_6433D6CBCCBFA' => NULL,
  'UF_CRM_6433D6D049D2B' => NULL,
  'UF_CRM_6433D6D4B633A' => NULL,
  'UF_CRM_6433D6D956454' => NULL,
  'UF_CRM_6433D6E37CFF0' => NULL,
  'UF_CRM_6433D6E800BAE' => NULL,
  'UF_CRM_6433D6EC5FA96' => NULL,
  'UF_CRM_6433D6F0C99BA' => NULL,
  'UF_CRM_6433D6F5AC724' => NULL,
  'UF_CRM_6433D6FA26A12' => NULL,
  'UF_CRM_6433D70CCC90D' => 'N',
  'UF_CRM_6433D7157E09F' => NULL,
  'UF_CRM_6433D71A6FF09' => NULL,
  'UF_CRM_6433D71F3E8A5' => NULL,
  'UF_CRM_6433D7392E26A' => NULL,
  'UF_CRM_6433D73F0D2DF' => NULL,
  'UF_CRM_6433D743B1904' => NULL,
  'UF_CRM_6433D7487B115' => NULL,
  'UF_CRM_6433D74CD32E5' => NULL,
  'UF_CRM_6433D75163FC4' => NULL,
  'UF_CRM_6433D755A04D7' => NULL,
  'UF_CRM_6433D75F89BF9' => NULL,
  'UF_CRM_6433D764868E0' => NULL,
  'UF_CRM_6433D7696B073' => NULL,
  'UF_CRM_6433D76E7BB56' => NULL,
  'UF_CRM_6433D7731B7A3' => NULL,
  'UF_CRM_6433D777E2973' => 
  array (
  ),
  'UF_CRM_6433D77CBEA77' => NULL,
  'UF_CRM_6433D781210F0' => NULL,
  'UF_CRM_6433D78605E02' => NULL,
  'UF_CRM_6433D78AAB24A' => NULL,
  'UF_CRM_6433D78F9D85D' => NULL,
  'UF_CRM_6433D7947E2A2' => 'N',
  'UF_CRM_6433D798D40A4' => NULL,
  'UF_CRM_6433D79E2BF81' => 'N',
  'UF_CRM_6433D7A31BF36' => 'N',
  'UF_CRM_6433D7A79C4AD' => 'N',
  'UF_CRM_6433D7AC36DA0' => 'N',
  'UF_CRM_6433D7B0E89CA' => 'N',
  'UF_CRM_6433D7B5CA806' => 'N',
  'UF_CRM_6433D7BB32220' => NULL,
  'UF_CRM_6433D7C44A6BE' => NULL,
  'UF_CRM_6433D7C925893' => '054703692509',
  'UF_CRM_6433D7CDBE9B3' => NULL,
  'UF_CRM_6433D7D2CA9D0' => 
  array (
  ),
  'UF_CRM_6433D7D85148E' => NULL,
  'UF_CRM_6433D7EB28C4D' => NULL,
  'UF_CRM_6433D7EFA5EE5' => 'N',
  'UF_CRM_6433D7F4C24BE' => 'N',
  'UF_CRM_6433D7F94E2BF' => 'N',
  'UF_CRM_6433D7FDA3CF7' => 'N',
  'UF_CRM_6433D8027C169' => NULL,
  'UF_CRM_6433D8076B60C' => NULL,
  'UF_CRM_6433D80C6AAC2' => 
  array (
  ),
  'UF_CRM_6433D812D0410' => NULL,
  'UF_CRM_6433D8180E2AA' => NULL,
  'UF_CRM_6433D8213379F' => NULL,
  'UF_CRM_6433D825DEFE0' => NULL,
  'UF_CRM_6433D82B26028' => NULL,
  'UF_CRM_6433D8317589F' => NULL,
  'UF_CRM_6433D8365C605' => NULL,
  'UF_CRM_6433D83B28222' => NULL,
  'UF_CRM_6433D83FCD224' => NULL,
  'UF_CRM_6433D844B7B1F' => 
  array (
  ),
  'UF_CRM_6433D849CB971' => NULL,
  'UF_CRM_6433D84FB1160' => NULL,
  'UF_CRM_6433D85482CE1' => NULL,
  'UF_CRM_6433D85991988' => NULL,
  'UF_CRM_6433D85E769F2' => NULL,
  'UF_CRM_6433D8631A037' => 'N',
  'UF_CRM_6433D868172EA' => 'N',
  'UF_CRM_6433D8767751E' => NULL,
  'UF_CRM_6433D87B71D16' => NULL,
  'UF_CRM_6433D88513B06' => NULL,
  'UF_CRM_6433D889AE929' => NULL,
  'UF_CRM_6433D88E9A256' => NULL,
  'UF_CRM_6433D8937CA28' => NULL,
  'UF_CRM_6433D8987B695' => NULL,
  'UF_CRM_6433D89D85315' => NULL,
  'UF_CRM_6433D8A27269E' => NULL,
  'UF_CRM_6433D8A761A6B' => NULL,
  'UF_CRM_6433D8ACC957A' => NULL,
  'UF_CRM_6433D8B19DA6D' => NULL,
  'UF_CRM_6433D8C0A4C1A' => NULL,
  'UF_CRM_6433D8C5A9B9B' => NULL,
  'UF_CRM_6433D8CB550E6' => NULL,
  'UF_CRM_6433D8D01A638' => NULL,
  'UF_CRM_6433D8D4CBC9A' => NULL,
  'UF_CRM_6433D8D9C0945' => NULL,
  'UF_CRM_6433D8DE9D3AB' => NULL,
  'UF_CRM_6433D8E367985' => 
  array (
  ),
  'UF_CRM_6433D8E8C1152' => NULL,
  'UF_CRM_6433D8F247A4D' => NULL,
  'UF_CRM_6433D8F7302F1' => 'N',
  'UF_CRM_6433D8FC11F83' => 'N',
  'UF_CRM_6433D90101FF1' => NULL,
  'UF_CRM_6433D90631990' => 'N',
  'UF_CRM_6433D90AC33C4' => 'N',
  'UF_CRM_6433D90F71F5F' => NULL,
  'UF_CRM_6433D91464A5A' => 'N',
  'UF_CRM_6433D919209AA' => 'N',
  'UF_CRM_6433D91DC96A8' => NULL,
  'UF_CRM_6433D92778C5C' => NULL,
  'UF_CRM_6433D92C1FC55' => NULL,
  'UF_CRM_6433D93083EE6' => NULL,
  'UF_CRM_6433D9350FACA' => 'N',
  'UF_CRM_6433D93992C16' => 'N',
  'UF_CRM_6433D95C4B2CA' => NULL,
  'UF_CRM_6433D96210B1B' => NULL,
  'UF_CRM_6433D966943B7' => NULL,
  'UF_CRM_6433D97F0A3F5' => NULL,
  'UF_CRM_6433D988E2D02' => 'N',
  'UF_CRM_6433D9978DE67' => NULL,
  'UF_CRM_6433D99D4ED62' => 
  array (
  ),
  'UF_CRM_6433D9A2405D7' => NULL,
  'UF_CRM_6433D9A72985A' => 'N',
  'UF_CRM_6433D9AC79B71' => 'N',
  'UF_CRM_6433D9B1D29EE' => NULL,
  'UF_CRM_6433D9B6D6250' => NULL,
  'UF_CRM_6433D9C14D69E' => NULL,
  'UF_CRM_6433D9C61A5D8' => NULL,
  'UF_CRM_6433D9CAE827A' => NULL,
  'UF_CRM_6433D9CFAB885' => NULL,
  'UF_CRM_6433D9D5EB607' => NULL,
  'UF_CRM_6433D9DB9CB20' => NULL,
  'UF_CRM_6433D9E071032' => NULL,
  'UF_CRM_6433D9E61CF1D' => NULL,
  'UF_CRM_6433D9EAE80A2' => NULL,
  'UF_CRM_6433D9F0C964C' => NULL,
  'UF_CRM_6433DA00C9646' => NULL,
  'UF_CRM_6433DA06B96E6' => 
  array (
  ),
  'UF_CRM_6433DA0B807E3' => NULL,
  'UF_CRM_6433DA105EF8B' => NULL,
  'UF_CRM_6433DA159BDDE' => NULL,
  'UF_CRM_6433DA1A8C1ED' => NULL,
  'UF_CRM_6433DA1F45E7B' => NULL,
  'UF_CRM_6433DA23E6F92' => NULL,
  'UF_CRM_6433DA28A8213' => NULL,
  'UF_CRM_6433DA2D9188A' => NULL,
  'UF_CRM_6433DA3332A3B' => NULL,
  'UF_CRM_6433DA387087D' => NULL,
  'UF_CRM_6433DA3D867BD' => NULL,
  'UF_CRM_6433DA42DE712' => 'N',
  'UF_CRM_6433DA47B9298' => 'N',
  'UF_CRM_6433DA4CBE556' => 'N',
  'UF_CRM_6433DA5287C90' => NULL,
  'UF_CRM_6433DA5785D79' => NULL,
  'UF_CRM_6433DA5C6531D' => NULL,
  'UF_CRM_6433DA614BC63' => NULL,
  'UF_CRM_6433DA6CBE342' => NULL,
  'UF_CRM_6433DA71A6ADF' => NULL,
  'UF_CRM_6433DA7B1FB7A' => NULL,
  'UF_CRM_6433DA8544CE5' => NULL,
  'UF_CRM_6433DA8B64379' => NULL,
  'UF_CRM_6433DA9F7B164' => 'N',
  'UF_CRM_6433DAAFB06E7' => NULL,
  'UF_CRM_6433DAB5170CB' => NULL,
  'UF_CRM_6433DABADC0AD' => 
  array (
  ),
  'UF_CRM_6433DABFD57B4' => NULL,
  'UF_CRM_6433DAC565F22' => NULL,
  'UF_CRM_6433DACB7665A' => NULL,
  'UF_CRM_6433DAD10872E' => NULL,
  'UF_CRM_6433DAD606254' => NULL,
  'UF_CRM_6433DADB6BE29' => NULL,
  'UF_CRM_6433DAE0DB90E' => 'N',
  'UF_CRM_6433DAE5D294F' => NULL,
  'UF_CRM_6433DAEA9AEB4' => NULL,
  'UF_CRM_6433DAF43BFA0' => NULL,
  'UF_CRM_6433DAF90CF31' => NULL,
  'UF_CRM_6433DAFE658A0' => NULL,
  'UF_CRM_6433DB03D0B4B' => NULL,
  'UF_CRM_6433DB09A48B3' => NULL,
  'UF_CRM_6433DB0EADBA3' => NULL,
  'UF_CRM_6433DB1376625' => 'N',
  'UF_CRM_6433DB18501D2' => 'N',
  'UF_CRM_6433DB1D65F3E' => NULL,
  'UF_CRM_6433DB23AE767' => NULL,
  'UF_CRM_6433DB291422B' => NULL,
  'UF_CRM_6433DB381DAE3' => NULL,
  'UF_CRM_6433DB4C1C1D3' => NULL,
  'UF_CRM_6433DB513B488' => 
  array (
  ),
  'UF_CRM_6433DB56EE29D' => NULL,
  'UF_CRM_6433DB5C0606C' => NULL,
  'UF_CRM_6433DB61293DF' => 'N',
  'UF_CRM_6433DB667488F' => NULL,
  'UF_CRM_6433DB6BB1907' => NULL,
  'UF_CRM_6433DB70ABF48' => NULL,
  'UF_CRM_6433DB75B3CF3' => NULL,
  'UF_CRM_6433DB7B5B174' => NULL,
  'UF_CRM_6433DB804E21A' => NULL,
  'UF_CRM_6433DB8A5B216' => NULL,
  'UF_CRM_6433DB8FBE55A' => NULL,
  'UF_CRM_6433DB951130B' => NULL,
  'UF_CRM_6433DB9AA49A9' => NULL,
  'UF_CRM_6433DB9FCF9E4' => NULL,
  'UF_CRM_6433DBA519EAE' => NULL,
  'UF_CRM_6433DBAA49EB6' => NULL,
  'UF_CRM_6433DBAF367B5' => NULL,
  'UF_CRM_6433DBB42A707' => NULL,
  'UF_CRM_6433DBB98DD53' => '17611',
  'UF_CRM_6433DBBE90F98' => NULL,
  'UF_CRM_6433DBCD893E5' => NULL,
  'UF_CRM_6433DBD8A6465' => NULL,
  'UF_CRM_6433DBDD88F32' => NULL,
  'UF_CRM_6433DBE2A3E0F' => NULL,
  'UF_CRM_6433DBE7CB8D4' => NULL,
  'UF_CRM_6433DBED5A35F' => NULL,
  'UF_CRM_6433DBF277DA1' => NULL,
  'UF_CRM_6433DBF7A5906' => NULL,
  'UF_CRM_6433DBFCD0DAC' => NULL,
  'UF_CRM_6433DC01C49E0' => NULL,
  'UF_CRM_6433DC075C5C5' => NULL,
  'UF_CRM_6433DC0C620C9' => NULL,
  'UF_CRM_6433DC12355C4' => NULL,
  'UF_CRM_644253DA150F9' => NULL,
  'UF_CRM_6450B69DA5229' => NULL,
  'UF_CRM_6450B6A2B31FD' => NULL,
  'UF_CRM_6450B6A9A2DAA' => NULL,
  'UF_CRM_648307399DE36' => NULL,
  'UF_CRM_64DB52798B20D' => NULL,
  'UF_CRM_64DB528EA60C0' => NULL,
  'UF_CRM_64DB52953D51D' => 
  array (
  ),
  'UF_CRM_65697A9FD755C' => NULL,
  'UF_CRM_65697AAB1C031' => NULL,
  'UF_CRM_1702273072' => NULL,
  'UF_CRM_6576A65667203' => NULL,
  'UF_CRM_65C07D53DF3FC' => NULL,
  'UF_CRM_65C07D6697009' => NULL,
  'UF_CRM_65C07D76E1FAE' => NULL,
  'UF_CRM_65C07D89BE1C2' => NULL,
  'UF_CRM_65C07DA44C596' => NULL,
  'UF_CRM_65C36CB41ED64' => NULL,
  'UF_CRM_65C36CC0819AC' => NULL,
  'UF_CRM_65C36CCC78A5D' => NULL,
  'UF_CRM_65C36CD8D34FA' => NULL,
  'UF_CRM_65C36CE48D4DC' => NULL,
  'UF_CRM_65C36CF138109' => NULL,
  'UF_CRM_65C36CFDE28CD' => NULL,
  'UF_CRM_65C36D0AA046B' => NULL,
  'UF_CRM_65C36D1778B3D' => NULL,
  'UF_CRM_65E85CE9DD498' => NULL,
  'UF_CRM_65E85CF698239' => NULL,
  'UF_CRM_65E85D0356B0C' => NULL,
  'UF_CRM_65E85D10E3929' => NULL,
  'UF_CRM_65E85D2AE9D32' => 'N',
  'UF_CRM_65E85D2D8F069' => 'N',
  'UF_CRM_65E85D530D947' => 'N',
  'UF_CRM_65E85D5F7B07F' => 'N',
  'UF_CRM_65E85D6C5B559' => 'N',
  'UF_CRM_65E85D79597B1' => 'N',
  'UF_CRM_65E85D9F2B5F3' => 'N',
  'UF_CRM_65E85DABD9DE9' => 'N',
  'UF_CRM_65E85DB91D47D' => NULL,
  'UF_CRM_65E85DC5AD086' => NULL,
  'UF_CRM_65E860588AF86' => 'N',
  'UF_CRM_65E86064DEDE9' => 'N',
  'UF_CRM_65E86071C7618' => NULL,
  'UF_CRM_65E8608C520EC' => 'N',
  'UF_CRM_65E860995BBB0' => 'N',
  'UF_CRM_65E860A6A668F' => NULL,
  'UF_CRM_65E860C07E03C' => 'N',
  'UF_CRM_65E8641A35FD2' => NULL,
  'UF_CRM_664B416EE52B8' => 'N',
  'UF_CRM_664DDE5F01D91' => 'N',
  'UF_CRM_66599AF534710' => 'N',
  'UF_CRM_6694FE04E26DF' => NULL,
  'UF_CRM_UF_SE_TASK_ID' => 'c0b1eb70-b47d-4458-8edd-c93fb346f771',
  'UF_CRM_COMPANY_SYNC_SE_ID' => NULL,
  'UF_CRM_66962BE28E2C8' => NULL,
  'UF_CRM_UPDATE_INFO_LK' => 'N',
  'UF_CRM_6433D81CA7153' => NULL,
  'UF_CRM_6433D8B6D4588' => 
  array (
  ),
  'UF_CRM_6433D8BB99B24' => NULL,
  'UF_CRM_ORGANIZATION' => 
  array (
  ),
  'UF_CRM_6433D9F65FBDF' => 
  array (
  ),
  'UF_CRM_COMPANY_SERVICE_EDO' => NULL,
  'UF_CRM_COMPANY_LINKS_TO_MARKETPLACES' => 
  array (
  ),
  'UF_CRM_66962BDFCF38D' => NULL,
  'UF_CRM_6433DB2E14E18' => NULL,
  'UF_CRM_BRANCH' => 
  array (
  ),
  'UF_CRM_66AB1E31D42A1' => NULL,
  'UF_CRM_66AB1E34613D2' => 'N',
  'UF_CRM_66AB1E36A70F7' => 'N',
  'UF_CRM_66AB1E38E50A7' => 'N',
  'UF_CRM_66AB1E3B2F043' => 'N',
  'UF_CRM_66AB1E3D5BE8F' => NULL,
  'UF_CRM_6433D64295EDD' => NULL,
  'UF_CRM_6433D6A10D288' => NULL,
  'UF_CRM_66AB1E3F87E06' => NULL,
  'UF_CRM_66BDA70FA34E7' => NULL,
  'UF_CRM_66AB1E41B2A03' => 'N',
  'UF_CRM_66AB1E43CF81A' => 'N',
  'UF_CRM_66AB1E45EC1FB' => NULL,
  'UF_CRM_6433D96B3E940' => NULL,
  'UF_CRM_66BDA71CA674D' => NULL,
  'UF_CRM_66AB1E480DF6F' => NULL,
  'UF_CRM_66AB1E4A55D34' => 'N',
  'UF_CRM_COMPANY_KNTR_CERTIFICATES' => NULL,
  'UF_CRM_63DC8E84F225A' => NULL,
  'UF_CRM_66BDA71779FDF' => NULL,
  'UF_CRM_66BDA70D20626' => NULL,
  'UF_CRM_66BDA71A1819E' => NULL,
  'UF_CRM_6433DB330C82B' => NULL,
  'UF_CRM_6433DB423C443' => NULL,
  'UF_CRM_6433DB4712020' => NULL,
  'UF_CRM_66AB1E4C63CAA' => 'N',
  'UF_CRM_66BDA7124A592' => NULL,
  'UF_CRM_66BDA714DDF11' => 
  array (
  ),
  'UF_CRM_63DC8E84208D9' => NULL,
  'UF_CRM_66DEDFDA6A80B' => NULL,
  'UF_CRM_1702274795' => NULL,
  'UF_CRM_1702275014' => NULL,
  'UF_STAMP' => NULL,
  'UF_CRM_63DC8E81DE8D9' => 'N',
  'UF_CRM_63DC8E832E5A2' => 'N',
  'UF_DIRECTOR_SIGN' => NULL,
  'UF_CRM_63DC8E85CFCF8' => NULL,
  'UF_ACCOUNTANT_SIGN' => NULL,
  'UF_CRM_66278F492F2AB' => NULL,
  'UF_CRM_66278F56B20AB' => NULL,
  'UF_CRM_1614957860' => 
  array (
  ),
  'UF_CRM_63DC8E86B16B4' => NULL,
  'UF_CRM_COMPANY_AMO_MTMCUBCZWNNFI' => NULL,
  'UF_CRM_COMPANY_AMO_LDBCSXXLXKSAO' => NULL,
  'UF_CRM_COMPANY_AMO_IQELLRVUCLCMX' => NULL,
  'UF_CRM_COMPANY_AMO_STOVXRACHEMXN' => NULL,
  'UF_CRM_1614958759' => NULL,
  'UF_CRM_1614975460' => NULL,
  'UF_CRM_1614960190' => NULL,
  'UF_CRM_1614960517' => 'N',
  'UF_CRM_655CAA3806A4E' => NULL,
  'UF_CRM_1614960589' => 'N',
  'UF_CRM_1614960625' => 'N',
  'UF_CRM_1614960645' => 'N',
  'UF_CRM_1664274186' => 'N',
  'UF_CRM_1664274218' => 'N',
  'UF_CRM_1615066460' => NULL,
  'UF_CRM_1615200179' => NULL,
  'UF_CRM_1615200236' => 
  array (
  ),
  'UF_CRM_1666263448' => NULL,
  'UF_CRM_1680181141' => NULL,
  'UF_CRM_63DC8E8791D13' => NULL,
  'UF_CRM_1671612944' => 
  array (
  ),
  'UF_CRM_1671612985' => 
  array (
  ),
  'UF_CRM_DATE_OF_INSPECTION_OVK_SINGLE' => NULL,
  'UF_CRM_EXPIRED_CONSENT_SINGLE' => NULL,
  'UF_CRM_LIST_OF_BENEFICIARIES_SINGLE' => NULL,
  'UF_CRM_BENEFICIARIES_SINGLE' => NULL,
  'UF_CRM_COMPANY_KNTR_BANKS_SINGLE' => NULL,
  'UF_CRM_1617022509_SINGLE' => NULL,
  'UF_CRM_COMPANY_SS_ORG_SINGLE' => NULL,
  'UF_CRM_1687947495_SINGLE' => NULL,
  'UF_CRM_64DB2F96F1AE7_SINGLE' => NULL,
  'UF_CRM_64DB2F9DECE37_SINGLE' => NULL,
  'UF_CRM_64DB441DEE816_SINGLE' => NULL,
  'UF_CRM_64DB4425AB05C_SINGLE' => NULL,
  'UF_CRM_64DB442E55674_SINGLE' => NULL,
  'UF_CRM_64DB4434EF3A3_SINGLE' => NULL,
  'UF_CRM_64DB443BE1A9C_SINGLE' => NULL,
  'UF_CRM_64DB444343D37_SINGLE' => NULL,
  'UF_CRM_1693788279_SINGLE' => NULL,
  'UF_CRM_RU_DIADOK_SINGLE' => NULL,
  'UF_CRM_6526A6509E0DC_SINGLE' => NULL,
  'UF_CRM_6545DCFE01CA4_SINGLE' => NULL,
  'UF_CRM_6545DD05C700C_SINGLE' => NULL,
  'UF_CRM_65DF019419A3C_SINGLE' => NULL,
  'UF_CRM_COMPANY_KNTR_CERTIFICATE_SINGLE' => NULL,
  'UF_CRM_COMPANY_KNTR_LICENSES_SINGLE' => NULL,
  'UF_CRM_66DAA8BDB2548_SINGLE' => NULL,
  'UF_CRM_ROLE_OF_THE_CLIENT_SINGLE' => NULL,
  'UF_CRM_COMPANY_CHKLST_REFUSED_IN_STATUS_BY_DATA_SINGLE' => NULL,
  'UF_CRM_COMPANY_CHKLST_AUTOMATIC_APPROVE_SINGLE' => NULL,
  'UF_CRM_COMPANY_CHKLST_AUTHORIZED_PERSON_SINGLE' => NULL,
  'UF_CRM_COMPANY_CHKLST_CREDIT_COMMITTEE_SINGLE' => NULL,
  'UF_CRM_6433D4F3F2CA8_SINGLE' => NULL,
  'UF_CRM_6433D58274BF2_SINGLE' => NULL,
  'UF_CRM_6433D5FEDCCDC_SINGLE' => NULL,
  'UF_CRM_6433D6084A319_SINGLE' => NULL,
  'UF_CRM_6433D62FE7442_SINGLE' => NULL,
  'UF_CRM_6433D6355E340_SINGLE' => NULL,
  'UF_CRM_6433D63A11E51_SINGLE' => NULL,
  'UF_CRM_6433D702C5A07_SINGLE' => NULL,
  'UF_CRM_6433D70829928_SINGLE' => NULL,
  'UF_CRM_6433D7112B0A2_SINGLE' => NULL,
  'UF_CRM_6433D72469DA8_SINGLE' => NULL,
  'UF_CRM_6433D7290604B_SINGLE' => NULL,
  'UF_CRM_6433D7328E598_SINGLE' => NULL,
  'UF_CRM_6433D777E2973_SINGLE' => NULL,
  'UF_CRM_6433D7D2CA9D0_SINGLE' => NULL,
  'UF_CRM_6433D80C6AAC2_SINGLE' => NULL,
  'UF_CRM_6433D844B7B1F_SINGLE' => NULL,
  'UF_CRM_6433D86D38393_SINGLE' => NULL,
  'UF_CRM_6433D8719A73A_SINGLE' => NULL,
  'UF_CRM_6433D8E367985_SINGLE' => NULL,
  'UF_CRM_6433D8ED76753_SINGLE' => NULL,
  'UF_CRM_6433D94467769_SINGLE' => NULL,
  'UF_CRM_6433D9494F3E2_SINGLE' => NULL,
  'UF_CRM_6433D98DC980E_SINGLE' => NULL,
  'UF_CRM_6433D9928709F_SINGLE' => NULL,
  'UF_CRM_6433D99D4ED62_SINGLE' => NULL,
  'UF_CRM_6433D9FB43081_SINGLE' => NULL,
  'UF_CRM_6433DA06B96E6_SINGLE' => NULL,
  'UF_CRM_6433DABADC0AD_SINGLE' => NULL,
  'UF_CRM_6433DB513B488_SINGLE' => NULL,
  'UF_CRM_6433DBC84FB76_SINGLE' => NULL,
  'UF_CRM_64DB52953D51D_SINGLE' => NULL,
  'UF_CRM_6433D8B6D4588_SINGLE' => NULL,
  'UF_CRM_ORGANIZATION_SINGLE' => NULL,
  'UF_CRM_6433D9F65FBDF_SINGLE' => NULL,
  'UF_CRM_COMPANY_LINKS_TO_MARKETPLACES_SINGLE' => NULL,
  'UF_CRM_BRANCH_SINGLE' => NULL,
  'UF_CRM_66BDA714DDF11_SINGLE' => NULL,
  'UF_CRM_1614957860_SINGLE' => NULL,
  'UF_CRM_1615200236_SINGLE' => NULL,
  'UF_CRM_1671612944_SINGLE' => NULL,
  'UF_CRM_1671612985_SINGLE' => NULL,
  'PARENT_ID_129' => NULL,
  'PARENT_ID_132' => NULL,
  'PARENT_ID_134' => NULL,
  'PARENT_ID_139' => NULL,
  'PARENT_ID_141' => NULL,
  'PARENT_ID_147' => NULL,
  'PARENT_ID_148' => NULL,
  'PARENT_ID_149' => NULL,
  'PARENT_ID_151' => NULL,
  'PARENT_ID_153' => NULL,
  'PARENT_ID_157' => NULL,
  'PARENT_ID_172' => NULL,
  'PARENT_ID_174' => NULL,
  'PARENT_ID_175' => NULL,
  'PARENT_ID_182' => NULL,
  'PARENT_ID_184' => NULL,
  'PARENT_ID_185' => NULL,
  'PARENT_ID_190' => NULL,
  'PARENT_ID_1050' => NULL,
  'PARENT_ID_1060' => NULL,
  'Тип' => 'Компания',
  'contactPersonDetails' => 
  array (
  ),
  'Реквизиты' => 
  array (
    'ID' => '145118',
    'ENTITY_TYPE_ID' => '4',
    'ENTITY_ID' => '48154',
    'PRESET_ID' => '2',
    'DATE_CREATE' => '2024-09-11 16:28:05',
    'DATE_MODIFY' => '2024-09-26 18:28:15',
    'CREATED_BY_ID' => '26294',
    'MODIFY_BY_ID' => '26294',
    'NAME' => 'ИП',
    'CODE' => NULL,
    'XML_ID' => NULL,
    'ORIGINATOR_ID' => NULL,
    'ACTIVE' => 'Y',
    'ADDRESS_ONLY' => 'N',
    'SORT' => '500',
    'RQ_NAME' => 'ТРЕНИХИНА КРИСТИНА АЛЕКСАНДРОВНА',
    'RQ_FIRST_NAME' => 'КРИСТИНА',
    'RQ_LAST_NAME' => 'ТРЕНИХИНА',
    'RQ_SECOND_NAME' => 'АЛЕКСАНДРОВНА',
    'RQ_COMPANY_NAME' => '',
    'RQ_COMPANY_FULL_NAME' => '',
    'RQ_COMPANY_REG_DATE' => '13.05.2022',
    'RQ_DIRECTOR' => '',
    'RQ_ACCOUNTANT' => '',
    'RQ_CEO_NAME' => '',
    'RQ_CEO_WORK_POS' => '',
    'RQ_CONTACT' => '',
    'RQ_EMAIL' => '',
    'RQ_PHONE' => '',
    'RQ_FAX' => '',
    'RQ_IDENT_TYPE' => '',
    'RQ_IDENT_DOC' => 'паспорт',
    'RQ_IDENT_DOC_SER' => '4523',
    'RQ_IDENT_DOC_NUM' => '713429',
    'RQ_IDENT_DOC_PERS_NUM' => '',
    'RQ_IDENT_DOC_DATE' => '30.08.2023',
    'RQ_IDENT_DOC_ISSUED_BY' => 'ГУ МВД России по г. Москве',
    'RQ_IDENT_DOC_DEP_CODE' => '770-125',
    'RQ_INN' => '054703692509',
    'RQ_KPP' => '',
    'RQ_USRLE' => '',
    'RQ_IFNS' => 'Управление Федеральной налоговой службы по Республике Дагестан',
    'RQ_OGRN' => '',
    'RQ_OGRNIP' => '322057100047670',
    'RQ_OKPO' => '2015319964',
    'RQ_OKTMO' => '',
    'RQ_OKVED' => '47.91',
    'RQ_EDRPOU' => '',
    'RQ_DRFO' => '',
    'RQ_KBE' => '',
    'RQ_IIN' => '',
    'RQ_BIN' => '',
    'RQ_ST_CERT_SER' => '',
    'RQ_ST_CERT_NUM' => '',
    'RQ_ST_CERT_DATE' => '',
    'RQ_VAT_PAYER' => 'N',
    'RQ_VAT_ID' => '',
    'RQ_VAT_CERT_SER' => '',
    'RQ_VAT_CERT_NUM' => '',
    'RQ_VAT_CERT_DATE' => '',
    'RQ_RESIDENCE_COUNTRY' => '',
    'RQ_BASE_DOC' => '',
    'RQ_REGON' => '',
    'RQ_KRS' => '',
    'RQ_PESEL' => '',
    'RQ_LEGAL_FORM' => '',
    'RQ_SIRET' => '',
    'RQ_SIREN' => '',
    'RQ_CAPITAL' => '',
    'RQ_RCS' => '',
    'RQ_SIGNATURE' => '0',
    'RQ_STAMP' => '0',
    'RQ_COMPANY_ID' => '',
    'RQ_CNPJ' => '',
    'RQ_STATE_REG' => '',
    'RQ_MNPL_REG' => '',
    'RQ_CPF' => '',
    'VALUE_ID' => '145118',
    'UF_CRM_1647929611' => 'г. Кизляр респ. Дагестан',
    'UF_CRM_1647931933' => NULL,
    'UF_CRM_1647931942' => NULL,
    'UF_CRM_1647931950' => NULL,
    'UF_CRM_1647931979' => NULL,
    'UF_CRM_1647931992' => NULL,
    'UF_CRM_1647932011' => NULL,
    'UF_CRM_1651842340' => NULL,
    'UF_CRM_1684476607' => NULL,
    'UF_CRM_1684493639' => '2003-06-29 00:00:00',
    'UF_CRM_1688964741' => 'Управление МНС России по Республике Дагестан',
    'UF_CRM_1688965107' => NULL,
    'UF_CRM_1692611897' => 'женский',
    'UF_CRM_1692611956' => NULL,
    'UF_CRM_1697697990' => '0',
    'UF_CRM_1697699468' => '0',
    'UF_CRM_1697782220' => '1',
    'UF_CRM_1697782233' => '0',
    'UF_CRM_DIRECT_CHECKOUT' => '0',
  ),
  'Адреса' => 
  array (
    0 => 
    array (
      'TYPE_ID' => '1',
      'ENTITY_TYPE_ID' => '8',
      'ENTITY_ID' => '145118',
      'ANCHOR_TYPE_ID' => '4',
      'ANCHOR_ID' => '48154',
      'ADDRESS_1' => 'Кирова ул, 72 д',
      'ADDRESS_2' => '49',
      'CITY' => 'Каспийск г',
      'POSTAL_CODE' => NULL,
      'REGION' => NULL,
      'PROVINCE' => 'Дагестан Респ',
      'COUNTRY' => 'Россия',
      'COUNTRY_CODE' => NULL,
      'LOC_ADDR_ID' => '321723',
      'IS_DEF' => '0',
      'ID' => '10570873',
      'STREET' => NULL,
      'BUILDING' => NULL,
      'HOUSE' => '72 д',
    ),
    1 => 
    array (
      'TYPE_ID' => '4',
      'ENTITY_TYPE_ID' => '8',
      'ENTITY_ID' => '145118',
      'ANCHOR_TYPE_ID' => '4',
      'ANCHOR_ID' => '48154',
      'ADDRESS_1' => 'Кирова ул, 72 д',
      'ADDRESS_2' => '49',
      'CITY' => 'Каспийск г',
      'POSTAL_CODE' => NULL,
      'REGION' => NULL,
      'PROVINCE' => 'Дагестан Респ',
      'COUNTRY' => 'Россия',
      'COUNTRY_CODE' => NULL,
      'LOC_ADDR_ID' => '321724',
      'IS_DEF' => '0',
      'ID' => '10570874',
      'STREET' => NULL,
      'BUILDING' => NULL,
      'HOUSE' => '72 д',
    ),
  ),
  'Банк' => 
  array (
    0 => 
    array (
      'ID' => '6781',
      'ENTITY_TYPE_ID' => '8',
      'ENTITY_ID' => '145118',
      'COUNTRY_ID' => '1',
      'DATE_CREATE' => '2024-09-26 17:57:21',
      'DATE_MODIFY' => '2024-09-26 18:28:15',
      'CREATED_BY_ID' => '26294',
      'MODIFY_BY_ID' => '26294',
      'NAME' => 'Расчетный счет',
      'CODE' => NULL,
      'XML_ID' => NULL,
      'ORIGINATOR_ID' => NULL,
      'ACTIVE' => 'Y',
      'SORT' => '500',
      'RQ_BANK_NAME' => 'ООО "Банк Точка"',
      'RQ_BANK_ADDR' => '109044, г. Москва, вн.тер.г. муниципальный округ Южнопортовый, пер. 3-й Крутицкий, д.11, помещ. 7Н.',
      'RQ_BANK_ROUTE_NUM' => NULL,
      'RQ_BIK' => '044525104',
      'RQ_MFO' => NULL,
      'RQ_ACC_NAME' => NULL,
      'RQ_ACC_NUM' => '40802810220000418795',
      'RQ_IIK' => NULL,
      'RQ_ACC_CURRENCY' => 'рубль',
      'RQ_COR_ACC_NUM' => '30101810745374525104',
      'RQ_IBAN' => NULL,
      'RQ_SWIFT' => '',
      'RQ_BIC' => NULL,
      'RQ_CODEB' => NULL,
      'RQ_CODEG' => NULL,
      'RQ_RIB' => NULL,
      'COMMENTS' => 'МКК',
      'RQ_BANK_CODE' => NULL,
      'RQ_ACC_TYPE' => NULL,
      'RQ_AGENCY_NAME' => NULL,
    ),
    1 => 
    array (
      'ID' => '6782',
      'ENTITY_TYPE_ID' => '8',
      'ENTITY_ID' => '145118',
      'COUNTRY_ID' => '1',
      'DATE_CREATE' => '2024-09-26 17:57:21',
      'DATE_MODIFY' => '2024-09-26 18:28:15',
      'CREATED_BY_ID' => '26294',
      'MODIFY_BY_ID' => '26294',
      'NAME' => 'Номинальный счет',
      'CODE' => NULL,
      'XML_ID' => NULL,
      'ORIGINATOR_ID' => NULL,
      'ACTIVE' => 'Y',
      'SORT' => '500',
      'RQ_BANK_NAME' => 'ООО "Банк Точка"',
      'RQ_BANK_ADDR' => '109044, г. Москва, вн.тер.г. муниципальный округ Южнопортовый, пер. 3-й Крутицкий, д.11, помещ. 7Н.',
      'RQ_BANK_ROUTE_NUM' => NULL,
      'RQ_BIK' => '044525104',
      'RQ_MFO' => NULL,
      'RQ_ACC_NAME' => NULL,
      'RQ_ACC_NUM' => '40802810220000418795',
      'RQ_IIK' => NULL,
      'RQ_ACC_CURRENCY' => 'рубль',
      'RQ_COR_ACC_NUM' => '30101810745374525104',
      'RQ_IBAN' => NULL,
      'RQ_SWIFT' => '',
      'RQ_BIC' => NULL,
      'RQ_CODEB' => NULL,
      'RQ_CODEG' => NULL,
      'RQ_RIB' => NULL,
      'COMMENTS' => 'МКК',
      'RQ_BANK_CODE' => NULL,
      'RQ_ACC_TYPE' => NULL,
      'RQ_AGENCY_NAME' => NULL,
    ),
  ),
  'КонтактныеДанные' => 
  array (
    0 => 
    array (
      'ID' => '1644359',
      'ENTITY_ID' => 'COMPANY',
      'ELEMENT_ID' => '48154',
      'TYPE_ID' => 'PHONE',
      'VALUE_TYPE' => 'MOBILE',
      'COMPLEX_ID' => 'PHONE_MOBILE',
      'VALUE' => '+79064822943',
    ),
    1 => 
    array (
      'ID' => '1644369',
      'ENTITY_ID' => 'COMPANY',
      'ELEMENT_ID' => '48154',
      'TYPE_ID' => 'PHONE',
      'VALUE_TYPE' => 'WORK',
      'COMPLEX_ID' => 'PHONE_WORK',
      'VALUE' => '+79377748777',
    ),
    2 => 
    array (
      'ID' => '1644360',
      'ENTITY_ID' => 'COMPANY',
      'ELEMENT_ID' => '48154',
      'TYPE_ID' => 'EMAIL',
      'VALUE_TYPE' => 'WORK',
      'COMPLEX_ID' => 'EMAIL_WORK',
      'VALUE' => 'scoop_opt@mail.ru',
    ),
  ),
  'Представитель' => '',
  'Бенефициар1' => NULL,
  'Бенефициар2' => NULL,
  'Бенефициар3' => NULL,
  'Бенефициар4' => NULL,
  'Бенефициар5' => NULL,
  'ФилиалАвтора' => NULL,
  'Автор' => NULL,
  'clientGroup' => '',
)
#0: KPLab\OneC\Export\Company->export
	/home/bitrix/www/local/classes/onec/export/company.php:190
#1: KPLab\OneC\Export\Company->init
	/home/bitrix/www/bitrix/activities/bitrix/codeactivity/codeactivity.php(25) : eval()'d code:2
#2: eval
	/home/bitrix/www/bitrix/activities/bitrix/codeactivity/codeactivity.php:25
#3: CBPCodeActivity->execute
	/home/bitrix/www/bitrix/modules/bizproc/classes/general/workflow.php:536
#4: CBPWorkflow->runQueuedItem
	/home/bitrix/www/bitrix/modules/bizproc/classes/general/workflow.php:499
#5: CBPWorkflow->runStep
	/home/bitrix/www/bitrix/modules/bizproc/classes/general/workflow.php:483
----------
Host: crm.sodeistvie.su:443
Date: 2024-10-02 13:11:03
Module: Представитель

#0: KPLab\OneC\Export\Company->init
	/home/bitrix/www/bitrix/activities/bitrix/codeactivity/codeactivity.php(25) : eval()'d code:2
#1: eval
	/home/bitrix/www/bitrix/activities/bitrix/codeactivity/codeactivity.php:25
#2: CBPCodeActivity->execute
	/home/bitrix/www/bitrix/modules/bizproc/classes/general/workflow.php:536
#3: CBPWorkflow->runQueuedItem
	/home/bitrix/www/bitrix/modules/bizproc/classes/general/workflow.php:499
#4: CBPWorkflow->runStep
	/home/bitrix/www/bitrix/modules/bizproc/classes/general/workflow.php:483
#5: CBPWorkflow->runQueue
	/home/bitrix/www/bitrix/modules/bizproc/classes/general/workflow.php:230
----------
Host: crm.sodeistvie.su:443
Date: 2024-10-02 13:11:03
Module: ФилиалАвтора
NULL
#0: KPLab\OneC\Export\Company->init
	/home/bitrix/www/bitrix/activities/bitrix/codeactivity/codeactivity.php(25) : eval()'d code:2
#1: eval
	/home/bitrix/www/bitrix/activities/bitrix/codeactivity/codeactivity.php:25
#2: CBPCodeActivity->execute
	/home/bitrix/www/bitrix/modules/bizproc/classes/general/workflow.php:536
#3: CBPWorkflow->runQueuedItem
	/home/bitrix/www/bitrix/modules/bizproc/classes/general/workflow.php:499
#4: CBPWorkflow->runStep
	/home/bitrix/www/bitrix/modules/bizproc/classes/general/workflow.php:483
#5: CBPWorkflow->runQueue
	/home/bitrix/www/bitrix/modules/bizproc/classes/general/workflow.php:230
----------
Host: crm.sodeistvie.su:443
Date: 2024-10-02 13:11:03
Module: Автор
NULL
#0: KPLab\OneC\Export\Company->init
	/home/bitrix/www/bitrix/activities/bitrix/codeactivity/codeactivity.php(25) : eval()'d code:2
#1: eval
	/home/bitrix/www/bitrix/activities/bitrix/codeactivity/codeactivity.php:25
#2: CBPCodeActivity->execute
	/home/bitrix/www/bitrix/modules/bizproc/classes/general/workflow.php:536
#3: CBPWorkflow->runQueuedItem
	/home/bitrix/www/bitrix/modules/bizproc/classes/general/workflow.php:499
#4: CBPWorkflow->runStep
	/home/bitrix/www/bitrix/modules/bizproc/classes/general/workflow.php:483
#5: CBPWorkflow->runQueue
	/home/bitrix/www/bitrix/modules/bizproc/classes/general/workflow.php:230
----------
Host: crm.sodeistvie.su:443
Date: 2024-10-02 13:11:03
Module: clientId
37878
#0: KPLab\OneC\Export\Company->export
	/home/bitrix/www/local/classes/onec/export/company.php:190
#1: KPLab\OneC\Export\Company->init
	/home/bitrix/www/bitrix/activities/bitrix/codeactivity/codeactivity.php(25) : eval()'d code:2
#2: eval
	/home/bitrix/www/bitrix/activities/bitrix/codeactivity/codeactivity.php:25
#3: CBPCodeActivity->execute
	/home/bitrix/www/bitrix/modules/bizproc/classes/general/workflow.php:536
#4: CBPWorkflow->runQueuedItem
	/home/bitrix/www/bitrix/modules/bizproc/classes/general/workflow.php:499
#5: CBPWorkflow->runStep
	/home/bitrix/www/bitrix/modules/bizproc/classes/general/workflow.php:483
----------
Host: crm.sodeistvie.su:443
Date: 2024-10-02 13:11:03
Module: clientOrg
5
#0: KPLab\OneC\Export\Company->export
	/home/bitrix/www/local/classes/onec/export/company.php:190
#1: KPLab\OneC\Export\Company->init
	/home/bitrix/www/bitrix/activities/bitrix/codeactivity/codeactivity.php(25) : eval()'d code:2
#2: eval
	/home/bitrix/www/bitrix/activities/bitrix/codeactivity/codeactivity.php:25
#3: CBPCodeActivity->execute
	/home/bitrix/www/bitrix/modules/bizproc/classes/general/workflow.php:536
#4: CBPWorkflow->runQueuedItem
	/home/bitrix/www/bitrix/modules/bizproc/classes/general/workflow.php:499
#5: CBPWorkflow->runStep
	/home/bitrix/www/bitrix/modules/bizproc/classes/general/workflow.php:483
----------
Host: crm.sodeistvie.su:443
Date: 2024-10-02 13:11:03
Module: clientData
array (
  'OBSERVER_IDS' => 
  array (
  ),
  'LOGO' => '',
  'UF_CRM_EXPIRED_CONSENT' => false,
  'UF_CRM_CLIENT_QUESTIONNAIRE' => 4774037,
  'UF_CRM_BITCONF_ZOOM_REGISTRATION_ANSWERS' => NULL,
  'UF_CRM_1693788279' => 
  array (
    0 => 4739333,
    1 => 4739334,
    2 => 4739335,
  ),
  'UF_CRM_RUROBOT_SBP_QR_FILE' => NULL,
  'UF_CRM_RUROBOT_CHEK_QR_FILE' => NULL,
  'UF_CRM_6433D5CD87C30' => NULL,
  'UF_CRM_6433D5D634AD6' => NULL,
  'UF_CRM_6433D5FA970C9' => NULL,
  'UF_CRM_6433D5FEDCCDC' => 
  array (
  ),
  'UF_CRM_6433D6036480A' => NULL,
  'UF_CRM_6433D6084A319' => 
  array (
  ),
  'UF_CRM_6433D62FE7442' => 
  array (
  ),
  'UF_CRM_6433D6355E340' => 
  array (
  ),
  'UF_CRM_6433D63A11E51' => 
  array (
  ),
  'UF_CRM_6433D6DD9702A' => NULL,
  'UF_CRM_6433D702C5A07' => 
  array (
  ),
  'UF_CRM_6433D70829928' => 
  array (
  ),
  'UF_CRM_6433D7112B0A2' => 
  array (
  ),
  'UF_CRM_6433D72469DA8' => 
  array (
  ),
  'UF_CRM_6433D7290604B' => 
  array (
  ),
  'UF_CRM_6433D7328E598' => 
  array (
  ),
  'UF_CRM_6433D7BFBF3C1' => NULL,
  'UF_CRM_6433D86D38393' => 
  array (
  ),
  'UF_CRM_6433D8719A73A' => 
  array (
  ),
  'UF_CRM_6433D88041ED1' => NULL,
  'UF_CRM_6433D8ED76753' => 
  array (
  ),
  'UF_CRM_6433D922AAFBA' => NULL,
  'UF_CRM_6433D93E62E9D' => NULL,
  'UF_CRM_6433D94467769' => 
  array (
  ),
  'UF_CRM_6433D9494F3E2' => 
  array (
  ),
  'UF_CRM_6433D98DC980E' => 
  array (
  ),
  'UF_CRM_6433D9928709F' => 
  array (
  ),
  'UF_CRM_6433D9BC65B15' => NULL,
  'UF_CRM_6433D9FB43081' => 
  array (
  ),
  'UF_CRM_6433DA7676DE8' => NULL,
  'UF_CRM_6433DA7FAA203' => NULL,
  'UF_CRM_6433DB8564D70' => NULL,
  'UF_CRM_6433DBC84FB76' => 
  array (
  ),
  'UF_CRM_64DB528100CC9' => NULL,
  'UF_CRM_64DB52A38846D' => NULL,
  'UF_CRM_UNSIGNED_CONSENT' => NULL,
  'UF_CRM_6433DAEF79717' => NULL,
  'COMMENTS' => NULL,
  'CONTACT_BINDINGS' => 
  array (
    0 => 
    array (
      'CONTACT_ID' => 225018,
      'SORT' => 10,
      'ROLE_ID' => 0,
      'IS_PRIMARY' => 'Y',
    ),
  ),
  'CONTACT_ID' => 
  array (
    0 => 225018,
  ),
  'UTM_SOURCE' => NULL,
  'UTM_MEDIUM' => NULL,
  'UTM_CAMPAIGN' => NULL,
  'UTM_CONTENT' => '7721546864',
  'UTM_TERM' => NULL,
  'ID' => 37878,
  'DATE_CREATE' => '29.01.2024 17:08:43',
  'DATE_MODIFY' => '02.10.2024 13:10:21',
  'CREATED_BY_ID' => 1,
  'MODIFY_BY_ID' => 0,
  'ASSIGNED_BY_ID' => 26595,
  'OPENED' => 'Y',
  'TITLE' => 'ИП Глухова О.М.',
  'ADDRESS' => 'Стара Загора ул, 35 ',
  'ADDRESS_LEGAL' => NULL,
  'BANKING_DETAILS' => NULL,
  'COMPANY_TYPE' => '5',
  'INDUSTRY' => NULL,
  'REVENUE' => 0.0,
  'CURRENCY_ID' => 'RUB',
  'EMPLOYEES' => NULL,
  'LEAD_ID' => 171795,
  'WEBFORM_ID' => 0,
  'ORIGINATOR_ID' => NULL,
  'ORIGIN_ID' => NULL,
  'ORIGIN_VERSION' => NULL,
  'HAS_PHONE' => 'Y',
  'HAS_EMAIL' => 'Y',
  'HAS_IMOL' => 'N',
  'IS_MY_COMPANY' => 'N',
  'CATEGORY_ID' => 0,
  'LAST_ACTIVITY_BY' => 20513,
  'LAST_ACTIVITY_TIME' => '30.09.2024 17:18:16',
  'EMAIL_HOME' => NULL,
  'EMAIL_WORK' => NULL,
  'EMAIL_MAILING' => NULL,
  'PHONE_MOBILE' => NULL,
  'PHONE_WORK' => NULL,
  'PHONE_MAILING' => NULL,
  'IMOL' => NULL,
  'EMAIL' => NULL,
  'PHONE' => NULL,
  'UF_CRM_669752C2286C3' => NULL,
  'UF_CRM_1724992931' => 'N',
  'UF_CRM_END_DATE_OF_CONSENT' => NULL,
  'UF_CRM_DATE_OF_INSPECTION_OVK' => 
  array (
    0 => '30.09.2024 - информация не выявлена',
    1 => '01.10.2024 - информация не выявлена',
  ),
  'UF_CRM_INFO_ABOUT_THE_DEGREE_OF_RISK_OF_THE_CLIENT' => 'Степень риска - низкая. ',
  'UF_CRM_TARIF_OF_SELLERS' => NULL,
  'UF_CRM_63DC8E17DA14A' => NULL,
  'UF_CRM_SERVICE_EDO' => NULL,
  'UF_CRM_6433D456A993F' => NULL,
  'UF_CRM_6433D45A58732' => NULL,
  'UF_CRM_6433D45E0E48D' => NULL,
  'UF_CRM_6435331D97379' => NULL,
  'UF_CRM_LIST_OF_BENEFICIARIES' => NULL,
  'UF_CRM_BENEFICIARIES' => NULL,
  'UF_CRM_643533226D993' => NULL,
  'UF_CRM_6435332D17E32' => NULL,
  'UF_CRM_6435333351197' => NULL,
  'UF_CRM_643533400DD7E' => NULL,
  'UF_CRM_64353346223BE' => NULL,
  'UF_CRM_643533543CB94' => '29.01.2024 00:00:00',
  'UF_CRM_6435335A78A8A' => NULL,
  'UF_CRM_64353366C4E98' => NULL,
  'UF_CRM_6435336CE33DF' => NULL,
  'UF_CRM_6436790C0A081' => '29',
  'UF_CRM_6436791297084' => 10476,
  'UF_CRM_644B8F5F389E2' => NULL,
  'UF_CRM_64771CA96A441' => NULL,
  'UF_CRM_64771CAF31F16' => NULL,
  'UF_CRM_64806D472FDA8' => NULL,
  'UF_CRM_COMPANY_OVK_CHECKDOMAIN' => 'N',
  'UF_CRM_COMPANY_OVK_CHECK_COMPANY_INFO' => 'N',
  'UF_CRM_COMPANY_OVK_CHECK_LICENSES' => 'N',
  'UF_CRM_COMPANY_OVK_IS_IN_TERRORIST_LIST' => 'N',
  'UF_CRM_COMPANY_OVK_IS_IN_MVK_LIST' => 'N',
  'UF_CRM_COMPANY_OVK_IS_IN_OMU_LIST' => 'N',
  'UF_CRM_COMPANY_OVK_IS_IN_STRATEGIC_LIST' => 'N',
  'UF_CRM_COMPANY_OVK_IS_IN_OPK_ULS' => 'N',
  'UF_CRM_COMPANY_OVK_IS_IN_SANCTION_LIST' => 'N',
  'UF_CRM_COMPANY_OVK_IS_IN_PEP_LIST' => 'N',
  'UF_CRM_COMPANY_OVK_IS_IN_764LIST' => 'N',
  'UF_CRM_COMPANY_OVK_IS_IN_FINANCIAL_PYRAMIDE' => 'N',
  'UF_CRM_COMPANY_OVK_IS_IN_ILLEGAL_CREDITOR' => 'N',
  'UF_CRM_COMPANY_OVK_RESULT' => 'N',
  'UF_CRM_COMPANY_KNTR_ADMIN_OFFENCE_CASE_COUNT' => 0,
  'UF_CRM_COMPANY_KNTR_ARBITR_CLAIMS_LOST_CASES_SUM' => 0,
  'UF_CRM_COMPANY_KNTR_ARBIT_CLAIMS_REVIEW_CASES_SUM' => 0,
  'UF_CRM_COMPANY_KNTR_ANY_FNS_BLOCKED_ACCOUNTS' => 'N',
  'UF_CRM_COMPANY_KNTR_ANY_SENT_DOCUMENTS_TO_FNS' => 'N',
  'UF_CRM_COMPANY_KNTR_ANY_DISQUALIFIED_DIRECTORS' => 'N',
  'UF_CRM_COMPANY_KNTR_BANKS' => NULL,
  'UF_CRM_COMPANY_KNTR_BLOCKED_ACCOUNTS' => NULL,
  'UF_CRM_COMPANY_KNTR_LESSEE_CONTRACTS' => ' | ',
  'UF_CRM_COMPANY_KNTR_CONNECTED_COMPANIES' => NULL,
  'UF_CRM_COMPANY_KNTR_CONNECTED_SITES' => NULL,
  'UF_CRM_COMPANY_KNTR_ENFORCEMENT_PROCEEDINGS_SUM' => 0,
  'UF_CRM_COMPANY_KNTR_IN_ANY_SANCTION_LISTS' => 'N',
  'UF_CRM_COMPANY_KNTR_IN_ANY_FNS_LIST' => 'N',
  'UF_CRM_COMPANY_KNTR_IN_STRATEGIC_ENTERPRISE_LIST' => 'N',
  'UF_CRM_COMPANY_KNTR_IN_JOIN_STOCK_CMPNY_LIST91P' => 'N',
  'UF_CRM_COMPANY_KNTR_IN_UNRELIABLE_SIPPLIER_LIST' => 'N',
  'UF_CRM_COMPANY_KNTR_MSP_LIST_DATE' => NULL,
  'UF_CRM_COMPANY_KNTR_TRADEMARKS' => NULL,
  'UF_CRM_COMPANY_KNTR_LAST_BANKRUPTCY_DATA' => ' | ',
  'UF_CRM_COMPANY_KNTR_IN_GOVERNMENT_DIRECTIVE_LIST' => 'N',
  'UF_CRM_COMPANY_KNTR_IN_STRATEGIC_ORG_LIST' => 'N',
  'UF_CRM_COMPANY_KNTR_WEBSITE_BLOCK_INFOS' => NULL,
  'UF_CRM_COMPANY_KNTR_IN_PRLIFRTN_RISK_DETECTIONLIST' => 'N',
  'UF_CRM_COMPANY_KNTR_IN_REFUSAL_LIST764P' => 'N',
  'UF_CRM_COMPANY_KNTR_IN_BANK_REFUSAL_LIST764P' => 'N',
  'UF_CRM_COMPANY_KNTR_IN_SANCTIONS_LIST' => 'N',
  'UF_CRM_COMPANY_KNTR_IN_STRATEGIC_COMPANIES_LIST' => 'N',
  'UF_CRM_COMPANY_KNTR_IN_TERRORIST_LIST' => 'N',
  'UF_CRM_COMPANY_KNTR_IN_EXTREMISTS_LIST' => 'N',
  'UF_CRM_COMPANY_KNTR_IN_INTERDEP_COMMISSION_LIST' => 'N',
  'UF_CRM_COMPANY_KNTR_IN_WEAPON_MASS_DESTRUCTION_DIS' => 'N',
  'UF_CRM_COMPANY_KNTR_IN_ILLEG_LENDER_INDICATOR_LIST' => 'N',
  'UF_CRM_COMPANY_KNTR_IN_PYRAMID_SCHEME_INDICATAOR_L' => 'N',
  'UF_CRM_COMPANY_KNTR_ILLEG_SECUR_MARKET_PARTICIPANT' => 'N',
  'UF_CRM_COMPANY_CHKLST' => 19756,
  'UF_CRM_COMPANY_CHKLST_WB_INC_TO_SALE_FOR_SIX_MONTH' => 1.13,
  'UF_CRM_COMPANY_CHKLST_OZON_INC_SALE_FOR_SIX_MOUNTH' => 0.56,
  'UF_CRM_COMPANY_CHKLST_MARKETPLACE_DURATION_IN_MNTH' => 24,
  'UF_CRM_COMPANY_CHKLST_SALES_TO_COUNT_SIX_MTH_RATIO' => 616.0,
  'UF_CRM_COMPANY_CHKLST_SALES_TO_RETURN_COUNT_SIX_MH' => 4554.0,
  'UF_CRM_COMPANY_CHKLST_STOK_SUM_LIMIT_SIX_MTH_RATIO' => 0.14,
  'UF_CRM_COMPANY_CHKLST_SMOOTHED_LIM_FOR_SIX_MONTHS' => 800000.0,
  'UF_CRM_COMPANY_CHKLST_PDN' => 215.0,
  'UF_CRM_COMPANY_CHKLST_ANY_FNS_BLOCKED_ACCOUNTS' => 'N',
  'UF_CRM_COMPANY_CHKLST_PERSON_VALID_PASSPORT' => 'Y',
  'UF_CRM_COMPANY_CHKLST_LOCATED_IN_LISTS_NAMES' => NULL,
  'UF_CRM_COMPANY_CHKLST_IN_UNRELIABLE_SUPPLIER_LIST' => 'N',
  'UF_CRM_COMPANY_CHKLST_ANY_DISQUALIFIED_DIRECTORS' => 'N',
  'UF_CRM_1554808760221' => NULL,
  'UF_LOGO' => NULL,
  'UF_CRM_1595595411835' => 'ИП Глухова Оксана Михайловна',
  'UF_CRM_1596520984268' => NULL,
  'UF_CRM_1596520996191' => NULL,
  'UF_CRM_1596521014397' => NULL,
  'UF_CRM_1596521047550' => NULL,
  'UF_CRM_1596521064464' => NULL,
  'UF_CRM_1596521074308' => NULL,
  'UF_CRM_1617022509' => 
  array (
  ),
  'UF_CRM_1627544551724' => NULL,
  'UF_CRM_TB_TAGS' => NULL,
  'UF_CRM_COMPANY_SS_AGENT_DOC_NOMER_AM' => NULL,
  'UF_CRM_COMPANY_SS_AGENT_DOC_DATA_AM' => NULL,
  'UF_CRM_COMPANY_SS_FILIAL_OPEN_DATE_AM' => NULL,
  'UF_CRM_COMPANY_SS_FILIAL_CLOSE_DATE_AM' => NULL,
  'UF_CRM_COMPANY_SS_FILIAL_BOSS_AM' => NULL,
  'UF_CRM_COMPANY_SS_FILIAL_STATUS_AM' => NULL,
  'UF_CRM_1637754619884' => NULL,
  'UF_CRM_1637754682264' => NULL,
  'UF_CRM_1638788295103' => NULL,
  'UF_CRM_1638788442249' => NULL,
  'UF_CRM_1638789252369' => NULL,
  'UF_CRM_1638791492304' => '89377909937',
  'UF_CRM_1638791524660' => 'Bruxel@mail.ru',
  'UF_CRM_COMPANY_SS_SYNC_DATE' => '02.10.2024 13:10:14',
  'UF_CRM_COMPANY_SS_AM_ID' => 'e0e298ab-c4c0-11ee-811a-80e641c65846',
  'UF_CRM_COMPANY_SS_AK_ID' => NULL,
  'UF_CRM_COMPANY_SS_AS_ID' => NULL,
  'UF_CRM_COMPANY_SS_PREDSTAVITEL_DOLGNOST' => NULL,
  'UF_CRM_COMPANY_SS_PREDSTAVITEL_DOVERENNOST' => NULL,
  'UF_CRM_COMPANY_SS_ORG' => 
  array (
    0 => '5',
  ),
  'UF_CRM_COMPANY_SS_KASSA' => 'Y',
  'UF_CRM_APP_PL_COMPANY_COUNTRY' => NULL,
  'UF_CRM_APP_PL_COMPANY_TIMEZONE' => NULL,
  'UF_CRM_APP_PL_COMPANY_REGION' => NULL,
  'UF_CRM_CUST_LTIME' => NULL,
  'UF_CRM_1675248051686' => NULL,
  'UF_CRM_1675248084077' => NULL,
  'UF_CRM_1675251420593' => NULL,
  'UF_CRM_1675251431573' => NULL,
  'UF_CRM_1675251444631' => NULL,
  'UF_CRM_63DC8E18A4E2E' => NULL,
  'UF_CRM_63DC8E195EB36' => NULL,
  'UF_CRM_63DC8E1A3346D' => NULL,
  'UF_CRM_63DC8E26747B4' => NULL,
  'UF_CRM_63DC8E274B853' => NULL,
  'UF_CRM_63DC8E280E9E5' => NULL,
  'UF_CRM_63DC8E293CC7F' => 'N',
  'UF_CRM_63DC8E2A0BF88' => 'N',
  'UF_CRM_63DC8E2ABE9D8' => NULL,
  'UF_CRM_63DC8E2B7F52E' => 'N',
  'UF_CRM_63DC8E2C3AABE' => 'N',
  'UF_CRM_63DC8E2CEC51F' => NULL,
  'UF_CRM_63DC8E2DA91B8' => 'N',
  'UF_CRM_63DC8E2E74222' => 'N',
  'UF_CRM_63DC8E2F31F5B' => NULL,
  'UF_CRM_63DC8E2FF0CC2' => 'N',
  'UF_CRM_63DC8E30B7FAE' => 'N',
  'UF_CRM_63DC8E317ED45' => NULL,
  'UF_CRM_63DC8E323FF76' => 'N',
  'UF_CRM_63DC8E3306CAB' => 'N',
  'UF_CRM_63DC8E33C393B' => NULL,
  'UF_CRM_63DC8E3495C8D' => 'N',
  'UF_CRM_63DC8E355E686' => 'N',
  'UF_CRM_63DC8E3627033' => NULL,
  'UF_CRM_63DC8E36DB39D' => 'N',
  'UF_CRM_63DC8E379C254' => 'N',
  'UF_CRM_63DC8E38681EC' => NULL,
  'UF_CRM_63DC8E392D259' => 'N',
  'UF_CRM_63DC8E39E7034' => 'N',
  'UF_CRM_63DC8E3AAC4F7' => NULL,
  'UF_CRM_63DC8E3C39A26' => 'N',
  'UF_CRM_63DC8E3D01747' => NULL,
  'UF_CRM_63DC8E3DBFA43' => 'N',
  'UF_CRM_63DC8E3E90027' => NULL,
  'UF_CRM_63DC8E4028C58' => 'N',
  'UF_CRM_63DC8E40E39C2' => NULL,
  'UF_CRM_63DC8E41ACD58' => 'N',
  'UF_CRM_63DC8E427A06D' => 'N',
  'UF_CRM_63DC8E4340A22' => NULL,
  'UF_CRM_63DC8E4411725' => 'N',
  'UF_CRM_63DC8E44D1A58' => 'N',
  'UF_CRM_63DC8E459F68A' => NULL,
  'UF_CRM_63DC8E467D45B' => 'N',
  'UF_CRM_63DC8E474FBE9' => 'N',
  'UF_CRM_63DC8E481E707' => NULL,
  'UF_CRM_63DC8E48E257E' => 'N',
  'UF_CRM_63DC8E49A6390' => 'N',
  'UF_CRM_63DC8E4A719EA' => NULL,
  'UF_CRM_63DC8E4C2FC7D' => 'N',
  'UF_CRM_63DC8E4CEBF34' => NULL,
  'UF_CRM_63DC8E4DBCDB3' => 'N',
  'UF_CRM_63DC8E4E90E8C' => NULL,
  'UF_CRM_63DC8E4F5DD80' => 'N',
  'UF_CRM_63DC8E502565C' => 'N',
  'UF_CRM_63DC8E50E5D9E' => 'N',
  'UF_CRM_63DC8E51AF554' => 'N',
  'UF_CRM_63DC8E527AD60' => NULL,
  'UF_CRM_63DC8E535208E' => NULL,
  'UF_CRM_63DC8E5423AFA' => NULL,
  'UF_CRM_63DC8E54E21A1' => 'N',
  'UF_CRM_63DC8E55B527E' => 'N',
  'UF_CRM_63DC8E5689193' => 'N',
  'UF_CRM_63DC8E5759751' => 'N',
  'UF_CRM_63DC8E590765C' => 'N',
  'UF_CRM_63DC8E59D279D' => NULL,
  'UF_CRM_63DC8E5B7F55D' => 'N',
  'UF_CRM_63DC8E5C5D659' => NULL,
  'UF_CRM_63DC8E5E1E849' => 'N',
  'UF_CRM_63DC8E5EE72DA' => NULL,
  'UF_CRM_63DC8E609239F' => 'N',
  'UF_CRM_63DC8E616A5AE' => NULL,
  'UF_CRM_63DC8E633698E' => 'N',
  'UF_CRM_63DC8E640474F' => NULL,
  'UF_CRM_63DC8E665855D' => 'N',
  'UF_CRM_63DC8E6736DC5' => NULL,
  'UF_CRM_63DC8E68EC080' => 'N',
  'UF_CRM_63DC8E6AA1430' => NULL,
  'UF_CRM_63DC8E6B76E53' => 'N',
  'UF_CRM_63DC8E6C67591' => 'N',
  'UF_CRM_63DC8E6D42820' => 'N',
  'UF_CRM_63DC8E6E1CEB4' => 'N',
  'UF_CRM_63DC8E6EEE91A' => 'N',
  'UF_CRM_63DC8E70B4611' => 'N',
  'UF_CRM_63DC8E7190963' => NULL,
  'UF_CRM_63DC8E726D449' => NULL,
  'UF_CRM_63DC8E7356A8D' => NULL,
  'UF_CRM_63DC8E743500D' => NULL,
  'UF_CRM_63DC8E751A1D3' => NULL,
  'UF_CRM_63DC8E7627B00' => NULL,
  'UF_CRM_63DC8E771A045' => NULL,
  'UF_CRM_63DC8E7809694' => NULL,
  'UF_CRM_63DC8E78E0E4D' => NULL,
  'UF_CRM_63DC8E79C71A6' => NULL,
  'UF_CRM_63DC8E7AA9B36' => NULL,
  'UF_CRM_63DC8E7B98100' => NULL,
  'UF_CRM_63DC8E7C79C19' => 631815903918.0,
  'UF_CRM_63DC8E7D5B2DA' => NULL,
  'UF_CRM_63DC8E7E4167A' => NULL,
  'UF_CRM_63DC8E7F23CE9' => NULL,
  'UF_CRM_1675446456307' => NULL,
  'UF_CRM_63DDE3A4E68D7' => NULL,
  'UF_CRM_63DDE3A5D5155' => NULL,
  'UF_CRM_1675670468066' => NULL,
  'UF_CRM_63E3241DA30EB' => NULL,
  'UF_CRM_63E3241E9AADB' => 'N',
  'UF_CRM_63E4AAB613011' => NULL,
  'UF_CRM_63E4AAB703D9F' => NULL,
  'UF_CRM_BITCONF_LINK' => NULL,
  'UF_CRM_BITCONF_ZOOM_RECORDINGS' => NULL,
  'UF_CRM_BITCONF_RECORDINGS_VIDEO_YANDEX' => NULL,
  'UF_CRM_BITCONF_RECORDINGS_AUDIO_YANDEX' => NULL,
  'UF_CRM_BITCONF_RECORDINGS_CHAT_YANDEX' => NULL,
  'UF_CRM_BITCONF_RECORDINGS_VIDEO_GOOGLE' => NULL,
  'UF_CRM_BITCONF_RECORDINGS_AUDIO_GOOGLE' => NULL,
  'UF_CRM_BITCONF_RECORDINGS_CHAT_GOOGLE' => NULL,
  'UF_CRM_BITCONF_ZOOM_REGISTRATION_ANSWERS_JSON' => NULL,
  'UF_CRM_BITCONF_MEETING_ATTENDED' => NULL,
  'UF_CRM_BITCONF_MEETING_STARTED_AT' => NULL,
  'UF_CRM_BITCONF_MEETING_ENDED_AT' => NULL,
  'UF_CRM_BITCONF_PARTICIPANT_JOINED_AT' => NULL,
  'UF_CRM_BITCONF_PARTICIPANT_LEFT_AT' => NULL,
  'UF_CRM_641045F47BAFD' => NULL,
  'UF_CRM_6433D461D16E4' => 'N',
  'UF_CRM_6433D465984C7' => 'N',
  'UF_CRM_6433D4693830C' => NULL,
  'UF_CRM_6433D4715A41B' => 'N',
  'UF_CRM_6433D47528CEC' => NULL,
  'UF_CRM_6433D47CBD827' => 'N',
  'UF_CRM_6433D4807CDE8' => NULL,
  'UF_CRM_6433D4884B09E' => 'N',
  'UF_CRM_6433D48C20F2B' => NULL,
  'UF_CRM_6433D4944FECB' => 'N',
  'UF_CRM_6433D4983ED32' => NULL,
  'UF_CRM_6433D4A01ACC8' => 'N',
  'UF_CRM_6433D4A3D37E1' => NULL,
  'UF_CRM_6433D4ABE92F3' => 'N',
  'UF_CRM_6433D4AFBF977' => NULL,
  'UF_CRM_6433D4B79F77B' => 'N',
  'UF_CRM_6433D4BB85C48' => NULL,
  'UF_CRM_6433D4C37C94A' => 'N',
  'UF_CRM_6433D4C77A09D' => NULL,
  'UF_CRM_6433D4CF8CF6E' => 'N',
  'UF_CRM_6433D4D465778' => NULL,
  'UF_CRM_6433D4DD6A784' => 'N',
  'UF_CRM_6433D4E18FD6A' => NULL,
  'UF_CRM_6433D4EB83DB1' => NULL,
  'UF_CRM_6433D4EFA24C9' => 'N',
  'UF_CRM_643EAA1DA8B9E' => 'N',
  'UF_CRM_643EAA228B2B2' => 'N',
  'UF_CRM_643EAA275FE0A' => 'N',
  'UF_CRM_643EAA2C188C0' => 'N',
  'UF_CRM_643EAA314A615' => 'N',
  'UF_CRM_643EAA37A5511' => NULL,
  'UF_CRM_64406458C6D47' => NULL,
  'UF_CRM_6442676E5B421' => NULL,
  'UF_CRM_1683968549' => 'Y',
  'UF_CRM_1684145100226' => 11075,
  'UF_CRM_1685419394' => '800000|RUB',
  'UF_CRM_1687947495' => 
  array (
  ),
  'UF_CRM_COMPANY_AMOID' => NULL,
  'UF_CRM_64A4EBD2F2518' => NULL,
  'UF_CRM_64AD0008D2965' => 'N',
  'UF_CRM_64AD000F6A26A' => NULL,
  'UF_CRM_64AD001D86025' => 'N',
  'UF_CRM_64AD00250FFFD' => NULL,
  'UF_CRM_64AE8FC56D363' => NULL,
  'UF_CRM_64AF8DA50E037' => '29.01.2024',
  'UF_CRM_1690758867666' => NULL,
  'UF_CRM_1691009132416' => NULL,
  'UF_CRM_64CB9DDC41262' => NULL,
  'UF_CRM_64CB9DE1E3C7A' => NULL,
  'UF_CRM_64CB9DE974E5F' => NULL,
  'UF_CRM_64CB9DF06A260' => NULL,
  'UF_CRM_64CB9DF7289EE' => NULL,
  'UF_CRM_64CB9DFD55A33' => NULL,
  'UF_CRM_64CB9E03788BE' => NULL,
  'UF_CRM_64CB9E0A4860E' => NULL,
  'UF_CRM_64CB9E107B628' => NULL,
  'UF_CRM_64CB9E163F796' => NULL,
  'UF_CRM_64CB9E1C4DB78' => NULL,
  'UF_CRM_64CB9E229FA0B' => NULL,
  'UF_CRM_64CB9E293B527' => NULL,
  'UF_CRM_64CBA4252FB37' => NULL,
  'UF_CRM_64CC92553F409' => NULL,
  'UF_CRM_64CC925D91DEA' => NULL,
  'UF_CRM_64CC926670EC8' => NULL,
  'UF_CRM_64CC9270B6A35' => NULL,
  'UF_CRM_64CC927983D4C' => NULL,
  'UF_CRM_64CC928123D41' => NULL,
  'UF_CRM_64CC928CAA601' => NULL,
  'UF_CRM_64CCA29DAF094' => NULL,
  'UF_CRM_64D3B7766A327' => NULL,
  'UF_CRM_64DB2F838C6F1' => 'N',
  'UF_CRM_64DB2F8CA756C' => 'N',
  'UF_CRM_64DB2F96F1AE7' => 
  array (
  ),
  'UF_CRM_64DB2F9DECE37' => 
  array (
  ),
  'UF_CRM_64DB4411303D8' => NULL,
  'UF_CRM_64DB44175DA19' => NULL,
  'UF_CRM_64DB441DEE816' => 
  array (
  ),
  'UF_CRM_64DB4425AB05C' => 
  array (
  ),
  'UF_CRM_64DB442E55674' => 
  array (
  ),
  'UF_CRM_64DB4434EF3A3' => 
  array (
  ),
  'UF_CRM_64DB443BE1A9C' => 
  array (
  ),
  'UF_CRM_64DB444343D37' => 
  array (
  ),
  'UF_CRM_64DB444B5354D' => NULL,
  'UF_CRM_64DB4452990CE' => NULL,
  'UF_CRM_64E36750AEBF0' => NULL,
  'UF_CRM_64E4A00A7CB9E' => NULL,
  'UF_CRM_64E84230723F5' => NULL,
  'UF_CRM_1693311353902' => 'ТаблицаЗначений',
  'UF_CRM_1693311600025' => NULL,
  'UF_CRM_1693311707790' => NULL,
  'UF_CRM_1693373909306' => NULL,
  'UF_CRM_1693373994027' => NULL,
  'UF_CRM_1693374038734' => NULL,
  'UF_CRM_1693374057547' => NULL,
  'UF_CRM_64F1E491F0503' => 'N',
  'UF_CRM_1693822645477' => 'glummc@hotmail.com',
  'UF_CRM_1693822684054' => NULL,
  'UF_CRM_1693960373052' => NULL,
  'UF_CRM_64F83BC976C70' => 'N',
  'UF_CRM_64F83BD1CB037' => 'N',
  'UF_CRM_64F85EB57C226' => 'N',
  'UF_CRM_64F85EBC6293C' => NULL,
  'UF_CRM_64F86B718FCFD' => 'N',
  'UF_CRM_64F87C6C3D1EE' => 'N',
  'UF_CRM_64F87C75DAD9D' => 'N',
  'UF_CRM_64F87C829ADB5' => 'N',
  'UF_CRM_64F87C8D26E72' => 'N',
  'UF_CRM_64F87C94E75DB' => 'N',
  'UF_CRM_64F87CA1B6D24' => 'N',
  'UF_CRM_64F87CADDF550' => 'N',
  'UF_CRM_64F87CB6033F8' => 'N',
  'UF_CRM_RU_ANALITYCS' => NULL,
  'UF_CRM_RU_DIADOK' => 
  array (
  ),
  'UF_CRM_RUROBOT_SBP_URL' => NULL,
  'UF_CRM_RUROBOT_CHEK_URL' => NULL,
  'UF_CRM_64FC867D4DEE8' => 'N',
  'UF_CRM_64FC8684B795C' => 'N',
  'UF_CRM_64FC868B2E901' => 'N',
  'UF_CRM_64FC86916ECC7' => 'N',
  'UF_CRM_64FC86980DBDF' => 'N',
  'UF_CRM_64FC869E70EA8' => 'N',
  'UF_CRM_1694331491' => '0|RUB',
  'UF_CRM_1694331571' => '800000|RUB',
  'UF_CRM_65000439925C9' => NULL,
  'UF_CRM_1696457110' => NULL,
  'UF_CRM_6526A6509E0DC' => 
  array (
  ),
  'UF_CRM_1697107946' => '800000|RUB',
  'UF_CRM_1697107996' => '0|RUB',
  'UF_CRM_1697853788600' => NULL,
  'UF_CRM_6545DCFE01CA4' => 
  array (
  ),
  'UF_CRM_6545DD05C700C' => 
  array (
  ),
  'UF_CRM_1699900252754' => NULL,
  'UF_CRM_1699900326048' => NULL,
  'UF_CRM_65532D05B660B' => 40106.0,
  'UF_CRM_655362454D77C' => NULL,
  'UF_CRM_1700138022' => '20.09.2024',
  'UF_CRM_1702534386502' => 'N',
  'UF_CRM_1702977601750' => NULL,
  'UF_CRM_1703078588' => NULL,
  'UF_CRM_1703659571229' => NULL,
  'UF_CRM_1706612347' => NULL,
  'UF_CRM_1706777861' => 'N',
  'UF_CRM_1706982719' => NULL,
  'UF_CRM_1707302304' => 'N',
  'UF_CRM_65C6057BAF241' => 'N',
  'UF_CRM_65C60D92B19B7' => 'N',
  'UF_CRM_65C61195E8DB7' => 'N',
  'UF_CRM_65CCB993C2573' => 'N',
  'UF_CRM_65D72BF9E93D7' => NULL,
  'UF_CRM_65DC313CB1773' => NULL,
  'UF_CRM_65DDDB805B504' => NULL,
  'UF_CRM_65DF019419A3C' => NULL,
  'UF_CRM_65F7F7EF6E7E9' => NULL,
  'UF_CRM_65F81729930B2' => NULL,
  'UF_CRM_1711362022506' => NULL,
  'UF_CRM_1711618126' => NULL,
  'UF_CRM_1711620041' => NULL,
  'UF_CRM_661F6476E1A93' => 'N',
  'UF_CRM_661F6483B8EEF' => 'N',
  'UF_CRM_661F6490F3174' => NULL,
  'UF_CRM_661F670FF0A79' => NULL,
  'UF_CRM_662B5EEF438BC' => NULL,
  'UF_CRM_663475C4986D4' => 'N',
  'UF_CRM_66347C5DB0C86' => NULL,
  'UF_CRM_66386DE83AC95' => NULL,
  'UF_CRM_66386F7ACABD4' => NULL,
  'UF_DOCUMENT_PACKAGE_ID' => NULL,
  'UF_CRM_66573905CAC4F' => NULL,
  'UF_CRM_66580C4AAAE6C' => NULL,
  'UF_CRM_SOPROV_KF' => NULL,
  'UF_CRM_1717494282' => NULL,
  'UF_CRM_66711BBEA50D7' => 'N',
  'UF_CRM_COMPANY_CHKLST_PERSON_AGE_LIST' => 40,
  'UF_CRM_668CC4C1DC72A' => NULL,
  'UF_CRM_6694FDEBA27EA' => NULL,
  'UF_CRM_66953567C49F0' => NULL,
  'UF_CRM_669752D3984FD' => 'N',
  'UF_CRM_66A36C62C39EA' => NULL,
  'UF_CRM_66A36C75159B7' => 'N',
  'UF_CRM_66A36C8780ED0' => 'N',
  'UF_CRM_66A377A21199E' => 'N',
  'UF_CRM_66A377C048C61' => 'N',
  'UF_CRM_66A377E007E96' => 'N',
  'UF_CRM_66A377E432274' => 'N',
  'UF_CRM_66A37823945D8' => 'N',
  'UF_CRM_66A3786F33EE4' => NULL,
  'UF_CRM_66A37C49B71B0' => 'N',
  'UF_CRM_66A393F36B81C' => 'N',
  'UF_CRM_66A8877061073' => NULL,
  'UF_CRM_LAST_DATE_SCORING' => '20.09.2024 14:50:09',
  'UF_CRM_COMPANY_KNTR_CERTIFICATE' => NULL,
  'UF_CRM_COMPANY_KNTR_LICENSES' => 
  array (
    0 => 'Сведения отсутствуют',
  ),
  'UF_CRM_66BCB21017020' => NULL,
  'UF_CRM_66BE04947C89F' => NULL,
  'UF_CRM_66BE5E5EDD8A8' => NULL,
  'UF_CRM_DATE_CHEK_OVK' => '01.10.2024',
  'UF_CRM_66CF165045560' => 'N',
  'UF_CRM_66CF237AB01B2' => NULL,
  'UF_CRM_COMPANY_CHKLST_AUTO_LIMIT' => 0.0,
  'UF_CRM_START_DATE_OF_RELATIONSHIP_WITH_CLIENT' => '30.09.2024',
  'UF_CRM_66D6B82A364E8' => 'N',
  'UF_CRM_66D6C1F20A473' => NULL,
  'UF_CRM_1725429005' => '225018',
  'UF_CRM_66DA9AF00E0CA' => NULL,
  'UF_CRM_66DAA8BDB2548' => NULL,
  'UF_CRM_66DECB0E5723C' => NULL,
  'UF_CRM_1726058034' => 20811,
  'UF_CRM_ROLE_OF_THE_CLIENT' => NULL,
  'UF_CRM_66E94E1C2FE60' => 'N',
  'UF_CRM_66ED562B96581' => NULL,
  'UF_CRM_66F3B418F07D4' => 'N',
  'UF_CRM_66F516C066959' => NULL,
  'UF_CRM_63DC8E8012089' => NULL,
  'UF_CRM_COMPANY_CHKLST_HAS_PERSON_RUSSIAN_NATIONAL' => 'Y',
  'UF_CRM_63DC8E80EAB7F' => NULL,
  'UF_CRM_COMPANY_CHKLST_MAX_ACTIVE_LOAN_OVERDUE_DAYS' => NULL,
  'UF_CRM_COMPANY_CHKLST_PERSON_LOAN_DATE' => NULL,
  'UF_CRM_COMPANY_CHKLST_PERSON_ACTIVE_MICRO_LOAN_CNT' => 0,
  'UF_CRM_COMPANY_CHKLST_PERSON_ACTIVE_FSSP_SUM' => 0.0,
  'UF_CRM_COMPANY_CHKLST_CLAIMS_SUM_INC_FOR_SIX_MONTH' => 0.0,
  'UF_CRM_COMPANY_CHKLST_LAST_BANKRUPTCY_DATE' => NULL,
  'UF_CRM_COMPANY_CHKLST_REFUSED_IN_STATUS_BY_DATA' => NULL,
  'UF_CRM_COMPANY_CHKLST_AUTOMATIC_APPROVE' => 
  array (
    0 => 'LimitForAutoApprove',
    1 => 'MaxActiveLoanOverdueAmount',
  ),
  'UF_CRM_1693311690037' => NULL,
  'UF_CRM_1702272911' => NULL,
  'UF_CRM_COMPANY_CHKLST_AUTHORIZED_PERSON' => 
  array (
    0 => 'SmoothedLimitForSixMonths',
  ),
  'UF_CRM_1702274540' => NULL,
  'UF_CRM_COMPANY_CHKLST_CREDIT_COMMITTEE' => NULL,
  'UF_CRM_1702274893' => NULL,
  'UF_CRM_COMPANY_CHKLST_ANY_LONG_OVERDUE_LOAN' => 'N',
  'UF_CRM_1702272991' => NULL,
  'UF_CRM_1702274601' => NULL,
  'UF_CRM_1702274922' => NULL,
  'UF_CRM_64AFAA0428E67' => 'Y',
  'UF_CRM_64AFAA105D048' => 'N',
  'UF_CRM_64AFAA1D0C71B' => 'N',
  'UF_CRM_64AFAA2376C31' => 'N',
  'UF_CRM_64AFAA2A8534A' => 'N',
  'UF_CRM_64B140D1998BC' => 'Y',
  'UF_CRM_1702273016' => NULL,
  'UF_CRM_1702274679' => NULL,
  'UF_CRM_1702274951' => NULL,
  'UF_CRM_1702273043' => NULL,
  'UF_CRM_1702274732' => NULL,
  'UF_CRM_1702274976' => NULL,
  'UF_CRM_6433D4F3F2CA8' => 
  array (
  ),
  'UF_CRM_6433D4F7C68A9' => 'N',
  'UF_CRM_6433D50101E16' => NULL,
  'UF_CRM_6433D50520ADB' => NULL,
  'UF_CRM_6433D508F2841' => NULL,
  'UF_CRM_6433D510E1BF2' => NULL,
  'UF_CRM_6433D514BC640' => NULL,
  'UF_CRM_6433D51CA112C' => NULL,
  'UF_CRM_6433D520A8E02' => 'N',
  'UF_CRM_6433D5254091B' => NULL,
  'UF_CRM_6433D52904F0B' => NULL,
  'UF_CRM_6433D52CEDB5D' => NULL,
  'UF_CRM_6433D530C9D5F' => NULL,
  'UF_CRM_6433D534A5249' => NULL,
  'UF_CRM_6433D5388255E' => NULL,
  'UF_CRM_6433D53CA00A0' => NULL,
  'UF_CRM_6433D540C9219' => NULL,
  'UF_CRM_6433D544976E5' => 'N',
  'UF_CRM_6433D548AB2B9' => NULL,
  'UF_CRM_6433D54D26D1A' => NULL,
  'UF_CRM_6433D55116D68' => NULL,
  'UF_CRM_6433D554F00E2' => NULL,
  'UF_CRM_6433D55A380EF' => NULL,
  'UF_CRM_6433D55EDDC35' => NULL,
  'UF_CRM_6433D563076D3' => 'N',
  'UF_CRM_6433D566CFBDC' => 'N',
  'UF_CRM_6433D5769C207' => NULL,
  'UF_CRM_6433D57A918DD' => 'N',
  'UF_CRM_6433D57E709AC' => 'N',
  'UF_CRM_6433D58274BF2' => 
  array (
  ),
  'UF_CRM_6433D58675AD3' => NULL,
  'UF_CRM_6433D58B15534' => 'N',
  'UF_CRM_6433D58F2C518' => 'N',
  'UF_CRM_6433D59377C10' => 'N',
  'UF_CRM_6433D59BB50D2' => NULL,
  'UF_CRM_6433D59FA70BF' => NULL,
  'UF_CRM_6433D5A39D79A' => NULL,
  'UF_CRM_6433D5A781D22' => 'N',
  'UF_CRM_6433D5ACCA71F' => 'N',
  'UF_CRM_6433D5B0BF6F6' => NULL,
  'UF_CRM_6433D5B551BCB' => NULL,
  'UF_CRM_6433D5BAC2650' => 'N',
  'UF_CRM_6433D5BFAFC5E' => 'N',
  'UF_CRM_6433D5C4C803A' => 'N',
  'UF_CRM_6433D5C94F74C' => 'N',
  'UF_CRM_6433D5D1B9D2D' => NULL,
  'UF_CRM_6433D5DB232A6' => NULL,
  'UF_CRM_6433D5DF58403' => NULL,
  'UF_CRM_6433D5E39E9D8' => NULL,
  'UF_CRM_6433D5E808AC3' => NULL,
  'UF_CRM_6433D5EC41159' => NULL,
  'UF_CRM_6433D5F0C05ED' => NULL,
  'UF_CRM_6433D5F64C9B9' => NULL,
  'UF_CRM_6433D60C9A897' => NULL,
  'UF_CRM_6433D6110E002' => NULL,
  'UF_CRM_6433D615EF44F' => 'N',
  'UF_CRM_6433D61A4109A' => 'N',
  'UF_CRM_6433D61EA2584' => 'N',
  'UF_CRM_6433D623015A5' => NULL,
  'UF_CRM_6433D62B9C7CA' => NULL,
  'UF_CRM_6433D63E714DA' => NULL,
  'UF_CRM_6433D6471B217' => NULL,
  'UF_CRM_6433D64B3FA42' => NULL,
  'UF_CRM_6433D64FC4DAA' => NULL,
  'UF_CRM_6433D6542205C' => NULL,
  'UF_CRM_6433D6587DE14' => NULL,
  'UF_CRM_6433D65CC025A' => NULL,
  'UF_CRM_6433D66113E88' => NULL,
  'UF_CRM_6433D66527DE4' => NULL,
  'UF_CRM_6433D669AEB8B' => NULL,
  'UF_CRM_6433D66EEFA4E' => NULL,
  'UF_CRM_6433D67394C6F' => NULL,
  'UF_CRM_6433D677D1006' => NULL,
  'UF_CRM_6433D67C18B9D' => NULL,
  'UF_CRM_6433D6814E4AF' => NULL,
  'UF_CRM_6433D685EAA16' => NULL,
  'UF_CRM_6433D68A37F87' => NULL,
  'UF_CRM_6433D68F4CCCF' => NULL,
  'UF_CRM_6433D6939D3CA' => NULL,
  'UF_CRM_6433D6981BA49' => NULL,
  'UF_CRM_6433D69C97CF7' => NULL,
  'UF_CRM_6433D6A67830F' => NULL,
  'UF_CRM_6433D6B4AF630' => NULL,
  'UF_CRM_6433D6B94F47D' => NULL,
  'UF_CRM_6433D6BD9D260' => NULL,
  'UF_CRM_6433D6C200515' => NULL,
  'UF_CRM_6433D6C6B088B' => NULL,
  'UF_CRM_6433D6CBCCBFA' => NULL,
  'UF_CRM_6433D6D049D2B' => NULL,
  'UF_CRM_6433D6D4B633A' => NULL,
  'UF_CRM_6433D6D956454' => NULL,
  'UF_CRM_6433D6E37CFF0' => NULL,
  'UF_CRM_6433D6E800BAE' => NULL,
  'UF_CRM_6433D6EC5FA96' => NULL,
  'UF_CRM_6433D6F0C99BA' => NULL,
  'UF_CRM_6433D6F5AC724' => NULL,
  'UF_CRM_6433D6FA26A12' => NULL,
  'UF_CRM_6433D70CCC90D' => 'N',
  'UF_CRM_6433D7157E09F' => NULL,
  'UF_CRM_6433D71A6FF09' => NULL,
  'UF_CRM_6433D71F3E8A5' => NULL,
  'UF_CRM_6433D7392E26A' => NULL,
  'UF_CRM_6433D73F0D2DF' => NULL,
  'UF_CRM_6433D743B1904' => NULL,
  'UF_CRM_6433D7487B115' => NULL,
  'UF_CRM_6433D74CD32E5' => NULL,
  'UF_CRM_6433D75163FC4' => NULL,
  'UF_CRM_6433D755A04D7' => NULL,
  'UF_CRM_6433D75F89BF9' => NULL,
  'UF_CRM_6433D764868E0' => NULL,
  'UF_CRM_6433D7696B073' => NULL,
  'UF_CRM_6433D76E7BB56' => NULL,
  'UF_CRM_6433D7731B7A3' => NULL,
  'UF_CRM_6433D777E2973' => 
  array (
  ),
  'UF_CRM_6433D77CBEA77' => NULL,
  'UF_CRM_6433D781210F0' => NULL,
  'UF_CRM_6433D78605E02' => NULL,
  'UF_CRM_6433D78AAB24A' => NULL,
  'UF_CRM_6433D78F9D85D' => NULL,
  'UF_CRM_6433D7947E2A2' => 'N',
  'UF_CRM_6433D798D40A4' => NULL,
  'UF_CRM_6433D79E2BF81' => 'N',
  'UF_CRM_6433D7A31BF36' => 'N',
  'UF_CRM_6433D7A79C4AD' => 'N',
  'UF_CRM_6433D7AC36DA0' => 'N',
  'UF_CRM_6433D7B0E89CA' => 'N',
  'UF_CRM_6433D7B5CA806' => 'N',
  'UF_CRM_6433D7BB32220' => NULL,
  'UF_CRM_6433D7C44A6BE' => NULL,
  'UF_CRM_6433D7C925893' => '631815903918',
  'UF_CRM_6433D7CDBE9B3' => NULL,
  'UF_CRM_6433D7D2CA9D0' => 
  array (
  ),
  'UF_CRM_6433D7D85148E' => NULL,
  'UF_CRM_6433D7EB28C4D' => NULL,
  'UF_CRM_6433D7EFA5EE5' => 'N',
  'UF_CRM_6433D7F4C24BE' => 'N',
  'UF_CRM_6433D7F94E2BF' => 'N',
  'UF_CRM_6433D7FDA3CF7' => 'N',
  'UF_CRM_6433D8027C169' => NULL,
  'UF_CRM_6433D8076B60C' => NULL,
  'UF_CRM_6433D80C6AAC2' => 
  array (
  ),
  'UF_CRM_6433D812D0410' => NULL,
  'UF_CRM_6433D8180E2AA' => NULL,
  'UF_CRM_6433D8213379F' => NULL,
  'UF_CRM_6433D825DEFE0' => NULL,
  'UF_CRM_6433D82B26028' => NULL,
  'UF_CRM_6433D8317589F' => NULL,
  'UF_CRM_6433D8365C605' => NULL,
  'UF_CRM_6433D83B28222' => NULL,
  'UF_CRM_6433D83FCD224' => NULL,
  'UF_CRM_6433D844B7B1F' => 
  array (
  ),
  'UF_CRM_6433D849CB971' => NULL,
  'UF_CRM_6433D84FB1160' => NULL,
  'UF_CRM_6433D85482CE1' => NULL,
  'UF_CRM_6433D85991988' => NULL,
  'UF_CRM_6433D85E769F2' => NULL,
  'UF_CRM_6433D8631A037' => 'N',
  'UF_CRM_6433D868172EA' => 'N',
  'UF_CRM_6433D8767751E' => NULL,
  'UF_CRM_6433D87B71D16' => NULL,
  'UF_CRM_6433D88513B06' => NULL,
  'UF_CRM_6433D889AE929' => NULL,
  'UF_CRM_6433D88E9A256' => NULL,
  'UF_CRM_6433D8937CA28' => NULL,
  'UF_CRM_6433D8987B695' => NULL,
  'UF_CRM_6433D89D85315' => NULL,
  'UF_CRM_6433D8A27269E' => NULL,
  'UF_CRM_6433D8A761A6B' => NULL,
  'UF_CRM_6433D8ACC957A' => NULL,
  'UF_CRM_6433D8B19DA6D' => NULL,
  'UF_CRM_6433D8C0A4C1A' => NULL,
  'UF_CRM_6433D8C5A9B9B' => NULL,
  'UF_CRM_6433D8CB550E6' => NULL,
  'UF_CRM_6433D8D01A638' => NULL,
  'UF_CRM_6433D8D4CBC9A' => NULL,
  'UF_CRM_6433D8D9C0945' => NULL,
  'UF_CRM_6433D8DE9D3AB' => NULL,
  'UF_CRM_6433D8E367985' => 
  array (
  ),
  'UF_CRM_6433D8E8C1152' => NULL,
  'UF_CRM_6433D8F247A4D' => NULL,
  'UF_CRM_6433D8F7302F1' => 'N',
  'UF_CRM_6433D8FC11F83' => 'N',
  'UF_CRM_6433D90101FF1' => NULL,
  'UF_CRM_6433D90631990' => 'N',
  'UF_CRM_6433D90AC33C4' => 'N',
  'UF_CRM_6433D90F71F5F' => NULL,
  'UF_CRM_6433D91464A5A' => 'N',
  'UF_CRM_6433D919209AA' => 'N',
  'UF_CRM_6433D91DC96A8' => NULL,
  'UF_CRM_6433D92778C5C' => NULL,
  'UF_CRM_6433D92C1FC55' => NULL,
  'UF_CRM_6433D93083EE6' => NULL,
  'UF_CRM_6433D9350FACA' => 'N',
  'UF_CRM_6433D93992C16' => 'N',
  'UF_CRM_6433D95C4B2CA' => NULL,
  'UF_CRM_6433D96210B1B' => NULL,
  'UF_CRM_6433D966943B7' => NULL,
  'UF_CRM_6433D97F0A3F5' => NULL,
  'UF_CRM_6433D988E2D02' => 'N',
  'UF_CRM_6433D9978DE67' => NULL,
  'UF_CRM_6433D99D4ED62' => 
  array (
  ),
  'UF_CRM_6433D9A2405D7' => NULL,
  'UF_CRM_6433D9A72985A' => 'N',
  'UF_CRM_6433D9AC79B71' => 'N',
  'UF_CRM_6433D9B1D29EE' => NULL,
  'UF_CRM_6433D9B6D6250' => NULL,
  'UF_CRM_6433D9C14D69E' => NULL,
  'UF_CRM_6433D9C61A5D8' => NULL,
  'UF_CRM_6433D9CAE827A' => NULL,
  'UF_CRM_6433D9CFAB885' => NULL,
  'UF_CRM_6433D9D5EB607' => NULL,
  'UF_CRM_6433D9DB9CB20' => NULL,
  'UF_CRM_6433D9E071032' => NULL,
  'UF_CRM_6433D9E61CF1D' => NULL,
  'UF_CRM_6433D9EAE80A2' => NULL,
  'UF_CRM_6433D9F0C964C' => NULL,
  'UF_CRM_6433DA00C9646' => NULL,
  'UF_CRM_6433DA06B96E6' => 
  array (
  ),
  'UF_CRM_6433DA0B807E3' => NULL,
  'UF_CRM_6433DA105EF8B' => NULL,
  'UF_CRM_6433DA159BDDE' => NULL,
  'UF_CRM_6433DA1A8C1ED' => NULL,
  'UF_CRM_6433DA1F45E7B' => NULL,
  'UF_CRM_6433DA23E6F92' => NULL,
  'UF_CRM_6433DA28A8213' => NULL,
  'UF_CRM_6433DA2D9188A' => NULL,
  'UF_CRM_6433DA3332A3B' => NULL,
  'UF_CRM_6433DA387087D' => NULL,
  'UF_CRM_6433DA3D867BD' => NULL,
  'UF_CRM_6433DA42DE712' => 'N',
  'UF_CRM_6433DA47B9298' => 'N',
  'UF_CRM_6433DA4CBE556' => 'N',
  'UF_CRM_6433DA5287C90' => NULL,
  'UF_CRM_6433DA5785D79' => NULL,
  'UF_CRM_6433DA5C6531D' => NULL,
  'UF_CRM_6433DA614BC63' => NULL,
  'UF_CRM_6433DA6CBE342' => NULL,
  'UF_CRM_6433DA71A6ADF' => NULL,
  'UF_CRM_6433DA7B1FB7A' => NULL,
  'UF_CRM_6433DA8544CE5' => NULL,
  'UF_CRM_6433DA8B64379' => NULL,
  'UF_CRM_6433DA9F7B164' => 'N',
  'UF_CRM_6433DAAFB06E7' => NULL,
  'UF_CRM_6433DAB5170CB' => NULL,
  'UF_CRM_6433DABADC0AD' => 
  array (
  ),
  'UF_CRM_6433DABFD57B4' => NULL,
  'UF_CRM_6433DAC565F22' => NULL,
  'UF_CRM_6433DACB7665A' => NULL,
  'UF_CRM_6433DAD10872E' => NULL,
  'UF_CRM_6433DAD606254' => NULL,
  'UF_CRM_6433DADB6BE29' => NULL,
  'UF_CRM_6433DAE0DB90E' => 'N',
  'UF_CRM_6433DAE5D294F' => NULL,
  'UF_CRM_6433DAEA9AEB4' => NULL,
  'UF_CRM_6433DAF43BFA0' => NULL,
  'UF_CRM_6433DAF90CF31' => NULL,
  'UF_CRM_6433DAFE658A0' => NULL,
  'UF_CRM_6433DB03D0B4B' => NULL,
  'UF_CRM_6433DB09A48B3' => NULL,
  'UF_CRM_6433DB0EADBA3' => NULL,
  'UF_CRM_6433DB1376625' => 'N',
  'UF_CRM_6433DB18501D2' => 'N',
  'UF_CRM_6433DB1D65F3E' => NULL,
  'UF_CRM_6433DB23AE767' => NULL,
  'UF_CRM_6433DB291422B' => NULL,
  'UF_CRM_6433DB381DAE3' => NULL,
  'UF_CRM_6433DB4C1C1D3' => NULL,
  'UF_CRM_6433DB513B488' => 
  array (
  ),
  'UF_CRM_6433DB56EE29D' => NULL,
  'UF_CRM_6433DB5C0606C' => NULL,
  'UF_CRM_6433DB61293DF' => 'N',
  'UF_CRM_6433DB667488F' => NULL,
  'UF_CRM_6433DB6BB1907' => NULL,
  'UF_CRM_6433DB70ABF48' => NULL,
  'UF_CRM_6433DB75B3CF3' => NULL,
  'UF_CRM_6433DB7B5B174' => NULL,
  'UF_CRM_6433DB804E21A' => NULL,
  'UF_CRM_6433DB8A5B216' => NULL,
  'UF_CRM_6433DB8FBE55A' => NULL,
  'UF_CRM_6433DB951130B' => NULL,
  'UF_CRM_6433DB9AA49A9' => NULL,
  'UF_CRM_6433DB9FCF9E4' => NULL,
  'UF_CRM_6433DBA519EAE' => NULL,
  'UF_CRM_6433DBAA49EB6' => NULL,
  'UF_CRM_6433DBAF367B5' => NULL,
  'UF_CRM_6433DBB42A707' => NULL,
  'UF_CRM_6433DBB98DD53' => '17611',
  'UF_CRM_6433DBBE90F98' => NULL,
  'UF_CRM_6433DBCD893E5' => NULL,
  'UF_CRM_6433DBD8A6465' => NULL,
  'UF_CRM_6433DBDD88F32' => NULL,
  'UF_CRM_6433DBE2A3E0F' => NULL,
  'UF_CRM_6433DBE7CB8D4' => NULL,
  'UF_CRM_6433DBED5A35F' => NULL,
  'UF_CRM_6433DBF277DA1' => NULL,
  'UF_CRM_6433DBF7A5906' => NULL,
  'UF_CRM_6433DBFCD0DAC' => NULL,
  'UF_CRM_6433DC01C49E0' => NULL,
  'UF_CRM_6433DC075C5C5' => NULL,
  'UF_CRM_6433DC0C620C9' => NULL,
  'UF_CRM_6433DC12355C4' => NULL,
  'UF_CRM_644253DA150F9' => NULL,
  'UF_CRM_6450B69DA5229' => NULL,
  'UF_CRM_6450B6A2B31FD' => NULL,
  'UF_CRM_6450B6A9A2DAA' => NULL,
  'UF_CRM_648307399DE36' => NULL,
  'UF_CRM_64DB52798B20D' => NULL,
  'UF_CRM_64DB528EA60C0' => NULL,
  'UF_CRM_64DB52953D51D' => 
  array (
  ),
  'UF_CRM_65697A9FD755C' => NULL,
  'UF_CRM_65697AAB1C031' => NULL,
  'UF_CRM_1702273072' => NULL,
  'UF_CRM_6576A65667203' => NULL,
  'UF_CRM_65C07D53DF3FC' => NULL,
  'UF_CRM_65C07D6697009' => NULL,
  'UF_CRM_65C07D76E1FAE' => NULL,
  'UF_CRM_65C07D89BE1C2' => NULL,
  'UF_CRM_65C07DA44C596' => NULL,
  'UF_CRM_65C36CB41ED64' => NULL,
  'UF_CRM_65C36CC0819AC' => NULL,
  'UF_CRM_65C36CCC78A5D' => NULL,
  'UF_CRM_65C36CD8D34FA' => NULL,
  'UF_CRM_65C36CE48D4DC' => NULL,
  'UF_CRM_65C36CF138109' => NULL,
  'UF_CRM_65C36CFDE28CD' => NULL,
  'UF_CRM_65C36D0AA046B' => NULL,
  'UF_CRM_65C36D1778B3D' => NULL,
  'UF_CRM_65E85CE9DD498' => NULL,
  'UF_CRM_65E85CF698239' => NULL,
  'UF_CRM_65E85D0356B0C' => NULL,
  'UF_CRM_65E85D10E3929' => NULL,
  'UF_CRM_65E85D2AE9D32' => 'N',
  'UF_CRM_65E85D2D8F069' => 'N',
  'UF_CRM_65E85D530D947' => 'N',
  'UF_CRM_65E85D5F7B07F' => 'N',
  'UF_CRM_65E85D6C5B559' => 'N',
  'UF_CRM_65E85D79597B1' => 'N',
  'UF_CRM_65E85D9F2B5F3' => 'N',
  'UF_CRM_65E85DABD9DE9' => 'N',
  'UF_CRM_65E85DB91D47D' => NULL,
  'UF_CRM_65E85DC5AD086' => NULL,
  'UF_CRM_65E860588AF86' => 'N',
  'UF_CRM_65E86064DEDE9' => 'N',
  'UF_CRM_65E86071C7618' => NULL,
  'UF_CRM_65E8608C520EC' => 'N',
  'UF_CRM_65E860995BBB0' => 'N',
  'UF_CRM_65E860A6A668F' => NULL,
  'UF_CRM_65E860C07E03C' => 'N',
  'UF_CRM_65E8641A35FD2' => NULL,
  'UF_CRM_664B416EE52B8' => 'N',
  'UF_CRM_664DDE5F01D91' => 'N',
  'UF_CRM_66599AF534710' => 'N',
  'UF_CRM_6694FE04E26DF' => NULL,
  'UF_CRM_UF_SE_TASK_ID' => 'd3e59eca-72cf-4382-acc2-c9103044fa10',
  'UF_CRM_COMPANY_SYNC_SE_ID' => NULL,
  'UF_CRM_66962BE28E2C8' => NULL,
  'UF_CRM_UPDATE_INFO_LK' => 'N',
  'UF_CRM_6433D81CA7153' => NULL,
  'UF_CRM_6433D8B6D4588' => NULL,
  'UF_CRM_6433D8BB99B24' => NULL,
  'UF_CRM_ORGANIZATION' => NULL,
  'UF_CRM_6433D9F65FBDF' => NULL,
  'UF_CRM_COMPANY_SERVICE_EDO' => NULL,
  'UF_CRM_COMPANY_LINKS_TO_MARKETPLACES' => NULL,
  'UF_CRM_66962BDFCF38D' => NULL,
  'UF_CRM_6433DB2E14E18' => NULL,
  'UF_CRM_BRANCH' => NULL,
  'UF_CRM_66AB1E31D42A1' => NULL,
  'UF_CRM_66AB1E34613D2' => 'N',
  'UF_CRM_66AB1E36A70F7' => 'N',
  'UF_CRM_66AB1E38E50A7' => 'N',
  'UF_CRM_66AB1E3B2F043' => 'N',
  'UF_CRM_66AB1E3D5BE8F' => NULL,
  'UF_CRM_6433D64295EDD' => NULL,
  'UF_CRM_6433D6A10D288' => NULL,
  'UF_CRM_66AB1E3F87E06' => NULL,
  'UF_CRM_66BDA70FA34E7' => NULL,
  'UF_CRM_66AB1E41B2A03' => 'N',
  'UF_CRM_66AB1E43CF81A' => 'N',
  'UF_CRM_66AB1E45EC1FB' => NULL,
  'UF_CRM_6433D96B3E940' => NULL,
  'UF_CRM_66BDA71CA674D' => NULL,
  'UF_CRM_66AB1E480DF6F' => NULL,
  'UF_CRM_66AB1E4A55D34' => 'N',
  'UF_CRM_COMPANY_KNTR_CERTIFICATES' => NULL,
  'UF_CRM_63DC8E84F225A' => NULL,
  'UF_CRM_66BDA71779FDF' => NULL,
  'UF_CRM_66BDA70D20626' => NULL,
  'UF_CRM_66BDA71A1819E' => NULL,
  'UF_CRM_6433DB330C82B' => NULL,
  'UF_CRM_6433DB423C443' => NULL,
  'UF_CRM_6433DB4712020' => NULL,
  'UF_CRM_66AB1E4C63CAA' => 'N',
  'UF_CRM_66BDA7124A592' => NULL,
  'UF_CRM_66BDA714DDF11' => NULL,
  'UF_CRM_63DC8E84208D9' => NULL,
  'UF_CRM_66DEDFDA6A80B' => NULL,
  'UF_CRM_1702274795' => NULL,
  'UF_CRM_1702275014' => NULL,
  'UF_STAMP' => NULL,
  'UF_CRM_63DC8E81DE8D9' => 'N',
  'UF_CRM_63DC8E832E5A2' => 'N',
  'UF_DIRECTOR_SIGN' => NULL,
  'UF_CRM_63DC8E85CFCF8' => NULL,
  'UF_ACCOUNTANT_SIGN' => NULL,
  'UF_CRM_66278F492F2AB' => NULL,
  'UF_CRM_66278F56B20AB' => NULL,
  'UF_CRM_1614957860' => 
  array (
  ),
  'UF_CRM_63DC8E86B16B4' => NULL,
  'UF_CRM_COMPANY_AMO_MTMCUBCZWNNFI' => NULL,
  'UF_CRM_COMPANY_AMO_LDBCSXXLXKSAO' => NULL,
  'UF_CRM_COMPANY_AMO_IQELLRVUCLCMX' => NULL,
  'UF_CRM_COMPANY_AMO_STOVXRACHEMXN' => NULL,
  'UF_CRM_1614958759' => NULL,
  'UF_CRM_1614975460' => NULL,
  'UF_CRM_1614960190' => NULL,
  'UF_CRM_1614960517' => 'N',
  'UF_CRM_655CAA3806A4E' => NULL,
  'UF_CRM_1614960589' => 'N',
  'UF_CRM_1614960625' => 'N',
  'UF_CRM_1614960645' => 'N',
  'UF_CRM_1664274186' => 'N',
  'UF_CRM_1664274218' => 'N',
  'UF_CRM_1615066460' => NULL,
  'UF_CRM_1615200179' => NULL,
  'UF_CRM_1615200236' => 
  array (
  ),
  'UF_CRM_1666263448' => NULL,
  'UF_CRM_1680181141' => NULL,
  'UF_CRM_63DC8E8791D13' => NULL,
  'UF_CRM_1671612944' => 
  array (
  ),
  'UF_CRM_1671612985' => 
  array (
  ),
  'UF_CRM_DATE_OF_INSPECTION_OVK_SINGLE' => NULL,
  'UF_CRM_EXPIRED_CONSENT_SINGLE' => NULL,
  'UF_CRM_LIST_OF_BENEFICIARIES_SINGLE' => NULL,
  'UF_CRM_BENEFICIARIES_SINGLE' => NULL,
  'UF_CRM_COMPANY_KNTR_BANKS_SINGLE' => NULL,
  'UF_CRM_1617022509_SINGLE' => NULL,
  'UF_CRM_COMPANY_SS_ORG_SINGLE' => NULL,
  'UF_CRM_1687947495_SINGLE' => NULL,
  'UF_CRM_64DB2F96F1AE7_SINGLE' => NULL,
  'UF_CRM_64DB2F9DECE37_SINGLE' => NULL,
  'UF_CRM_64DB441DEE816_SINGLE' => NULL,
  'UF_CRM_64DB4425AB05C_SINGLE' => NULL,
  'UF_CRM_64DB442E55674_SINGLE' => NULL,
  'UF_CRM_64DB4434EF3A3_SINGLE' => NULL,
  'UF_CRM_64DB443BE1A9C_SINGLE' => NULL,
  'UF_CRM_64DB444343D37_SINGLE' => NULL,
  'UF_CRM_1693788279_SINGLE' => NULL,
  'UF_CRM_RU_DIADOK_SINGLE' => NULL,
  'UF_CRM_6526A6509E0DC_SINGLE' => NULL,
  'UF_CRM_6545DCFE01CA4_SINGLE' => NULL,
  'UF_CRM_6545DD05C700C_SINGLE' => NULL,
  'UF_CRM_65DF019419A3C_SINGLE' => NULL,
  'UF_CRM_COMPANY_KNTR_CERTIFICATE_SINGLE' => NULL,
  'UF_CRM_COMPANY_KNTR_LICENSES_SINGLE' => NULL,
  'UF_CRM_66DAA8BDB2548_SINGLE' => NULL,
  'UF_CRM_ROLE_OF_THE_CLIENT_SINGLE' => NULL,
  'UF_CRM_COMPANY_CHKLST_REFUSED_IN_STATUS_BY_DATA_SINGLE' => NULL,
  'UF_CRM_COMPANY_CHKLST_AUTOMATIC_APPROVE_SINGLE' => NULL,
  'UF_CRM_COMPANY_CHKLST_AUTHORIZED_PERSON_SINGLE' => NULL,
  'UF_CRM_COMPANY_CHKLST_CREDIT_COMMITTEE_SINGLE' => NULL,
  'UF_CRM_6433D4F3F2CA8_SINGLE' => NULL,
  'UF_CRM_6433D58274BF2_SINGLE' => NULL,
  'UF_CRM_6433D5FEDCCDC_SINGLE' => NULL,
  'UF_CRM_6433D6084A319_SINGLE' => NULL,
  'UF_CRM_6433D62FE7442_SINGLE' => NULL,
  'UF_CRM_6433D6355E340_SINGLE' => NULL,
  'UF_CRM_6433D63A11E51_SINGLE' => NULL,
  'UF_CRM_6433D702C5A07_SINGLE' => NULL,
  'UF_CRM_6433D70829928_SINGLE' => NULL,
  'UF_CRM_6433D7112B0A2_SINGLE' => NULL,
  'UF_CRM_6433D72469DA8_SINGLE' => NULL,
  'UF_CRM_6433D7290604B_SINGLE' => NULL,
  'UF_CRM_6433D7328E598_SINGLE' => NULL,
  'UF_CRM_6433D777E2973_SINGLE' => NULL,
  'UF_CRM_6433D7D2CA9D0_SINGLE' => NULL,
  'UF_CRM_6433D80C6AAC2_SINGLE' => NULL,
  'UF_CRM_6433D844B7B1F_SINGLE' => NULL,
  'UF_CRM_6433D86D38393_SINGLE' => NULL,
  'UF_CRM_6433D8719A73A_SINGLE' => NULL,
  'UF_CRM_6433D8E367985_SINGLE' => NULL,
  'UF_CRM_6433D8ED76753_SINGLE' => NULL,
  'UF_CRM_6433D94467769_SINGLE' => NULL,
  'UF_CRM_6433D9494F3E2_SINGLE' => NULL,
  'UF_CRM_6433D98DC980E_SINGLE' => NULL,
  'UF_CRM_6433D9928709F_SINGLE' => NULL,
  'UF_CRM_6433D99D4ED62_SINGLE' => NULL,
  'UF_CRM_6433D9FB43081_SINGLE' => NULL,
  'UF_CRM_6433DA06B96E6_SINGLE' => NULL,
  'UF_CRM_6433DABADC0AD_SINGLE' => NULL,
  'UF_CRM_6433DB513B488_SINGLE' => NULL,
  'UF_CRM_6433DBC84FB76_SINGLE' => NULL,
  'UF_CRM_64DB52953D51D_SINGLE' => NULL,
  'UF_CRM_6433D8B6D4588_SINGLE' => NULL,
  'UF_CRM_ORGANIZATION_SINGLE' => NULL,
  'UF_CRM_6433D9F65FBDF_SINGLE' => NULL,
  'UF_CRM_COMPANY_LINKS_TO_MARKETPLACES_SINGLE' => NULL,
  'UF_CRM_BRANCH_SINGLE' => NULL,
  'UF_CRM_66BDA714DDF11_SINGLE' => NULL,
  'UF_CRM_1614957860_SINGLE' => NULL,
  'UF_CRM_1615200236_SINGLE' => NULL,
  'UF_CRM_1671612944_SINGLE' => NULL,
  'UF_CRM_1671612985_SINGLE' => NULL,
  'PARENT_ID_129' => NULL,
  'PARENT_ID_132' => NULL,
  'PARENT_ID_134' => NULL,
  'PARENT_ID_139' => NULL,
  'PARENT_ID_141' => NULL,
  'PARENT_ID_147' => NULL,
  'PARENT_ID_148' => NULL,
  'PARENT_ID_149' => NULL,
  'PARENT_ID_151' => NULL,
  'PARENT_ID_153' => NULL,
  'PARENT_ID_157' => NULL,
  'PARENT_ID_172' => NULL,
  'PARENT_ID_174' => NULL,
  'PARENT_ID_175' => NULL,
  'PARENT_ID_182' => NULL,
  'PARENT_ID_184' => NULL,
  'PARENT_ID_185' => NULL,
  'PARENT_ID_190' => NULL,
  'PARENT_ID_1050' => NULL,
  'PARENT_ID_1060' => NULL,
  'Тип' => 'Компания',
  'contactPersonDetails' => 
  array (
    0 => 
    array (
      'nameText' => 'Глухов Александр Александрович',
      'birthDate' => '07.08.1992',
      'phone' => '9871623723',
      'stateId' => '3',
      'commentText' => '',
    ),
  ),
  'Реквизиты' => 
  array (
    'ID' => '136064',
    'ENTITY_TYPE_ID' => '4',
    'ENTITY_ID' => '37878',
    'PRESET_ID' => '2',
    'DATE_CREATE' => '2024-02-06 12:25:14',
    'DATE_MODIFY' => '2024-10-02 13:10:14',
    'CREATED_BY_ID' => '26595',
    'MODIFY_BY_ID' => '26595',
    'NAME' => 'Глухова Оксана Михайловна',
    'CODE' => NULL,
    'XML_ID' => NULL,
    'ORIGINATOR_ID' => NULL,
    'ACTIVE' => 'Y',
    'ADDRESS_ONLY' => 'N',
    'SORT' => '500',
    'RQ_NAME' => 'Глухова Оксана Михайловна',
    'RQ_FIRST_NAME' => 'Оксана',
    'RQ_LAST_NAME' => 'Глухова',
    'RQ_SECOND_NAME' => 'Михайловна',
    'RQ_COMPANY_NAME' => '',
    'RQ_COMPANY_FULL_NAME' => '',
    'RQ_COMPANY_REG_DATE' => '20.01.2020',
    'RQ_DIRECTOR' => '',
    'RQ_ACCOUNTANT' => '',
    'RQ_CEO_NAME' => '',
    'RQ_CEO_WORK_POS' => '',
    'RQ_CONTACT' => '',
    'RQ_EMAIL' => '',
    'RQ_PHONE' => '',
    'RQ_FAX' => '',
    'RQ_IDENT_TYPE' => '',
    'RQ_IDENT_DOC' => 'Паспорт гражданина Российской Федерации',
    'RQ_IDENT_DOC_SER' => '3616',
    'RQ_IDENT_DOC_NUM' => '280423',
    'RQ_IDENT_DOC_PERS_NUM' => '',
    'RQ_IDENT_DOC_DATE' => '30.09.2016',
    'RQ_IDENT_DOC_ISSUED_BY' => 'ОТДЕЛОМ УФМС РОССИИ ПО САМАРСКОЙ ОБЛАСТИ В СОВЕТСКОМ РАЙОНЕ ГОР. САМАРЫ',
    'RQ_IDENT_DOC_DEP_CODE' => '630-002',
    'RQ_INN' => '631815903918',
    'RQ_KPP' => '',
    'RQ_USRLE' => '',
    'RQ_IFNS' => 'Межрайонная инспекция Федеральной налоговой службы № 22 по Самарской области',
    'RQ_OGRN' => '',
    'RQ_OGRNIP' => '320631300005576',
    'RQ_OKPO' => '0173872611',
    'RQ_OKTMO' => '',
    'RQ_OKVED' => '15.12',
    'RQ_EDRPOU' => '',
    'RQ_DRFO' => '',
    'RQ_KBE' => '',
    'RQ_IIN' => '',
    'RQ_BIN' => '',
    'RQ_ST_CERT_SER' => '',
    'RQ_ST_CERT_NUM' => '',
    'RQ_ST_CERT_DATE' => '',
    'RQ_VAT_PAYER' => 'N',
    'RQ_VAT_ID' => '',
    'RQ_VAT_CERT_SER' => '',
    'RQ_VAT_CERT_NUM' => '',
    'RQ_VAT_CERT_DATE' => '',
    'RQ_RESIDENCE_COUNTRY' => '',
    'RQ_BASE_DOC' => '',
    'RQ_REGON' => '',
    'RQ_KRS' => '',
    'RQ_PESEL' => '',
    'RQ_LEGAL_FORM' => '',
    'RQ_SIRET' => '',
    'RQ_SIREN' => '',
    'RQ_CAPITAL' => '',
    'RQ_RCS' => '',
    'RQ_SIGNATURE' => '0',
    'RQ_STAMP' => '0',
    'RQ_COMPANY_ID' => '',
    'RQ_CNPJ' => '',
    'RQ_STATE_REG' => '',
    'RQ_MNPL_REG' => '',
    'RQ_CPF' => '',
    'VALUE_ID' => '136064',
    'UF_CRM_1647929611' => 'ГОР. КУЙБЫШЕВ',
    'UF_CRM_1647931933' => NULL,
    'UF_CRM_1647931942' => NULL,
    'UF_CRM_1647931950' => NULL,
    'UF_CRM_1647931979' => NULL,
    'UF_CRM_1647931992' => NULL,
    'UF_CRM_1647932011' => NULL,
    'UF_CRM_1651842340' => NULL,
    'UF_CRM_1684476607' => NULL,
    'UF_CRM_1684493639' => '1984-09-09 00:00:00',
    'UF_CRM_1688964741' => 'Межрайонная инспекция Федеральной налоговой службы № 24 по Самарской области',
    'UF_CRM_1688965107' => NULL,
    'UF_CRM_1692611897' => 'ж',
    'UF_CRM_1692611956' => NULL,
    'UF_CRM_1697697990' => '0',
    'UF_CRM_1697699468' => '0',
    'UF_CRM_1697782220' => '1',
    'UF_CRM_1697782233' => '0',
    'UF_CRM_DIRECT_CHECKOUT' => '1',
  ),
  'Адреса' => 
  array (
    0 => 
    array (
      'TYPE_ID' => '1',
      'ENTITY_TYPE_ID' => '8',
      'ENTITY_ID' => '136064',
      'ANCHOR_TYPE_ID' => '4',
      'ANCHOR_ID' => '37878',
      'ADDRESS_1' => 'Стара Загора ул, 35 ',
      'ADDRESS_2' => '42',
      'CITY' => 'Самара г',
      'POSTAL_CODE' => NULL,
      'REGION' => NULL,
      'PROVINCE' => 'Самарская обл',
      'COUNTRY' => 'Россия',
      'COUNTRY_CODE' => NULL,
      'LOC_ADDR_ID' => '305925',
      'IS_DEF' => '1',
      'ID' => '3991138',
      'STREET' => NULL,
      'BUILDING' => NULL,
      'HOUSE' => '35 ',
    ),
    1 => 
    array (
      'TYPE_ID' => '4',
      'ENTITY_TYPE_ID' => '8',
      'ENTITY_ID' => '136064',
      'ANCHOR_TYPE_ID' => '4',
      'ANCHOR_ID' => '37878',
      'ADDRESS_1' => 'Стара Загора ул, 35 ',
      'ADDRESS_2' => '42',
      'CITY' => 'Самара г',
      'POSTAL_CODE' => NULL,
      'REGION' => NULL,
      'PROVINCE' => 'Самарская обл',
      'COUNTRY' => 'Россия',
      'COUNTRY_CODE' => NULL,
      'LOC_ADDR_ID' => '305929',
      'IS_DEF' => '1',
      'ID' => '3991139',
      'STREET' => NULL,
      'BUILDING' => NULL,
      'HOUSE' => '35 ',
    ),
  ),
  'Банк' => 
  array (
    0 => 
    array (
      'ID' => '6836',
      'ENTITY_TYPE_ID' => '8',
      'ENTITY_ID' => '136064',
      'COUNTRY_ID' => '1',
      'DATE_CREATE' => '2024-09-30 17:27:08',
      'DATE_MODIFY' => '2024-10-02 13:10:19',
      'CREATED_BY_ID' => '26595',
      'MODIFY_BY_ID' => '26595',
      'NAME' => 'Расчетный счет',
      'CODE' => NULL,
      'XML_ID' => NULL,
      'ORIGINATOR_ID' => NULL,
      'ACTIVE' => 'Y',
      'SORT' => '500',
      'RQ_BANK_NAME' => 'ООО "Банк Точка"',
      'RQ_BANK_ADDR' => '',
      'RQ_BANK_ROUTE_NUM' => NULL,
      'RQ_BIK' => '044525104',
      'RQ_MFO' => NULL,
      'RQ_ACC_NAME' => NULL,
      'RQ_ACC_NUM' => '40802810214500033657',
      'RQ_IIK' => NULL,
      'RQ_ACC_CURRENCY' => 'руб.',
      'RQ_COR_ACC_NUM' => '30101810745374525104',
      'RQ_IBAN' => NULL,
      'RQ_SWIFT' => '',
      'RQ_BIC' => NULL,
      'RQ_CODEB' => NULL,
      'RQ_CODEG' => NULL,
      'RQ_RIB' => NULL,
      'COMMENTS' => 'МКК',
      'RQ_BANK_CODE' => NULL,
      'RQ_ACC_TYPE' => NULL,
      'RQ_AGENCY_NAME' => NULL,
    ),
    1 => 
    array (
      'ID' => '6837',
      'ENTITY_TYPE_ID' => '8',
      'ENTITY_ID' => '136064',
      'COUNTRY_ID' => '1',
      'DATE_CREATE' => '2024-09-30 17:27:08',
      'DATE_MODIFY' => '2024-10-02 13:10:19',
      'CREATED_BY_ID' => '26595',
      'MODIFY_BY_ID' => '26595',
      'NAME' => 'Номинальный счет',
      'CODE' => NULL,
      'XML_ID' => NULL,
      'ORIGINATOR_ID' => NULL,
      'ACTIVE' => 'Y',
      'SORT' => '500',
      'RQ_BANK_NAME' => 'ООО "Банк Точка"',
      'RQ_BANK_ADDR' => '',
      'RQ_BANK_ROUTE_NUM' => NULL,
      'RQ_BIK' => '044525104',
      'RQ_MFO' => NULL,
      'RQ_ACC_NAME' => NULL,
      'RQ_ACC_NUM' => '40802810420000431190',
      'RQ_IIK' => NULL,
      'RQ_ACC_CURRENCY' => 'руб.',
      'RQ_COR_ACC_NUM' => '30101810745374525104',
      'RQ_IBAN' => NULL,
      'RQ_SWIFT' => '',
      'RQ_BIC' => NULL,
      'RQ_CODEB' => NULL,
      'RQ_CODEG' => NULL,
      'RQ_RIB' => NULL,
      'COMMENTS' => 'МКК',
      'RQ_BANK_CODE' => NULL,
      'RQ_ACC_TYPE' => NULL,
      'RQ_AGENCY_NAME' => NULL,
    ),
  ),
  'КонтактныеДанные' => 
  array (
    0 => 
    array (
      'ID' => '1426907',
      'ENTITY_ID' => 'COMPANY',
      'ELEMENT_ID' => '37878',
      'TYPE_ID' => 'PHONE',
      'VALUE_TYPE' => 'WORK',
      'COMPLEX_ID' => 'PHONE_WORK',
      'VALUE' => '+79377909937',
    ),
    1 => 
    array (
      'ID' => '1426908',
      'ENTITY_ID' => 'COMPANY',
      'ELEMENT_ID' => '37878',
      'TYPE_ID' => 'EMAIL',
      'VALUE_TYPE' => 'WORK',
      'COMPLEX_ID' => 'EMAIL_WORK',
      'VALUE' => 'bruxel@mail.ru',
    ),
    2 => 
    array (
      'ID' => '1429531',
      'ENTITY_ID' => 'COMPANY',
      'ELEMENT_ID' => '37878',
      'TYPE_ID' => 'EMAIL',
      'VALUE_TYPE' => 'OTHER',
      'COMPLEX_ID' => 'EMAIL_OTHER',
      'VALUE' => 'bruxel@mail.ru',
    ),
  ),
  'Представитель' => '',
  'Бенефициар1' => NULL,
  'Бенефициар2' => NULL,
  'Бенефициар3' => NULL,
  'Бенефициар4' => NULL,
  'Бенефициар5' => NULL,
  'ФилиалАвтора' => NULL,
  'Автор' => NULL,
  'clientGroup' => '',
)
#0: KPLab\OneC\Export\Company->export
	/home/bitrix/www/local/classes/onec/export/company.php:190
#1: KPLab\OneC\Export\Company->init
	/home/bitrix/www/bitrix/activities/bitrix/codeactivity/codeactivity.php(25) : eval()'d code:2
#2: eval
	/home/bitrix/www/bitrix/activities/bitrix/codeactivity/codeactivity.php:25
#3: CBPCodeActivity->execute
	/home/bitrix/www/bitrix/modules/bizproc/classes/general/workflow.php:536
#4: CBPWorkflow->runQueuedItem
	/home/bitrix/www/bitrix/modules/bizproc/classes/general/workflow.php:499
#5: CBPWorkflow->runStep
	/home/bitrix/www/bitrix/modules/bizproc/classes/general/workflow.php:483
----------
Host: crm.sodeistvie.su:443
Date: 2024-10-18 16:35:40
Module: Представитель

#0: KPLab\OneC\Export\Company->init
	/home/bitrix/www/bitrix/activities/bitrix/codeactivity/codeactivity.php(25) : eval()'d code:2
#1: eval
	/home/bitrix/www/bitrix/activities/bitrix/codeactivity/codeactivity.php:25
#2: CBPCodeActivity->execute
	/home/bitrix/www/bitrix/modules/bizproc/classes/general/workflow.php:536
#3: CBPWorkflow->runQueuedItem
	/home/bitrix/www/bitrix/modules/bizproc/classes/general/workflow.php:499
#4: CBPWorkflow->runStep
	/home/bitrix/www/bitrix/modules/bizproc/classes/general/workflow.php:483
#5: CBPWorkflow->runQueue
	/home/bitrix/www/bitrix/modules/bizproc/classes/general/workflow.php:230
----------
Host: crm.sodeistvie.su:443
Date: 2024-10-18 16:35:40
Module: ФилиалАвтора
NULL
#0: KPLab\OneC\Export\Company->init
	/home/bitrix/www/bitrix/activities/bitrix/codeactivity/codeactivity.php(25) : eval()'d code:2
#1: eval
	/home/bitrix/www/bitrix/activities/bitrix/codeactivity/codeactivity.php:25
#2: CBPCodeActivity->execute
	/home/bitrix/www/bitrix/modules/bizproc/classes/general/workflow.php:536
#3: CBPWorkflow->runQueuedItem
	/home/bitrix/www/bitrix/modules/bizproc/classes/general/workflow.php:499
#4: CBPWorkflow->runStep
	/home/bitrix/www/bitrix/modules/bizproc/classes/general/workflow.php:483
#5: CBPWorkflow->runQueue
	/home/bitrix/www/bitrix/modules/bizproc/classes/general/workflow.php:230
----------
Host: crm.sodeistvie.su:443
Date: 2024-10-18 16:35:40
Module: Автор
NULL
#0: KPLab\OneC\Export\Company->init
	/home/bitrix/www/bitrix/activities/bitrix/codeactivity/codeactivity.php(25) : eval()'d code:2
#1: eval
	/home/bitrix/www/bitrix/activities/bitrix/codeactivity/codeactivity.php:25
#2: CBPCodeActivity->execute
	/home/bitrix/www/bitrix/modules/bizproc/classes/general/workflow.php:536
#3: CBPWorkflow->runQueuedItem
	/home/bitrix/www/bitrix/modules/bizproc/classes/general/workflow.php:499
#4: CBPWorkflow->runStep
	/home/bitrix/www/bitrix/modules/bizproc/classes/general/workflow.php:483
#5: CBPWorkflow->runQueue
	/home/bitrix/www/bitrix/modules/bizproc/classes/general/workflow.php:230
----------
Host: crm.sodeistvie.su:443
Date: 2024-10-18 16:35:40
Module: clientId
30729
#0: KPLab\OneC\Export\Company->export
	/home/bitrix/www/local/classes/onec/export/company.php:190
#1: KPLab\OneC\Export\Company->init
	/home/bitrix/www/bitrix/activities/bitrix/codeactivity/codeactivity.php(25) : eval()'d code:2
#2: eval
	/home/bitrix/www/bitrix/activities/bitrix/codeactivity/codeactivity.php:25
#3: CBPCodeActivity->execute
	/home/bitrix/www/bitrix/modules/bizproc/classes/general/workflow.php:536
#4: CBPWorkflow->runQueuedItem
	/home/bitrix/www/bitrix/modules/bizproc/classes/general/workflow.php:499
#5: CBPWorkflow->runStep
	/home/bitrix/www/bitrix/modules/bizproc/classes/general/workflow.php:483
----------
Host: crm.sodeistvie.su:443
Date: 2024-10-18 16:35:40
Module: clientOrg
5
#0: KPLab\OneC\Export\Company->export
	/home/bitrix/www/local/classes/onec/export/company.php:190
#1: KPLab\OneC\Export\Company->init
	/home/bitrix/www/bitrix/activities/bitrix/codeactivity/codeactivity.php(25) : eval()'d code:2
#2: eval
	/home/bitrix/www/bitrix/activities/bitrix/codeactivity/codeactivity.php:25
#3: CBPCodeActivity->execute
	/home/bitrix/www/bitrix/modules/bizproc/classes/general/workflow.php:536
#4: CBPWorkflow->runQueuedItem
	/home/bitrix/www/bitrix/modules/bizproc/classes/general/workflow.php:499
#5: CBPWorkflow->runStep
	/home/bitrix/www/bitrix/modules/bizproc/classes/general/workflow.php:483
----------
Host: crm.sodeistvie.su:443
Date: 2024-10-18 16:35:40
Module: clientData
array (
  'OBSERVER_IDS' => 
  array (
  ),
  'LOGO' => '',
  'UF_CRM_EXPIRED_CONSENT' => 
  array (
    0 => 4841686,
    1 => 4841687,
    2 => 4841688,
  ),
  'UF_CRM_CLIENT_QUESTIONNAIRE' => NULL,
  'UF_CRM_BITCONF_ZOOM_REGISTRATION_ANSWERS' => NULL,
  'UF_CRM_1693788279' => 
  array (
    0 => 4849347,
    1 => 4849348,
    2 => 4849349,
  ),
  'UF_CRM_RUROBOT_SBP_QR_FILE' => NULL,
  'UF_CRM_RUROBOT_CHEK_QR_FILE' => NULL,
  'UF_CRM_6433D5CD87C30' => NULL,
  'UF_CRM_6433D5D634AD6' => NULL,
  'UF_CRM_6433D5FA970C9' => NULL,
  'UF_CRM_6433D5FEDCCDC' => false,
  'UF_CRM_6433D6036480A' => NULL,
  'UF_CRM_6433D6084A319' => false,
  'UF_CRM_6433D62FE7442' => false,
  'UF_CRM_6433D6355E340' => false,
  'UF_CRM_6433D63A11E51' => false,
  'UF_CRM_6433D6DD9702A' => NULL,
  'UF_CRM_6433D702C5A07' => false,
  'UF_CRM_6433D70829928' => false,
  'UF_CRM_6433D7112B0A2' => false,
  'UF_CRM_6433D72469DA8' => false,
  'UF_CRM_6433D7290604B' => false,
  'UF_CRM_6433D7328E598' => false,
  'UF_CRM_6433D7BFBF3C1' => NULL,
  'UF_CRM_6433D86D38393' => false,
  'UF_CRM_6433D8719A73A' => false,
  'UF_CRM_6433D88041ED1' => NULL,
  'UF_CRM_6433D8ED76753' => false,
  'UF_CRM_6433D922AAFBA' => NULL,
  'UF_CRM_6433D93E62E9D' => NULL,
  'UF_CRM_6433D94467769' => false,
  'UF_CRM_6433D9494F3E2' => false,
  'UF_CRM_6433D98DC980E' => false,
  'UF_CRM_6433D9928709F' => false,
  'UF_CRM_6433D9BC65B15' => NULL,
  'UF_CRM_6433D9FB43081' => false,
  'UF_CRM_6433DA7676DE8' => NULL,
  'UF_CRM_6433DA7FAA203' => NULL,
  'UF_CRM_6433DB8564D70' => NULL,
  'UF_CRM_6433DBC84FB76' => false,
  'UF_CRM_64DB528100CC9' => NULL,
  'UF_CRM_64DB52A38846D' => NULL,
  'UF_CRM_UNSIGNED_CONSENT' => NULL,
  'UF_CRM_6433DAEF79717' => NULL,
  'COMMENTS' => NULL,
  'CONTACT_BINDINGS' => 
  array (
    0 => 
    array (
      'CONTACT_ID' => 201527,
      'SORT' => 10,
      'ROLE_ID' => 0,
      'IS_PRIMARY' => 'Y',
    ),
  ),
  'CONTACT_ID' => 
  array (
    0 => 201527,
  ),
  'UTM_SOURCE' => NULL,
  'UTM_MEDIUM' => NULL,
  'UTM_CAMPAIGN' => NULL,
  'UTM_CONTENT' => NULL,
  'UTM_TERM' => NULL,
  'ID' => 30729,
  'DATE_CREATE' => '29.03.2023 10:42:02',
  'DATE_MODIFY' => '18.10.2024 16:35:36',
  'CREATED_BY_ID' => 23890,
  'MODIFY_BY_ID' => 0,
  'ASSIGNED_BY_ID' => 23768,
  'OPENED' => 'Y',
  'TITLE' => 'ИП Тафаев П.Г.',
  'ADDRESS' => 'Полевая ул, 19 ',
  'ADDRESS_LEGAL' => NULL,
  'BANKING_DETAILS' => NULL,
  'COMPANY_TYPE' => 'CUSTOMER',
  'INDUSTRY' => NULL,
  'REVENUE' => 0.0,
  'CURRENCY_ID' => 'RUB',
  'EMPLOYEES' => NULL,
  'LEAD_ID' => NULL,
  'WEBFORM_ID' => 0,
  'ORIGINATOR_ID' => NULL,
  'ORIGIN_ID' => NULL,
  'ORIGIN_VERSION' => NULL,
  'HAS_PHONE' => 'Y',
  'HAS_EMAIL' => 'Y',
  'HAS_IMOL' => 'Y',
  'IS_MY_COMPANY' => 'N',
  'CATEGORY_ID' => 0,
  'LAST_ACTIVITY_BY' => 27935,
  'LAST_ACTIVITY_TIME' => '16.10.2024 15:16:44',
  'EMAIL_HOME' => NULL,
  'EMAIL_WORK' => NULL,
  'EMAIL_MAILING' => NULL,
  'PHONE_MOBILE' => NULL,
  'PHONE_WORK' => NULL,
  'PHONE_MAILING' => NULL,
  'IMOL' => NULL,
  'EMAIL' => NULL,
  'PHONE' => NULL,
  'UF_CRM_669752C2286C3' => NULL,
  'UF_CRM_1724992931' => 'N',
  'UF_CRM_END_DATE_OF_CONSENT' => NULL,
  'UF_CRM_DATE_OF_INSPECTION_OVK' => NULL,
  'UF_CRM_INFO_ABOUT_THE_DEGREE_OF_RISK_OF_THE_CLIENT' => NULL,
  'UF_CRM_TARIF_OF_SELLERS' => NULL,
  'UF_CRM_LIMIT_TO_INCREASE' => NULL,
  'UF_CRM_63DC8E17DA14A' => NULL,
  'UF_CRM_SERVICE_EDO' => NULL,
  'UF_CRM_6433D456A993F' => NULL,
  'UF_CRM_6433D45A58732' => NULL,
  'UF_CRM_6433D45E0E48D' => NULL,
  'UF_CRM_6435331D97379' => NULL,
  'UF_CRM_LIST_OF_BENEFICIARIES' => NULL,
  'UF_CRM_BENEFICIARIES' => NULL,
  'UF_CRM_643533226D993' => NULL,
  'UF_CRM_6435332D17E32' => NULL,
  'UF_CRM_6435333351197' => NULL,
  'UF_CRM_643533400DD7E' => NULL,
  'UF_CRM_64353346223BE' => NULL,
  'UF_CRM_643533543CB94' => NULL,
  'UF_CRM_6435335A78A8A' => NULL,
  'UF_CRM_64353366C4E98' => NULL,
  'UF_CRM_6435336CE33DF' => NULL,
  'UF_CRM_6436790C0A081' => NULL,
  'UF_CRM_6436791297084' => NULL,
  'UF_CRM_644B8F5F389E2' => NULL,
  'UF_CRM_64771CA96A441' => NULL,
  'UF_CRM_64771CAF31F16' => NULL,
  'UF_CRM_64806D472FDA8' => NULL,
  'UF_CRM_COMPANY_OVK_CHECKDOMAIN' => 'N',
  'UF_CRM_COMPANY_OVK_CHECK_COMPANY_INFO' => 'N',
  'UF_CRM_COMPANY_OVK_CHECK_LICENSES' => 'N',
  'UF_CRM_COMPANY_OVK_IS_IN_TERRORIST_LIST' => 'N',
  'UF_CRM_COMPANY_OVK_IS_IN_MVK_LIST' => 'N',
  'UF_CRM_COMPANY_OVK_IS_IN_OMU_LIST' => 'N',
  'UF_CRM_COMPANY_OVK_IS_IN_STRATEGIC_LIST' => 'N',
  'UF_CRM_COMPANY_OVK_IS_IN_OPK_ULS' => 'N',
  'UF_CRM_COMPANY_OVK_IS_IN_SANCTION_LIST' => 'N',
  'UF_CRM_COMPANY_OVK_IS_IN_PEP_LIST' => 'N',
  'UF_CRM_COMPANY_OVK_IS_IN_764LIST' => 'N',
  'UF_CRM_COMPANY_OVK_IS_IN_FINANCIAL_PYRAMIDE' => 'N',
  'UF_CRM_COMPANY_OVK_IS_IN_ILLEGAL_CREDITOR' => 'N',
  'UF_CRM_COMPANY_OVK_RESULT' => 'N',
  'UF_CRM_COMPANY_KNTR_ADMIN_OFFENCE_CASE_COUNT' => NULL,
  'UF_CRM_COMPANY_KNTR_ARBITR_CLAIMS_LOST_CASES_SUM' => NULL,
  'UF_CRM_COMPANY_KNTR_ARBIT_CLAIMS_REVIEW_CASES_SUM' => NULL,
  'UF_CRM_COMPANY_KNTR_ANY_FNS_BLOCKED_ACCOUNTS' => 'N',
  'UF_CRM_COMPANY_KNTR_ANY_SENT_DOCUMENTS_TO_FNS' => 'N',
  'UF_CRM_COMPANY_KNTR_ANY_DISQUALIFIED_DIRECTORS' => 'N',
  'UF_CRM_COMPANY_KNTR_BANKS' => NULL,
  'UF_CRM_COMPANY_KNTR_BLOCKED_ACCOUNTS' => NULL,
  'UF_CRM_COMPANY_KNTR_LESSEE_CONTRACTS' => 'Array | 2023-09-06',
  'UF_CRM_COMPANY_KNTR_CONNECTED_COMPANIES' => NULL,
  'UF_CRM_COMPANY_KNTR_CONNECTED_SITES' => NULL,
  'UF_CRM_COMPANY_KNTR_ENFORCEMENT_PROCEEDINGS_SUM' => NULL,
  'UF_CRM_COMPANY_KNTR_IN_ANY_SANCTION_LISTS' => 'N',
  'UF_CRM_COMPANY_KNTR_IN_ANY_FNS_LIST' => 'N',
  'UF_CRM_COMPANY_KNTR_IN_STRATEGIC_ENTERPRISE_LIST' => 'N',
  'UF_CRM_COMPANY_KNTR_IN_JOIN_STOCK_CMPNY_LIST91P' => 'N',
  'UF_CRM_COMPANY_KNTR_IN_UNRELIABLE_SIPPLIER_LIST' => 'N',
  'UF_CRM_COMPANY_KNTR_MSP_LIST_DATE' => NULL,
  'UF_CRM_COMPANY_KNTR_TRADEMARKS' => NULL,
  'UF_CRM_COMPANY_KNTR_LAST_BANKRUPTCY_DATA' => ' | ',
  'UF_CRM_COMPANY_KNTR_IN_GOVERNMENT_DIRECTIVE_LIST' => 'N',
  'UF_CRM_COMPANY_KNTR_IN_STRATEGIC_ORG_LIST' => 'N',
  'UF_CRM_COMPANY_KNTR_WEBSITE_BLOCK_INFOS' => NULL,
  'UF_CRM_COMPANY_KNTR_IN_PRLIFRTN_RISK_DETECTIONLIST' => 'N',
  'UF_CRM_COMPANY_KNTR_IN_REFUSAL_LIST764P' => 'N',
  'UF_CRM_COMPANY_KNTR_IN_BANK_REFUSAL_LIST764P' => 'N',
  'UF_CRM_COMPANY_KNTR_IN_SANCTIONS_LIST' => 'N',
  'UF_CRM_COMPANY_KNTR_IN_STRATEGIC_COMPANIES_LIST' => 'N',
  'UF_CRM_COMPANY_KNTR_IN_TERRORIST_LIST' => 'N',
  'UF_CRM_COMPANY_KNTR_IN_EXTREMISTS_LIST' => 'N',
  'UF_CRM_COMPANY_KNTR_IN_INTERDEP_COMMISSION_LIST' => 'N',
  'UF_CRM_COMPANY_KNTR_IN_WEAPON_MASS_DESTRUCTION_DIS' => 'N',
  'UF_CRM_COMPANY_KNTR_IN_ILLEG_LENDER_INDICATOR_LIST' => 'N',
  'UF_CRM_COMPANY_KNTR_IN_PYRAMID_SCHEME_INDICATAOR_L' => 'N',
  'UF_CRM_COMPANY_KNTR_ILLEG_SECUR_MARKET_PARTICIPANT' => 'N',
  'UF_CRM_COMPANY_CHKLST' => 19755,
  'UF_CRM_COMPANY_CHKLST_WB_INC_TO_SALE_FOR_SIX_MONTH' => 0.59,
  'UF_CRM_COMPANY_CHKLST_OZON_INC_SALE_FOR_SIX_MOUNTH' => 0.0,
  'UF_CRM_COMPANY_CHKLST_MARKETPLACE_DURATION_IN_MNTH' => 12,
  'UF_CRM_COMPANY_CHKLST_SALES_TO_COUNT_SIX_MTH_RATIO' => 1965.0,
  'UF_CRM_COMPANY_CHKLST_SALES_TO_RETURN_COUNT_SIX_MH' => 2122.0,
  'UF_CRM_COMPANY_CHKLST_STOK_SUM_LIMIT_SIX_MTH_RATIO' => 4.65,
  'UF_CRM_COMPANY_CHKLST_SMOOTHED_LIM_FOR_SIX_MONTHS' => 900000.0,
  'UF_CRM_COMPANY_CHKLST_PDN' => 107.0,
  'UF_CRM_COMPANY_CHKLST_ANY_FNS_BLOCKED_ACCOUNTS' => 'N',
  'UF_CRM_COMPANY_CHKLST_PERSON_VALID_PASSPORT' => 'Y',
  'UF_CRM_COMPANY_CHKLST_LOCATED_IN_LISTS_NAMES' => NULL,
  'UF_CRM_COMPANY_CHKLST_IN_UNRELIABLE_SUPPLIER_LIST' => 'N',
  'UF_CRM_COMPANY_CHKLST_ANY_DISQUALIFIED_DIRECTORS' => 'N',
  'UF_CRM_1554808760221' => NULL,
  'UF_LOGO' => NULL,
  'UF_CRM_1595595411835' => 'ИП Тафаев Павел Геннадьевич',
  'UF_CRM_1596520984268' => NULL,
  'UF_CRM_1596520996191' => NULL,
  'UF_CRM_1596521014397' => NULL,
  'UF_CRM_1596521047550' => NULL,
  'UF_CRM_1596521064464' => NULL,
  'UF_CRM_1596521074308' => NULL,
  'UF_CRM_1617022509' => 
  array (
  ),
  'UF_CRM_1627544551724' => NULL,
  'UF_CRM_TB_TAGS' => NULL,
  'UF_CRM_COMPANY_SS_AGENT_DOC_NOMER_AM' => NULL,
  'UF_CRM_COMPANY_SS_AGENT_DOC_DATA_AM' => NULL,
  'UF_CRM_COMPANY_SS_FILIAL_OPEN_DATE_AM' => NULL,
  'UF_CRM_COMPANY_SS_FILIAL_CLOSE_DATE_AM' => NULL,
  'UF_CRM_COMPANY_SS_FILIAL_BOSS_AM' => NULL,
  'UF_CRM_COMPANY_SS_FILIAL_STATUS_AM' => NULL,
  'UF_CRM_1637754619884' => NULL,
  'UF_CRM_1637754682264' => NULL,
  'UF_CRM_1638788295103' => NULL,
  'UF_CRM_1638788442249' => NULL,
  'UF_CRM_1638789252369' => NULL,
  'UF_CRM_1638791492304' => '+79278442744',
  'UF_CRM_1638791524660' => 'mail@tafaev.ru',
  'UF_CRM_COMPANY_SS_SYNC_DATE' => '18.10.2024 16:35:36',
  'UF_CRM_COMPANY_SS_AM_ID' => '4a395f6b-7f63-11ed-80eb-e7c9eef3871e',
  'UF_CRM_COMPANY_SS_AK_ID' => NULL,
  'UF_CRM_COMPANY_SS_AS_ID' => NULL,
  'UF_CRM_COMPANY_SS_PREDSTAVITEL_DOLGNOST' => NULL,
  'UF_CRM_COMPANY_SS_PREDSTAVITEL_DOVERENNOST' => NULL,
  'UF_CRM_COMPANY_SS_ORG' => 
  array (
    0 => '5',
  ),
  'UF_CRM_COMPANY_SS_KASSA' => 'Y',
  'UF_CRM_APP_PL_COMPANY_COUNTRY' => NULL,
  'UF_CRM_APP_PL_COMPANY_TIMEZONE' => NULL,
  'UF_CRM_APP_PL_COMPANY_REGION' => NULL,
  'UF_CRM_CUST_LTIME' => NULL,
  'UF_CRM_1675248051686' => NULL,
  'UF_CRM_1675248084077' => NULL,
  'UF_CRM_1675251420593' => NULL,
  'UF_CRM_1675251431573' => NULL,
  'UF_CRM_1675251444631' => NULL,
  'UF_CRM_63DC8E18A4E2E' => NULL,
  'UF_CRM_63DC8E195EB36' => NULL,
  'UF_CRM_63DC8E1A3346D' => NULL,
  'UF_CRM_63DC8E26747B4' => NULL,
  'UF_CRM_63DC8E274B853' => NULL,
  'UF_CRM_63DC8E280E9E5' => NULL,
  'UF_CRM_63DC8E293CC7F' => 'N',
  'UF_CRM_63DC8E2A0BF88' => 'N',
  'UF_CRM_63DC8E2ABE9D8' => NULL,
  'UF_CRM_63DC8E2B7F52E' => 'N',
  'UF_CRM_63DC8E2C3AABE' => 'N',
  'UF_CRM_63DC8E2CEC51F' => NULL,
  'UF_CRM_63DC8E2DA91B8' => 'N',
  'UF_CRM_63DC8E2E74222' => 'N',
  'UF_CRM_63DC8E2F31F5B' => NULL,
  'UF_CRM_63DC8E2FF0CC2' => 'N',
  'UF_CRM_63DC8E30B7FAE' => 'N',
  'UF_CRM_63DC8E317ED45' => NULL,
  'UF_CRM_63DC8E323FF76' => 'N',
  'UF_CRM_63DC8E3306CAB' => 'N',
  'UF_CRM_63DC8E33C393B' => NULL,
  'UF_CRM_63DC8E3495C8D' => 'N',
  'UF_CRM_63DC8E355E686' => 'N',
  'UF_CRM_63DC8E3627033' => NULL,
  'UF_CRM_63DC8E36DB39D' => 'N',
  'UF_CRM_63DC8E379C254' => 'N',
  'UF_CRM_63DC8E38681EC' => NULL,
  'UF_CRM_63DC8E392D259' => 'N',
  'UF_CRM_63DC8E39E7034' => 'N',
  'UF_CRM_63DC8E3AAC4F7' => NULL,
  'UF_CRM_63DC8E3C39A26' => 'N',
  'UF_CRM_63DC8E3D01747' => NULL,
  'UF_CRM_63DC8E3DBFA43' => 'N',
  'UF_CRM_63DC8E3E90027' => NULL,
  'UF_CRM_63DC8E4028C58' => 'N',
  'UF_CRM_63DC8E40E39C2' => NULL,
  'UF_CRM_63DC8E41ACD58' => 'N',
  'UF_CRM_63DC8E427A06D' => 'N',
  'UF_CRM_63DC8E4340A22' => NULL,
  'UF_CRM_63DC8E4411725' => 'N',
  'UF_CRM_63DC8E44D1A58' => 'N',
  'UF_CRM_63DC8E459F68A' => NULL,
  'UF_CRM_63DC8E467D45B' => 'N',
  'UF_CRM_63DC8E474FBE9' => 'N',
  'UF_CRM_63DC8E481E707' => NULL,
  'UF_CRM_63DC8E48E257E' => 'N',
  'UF_CRM_63DC8E49A6390' => 'N',
  'UF_CRM_63DC8E4A719EA' => NULL,
  'UF_CRM_63DC8E4C2FC7D' => 'N',
  'UF_CRM_63DC8E4CEBF34' => NULL,
  'UF_CRM_63DC8E4DBCDB3' => 'N',
  'UF_CRM_63DC8E4E90E8C' => NULL,
  'UF_CRM_63DC8E4F5DD80' => 'N',
  'UF_CRM_63DC8E502565C' => 'N',
  'UF_CRM_63DC8E50E5D9E' => 'N',
  'UF_CRM_63DC8E51AF554' => 'N',
  'UF_CRM_63DC8E527AD60' => NULL,
  'UF_CRM_63DC8E535208E' => NULL,
  'UF_CRM_63DC8E5423AFA' => NULL,
  'UF_CRM_63DC8E54E21A1' => 'N',
  'UF_CRM_63DC8E55B527E' => 'N',
  'UF_CRM_63DC8E5689193' => 'N',
  'UF_CRM_63DC8E5759751' => 'N',
  'UF_CRM_63DC8E590765C' => 'N',
  'UF_CRM_63DC8E59D279D' => NULL,
  'UF_CRM_63DC8E5B7F55D' => 'N',
  'UF_CRM_63DC8E5C5D659' => NULL,
  'UF_CRM_63DC8E5E1E849' => 'N',
  'UF_CRM_63DC8E5EE72DA' => NULL,
  'UF_CRM_63DC8E609239F' => 'N',
  'UF_CRM_63DC8E616A5AE' => NULL,
  'UF_CRM_63DC8E633698E' => 'N',
  'UF_CRM_63DC8E640474F' => NULL,
  'UF_CRM_63DC8E665855D' => 'N',
  'UF_CRM_63DC8E6736DC5' => NULL,
  'UF_CRM_63DC8E68EC080' => 'N',
  'UF_CRM_63DC8E6AA1430' => NULL,
  'UF_CRM_63DC8E6B76E53' => 'N',
  'UF_CRM_63DC8E6C67591' => 'N',
  'UF_CRM_63DC8E6D42820' => 'N',
  'UF_CRM_63DC8E6E1CEB4' => 'N',
  'UF_CRM_63DC8E6EEE91A' => 'N',
  'UF_CRM_63DC8E70B4611' => 'N',
  'UF_CRM_63DC8E7190963' => NULL,
  'UF_CRM_63DC8E726D449' => NULL,
  'UF_CRM_63DC8E7356A8D' => NULL,
  'UF_CRM_63DC8E743500D' => NULL,
  'UF_CRM_63DC8E751A1D3' => NULL,
  'UF_CRM_63DC8E7627B00' => NULL,
  'UF_CRM_63DC8E771A045' => NULL,
  'UF_CRM_63DC8E7809694' => NULL,
  'UF_CRM_63DC8E78E0E4D' => NULL,
  'UF_CRM_63DC8E79C71A6' => NULL,
  'UF_CRM_63DC8E7AA9B36' => NULL,
  'UF_CRM_63DC8E7B98100' => NULL,
  'UF_CRM_63DC8E7C79C19' => 213008939777.0,
  'UF_CRM_63DC8E7D5B2DA' => NULL,
  'UF_CRM_63DC8E7E4167A' => NULL,
  'UF_CRM_63DC8E7F23CE9' => NULL,
  'UF_CRM_1675446456307' => NULL,
  'UF_CRM_63DDE3A4E68D7' => NULL,
  'UF_CRM_63DDE3A5D5155' => NULL,
  'UF_CRM_1675670468066' => NULL,
  'UF_CRM_63E3241DA30EB' => NULL,
  'UF_CRM_63E3241E9AADB' => 'N',
  'UF_CRM_63E4AAB613011' => NULL,
  'UF_CRM_63E4AAB703D9F' => NULL,
  'UF_CRM_BITCONF_LINK' => NULL,
  'UF_CRM_BITCONF_ZOOM_RECORDINGS' => NULL,
  'UF_CRM_BITCONF_RECORDINGS_VIDEO_YANDEX' => NULL,
  'UF_CRM_BITCONF_RECORDINGS_AUDIO_YANDEX' => NULL,
  'UF_CRM_BITCONF_RECORDINGS_CHAT_YANDEX' => NULL,
  'UF_CRM_BITCONF_RECORDINGS_VIDEO_GOOGLE' => NULL,
  'UF_CRM_BITCONF_RECORDINGS_AUDIO_GOOGLE' => NULL,
  'UF_CRM_BITCONF_RECORDINGS_CHAT_GOOGLE' => NULL,
  'UF_CRM_BITCONF_ZOOM_REGISTRATION_ANSWERS_JSON' => NULL,
  'UF_CRM_BITCONF_MEETING_ATTENDED' => NULL,
  'UF_CRM_BITCONF_MEETING_STARTED_AT' => NULL,
  'UF_CRM_BITCONF_MEETING_ENDED_AT' => NULL,
  'UF_CRM_BITCONF_PARTICIPANT_JOINED_AT' => NULL,
  'UF_CRM_BITCONF_PARTICIPANT_LEFT_AT' => NULL,
  'UF_CRM_641045F47BAFD' => NULL,
  'UF_CRM_6433D461D16E4' => 'N',
  'UF_CRM_6433D465984C7' => 'N',
  'UF_CRM_6433D4693830C' => NULL,
  'UF_CRM_6433D4715A41B' => 'N',
  'UF_CRM_6433D47528CEC' => NULL,
  'UF_CRM_6433D47CBD827' => 'N',
  'UF_CRM_6433D4807CDE8' => NULL,
  'UF_CRM_6433D4884B09E' => 'N',
  'UF_CRM_6433D48C20F2B' => NULL,
  'UF_CRM_6433D4944FECB' => 'N',
  'UF_CRM_6433D4983ED32' => NULL,
  'UF_CRM_6433D4A01ACC8' => 'N',
  'UF_CRM_6433D4A3D37E1' => NULL,
  'UF_CRM_6433D4ABE92F3' => 'N',
  'UF_CRM_6433D4AFBF977' => NULL,
  'UF_CRM_6433D4B79F77B' => 'N',
  'UF_CRM_6433D4BB85C48' => NULL,
  'UF_CRM_6433D4C37C94A' => 'N',
  'UF_CRM_6433D4C77A09D' => NULL,
  'UF_CRM_6433D4CF8CF6E' => 'N',
  'UF_CRM_6433D4D465778' => NULL,
  'UF_CRM_6433D4DD6A784' => 'N',
  'UF_CRM_6433D4E18FD6A' => NULL,
  'UF_CRM_6433D4EB83DB1' => NULL,
  'UF_CRM_6433D4EFA24C9' => 'N',
  'UF_CRM_643EAA1DA8B9E' => 'N',
  'UF_CRM_643EAA228B2B2' => 'N',
  'UF_CRM_643EAA275FE0A' => 'N',
  'UF_CRM_643EAA2C188C0' => 'N',
  'UF_CRM_643EAA314A615' => 'N',
  'UF_CRM_643EAA37A5511' => NULL,
  'UF_CRM_64406458C6D47' => NULL,
  'UF_CRM_6442676E5B421' => NULL,
  'UF_CRM_1683968549' => 'Y',
  'UF_CRM_1684145100226' => 11075,
  'UF_CRM_1685419394' => '1800000|RUB',
  'UF_CRM_1687947495' => 
  array (
  ),
  'UF_CRM_COMPANY_AMOID' => NULL,
  'UF_CRM_64A4EBD2F2518' => NULL,
  'UF_CRM_64AD0008D2965' => 'N',
  'UF_CRM_64AD000F6A26A' => NULL,
  'UF_CRM_64AD001D86025' => 'N',
  'UF_CRM_64AD00250FFFD' => NULL,
  'UF_CRM_64AE8FC56D363' => NULL,
  'UF_CRM_64AF8DA50E037' => NULL,
  'UF_CRM_1690758867666' => NULL,
  'UF_CRM_1691009132416' => NULL,
  'UF_CRM_64CB9DDC41262' => NULL,
  'UF_CRM_64D3B7766A327' => NULL,
  'UF_CRM_64DB2F838C6F1' => 'N',
  'UF_CRM_64DB2F8CA756C' => 'N',
  'UF_CRM_64DB2F96F1AE7' => NULL,
  'UF_CRM_64DB2F9DECE37' => NULL,
  'UF_CRM_64DB4411303D8' => NULL,
  'UF_CRM_64DB44175DA19' => NULL,
  'UF_CRM_64DB441DEE816' => NULL,
  'UF_CRM_64DB4425AB05C' => NULL,
  'UF_CRM_64DB442E55674' => NULL,
  'UF_CRM_64DB4434EF3A3' => NULL,
  'UF_CRM_64DB443BE1A9C' => NULL,
  'UF_CRM_64DB444343D37' => NULL,
  'UF_CRM_64DB444B5354D' => NULL,
  'UF_CRM_64DB4452990CE' => NULL,
  'UF_CRM_64E36750AEBF0' => NULL,
  'UF_CRM_64E84230723F5' => NULL,
  'UF_CRM_1693311353902' => 'ТаблицаЗначений',
  'UF_CRM_1693311600025' => NULL,
  'UF_CRM_1693311707790' => NULL,
  'UF_CRM_1693373909306' => NULL,
  'UF_CRM_1693373994027' => NULL,
  'UF_CRM_1693374038734' => NULL,
  'UF_CRM_1693374057547' => NULL,
  'UF_CRM_64F1E491F0503' => 'N',
  'UF_CRM_1693822645477' => 'nvfedotova1954@yandex.ru',
  'UF_CRM_1693822684054' => NULL,
  'UF_CRM_1693960373052' => 'Племянник/Племянница',
  'UF_CRM_64F83BC976C70' => 'N',
  'UF_CRM_64F83BD1CB037' => 'N',
  'UF_CRM_64F85EB57C226' => 'N',
  'UF_CRM_64F85EBC6293C' => NULL,
  'UF_CRM_64F86B718FCFD' => 'N',
  'UF_CRM_64F87C6C3D1EE' => 'N',
  'UF_CRM_64F87C75DAD9D' => 'N',
  'UF_CRM_64F87C829ADB5' => 'N',
  'UF_CRM_64F87C8D26E72' => 'N',
  'UF_CRM_64F87C94E75DB' => 'N',
  'UF_CRM_64F87CA1B6D24' => 'N',
  'UF_CRM_64F87CADDF550' => 'N',
  'UF_CRM_64F87CB6033F8' => 'N',
  'UF_CRM_RU_ANALITYCS' => NULL,
  'UF_CRM_RU_DIADOK' => NULL,
  'UF_CRM_RUROBOT_SBP_URL' => NULL,
  'UF_CRM_RUROBOT_CHEK_URL' => NULL,
  'UF_CRM_64FC867D4DEE8' => 'N',
  'UF_CRM_64FC8684B795C' => 'N',
  'UF_CRM_64FC868B2E901' => 'N',
  'UF_CRM_64FC86916ECC7' => 'N',
  'UF_CRM_64FC86980DBDF' => 'N',
  'UF_CRM_64FC869E70EA8' => 'N',
  'UF_CRM_1694331491' => '0|RUB',
  'UF_CRM_1694331571' => '1800000|RUB',
  'UF_CRM_65000439925C9' => NULL,
  'UF_CRM_1696457110' => NULL,
  'UF_CRM_6526A6509E0DC' => NULL,
  'UF_CRM_1697107946' => '1800000|RUB',
  'UF_CRM_1697107996' => '0|RUB',
  'UF_CRM_1697853788600' => '724989',
  'UF_CRM_6545DCFE01CA4' => NULL,
  'UF_CRM_6545DD05C700C' => NULL,
  'UF_CRM_1699900252754' => 1729251333.0,
  'UF_CRM_1699900326048' => 1729251332.0,
  'UF_CRM_65532D05B660B' => NULL,
  'UF_CRM_655362454D77C' => NULL,
  'UF_CRM_1700138022' => '16.10.2024',
  'UF_CRM_1702534386502' => 'N',
  'UF_CRM_1702588306' => 32007,
  'UF_CRM_1702977601750' => NULL,
  'UF_CRM_1703078588' => NULL,
  'UF_CRM_1703659571229' => NULL,
  'UF_CRM_1706612347' => '+79278442744',
  'UF_CRM_1706777861' => 'N',
  'UF_CRM_1706982719' => 'Общество с ограниченной ответственностью "Вайлдберриз",ООО "ВАЙЛДБЕРРИЗ"',
  'UF_CRM_1707302304' => 'N',
  'UF_CRM_65C6057BAF241' => 'N',
  'UF_CRM_65C60D92B19B7' => 'N',
  'UF_CRM_65C61195E8DB7' => 'N',
  'UF_CRM_65CCB993C2573' => 'N',
  'UF_CRM_65D72BF9E93D7' => NULL,
  'UF_CRM_65DC313CB1773' => NULL,
  'UF_CRM_65DDDB805B504' => NULL,
  'UF_CRM_65DF019419A3C' => NULL,
  'UF_CRM_65F7F7EF6E7E9' => NULL,
  'UF_CRM_65F81729930B2' => NULL,
  'UF_CRM_1711362022506' => NULL,
  'UF_CRM_1711618126' => '87',
  'UF_CRM_1711620041' => 'Общая/Закрытый',
  'UF_CRM_661F6476E1A93' => 'N',
  'UF_CRM_661F6483B8EEF' => 'N',
  'UF_CRM_661F6490F3174' => NULL,
  'UF_CRM_661F670FF0A79' => NULL,
  'UF_CRM_662B5EEF438BC' => NULL,
  'UF_CRM_663475C4986D4' => 'N',
  'UF_CRM_66347C5DB0C86' => NULL,
  'UF_CRM_66386DE83AC95' => NULL,
  'UF_CRM_66386F7ACABD4' => NULL,
  'UF_DOCUMENT_PACKAGE_ID' => NULL,
  'UF_CRM_66573905CAC4F' => NULL,
  'UF_CRM_66580C4AAAE6C' => NULL,
  'UF_CRM_SOPROV_KF' => NULL,
  'UF_CRM_1717494282' => NULL,
  'UF_CRM_66711BBEA50D7' => 'N',
  'UF_CRM_COMPANY_CHKLST_PERSON_AGE_LIST' => 30,
  'UF_CRM_668CC4C1DC72A' => NULL,
  'UF_CRM_6694FDEBA27EA' => NULL,
  'UF_CRM_66953567C49F0' => NULL,
  'UF_CRM_669752D3984FD' => 'N',
  'UF_CRM_66A36C62C39EA' => NULL,
  'UF_CRM_66A36C75159B7' => 'N',
  'UF_CRM_66A36C8780ED0' => 'N',
  'UF_CRM_66A377A21199E' => 'N',
  'UF_CRM_66A377C048C61' => 'N',
  'UF_CRM_66A377E007E96' => 'N',
  'UF_CRM_66A377E432274' => 'N',
  'UF_CRM_66A37823945D8' => 'N',
  'UF_CRM_66A3786F33EE4' => NULL,
  'UF_CRM_66A37C49B71B0' => 'N',
  'UF_CRM_66A393F36B81C' => 'N',
  'UF_CRM_66A8877061073' => NULL,
  'UF_CRM_LAST_DATE_SCORING' => '16.10.2024 13:57:11',
  'UF_CRM_COMPANY_KNTR_CERTIFICATE' => 
  array (
    0 => 'Declaration | 2028-03-01 | Изделия верхние швейные второго слоя для взрослых из хлопчатобумажных и смешанных тканей, в том числе с вложением искусственных нитей, ткани из синтетических нитей (волокон) с добавлением искусственных нитей (волокон), в том числе с вложением эластомерной нити: сорочки верхние (рубашки), блузки, блузы, блузоны, брюки,',
    1 => 'Certificate | 2024-01-29 | Изделия трикотажные верхние второго слоя для детей дошкольной, школьной и подростковой возрастных групп из смешанной пряжи:',
  ),
  'UF_CRM_COMPANY_KNTR_LICENSES' => 
  array (
    0 => 'Сведения отсутствуют',
  ),
  'UF_CRM_66BCB21017020' => NULL,
  'UF_CRM_66BE04947C89F' => NULL,
  'UF_CRM_66BE5E5EDD8A8' => NULL,
  'UF_CRM_DATE_CHEK_OVK' => '16.10.2024',
  'UF_CRM_66CF165045560' => 'N',
  'UF_CRM_66CF237AB01B2' => NULL,
  'UF_CRM_COMPANY_CHKLST_AUTO_LIMIT' => 0.0,
  'UF_CRM_START_DATE_OF_RELATIONSHIP_WITH_CLIENT' => NULL,
  'UF_CRM_66D6B82A364E8' => 'N',
  'UF_CRM_66D6C1F20A473' => NULL,
  'UF_CRM_1725429005' => '201527',
  'UF_CRM_66DA9AF00E0CA' => NULL,
  'UF_CRM_66DAA8BDB2548' => NULL,
  'UF_CRM_66DECB0E5723C' => NULL,
  'UF_CRM_1726058034' => 20811,
  'UF_CRM_ROLE_OF_THE_CLIENT' => NULL,
  'UF_CRM_66E94E1C2FE60' => 'N',
  'UF_CRM_66ED562B96581' => NULL,
  'UF_CRM_66F3B418F07D4' => 'N',
  'UF_CRM_66F516C066959' => NULL,
  'UF_CRM_6709083DD2F0A' => NULL,
  'UF_CRM_670908678B03C' => NULL,
  'UF_CRM_67090891102FD' => NULL,
  'UF_CRM_670908B001FC5' => NULL,
  'UF_CRM_670908E55F721' => NULL,
  'UF_CRM_670908F49A0C0' => NULL,
  'UF_CRM_6709090B4A887' => NULL,
  'UF_CRM_6709093486BC3' => NULL,
  'UF_CRM_6709095B9B0B2' => NULL,
  'UF_CRM_67090985CEB8F' => NULL,
  'UF_CRM_670909C0D1ACE' => NULL,
  'UF_CRM_67090A3A30576' => NULL,
  'UF_CRM_67090A620AD5F' => NULL,
  'UF_CRM_63DC8E8012089' => NULL,
  'UF_CRM_COMPANY_CHKLST_HAS_PERSON_RUSSIAN_NATIONAL' => 'Y',
  'UF_CRM_63DC8E80EAB7F' => NULL,
  'UF_CRM_COMPANY_CHKLST_MAX_ACTIVE_LOAN_OVERDUE_DAYS' => NULL,
  'UF_CRM_COMPANY_CHKLST_PERSON_LOAN_DATE' => NULL,
  'UF_CRM_COMPANY_CHKLST_PERSON_ACTIVE_MICRO_LOAN_CNT' => NULL,
  'UF_CRM_COMPANY_CHKLST_PERSON_ACTIVE_FSSP_SUM' => 0.0,
  'UF_CRM_COMPANY_CHKLST_CLAIMS_SUM_INC_FOR_SIX_MONTH' => 0.0,
  'UF_CRM_COMPANY_CHKLST_LAST_BANKRUPTCY_DATE' => NULL,
  'UF_CRM_COMPANY_CHKLST_REFUSED_IN_STATUS_BY_DATA' => NULL,
  'UF_CRM_COMPANY_CHKLST_AUTOMATIC_APPROVE' => 
  array (
    0 => 'IncomeToSaleForSixMonthsRatio',
    1 => 'LimitForAutoApprove',
    2 => 'LastBankruptcyDate',
  ),
  'UF_CRM_1693311690037' => NULL,
  'UF_CRM_1702272911' => NULL,
  'UF_CRM_COMPANY_CHKLST_AUTHORIZED_PERSON' => NULL,
  'UF_CRM_1702274540' => NULL,
  'UF_CRM_COMPANY_CHKLST_CREDIT_COMMITTEE' => NULL,
  'UF_CRM_1702274893' => NULL,
  'UF_CRM_COMPANY_CHKLST_ANY_LONG_OVERDUE_LOAN' => 'N',
  'UF_CRM_1702272991' => NULL,
  'UF_CRM_1702274601' => NULL,
  'UF_CRM_1702274922' => NULL,
  'UF_CRM_64AFAA0428E67' => 'N',
  'UF_CRM_64AFAA105D048' => 'N',
  'UF_CRM_64AFAA1D0C71B' => 'N',
  'UF_CRM_64AFAA2376C31' => 'N',
  'UF_CRM_64AFAA2A8534A' => 'N',
  'UF_CRM_64B140D1998BC' => 'N',
  'UF_CRM_1702273016' => NULL,
  'UF_CRM_1702274679' => NULL,
  'UF_CRM_1702274951' => NULL,
  'UF_CRM_1702273043' => NULL,
  'UF_CRM_1702274732' => NULL,
  'UF_CRM_1702274976' => NULL,
  'UF_CRM_6433D4F3F2CA8' => NULL,
  'UF_CRM_6433D4F7C68A9' => 'N',
  'UF_CRM_6433D50101E16' => NULL,
  'UF_CRM_6433D50520ADB' => NULL,
  'UF_CRM_6433D508F2841' => NULL,
  'UF_CRM_6433D510E1BF2' => NULL,
  'UF_CRM_6433D514BC640' => NULL,
  'UF_CRM_6433D51CA112C' => NULL,
  'UF_CRM_6433D520A8E02' => 'N',
  'UF_CRM_6433D5254091B' => NULL,
  'UF_CRM_6433D52904F0B' => NULL,
  'UF_CRM_6433D52CEDB5D' => NULL,
  'UF_CRM_6433D530C9D5F' => NULL,
  'UF_CRM_6433D534A5249' => NULL,
  'UF_CRM_6433D5388255E' => NULL,
  'UF_CRM_6433D53CA00A0' => NULL,
  'UF_CRM_6433D540C9219' => NULL,
  'UF_CRM_6433D544976E5' => 'N',
  'UF_CRM_6433D548AB2B9' => NULL,
  'UF_CRM_6433D54D26D1A' => NULL,
  'UF_CRM_6433D55116D68' => NULL,
  'UF_CRM_6433D554F00E2' => NULL,
  'UF_CRM_6433D55A380EF' => NULL,
  'UF_CRM_6433D55EDDC35' => NULL,
  'UF_CRM_6433D563076D3' => 'N',
  'UF_CRM_6433D566CFBDC' => 'N',
  'UF_CRM_6433D5769C207' => NULL,
  'UF_CRM_6433D57A918DD' => 'N',
  'UF_CRM_6433D57E709AC' => 'N',
  'UF_CRM_6433D58274BF2' => NULL,
  'UF_CRM_6433D58675AD3' => NULL,
  'UF_CRM_6433D58B15534' => 'N',
  'UF_CRM_6433D58F2C518' => 'N',
  'UF_CRM_6433D59377C10' => 'N',
  'UF_CRM_6433D59BB50D2' => NULL,
  'UF_CRM_6433D59FA70BF' => NULL,
  'UF_CRM_6433D5A39D79A' => NULL,
  'UF_CRM_6433D5A781D22' => 'N',
  'UF_CRM_6433D5ACCA71F' => 'N',
  'UF_CRM_6433D5B0BF6F6' => NULL,
  'UF_CRM_6433D5B551BCB' => NULL,
  'UF_CRM_6433D5BAC2650' => 'N',
  'UF_CRM_6433D5BFAFC5E' => 'N',
  'UF_CRM_6433D5C4C803A' => 'N',
  'UF_CRM_6433D5C94F74C' => 'N',
  'UF_CRM_6433D5D1B9D2D' => NULL,
  'UF_CRM_6433D5DB232A6' => NULL,
  'UF_CRM_6433D5DF58403' => NULL,
  'UF_CRM_6433D5E39E9D8' => NULL,
  'UF_CRM_6433D5E808AC3' => NULL,
  'UF_CRM_6433D5EC41159' => NULL,
  'UF_CRM_6433D5F0C05ED' => NULL,
  'UF_CRM_6433D5F64C9B9' => NULL,
  'UF_CRM_6433D60C9A897' => NULL,
  'UF_CRM_6433D6110E002' => NULL,
  'UF_CRM_6433D615EF44F' => 'N',
  'UF_CRM_6433D61A4109A' => 'N',
  'UF_CRM_6433D61EA2584' => 'N',
  'UF_CRM_6433D623015A5' => NULL,
  'UF_CRM_6433D62B9C7CA' => NULL,
  'UF_CRM_6433D63E714DA' => NULL,
  'UF_CRM_6433D6471B217' => NULL,
  'UF_CRM_6433D64B3FA42' => NULL,
  'UF_CRM_6433D64FC4DAA' => NULL,
  'UF_CRM_6433D6542205C' => NULL,
  'UF_CRM_6433D6587DE14' => NULL,
  'UF_CRM_6433D65CC025A' => NULL,
  'UF_CRM_6433D66113E88' => NULL,
  'UF_CRM_6433D66527DE4' => NULL,
  'UF_CRM_6433D669AEB8B' => NULL,
  'UF_CRM_6433D66EEFA4E' => NULL,
  'UF_CRM_6433D67394C6F' => NULL,
  'UF_CRM_6433D677D1006' => NULL,
  'UF_CRM_6433D67C18B9D' => NULL,
  'UF_CRM_6433D6814E4AF' => NULL,
  'UF_CRM_6433D685EAA16' => NULL,
  'UF_CRM_6433D68A37F87' => NULL,
  'UF_CRM_6433D68F4CCCF' => NULL,
  'UF_CRM_6433D6939D3CA' => NULL,
  'UF_CRM_6433D6981BA49' => NULL,
  'UF_CRM_6433D69C97CF7' => NULL,
  'UF_CRM_6433D6A67830F' => NULL,
  'UF_CRM_6433D6B4AF630' => NULL,
  'UF_CRM_6433D6B94F47D' => NULL,
  'UF_CRM_6433D6BD9D260' => NULL,
  'UF_CRM_6433D6C200515' => NULL,
  'UF_CRM_6433D6C6B088B' => NULL,
  'UF_CRM_6433D6CBCCBFA' => NULL,
  'UF_CRM_6433D6D049D2B' => NULL,
  'UF_CRM_6433D6D4B633A' => NULL,
  'UF_CRM_6433D6D956454' => NULL,
  'UF_CRM_6433D6E37CFF0' => NULL,
  'UF_CRM_6433D6E800BAE' => NULL,
  'UF_CRM_6433D6EC5FA96' => NULL,
  'UF_CRM_6433D6F0C99BA' => NULL,
  'UF_CRM_6433D6F5AC724' => NULL,
  'UF_CRM_6433D6FA26A12' => NULL,
  'UF_CRM_6433D70CCC90D' => 'N',
  'UF_CRM_6433D7157E09F' => NULL,
  'UF_CRM_6433D71A6FF09' => NULL,
  'UF_CRM_6433D71F3E8A5' => NULL,
  'UF_CRM_6433D7392E26A' => NULL,
  'UF_CRM_6433D73F0D2DF' => NULL,
  'UF_CRM_6433D743B1904' => NULL,
  'UF_CRM_6433D7487B115' => NULL,
  'UF_CRM_6433D74CD32E5' => NULL,
  'UF_CRM_6433D75163FC4' => NULL,
  'UF_CRM_6433D755A04D7' => NULL,
  'UF_CRM_6433D75F89BF9' => NULL,
  'UF_CRM_6433D764868E0' => NULL,
  'UF_CRM_6433D7696B073' => NULL,
  'UF_CRM_6433D76E7BB56' => NULL,
  'UF_CRM_6433D7731B7A3' => NULL,
  'UF_CRM_6433D777E2973' => NULL,
  'UF_CRM_6433D77CBEA77' => NULL,
  'UF_CRM_6433D781210F0' => NULL,
  'UF_CRM_6433D78605E02' => NULL,
  'UF_CRM_6433D78AAB24A' => NULL,
  'UF_CRM_6433D78F9D85D' => NULL,
  'UF_CRM_6433D7947E2A2' => 'N',
  'UF_CRM_6433D798D40A4' => NULL,
  'UF_CRM_6433D79E2BF81' => 'N',
  'UF_CRM_6433D7A31BF36' => 'N',
  'UF_CRM_6433D7A79C4AD' => 'N',
  'UF_CRM_6433D7AC36DA0' => 'N',
  'UF_CRM_6433D7B0E89CA' => 'N',
  'UF_CRM_6433D7B5CA806' => 'N',
  'UF_CRM_6433D7BB32220' => NULL,
  'UF_CRM_6433D7C44A6BE' => NULL,
  'UF_CRM_6433D7C925893' => '213008939777',
  'UF_CRM_6433D7CDBE9B3' => NULL,
  'UF_CRM_6433D7D2CA9D0' => NULL,
  'UF_CRM_6433D7D85148E' => NULL,
  'UF_CRM_6433D7EB28C4D' => NULL,
  'UF_CRM_6433D7EFA5EE5' => 'N',
  'UF_CRM_6433D7F4C24BE' => 'N',
  'UF_CRM_6433D7F94E2BF' => 'N',
  'UF_CRM_6433D7FDA3CF7' => 'N',
  'UF_CRM_6433D8027C169' => NULL,
  'UF_CRM_6433D8076B60C' => NULL,
  'UF_CRM_6433D80C6AAC2' => NULL,
  'UF_CRM_6433D812D0410' => NULL,
  'UF_CRM_6433D8180E2AA' => NULL,
  'UF_CRM_6433D8213379F' => NULL,
  'UF_CRM_6433D825DEFE0' => NULL,
  'UF_CRM_6433D82B26028' => NULL,
  'UF_CRM_6433D8317589F' => NULL,
  'UF_CRM_6433D8365C605' => NULL,
  'UF_CRM_6433D83B28222' => NULL,
  'UF_CRM_6433D83FCD224' => NULL,
  'UF_CRM_6433D844B7B1F' => NULL,
  'UF_CRM_6433D849CB971' => NULL,
  'UF_CRM_6433D84FB1160' => NULL,
  'UF_CRM_6433D85482CE1' => NULL,
  'UF_CRM_6433D85991988' => NULL,
  'UF_CRM_6433D85E769F2' => NULL,
  'UF_CRM_6433D8631A037' => 'N',
  'UF_CRM_6433D868172EA' => 'N',
  'UF_CRM_6433D8767751E' => NULL,
  'UF_CRM_6433D87B71D16' => NULL,
  'UF_CRM_6433D88513B06' => NULL,
  'UF_CRM_6433D889AE929' => NULL,
  'UF_CRM_6433D88E9A256' => NULL,
  'UF_CRM_6433D8937CA28' => NULL,
  'UF_CRM_6433D8987B695' => NULL,
  'UF_CRM_6433D89D85315' => NULL,
  'UF_CRM_6433D8A27269E' => NULL,
  'UF_CRM_6433D8A761A6B' => NULL,
  'UF_CRM_6433D8ACC957A' => NULL,
  'UF_CRM_6433D8B19DA6D' => NULL,
  'UF_CRM_6433D8C0A4C1A' => NULL,
  'UF_CRM_6433D8C5A9B9B' => NULL,
  'UF_CRM_6433D8CB550E6' => NULL,
  'UF_CRM_6433D8D01A638' => NULL,
  'UF_CRM_6433D8D4CBC9A' => NULL,
  'UF_CRM_6433D8D9C0945' => NULL,
  'UF_CRM_6433D8DE9D3AB' => NULL,
  'UF_CRM_6433D8E367985' => NULL,
  'UF_CRM_6433D8E8C1152' => NULL,
  'UF_CRM_6433D8F247A4D' => NULL,
  'UF_CRM_6433D8F7302F1' => 'N',
  'UF_CRM_6433D8FC11F83' => 'N',
  'UF_CRM_6433D90101FF1' => NULL,
  'UF_CRM_6433D90631990' => 'N',
  'UF_CRM_6433D90AC33C4' => 'N',
  'UF_CRM_6433D90F71F5F' => NULL,
  'UF_CRM_6433D91464A5A' => 'N',
  'UF_CRM_6433D919209AA' => 'N',
  'UF_CRM_6433D91DC96A8' => NULL,
  'UF_CRM_6433D92778C5C' => NULL,
  'UF_CRM_6433D92C1FC55' => NULL,
  'UF_CRM_6433D93083EE6' => NULL,
  'UF_CRM_6433D9350FACA' => 'N',
  'UF_CRM_6433D93992C16' => 'N',
  'UF_CRM_6433D95C4B2CA' => NULL,
  'UF_CRM_6433D96210B1B' => NULL,
  'UF_CRM_6433D966943B7' => NULL,
  'UF_CRM_6433D97F0A3F5' => NULL,
  'UF_CRM_6433D988E2D02' => 'N',
  'UF_CRM_6433D9978DE67' => NULL,
  'UF_CRM_6433D99D4ED62' => NULL,
  'UF_CRM_6433D9A2405D7' => NULL,
  'UF_CRM_6433D9A72985A' => 'N',
  'UF_CRM_6433D9AC79B71' => 'N',
  'UF_CRM_6433D9B1D29EE' => NULL,
  'UF_CRM_6433D9B6D6250' => NULL,
  'UF_CRM_6433D9C14D69E' => NULL,
  'UF_CRM_6433D9C61A5D8' => NULL,
  'UF_CRM_6433D9CAE827A' => NULL,
  'UF_CRM_6433D9CFAB885' => NULL,
  'UF_CRM_6433D9D5EB607' => NULL,
  'UF_CRM_6433D9DB9CB20' => NULL,
  'UF_CRM_6433D9E071032' => NULL,
  'UF_CRM_6433D9E61CF1D' => NULL,
  'UF_CRM_6433D9EAE80A2' => NULL,
  'UF_CRM_6433D9F0C964C' => NULL,
  'UF_CRM_6433DA00C9646' => NULL,
  'UF_CRM_6433DA06B96E6' => NULL,
  'UF_CRM_6433DA0B807E3' => NULL,
  'UF_CRM_6433DA105EF8B' => NULL,
  'UF_CRM_6433DA159BDDE' => NULL,
  'UF_CRM_6433DA1A8C1ED' => NULL,
  'UF_CRM_6433DA1F45E7B' => NULL,
  'UF_CRM_6433DA23E6F92' => NULL,
  'UF_CRM_6433DA28A8213' => NULL,
  'UF_CRM_6433DA2D9188A' => NULL,
  'UF_CRM_6433DA3332A3B' => NULL,
  'UF_CRM_6433DA387087D' => NULL,
  'UF_CRM_6433DA3D867BD' => NULL,
  'UF_CRM_6433DA42DE712' => 'N',
  'UF_CRM_6433DA47B9298' => 'N',
  'UF_CRM_6433DA4CBE556' => 'N',
  'UF_CRM_6433DA5287C90' => NULL,
  'UF_CRM_6433DA5785D79' => NULL,
  'UF_CRM_6433DA5C6531D' => NULL,
  'UF_CRM_6433DA614BC63' => NULL,
  'UF_CRM_6433DA6CBE342' => NULL,
  'UF_CRM_6433DA71A6ADF' => NULL,
  'UF_CRM_6433DA7B1FB7A' => NULL,
  'UF_CRM_6433DA8544CE5' => NULL,
  'UF_CRM_6433DA8B64379' => NULL,
  'UF_CRM_6433DA9F7B164' => 'N',
  'UF_CRM_6433DAAFB06E7' => NULL,
  'UF_CRM_6433DAB5170CB' => NULL,
  'UF_CRM_6433DABADC0AD' => NULL,
  'UF_CRM_6433DABFD57B4' => NULL,
  'UF_CRM_6433DAC565F22' => NULL,
  'UF_CRM_6433DACB7665A' => NULL,
  'UF_CRM_6433DAD10872E' => NULL,
  'UF_CRM_6433DAD606254' => NULL,
  'UF_CRM_6433DADB6BE29' => NULL,
  'UF_CRM_6433DAE0DB90E' => 'N',
  'UF_CRM_6433DAE5D294F' => NULL,
  'UF_CRM_6433DAEA9AEB4' => NULL,
  'UF_CRM_6433DAF43BFA0' => NULL,
  'UF_CRM_6433DAF90CF31' => NULL,
  'UF_CRM_6433DAFE658A0' => NULL,
  'UF_CRM_6433DB03D0B4B' => NULL,
  'UF_CRM_6433DB09A48B3' => NULL,
  'UF_CRM_6433DB0EADBA3' => NULL,
  'UF_CRM_6433DB1376625' => 'N',
  'UF_CRM_6433DB18501D2' => 'N',
  'UF_CRM_6433DB1D65F3E' => NULL,
  'UF_CRM_6433DB23AE767' => NULL,
  'UF_CRM_6433DB291422B' => NULL,
  'UF_CRM_6433DB381DAE3' => NULL,
  'UF_CRM_6433DB4C1C1D3' => NULL,
  'UF_CRM_6433DB513B488' => NULL,
  'UF_CRM_6433DB56EE29D' => NULL,
  'UF_CRM_6433DB5C0606C' => NULL,
  'UF_CRM_6433DB61293DF' => 'N',
  'UF_CRM_6433DB667488F' => NULL,
  'UF_CRM_6433DB6BB1907' => NULL,
  'UF_CRM_6433DB70ABF48' => NULL,
  'UF_CRM_6433DB75B3CF3' => NULL,
  'UF_CRM_6433DB7B5B174' => NULL,
  'UF_CRM_6433DB804E21A' => NULL,
  'UF_CRM_6433DB8A5B216' => NULL,
  'UF_CRM_6433DB8FBE55A' => NULL,
  'UF_CRM_6433DB951130B' => NULL,
  'UF_CRM_6433DB9AA49A9' => NULL,
  'UF_CRM_6433DB9FCF9E4' => NULL,
  'UF_CRM_6433DBA519EAE' => NULL,
  'UF_CRM_6433DBAA49EB6' => NULL,
  'UF_CRM_6433DBAF367B5' => NULL,
  'UF_CRM_6433DBB42A707' => NULL,
  'UF_CRM_6433DBB98DD53' => '17611',
  'UF_CRM_6433DBBE90F98' => NULL,
  'UF_CRM_6433DBCD893E5' => NULL,
  'UF_CRM_6433DBD8A6465' => NULL,
  'UF_CRM_6433DBDD88F32' => NULL,
  'UF_CRM_6433DBE2A3E0F' => NULL,
  'UF_CRM_6433DBE7CB8D4' => NULL,
  'UF_CRM_6433DBED5A35F' => NULL,
  'UF_CRM_6433DBF277DA1' => NULL,
  'UF_CRM_6433DBF7A5906' => NULL,
  'UF_CRM_6433DBFCD0DAC' => NULL,
  'UF_CRM_6433DC01C49E0' => NULL,
  'UF_CRM_6433DC075C5C5' => NULL,
  'UF_CRM_6433DC0C620C9' => NULL,
  'UF_CRM_6433DC12355C4' => NULL,
  'UF_CRM_644253DA150F9' => NULL,
  'UF_CRM_6450B69DA5229' => NULL,
  'UF_CRM_6450B6A2B31FD' => NULL,
  'UF_CRM_6450B6A9A2DAA' => NULL,
  'UF_CRM_648307399DE36' => NULL,
  'UF_CRM_64DB52798B20D' => NULL,
  'UF_CRM_64DB528EA60C0' => NULL,
  'UF_CRM_64DB52953D51D' => NULL,
  'UF_CRM_65697A9FD755C' => NULL,
  'UF_CRM_65697AAB1C031' => NULL,
  'UF_CRM_1702273072' => NULL,
  'UF_CRM_6576A65667203' => NULL,
  'UF_CRM_65C07D53DF3FC' => NULL,
  'UF_CRM_65C07D6697009' => NULL,
  'UF_CRM_65C07D76E1FAE' => NULL,
  'UF_CRM_65C07D89BE1C2' => NULL,
  'UF_CRM_65C07DA44C596' => NULL,
  'UF_CRM_65C36CB41ED64' => NULL,
  'UF_CRM_65C36CC0819AC' => NULL,
  'UF_CRM_65C36CCC78A5D' => NULL,
  'UF_CRM_65C36CD8D34FA' => NULL,
  'UF_CRM_65C36CE48D4DC' => NULL,
  'UF_CRM_65C36CF138109' => NULL,
  'UF_CRM_65C36CFDE28CD' => NULL,
  'UF_CRM_65C36D0AA046B' => NULL,
  'UF_CRM_65C36D1778B3D' => NULL,
  'UF_CRM_65E85CE9DD498' => NULL,
  'UF_CRM_65E85CF698239' => NULL,
  'UF_CRM_65E85D0356B0C' => NULL,
  'UF_CRM_65E85D10E3929' => NULL,
  'UF_CRM_65E85D2AE9D32' => 'N',
  'UF_CRM_65E85D2D8F069' => 'N',
  'UF_CRM_65E85D530D947' => 'N',
  'UF_CRM_65E85D5F7B07F' => 'N',
  'UF_CRM_65E85D6C5B559' => 'N',
  'UF_CRM_65E85D79597B1' => 'N',
  'UF_CRM_65E85D9F2B5F3' => 'N',
  'UF_CRM_65E85DABD9DE9' => 'N',
  'UF_CRM_65E85DB91D47D' => NULL,
  'UF_CRM_65E85DC5AD086' => NULL,
  'UF_CRM_65E860588AF86' => 'N',
  'UF_CRM_65E86064DEDE9' => 'N',
  'UF_CRM_65E86071C7618' => NULL,
  'UF_CRM_65E8608C520EC' => 'N',
  'UF_CRM_65E860995BBB0' => 'N',
  'UF_CRM_65E860A6A668F' => NULL,
  'UF_CRM_65E860C07E03C' => 'N',
  'UF_CRM_65E8641A35FD2' => NULL,
  'UF_CRM_664B416EE52B8' => 'N',
  'UF_CRM_664DDE5F01D91' => 'N',
  'UF_CRM_66599AF534710' => 'N',
  'UF_CRM_6694FE04E26DF' => NULL,
  'UF_CRM_UF_SE_TASK_ID' => 'bab4df77-4057-4115-822e-a656571ac5b8',
  'UF_CRM_COMPANY_SYNC_SE_ID' => NULL,
  'UF_CRM_66962BE28E2C8' => NULL,
  'UF_CRM_UPDATE_INFO_LK' => 'N',
  'UF_CRM_6433D81CA7153' => NULL,
  'UF_CRM_6433D8B6D4588' => NULL,
  'UF_CRM_6433D8BB99B24' => NULL,
  'UF_CRM_ORGANIZATION' => NULL,
  'UF_CRM_6433D9F65FBDF' => NULL,
  'UF_CRM_COMPANY_SERVICE_EDO' => 19761,
  'UF_CRM_COMPANY_LINKS_TO_MARKETPLACES' => NULL,
  'UF_CRM_66962BDFCF38D' => NULL,
  'UF_CRM_6433DB2E14E18' => NULL,
  'UF_CRM_BRANCH' => NULL,
  'UF_CRM_66AB1E31D42A1' => NULL,
  'UF_CRM_66AB1E34613D2' => 'N',
  'UF_CRM_66AB1E36A70F7' => 'N',
  'UF_CRM_66AB1E38E50A7' => 'N',
  'UF_CRM_66AB1E3B2F043' => 'N',
  'UF_CRM_66AB1E3D5BE8F' => NULL,
  'UF_CRM_6433D64295EDD' => NULL,
  'UF_CRM_6433D6A10D288' => NULL,
  'UF_CRM_66AB1E3F87E06' => NULL,
  'UF_CRM_66BDA70FA34E7' => NULL,
  'UF_CRM_66AB1E41B2A03' => 'N',
  'UF_CRM_66AB1E43CF81A' => 'N',
  'UF_CRM_66AB1E45EC1FB' => NULL,
  'UF_CRM_6433D96B3E940' => NULL,
  'UF_CRM_66BDA71CA674D' => NULL,
  'UF_CRM_66AB1E480DF6F' => NULL,
  'UF_CRM_66AB1E4A55D34' => 'N',
  'UF_CRM_COMPANY_KNTR_CERTIFICATES' => NULL,
  'UF_CRM_63DC8E84F225A' => NULL,
  'UF_CRM_66BDA71779FDF' => NULL,
  'UF_CRM_66BDA70D20626' => NULL,
  'UF_CRM_66BDA71A1819E' => NULL,
  'UF_CRM_6433DB330C82B' => NULL,
  'UF_CRM_6433DB423C443' => NULL,
  'UF_CRM_6433DB4712020' => NULL,
  'UF_CRM_66AB1E4C63CAA' => 'N',
  'UF_CRM_66BDA7124A592' => NULL,
  'UF_CRM_66BDA714DDF11' => NULL,
  'UF_CRM_63DC8E84208D9' => NULL,
  'UF_CRM_66DEDFDA6A80B' => NULL,
  'UF_CRM_670E02A1BA14C' => NULL,
  'UF_CRM_670E02B679BE3' => NULL,
  'UF_CRM_670E02CB50A81' => NULL,
  'UF_CRM_670E02DFF0371' => NULL,
  'UF_CRM_670E02F530D51' => NULL,
  'UF_CRM_670E030A65109' => NULL,
  'UF_CRM_670E03202B0E9' => NULL,
  'UF_CRM_670E03361798A' => NULL,
  'UF_CRM_670E034B7504E' => NULL,
  'UF_CRM_670E03610A6DD' => NULL,
  'UF_CRM_670E0376445C3' => NULL,
  'UF_CRM_6712311867B6D' => NULL,
  'UF_CRM_6712312D9B8F5' => NULL,
  'UF_CRM_1702274795' => NULL,
  'UF_CRM_1702275014' => NULL,
  'UF_STAMP' => NULL,
  'UF_CRM_63DC8E81DE8D9' => 'N',
  'UF_CRM_63DC8E832E5A2' => 'N',
  'UF_DIRECTOR_SIGN' => NULL,
  'UF_CRM_63DC8E85CFCF8' => NULL,
  'UF_ACCOUNTANT_SIGN' => NULL,
  'UF_CRM_66278F492F2AB' => NULL,
  'UF_CRM_66278F56B20AB' => NULL,
  'UF_CRM_1614957860' => 
  array (
  ),
  'UF_CRM_63DC8E86B16B4' => NULL,
  'UF_CRM_COMPANY_AMO_MTMCUBCZWNNFI' => NULL,
  'UF_CRM_COMPANY_AMO_LDBCSXXLXKSAO' => NULL,
  'UF_CRM_COMPANY_AMO_IQELLRVUCLCMX' => NULL,
  'UF_CRM_COMPANY_AMO_STOVXRACHEMXN' => NULL,
  'UF_CRM_1614958759' => NULL,
  'UF_CRM_1614975460' => NULL,
  'UF_CRM_1614960190' => NULL,
  'UF_CRM_1614960517' => 'N',
  'UF_CRM_655CAA3806A4E' => NULL,
  'UF_CRM_1614960589' => 'N',
  'UF_CRM_1614960625' => 'N',
  'UF_CRM_1614960645' => 'N',
  'UF_CRM_1664274186' => 'N',
  'UF_CRM_1664274218' => 'N',
  'UF_CRM_1615066460' => NULL,
  'UF_CRM_1615200179' => NULL,
  'UF_CRM_1615200236' => 
  array (
  ),
  'UF_CRM_1666263448' => NULL,
  'UF_CRM_1680181141' => NULL,
  'UF_CRM_63DC8E8791D13' => NULL,
  'UF_CRM_1671612944' => 
  array (
  ),
  'UF_CRM_1671612985' => 
  array (
  ),
  'UF_CRM_DATE_OF_INSPECTION_OVK_SINGLE' => NULL,
  'UF_CRM_EXPIRED_CONSENT_SINGLE' => NULL,
  'UF_CRM_LIST_OF_BENEFICIARIES_SINGLE' => NULL,
  'UF_CRM_BENEFICIARIES_SINGLE' => NULL,
  'UF_CRM_COMPANY_KNTR_BANKS_SINGLE' => NULL,
  'UF_CRM_1617022509_SINGLE' => NULL,
  'UF_CRM_COMPANY_SS_ORG_SINGLE' => NULL,
  'UF_CRM_1687947495_SINGLE' => NULL,
  'UF_CRM_64DB2F96F1AE7_SINGLE' => NULL,
  'UF_CRM_64DB2F9DECE37_SINGLE' => NULL,
  'UF_CRM_64DB441DEE816_SINGLE' => NULL,
  'UF_CRM_64DB4425AB05C_SINGLE' => NULL,
  'UF_CRM_64DB442E55674_SINGLE' => NULL,
  'UF_CRM_64DB4434EF3A3_SINGLE' => NULL,
  'UF_CRM_64DB443BE1A9C_SINGLE' => NULL,
  'UF_CRM_64DB444343D37_SINGLE' => NULL,
  'UF_CRM_1693788279_SINGLE' => NULL,
  'UF_CRM_RU_DIADOK_SINGLE' => NULL,
  'UF_CRM_6526A6509E0DC_SINGLE' => NULL,
  'UF_CRM_6545DCFE01CA4_SINGLE' => NULL,
  'UF_CRM_6545DD05C700C_SINGLE' => NULL,
  'UF_CRM_65DF019419A3C_SINGLE' => NULL,
  'UF_CRM_COMPANY_KNTR_CERTIFICATE_SINGLE' => NULL,
  'UF_CRM_COMPANY_KNTR_LICENSES_SINGLE' => NULL,
  'UF_CRM_66DAA8BDB2548_SINGLE' => NULL,
  'UF_CRM_ROLE_OF_THE_CLIENT_SINGLE' => NULL,
  'UF_CRM_COMPANY_CHKLST_REFUSED_IN_STATUS_BY_DATA_SINGLE' => NULL,
  'UF_CRM_COMPANY_CHKLST_AUTOMATIC_APPROVE_SINGLE' => NULL,
  'UF_CRM_COMPANY_CHKLST_AUTHORIZED_PERSON_SINGLE' => NULL,
  'UF_CRM_COMPANY_CHKLST_CREDIT_COMMITTEE_SINGLE' => NULL,
  'UF_CRM_6433D4F3F2CA8_SINGLE' => NULL,
  'UF_CRM_6433D58274BF2_SINGLE' => NULL,
  'UF_CRM_6433D5FEDCCDC_SINGLE' => NULL,
  'UF_CRM_6433D6084A319_SINGLE' => NULL,
  'UF_CRM_6433D62FE7442_SINGLE' => NULL,
  'UF_CRM_6433D6355E340_SINGLE' => NULL,
  'UF_CRM_6433D63A11E51_SINGLE' => NULL,
  'UF_CRM_6433D702C5A07_SINGLE' => NULL,
  'UF_CRM_6433D70829928_SINGLE' => NULL,
  'UF_CRM_6433D7112B0A2_SINGLE' => NULL,
  'UF_CRM_6433D72469DA8_SINGLE' => NULL,
  'UF_CRM_6433D7290604B_SINGLE' => NULL,
  'UF_CRM_6433D7328E598_SINGLE' => NULL,
  'UF_CRM_6433D777E2973_SINGLE' => NULL,
  'UF_CRM_6433D7D2CA9D0_SINGLE' => NULL,
  'UF_CRM_6433D80C6AAC2_SINGLE' => NULL,
  'UF_CRM_6433D844B7B1F_SINGLE' => NULL,
  'UF_CRM_6433D86D38393_SINGLE' => NULL,
  'UF_CRM_6433D8719A73A_SINGLE' => NULL,
  'UF_CRM_6433D8E367985_SINGLE' => NULL,
  'UF_CRM_6433D8ED76753_SINGLE' => NULL,
  'UF_CRM_6433D94467769_SINGLE' => NULL,
  'UF_CRM_6433D9494F3E2_SINGLE' => NULL,
  'UF_CRM_6433D98DC980E_SINGLE' => NULL,
  'UF_CRM_6433D9928709F_SINGLE' => NULL,
  'UF_CRM_6433D99D4ED62_SINGLE' => NULL,
  'UF_CRM_6433D9FB43081_SINGLE' => NULL,
  'UF_CRM_6433DA06B96E6_SINGLE' => NULL,
  'UF_CRM_6433DABADC0AD_SINGLE' => NULL,
  'UF_CRM_6433DB513B488_SINGLE' => NULL,
  'UF_CRM_6433DBC84FB76_SINGLE' => NULL,
  'UF_CRM_64DB52953D51D_SINGLE' => NULL,
  'UF_CRM_6433D8B6D4588_SINGLE' => NULL,
  'UF_CRM_ORGANIZATION_SINGLE' => NULL,
  'UF_CRM_6433D9F65FBDF_SINGLE' => NULL,
  'UF_CRM_COMPANY_LINKS_TO_MARKETPLACES_SINGLE' => NULL,
  'UF_CRM_BRANCH_SINGLE' => NULL,
  'UF_CRM_66BDA714DDF11_SINGLE' => NULL,
  'UF_CRM_1614957860_SINGLE' => NULL,
  'UF_CRM_1615200236_SINGLE' => NULL,
  'UF_CRM_1671612944_SINGLE' => NULL,
  'UF_CRM_1671612985_SINGLE' => NULL,
  'PARENT_ID_129' => NULL,
  'PARENT_ID_132' => NULL,
  'PARENT_ID_134' => NULL,
  'PARENT_ID_139' => NULL,
  'PARENT_ID_141' => NULL,
  'PARENT_ID_147' => NULL,
  'PARENT_ID_148' => NULL,
  'PARENT_ID_149' => NULL,
  'PARENT_ID_151' => NULL,
  'PARENT_ID_153' => NULL,
  'PARENT_ID_157' => NULL,
  'PARENT_ID_172' => NULL,
  'PARENT_ID_174' => NULL,
  'PARENT_ID_175' => NULL,
  'PARENT_ID_182' => NULL,
  'PARENT_ID_184' => NULL,
  'PARENT_ID_185' => NULL,
  'PARENT_ID_190' => NULL,
  'PARENT_ID_1050' => NULL,
  'PARENT_ID_1060' => NULL,
  'Тип' => 'Компания',
  'contactPersonDetails' => 
  array (
    0 => 
    array (
      'nameText' => 'Федотова Нина Викторовна',
      'birthDate' => '',
      'phone' => '9278442744',
      'stateId' => '14',
      'commentText' => '',
    ),
  ),
  'Реквизиты' => 
  array (
    'ID' => '121489',
    'ENTITY_TYPE_ID' => '4',
    'ENTITY_ID' => '30729',
    'PRESET_ID' => '2',
    'DATE_CREATE' => '2023-03-29 10:42:02',
    'DATE_MODIFY' => '2024-10-18 16:34:23',
    'CREATED_BY_ID' => '0',
    'MODIFY_BY_ID' => '23768',
    'NAME' => 'Тафаев Павел Геннадьевич',
    'CODE' => NULL,
    'XML_ID' => NULL,
    'ORIGINATOR_ID' => NULL,
    'ACTIVE' => 'Y',
    'ADDRESS_ONLY' => 'N',
    'SORT' => '600',
    'RQ_NAME' => 'Тафаев Павел Геннадьевич',
    'RQ_FIRST_NAME' => 'Павел',
    'RQ_LAST_NAME' => 'Тафаев',
    'RQ_SECOND_NAME' => 'Геннадьевич',
    'RQ_COMPANY_NAME' => NULL,
    'RQ_COMPANY_FULL_NAME' => NULL,
    'RQ_COMPANY_REG_DATE' => '23.05.2022',
    'RQ_DIRECTOR' => NULL,
    'RQ_ACCOUNTANT' => NULL,
    'RQ_CEO_NAME' => NULL,
    'RQ_CEO_WORK_POS' => NULL,
    'RQ_CONTACT' => NULL,
    'RQ_EMAIL' => NULL,
    'RQ_PHONE' => NULL,
    'RQ_FAX' => NULL,
    'RQ_IDENT_TYPE' => NULL,
    'RQ_IDENT_DOC' => 'Паспорт гражданина Российской Федерации',
    'RQ_IDENT_DOC_SER' => '9714',
    'RQ_IDENT_DOC_NUM' => '113801',
    'RQ_IDENT_DOC_PERS_NUM' => NULL,
    'RQ_IDENT_DOC_DATE' => '08.07.2014',
    'RQ_IDENT_DOC_ISSUED_BY' => 'Отделом УФМС России по Чувашской Республике в Ленинском районе гор. Чебоксары',
    'RQ_IDENT_DOC_DEP_CODE' => '210-025',
    'RQ_INN' => '213008939777',
    'RQ_KPP' => NULL,
    'RQ_USRLE' => NULL,
    'RQ_IFNS' => NULL,
    'RQ_OGRN' => NULL,
    'RQ_OGRNIP' => '322213000025238',
    'RQ_OKPO' => '',
    'RQ_OKTMO' => NULL,
    'RQ_OKVED' => '',
    'RQ_EDRPOU' => NULL,
    'RQ_DRFO' => NULL,
    'RQ_KBE' => NULL,
    'RQ_IIN' => NULL,
    'RQ_BIN' => NULL,
    'RQ_ST_CERT_SER' => NULL,
    'RQ_ST_CERT_NUM' => NULL,
    'RQ_ST_CERT_DATE' => NULL,
    'RQ_VAT_PAYER' => 'N',
    'RQ_VAT_ID' => NULL,
    'RQ_VAT_CERT_SER' => NULL,
    'RQ_VAT_CERT_NUM' => NULL,
    'RQ_VAT_CERT_DATE' => NULL,
    'RQ_RESIDENCE_COUNTRY' => NULL,
    'RQ_BASE_DOC' => NULL,
    'RQ_REGON' => NULL,
    'RQ_KRS' => NULL,
    'RQ_PESEL' => NULL,
    'RQ_LEGAL_FORM' => NULL,
    'RQ_SIRET' => NULL,
    'RQ_SIREN' => NULL,
    'RQ_CAPITAL' => NULL,
    'RQ_RCS' => NULL,
    'RQ_SIGNATURE' => NULL,
    'RQ_STAMP' => NULL,
    'RQ_COMPANY_ID' => NULL,
    'RQ_CNPJ' => NULL,
    'RQ_STATE_REG' => NULL,
    'RQ_MNPL_REG' => NULL,
    'RQ_CPF' => NULL,
    'VALUE_ID' => '121489',
    'UF_CRM_1647929611' => 'гор. Чебоксары',
    'UF_CRM_1647931933' => NULL,
    'UF_CRM_1647931942' => NULL,
    'UF_CRM_1647931950' => NULL,
    'UF_CRM_1647931979' => NULL,
    'UF_CRM_1647931992' => NULL,
    'UF_CRM_1647932011' => NULL,
    'UF_CRM_1651842340' => NULL,
    'UF_CRM_1684476607' => NULL,
    'UF_CRM_1684493639' => '1994-06-24 00:00:00',
    'UF_CRM_1688964741' => 'УФНС по Республике Бурятия',
    'UF_CRM_1688965107' => NULL,
    'UF_CRM_1692611897' => NULL,
    'UF_CRM_1692611956' => NULL,
    'UF_CRM_1697697990' => '0',
    'UF_CRM_1697699468' => '0',
    'UF_CRM_1697782220' => '1',
    'UF_CRM_1697782233' => '0',
    'UF_CRM_DIRECT_CHECKOUT' => '0',
  ),
  'Адреса' => 
  array (
    0 => 
    array (
      'TYPE_ID' => '1',
      'ENTITY_TYPE_ID' => '8',
      'ENTITY_ID' => '121489',
      'ANCHOR_TYPE_ID' => '4',
      'ANCHOR_ID' => '30729',
      'ADDRESS_1' => 'Полевая ул, 19 ',
      'ADDRESS_2' => '1',
      'CITY' => 'Чекан с',
      'POSTAL_CODE' => NULL,
      'REGION' => 'Увинский р-н',
      'PROVINCE' => 'Удмуртская Респ',
      'COUNTRY' => 'Россия',
      'COUNTRY_CODE' => NULL,
      'LOC_ADDR_ID' => '325260',
      'IS_DEF' => '1',
      'ID' => '417682',
      'STREET' => NULL,
      'BUILDING' => NULL,
      'HOUSE' => '19 ',
    ),
    1 => 
    array (
      'TYPE_ID' => '4',
      'ENTITY_TYPE_ID' => '8',
      'ENTITY_ID' => '121489',
      'ANCHOR_TYPE_ID' => '4',
      'ANCHOR_ID' => '30729',
      'ADDRESS_1' => 'Полевая ул, 19 ',
      'ADDRESS_2' => '1',
      'CITY' => 'Чекан с',
      'POSTAL_CODE' => NULL,
      'REGION' => 'Увинский р-н',
      'PROVINCE' => 'Удмуртская Респ',
      'COUNTRY' => 'Россия',
      'COUNTRY_CODE' => NULL,
      'LOC_ADDR_ID' => '325261',
      'IS_DEF' => '1',
      'ID' => '417683',
      'STREET' => NULL,
      'BUILDING' => NULL,
      'HOUSE' => '19 ',
    ),
  ),
  'Банк' => 
  array (
    0 => 
    array (
      'ID' => '7099',
      'ENTITY_TYPE_ID' => '8',
      'ENTITY_ID' => '121489',
      'COUNTRY_ID' => '1',
      'DATE_CREATE' => '2024-10-18 16:29:26',
      'DATE_MODIFY' => NULL,
      'CREATED_BY_ID' => '23768',
      'MODIFY_BY_ID' => NULL,
      'NAME' => 'Московский Филиал АО КБ "Модульбанк"',
      'CODE' => NULL,
      'XML_ID' => NULL,
      'ORIGINATOR_ID' => NULL,
      'ACTIVE' => 'Y',
      'SORT' => '500',
      'RQ_BANK_NAME' => 'Московский Филиал АО КБ "Модульбанк"',
      'RQ_BANK_ADDR' => '127015, г. Москва, ул. Новодмитровская, д. 2, корп. 1',
      'RQ_BANK_ROUTE_NUM' => NULL,
      'RQ_BIK' => '044525092',
      'RQ_MFO' => NULL,
      'RQ_ACC_NAME' => NULL,
      'RQ_ACC_NUM' => '40802810970010474044',
      'RQ_IIK' => NULL,
      'RQ_ACC_CURRENCY' => '',
      'RQ_COR_ACC_NUM' => '30101810645250000092',
      'RQ_IBAN' => NULL,
      'RQ_SWIFT' => '',
      'RQ_BIC' => NULL,
      'RQ_CODEB' => NULL,
      'RQ_CODEG' => NULL,
      'RQ_RIB' => NULL,
      'COMMENTS' => 'расчетный',
      'RQ_BANK_CODE' => NULL,
      'RQ_ACC_TYPE' => NULL,
      'RQ_AGENCY_NAME' => NULL,
    ),
    1 => 
    array (
      'ID' => '7100',
      'ENTITY_TYPE_ID' => '8',
      'ENTITY_ID' => '121489',
      'COUNTRY_ID' => '1',
      'DATE_CREATE' => '2024-10-18 16:29:26',
      'DATE_MODIFY' => NULL,
      'CREATED_BY_ID' => '23768',
      'MODIFY_BY_ID' => NULL,
      'NAME' => 'Московский Филиал АО КБ "Модульбанк"',
      'CODE' => NULL,
      'XML_ID' => NULL,
      'ORIGINATOR_ID' => NULL,
      'ACTIVE' => 'Y',
      'SORT' => '500',
      'RQ_BANK_NAME' => 'Московский Филиал АО КБ "Модульбанк"',
      'RQ_BANK_ADDR' => '127015, г. Москва, ул. Новодмитровская, д. 2, корп. 1',
      'RQ_BANK_ROUTE_NUM' => NULL,
      'RQ_BIK' => '044525092',
      'RQ_MFO' => NULL,
      'RQ_ACC_NAME' => NULL,
      'RQ_ACC_NUM' => '40802810770013001342',
      'RQ_IIK' => NULL,
      'RQ_ACC_CURRENCY' => '',
      'RQ_COR_ACC_NUM' => '30101810645250000092',
      'RQ_IBAN' => NULL,
      'RQ_SWIFT' => '',
      'RQ_BIC' => NULL,
      'RQ_CODEB' => NULL,
      'RQ_CODEG' => NULL,
      'RQ_RIB' => NULL,
      'COMMENTS' => 'номинальный',
      'RQ_BANK_CODE' => NULL,
      'RQ_ACC_TYPE' => NULL,
      'RQ_AGENCY_NAME' => NULL,
    ),
    2 => 
    array (
      'ID' => '7101',
      'ENTITY_TYPE_ID' => '8',
      'ENTITY_ID' => '121489',
      'COUNTRY_ID' => '1',
      'DATE_CREATE' => '2024-10-18 16:29:38',
      'DATE_MODIFY' => '2024-10-18 16:34:28',
      'CREATED_BY_ID' => '23768',
      'MODIFY_BY_ID' => '23768',
      'NAME' => 'Расчетный счет',
      'CODE' => NULL,
      'XML_ID' => NULL,
      'ORIGINATOR_ID' => NULL,
      'ACTIVE' => 'Y',
      'SORT' => '500',
      'RQ_BANK_NAME' => 'ООО "Банк Точка"',
      'RQ_BANK_ADDR' => NULL,
      'RQ_BANK_ROUTE_NUM' => NULL,
      'RQ_BIK' => '044525104',
      'RQ_MFO' => NULL,
      'RQ_ACC_NAME' => NULL,
      'RQ_ACC_NUM' => '40802810901500320835',
      'RQ_IIK' => NULL,
      'RQ_ACC_CURRENCY' => NULL,
      'RQ_COR_ACC_NUM' => '30101810745374525104',
      'RQ_IBAN' => NULL,
      'RQ_SWIFT' => NULL,
      'RQ_BIC' => NULL,
      'RQ_CODEB' => NULL,
      'RQ_CODEG' => NULL,
      'RQ_RIB' => NULL,
      'COMMENTS' => ' МКК ',
      'RQ_BANK_CODE' => NULL,
      'RQ_ACC_TYPE' => NULL,
      'RQ_AGENCY_NAME' => NULL,
    ),
  ),
  'КонтактныеДанные' => 
  array (
    0 => 
    array (
      'ID' => '1315344',
      'ENTITY_ID' => 'COMPANY',
      'ELEMENT_ID' => '30729',
      'TYPE_ID' => 'PHONE',
      'VALUE_TYPE' => 'MOBILE',
      'COMPLEX_ID' => 'PHONE_MOBILE',
      'VALUE' => '+79278442744',
    ),
    1 => 
    array (
      'ID' => '1065888',
      'ENTITY_ID' => 'COMPANY',
      'ELEMENT_ID' => '30729',
      'TYPE_ID' => 'EMAIL',
      'VALUE_TYPE' => 'OTHER',
      'COMPLEX_ID' => 'EMAIL_OTHER',
      'VALUE' => 'mail@tafaev.ru',
    ),
  ),
  'Представитель' => '',
  'Бенефициар1' => NULL,
  'Бенефициар2' => NULL,
  'Бенефициар3' => NULL,
  'Бенефициар4' => NULL,
  'Бенефициар5' => NULL,
  'ФилиалАвтора' => NULL,
  'Автор' => NULL,
  'clientGroup' => 'Тафаев',
)
#0: KPLab\OneC\Export\Company->export
	/home/bitrix/www/local/classes/onec/export/company.php:190
#1: KPLab\OneC\Export\Company->init
	/home/bitrix/www/bitrix/activities/bitrix/codeactivity/codeactivity.php(25) : eval()'d code:2
#2: eval
	/home/bitrix/www/bitrix/activities/bitrix/codeactivity/codeactivity.php:25
#3: CBPCodeActivity->execute
	/home/bitrix/www/bitrix/modules/bizproc/classes/general/workflow.php:536
#4: CBPWorkflow->runQueuedItem
	/home/bitrix/www/bitrix/modules/bizproc/classes/general/workflow.php:499
#5: CBPWorkflow->runStep
	/home/bitrix/www/bitrix/modules/bizproc/classes/general/workflow.php:483
----------
Host: crm.sodeistvie.su:443
Date: 2024-12-04 11:03:44
Module: Представитель
8f77a6d5-9daf-11ef-813f-d9ad3efeb7da
#0: KPLab\OneC\Export\Company->init
	/home/bitrix/www/local/classes/onec/export/zayavka.php:106
#1: KPLab\OneC\Export\Zayavka->init
	/home/bitrix/www/bitrix/activities/bitrix/codeactivity/codeactivity.php(25) : eval()'d code:2
#2: eval
	/home/bitrix/www/bitrix/activities/bitrix/codeactivity/codeactivity.php:25
#3: CBPCodeActivity->execute
	/home/bitrix/www/bitrix/modules/bizproc/classes/general/workflow.php:536
#4: CBPWorkflow->runQueuedItem
	/home/bitrix/www/bitrix/modules/bizproc/classes/general/workflow.php:499
#5: CBPWorkflow->runStep
	/home/bitrix/www/bitrix/modules/bizproc/classes/general/workflow.php:483
----------
Host: crm.sodeistvie.su:443
Date: 2024-12-04 11:03:44
Module: ФилиалАвтора
NULL
#0: KPLab\OneC\Export\Company->init
	/home/bitrix/www/local/classes/onec/export/zayavka.php:106
#1: KPLab\OneC\Export\Zayavka->init
	/home/bitrix/www/bitrix/activities/bitrix/codeactivity/codeactivity.php(25) : eval()'d code:2
#2: eval
	/home/bitrix/www/bitrix/activities/bitrix/codeactivity/codeactivity.php:25
#3: CBPCodeActivity->execute
	/home/bitrix/www/bitrix/modules/bizproc/classes/general/workflow.php:536
#4: CBPWorkflow->runQueuedItem
	/home/bitrix/www/bitrix/modules/bizproc/classes/general/workflow.php:499
#5: CBPWorkflow->runStep
	/home/bitrix/www/bitrix/modules/bizproc/classes/general/workflow.php:483
----------
Host: crm.sodeistvie.su:443
Date: 2024-12-04 11:03:44
Module: Автор
abf1113d-da23-11ee-811b-80e641c65846
#0: KPLab\OneC\Export\Company->init
	/home/bitrix/www/local/classes/onec/export/zayavka.php:106
#1: KPLab\OneC\Export\Zayavka->init
	/home/bitrix/www/bitrix/activities/bitrix/codeactivity/codeactivity.php(25) : eval()'d code:2
#2: eval
	/home/bitrix/www/bitrix/activities/bitrix/codeactivity/codeactivity.php:25
#3: CBPCodeActivity->execute
	/home/bitrix/www/bitrix/modules/bizproc/classes/general/workflow.php:536
#4: CBPWorkflow->runQueuedItem
	/home/bitrix/www/bitrix/modules/bizproc/classes/general/workflow.php:499
#5: CBPWorkflow->runStep
	/home/bitrix/www/bitrix/modules/bizproc/classes/general/workflow.php:483
----------
Host: crm.sodeistvie.su:443
Date: 2024-12-04 11:03:44
Module: clientId
50342
#0: KPLab\OneC\Export\Company->export
	/home/bitrix/www/local/classes/onec/export/company.php:190
#1: KPLab\OneC\Export\Company->init
	/home/bitrix/www/local/classes/onec/export/zayavka.php:106
#2: KPLab\OneC\Export\Zayavka->init
	/home/bitrix/www/bitrix/activities/bitrix/codeactivity/codeactivity.php(25) : eval()'d code:2
#3: eval
	/home/bitrix/www/bitrix/activities/bitrix/codeactivity/codeactivity.php:25
#4: CBPCodeActivity->execute
	/home/bitrix/www/bitrix/modules/bizproc/classes/general/workflow.php:536
#5: CBPWorkflow->runQueuedItem
	/home/bitrix/www/bitrix/modules/bizproc/classes/general/workflow.php:499
----------
Host: crm.sodeistvie.su:443
Date: 2024-12-04 11:03:44
Module: clientOrg
6
#0: KPLab\OneC\Export\Company->export
	/home/bitrix/www/local/classes/onec/export/company.php:190
#1: KPLab\OneC\Export\Company->init
	/home/bitrix/www/local/classes/onec/export/zayavka.php:106
#2: KPLab\OneC\Export\Zayavka->init
	/home/bitrix/www/bitrix/activities/bitrix/codeactivity/codeactivity.php(25) : eval()'d code:2
#3: eval
	/home/bitrix/www/bitrix/activities/bitrix/codeactivity/codeactivity.php:25
#4: CBPCodeActivity->execute
	/home/bitrix/www/bitrix/modules/bizproc/classes/general/workflow.php:536
#5: CBPWorkflow->runQueuedItem
	/home/bitrix/www/bitrix/modules/bizproc/classes/general/workflow.php:499
----------
Host: crm.sodeistvie.su:443
Date: 2024-12-04 11:03:44
Module: clientData
array (
  'OBSERVER_IDS' => 
  array (
  ),
  'LOGO' => '',
  'UF_CRM_EXPIRED_CONSENT' => 
  array (
  ),
  'UF_CRM_CLIENT_QUESTIONNAIRE' => NULL,
  'UF_CRM_BITCONF_ZOOM_REGISTRATION_ANSWERS' => NULL,
  'UF_CRM_1693788279' => 
  array (
    0 => 4925869,
  ),
  'UF_CRM_RUROBOT_SBP_QR_FILE' => NULL,
  'UF_CRM_RUROBOT_CHEK_QR_FILE' => NULL,
  'UF_CRM_COMPANY_CHARTER' => 
  array (
  ),
  'UF_CRM_ORDER_FOR_DIRECTOR' => 
  array (
  ),
  'UF_CRM_6433D5CD87C30' => NULL,
  'UF_CRM_6433D5D634AD6' => NULL,
  'UF_CRM_6433D5FA970C9' => NULL,
  'UF_CRM_6433D5FEDCCDC' => 
  array (
  ),
  'UF_CRM_6433D6036480A' => NULL,
  'UF_CRM_6433D6084A319' => 
  array (
  ),
  'UF_CRM_6433D62FE7442' => 
  array (
  ),
  'UF_CRM_6433D6355E340' => 
  array (
  ),
  'UF_CRM_6433D63A11E51' => 
  array (
  ),
  'UF_CRM_6433D6DD9702A' => NULL,
  'UF_CRM_6433D702C5A07' => 
  array (
  ),
  'UF_CRM_6433D70829928' => 
  array (
  ),
  'UF_CRM_6433D7112B0A2' => 
  array (
  ),
  'UF_CRM_6433D72469DA8' => 
  array (
  ),
  'UF_CRM_6433D7290604B' => 
  array (
  ),
  'UF_CRM_6433D7328E598' => 
  array (
  ),
  'UF_CRM_6433D7BFBF3C1' => NULL,
  'UF_CRM_6433D86D38393' => 
  array (
  ),
  'UF_CRM_6433D8719A73A' => 
  array (
  ),
  'UF_CRM_6433D88041ED1' => NULL,
  'UF_CRM_6433D8ED76753' => 
  array (
  ),
  'UF_CRM_6433D922AAFBA' => NULL,
  'UF_CRM_6433D93E62E9D' => NULL,
  'UF_CRM_6433D94467769' => 
  array (
  ),
  'UF_CRM_6433D9494F3E2' => 
  array (
  ),
  'UF_CRM_6433D98DC980E' => 
  array (
  ),
  'UF_CRM_6433D9928709F' => 
  array (
  ),
  'UF_CRM_6433D9BC65B15' => NULL,
  'UF_CRM_6433D9FB43081' => 
  array (
  ),
  'UF_CRM_6433DA7676DE8' => NULL,
  'UF_CRM_6433DA7FAA203' => NULL,
  'UF_CRM_6433DB8564D70' => NULL,
  'UF_CRM_6433DBC84FB76' => 
  array (
  ),
  'UF_CRM_64DB528100CC9' => NULL,
  'UF_CRM_64DB52A38846D' => NULL,
  'UF_CRM_UNSIGNED_CONSENT' => NULL,
  'UF_CRM_6433DAEF79717' => NULL,
  'COMMENTS' => NULL,
  'CONTACT_BINDINGS' => 
  array (
  ),
  'CONTACT_ID' => 
  array (
  ),
  'UTM_SOURCE' => NULL,
  'UTM_MEDIUM' => NULL,
  'UTM_CAMPAIGN' => NULL,
  'UTM_CONTENT' => NULL,
  'UTM_TERM' => NULL,
  'ID' => 50342,
  'DATE_CREATE' => '08.11.2024 16:37:29',
  'DATE_MODIFY' => '26.11.2024 11:01:21',
  'CREATED_BY_ID' => 28362,
  'MODIFY_BY_ID' => 23308,
  'ASSIGNED_BY_ID' => 28362,
  'OPENED' => 'Y',
  'TITLE' => 'ООО "БЕЛКОМ"',
  'ADDRESS' => NULL,
  'ADDRESS_LEGAL' => NULL,
  'BANKING_DETAILS' => NULL,
  'COMPANY_TYPE' => 'UC_GD779L',
  'INDUSTRY' => 'IT',
  'REVENUE' => 0.0,
  'CURRENCY_ID' => 'RUB',
  'EMPLOYEES' => 'EMPLOYEES_1',
  'LEAD_ID' => NULL,
  'WEBFORM_ID' => 0,
  'ORIGINATOR_ID' => NULL,
  'ORIGIN_ID' => NULL,
  'ORIGIN_VERSION' => NULL,
  'HAS_PHONE' => 'Y',
  'HAS_EMAIL' => 'Y',
  'HAS_IMOL' => 'Y',
  'IS_MY_COMPANY' => 'N',
  'CATEGORY_ID' => 0,
  'LAST_ACTIVITY_BY' => 28362,
  'LAST_ACTIVITY_TIME' => '26.11.2024 11:01:19',
  'EMAIL_HOME' => NULL,
  'EMAIL_WORK' => NULL,
  'EMAIL_MAILING' => NULL,
  'PHONE_MOBILE' => NULL,
  'PHONE_WORK' => NULL,
  'PHONE_MAILING' => NULL,
  'IMOL' => NULL,
  'EMAIL' => NULL,
  'PHONE' => NULL,
  'UF_CRM_669752C2286C3' => NULL,
  'UF_CRM_1724992931' => 'N',
  'UF_CRM_END_DATE_OF_CONSENT' => NULL,
  'UF_CRM_DATE_OF_INSPECTION_OVK' => 
  array (
  ),
  'UF_CRM_INFO_ABOUT_THE_DEGREE_OF_RISK_OF_THE_CLIENT' => NULL,
  'UF_CRM_TARIF_OF_SELLERS' => NULL,
  'UF_CRM_LIMIT_TO_INCREASE' => NULL,
  'UF_CRM_63DC8E17DA14A' => NULL,
  'UF_CRM_SERVICE_EDO' => NULL,
  'UF_CRM_6433D456A993F' => NULL,
  'UF_CRM_6433D45A58732' => NULL,
  'UF_CRM_6433D45E0E48D' => NULL,
  'UF_CRM_6435331D97379' => NULL,
  'UF_CRM_LIST_OF_BENEFICIARIES' => 
  array (
    0 => 'Данилова Маргарита Анатольевна, физическое лицо владеет большой долей в капитале (указать размер доли), доля в капитале 100',
  ),
  'UF_CRM_BENEFICIARIES' => 
  array (
    0 => 'Данилова Маргарита Анатольевна',
  ),
  'UF_CRM_643533226D993' => NULL,
  'UF_CRM_6435332D17E32' => NULL,
  'UF_CRM_6435333351197' => NULL,
  'UF_CRM_643533400DD7E' => NULL,
  'UF_CRM_64353346223BE' => NULL,
  'UF_CRM_643533543CB94' => NULL,
  'UF_CRM_6435335A78A8A' => NULL,
  'UF_CRM_64353366C4E98' => NULL,
  'UF_CRM_6435336CE33DF' => NULL,
  'UF_CRM_6436790C0A081' => NULL,
  'UF_CRM_6436791297084' => NULL,
  'UF_CRM_644B8F5F389E2' => NULL,
  'UF_CRM_64771CA96A441' => NULL,
  'UF_CRM_64771CAF31F16' => NULL,
  'UF_CRM_64806D472FDA8' => NULL,
  'UF_CRM_COMPANY_OVK_CHECKDOMAIN' => 'N',
  'UF_CRM_COMPANY_OVK_CHECK_COMPANY_INFO' => 'N',
  'UF_CRM_COMPANY_OVK_CHECK_LICENSES' => 'N',
  'UF_CRM_COMPANY_OVK_IS_IN_TERRORIST_LIST' => 'N',
  'UF_CRM_COMPANY_OVK_IS_IN_MVK_LIST' => 'N',
  'UF_CRM_COMPANY_OVK_IS_IN_OMU_LIST' => 'N',
  'UF_CRM_COMPANY_OVK_IS_IN_STRATEGIC_LIST' => 'N',
  'UF_CRM_COMPANY_OVK_IS_IN_OPK_ULS' => 'N',
  'UF_CRM_COMPANY_OVK_IS_IN_SANCTION_LIST' => 'N',
  'UF_CRM_COMPANY_OVK_IS_IN_PEP_LIST' => 'N',
  'UF_CRM_COMPANY_OVK_IS_IN_764LIST' => 'N',
  'UF_CRM_COMPANY_OVK_IS_IN_FINANCIAL_PYRAMIDE' => 'N',
  'UF_CRM_COMPANY_OVK_IS_IN_ILLEGAL_CREDITOR' => 'N',
  'UF_CRM_COMPANY_OVK_RESULT' => 'N',
  'UF_CRM_COMPANY_KNTR_ADMIN_OFFENCE_CASE_COUNT' => NULL,
  'UF_CRM_COMPANY_KNTR_ARBITR_CLAIMS_LOST_CASES_SUM' => NULL,
  'UF_CRM_COMPANY_KNTR_ARBIT_CLAIMS_REVIEW_CASES_SUM' => NULL,
  'UF_CRM_COMPANY_KNTR_ANY_FNS_BLOCKED_ACCOUNTS' => 'N',
  'UF_CRM_COMPANY_KNTR_ANY_SENT_DOCUMENTS_TO_FNS' => 'N',
  'UF_CRM_COMPANY_KNTR_ANY_DISQUALIFIED_DIRECTORS' => 'N',
  'UF_CRM_COMPANY_KNTR_BANKS' => 
  array (
  ),
  'UF_CRM_PASSPORT_IS_MANUAL' => NULL,
  'UF_CRM_COMPANY_KNTR_BLOCKED_ACCOUNTS' => NULL,
  'UF_CRM_COMPANY_KNTR_LESSEE_CONTRACTS' => NULL,
  'UF_CRM_COMPANY_KNTR_CONNECTED_COMPANIES' => NULL,
  'UF_CRM_COMPANY_KNTR_CONNECTED_SITES' => NULL,
  'UF_CRM_COMPANY_KNTR_ENFORCEMENT_PROCEEDINGS_SUM' => NULL,
  'UF_CRM_COMPANY_KNTR_IN_ANY_SANCTION_LISTS' => 'N',
  'UF_CRM_COMPANY_KNTR_IN_ANY_FNS_LIST' => 'N',
  'UF_CRM_COMPANY_KNTR_IN_STRATEGIC_ENTERPRISE_LIST' => 'N',
  'UF_CRM_COMPANY_KNTR_IN_JOIN_STOCK_CMPNY_LIST91P' => 'N',
  'UF_CRM_COMPANY_KNTR_IN_UNRELIABLE_SIPPLIER_LIST' => 'N',
  'UF_CRM_COMPANY_KNTR_MSP_LIST_DATE' => NULL,
  'UF_CRM_COMPANY_KNTR_TRADEMARKS' => NULL,
  'UF_CRM_COMPANY_KNTR_LAST_BANKRUPTCY_DATA' => NULL,
  'UF_CRM_COMPANY_KNTR_IN_GOVERNMENT_DIRECTIVE_LIST' => 'N',
  'UF_CRM_COMPANY_KNTR_IN_STRATEGIC_ORG_LIST' => 'N',
  'UF_CRM_COMPANY_KNTR_WEBSITE_BLOCK_INFOS' => NULL,
  'UF_CRM_COMPANY_KNTR_IN_PRLIFRTN_RISK_DETECTIONLIST' => 'N',
  'UF_CRM_COMPANY_KNTR_IN_REFUSAL_LIST764P' => 'N',
  'UF_CRM_COMPANY_KNTR_IN_BANK_REFUSAL_LIST764P' => 'N',
  'UF_CRM_COMPANY_KNTR_IN_SANCTIONS_LIST' => 'N',
  'UF_CRM_COMPANY_KNTR_IN_STRATEGIC_COMPANIES_LIST' => 'N',
  'UF_CRM_COMPANY_KNTR_IN_TERRORIST_LIST' => 'N',
  'UF_CRM_COMPANY_KNTR_IN_EXTREMISTS_LIST' => 'N',
  'UF_CRM_COMPANY_KNTR_IN_INTERDEP_COMMISSION_LIST' => 'N',
  'UF_CRM_COMPANY_KNTR_IN_WEAPON_MASS_DESTRUCTION_DIS' => 'N',
  'UF_CRM_COMPANY_KNTR_IN_ILLEG_LENDER_INDICATOR_LIST' => 'N',
  'UF_CRM_COMPANY_KNTR_IN_PYRAMID_SCHEME_INDICATAOR_L' => 'N',
  'UF_CRM_COMPANY_KNTR_ILLEG_SECUR_MARKET_PARTICIPANT' => 'N',
  'UF_CRM_COMPANY_CHKLST' => NULL,
  'UF_CRM_COMPANY_CHKLST_WB_INC_TO_SALE_FOR_SIX_MONTH' => NULL,
  'UF_CRM_COMPANY_CHKLST_OZON_INC_SALE_FOR_SIX_MOUNTH' => NULL,
  'UF_CRM_COMPANY_CHKLST_MARKETPLACE_DURATION_IN_MNTH' => NULL,
  'UF_CRM_COMPANY_CHKLST_SALES_TO_COUNT_SIX_MTH_RATIO' => NULL,
  'UF_CRM_COMPANY_CHKLST_SALES_TO_RETURN_COUNT_SIX_MH' => NULL,
  'UF_CRM_COMPANY_CHKLST_STOK_SUM_LIMIT_SIX_MTH_RATIO' => NULL,
  'UF_CRM_COMPANY_CHKLST_SMOOTHED_LIM_FOR_SIX_MONTHS' => NULL,
  'UF_CRM_COMPANY_CHKLST_PDN' => NULL,
  'UF_CRM_COMPANY_CHKLST_ANY_FNS_BLOCKED_ACCOUNTS' => 'N',
  'UF_CRM_COMPANY_CHKLST_PERSON_VALID_PASSPORT' => 'N',
  'UF_CRM_COMPANY_CHKLST_LOCATED_IN_LISTS_NAMES' => NULL,
  'UF_CRM_COMPANY_CHKLST_IN_UNRELIABLE_SUPPLIER_LIST' => 'N',
  'UF_CRM_COMPANY_CHKLST_ANY_DISQUALIFIED_DIRECTORS' => 'N',
  'UF_CRM_1554808760221' => NULL,
  'UF_LOGO' => NULL,
  'UF_CRM_1595595411835' => 'ОБЩЕСТВО С ОГРАНИЧЕННОЙ ОТВЕТСТВЕННОСТЬЮ "БЕЛКОМ"',
  'UF_CRM_1596520984268' => NULL,
  'UF_CRM_1596520996191' => NULL,
  'UF_CRM_1596521014397' => NULL,
  'UF_CRM_1596521047550' => NULL,
  'UF_CRM_1596521064464' => NULL,
  'UF_CRM_1596521074308' => NULL,
  'UF_CRM_1617022509' => 
  array (
  ),
  'UF_CRM_1627544551724' => NULL,
  'UF_CRM_TB_TAGS' => NULL,
  'UF_CRM_COMPANY_SS_AGENT_DOC_NOMER_AM' => NULL,
  'UF_CRM_COMPANY_SS_AGENT_DOC_DATA_AM' => NULL,
  'UF_CRM_COMPANY_SS_FILIAL_OPEN_DATE_AM' => NULL,
  'UF_CRM_COMPANY_SS_FILIAL_CLOSE_DATE_AM' => NULL,
  'UF_CRM_COMPANY_SS_FILIAL_BOSS_AM' => NULL,
  'UF_CRM_COMPANY_SS_FILIAL_STATUS_AM' => NULL,
  'UF_CRM_1637754619884' => NULL,
  'UF_CRM_1637754682264' => NULL,
  'UF_CRM_1638788295103' => NULL,
  'UF_CRM_1638788442249' => NULL,
  'UF_CRM_1638789252369' => NULL,
  'UF_CRM_1638791492304' => NULL,
  'UF_CRM_1638791524660' => NULL,
  'UF_CRM_COMPANY_SS_SYNC_DATE' => '26.11.2024 11:01:11',
  'UF_CRM_COMPANY_SS_AM_ID' => NULL,
  'UF_CRM_COMPANY_SS_AK_ID' => 'a80a9132-9dc6-11ef-813f-d9ad3efeb7da',
  'UF_CRM_COMPANY_SS_AS_ID' => NULL,
  'UF_CRM_COMPANY_SS_PREDSTAVITEL_DOLGNOST' => 'Генеральный директор',
  'UF_CRM_COMPANY_SS_PREDSTAVITEL_DOVERENNOST' => NULL,
  'UF_CRM_COMPANY_SS_ORG' => 
  array (
    0 => '6',
  ),
  'UF_CRM_COMPANY_SS_KASSA' => 'Y',
  'UF_CRM_APP_PL_COMPANY_COUNTRY' => NULL,
  'UF_CRM_APP_PL_COMPANY_TIMEZONE' => NULL,
  'UF_CRM_APP_PL_COMPANY_REGION' => NULL,
  'UF_CRM_CUST_LTIME' => NULL,
  'UF_CRM_1675248051686' => NULL,
  'UF_CRM_1675248084077' => NULL,
  'UF_CRM_1675251420593' => NULL,
  'UF_CRM_1675251431573' => NULL,
  'UF_CRM_1675251444631' => NULL,
  'UF_CRM_63DC8E18A4E2E' => NULL,
  'UF_CRM_63DC8E195EB36' => NULL,
  'UF_CRM_63DC8E1A3346D' => NULL,
  'UF_CRM_63DC8E26747B4' => NULL,
  'UF_CRM_63DC8E274B853' => NULL,
  'UF_CRM_63DC8E280E9E5' => NULL,
  'UF_CRM_63DC8E293CC7F' => 'N',
  'UF_CRM_63DC8E2A0BF88' => 'N',
  'UF_CRM_63DC8E2ABE9D8' => NULL,
  'UF_CRM_63DC8E2B7F52E' => 'N',
  'UF_CRM_63DC8E2C3AABE' => 'N',
  'UF_CRM_63DC8E2CEC51F' => NULL,
  'UF_CRM_63DC8E2DA91B8' => 'N',
  'UF_CRM_63DC8E2E74222' => 'N',
  'UF_CRM_63DC8E2F31F5B' => NULL,
  'UF_CRM_63DC8E2FF0CC2' => 'N',
  'UF_CRM_63DC8E30B7FAE' => 'N',
  'UF_CRM_63DC8E317ED45' => NULL,
  'UF_CRM_63DC8E323FF76' => 'N',
  'UF_CRM_63DC8E3306CAB' => 'N',
  'UF_CRM_63DC8E33C393B' => NULL,
  'UF_CRM_63DC8E3495C8D' => 'N',
  'UF_CRM_63DC8E355E686' => 'N',
  'UF_CRM_63DC8E3627033' => NULL,
  'UF_CRM_63DC8E36DB39D' => 'N',
  'UF_CRM_63DC8E379C254' => 'N',
  'UF_CRM_63DC8E38681EC' => NULL,
  'UF_CRM_63DC8E392D259' => 'N',
  'UF_CRM_63DC8E39E7034' => 'N',
  'UF_CRM_63DC8E3AAC4F7' => NULL,
  'UF_CRM_63DC8E3C39A26' => 'N',
  'UF_CRM_63DC8E3D01747' => NULL,
  'UF_CRM_63DC8E3DBFA43' => 'N',
  'UF_CRM_63DC8E3E90027' => NULL,
  'UF_CRM_63DC8E4028C58' => 'N',
  'UF_CRM_63DC8E40E39C2' => NULL,
  'UF_CRM_63DC8E41ACD58' => 'N',
  'UF_CRM_63DC8E427A06D' => 'N',
  'UF_CRM_63DC8E4340A22' => NULL,
  'UF_CRM_63DC8E4411725' => 'N',
  'UF_CRM_63DC8E44D1A58' => 'N',
  'UF_CRM_63DC8E459F68A' => NULL,
  'UF_CRM_63DC8E467D45B' => 'N',
  'UF_CRM_63DC8E474FBE9' => 'N',
  'UF_CRM_63DC8E481E707' => NULL,
  'UF_CRM_63DC8E48E257E' => 'N',
  'UF_CRM_63DC8E49A6390' => 'N',
  'UF_CRM_63DC8E4A719EA' => NULL,
  'UF_CRM_63DC8E4C2FC7D' => 'N',
  'UF_CRM_63DC8E4CEBF34' => NULL,
  'UF_CRM_63DC8E4DBCDB3' => 'N',
  'UF_CRM_63DC8E4E90E8C' => NULL,
  'UF_CRM_63DC8E4F5DD80' => 'N',
  'UF_CRM_63DC8E502565C' => 'N',
  'UF_CRM_63DC8E50E5D9E' => 'N',
  'UF_CRM_63DC8E51AF554' => 'N',
  'UF_CRM_63DC8E527AD60' => NULL,
  'UF_CRM_63DC8E535208E' => NULL,
  'UF_CRM_63DC8E5423AFA' => NULL,
  'UF_CRM_63DC8E54E21A1' => 'N',
  'UF_CRM_63DC8E55B527E' => 'N',
  'UF_CRM_63DC8E5689193' => 'N',
  'UF_CRM_63DC8E5759751' => 'N',
  'UF_CRM_63DC8E590765C' => 'N',
  'UF_CRM_63DC8E59D279D' => NULL,
  'UF_CRM_63DC8E5B7F55D' => 'N',
  'UF_CRM_63DC8E5C5D659' => NULL,
  'UF_CRM_63DC8E5E1E849' => 'N',
  'UF_CRM_63DC8E5EE72DA' => NULL,
  'UF_CRM_63DC8E609239F' => 'N',
  'UF_CRM_63DC8E616A5AE' => NULL,
  'UF_CRM_63DC8E633698E' => 'N',
  'UF_CRM_63DC8E640474F' => NULL,
  'UF_CRM_63DC8E665855D' => 'N',
  'UF_CRM_63DC8E6736DC5' => NULL,
  'UF_CRM_63DC8E68EC080' => 'N',
  'UF_CRM_63DC8E6AA1430' => NULL,
  'UF_CRM_63DC8E6B76E53' => 'N',
  'UF_CRM_63DC8E6C67591' => 'N',
  'UF_CRM_63DC8E6D42820' => 'N',
  'UF_CRM_63DC8E6E1CEB4' => 'N',
  'UF_CRM_63DC8E6EEE91A' => 'N',
  'UF_CRM_63DC8E70B4611' => 'N',
  'UF_CRM_63DC8E7190963' => NULL,
  'UF_CRM_63DC8E726D449' => NULL,
  'UF_CRM_63DC8E7356A8D' => NULL,
  'UF_CRM_63DC8E743500D' => NULL,
  'UF_CRM_63DC8E751A1D3' => NULL,
  'UF_CRM_63DC8E7627B00' => NULL,
  'UF_CRM_63DC8E771A045' => NULL,
  'UF_CRM_63DC8E7809694' => NULL,
  'UF_CRM_63DC8E78E0E4D' => NULL,
  'UF_CRM_63DC8E79C71A6' => NULL,
  'UF_CRM_63DC8E7AA9B36' => NULL,
  'UF_CRM_63DC8E7B98100' => NULL,
  'UF_CRM_63DC8E7C79C19' => NULL,
  'UF_CRM_63DC8E7D5B2DA' => NULL,
  'UF_CRM_63DC8E7E4167A' => NULL,
  'UF_CRM_63DC8E7F23CE9' => NULL,
  'UF_CRM_1675446456307' => NULL,
  'UF_CRM_63DDE3A4E68D7' => NULL,
  'UF_CRM_63DDE3A5D5155' => NULL,
  'UF_CRM_1675670468066' => NULL,
  'UF_CRM_63E3241DA30EB' => NULL,
  'UF_CRM_63E3241E9AADB' => 'N',
  'UF_CRM_63E4AAB613011' => NULL,
  'UF_CRM_63E4AAB703D9F' => NULL,
  'UF_CRM_BITCONF_LINK' => NULL,
  'UF_CRM_BITCONF_ZOOM_RECORDINGS' => NULL,
  'UF_CRM_BITCONF_RECORDINGS_VIDEO_YANDEX' => NULL,
  'UF_CRM_BITCONF_RECORDINGS_AUDIO_YANDEX' => NULL,
  'UF_CRM_BITCONF_RECORDINGS_CHAT_YANDEX' => NULL,
  'UF_CRM_BITCONF_RECORDINGS_VIDEO_GOOGLE' => NULL,
  'UF_CRM_BITCONF_RECORDINGS_AUDIO_GOOGLE' => NULL,
  'UF_CRM_BITCONF_RECORDINGS_CHAT_GOOGLE' => NULL,
  'UF_CRM_BITCONF_ZOOM_REGISTRATION_ANSWERS_JSON' => NULL,
  'UF_CRM_BITCONF_MEETING_ATTENDED' => NULL,
  'UF_CRM_BITCONF_MEETING_STARTED_AT' => NULL,
  'UF_CRM_BITCONF_MEETING_ENDED_AT' => NULL,
  'UF_CRM_BITCONF_PARTICIPANT_JOINED_AT' => NULL,
  'UF_CRM_BITCONF_PARTICIPANT_LEFT_AT' => NULL,
  'UF_CRM_641045F47BAFD' => NULL,
  'UF_CRM_6433D461D16E4' => 'N',
  'UF_CRM_6433D465984C7' => 'N',
  'UF_CRM_6433D4693830C' => NULL,
  'UF_CRM_6433D4715A41B' => 'N',
  'UF_CRM_6433D47528CEC' => NULL,
  'UF_CRM_6433D47CBD827' => 'N',
  'UF_CRM_6433D4807CDE8' => NULL,
  'UF_CRM_6433D4884B09E' => 'N',
  'UF_CRM_6433D48C20F2B' => NULL,
  'UF_CRM_6433D4944FECB' => 'N',
  'UF_CRM_6433D4983ED32' => NULL,
  'UF_CRM_6433D4A01ACC8' => 'N',
  'UF_CRM_6433D4A3D37E1' => NULL,
  'UF_CRM_6433D4ABE92F3' => 'N',
  'UF_CRM_6433D4AFBF977' => NULL,
  'UF_CRM_6433D4B79F77B' => 'N',
  'UF_CRM_6433D4BB85C48' => NULL,
  'UF_CRM_6433D4C37C94A' => 'N',
  'UF_CRM_6433D4C77A09D' => NULL,
  'UF_CRM_6433D4CF8CF6E' => 'N',
  'UF_CRM_6433D4D465778' => NULL,
  'UF_CRM_6433D4DD6A784' => 'N',
  'UF_CRM_6433D4E18FD6A' => NULL,
  'UF_CRM_6433D4EB83DB1' => NULL,
  'UF_CRM_6433D4EFA24C9' => 'N',
  'UF_CRM_643EAA1DA8B9E' => 'N',
  'UF_CRM_643EAA228B2B2' => 'N',
  'UF_CRM_643EAA275FE0A' => 'N',
  'UF_CRM_643EAA2C188C0' => 'N',
  'UF_CRM_643EAA314A615' => 'N',
  'UF_CRM_643EAA37A5511' => NULL,
  'UF_CRM_64406458C6D47' => NULL,
  'UF_CRM_6442676E5B421' => NULL,
  'UF_CRM_1683968549' => 'Y',
  'UF_CRM_1684145100226' => 11076,
  'UF_CRM_1685419394' => NULL,
  'UF_CRM_1687947495' => 
  array (
    0 => 'C_243682',
    1 => '243682',
  ),
  'UF_CRM_COMPANY_AMOID' => NULL,
  'UF_CRM_64A4EBD2F2518' => NULL,
  'UF_CRM_64AD0008D2965' => 'N',
  'UF_CRM_64AD000F6A26A' => NULL,
  'UF_CRM_64AD001D86025' => 'N',
  'UF_CRM_64AD00250FFFD' => NULL,
  'UF_CRM_64AE8FC56D363' => NULL,
  'UF_CRM_64AF8DA50E037' => NULL,
  'UF_CRM_1690758867666' => NULL,
  'UF_CRM_1691009132416' => NULL,
  'UF_CRM_64CB9DDC41262' => NULL,
  'UF_CRM_64D3B7766A327' => NULL,
  'UF_CRM_64DB2F838C6F1' => 'N',
  'UF_CRM_64DB2F8CA756C' => 'N',
  'UF_CRM_64DB2F96F1AE7' => 
  array (
  ),
  'UF_CRM_64DB2F9DECE37' => 
  array (
  ),
  'UF_CRM_64DB4411303D8' => NULL,
  'UF_CRM_64DB44175DA19' => NULL,
  'UF_CRM_64DB441DEE816' => 
  array (
  ),
  'UF_CRM_64DB4425AB05C' => 
  array (
  ),
  'UF_CRM_64DB442E55674' => 
  array (
  ),
  'UF_CRM_64DB4434EF3A3' => 
  array (
  ),
  'UF_CRM_64DB443BE1A9C' => 
  array (
  ),
  'UF_CRM_64DB444343D37' => 
  array (
  ),
  'UF_CRM_64DB444B5354D' => NULL,
  'UF_CRM_64DB4452990CE' => NULL,
  'UF_CRM_64E36750AEBF0' => NULL,
  'UF_CRM_64E84230723F5' => NULL,
  'UF_CRM_1693311353902' => NULL,
  'UF_CRM_1693311600025' => NULL,
  'UF_CRM_1693311707790' => NULL,
  'UF_CRM_1693373909306' => NULL,
  'UF_CRM_1693373994027' => NULL,
  'UF_CRM_1693374038734' => NULL,
  'UF_CRM_1693374057547' => NULL,
  'UF_CRM_64F1E491F0503' => 'N',
  'UF_CRM_1693822645477' => NULL,
  'UF_CRM_1693822684054' => NULL,
  'UF_CRM_1693960373052' => NULL,
  'UF_CRM_64F83BC976C70' => 'N',
  'UF_CRM_64F83BD1CB037' => 'N',
  'UF_CRM_64F85EB57C226' => 'N',
  'UF_CRM_64F85EBC6293C' => NULL,
  'UF_CRM_64F86B718FCFD' => 'N',
  'UF_CRM_64F87C6C3D1EE' => 'N',
  'UF_CRM_64F87C75DAD9D' => 'N',
  'UF_CRM_64F87C829ADB5' => 'N',
  'UF_CRM_64F87C8D26E72' => 'N',
  'UF_CRM_64F87C94E75DB' => 'N',
  'UF_CRM_64F87CA1B6D24' => 'N',
  'UF_CRM_64F87CADDF550' => 'N',
  'UF_CRM_64F87CB6033F8' => 'N',
  'UF_CRM_RU_ANALITYCS' => NULL,
  'UF_CRM_RU_DIADOK' => 
  array (
  ),
  'UF_CRM_RUROBOT_SBP_URL' => NULL,
  'UF_CRM_RUROBOT_CHEK_URL' => NULL,
  'UF_CRM_64FC867D4DEE8' => 'N',
  'UF_CRM_64FC8684B795C' => 'N',
  'UF_CRM_64FC868B2E901' => 'N',
  'UF_CRM_64FC86916ECC7' => 'N',
  'UF_CRM_64FC86980DBDF' => 'N',
  'UF_CRM_64FC869E70EA8' => 'N',
  'UF_CRM_1694331491' => NULL,
  'UF_CRM_1694331571' => NULL,
  'UF_CRM_65000439925C9' => NULL,
  'UF_CRM_1696457110' => NULL,
  'UF_CRM_6526A6509E0DC' => 
  array (
  ),
  'UF_CRM_1697107946' => NULL,
  'UF_CRM_1697107996' => NULL,
  'UF_CRM_1697853788600' => NULL,
  'UF_CRM_6545DCFE01CA4' => 
  array (
  ),
  'UF_CRM_6545DD05C700C' => 
  array (
  ),
  'UF_CRM_1699900252754' => NULL,
  'UF_CRM_1699900326048' => NULL,
  'UF_CRM_65532D05B660B' => NULL,
  'UF_CRM_655362454D77C' => NULL,
  'UF_CRM_1700138022' => '02.11.2024',
  'UF_CRM_1702534386502' => 'N',
  'UF_CRM_1702977601750' => NULL,
  'UF_CRM_1703078588' => NULL,
  'UF_CRM_1703659571229' => NULL,
  'UF_CRM_1706612347' => NULL,
  'UF_CRM_1706777861' => 'N',
  'UF_CRM_1706982719' => NULL,
  'UF_CRM_1707302304' => 'N',
  'UF_CRM_65C6057BAF241' => 'N',
  'UF_CRM_65C60D92B19B7' => 'N',
  'UF_CRM_65C61195E8DB7' => 'N',
  'UF_CRM_65CCB993C2573' => 'N',
  'UF_CRM_65D72BF9E93D7' => NULL,
  'UF_CRM_65DC313CB1773' => NULL,
  'UF_CRM_65DDDB805B504' => NULL,
  'UF_CRM_65DF019419A3C' => 
  array (
  ),
  'UF_CRM_65F7F7EF6E7E9' => NULL,
  'UF_CRM_65F81729930B2' => NULL,
  'UF_CRM_1711362022506' => NULL,
  'UF_CRM_1711618126' => NULL,
  'UF_CRM_1711620041' => NULL,
  'UF_CRM_661F6476E1A93' => 'N',
  'UF_CRM_661F6483B8EEF' => 'N',
  'UF_CRM_661F6490F3174' => NULL,
  'UF_CRM_661F670FF0A79' => NULL,
  'UF_CRM_662B5EEF438BC' => NULL,
  'UF_CRM_663475C4986D4' => 'N',
  'UF_CRM_66347C5DB0C86' => NULL,
  'UF_CRM_66386DE83AC95' => NULL,
  'UF_CRM_66386F7ACABD4' => NULL,
  'UF_DOCUMENT_PACKAGE_ID' => NULL,
  'UF_CRM_66573905CAC4F' => NULL,
  'UF_CRM_66580C4AAAE6C' => NULL,
  'UF_CRM_SOPROV_KF' => NULL,
  'UF_CRM_1717494282' => NULL,
  'UF_CRM_66711BBEA50D7' => 'N',
  'UF_CRM_COMPANY_CHKLST_PERSON_AGE_LIST' => NULL,
  'UF_CRM_668CC4C1DC72A' => NULL,
  'UF_CRM_6694FDEBA27EA' => NULL,
  'UF_CRM_66953567C49F0' => NULL,
  'UF_CRM_669752D3984FD' => 'N',
  'UF_CRM_66A36C62C39EA' => NULL,
  'UF_CRM_66A36C75159B7' => 'N',
  'UF_CRM_66A36C8780ED0' => 'N',
  'UF_CRM_66A377A21199E' => 'N',
  'UF_CRM_66A377C048C61' => 'N',
  'UF_CRM_66A377E007E96' => 'N',
  'UF_CRM_66A377E432274' => 'N',
  'UF_CRM_66A37823945D8' => 'N',
  'UF_CRM_66A3786F33EE4' => NULL,
  'UF_CRM_66A37C49B71B0' => 'N',
  'UF_CRM_66A393F36B81C' => 'N',
  'UF_CRM_66A8877061073' => NULL,
  'UF_CRM_LAST_DATE_SCORING' => NULL,
  'UF_CRM_COMPANY_KNTR_CERTIFICATE' => 
  array (
  ),
  'UF_CRM_COMPANY_KNTR_LICENSES' => 
  array (
    0 => 'Сведения отсутствуют',
  ),
  'UF_CRM_66BCB21017020' => NULL,
  'UF_CRM_66BE04947C89F' => NULL,
  'UF_CRM_66BE5E5EDD8A8' => NULL,
  'UF_CRM_DATE_CHEK_OVK' => NULL,
  'UF_CRM_66CF165045560' => 'N',
  'UF_CRM_66CF237AB01B2' => NULL,
  'UF_CRM_COMPANY_CHKLST_AUTO_LIMIT' => NULL,
  'UF_CRM_START_DATE_OF_RELATIONSHIP_WITH_CLIENT' => NULL,
  'UF_CRM_66D6B82A364E8' => 'N',
  'UF_CRM_66D6C1F20A473' => NULL,
  'UF_CRM_1725429005' => NULL,
  'UF_CRM_66DA9AF00E0CA' => NULL,
  'UF_CRM_66DAA8BDB2548' => 
  array (
  ),
  'UF_CRM_66DECB0E5723C' => NULL,
  'UF_CRM_1726058034' => NULL,
  'UF_CRM_ROLE_OF_THE_CLIENT' => 
  array (
  ),
  'UF_CRM_66E94E1C2FE60' => 'N',
  'UF_CRM_66ED562B96581' => NULL,
  'UF_CRM_66F3B418F07D4' => 'N',
  'UF_CRM_66F516C066959' => NULL,
  'UF_CRM_67162663B307B' => NULL,
  'UF_CRM_PFR_VALIDITY_OF_PASSPORT' => 'N',
  'UF_CRM_PFR_DECODING_PASSPORT_CHECK' => NULL,
  'UF_CRM_MVD_VALIDITY_OF_PASSPORT' => 'N',
  'UF_CRM_MVD_DECODING_PASSPORT_CHECK' => NULL,
  'UF_CRM_671F348B3B9FB' => NULL,
  'UF_CRM_HAS_BANK_STATEMENTS' => 'N',
  'UF_CRM_63DC8E8012089' => NULL,
  'UF_CRM_COMPANY_CHKLST_HAS_PERSON_RUSSIAN_NATIONAL' => 'N',
  'UF_CRM_63DC8E80EAB7F' => NULL,
  'UF_CRM_COMPANY_CHKLST_MAX_ACTIVE_LOAN_OVERDUE_DAYS' => NULL,
  'UF_CRM_COMPANY_CHKLST_PERSON_LOAN_DATE' => NULL,
  'UF_CRM_COMPANY_CHKLST_PERSON_ACTIVE_MICRO_LOAN_CNT' => NULL,
  'UF_CRM_COMPANY_CHKLST_PERSON_ACTIVE_FSSP_SUM' => NULL,
  'UF_CRM_COMPANY_CHKLST_CLAIMS_SUM_INC_FOR_SIX_MONTH' => NULL,
  'UF_CRM_COMPANY_CHKLST_LAST_BANKRUPTCY_DATE' => NULL,
  'UF_CRM_COMPANY_CHKLST_REFUSED_IN_STATUS_BY_DATA' => 
  array (
  ),
  'UF_CRM_COMPANY_CHKLST_AUTOMATIC_APPROVE' => 
  array (
  ),
  'UF_CRM_1693311690037' => NULL,
  'UF_CRM_1702272911' => '243682',
  'UF_CRM_COMPANY_CHKLST_AUTHORIZED_PERSON' => 
  array (
  ),
  'UF_CRM_1702274540' => 17171,
  'UF_CRM_COMPANY_CHKLST_CREDIT_COMMITTEE' => 
  array (
  ),
  'UF_CRM_1702274893' => 100.0,
  'UF_CRM_COMPANY_CHKLST_ANY_LONG_OVERDUE_LOAN' => 'N',
  'UF_CRM_1702272991' => NULL,
  'UF_CRM_1702274601' => NULL,
  'UF_CRM_1702274922' => NULL,
  'UF_CRM_64AFAA0428E67' => 'N',
  'UF_CRM_64AFAA105D048' => 'N',
  'UF_CRM_64AFAA1D0C71B' => 'N',
  'UF_CRM_64AFAA2376C31' => 'N',
  'UF_CRM_64AFAA2A8534A' => 'N',
  'UF_CRM_64B140D1998BC' => 'N',
  'UF_CRM_1702273016' => NULL,
  'UF_CRM_1702274679' => NULL,
  'UF_CRM_1702274951' => NULL,
  'UF_CRM_1702273043' => NULL,
  'UF_CRM_1702274732' => NULL,
  'UF_CRM_1702274976' => NULL,
  'UF_CRM_6433D4F3F2CA8' => 
  array (
  ),
  'UF_CRM_6433D4F7C68A9' => 'N',
  'UF_CRM_6433D50101E16' => NULL,
  'UF_CRM_6433D50520ADB' => NULL,
  'UF_CRM_6433D508F2841' => NULL,
  'UF_CRM_6433D510E1BF2' => NULL,
  'UF_CRM_6433D514BC640' => NULL,
  'UF_CRM_6433D51CA112C' => NULL,
  'UF_CRM_6433D520A8E02' => 'N',
  'UF_CRM_6433D5254091B' => NULL,
  'UF_CRM_6433D52904F0B' => NULL,
  'UF_CRM_6433D52CEDB5D' => NULL,
  'UF_CRM_6433D530C9D5F' => NULL,
  'UF_CRM_6433D534A5249' => NULL,
  'UF_CRM_6433D5388255E' => NULL,
  'UF_CRM_6433D53CA00A0' => NULL,
  'UF_CRM_6433D540C9219' => NULL,
  'UF_CRM_6433D544976E5' => 'N',
  'UF_CRM_6433D548AB2B9' => NULL,
  'UF_CRM_6433D54D26D1A' => NULL,
  'UF_CRM_6433D55116D68' => NULL,
  'UF_CRM_6433D554F00E2' => NULL,
  'UF_CRM_6433D55A380EF' => NULL,
  'UF_CRM_6433D55EDDC35' => NULL,
  'UF_CRM_6433D563076D3' => 'N',
  'UF_CRM_6433D566CFBDC' => 'N',
  'UF_CRM_6433D5769C207' => NULL,
  'UF_CRM_6433D57A918DD' => 'N',
  'UF_CRM_6433D57E709AC' => 'N',
  'UF_CRM_6433D58274BF2' => 
  array (
  ),
  'UF_CRM_6433D58675AD3' => NULL,
  'UF_CRM_6433D58B15534' => 'N',
  'UF_CRM_6433D58F2C518' => 'N',
  'UF_CRM_6433D59377C10' => 'N',
  'UF_CRM_6433D59BB50D2' => NULL,
  'UF_CRM_6433D59FA70BF' => NULL,
  'UF_CRM_6433D5A39D79A' => NULL,
  'UF_CRM_6433D5A781D22' => 'N',
  'UF_CRM_6433D5ACCA71F' => 'N',
  'UF_CRM_6433D5B0BF6F6' => NULL,
  'UF_CRM_6433D5B551BCB' => NULL,
  'UF_CRM_6433D5BAC2650' => 'N',
  'UF_CRM_6433D5BFAFC5E' => 'N',
  'UF_CRM_6433D5C4C803A' => 'N',
  'UF_CRM_6433D5C94F74C' => 'N',
  'UF_CRM_6433D5D1B9D2D' => NULL,
  'UF_CRM_6433D5DB232A6' => NULL,
  'UF_CRM_6433D5DF58403' => NULL,
  'UF_CRM_6433D5E39E9D8' => NULL,
  'UF_CRM_6433D5E808AC3' => NULL,
  'UF_CRM_6433D5EC41159' => NULL,
  'UF_CRM_6433D5F0C05ED' => NULL,
  'UF_CRM_6433D5F64C9B9' => NULL,
  'UF_CRM_6433D60C9A897' => NULL,
  'UF_CRM_6433D6110E002' => NULL,
  'UF_CRM_6433D615EF44F' => 'N',
  'UF_CRM_6433D61A4109A' => 'N',
  'UF_CRM_6433D61EA2584' => 'N',
  'UF_CRM_6433D623015A5' => NULL,
  'UF_CRM_6433D62B9C7CA' => NULL,
  'UF_CRM_6433D63E714DA' => NULL,
  'UF_CRM_6433D6471B217' => NULL,
  'UF_CRM_6433D64B3FA42' => NULL,
  'UF_CRM_6433D64FC4DAA' => NULL,
  'UF_CRM_6433D6542205C' => NULL,
  'UF_CRM_6433D6587DE14' => NULL,
  'UF_CRM_6433D65CC025A' => NULL,
  'UF_CRM_6433D66113E88' => NULL,
  'UF_CRM_6433D66527DE4' => NULL,
  'UF_CRM_6433D669AEB8B' => NULL,
  'UF_CRM_6433D66EEFA4E' => NULL,
  'UF_CRM_6433D67394C6F' => NULL,
  'UF_CRM_6433D677D1006' => NULL,
  'UF_CRM_6433D67C18B9D' => NULL,
  'UF_CRM_6433D6814E4AF' => NULL,
  'UF_CRM_6433D685EAA16' => NULL,
  'UF_CRM_6433D68A37F87' => NULL,
  'UF_CRM_6433D68F4CCCF' => NULL,
  'UF_CRM_6433D6939D3CA' => NULL,
  'UF_CRM_6433D6981BA49' => NULL,
  'UF_CRM_6433D69C97CF7' => NULL,
  'UF_CRM_6433D6A67830F' => NULL,
  'UF_CRM_6433D6B4AF630' => NULL,
  'UF_CRM_6433D6B94F47D' => NULL,
  'UF_CRM_6433D6BD9D260' => NULL,
  'UF_CRM_6433D6C200515' => NULL,
  'UF_CRM_6433D6C6B088B' => NULL,
  'UF_CRM_6433D6CBCCBFA' => NULL,
  'UF_CRM_6433D6D049D2B' => NULL,
  'UF_CRM_6433D6D4B633A' => NULL,
  'UF_CRM_6433D6D956454' => NULL,
  'UF_CRM_6433D6E37CFF0' => NULL,
  'UF_CRM_6433D6E800BAE' => NULL,
  'UF_CRM_6433D6EC5FA96' => NULL,
  'UF_CRM_6433D6F0C99BA' => NULL,
  'UF_CRM_6433D6F5AC724' => NULL,
  'UF_CRM_6433D6FA26A12' => NULL,
  'UF_CRM_6433D70CCC90D' => 'N',
  'UF_CRM_6433D7157E09F' => NULL,
  'UF_CRM_6433D71A6FF09' => NULL,
  'UF_CRM_6433D71F3E8A5' => NULL,
  'UF_CRM_6433D7392E26A' => NULL,
  'UF_CRM_6433D73F0D2DF' => NULL,
  'UF_CRM_6433D743B1904' => NULL,
  'UF_CRM_6433D7487B115' => NULL,
  'UF_CRM_6433D74CD32E5' => NULL,
  'UF_CRM_6433D75163FC4' => NULL,
  'UF_CRM_6433D755A04D7' => NULL,
  'UF_CRM_6433D75F89BF9' => NULL,
  'UF_CRM_6433D764868E0' => NULL,
  'UF_CRM_6433D7696B073' => NULL,
  'UF_CRM_6433D76E7BB56' => NULL,
  'UF_CRM_6433D7731B7A3' => NULL,
  'UF_CRM_6433D777E2973' => 
  array (
  ),
  'UF_CRM_6433D77CBEA77' => NULL,
  'UF_CRM_6433D781210F0' => NULL,
  'UF_CRM_6433D78605E02' => NULL,
  'UF_CRM_6433D78AAB24A' => NULL,
  'UF_CRM_6433D78F9D85D' => NULL,
  'UF_CRM_6433D7947E2A2' => 'N',
  'UF_CRM_6433D798D40A4' => NULL,
  'UF_CRM_6433D79E2BF81' => 'N',
  'UF_CRM_6433D7A31BF36' => 'N',
  'UF_CRM_6433D7A79C4AD' => 'N',
  'UF_CRM_6433D7AC36DA0' => 'N',
  'UF_CRM_6433D7B0E89CA' => 'N',
  'UF_CRM_6433D7B5CA806' => 'N',
  'UF_CRM_6433D7BB32220' => NULL,
  'UF_CRM_6433D7C44A6BE' => NULL,
  'UF_CRM_6433D7C925893' => '5038103396',
  'UF_CRM_6433D7CDBE9B3' => NULL,
  'UF_CRM_6433D7D2CA9D0' => 
  array (
  ),
  'UF_CRM_6433D7D85148E' => NULL,
  'UF_CRM_6433D7EB28C4D' => NULL,
  'UF_CRM_6433D7EFA5EE5' => 'N',
  'UF_CRM_6433D7F4C24BE' => 'N',
  'UF_CRM_6433D7F94E2BF' => 'N',
  'UF_CRM_6433D7FDA3CF7' => 'N',
  'UF_CRM_6433D8027C169' => NULL,
  'UF_CRM_6433D8076B60C' => NULL,
  'UF_CRM_6433D80C6AAC2' => 
  array (
  ),
  'UF_CRM_6433D812D0410' => NULL,
  'UF_CRM_6433D8180E2AA' => NULL,
  'UF_CRM_6433D8213379F' => NULL,
  'UF_CRM_6433D825DEFE0' => NULL,
  'UF_CRM_6433D82B26028' => NULL,
  'UF_CRM_6433D8317589F' => NULL,
  'UF_CRM_6433D8365C605' => NULL,
  'UF_CRM_6433D83B28222' => NULL,
  'UF_CRM_6433D83FCD224' => NULL,
  'UF_CRM_6433D849CB971' => NULL,
  'UF_CRM_6433D84FB1160' => NULL,
  'UF_CRM_6433D85482CE1' => NULL,
  'UF_CRM_6433D85991988' => NULL,
  'UF_CRM_6433D85E769F2' => NULL,
  'UF_CRM_6433D8631A037' => 'N',
  'UF_CRM_6433D868172EA' => 'N',
  'UF_CRM_6433D8767751E' => NULL,
  'UF_CRM_6433D87B71D16' => NULL,
  'UF_CRM_6433D88513B06' => NULL,
  'UF_CRM_6433D889AE929' => NULL,
  'UF_CRM_6433D88E9A256' => NULL,
  'UF_CRM_6433D8937CA28' => NULL,
  'UF_CRM_6433D8987B695' => NULL,
  'UF_CRM_6433D89D85315' => NULL,
  'UF_CRM_6433D8A27269E' => NULL,
  'UF_CRM_6433D8A761A6B' => NULL,
  'UF_CRM_6433D8ACC957A' => NULL,
  'UF_CRM_6433D8B19DA6D' => NULL,
  'UF_CRM_6433D8C0A4C1A' => NULL,
  'UF_CRM_6433D8C5A9B9B' => NULL,
  'UF_CRM_6433D8CB550E6' => NULL,
  'UF_CRM_6433D8D01A638' => NULL,
  'UF_CRM_6433D8D4CBC9A' => NULL,
  'UF_CRM_6433D8D9C0945' => NULL,
  'UF_CRM_6433D8DE9D3AB' => NULL,
  'UF_CRM_6433D8E367985' => 
  array (
  ),
  'UF_CRM_6433D8E8C1152' => NULL,
  'UF_CRM_6433D8F247A4D' => NULL,
  'UF_CRM_6433D8F7302F1' => 'N',
  'UF_CRM_6433D8FC11F83' => 'N',
  'UF_CRM_6433D90101FF1' => NULL,
  'UF_CRM_6433D90631990' => 'N',
  'UF_CRM_6433D90AC33C4' => 'N',
  'UF_CRM_6433D90F71F5F' => NULL,
  'UF_CRM_6433D91464A5A' => 'N',
  'UF_CRM_6433D919209AA' => 'N',
  'UF_CRM_6433D91DC96A8' => NULL,
  'UF_CRM_6433D92778C5C' => NULL,
  'UF_CRM_6433D92C1FC55' => NULL,
  'UF_CRM_6433D93083EE6' => NULL,
  'UF_CRM_6433D9350FACA' => 'N',
  'UF_CRM_6433D93992C16' => 'N',
  'UF_CRM_6433D95C4B2CA' => NULL,
  'UF_CRM_6433D96210B1B' => NULL,
  'UF_CRM_6433D966943B7' => NULL,
  'UF_CRM_6433D97F0A3F5' => NULL,
  'UF_CRM_6433D988E2D02' => 'N',
  'UF_CRM_6433D9978DE67' => NULL,
  'UF_CRM_6433D99D4ED62' => 
  array (
  ),
  'UF_CRM_6433D9A2405D7' => NULL,
  'UF_CRM_6433D9A72985A' => 'N',
  'UF_CRM_6433D9AC79B71' => 'N',
  'UF_CRM_6433D9B1D29EE' => NULL,
  'UF_CRM_6433D9B6D6250' => NULL,
  'UF_CRM_6433D9C14D69E' => NULL,
  'UF_CRM_6433D9C61A5D8' => NULL,
  'UF_CRM_6433D9CAE827A' => NULL,
  'UF_CRM_6433D9CFAB885' => NULL,
  'UF_CRM_6433D9D5EB607' => NULL,
  'UF_CRM_6433D9DB9CB20' => NULL,
  'UF_CRM_6433D9E071032' => NULL,
  'UF_CRM_6433D9E61CF1D' => NULL,
  'UF_CRM_6433D9EAE80A2' => NULL,
  'UF_CRM_6433D9F0C964C' => NULL,
  'UF_CRM_6433DA00C9646' => NULL,
  'UF_CRM_6433DA06B96E6' => 
  array (
  ),
  'UF_CRM_6433DA0B807E3' => NULL,
  'UF_CRM_6433DA105EF8B' => NULL,
  'UF_CRM_6433DA159BDDE' => NULL,
  'UF_CRM_6433DA1A8C1ED' => NULL,
  'UF_CRM_6433DA1F45E7B' => NULL,
  'UF_CRM_6433DA23E6F92' => NULL,
  'UF_CRM_6433DA28A8213' => NULL,
  'UF_CRM_6433DA2D9188A' => NULL,
  'UF_CRM_6433DA3332A3B' => NULL,
  'UF_CRM_6433DA387087D' => NULL,
  'UF_CRM_6433DA3D867BD' => NULL,
  'UF_CRM_6433DA42DE712' => 'N',
  'UF_CRM_6433DA47B9298' => 'N',
  'UF_CRM_6433DA4CBE556' => 'N',
  'UF_CRM_6433DA5287C90' => NULL,
  'UF_CRM_6433DA5785D79' => NULL,
  'UF_CRM_6433DA5C6531D' => NULL,
  'UF_CRM_6433DA614BC63' => NULL,
  'UF_CRM_6433DA6CBE342' => NULL,
  'UF_CRM_6433DA71A6ADF' => NULL,
  'UF_CRM_6433DA7B1FB7A' => NULL,
  'UF_CRM_6433DA8544CE5' => NULL,
  'UF_CRM_6433DA8B64379' => NULL,
  'UF_CRM_6433DA9F7B164' => 'N',
  'UF_CRM_6433DAAFB06E7' => NULL,
  'UF_CRM_6433DAB5170CB' => NULL,
  'UF_CRM_6433DABADC0AD' => 
  array (
  ),
  'UF_CRM_6433DABFD57B4' => NULL,
  'UF_CRM_6433DAC565F22' => NULL,
  'UF_CRM_6433DACB7665A' => NULL,
  'UF_CRM_6433DAD10872E' => NULL,
  'UF_CRM_6433DAD606254' => NULL,
  'UF_CRM_6433DADB6BE29' => NULL,
  'UF_CRM_6433DAE0DB90E' => 'N',
  'UF_CRM_6433DAE5D294F' => NULL,
  'UF_CRM_6433DAEA9AEB4' => NULL,
  'UF_CRM_6433DAF43BFA0' => NULL,
  'UF_CRM_6433DAF90CF31' => NULL,
  'UF_CRM_6433DAFE658A0' => NULL,
  'UF_CRM_6433DB03D0B4B' => NULL,
  'UF_CRM_6433DB09A48B3' => NULL,
  'UF_CRM_6433DB0EADBA3' => NULL,
  'UF_CRM_6433DB1376625' => 'N',
  'UF_CRM_6433DB18501D2' => 'N',
  'UF_CRM_6433DB1D65F3E' => NULL,
  'UF_CRM_6433DB23AE767' => NULL,
  'UF_CRM_6433DB291422B' => NULL,
  'UF_CRM_6433DB381DAE3' => NULL,
  'UF_CRM_6433DB4C1C1D3' => NULL,
  'UF_CRM_6433DB513B488' => 
  array (
  ),
  'UF_CRM_6433DB56EE29D' => NULL,
  'UF_CRM_6433DB5C0606C' => NULL,
  'UF_CRM_6433DB61293DF' => 'N',
  'UF_CRM_6433DB667488F' => NULL,
  'UF_CRM_6433DB6BB1907' => NULL,
  'UF_CRM_6433DB70ABF48' => NULL,
  'UF_CRM_6433DB75B3CF3' => NULL,
  'UF_CRM_6433DB7B5B174' => NULL,
  'UF_CRM_6433DB804E21A' => NULL,
  'UF_CRM_6433DB8A5B216' => NULL,
  'UF_CRM_6433DB8FBE55A' => NULL,
  'UF_CRM_6433DB951130B' => NULL,
  'UF_CRM_6433DB9AA49A9' => NULL,
  'UF_CRM_6433DB9FCF9E4' => NULL,
  'UF_CRM_6433DBA519EAE' => NULL,
  'UF_CRM_6433DBAA49EB6' => NULL,
  'UF_CRM_6433DBAF367B5' => NULL,
  'UF_CRM_6433DBB42A707' => NULL,
  'UF_CRM_6433DBB98DD53' => '499',
  'UF_CRM_6433DBBE90F98' => NULL,
  'UF_CRM_6433DBCD893E5' => NULL,
  'UF_CRM_6433DBD8A6465' => NULL,
  'UF_CRM_6433DBDD88F32' => NULL,
  'UF_CRM_6433DBE2A3E0F' => NULL,
  'UF_CRM_6433DBE7CB8D4' => NULL,
  'UF_CRM_6433DBED5A35F' => NULL,
  'UF_CRM_6433DBF277DA1' => NULL,
  'UF_CRM_6433DBF7A5906' => NULL,
  'UF_CRM_6433DBFCD0DAC' => NULL,
  'UF_CRM_6433DC01C49E0' => NULL,
  'UF_CRM_6433DC075C5C5' => NULL,
  'UF_CRM_6433DC0C620C9' => NULL,
  'UF_CRM_6433DC12355C4' => NULL,
  'UF_CRM_644253DA150F9' => NULL,
  'UF_CRM_6450B69DA5229' => NULL,
  'UF_CRM_6450B6A2B31FD' => NULL,
  'UF_CRM_6450B6A9A2DAA' => NULL,
  'UF_CRM_648307399DE36' => NULL,
  'UF_CRM_64DB52798B20D' => NULL,
  'UF_CRM_64DB528EA60C0' => NULL,
  'UF_CRM_64DB52953D51D' => 
  array (
  ),
  'UF_CRM_65697A9FD755C' => NULL,
  'UF_CRM_65697AAB1C031' => NULL,
  'UF_CRM_1702273072' => NULL,
  'UF_CRM_6576A65667203' => NULL,
  'UF_CRM_65C07D53DF3FC' => NULL,
  'UF_CRM_65C07D6697009' => NULL,
  'UF_CRM_65C07D76E1FAE' => NULL,
  'UF_CRM_65C07D89BE1C2' => NULL,
  'UF_CRM_65C07DA44C596' => NULL,
  'UF_CRM_65C36CB41ED64' => NULL,
  'UF_CRM_65C36CC0819AC' => NULL,
  'UF_CRM_65C36CCC78A5D' => NULL,
  'UF_CRM_65C36CD8D34FA' => NULL,
  'UF_CRM_65C36CE48D4DC' => NULL,
  'UF_CRM_65C36CF138109' => NULL,
  'UF_CRM_65C36CFDE28CD' => NULL,
  'UF_CRM_65C36D0AA046B' => NULL,
  'UF_CRM_65C36D1778B3D' => NULL,
  'UF_CRM_65E85CE9DD498' => NULL,
  'UF_CRM_65E85CF698239' => NULL,
  'UF_CRM_65E85D0356B0C' => NULL,
  'UF_CRM_65E85D10E3929' => NULL,
  'UF_CRM_65E85D2AE9D32' => 'N',
  'UF_CRM_65E85D2D8F069' => 'N',
  'UF_CRM_65E85D530D947' => 'N',
  'UF_CRM_65E85D5F7B07F' => 'N',
  'UF_CRM_65E85D6C5B559' => 'N',
  'UF_CRM_65E85D79597B1' => 'N',
  'UF_CRM_65E85D9F2B5F3' => 'N',
  'UF_CRM_65E85DABD9DE9' => 'N',
  'UF_CRM_65E85DB91D47D' => NULL,
  'UF_CRM_65E85DC5AD086' => NULL,
  'UF_CRM_65E860588AF86' => 'N',
  'UF_CRM_65E86064DEDE9' => 'N',
  'UF_CRM_65E86071C7618' => NULL,
  'UF_CRM_65E8608C520EC' => 'N',
  'UF_CRM_65E860995BBB0' => 'N',
  'UF_CRM_65E860A6A668F' => NULL,
  'UF_CRM_65E860C07E03C' => 'N',
  'UF_CRM_65E8641A35FD2' => NULL,
  'UF_CRM_664B416EE52B8' => 'N',
  'UF_CRM_664DDE5F01D91' => 'N',
  'UF_CRM_66599AF534710' => 'N',
  'UF_CRM_6694FE04E26DF' => NULL,
  'UF_CRM_UF_SE_TASK_ID' => NULL,
  'UF_CRM_COMPANY_SYNC_SE_ID' => NULL,
  'UF_CRM_66962BE28E2C8' => NULL,
  'UF_CRM_UPDATE_INFO_LK' => 'N',
  'UF_CRM_6433D81CA7153' => NULL,
  'UF_CRM_6433D8B6D4588' => 
  array (
  ),
  'UF_CRM_6433D8BB99B24' => NULL,
  'UF_CRM_ORGANIZATION' => 
  array (
  ),
  'UF_CRM_6433D9F65FBDF' => 
  array (
  ),
  'UF_CRM_COMPANY_SERVICE_EDO' => NULL,
  'UF_CRM_COMPANY_LINKS_TO_MARKETPLACES' => 
  array (
  ),
  'UF_CRM_66962BDFCF38D' => NULL,
  'UF_CRM_6433DB2E14E18' => NULL,
  'UF_CRM_BRANCH' => 
  array (
  ),
  'UF_CRM_66AB1E31D42A1' => NULL,
  'UF_CRM_66AB1E34613D2' => 'N',
  'UF_CRM_66AB1E36A70F7' => 'N',
  'UF_CRM_66AB1E38E50A7' => 'N',
  'UF_CRM_66AB1E3B2F043' => 'N',
  'UF_CRM_66AB1E3D5BE8F' => NULL,
  'UF_CRM_6433D64295EDD' => NULL,
  'UF_CRM_6433D6A10D288' => NULL,
  'UF_CRM_66AB1E3F87E06' => NULL,
  'UF_CRM_66BDA70FA34E7' => NULL,
  'UF_CRM_66AB1E41B2A03' => 'N',
  'UF_CRM_66AB1E43CF81A' => 'N',
  'UF_CRM_66AB1E45EC1FB' => NULL,
  'UF_CRM_6433D96B3E940' => NULL,
  'UF_CRM_66BDA71CA674D' => NULL,
  'UF_CRM_66AB1E480DF6F' => NULL,
  'UF_CRM_66AB1E4A55D34' => 'N',
  'UF_CRM_COMPANY_KNTR_CERTIFICATES' => NULL,
  'UF_CRM_63DC8E84F225A' => NULL,
  'UF_CRM_66BDA71779FDF' => NULL,
  'UF_CRM_66BDA70D20626' => NULL,
  'UF_CRM_66BDA71A1819E' => NULL,
  'UF_CRM_6433DB330C82B' => NULL,
  'UF_CRM_6433DB423C443' => NULL,
  'UF_CRM_6433DB4712020' => NULL,
  'UF_CRM_66AB1E4C63CAA' => 'N',
  'UF_CRM_66BDA7124A592' => NULL,
  'UF_CRM_66BDA714DDF11' => 
  array (
  ),
  'UF_CRM_63DC8E84208D9' => NULL,
  'UF_CRM_66DEDFDA6A80B' => NULL,
  'UF_CRM_670E02A1BA14C' => 'N',
  'UF_CRM_670E02B679BE3' => 'N',
  'UF_CRM_670E02CB50A81' => 'N',
  'UF_CRM_670E02DFF0371' => 'N',
  'UF_CRM_670E02F530D51' => 'N',
  'UF_CRM_670E030A65109' => 'N',
  'UF_CRM_670E03202B0E9' => 'N',
  'UF_CRM_670E03361798A' => 'N',
  'UF_CRM_670E034B7504E' => 'N',
  'UF_CRM_670E03610A6DD' => 'N',
  'UF_CRM_670E0376445C3' => 'N',
  'UF_CRM_6712311867B6D' => 'N',
  'UF_CRM_6712312D9B8F5' => 'N',
  'UF_CRM_6720A759BB6E7' => NULL,
  'UF_CRM_67231D15E2E92' => NULL,
  'UF_CRM_67231D2A7FA98' => 
  array (
  ),
  'UF_CRM_67231D2A990B0' => 
  array (
  ),
  'UF_CRM_67231D4085850' => NULL,
  'UF_CRM_67231D55CD966' => NULL,
  'UF_CRM_1702274795' => NULL,
  'UF_CRM_1702275014' => NULL,
  'UF_STAMP' => NULL,
  'UF_CRM_63DC8E81DE8D9' => 'N',
  'UF_CRM_63DC8E832E5A2' => 'N',
  'UF_DIRECTOR_SIGN' => NULL,
  'UF_CRM_63DC8E85CFCF8' => NULL,
  'UF_ACCOUNTANT_SIGN' => NULL,
  'UF_CRM_66278F492F2AB' => NULL,
  'UF_CRM_66278F56B20AB' => NULL,
  'UF_CRM_1614957860' => 
  array (
  ),
  'UF_CRM_63DC8E86B16B4' => NULL,
  'UF_CRM_COMPANY_AMO_MTMCUBCZWNNFI' => NULL,
  'UF_CRM_COMPANY_AMO_LDBCSXXLXKSAO' => NULL,
  'UF_CRM_COMPANY_AMO_IQELLRVUCLCMX' => NULL,
  'UF_CRM_COMPANY_AMO_STOVXRACHEMXN' => NULL,
  'UF_CRM_1614958759' => NULL,
  'UF_CRM_1614975460' => NULL,
  'UF_CRM_1614960190' => NULL,
  'UF_CRM_1614960517' => 'N',
  'UF_CRM_655CAA3806A4E' => NULL,
  'UF_CRM_1614960589' => 'N',
  'UF_CRM_1614960625' => 'N',
  'UF_CRM_1614960645' => 'N',
  'UF_CRM_1664274186' => 'N',
  'UF_CRM_1664274218' => 'N',
  'UF_CRM_1615066460' => NULL,
  'UF_CRM_1615200179' => '243682',
  'UF_CRM_1615200236' => 
  array (
  ),
  'UF_CRM_1666263448' => NULL,
  'UF_CRM_1680181141' => NULL,
  'UF_CRM_63DC8E8791D13' => NULL,
  'UF_CRM_1671612944' => 
  array (
  ),
  'UF_CRM_1671612985' => 
  array (
  ),
  'UF_CRM_DATE_OF_INSPECTION_OVK_SINGLE' => NULL,
  'UF_CRM_EXPIRED_CONSENT_SINGLE' => NULL,
  'UF_CRM_LIST_OF_BENEFICIARIES_SINGLE' => NULL,
  'UF_CRM_BENEFICIARIES_SINGLE' => NULL,
  'UF_CRM_COMPANY_KNTR_BANKS_SINGLE' => NULL,
  'UF_CRM_1617022509_SINGLE' => NULL,
  'UF_CRM_COMPANY_SS_ORG_SINGLE' => NULL,
  'UF_CRM_1687947495_SINGLE' => NULL,
  'UF_CRM_64DB2F96F1AE7_SINGLE' => NULL,
  'UF_CRM_64DB2F9DECE37_SINGLE' => NULL,
  'UF_CRM_64DB441DEE816_SINGLE' => NULL,
  'UF_CRM_64DB4425AB05C_SINGLE' => NULL,
  'UF_CRM_64DB442E55674_SINGLE' => NULL,
  'UF_CRM_64DB4434EF3A3_SINGLE' => NULL,
  'UF_CRM_64DB443BE1A9C_SINGLE' => NULL,
  'UF_CRM_64DB444343D37_SINGLE' => NULL,
  'UF_CRM_1693788279_SINGLE' => NULL,
  'UF_CRM_RU_DIADOK_SINGLE' => NULL,
  'UF_CRM_6526A6509E0DC_SINGLE' => NULL,
  'UF_CRM_6545DCFE01CA4_SINGLE' => NULL,
  'UF_CRM_6545DD05C700C_SINGLE' => NULL,
  'UF_CRM_65DF019419A3C_SINGLE' => NULL,
  'UF_CRM_COMPANY_KNTR_CERTIFICATE_SINGLE' => NULL,
  'UF_CRM_COMPANY_KNTR_LICENSES_SINGLE' => NULL,
  'UF_CRM_66DAA8BDB2548_SINGLE' => NULL,
  'UF_CRM_ROLE_OF_THE_CLIENT_SINGLE' => NULL,
  'UF_CRM_COMPANY_CHARTER_SINGLE' => NULL,
  'UF_CRM_ORDER_FOR_DIRECTOR_SINGLE' => NULL,
  'UF_CRM_COMPANY_CHKLST_REFUSED_IN_STATUS_BY_DATA_SINGLE' => NULL,
  'UF_CRM_COMPANY_CHKLST_AUTOMATIC_APPROVE_SINGLE' => NULL,
  'UF_CRM_COMPANY_CHKLST_AUTHORIZED_PERSON_SINGLE' => NULL,
  'UF_CRM_COMPANY_CHKLST_CREDIT_COMMITTEE_SINGLE' => NULL,
  'UF_CRM_6433D4F3F2CA8_SINGLE' => NULL,
  'UF_CRM_6433D58274BF2_SINGLE' => NULL,
  'UF_CRM_6433D5FEDCCDC_SINGLE' => NULL,
  'UF_CRM_6433D6084A319_SINGLE' => NULL,
  'UF_CRM_6433D62FE7442_SINGLE' => NULL,
  'UF_CRM_6433D6355E340_SINGLE' => NULL,
  'UF_CRM_6433D63A11E51_SINGLE' => NULL,
  'UF_CRM_6433D702C5A07_SINGLE' => NULL,
  'UF_CRM_6433D70829928_SINGLE' => NULL,
  'UF_CRM_6433D7112B0A2_SINGLE' => NULL,
  'UF_CRM_6433D72469DA8_SINGLE' => NULL,
  'UF_CRM_6433D7290604B_SINGLE' => NULL,
  'UF_CRM_6433D7328E598_SINGLE' => NULL,
  'UF_CRM_6433D777E2973_SINGLE' => NULL,
  'UF_CRM_6433D7D2CA9D0_SINGLE' => NULL,
  'UF_CRM_6433D80C6AAC2_SINGLE' => NULL,
  'UF_CRM_6433D86D38393_SINGLE' => NULL,
  'UF_CRM_6433D8719A73A_SINGLE' => NULL,
  'UF_CRM_6433D8E367985_SINGLE' => NULL,
  'UF_CRM_6433D8ED76753_SINGLE' => NULL,
  'UF_CRM_6433D94467769_SINGLE' => NULL,
  'UF_CRM_6433D9494F3E2_SINGLE' => NULL,
  'UF_CRM_6433D98DC980E_SINGLE' => NULL,
  'UF_CRM_6433D9928709F_SINGLE' => NULL,
  'UF_CRM_6433D99D4ED62_SINGLE' => NULL,
  'UF_CRM_6433D9FB43081_SINGLE' => NULL,
  'UF_CRM_6433DA06B96E6_SINGLE' => NULL,
  'UF_CRM_6433DABADC0AD_SINGLE' => NULL,
  'UF_CRM_6433DB513B488_SINGLE' => NULL,
  'UF_CRM_6433DBC84FB76_SINGLE' => NULL,
  'UF_CRM_64DB52953D51D_SINGLE' => NULL,
  'UF_CRM_6433D8B6D4588_SINGLE' => NULL,
  'UF_CRM_ORGANIZATION_SINGLE' => NULL,
  'UF_CRM_6433D9F65FBDF_SINGLE' => NULL,
  'UF_CRM_COMPANY_LINKS_TO_MARKETPLACES_SINGLE' => NULL,
  'UF_CRM_BRANCH_SINGLE' => NULL,
  'UF_CRM_66BDA714DDF11_SINGLE' => NULL,
  'UF_CRM_67231D2A7FA98_SINGLE' => NULL,
  'UF_CRM_67231D2A990B0_SINGLE' => NULL,
  'UF_CRM_1614957860_SINGLE' => NULL,
  'UF_CRM_1615200236_SINGLE' => NULL,
  'UF_CRM_1671612944_SINGLE' => NULL,
  'UF_CRM_1671612985_SINGLE' => NULL,
  'PARENT_ID_129' => NULL,
  'PARENT_ID_132' => NULL,
  'PARENT_ID_134' => NULL,
  'PARENT_ID_139' => NULL,
  'PARENT_ID_141' => NULL,
  'PARENT_ID_147' => NULL,
  'PARENT_ID_148' => NULL,
  'PARENT_ID_149' => NULL,
  'PARENT_ID_151' => NULL,
  'PARENT_ID_153' => NULL,
  'PARENT_ID_157' => NULL,
  'PARENT_ID_172' => NULL,
  'PARENT_ID_174' => NULL,
  'PARENT_ID_175' => NULL,
  'PARENT_ID_182' => NULL,
  'PARENT_ID_184' => NULL,
  'PARENT_ID_185' => NULL,
  'PARENT_ID_190' => NULL,
  'PARENT_ID_1050' => NULL,
  'PARENT_ID_1060' => NULL,
  'Тип' => 'Компания',
  'contactPersonDetails' => 
  array (
    0 => 
    array (
      'nameText' => 'Данилова Маргарита Анатольевна ',
      'birthDate' => '',
      'phone' => '9158260715',
      'stateId' => '18',
      'commentText' => '',
    ),
  ),
  'Реквизиты' => 
  array (
    'ID' => '149310',
    'ENTITY_TYPE_ID' => '4',
    'ENTITY_ID' => '50342',
    'PRESET_ID' => '1',
    'DATE_CREATE' => '2024-11-08 16:39:59',
    'DATE_MODIFY' => '2024-11-26 11:01:13',
    'CREATED_BY_ID' => '28362',
    'MODIFY_BY_ID' => '23308',
    'NAME' => 'ООО "БЕЛКОМ"',
    'CODE' => NULL,
    'XML_ID' => NULL,
    'ORIGINATOR_ID' => NULL,
    'ACTIVE' => 'Y',
    'ADDRESS_ONLY' => 'N',
    'SORT' => '500',
    'RQ_NAME' => '',
    'RQ_FIRST_NAME' => '',
    'RQ_LAST_NAME' => '',
    'RQ_SECOND_NAME' => '',
    'RQ_COMPANY_NAME' => 'ООО "БЕЛКОМ"',
    'RQ_COMPANY_FULL_NAME' => 'ОБЩЕСТВО С ОГРАНИЧЕННОЙ ОТВЕТСТВЕННОСТЬЮ "БЕЛКОМ"',
    'RQ_COMPANY_REG_DATE' => '06.02.2014',
    'RQ_DIRECTOR' => 'ДАНИЛОВА МАРГАРИТА АНАТОЛЬЕВНА',
    'RQ_ACCOUNTANT' => '',
    'RQ_CEO_NAME' => '',
    'RQ_CEO_WORK_POS' => '',
    'RQ_CONTACT' => '',
    'RQ_EMAIL' => '',
    'RQ_PHONE' => '',
    'RQ_FAX' => '',
    'RQ_IDENT_TYPE' => '',
    'RQ_IDENT_DOC' => '',
    'RQ_IDENT_DOC_SER' => '',
    'RQ_IDENT_DOC_NUM' => NULL,
    'RQ_IDENT_DOC_PERS_NUM' => '',
    'RQ_IDENT_DOC_DATE' => NULL,
    'RQ_IDENT_DOC_ISSUED_BY' => NULL,
    'RQ_IDENT_DOC_DEP_CODE' => NULL,
    'RQ_INN' => '5038103396',
    'RQ_KPP' => '503801001',
    'RQ_USRLE' => '',
    'RQ_IFNS' => '',
    'RQ_OGRN' => '1145038000469',
    'RQ_OGRNIP' => '',
    'RQ_OKPO' => '56814074',
    'RQ_OKTMO' => '46758000001',
    'RQ_OKVED' => '',
    'RQ_EDRPOU' => '',
    'RQ_DRFO' => '',
    'RQ_KBE' => '',
    'RQ_IIN' => '',
    'RQ_BIN' => '',
    'RQ_ST_CERT_SER' => '',
    'RQ_ST_CERT_NUM' => '',
    'RQ_ST_CERT_DATE' => '',
    'RQ_VAT_PAYER' => 'N',
    'RQ_VAT_ID' => '',
    'RQ_VAT_CERT_SER' => '',
    'RQ_VAT_CERT_NUM' => '',
    'RQ_VAT_CERT_DATE' => '',
    'RQ_RESIDENCE_COUNTRY' => '',
    'RQ_BASE_DOC' => '',
    'RQ_REGON' => '',
    'RQ_KRS' => '',
    'RQ_PESEL' => '',
    'RQ_LEGAL_FORM' => '',
    'RQ_SIRET' => '',
    'RQ_SIREN' => '',
    'RQ_CAPITAL' => '',
    'RQ_RCS' => '',
    'RQ_SIGNATURE' => '0',
    'RQ_STAMP' => '0',
    'RQ_COMPANY_ID' => '',
    'RQ_CNPJ' => '',
    'RQ_STATE_REG' => '',
    'RQ_MNPL_REG' => '',
    'RQ_CPF' => '',
    'VALUE_ID' => '149310',
    'UF_CRM_1647929611' => NULL,
    'UF_CRM_1647931933' => NULL,
    'UF_CRM_1647931942' => NULL,
    'UF_CRM_1647931950' => NULL,
    'UF_CRM_1647931979' => NULL,
    'UF_CRM_1647931992' => NULL,
    'UF_CRM_1647932011' => NULL,
    'UF_CRM_1651842340' => NULL,
    'UF_CRM_1684476607' => NULL,
    'UF_CRM_1684493639' => NULL,
    'UF_CRM_1688964741' => 'Межрайонная инспекция ФНС России №3 по Московской области',
    'UF_CRM_1688965107' => NULL,
    'UF_CRM_1692611897' => NULL,
    'UF_CRM_1692611956' => NULL,
    'UF_CRM_1697697990' => NULL,
    'UF_CRM_1697699468' => NULL,
    'UF_CRM_1697782220' => '0',
    'UF_CRM_1697782233' => '0',
    'UF_CRM_DIRECT_CHECKOUT' => '1',
  ),
  'Адреса' => 
  array (
    0 => 
    array (
      'TYPE_ID' => '6',
      'ENTITY_TYPE_ID' => '8',
      'ENTITY_ID' => '149310',
      'ANCHOR_TYPE_ID' => '4',
      'ANCHOR_ID' => '50342',
      'ADDRESS_1' => 'ул 1-я Серебрянская, 21',
      'ADDRESS_2' => 'ПОМЕЩ. 014',
      'CITY' => 'ПУШКИНО',
      'POSTAL_CODE' => '141202',
      'REGION' => 'ПУШКИНСКИЙ',
      'PROVINCE' => 'Московская область',
      'COUNTRY' => 'Россия',
      'COUNTRY_CODE' => NULL,
      'LOC_ADDR_ID' => '329586',
      'IS_DEF' => '1',
      'ID' => '12146394',
      'STREET' => NULL,
      'BUILDING' => NULL,
      'HOUSE' => '21 ',
    ),
    1 => 
    array (
      'TYPE_ID' => '1',
      'ENTITY_TYPE_ID' => '8',
      'ENTITY_ID' => '149310',
      'ANCHOR_TYPE_ID' => '4',
      'ANCHOR_ID' => '50342',
      'ADDRESS_1' => 'ул 1-я Серебрянская, 21, ',
      'ADDRESS_2' => 'ПОМЕЩ. 014',
      'CITY' => 'ПУШКИНО',
      'POSTAL_CODE' => '141202',
      'REGION' => 'ПУШКИНСКИЙ',
      'PROVINCE' => 'Московская область',
      'COUNTRY' => 'Россия',
      'COUNTRY_CODE' => NULL,
      'LOC_ADDR_ID' => '329585',
      'IS_DEF' => '1',
      'ID' => '12146395',
      'STREET' => NULL,
      'BUILDING' => NULL,
      'HOUSE' => '21 ',
    ),
  ),
  'Банк' => 
  array (
  ),
  'КонтактныеДанные' => 
  array (
    0 => 
    array (
      'ID' => '1749270',
      'ENTITY_ID' => 'COMPANY',
      'ELEMENT_ID' => '50342',
      'TYPE_ID' => 'PHONE',
      'VALUE_TYPE' => 'WORK',
      'COMPLEX_ID' => 'PHONE_WORK',
      'VALUE' => '+79158260715',
    ),
    1 => 
    array (
      'ID' => '1749271',
      'ENTITY_ID' => 'COMPANY',
      'ELEMENT_ID' => '50342',
      'TYPE_ID' => 'EMAIL',
      'VALUE_TYPE' => 'WORK',
      'COMPLEX_ID' => 'EMAIL_WORK',
      'VALUE' => 'vita.37@yandex.ru',
    ),
    2 => 
    array (
      'ID' => '1749272',
      'ENTITY_ID' => 'COMPANY',
      'ELEMENT_ID' => '50342',
      'TYPE_ID' => 'EMAIL',
      'VALUE_TYPE' => 'OTHER',
      'COMPLEX_ID' => 'EMAIL_OTHER',
      'VALUE' => 'vita.37@yandex.ru',
    ),
  ),
  'Представитель' => '8f77a6d5-9daf-11ef-813f-d9ad3efeb7da',
  'Бенефициар1' => '8f77a6d5-9daf-11ef-813f-d9ad3efeb7da',
  'Бенефициар2' => NULL,
  'Бенефициар3' => NULL,
  'Бенефициар4' => NULL,
  'Бенефициар5' => NULL,
  'ФилиалАвтора' => NULL,
  'Автор' => 'abf1113d-da23-11ee-811b-80e641c65846',
  'clientGroup' => '',
)
#0: KPLab\OneC\Export\Company->export
	/home/bitrix/www/local/classes/onec/export/company.php:190
#1: KPLab\OneC\Export\Company->init
	/home/bitrix/www/local/classes/onec/export/zayavka.php:106
#2: KPLab\OneC\Export\Zayavka->init
	/home/bitrix/www/bitrix/activities/bitrix/codeactivity/codeactivity.php(25) : eval()'d code:2
#3: eval
	/home/bitrix/www/bitrix/activities/bitrix/codeactivity/codeactivity.php:25
#4: CBPCodeActivity->execute
	/home/bitrix/www/bitrix/modules/bizproc/classes/general/workflow.php:536
#5: CBPWorkflow->runQueuedItem
	/home/bitrix/www/bitrix/modules/bizproc/classes/general/workflow.php:499
----------
