internalExecute:
Array
(
    [TYPE_ID] => 4
    [ENTITY_TYPE_ID] => 3
    [ENTITY_ID] => 236206
    [STREET] => Ольховская
    [BUILDING] => 200
    [POSTAL_CODE] => 620141
    [COUNTRY] => Россия
    [PROVINCE] => Свердловская
    [REGION] => 
    [CITY] => Екатеринбург
    [ADDRESS_2] => 300
)

internalExecute:
Array
(
    [TYPE_ID] => 4
    [ENTITY_TYPE_ID] => 3
    [ENTITY_ID] => 236206
    [STREET] => Ольховская
    [BUILDING] => 200
    [POSTAL_CODE] => 620141
    [COUNTRY] => Россия
    [PROVINCE] => Свердловская
    [REGION] => 
    [CITY] => Екатеринбург
    [ADDRESS_2] => 300
)

internalExecute:
Array
(
    [TYPE_ID] => 1
    [ENTITY_TYPE_ID] => 3
    [ENTITY_ID] => 236206
    [STREET] => Ольховская
    [BUILDING] => 400
    [POSTAL_CODE] => 620141
    [COUNTRY] => Россия
    [PROVINCE] => Свердловская
    [REGION] => 
    [CITY] => Екатеринбург
    [ADDRESS_2] => 500
)

internalExecute:
Array
(
    [TYPE_ID] => 1
    [ENTITY_TYPE_ID] => 3
    [ENTITY_ID] => 236206
    [STREET] => Ольховская
    [BUILDING] => 400
    [POSTAL_CODE] => 620141
    [COUNTRY] => Россия
    [PROVINCE] => Свердловская
    [REGION] => 
    [CITY] => Екатеринбург
    [ADDRESS_2] => 500
)

internalExecute:
Array
(
    [TYPE_ID] => 4
    [ENTITY_TYPE_ID] => 3
    [ENTITY_ID] => 236218
    [STREET] => Ольховская
    [BUILDING] => 200
    [POSTAL_CODE] => 620141
    [COUNTRY] => Россия
    [PROVINCE] => Свердловская
    [REGION] => 
    [CITY] => Екатеринбург
    [ADDRESS_2] => 300
)

internalExecute:
Array
(
    [TYPE_ID] => 4
    [ENTITY_TYPE_ID] => 3
    [ENTITY_ID] => 236218
    [STREET] => Ольховская
    [BUILDING] => 200
    [POSTAL_CODE] => 620141
    [COUNTRY] => Россия
    [PROVINCE] => Свердловская
    [REGION] => 
    [CITY] => Екатеринбург
    [ADDRESS_2] => 300
)

internalExecute:
Array
(
    [TYPE_ID] => 1
    [ENTITY_TYPE_ID] => 3
    [ENTITY_ID] => 236218
    [STREET] => Ольховская
    [BUILDING] => 400
    [POSTAL_CODE] => 620141
    [COUNTRY] => Россия
    [PROVINCE] => Свердловская
    [REGION] => 
    [CITY] => Екатеринбург
    [ADDRESS_2] => 500
)

internalExecute:
Array
(
    [TYPE_ID] => 1
    [ENTITY_TYPE_ID] => 3
    [ENTITY_ID] => 236218
    [STREET] => Ольховская
    [BUILDING] => 400
    [POSTAL_CODE] => 620141
    [COUNTRY] => Россия
    [PROVINCE] => Свердловская
    [REGION] => 
    [CITY] => Екатеринбург
    [ADDRESS_2] => 500
)

internalExecute:
Array
(
    [TYPE_ID] => 4
    [ENTITY_TYPE_ID] => 3
    [ENTITY_ID] => 236262
    [STREET] => Ольховская
    [BUILDING] => 54
    [POSTAL_CODE] => 45445545
    [COUNTRY] => Россия
    [PROVINCE] => Свердловская
    [REGION] => 
    [CITY] => Екатеринбург
    [ADDRESS_2] => 44
)

internalExecute:
Array
(
    [TYPE_ID] => 4
    [ENTITY_TYPE_ID] => 3
    [ENTITY_ID] => 236262
    [STREET] => Ольховская
    [BUILDING] => 54
    [POSTAL_CODE] => 45445545
    [COUNTRY] => Россия
    [PROVINCE] => Свердловская
    [REGION] => 
    [CITY] => Екатеринбург
    [ADDRESS_2] => 44
)

internalExecute:
Array
(
    [TYPE_ID] => 1
    [ENTITY_TYPE_ID] => 3
    [ENTITY_ID] => 236262
    [STREET] => Строителей
    [BUILDING] => 33
    [POSTAL_CODE] => 5455353
    [COUNTRY] => Россия
    [PROVINCE] => Свердловская
    [REGION] => 
    [CITY] => Москва
    [ADDRESS_2] => 3
)

internalExecute:
Array
(
    [TYPE_ID] => 1
    [ENTITY_TYPE_ID] => 3
    [ENTITY_ID] => 236262
    [STREET] => Строителей
    [BUILDING] => 33
    [POSTAL_CODE] => 5455353
    [COUNTRY] => Россия
    [PROVINCE] => Свердловская
    [REGION] => 
    [CITY] => Москва
    [ADDRESS_2] => 3
)

internalExecute:
Array
(
    [TYPE_ID] => 4
    [ENTITY_TYPE_ID] => 3
    [ENTITY_ID] => 236271
    [STREET] => Ольховская
    [BUILDING] => 1
    [POSTAL_CODE] => 0
    [COUNTRY] => Россия
    [PROVINCE] => Свердловская
    [REGION] => 
    [CITY] => Екатеринбург
    [ADDRESS_2] => 1
)

internalExecute:
Array
(
    [TYPE_ID] => 4
    [ENTITY_TYPE_ID] => 3
    [ENTITY_ID] => 236271
    [STREET] => Ольховская
    [BUILDING] => 1
    [POSTAL_CODE] => 0
    [COUNTRY] => Россия
    [PROVINCE] => Свердловская
    [REGION] => 
    [CITY] => Екатеринбург
    [ADDRESS_2] => 1
)

internalExecute:
Array
(
    [TYPE_ID] => 1
    [ENTITY_TYPE_ID] => 3
    [ENTITY_ID] => 236271
    [STREET] => Ольховская
    [BUILDING] => 1
    [POSTAL_CODE] => 0
    [COUNTRY] => Россия
    [PROVINCE] => Свердловская
    [REGION] => 
    [CITY] => Екатеринбург
    [ADDRESS_2] => 1
)

internalExecute:
Array
(
    [TYPE_ID] => 1
    [ENTITY_TYPE_ID] => 3
    [ENTITY_ID] => 236271
    [STREET] => Ольховская
    [BUILDING] => 1
    [POSTAL_CODE] => 0
    [COUNTRY] => Россия
    [PROVINCE] => Свердловская
    [REGION] => 
    [CITY] => Екатеринбург
    [ADDRESS_2] => 1
)

internalExecute:
Array
(
    [TYPE_ID] => 4
    [ENTITY_TYPE_ID] => 3
    [ENTITY_ID] => 236272
    [STREET] => Ольховская
    [BUILDING] => 2
    [POSTAL_CODE] => 111111
    [COUNTRY] => Россия
    [PROVINCE] => Свердловская
    [REGION] => 
    [CITY] => Екатеринбург
    [ADDRESS_2] => 2
)

internalExecute:
Array
(
    [TYPE_ID] => 4
    [ENTITY_TYPE_ID] => 3
    [ENTITY_ID] => 236272
    [STREET] => Ольховская
    [BUILDING] => 2
    [POSTAL_CODE] => 111111
    [COUNTRY] => Россия
    [PROVINCE] => Свердловская
    [REGION] => 
    [CITY] => Екатеринбург
    [ADDRESS_2] => 2
)

internalExecute:
Array
(
    [TYPE_ID] => 1
    [ENTITY_TYPE_ID] => 3
    [ENTITY_ID] => 236272
    [STREET] => Ольховская
    [BUILDING] => 2
    [POSTAL_CODE] => 111111
    [COUNTRY] => Россия
    [PROVINCE] => Свердловская
    [REGION] => 
    [CITY] => Екатеринбург
    [ADDRESS_2] => 2
)

internalExecute:
Array
(
    [TYPE_ID] => 1
    [ENTITY_TYPE_ID] => 3
    [ENTITY_ID] => 236272
    [STREET] => Ольховская
    [BUILDING] => 2
    [POSTAL_CODE] => 111111
    [COUNTRY] => Россия
    [PROVINCE] => Свердловская
    [REGION] => 
    [CITY] => Екатеринбург
    [ADDRESS_2] => 2
)

internalExecute:
Array
(
    [TYPE_ID] => 4
    [ENTITY_TYPE_ID] => 3
    [ENTITY_ID] => 236273
    [STREET] => Ольховская
    [BUILDING] => 3
    [POSTAL_CODE] => 222222
    [COUNTRY] => Россия
    [PROVINCE] => Свердловская
    [REGION] => 
    [CITY] => Екатеринбург
    [ADDRESS_2] => 3
)

internalExecute:
Array
(
    [TYPE_ID] => 4
    [ENTITY_TYPE_ID] => 3
    [ENTITY_ID] => 236273
    [STREET] => Ольховская
    [BUILDING] => 3
    [POSTAL_CODE] => 222222
    [COUNTRY] => Россия
    [PROVINCE] => Свердловская
    [REGION] => 
    [CITY] => Екатеринбург
    [ADDRESS_2] => 3
)

internalExecute:
Array
(
    [TYPE_ID] => 1
    [ENTITY_TYPE_ID] => 3
    [ENTITY_ID] => 236273
    [STREET] => Ольховская
    [BUILDING] => 3
    [POSTAL_CODE] => 222222
    [COUNTRY] => Россия
    [PROVINCE] => Свердловская
    [REGION] => 
    [CITY] => Екатеринбург
    [ADDRESS_2] => 3
)

internalExecute:
Array
(
    [TYPE_ID] => 1
    [ENTITY_TYPE_ID] => 3
    [ENTITY_ID] => 236273
    [STREET] => Ольховская
    [BUILDING] => 3
    [POSTAL_CODE] => 222222
    [COUNTRY] => Россия
    [PROVINCE] => Свердловская
    [REGION] => 
    [CITY] => Екатеринбург
    [ADDRESS_2] => 3
)

internalExecute:
Array
(
    [TYPE_ID] => 4
    [ENTITY_TYPE_ID] => 3
    [ENTITY_ID] => 236274
    [STREET] => Ольховская
    [BUILDING] => 3
    [POSTAL_CODE] => 333333
    [COUNTRY] => Россия
    [PROVINCE] => Свердловская
    [REGION] => 
    [CITY] => Екатеринбург
    [ADDRESS_2] => 3
)

internalExecute:
Array
(
    [TYPE_ID] => 4
    [ENTITY_TYPE_ID] => 3
    [ENTITY_ID] => 236274
    [STREET] => Ольховская
    [BUILDING] => 3
    [POSTAL_CODE] => 333333
    [COUNTRY] => Россия
    [PROVINCE] => Свердловская
    [REGION] => 
    [CITY] => Екатеринбург
    [ADDRESS_2] => 3
)

internalExecute:
Array
(
    [TYPE_ID] => 1
    [ENTITY_TYPE_ID] => 3
    [ENTITY_ID] => 236274
    [STREET] => Ольховская
    [BUILDING] => 3
    [POSTAL_CODE] => 333333
    [COUNTRY] => Россия
    [PROVINCE] => Свердловская
    [REGION] => 
    [CITY] => Екатеринбург
    [ADDRESS_2] => 3
)

internalExecute:
Array
(
    [TYPE_ID] => 1
    [ENTITY_TYPE_ID] => 3
    [ENTITY_ID] => 236274
    [STREET] => Ольховская
    [BUILDING] => 3
    [POSTAL_CODE] => 333333
    [COUNTRY] => Россия
    [PROVINCE] => Свердловская
    [REGION] => 
    [CITY] => Екатеринбург
    [ADDRESS_2] => 3
)

internalExecute:
Array
(
    [TYPE_ID] => 4
    [ENTITY_TYPE_ID] => 3
    [ENTITY_ID] => 236275
    [STREET] => Ольховская
    [BUILDING] => 5
    [POSTAL_CODE] => 555555
    [COUNTRY] => Россия
    [PROVINCE] => Свердловская
    [REGION] => 
    [CITY] => Екатеринбург
    [ADDRESS_2] => 5
)

internalExecute:
Array
(
    [TYPE_ID] => 4
    [ENTITY_TYPE_ID] => 3
    [ENTITY_ID] => 236275
    [STREET] => Ольховская
    [BUILDING] => 5
    [POSTAL_CODE] => 555555
    [COUNTRY] => Россия
    [PROVINCE] => Свердловская
    [REGION] => 
    [CITY] => Екатеринбург
    [ADDRESS_2] => 5
)

internalExecute:
Array
(
    [TYPE_ID] => 4
    [ENTITY_TYPE_ID] => 3
    [ENTITY_ID] => 236276
    [STREET] => Ольховская
    [BUILDING] => 6
    [POSTAL_CODE] => 666666
    [COUNTRY] => Россия
    [PROVINCE] => Свердловская
    [REGION] => 
    [CITY] => Екатеринбург
    [ADDRESS_2] => 6
)

internalExecute:
Array
(
    [TYPE_ID] => 4
    [ENTITY_TYPE_ID] => 3
    [ENTITY_ID] => 236276
    [STREET] => Ольховская
    [BUILDING] => 6
    [POSTAL_CODE] => 666666
    [COUNTRY] => Россия
    [PROVINCE] => Свердловская
    [REGION] => 
    [CITY] => Екатеринбург
    [ADDRESS_2] => 6
)

internalExecute:
Array
(
    [TYPE_ID] => 4
    [ENTITY_TYPE_ID] => 3
    [ENTITY_ID] => 236277
    [STREET] => Ольховская
    [BUILDING] => 7
    [POSTAL_CODE] => 777777
    [COUNTRY] => Россия
    [PROVINCE] => Свердловская
    [REGION] => 
    [CITY] => Екатеринбург
    [ADDRESS_2] => 7
)

internalExecute:
Array
(
    [TYPE_ID] => 4
    [ENTITY_TYPE_ID] => 3
    [ENTITY_ID] => 236277
    [STREET] => Ольховская
    [BUILDING] => 7
    [POSTAL_CODE] => 777777
    [COUNTRY] => Россия
    [PROVINCE] => Свердловская
    [REGION] => 
    [CITY] => Екатеринбург
    [ADDRESS_2] => 7
)

internalExecute:
Array
(
    [TYPE_ID] => 4
    [ENTITY_TYPE_ID] => 3
    [ENTITY_ID] => 236803
    [STREET] => Ольховская
    [BUILDING] => 10
    [POSTAL_CODE] => 620141
    [COUNTRY] => Россия
    [PROVINCE] => Свердловская
    [REGION] => 
    [CITY] => Екатеринбург
    [ADDRESS_2] => 23
)

internalExecute:
Array
(
    [TYPE_ID] => 4
    [ENTITY_TYPE_ID] => 3
    [ENTITY_ID] => 236803
    [STREET] => Ольховская
    [BUILDING] => 10
    [POSTAL_CODE] => 620141
    [COUNTRY] => Россия
    [PROVINCE] => Свердловская
    [REGION] => 
    [CITY] => Екатеринбург
    [ADDRESS_2] => 23
)

internalExecute:
Array
(
    [TYPE_ID] => 1
    [ENTITY_TYPE_ID] => 3
    [ENTITY_ID] => 236803
    [STREET] => Ольховская
    [BUILDING] => 10
    [POSTAL_CODE] => 620141
    [COUNTRY] => Россия
    [PROVINCE] => Свердловская
    [REGION] => 
    [CITY] => Екатеринбург
    [ADDRESS_2] => 23
)

internalExecute:
Array
(
    [TYPE_ID] => 1
    [ENTITY_TYPE_ID] => 3
    [ENTITY_ID] => 236803
    [STREET] => Ольховская
    [BUILDING] => 10
    [POSTAL_CODE] => 620141
    [COUNTRY] => Россия
    [PROVINCE] => Свердловская
    [REGION] => 
    [CITY] => Екатеринбург
    [ADDRESS_2] => 23
)

internalExecute:
Array
(
    [TYPE_ID] => 4
    [ENTITY_TYPE_ID] => 3
    [ENTITY_ID] => 236804
    [STREET] => Ольховская 
    [BUILDING] => 10
    [POSTAL_CODE] => 666666
    [COUNTRY] => Россия
    [PROVINCE] => Свердловская
    [REGION] => 
    [CITY] => Екатеринбург
    [ADDRESS_2] => 32
)

internalExecute:
Array
(
    [TYPE_ID] => 4
    [ENTITY_TYPE_ID] => 3
    [ENTITY_ID] => 236804
    [STREET] => Ольховская 
    [BUILDING] => 10
    [POSTAL_CODE] => 666666
    [COUNTRY] => Россия
    [PROVINCE] => Свердловская
    [REGION] => 
    [CITY] => Екатеринбург
    [ADDRESS_2] => 32
)

internalExecute:
Array
(
    [TYPE_ID] => 4
    [ENTITY_TYPE_ID] => 3
    [ENTITY_ID] => 236825
    [STREET] => Ольховская
    [BUILDING] => 10
    [POSTAL_CODE] => 666666
    [COUNTRY] => Россия
    [PROVINCE] => Свердловская
    [REGION] => 
    [CITY] => Екатеринбург
    [ADDRESS_2] => 23
)

internalExecute:
Array
(
    [TYPE_ID] => 4
    [ENTITY_TYPE_ID] => 3
    [ENTITY_ID] => 236825
    [STREET] => Ольховская
    [BUILDING] => 10
    [POSTAL_CODE] => 666666
    [COUNTRY] => Россия
    [PROVINCE] => Свердловская
    [REGION] => 
    [CITY] => Екатеринбург
    [ADDRESS_2] => 23
)

internalExecute:
Array
(
    [TYPE_ID] => 1
    [ENTITY_TYPE_ID] => 3
    [ENTITY_ID] => 236825
    [STREET] => Ольховская
    [BUILDING] => 10
    [POSTAL_CODE] => 666666
    [COUNTRY] => Россия
    [PROVINCE] => Свердловская
    [REGION] => 
    [CITY] => Екатеринбург
    [ADDRESS_2] => 23
)

internalExecute:
Array
(
    [TYPE_ID] => 1
    [ENTITY_TYPE_ID] => 3
    [ENTITY_ID] => 236825
    [STREET] => Ольховская
    [BUILDING] => 10
    [POSTAL_CODE] => 666666
    [COUNTRY] => Россия
    [PROVINCE] => Свердловская
    [REGION] => 
    [CITY] => Екатеринбург
    [ADDRESS_2] => 23
)

internalExecute:
Array
(
    [TYPE_ID] => 4
    [ENTITY_TYPE_ID] => 3
    [ENTITY_ID] => 236826
    [STREET] => Ольховская
    [BUILDING] => 23
    [POSTAL_CODE] => 
    [COUNTRY] => Россия
    [PROVINCE] => Свердловская
    [REGION] => 
    [CITY] => Екатеринбург
    [ADDRESS_2] => 10
)

internalExecute:
Array
(
    [TYPE_ID] => 4
    [ENTITY_TYPE_ID] => 3
    [ENTITY_ID] => 236826
    [STREET] => Ольховская
    [BUILDING] => 23
    [POSTAL_CODE] => 
    [COUNTRY] => Россия
    [PROVINCE] => Свердловская
    [REGION] => 
    [CITY] => Екатеринбург
    [ADDRESS_2] => 10
)

internalExecute:
Array
(
    [TYPE_ID] => 4
    [ENTITY_TYPE_ID] => 3
    [ENTITY_ID] => 236919
    [STREET] => Школьная
    [BUILDING] => 70
    [POSTAL_CODE] => 
    [COUNTRY] => Россия
    [PROVINCE] => Кабардино-Балкарская Республика
    [REGION] => Зольский
    [CITY] => Шордаково
    [ADDRESS_2] => 
)

internalExecute:
Array
(
    [TYPE_ID] => 4
    [ENTITY_TYPE_ID] => 3
    [ENTITY_ID] => 236919
    [STREET] => Школьная
    [BUILDING] => 70
    [POSTAL_CODE] => 
    [COUNTRY] => Россия
    [PROVINCE] => Кабардино-Балкарская Республика
    [REGION] => Зольский
    [CITY] => Шордаково
    [ADDRESS_2] => 
)

internalExecute:
Array
(
    [TYPE_ID] => 1
    [ENTITY_TYPE_ID] => 3
    [ENTITY_ID] => 236919
    [STREET] => Ленина
    [BUILDING] => 349
    [POSTAL_CODE] => 
    [COUNTRY] => Россия
    [PROVINCE] => Кабардино-Балкарская Республика
    [REGION] => Зольский
    [CITY] => Малка
    [ADDRESS_2] => 
)

internalExecute:
Array
(
    [TYPE_ID] => 1
    [ENTITY_TYPE_ID] => 3
    [ENTITY_ID] => 236919
    [STREET] => Ленина
    [BUILDING] => 349
    [POSTAL_CODE] => 
    [COUNTRY] => Россия
    [PROVINCE] => Кабардино-Балкарская Республика
    [REGION] => Зольский
    [CITY] => Малка
    [ADDRESS_2] => 
)

internalExecute:
Array
(
    [TYPE_ID] => 4
    [ENTITY_TYPE_ID] => 3
    [ENTITY_ID] => 236920
    [STREET] => Ленина
    [BUILDING] => 330
    [POSTAL_CODE] => 
    [COUNTRY] => Россия
    [PROVINCE] => Кабардино-Балкарская Республика
    [REGION] => Зольский
    [CITY] => Малка
    [ADDRESS_2] => 
)

internalExecute:
Array
(
    [TYPE_ID] => 4
    [ENTITY_TYPE_ID] => 3
    [ENTITY_ID] => 236920
    [STREET] => Ленина
    [BUILDING] => 330
    [POSTAL_CODE] => 
    [COUNTRY] => Россия
    [PROVINCE] => Кабардино-Балкарская Республика
    [REGION] => Зольский
    [CITY] => Малка
    [ADDRESS_2] => 
)

internalExecute:
Array
(
    [TYPE_ID] => 1
    [ENTITY_TYPE_ID] => 3
    [ENTITY_ID] => 236920
    [STREET] => Ленина
    [BUILDING] => 330
    [POSTAL_CODE] => 
    [COUNTRY] => Россия
    [PROVINCE] => Кабардино-Балкарская Республика
    [REGION] => Зольский
    [CITY] => Малка
    [ADDRESS_2] => 
)

internalExecute:
Array
(
    [TYPE_ID] => 1
    [ENTITY_TYPE_ID] => 3
    [ENTITY_ID] => 236920
    [STREET] => Ленина
    [BUILDING] => 330
    [POSTAL_CODE] => 
    [COUNTRY] => Россия
    [PROVINCE] => Кабардино-Балкарская Республика
    [REGION] => Зольский
    [CITY] => Малка
    [ADDRESS_2] => 
)

internalExecute:
Array
(
    [TYPE_ID] => 4
    [ENTITY_TYPE_ID] => 3
    [ENTITY_ID] => 236921
    [STREET] => Ленина
    [BUILDING] => 330
    [POSTAL_CODE] => 
    [COUNTRY] => Россия
    [PROVINCE] => Кабардино-Балкарская Республика
    [REGION] => Зольский
    [CITY] => Малка
    [ADDRESS_2] => 
)

internalExecute:
Array
(
    [TYPE_ID] => 4
    [ENTITY_TYPE_ID] => 3
    [ENTITY_ID] => 236921
    [STREET] => Ленина
    [BUILDING] => 330
    [POSTAL_CODE] => 
    [COUNTRY] => Россия
    [PROVINCE] => Кабардино-Балкарская Республика
    [REGION] => Зольский
    [CITY] => Малка
    [ADDRESS_2] => 
)

internalExecute:
Array
(
    [TYPE_ID] => 4
    [ENTITY_TYPE_ID] => 3
    [ENTITY_ID] => 236936
    [STREET] => 
    [BUILDING] => 
    [POSTAL_CODE] => 
    [COUNTRY] => Россия
    [PROVINCE] => 
    [REGION] => 
    [CITY] => 
    [ADDRESS_2] => 
)

internalExecute:
Array
(
    [TYPE_ID] => 4
    [ENTITY_TYPE_ID] => 3
    [ENTITY_ID] => 236936
    [STREET] => 
    [BUILDING] => 
    [POSTAL_CODE] => 
    [COUNTRY] => Россия
    [PROVINCE] => 
    [REGION] => 
    [CITY] => 
    [ADDRESS_2] => 
)

internalExecute:
Array
(
    [TYPE_ID] => 1
    [ENTITY_TYPE_ID] => 3
    [ENTITY_ID] => 236936
    [STREET] => 
    [BUILDING] => 
    [POSTAL_CODE] => 
    [COUNTRY] => Россия
    [PROVINCE] => 
    [REGION] => 
    [CITY] => 
    [ADDRESS_2] => 
)

internalExecute:
Array
(
    [TYPE_ID] => 1
    [ENTITY_TYPE_ID] => 3
    [ENTITY_ID] => 236936
    [STREET] => 
    [BUILDING] => 
    [POSTAL_CODE] => 
    [COUNTRY] => Россия
    [PROVINCE] => 
    [REGION] => 
    [CITY] => 
    [ADDRESS_2] => 
)

internalExecute:
Array
(
    [TYPE_ID] => 4
    [ENTITY_TYPE_ID] => 3
    [ENTITY_ID] => 236938
    [STREET] => 
    [BUILDING] => 
    [POSTAL_CODE] => 
    [COUNTRY] => Россия
    [PROVINCE] => 
    [REGION] => 
    [CITY] => 
    [ADDRESS_2] => 
)

internalExecute:
Array
(
    [TYPE_ID] => 4
    [ENTITY_TYPE_ID] => 3
    [ENTITY_ID] => 236938
    [STREET] => 
    [BUILDING] => 
    [POSTAL_CODE] => 
    [COUNTRY] => Россия
    [PROVINCE] => 
    [REGION] => 
    [CITY] => 
    [ADDRESS_2] => 
)

internalExecute:
Array
(
    [TYPE_ID] => 1
    [ENTITY_TYPE_ID] => 3
    [ENTITY_ID] => 236938
    [STREET] => 
    [BUILDING] => 
    [POSTAL_CODE] => 
    [COUNTRY] => Россия
    [PROVINCE] => 
    [REGION] => 
    [CITY] => 
    [ADDRESS_2] => 
)

internalExecute:
Array
(
    [TYPE_ID] => 1
    [ENTITY_TYPE_ID] => 3
    [ENTITY_ID] => 236938
    [STREET] => 
    [BUILDING] => 
    [POSTAL_CODE] => 
    [COUNTRY] => Россия
    [PROVINCE] => 
    [REGION] => 
    [CITY] => 
    [ADDRESS_2] => 
)

internalExecute:
Array
(
    [TYPE_ID] => 4
    [ENTITY_TYPE_ID] => 3
    [ENTITY_ID] => 237259
    [STREET] => 55
    [BUILDING] => 55
    [POSTAL_CODE] => 55
    [COUNTRY] => Россия
    [PROVINCE] => 5
    [REGION] => 55
    [CITY] => 55
    [ADDRESS_2] => 5
)

internalExecute:
Array
(
    [TYPE_ID] => 4
    [ENTITY_TYPE_ID] => 3
    [ENTITY_ID] => 237259
    [STREET] => 55
    [BUILDING] => 55
    [POSTAL_CODE] => 55
    [COUNTRY] => Россия
    [PROVINCE] => 5
    [REGION] => 55
    [CITY] => 55
    [ADDRESS_2] => 5
)

internalExecute:
Array
(
    [TYPE_ID] => 1
    [ENTITY_TYPE_ID] => 3
    [ENTITY_ID] => 237259
    [STREET] => 55
    [BUILDING] => 55
    [POSTAL_CODE] => 55
    [COUNTRY] => Россия
    [PROVINCE] => 5
    [REGION] => 55
    [CITY] => 55
    [ADDRESS_2] => 5
)

internalExecute:
Array
(
    [TYPE_ID] => 1
    [ENTITY_TYPE_ID] => 3
    [ENTITY_ID] => 237259
    [STREET] => 55
    [BUILDING] => 55
    [POSTAL_CODE] => 55
    [COUNTRY] => Россия
    [PROVINCE] => 5
    [REGION] => 55
    [CITY] => 55
    [ADDRESS_2] => 5
)

internalExecute:
Array
(
    [TYPE_ID] => 4
    [ENTITY_TYPE_ID] => 3
    [ENTITY_ID] => 237260
    [STREET] => 4434
    [BUILDING] => 3434
    [POSTAL_CODE] => 434
    [COUNTRY] => Россия
    [PROVINCE] => 33
    [REGION] => 434
    [CITY] => 43
    [ADDRESS_2] => 3443
)

internalExecute:
Array
(
    [TYPE_ID] => 4
    [ENTITY_TYPE_ID] => 3
    [ENTITY_ID] => 237260
    [STREET] => 4434
    [BUILDING] => 3434
    [POSTAL_CODE] => 434
    [COUNTRY] => Россия
    [PROVINCE] => 33
    [REGION] => 434
    [CITY] => 43
    [ADDRESS_2] => 3443
)

internalExecute:
Array
(
    [TYPE_ID] => 4
    [ENTITY_TYPE_ID] => 3
    [ENTITY_ID] => 237261
    [STREET] => 4
    [BUILDING] => 544554
    [POSTAL_CODE] => 545
    [COUNTRY] => Россия
    [PROVINCE] => 454
    [REGION] => 5445
    [CITY] => 455
    [ADDRESS_2] => 55
)

internalExecute:
Array
(
    [TYPE_ID] => 4
    [ENTITY_TYPE_ID] => 3
    [ENTITY_ID] => 237261
    [STREET] => 4
    [BUILDING] => 544554
    [POSTAL_CODE] => 545
    [COUNTRY] => Россия
    [PROVINCE] => 454
    [REGION] => 5445
    [CITY] => 455
    [ADDRESS_2] => 55
)

internalExecute:
Array
(
    [TYPE_ID] => 1
    [ENTITY_TYPE_ID] => 3
    [ENTITY_ID] => 237261
    [STREET] => 4
    [BUILDING] => 544554
    [POSTAL_CODE] => 545
    [COUNTRY] => Россия
    [PROVINCE] => 454
    [REGION] => 5445
    [CITY] => 455
    [ADDRESS_2] => 55
)

internalExecute:
Array
(
    [TYPE_ID] => 1
    [ENTITY_TYPE_ID] => 3
    [ENTITY_ID] => 237261
    [STREET] => 4
    [BUILDING] => 544554
    [POSTAL_CODE] => 545
    [COUNTRY] => Россия
    [PROVINCE] => 454
    [REGION] => 5445
    [CITY] => 455
    [ADDRESS_2] => 55
)

internalExecute:
Array
(
    [TYPE_ID] => 4
    [ENTITY_TYPE_ID] => 3
    [ENTITY_ID] => 237262
    [STREET] => 
    [BUILDING] => 
    [POSTAL_CODE] => 
    [COUNTRY] => Россия
    [PROVINCE] => 
    [REGION] => 
    [CITY] => 
    [ADDRESS_2] => 
)

internalExecute:
Array
(
    [TYPE_ID] => 4
    [ENTITY_TYPE_ID] => 3
    [ENTITY_ID] => 237262
    [STREET] => 
    [BUILDING] => 
    [POSTAL_CODE] => 
    [COUNTRY] => Россия
    [PROVINCE] => 
    [REGION] => 
    [CITY] => 
    [ADDRESS_2] => 
)

internalExecute:
Array
(
    [TYPE_ID] => 4
    [ENTITY_TYPE_ID] => 3
    [ENTITY_ID] => 237272
    [STREET] => Иванова
    [BUILDING] => 16
    [POSTAL_CODE] => 
    [COUNTRY] => Россия
    [PROVINCE] => Республика Саха
    [REGION] => Хангаласский
    [CITY] => Улах-Ан
    [ADDRESS_2] => 
)

internalExecute:
Array
(
    [TYPE_ID] => 4
    [ENTITY_TYPE_ID] => 3
    [ENTITY_ID] => 237272
    [STREET] => Иванова
    [BUILDING] => 16
    [POSTAL_CODE] => 
    [COUNTRY] => Россия
    [PROVINCE] => Республика Саха
    [REGION] => Хангаласский
    [CITY] => Улах-Ан
    [ADDRESS_2] => 
)

internalExecute:
Array
(
    [TYPE_ID] => 1
    [ENTITY_TYPE_ID] => 3
    [ENTITY_ID] => 237272
    [STREET] => Покровское шоссе 8км
    [BUILDING] => 49
    [POSTAL_CODE] => 
    [COUNTRY] => Россия
    [PROVINCE] => Республика Саха
    [REGION] => Якутск
    [CITY] => Пригородное
    [ADDRESS_2] => 
)

internalExecute:
Array
(
    [TYPE_ID] => 1
    [ENTITY_TYPE_ID] => 3
    [ENTITY_ID] => 237272
    [STREET] => Покровское шоссе 8км
    [BUILDING] => 49
    [POSTAL_CODE] => 
    [COUNTRY] => Россия
    [PROVINCE] => Республика Саха
    [REGION] => Якутск
    [CITY] => Пригородное
    [ADDRESS_2] => 
)

internalExecute:
Array
(
    [TYPE_ID] => 4
    [ENTITY_TYPE_ID] => 3
    [ENTITY_ID] => 237273
    [STREET] => Ленская
    [BUILDING] => 60
    [POSTAL_CODE] => 
    [COUNTRY] => Россия
    [PROVINCE] => Республика Саха
    [REGION] => Хангаласский
    [CITY] => Улах-Ан
    [ADDRESS_2] => 
)

internalExecute:
Array
(
    [TYPE_ID] => 4
    [ENTITY_TYPE_ID] => 3
    [ENTITY_ID] => 237273
    [STREET] => Ленская
    [BUILDING] => 60
    [POSTAL_CODE] => 
    [COUNTRY] => Россия
    [PROVINCE] => Республика Саха
    [REGION] => Хангаласский
    [CITY] => Улах-Ан
    [ADDRESS_2] => 
)

internalExecute:
Array
(
    [TYPE_ID] => 4
    [ENTITY_TYPE_ID] => 3
    [ENTITY_ID] => 237462
    [STREET] => Кулачикова Элляя
    [BUILDING] => 5
    [POSTAL_CODE] => 
    [COUNTRY] => Россия
    [PROVINCE] => Республика Саха  (Якутия)
    [REGION] => 
    [CITY] => г Якутия
    [ADDRESS_2] => 106
)

internalExecute:
Array
(
    [TYPE_ID] => 4
    [ENTITY_TYPE_ID] => 3
    [ENTITY_ID] => 237462
    [STREET] => Кулачикова Элляя
    [BUILDING] => 5
    [POSTAL_CODE] => 
    [COUNTRY] => Россия
    [PROVINCE] => Республика Саха  (Якутия)
    [REGION] => 
    [CITY] => г Якутия
    [ADDRESS_2] => 106
)

internalExecute:
Array
(
    [TYPE_ID] => 1
    [ENTITY_TYPE_ID] => 3
    [ENTITY_ID] => 237462
    [STREET] => А. Васильевой
    [BUILDING] => 30 А
    [POSTAL_CODE] => 
    [COUNTRY] => Россия
    [PROVINCE] => Республика Саха
    [REGION] => у Амгинский
    [CITY] => Бетонцы
    [ADDRESS_2] => 
)

internalExecute:
Array
(
    [TYPE_ID] => 1
    [ENTITY_TYPE_ID] => 3
    [ENTITY_ID] => 237462
    [STREET] => А. Васильевой
    [BUILDING] => 30 А
    [POSTAL_CODE] => 
    [COUNTRY] => Россия
    [PROVINCE] => Республика Саха
    [REGION] => у Амгинский
    [CITY] => Бетонцы
    [ADDRESS_2] => 
)

internalExecute:
Array
(
    [TYPE_ID] => 4
    [ENTITY_TYPE_ID] => 3
    [ENTITY_ID] => 237463
    [STREET] => им. А. Васильевой
    [BUILDING] => 30
    [POSTAL_CODE] => 
    [COUNTRY] => Россия
    [PROVINCE] => Респ. Саха
    [REGION] => у. Амгинский
    [CITY] => с. Бетюнцы
    [ADDRESS_2] => 
)

internalExecute:
Array
(
    [TYPE_ID] => 4
    [ENTITY_TYPE_ID] => 3
    [ENTITY_ID] => 237463
    [STREET] => им. А. Васильевой
    [BUILDING] => 30
    [POSTAL_CODE] => 
    [COUNTRY] => Россия
    [PROVINCE] => Респ. Саха
    [REGION] => у. Амгинский
    [CITY] => с. Бетюнцы
    [ADDRESS_2] => 
)

internalExecute:
Array
(
    [TYPE_ID] => 4
    [ENTITY_TYPE_ID] => 3
    [ENTITY_ID] => 237606
    [STREET] => ул. Транспортная
    [BUILDING] => 39
    [POSTAL_CODE] => 
    [COUNTRY] => Россия
    [PROVINCE] => обл. Новосибирская
    [REGION] => р-н Тогучинский
    [CITY] => г. Тогучин
    [ADDRESS_2] => 
)

internalExecute:
Array
(
    [TYPE_ID] => 4
    [ENTITY_TYPE_ID] => 3
    [ENTITY_ID] => 237606
    [STREET] => ул. Транспортная
    [BUILDING] => 39
    [POSTAL_CODE] => 
    [COUNTRY] => Россия
    [PROVINCE] => обл. Новосибирская
    [REGION] => р-н Тогучинский
    [CITY] => г. Тогучин
    [ADDRESS_2] => 
)

internalExecute:
Array
(
    [TYPE_ID] => 1
    [ENTITY_TYPE_ID] => 3
    [ENTITY_ID] => 237606
    [STREET] => ул. Транспортная
    [BUILDING] => 39
    [POSTAL_CODE] => 
    [COUNTRY] => Россия
    [PROVINCE] => обл. Новосибирская
    [REGION] => р-н Тогучинский
    [CITY] => г. Тогучин
    [ADDRESS_2] => 
)

internalExecute:
Array
(
    [TYPE_ID] => 1
    [ENTITY_TYPE_ID] => 3
    [ENTITY_ID] => 237606
    [STREET] => ул. Транспортная
    [BUILDING] => 39
    [POSTAL_CODE] => 
    [COUNTRY] => Россия
    [PROVINCE] => обл. Новосибирская
    [REGION] => р-н Тогучинский
    [CITY] => г. Тогучин
    [ADDRESS_2] => 
)

internalExecute:
Array
(
    [TYPE_ID] => 4
    [ENTITY_TYPE_ID] => 3
    [ENTITY_ID] => 237607
    [STREET] => ул. Логовская
    [BUILDING] => 29
    [POSTAL_CODE] => 
    [COUNTRY] => Россия
    [PROVINCE] => Новосибирская обл.
    [REGION] => 
    [CITY] => гор. Тогучин
    [ADDRESS_2] => 
)

internalExecute:
Array
(
    [TYPE_ID] => 4
    [ENTITY_TYPE_ID] => 3
    [ENTITY_ID] => 237607
    [STREET] => ул. Логовская
    [BUILDING] => 29
    [POSTAL_CODE] => 
    [COUNTRY] => Россия
    [PROVINCE] => Новосибирская обл.
    [REGION] => 
    [CITY] => гор. Тогучин
    [ADDRESS_2] => 
)

internalExecute:
Array
(
    [TYPE_ID] => 4
    [ENTITY_TYPE_ID] => 3
    [ENTITY_ID] => 237609
    [STREET] => ул. Ленина
    [BUILDING] => 111Б
    [POSTAL_CODE] => 
    [COUNTRY] => Россия
    [PROVINCE] => Карачаево-Черкесская Республика
    [REGION] => 
    [CITY] => г. Карачаевск
    [ADDRESS_2] => 
)

internalExecute:
Array
(
    [TYPE_ID] => 4
    [ENTITY_TYPE_ID] => 3
    [ENTITY_ID] => 237609
    [STREET] => ул. Ленина
    [BUILDING] => 111Б
    [POSTAL_CODE] => 
    [COUNTRY] => Россия
    [PROVINCE] => Карачаево-Черкесская Республика
    [REGION] => 
    [CITY] => г. Карачаевск
    [ADDRESS_2] => 
)

internalExecute:
Array
(
    [TYPE_ID] => 1
    [ENTITY_TYPE_ID] => 3
    [ENTITY_ID] => 237609
    [STREET] => ул. Ленина
    [BUILDING] => 111Б
    [POSTAL_CODE] => 
    [COUNTRY] => Россия
    [PROVINCE] => Карачаево-Черкесская Республика
    [REGION] => 
    [CITY] => г. Карачаевск
    [ADDRESS_2] => 
)

internalExecute:
Array
(
    [TYPE_ID] => 1
    [ENTITY_TYPE_ID] => 3
    [ENTITY_ID] => 237609
    [STREET] => ул. Ленина
    [BUILDING] => 111Б
    [POSTAL_CODE] => 
    [COUNTRY] => Россия
    [PROVINCE] => Карачаево-Черкесская Республика
    [REGION] => 
    [CITY] => г. Карачаевск
    [ADDRESS_2] => 
)

internalExecute:
Array
(
    [TYPE_ID] => 4
    [ENTITY_TYPE_ID] => 3
    [ENTITY_ID] => 237610
    [STREET] => 
    [BUILDING] => 
    [POSTAL_CODE] => 
    [COUNTRY] => Россия
    [PROVINCE] => 
    [REGION] => 
    [CITY] => 
    [ADDRESS_2] => 
)

internalExecute:
Array
(
    [TYPE_ID] => 4
    [ENTITY_TYPE_ID] => 3
    [ENTITY_ID] => 237610
    [STREET] => 
    [BUILDING] => 
    [POSTAL_CODE] => 
    [COUNTRY] => Россия
    [PROVINCE] => 
    [REGION] => 
    [CITY] => 
    [ADDRESS_2] => 
)

internalExecute:
Array
(
    [TYPE_ID] => 4
    [ENTITY_TYPE_ID] => 3
    [ENTITY_ID] => 237715
    [STREET] => Ленина
    [BUILDING] => 3/4
    [POSTAL_CODE] => 
    [COUNTRY] => Россия
    [PROVINCE] => Респ. Саха Якутия
    [REGION] => у. Верхневилюйский
    [CITY] => с. Верхневилюйск
    [ADDRESS_2] => 12
)

internalExecute:
Array
(
    [TYPE_ID] => 4
    [ENTITY_TYPE_ID] => 3
    [ENTITY_ID] => 237715
    [STREET] => Ленина
    [BUILDING] => 3/4
    [POSTAL_CODE] => 
    [COUNTRY] => Россия
    [PROVINCE] => Респ. Саха Якутия
    [REGION] => у. Верхневилюйский
    [CITY] => с. Верхневилюйск
    [ADDRESS_2] => 12
)

internalExecute:
Array
(
    [TYPE_ID] => 1
    [ENTITY_TYPE_ID] => 3
    [ENTITY_ID] => 237715
    [STREET] => Интернациональная
    [BUILDING] => 3/1
    [POSTAL_CODE] => 
    [COUNTRY] => Россия
    [PROVINCE] => Республика Саха
    [REGION] => у. Верхневилюйский
    [CITY] => с. Верхневилюйск
    [ADDRESS_2] => 3
)

internalExecute:
Array
(
    [TYPE_ID] => 1
    [ENTITY_TYPE_ID] => 3
    [ENTITY_ID] => 237715
    [STREET] => Интернациональная
    [BUILDING] => 3/1
    [POSTAL_CODE] => 
    [COUNTRY] => Россия
    [PROVINCE] => Республика Саха
    [REGION] => у. Верхневилюйский
    [CITY] => с. Верхневилюйск
    [ADDRESS_2] => 3
)

internalExecute:
Array
(
    [TYPE_ID] => 4
    [ENTITY_TYPE_ID] => 3
    [ENTITY_ID] => 237716
    [STREET] => К. Маркса
    [BUILDING] => 78
    [POSTAL_CODE] => 
    [COUNTRY] => Россия
    [PROVINCE] => Респ. Саха Якутия
    [REGION] => у. Верхневилюйский
    [CITY] => с. Андреевский
    [ADDRESS_2] => 
)

internalExecute:
Array
(
    [TYPE_ID] => 4
    [ENTITY_TYPE_ID] => 3
    [ENTITY_ID] => 237716
    [STREET] => К. Маркса
    [BUILDING] => 78
    [POSTAL_CODE] => 
    [COUNTRY] => Россия
    [PROVINCE] => Респ. Саха Якутия
    [REGION] => у. Верхневилюйский
    [CITY] => с. Андреевский
    [ADDRESS_2] => 
)

internalExecute:
Array
(
    [TYPE_ID] => 4
    [ENTITY_TYPE_ID] => 3
    [ENTITY_ID] => 237783
    [STREET] => Восстания
    [BUILDING] => 58
    [POSTAL_CODE] => 620017
    [COUNTRY] => Россия
    [PROVINCE] => Свердловская область
    [REGION] => 
    [CITY] => Екатеринбург
    [ADDRESS_2] => 100
)

internalExecute:
Array
(
    [TYPE_ID] => 4
    [ENTITY_TYPE_ID] => 3
    [ENTITY_ID] => 237783
    [STREET] => Восстания
    [BUILDING] => 58
    [POSTAL_CODE] => 620017
    [COUNTRY] => Россия
    [PROVINCE] => Свердловская область
    [REGION] => 
    [CITY] => Екатеринбург
    [ADDRESS_2] => 100
)

internalExecute:
Array
(
    [TYPE_ID] => 1
    [ENTITY_TYPE_ID] => 3
    [ENTITY_ID] => 237783
    [STREET] => Восстания
    [BUILDING] => 58
    [POSTAL_CODE] => 620017
    [COUNTRY] => Россия
    [PROVINCE] => Свердловская область
    [REGION] => 
    [CITY] => Екатеринбург
    [ADDRESS_2] => 100
)

internalExecute:
Array
(
    [TYPE_ID] => 1
    [ENTITY_TYPE_ID] => 3
    [ENTITY_ID] => 237783
    [STREET] => Восстания
    [BUILDING] => 58
    [POSTAL_CODE] => 620017
    [COUNTRY] => Россия
    [PROVINCE] => Свердловская область
    [REGION] => 
    [CITY] => Екатеринбург
    [ADDRESS_2] => 100
)

internalExecute:
Array
(
    [TYPE_ID] => 4
    [ENTITY_TYPE_ID] => 3
    [ENTITY_ID] => 237784
    [STREET] => Восстания
    [BUILDING] => 58
    [POSTAL_CODE] => 620017
    [COUNTRY] => Россия
    [PROVINCE] => Свердл
    [REGION] => 
    [CITY] => Екатериньург
    [ADDRESS_2] => 100
)

internalExecute:
Array
(
    [TYPE_ID] => 4
    [ENTITY_TYPE_ID] => 3
    [ENTITY_ID] => 237784
    [STREET] => Восстания
    [BUILDING] => 58
    [POSTAL_CODE] => 620017
    [COUNTRY] => Россия
    [PROVINCE] => Свердл
    [REGION] => 
    [CITY] => Екатериньург
    [ADDRESS_2] => 100
)

internalExecute:
Array
(
    [TYPE_ID] => 4
    [ENTITY_TYPE_ID] => 3
    [ENTITY_ID] => 237878
    [STREET] => Восстания
    [BUILDING] => 58
    [POSTAL_CODE] => 620017
    [COUNTRY] => Россия
    [PROVINCE] => Свердловская область
    [REGION] => 
    [CITY] => г. Екатеринбург
    [ADDRESS_2] => 100
)

internalExecute:
Array
(
    [TYPE_ID] => 4
    [ENTITY_TYPE_ID] => 3
    [ENTITY_ID] => 237878
    [STREET] => Восстания
    [BUILDING] => 58
    [POSTAL_CODE] => 620017
    [COUNTRY] => Россия
    [PROVINCE] => Свердловская область
    [REGION] => 
    [CITY] => г. Екатеринбург
    [ADDRESS_2] => 100
)

internalExecute:
Array
(
    [TYPE_ID] => 1
    [ENTITY_TYPE_ID] => 3
    [ENTITY_ID] => 237878
    [STREET] => Восстания
    [BUILDING] => 58
    [POSTAL_CODE] => 620017
    [COUNTRY] => Россия
    [PROVINCE] => Свердловская область
    [REGION] => 
    [CITY] => г. Екатеринбург
    [ADDRESS_2] => 100
)

internalExecute:
Array
(
    [TYPE_ID] => 1
    [ENTITY_TYPE_ID] => 3
    [ENTITY_ID] => 237878
    [STREET] => Восстания
    [BUILDING] => 58
    [POSTAL_CODE] => 620017
    [COUNTRY] => Россия
    [PROVINCE] => Свердловская область
    [REGION] => 
    [CITY] => г. Екатеринбург
    [ADDRESS_2] => 100
)

internalExecute:
Array
(
    [TYPE_ID] => 4
    [ENTITY_TYPE_ID] => 3
    [ENTITY_ID] => 237879
    [STREET] => Восстания
    [BUILDING] => 58
    [POSTAL_CODE] => 620017
    [COUNTRY] => Россия
    [PROVINCE] => Свердловская область
    [REGION] => 
    [CITY] => г. Екатеринбург
    [ADDRESS_2] => 100
)

internalExecute:
Array
(
    [TYPE_ID] => 4
    [ENTITY_TYPE_ID] => 3
    [ENTITY_ID] => 237879
    [STREET] => Восстания
    [BUILDING] => 58
    [POSTAL_CODE] => 620017
    [COUNTRY] => Россия
    [PROVINCE] => Свердловская область
    [REGION] => 
    [CITY] => г. Екатеринбург
    [ADDRESS_2] => 100
)

internalExecute:
Array
(
    [TYPE_ID] => 1
    [ENTITY_TYPE_ID] => 3
    [ENTITY_ID] => 237879
    [STREET] => Восстания
    [BUILDING] => 58
    [POSTAL_CODE] => 620017
    [COUNTRY] => Россия
    [PROVINCE] => Свердловская область
    [REGION] => 
    [CITY] => г. Екатеринбург
    [ADDRESS_2] => 100
)

internalExecute:
Array
(
    [TYPE_ID] => 1
    [ENTITY_TYPE_ID] => 3
    [ENTITY_ID] => 237879
    [STREET] => Восстания
    [BUILDING] => 58
    [POSTAL_CODE] => 620017
    [COUNTRY] => Россия
    [PROVINCE] => Свердловская область
    [REGION] => 
    [CITY] => г. Екатеринбург
    [ADDRESS_2] => 100
)

internalExecute:
Array
(
    [TYPE_ID] => 4
    [ENTITY_TYPE_ID] => 3
    [ENTITY_ID] => 238109
    [STREET] => ул Катханова
    [BUILDING] => 142
    [POSTAL_CODE] => 
    [COUNTRY] => Россия
    [PROVINCE] => КБР
    [REGION] => 
    [CITY] => г Нальчик с. Кенже
    [ADDRESS_2] => 
)

internalExecute:
Array
(
    [TYPE_ID] => 4
    [ENTITY_TYPE_ID] => 3
    [ENTITY_ID] => 238109
    [STREET] => ул Катханова
    [BUILDING] => 142
    [POSTAL_CODE] => 
    [COUNTRY] => Россия
    [PROVINCE] => КБР
    [REGION] => 
    [CITY] => г Нальчик с. Кенже
    [ADDRESS_2] => 
)

internalExecute:
Array
(
    [TYPE_ID] => 1
    [ENTITY_TYPE_ID] => 3
    [ENTITY_ID] => 238109
    [STREET] => пер Каскулова
    [BUILDING] => 25
    [POSTAL_CODE] => 
    [COUNTRY] => Россия
    [PROVINCE] => КБР
    [REGION] => Баксанский р-н
    [CITY] => с. Исломей
    [ADDRESS_2] => 
)

internalExecute:
Array
(
    [TYPE_ID] => 1
    [ENTITY_TYPE_ID] => 3
    [ENTITY_ID] => 238109
    [STREET] => пер Каскулова
    [BUILDING] => 25
    [POSTAL_CODE] => 
    [COUNTRY] => Россия
    [PROVINCE] => КБР
    [REGION] => Баксанский р-н
    [CITY] => с. Исломей
    [ADDRESS_2] => 
)

internalExecute:
Array
(
    [TYPE_ID] => 4
    [ENTITY_TYPE_ID] => 3
    [ENTITY_ID] => 238110
    [STREET] => Зиновская
    [BUILDING] => 41
    [POSTAL_CODE] => 
    [COUNTRY] => Россия
    [PROVINCE] => Краснодарский край
    [REGION] => 
    [CITY] => г Краснодар
    [ADDRESS_2] => 230
)

internalExecute:
Array
(
    [TYPE_ID] => 4
    [ENTITY_TYPE_ID] => 3
    [ENTITY_ID] => 238110
    [STREET] => Зиновская
    [BUILDING] => 41
    [POSTAL_CODE] => 
    [COUNTRY] => Россия
    [PROVINCE] => Краснодарский край
    [REGION] => 
    [CITY] => г Краснодар
    [ADDRESS_2] => 230
)

internalExecute:
Array
(
    [TYPE_ID] => 4
    [ENTITY_TYPE_ID] => 3
    [ENTITY_ID] => 238213
    [STREET] => Молодежная
    [BUILDING] => 1
    [POSTAL_CODE] => 
    [COUNTRY] => Россия
    [PROVINCE] => обл. Томская
    [REGION] => р-н Молчановский
    [CITY] => с. Нарга
    [ADDRESS_2] => 3
)

internalExecute:
Array
(
    [TYPE_ID] => 4
    [ENTITY_TYPE_ID] => 3
    [ENTITY_ID] => 238213
    [STREET] => Молодежная
    [BUILDING] => 1
    [POSTAL_CODE] => 
    [COUNTRY] => Россия
    [PROVINCE] => обл. Томская
    [REGION] => р-н Молчановский
    [CITY] => с. Нарга
    [ADDRESS_2] => 3
)

internalExecute:
Array
(
    [TYPE_ID] => 1
    [ENTITY_TYPE_ID] => 3
    [ENTITY_ID] => 238213
    [STREET] => Дизайнеров
    [BUILDING] => 11
    [POSTAL_CODE] => 
    [COUNTRY] => Россия
    [PROVINCE] => Томская обл.
    [REGION] => 
    [CITY] => г. Томск
    [ADDRESS_2] => 108
)

internalExecute:
Array
(
    [TYPE_ID] => 1
    [ENTITY_TYPE_ID] => 3
    [ENTITY_ID] => 238213
    [STREET] => Дизайнеров
    [BUILDING] => 11
    [POSTAL_CODE] => 
    [COUNTRY] => Россия
    [PROVINCE] => Томская обл.
    [REGION] => 
    [CITY] => г. Томск
    [ADDRESS_2] => 108
)

internalExecute:
Array
(
    [TYPE_ID] => 4
    [ENTITY_TYPE_ID] => 3
    [ENTITY_ID] => 238214
    [STREET] => ул. К.Маркса
    [BUILDING] => 17
    [POSTAL_CODE] => 
    [COUNTRY] => Россия
    [PROVINCE] => Томская область
    [REGION] => Молчановский район
    [CITY] => с. Нарга
    [ADDRESS_2] => 
)

internalExecute:
Array
(
    [TYPE_ID] => 4
    [ENTITY_TYPE_ID] => 3
    [ENTITY_ID] => 238214
    [STREET] => ул. К.Маркса
    [BUILDING] => 17
    [POSTAL_CODE] => 
    [COUNTRY] => Россия
    [PROVINCE] => Томская область
    [REGION] => Молчановский район
    [CITY] => с. Нарга
    [ADDRESS_2] => 
)

internalExecute:
Array
(
    [TYPE_ID] => 4
    [ENTITY_TYPE_ID] => 3
    [ENTITY_ID] => 238257
    [STREET] => Тобольская
    [BUILDING] => 2
    [POSTAL_CODE] => 
    [COUNTRY] => Россия
    [PROVINCE] => Кемеровская область - Кузбасс
    [REGION] => 
    [CITY] => г. Белово пгт. Инской
    [ADDRESS_2] => 53
)

internalExecute:
Array
(
    [TYPE_ID] => 4
    [ENTITY_TYPE_ID] => 3
    [ENTITY_ID] => 238257
    [STREET] => Тобольская
    [BUILDING] => 2
    [POSTAL_CODE] => 
    [COUNTRY] => Россия
    [PROVINCE] => Кемеровская область - Кузбасс
    [REGION] => 
    [CITY] => г. Белово пгт. Инской
    [ADDRESS_2] => 53
)

internalExecute:
Array
(
    [TYPE_ID] => 1
    [ENTITY_TYPE_ID] => 3
    [ENTITY_ID] => 238257
    [STREET] => Тобольская
    [BUILDING] => 2
    [POSTAL_CODE] => 
    [COUNTRY] => Россия
    [PROVINCE] => Кемеровская область - Кузбасс
    [REGION] => 
    [CITY] => г. Белово пгт. Инской
    [ADDRESS_2] => 53
)

internalExecute:
Array
(
    [TYPE_ID] => 1
    [ENTITY_TYPE_ID] => 3
    [ENTITY_ID] => 238257
    [STREET] => Тобольская
    [BUILDING] => 2
    [POSTAL_CODE] => 
    [COUNTRY] => Россия
    [PROVINCE] => Кемеровская область - Кузбасс
    [REGION] => 
    [CITY] => г. Белово пгт. Инской
    [ADDRESS_2] => 53
)

internalExecute:
Array
(
    [TYPE_ID] => 4
    [ENTITY_TYPE_ID] => 3
    [ENTITY_ID] => 238258
    [STREET] => ул. Тобольская
    [BUILDING] => 2
    [POSTAL_CODE] => 
    [COUNTRY] => Россия
    [PROVINCE] => Кемеровская область - Кузбасс
    [REGION] => 
    [CITY] => г. Белово, пгт.  Инской
    [ADDRESS_2] => 53
)

internalExecute:
Array
(
    [TYPE_ID] => 4
    [ENTITY_TYPE_ID] => 3
    [ENTITY_ID] => 238258
    [STREET] => ул. Тобольская
    [BUILDING] => 2
    [POSTAL_CODE] => 
    [COUNTRY] => Россия
    [PROVINCE] => Кемеровская область - Кузбасс
    [REGION] => 
    [CITY] => г. Белово, пгт.  Инской
    [ADDRESS_2] => 53
)

internalExecute:
Array
(
    [TYPE_ID] => 1
    [ENTITY_TYPE_ID] => 3
    [ENTITY_ID] => 238258
    [STREET] => ул. Тобольская
    [BUILDING] => 2
    [POSTAL_CODE] => 
    [COUNTRY] => Россия
    [PROVINCE] => Кемеровская область - Кузбасс
    [REGION] => 
    [CITY] => г. Белово, пгт.  Инской
    [ADDRESS_2] => 53
)

internalExecute:
Array
(
    [TYPE_ID] => 1
    [ENTITY_TYPE_ID] => 3
    [ENTITY_ID] => 238258
    [STREET] => ул. Тобольская
    [BUILDING] => 2
    [POSTAL_CODE] => 
    [COUNTRY] => Россия
    [PROVINCE] => Кемеровская область - Кузбасс
    [REGION] => 
    [CITY] => г. Белово, пгт.  Инской
    [ADDRESS_2] => 53
)

internalExecute:
Array
(
    [TYPE_ID] => 4
    [ENTITY_TYPE_ID] => 3
    [ENTITY_ID] => 238259
    [STREET] => Ермака
    [BUILDING] => 21
    [POSTAL_CODE] => 
    [COUNTRY] => Россия
    [PROVINCE] => Кемеровская область - Кузбасс
    [REGION] => 
    [CITY] => г. Белово, пгт Новый Городок
    [ADDRESS_2] => 42
)

internalExecute:
Array
(
    [TYPE_ID] => 4
    [ENTITY_TYPE_ID] => 3
    [ENTITY_ID] => 238259
    [STREET] => Ермака
    [BUILDING] => 21
    [POSTAL_CODE] => 
    [COUNTRY] => Россия
    [PROVINCE] => Кемеровская область - Кузбасс
    [REGION] => 
    [CITY] => г. Белово, пгт Новый Городок
    [ADDRESS_2] => 42
)

internalExecute:
Array
(
    [TYPE_ID] => 1
    [ENTITY_TYPE_ID] => 4
    [ENTITY_ID] => 31111
    [STREET] => Улица:
    [BUILDING] => Номер дома:	
    [POSTAL_CODE] => Индекс
    [COUNTRY] => Страна
    [PROVINCE] => Регион
    [REGION] => Район:
    [CITY] => Город/Населенный пункт:
    [ADDRESS_2] => Квартира, офис, комната, этаж:
)

internalExecute:
Array
(
    [TYPE_ID] => 1
    [ENTITY_TYPE_ID] => 4
    [ENTITY_ID] => 31111
    [STREET] => Улица:
    [BUILDING] => Номер дома:	
    [POSTAL_CODE] => Индекс
    [COUNTRY] => Страна
    [PROVINCE] => Регион
    [REGION] => Район:
    [CITY] => Город/Населенный пункт:
    [ADDRESS_2] => Квартира, офис, комната, этаж:
)

internalExecute:
Array
(
    [TYPE_ID] => 1
    [ENTITY_TYPE_ID] => 4
    [ENTITY_ID] => 31111
    [STREET] => Улица:
    [BUILDING] => Номер дома:	
    [POSTAL_CODE] => Индекс
    [COUNTRY] => Страна
    [PROVINCE] => Регион
    [REGION] => Район:
    [CITY] => Город/Населенный пункт:
    [ADDRESS_2] => Квартира, офис, комната, этаж:
)

internalExecute:
Array
(
    [TYPE_ID] => 1
    [ENTITY_TYPE_ID] => 4
    [ENTITY_ID] => 31111
    [STREET] => Улица:
    [BUILDING] => Номер дома:	
    [POSTAL_CODE] => Индекс
    [COUNTRY] => Страна
    [PROVINCE] => Регион
    [REGION] => Район:
    [CITY] => Город/Населенный пункт:
    [ADDRESS_2] => Квартира, офис, комната, этаж:
)

internalExecute:
Array
(
    [TYPE_ID] => 1
    [ENTITY_TYPE_ID] => 4
    [ENTITY_ID] => 31111
    [STREET] => Улица:
    [BUILDING] => Номер дома:	
    [POSTAL_CODE] => Индекс
    [COUNTRY] => Страна
    [PROVINCE] => Регион
    [REGION] => Район:
    [CITY] => Город/Населенный пункт:
    [ADDRESS_2] => Квартира, офис, комната, этаж:
)

internalExecute:
Array
(
    [TYPE_ID] => 1
    [ENTITY_TYPE_ID] => 4
    [ENTITY_ID] => 31111
    [STREET] => Улица:
    [BUILDING] => Номер дома:	
    [POSTAL_CODE] => Индекс
    [COUNTRY] => Страна
    [PROVINCE] => Регион
    [REGION] => Район:
    [CITY] => Город/Населенный пункт:
    [ADDRESS_2] => Квартира, офис, комната, этаж:
)

internalExecute:
Array
(
    [TYPE_ID] => 1
    [ENTITY_TYPE_ID] => 4
    [ENTITY_ID] => 31111
    [STREET] => Улица:
    [BUILDING] => Номер дома:	
    [POSTAL_CODE] => Индекс
    [COUNTRY] => Страна
    [PROVINCE] => Регион
    [REGION] => Район:
    [CITY] => Город/Населенный пункт:
    [ADDRESS_2] => Квартира, офис, комната, этаж:
)

internalExecute:
Array
(
    [TYPE_ID] => 1
    [ENTITY_TYPE_ID] => 4
    [ENTITY_ID] => 31111
    [STREET] => Улица:
    [BUILDING] => Номер дома:	
    [POSTAL_CODE] => Индекс
    [COUNTRY] => Страна
    [PROVINCE] => Регион
    [REGION] => Район:
    [CITY] => Город/Населенный пункт:
    [ADDRESS_2] => Квартира, офис, комната, этаж:
)

internalExecute:
Array
(
    [TYPE_ID] => 6
    [ENTITY_TYPE_ID] => 4
    [ENTITY_ID] => 31111
    [STREET] => 
    [BUILDING] => 
    [POSTAL_CODE] => 
    [COUNTRY] => 
    [PROVINCE] => 
    [REGION] => 
    [CITY] => 
    [ADDRESS_2] => 
)

internalExecute:
Array
(
    [TYPE_ID] => 6
    [ENTITY_TYPE_ID] => 4
    [ENTITY_ID] => 31111
    [STREET] => 
    [BUILDING] => 
    [POSTAL_CODE] => 
    [COUNTRY] => 
    [PROVINCE] => 
    [REGION] => 
    [CITY] => 
    [ADDRESS_2] => 
)

internalExecute:
Array
(
    [TYPE_ID] => 4
    [ENTITY_TYPE_ID] => 4
    [ENTITY_ID] => 31111
    [STREET] => 
    [BUILDING] => 
    [POSTAL_CODE] => 
    [COUNTRY] => 
    [PROVINCE] => 
    [REGION] => 
    [CITY] => 
    [ADDRESS_2] => 
)

internalExecute:
Array
(
    [TYPE_ID] => 4
    [ENTITY_TYPE_ID] => 4
    [ENTITY_ID] => 31111
    [STREET] => 
    [BUILDING] => 
    [POSTAL_CODE] => 
    [COUNTRY] => 
    [PROVINCE] => 
    [REGION] => 
    [CITY] => 
    [ADDRESS_2] => 
)

internalExecute:
Array
(
    [TYPE_ID] => 1
    [ENTITY_TYPE_ID] => 4
    [ENTITY_ID] => 31111
    [STREET] => Улица:
    [BUILDING] => Номер дома:	
    [POSTAL_CODE] => Индекс
    [COUNTRY] => Страна
    [PROVINCE] => Регион
    [REGION] => Район:
    [CITY] => Город/Населенный пункт:
    [ADDRESS_2] => Квартира, офис, комната, этаж:
)

internalExecute:
Array
(
    [TYPE_ID] => 1
    [ENTITY_TYPE_ID] => 4
    [ENTITY_ID] => 31111
    [STREET] => Улица:
    [BUILDING] => Номер дома:	
    [POSTAL_CODE] => Индекс
    [COUNTRY] => Страна
    [PROVINCE] => Регион
    [REGION] => Район:
    [CITY] => Город/Населенный пункт:
    [ADDRESS_2] => Квартира, офис, комната, этаж:
)

internalExecute:
Array
(
    [TYPE_ID] => 6
    [ENTITY_TYPE_ID] => 4
    [ENTITY_ID] => 31111
    [STREET] => 
    [BUILDING] => 
    [POSTAL_CODE] => 
    [COUNTRY] => 
    [PROVINCE] => 
    [REGION] => 
    [CITY] => 
    [ADDRESS_2] => 
)

internalExecute:
Array
(
    [TYPE_ID] => 6
    [ENTITY_TYPE_ID] => 4
    [ENTITY_ID] => 31111
    [STREET] => 
    [BUILDING] => 
    [POSTAL_CODE] => 
    [COUNTRY] => 
    [PROVINCE] => 
    [REGION] => 
    [CITY] => 
    [ADDRESS_2] => 
)

internalExecute:
Array
(
    [TYPE_ID] => 4
    [ENTITY_TYPE_ID] => 4
    [ENTITY_ID] => 31111
    [STREET] => 
    [BUILDING] => 
    [POSTAL_CODE] => 
    [COUNTRY] => 
    [PROVINCE] => 
    [REGION] => 
    [CITY] => 
    [ADDRESS_2] => 
)

internalExecute:
Array
(
    [TYPE_ID] => 4
    [ENTITY_TYPE_ID] => 4
    [ENTITY_ID] => 31111
    [STREET] => 
    [BUILDING] => 
    [POSTAL_CODE] => 
    [COUNTRY] => 
    [PROVINCE] => 
    [REGION] => 
    [CITY] => 
    [ADDRESS_2] => 
)

internalExecute:
Array
(
    [TYPE_ID] => 1
    [ENTITY_TYPE_ID] => 4
    [ENTITY_ID] => 31111
    [STREET] => Улица:
    [BUILDING] => Номер дома:	
    [POSTAL_CODE] => Индекс
    [COUNTRY] => Страна
    [PROVINCE] => Регион
    [REGION] => Район:
    [CITY] => Город/Населенный пункт:
    [ADDRESS_2] => Квартира, офис, комната, этаж:
)

internalExecute:
Array
(
    [TYPE_ID] => 1
    [ENTITY_TYPE_ID] => 4
    [ENTITY_ID] => 31111
    [STREET] => Улица:
    [BUILDING] => Номер дома:	
    [POSTAL_CODE] => Индекс
    [COUNTRY] => Страна
    [PROVINCE] => Регион
    [REGION] => Район:
    [CITY] => Город/Населенный пункт:
    [ADDRESS_2] => Квартира, офис, комната, этаж:
)

internalExecute:
Array
(
    [TYPE_ID] => 6
    [ENTITY_TYPE_ID] => 4
    [ENTITY_ID] => 31111
    [STREET] => 
    [BUILDING] => 
    [POSTAL_CODE] => 
    [COUNTRY] => 
    [PROVINCE] => 
    [REGION] => 
    [CITY] => 
    [ADDRESS_2] => 
)

internalExecute:
Array
(
    [TYPE_ID] => 6
    [ENTITY_TYPE_ID] => 4
    [ENTITY_ID] => 31111
    [STREET] => 
    [BUILDING] => 
    [POSTAL_CODE] => 
    [COUNTRY] => 
    [PROVINCE] => 
    [REGION] => 
    [CITY] => 
    [ADDRESS_2] => 
)

internalExecute:
Array
(
    [TYPE_ID] => 4
    [ENTITY_TYPE_ID] => 4
    [ENTITY_ID] => 31111
    [STREET] => 
    [BUILDING] => 
    [POSTAL_CODE] => 
    [COUNTRY] => 
    [PROVINCE] => 
    [REGION] => 
    [CITY] => 
    [ADDRESS_2] => 
)

internalExecute:
Array
(
    [TYPE_ID] => 4
    [ENTITY_TYPE_ID] => 4
    [ENTITY_ID] => 31111
    [STREET] => 
    [BUILDING] => 
    [POSTAL_CODE] => 
    [COUNTRY] => 
    [PROVINCE] => 
    [REGION] => 
    [CITY] => 
    [ADDRESS_2] => 
)

internalExecute:
Array
(
    [TYPE_ID] => 1
    [ENTITY_TYPE_ID] => 4
    [ENTITY_ID] => 31111
    [STREET] => Улица:
    [BUILDING] => Номер дома:	
    [POSTAL_CODE] => Индекс
    [COUNTRY] => Страна
    [PROVINCE] => Регион
    [REGION] => Район:
    [CITY] => Город/Населенный пункт:
    [ADDRESS_2] => Квартира, офис, комната, этаж:
)

internalExecute:
Array
(
    [TYPE_ID] => 1
    [ENTITY_TYPE_ID] => 4
    [ENTITY_ID] => 31111
    [STREET] => Улица:
    [BUILDING] => Номер дома:	
    [POSTAL_CODE] => Индекс
    [COUNTRY] => Страна
    [PROVINCE] => Регион
    [REGION] => Район:
    [CITY] => Город/Населенный пункт:
    [ADDRESS_2] => Квартира, офис, комната, этаж:
)

internalExecute:
Array
(
    [TYPE_ID] => 6
    [ENTITY_TYPE_ID] => 4
    [ENTITY_ID] => 31111
    [STREET] => 
    [BUILDING] => 
    [POSTAL_CODE] => 
    [COUNTRY] => 
    [PROVINCE] => 
    [REGION] => 
    [CITY] => 
    [ADDRESS_2] => 
)

internalExecute:
Array
(
    [TYPE_ID] => 6
    [ENTITY_TYPE_ID] => 4
    [ENTITY_ID] => 31111
    [STREET] => 
    [BUILDING] => 
    [POSTAL_CODE] => 
    [COUNTRY] => 
    [PROVINCE] => 
    [REGION] => 
    [CITY] => 
    [ADDRESS_2] => 
)

internalExecute:
Array
(
    [TYPE_ID] => 4
    [ENTITY_TYPE_ID] => 4
    [ENTITY_ID] => 31111
    [STREET] => 
    [BUILDING] => 
    [POSTAL_CODE] => 
    [COUNTRY] => 
    [PROVINCE] => 
    [REGION] => 
    [CITY] => 
    [ADDRESS_2] => 
)

internalExecute:
Array
(
    [TYPE_ID] => 4
    [ENTITY_TYPE_ID] => 4
    [ENTITY_ID] => 31111
    [STREET] => 
    [BUILDING] => 
    [POSTAL_CODE] => 
    [COUNTRY] => 
    [PROVINCE] => 
    [REGION] => 
    [CITY] => 
    [ADDRESS_2] => 
)

internalExecute:
Array
(
    [TYPE_ID] => 1
    [ENTITY_TYPE_ID] => 4
    [ENTITY_ID] => 31111
    [STREET] => Улица:
    [BUILDING] => Номер дома:	
    [POSTAL_CODE] => Индекс
    [COUNTRY] => Страна
    [PROVINCE] => Регион
    [REGION] => Район:
    [CITY] => Город/Населенный пункт:
    [ADDRESS_2] => Квартира, офис, комната, этаж:
)

internalExecute:
Array
(
    [TYPE_ID] => 1
    [ENTITY_TYPE_ID] => 4
    [ENTITY_ID] => 31111
    [STREET] => Улица:
    [BUILDING] => Номер дома:	
    [POSTAL_CODE] => Индекс
    [COUNTRY] => Страна
    [PROVINCE] => Регион
    [REGION] => Район:
    [CITY] => Город/Населенный пункт:
    [ADDRESS_2] => Квартира, офис, комната, этаж:
)

internalExecute:
Array
(
    [TYPE_ID] => 4
    [ENTITY_TYPE_ID] => 3
    [ENTITY_ID] => 238651
    [STREET] => Заречная
    [BUILDING] => 56
    [POSTAL_CODE] => 361115
    [COUNTRY] => Россия
    [PROVINCE] => Кабардино-Балкарская Республика
    [REGION] => Майский
    [CITY] => Майский
    [ADDRESS_2] => 
)

internalExecute:
Array
(
    [TYPE_ID] => 4
    [ENTITY_TYPE_ID] => 3
    [ENTITY_ID] => 238651
    [STREET] => Заречная
    [BUILDING] => 56
    [POSTAL_CODE] => 361115
    [COUNTRY] => Россия
    [PROVINCE] => Кабардино-Балкарская Республика
    [REGION] => Майский
    [CITY] => Майский
    [ADDRESS_2] => 
)

internalExecute:
Array
(
    [TYPE_ID] => 1
    [ENTITY_TYPE_ID] => 3
    [ENTITY_ID] => 238651
    [STREET] => Школьная
    [BUILDING] => 41
    [POSTAL_CODE] => 361115
    [COUNTRY] => Россия
    [PROVINCE] => Кабардино-Балкарская Республика
    [REGION] => Майский
    [CITY] => Майский
    [ADDRESS_2] => 
)

internalExecute:
Array
(
    [TYPE_ID] => 1
    [ENTITY_TYPE_ID] => 3
    [ENTITY_ID] => 238651
    [STREET] => Школьная
    [BUILDING] => 41
    [POSTAL_CODE] => 361115
    [COUNTRY] => Россия
    [PROVINCE] => Кабардино-Балкарская Республика
    [REGION] => Майский
    [CITY] => Майский
    [ADDRESS_2] => 
)

internalExecute:
Array
(
    [TYPE_ID] => 4
    [ENTITY_TYPE_ID] => 3
    [ENTITY_ID] => 238981
    [STREET] => ул. Ленина
    [BUILDING] => 23А
    [POSTAL_CODE] => 
    [COUNTRY] => Россия
    [PROVINCE] => Карачаево-Черкесская Республика
    [REGION] => 
    [CITY] => г. Карачаевск
    [ADDRESS_2] => 59
)

internalExecute:
Array
(
    [TYPE_ID] => 4
    [ENTITY_TYPE_ID] => 3
    [ENTITY_ID] => 238981
    [STREET] => ул. Ленина
    [BUILDING] => 23А
    [POSTAL_CODE] => 
    [COUNTRY] => Россия
    [PROVINCE] => Карачаево-Черкесская Республика
    [REGION] => 
    [CITY] => г. Карачаевск
    [ADDRESS_2] => 59
)

internalExecute:
Array
(
    [TYPE_ID] => 1
    [ENTITY_TYPE_ID] => 3
    [ENTITY_ID] => 238981
    [STREET] => ул. Ленина
    [BUILDING] => 23А
    [POSTAL_CODE] => 
    [COUNTRY] => Россия
    [PROVINCE] => Карачаево-Черкесская Республика
    [REGION] => 
    [CITY] => г. Карачаевск
    [ADDRESS_2] => 59
)

internalExecute:
Array
(
    [TYPE_ID] => 1
    [ENTITY_TYPE_ID] => 3
    [ENTITY_ID] => 238981
    [STREET] => ул. Ленина
    [BUILDING] => 23А
    [POSTAL_CODE] => 
    [COUNTRY] => Россия
    [PROVINCE] => Карачаево-Черкесская Республика
    [REGION] => 
    [CITY] => г. Карачаевск
    [ADDRESS_2] => 59
)

internalExecute:
Array
(
    [TYPE_ID] => 4
    [ENTITY_TYPE_ID] => 3
    [ENTITY_ID] => 238982
    [STREET] => 
    [BUILDING] => 
    [POSTAL_CODE] => 
    [COUNTRY] => Россия
    [PROVINCE] => 
    [REGION] => 
    [CITY] => 
    [ADDRESS_2] => 
)

internalExecute:
Array
(
    [TYPE_ID] => 4
    [ENTITY_TYPE_ID] => 3
    [ENTITY_ID] => 238982
    [STREET] => 
    [BUILDING] => 
    [POSTAL_CODE] => 
    [COUNTRY] => Россия
    [PROVINCE] => 
    [REGION] => 
    [CITY] => 
    [ADDRESS_2] => 
)

internalExecute:
Array
(
    [TYPE_ID] => 4
    [ENTITY_TYPE_ID] => 3
    [ENTITY_ID] => 239040
    [STREET] => ул. Толбухина
    [BUILDING] => 32
    [POSTAL_CODE] => 
    [COUNTRY] => Россия
    [PROVINCE] => Кемеровская область
    [REGION] => 
    [CITY] => гор. Ленинске-Кузнецком
    [ADDRESS_2] => 10
)

internalExecute:
Array
(
    [TYPE_ID] => 4
    [ENTITY_TYPE_ID] => 3
    [ENTITY_ID] => 239040
    [STREET] => ул. Толбухина
    [BUILDING] => 32
    [POSTAL_CODE] => 
    [COUNTRY] => Россия
    [PROVINCE] => Кемеровская область
    [REGION] => 
    [CITY] => гор. Ленинске-Кузнецком
    [ADDRESS_2] => 10
)

internalExecute:
Array
(
    [TYPE_ID] => 1
    [ENTITY_TYPE_ID] => 3
    [ENTITY_ID] => 239040
    [STREET] => ул. Толбухина
    [BUILDING] => 32
    [POSTAL_CODE] => 
    [COUNTRY] => Россия
    [PROVINCE] => Кемеровская область
    [REGION] => 
    [CITY] => гор. Ленинске-Кузнецком
    [ADDRESS_2] => 10
)

internalExecute:
Array
(
    [TYPE_ID] => 1
    [ENTITY_TYPE_ID] => 3
    [ENTITY_ID] => 239040
    [STREET] => ул. Толбухина
    [BUILDING] => 32
    [POSTAL_CODE] => 
    [COUNTRY] => Россия
    [PROVINCE] => Кемеровская область
    [REGION] => 
    [CITY] => гор. Ленинске-Кузнецком
    [ADDRESS_2] => 10
)

internalExecute:
Array
(
    [TYPE_ID] => 4
    [ENTITY_TYPE_ID] => 3
    [ENTITY_ID] => 239041
    [STREET] => ул. Толбухина
    [BUILDING] => 28а
    [POSTAL_CODE] => 
    [COUNTRY] => Россия
    [PROVINCE] => Кемеровская область
    [REGION] => 
    [CITY] => г. Ленинск-Кузнцеский
    [ADDRESS_2] => 5
)

internalExecute:
Array
(
    [TYPE_ID] => 4
    [ENTITY_TYPE_ID] => 3
    [ENTITY_ID] => 239041
    [STREET] => ул. Толбухина
    [BUILDING] => 28а
    [POSTAL_CODE] => 
    [COUNTRY] => Россия
    [PROVINCE] => Кемеровская область
    [REGION] => 
    [CITY] => г. Ленинск-Кузнцеский
    [ADDRESS_2] => 5
)

internalExecute:
Array
(
    [TYPE_ID] => 4
    [ENTITY_TYPE_ID] => 3
    [ENTITY_ID] => 239042
    [STREET] => ул. Толбухина
    [BUILDING] => 28А
    [POSTAL_CODE] => 
    [COUNTRY] => Россия
    [PROVINCE] => Кемеровская область
    [REGION] => 
    [CITY] => г. Ленинск-Кузнецкий
    [ADDRESS_2] => 5
)

internalExecute:
Array
(
    [TYPE_ID] => 4
    [ENTITY_TYPE_ID] => 3
    [ENTITY_ID] => 239042
    [STREET] => ул. Толбухина
    [BUILDING] => 28А
    [POSTAL_CODE] => 
    [COUNTRY] => Россия
    [PROVINCE] => Кемеровская область
    [REGION] => 
    [CITY] => г. Ленинск-Кузнецкий
    [ADDRESS_2] => 5
)

internalExecute:
Array
(
    [TYPE_ID] => 4
    [ENTITY_TYPE_ID] => 3
    [ENTITY_ID] => 239079
    [STREET] => ул. Пушкина
    [BUILDING] => 9
    [POSTAL_CODE] => 
    [COUNTRY] => Россия
    [PROVINCE] => Карачаево-Черкесская Республика
    [REGION] => 
    [CITY] => г. Карачаевск
    [ADDRESS_2] => 
)

internalExecute:
Array
(
    [TYPE_ID] => 4
    [ENTITY_TYPE_ID] => 3
    [ENTITY_ID] => 239079
    [STREET] => ул. Пушкина
    [BUILDING] => 9
    [POSTAL_CODE] => 
    [COUNTRY] => Россия
    [PROVINCE] => Карачаево-Черкесская Республика
    [REGION] => 
    [CITY] => г. Карачаевск
    [ADDRESS_2] => 
)

internalExecute:
Array
(
    [TYPE_ID] => 1
    [ENTITY_TYPE_ID] => 3
    [ENTITY_ID] => 239079
    [STREET] => ул. Пушкина
    [BUILDING] => 9
    [POSTAL_CODE] => 
    [COUNTRY] => Россия
    [PROVINCE] => Карачаево-Черкесская Республика
    [REGION] => 
    [CITY] => г. Карачаевск
    [ADDRESS_2] => 
)

internalExecute:
Array
(
    [TYPE_ID] => 1
    [ENTITY_TYPE_ID] => 3
    [ENTITY_ID] => 239079
    [STREET] => ул. Пушкина
    [BUILDING] => 9
    [POSTAL_CODE] => 
    [COUNTRY] => Россия
    [PROVINCE] => Карачаево-Черкесская Республика
    [REGION] => 
    [CITY] => г. Карачаевск
    [ADDRESS_2] => 
)

internalExecute:
Array
(
    [TYPE_ID] => 4
    [ENTITY_TYPE_ID] => 3
    [ENTITY_ID] => 239080
    [STREET] => ул. Первомайская
    [BUILDING] => дом № 112
    [POSTAL_CODE] => 
    [COUNTRY] => Россия
    [PROVINCE] => Карачаево-Черкесская Республика
    [REGION] => 
    [CITY] => город Черкесск
    [ADDRESS_2] => 
)

internalExecute:
Array
(
    [TYPE_ID] => 4
    [ENTITY_TYPE_ID] => 3
    [ENTITY_ID] => 239080
    [STREET] => ул. Первомайская
    [BUILDING] => дом № 112
    [POSTAL_CODE] => 
    [COUNTRY] => Россия
    [PROVINCE] => Карачаево-Черкесская Республика
    [REGION] => 
    [CITY] => город Черкесск
    [ADDRESS_2] => 
)

internalExecute:
Array
(
    [TYPE_ID] => 4
    [ENTITY_TYPE_ID] => 3
    [ENTITY_ID] => 239118
    [STREET] => ул. М.Абдуразакова
    [BUILDING] => 10
    [POSTAL_CODE] => 
    [COUNTRY] => Россия
    [PROVINCE] => Респ. Дагестан
    [REGION] => р-н Каякентский
    [CITY] => с. Каякент
    [ADDRESS_2] => 
)

internalExecute:
Array
(
    [TYPE_ID] => 4
    [ENTITY_TYPE_ID] => 3
    [ENTITY_ID] => 239118
    [STREET] => ул. М.Абдуразакова
    [BUILDING] => 10
    [POSTAL_CODE] => 
    [COUNTRY] => Россия
    [PROVINCE] => Респ. Дагестан
    [REGION] => р-н Каякентский
    [CITY] => с. Каякент
    [ADDRESS_2] => 
)

internalExecute:
Array
(
    [TYPE_ID] => 1
    [ENTITY_TYPE_ID] => 3
    [ENTITY_ID] => 239118
    [STREET] => ул. М.Абдуразакова
    [BUILDING] => 10
    [POSTAL_CODE] => 
    [COUNTRY] => Россия
    [PROVINCE] => Респ. Дагестан
    [REGION] => р-н Каякентский
    [CITY] => с. Каякент
    [ADDRESS_2] => 
)

internalExecute:
Array
(
    [TYPE_ID] => 1
    [ENTITY_TYPE_ID] => 3
    [ENTITY_ID] => 239118
    [STREET] => ул. М.Абдуразакова
    [BUILDING] => 10
    [POSTAL_CODE] => 
    [COUNTRY] => Россия
    [PROVINCE] => Респ. Дагестан
    [REGION] => р-н Каякентский
    [CITY] => с. Каякент
    [ADDRESS_2] => 
)

internalExecute:
Array
(
    [TYPE_ID] => 4
    [ENTITY_TYPE_ID] => 3
    [ENTITY_ID] => 239119
    [STREET] => ул. М.Абдуразакова
    [BUILDING] => 6
    [POSTAL_CODE] => 
    [COUNTRY] => Россия
    [PROVINCE] => Респ. Дагестан
    [REGION] => р-н Каякентский
    [CITY] => с. Каякент
    [ADDRESS_2] => 
)

internalExecute:
Array
(
    [TYPE_ID] => 4
    [ENTITY_TYPE_ID] => 3
    [ENTITY_ID] => 239119
    [STREET] => ул. М.Абдуразакова
    [BUILDING] => 6
    [POSTAL_CODE] => 
    [COUNTRY] => Россия
    [PROVINCE] => Респ. Дагестан
    [REGION] => р-н Каякентский
    [CITY] => с. Каякент
    [ADDRESS_2] => 
)

internalExecute:
Array
(
    [TYPE_ID] => 1
    [ENTITY_TYPE_ID] => 3
    [ENTITY_ID] => 239119
    [STREET] => ул. М.Абдуразакова
    [BUILDING] => 6
    [POSTAL_CODE] => 
    [COUNTRY] => Россия
    [PROVINCE] => Респ. Дагестан
    [REGION] => р-н Каякентский
    [CITY] => с. Каякент
    [ADDRESS_2] => 
)

internalExecute:
Array
(
    [TYPE_ID] => 1
    [ENTITY_TYPE_ID] => 3
    [ENTITY_ID] => 239119
    [STREET] => ул. М.Абдуразакова
    [BUILDING] => 6
    [POSTAL_CODE] => 
    [COUNTRY] => Россия
    [PROVINCE] => Респ. Дагестан
    [REGION] => р-н Каякентский
    [CITY] => с. Каякент
    [ADDRESS_2] => 
)

internalExecute:
Array
(
    [TYPE_ID] => 4
    [ENTITY_TYPE_ID] => 3
    [ENTITY_ID] => 239120
    [STREET] => с/т Родник 1 лин
    [BUILDING] => 18б
    [POSTAL_CODE] => 
    [COUNTRY] => Россия
    [PROVINCE] => Респ. Дагестан
    [REGION] => 
    [CITY] => г. Махачкала
    [ADDRESS_2] => 
)

internalExecute:
Array
(
    [TYPE_ID] => 4
    [ENTITY_TYPE_ID] => 3
    [ENTITY_ID] => 239120
    [STREET] => с/т Родник 1 лин
    [BUILDING] => 18б
    [POSTAL_CODE] => 
    [COUNTRY] => Россия
    [PROVINCE] => Респ. Дагестан
    [REGION] => 
    [CITY] => г. Махачкала
    [ADDRESS_2] => 
)

internalExecute:
Array
(
    [TYPE_ID] => 1
    [ENTITY_TYPE_ID] => 3
    [ENTITY_ID] => 239120
    [STREET] => с/т Родник 1 лин
    [BUILDING] => 18б
    [POSTAL_CODE] => 
    [COUNTRY] => Россия
    [PROVINCE] => Респ. Дагестан
    [REGION] => 
    [CITY] => г. Махачкала
    [ADDRESS_2] => 
)

internalExecute:
Array
(
    [TYPE_ID] => 1
    [ENTITY_TYPE_ID] => 3
    [ENTITY_ID] => 239120
    [STREET] => с/т Родник 1 лин
    [BUILDING] => 18б
    [POSTAL_CODE] => 
    [COUNTRY] => Россия
    [PROVINCE] => Респ. Дагестан
    [REGION] => 
    [CITY] => г. Махачкала
    [ADDRESS_2] => 
)

internalExecute:
Array
(
    [TYPE_ID] => 4
    [ENTITY_TYPE_ID] => 3
    [ENTITY_ID] => 239127
    [STREET] => Ольховская
    [BUILDING] => 23
    [POSTAL_CODE] => 620141
    [COUNTRY] => Россия
    [PROVINCE] => Свердловская
    [REGION] => Железнодорожный
    [CITY] => Екатеринбург
    [ADDRESS_2] => 10
)

internalExecute:
Array
(
    [TYPE_ID] => 4
    [ENTITY_TYPE_ID] => 3
    [ENTITY_ID] => 239127
    [STREET] => Ольховская
    [BUILDING] => 23
    [POSTAL_CODE] => 620141
    [COUNTRY] => Россия
    [PROVINCE] => Свердловская
    [REGION] => Железнодорожный
    [CITY] => Екатеринбург
    [ADDRESS_2] => 10
)

internalExecute:
Array
(
    [TYPE_ID] => 1
    [ENTITY_TYPE_ID] => 3
    [ENTITY_ID] => 239127
    [STREET] => Начдива-Васильева
    [BUILDING] => 7к2
    [POSTAL_CODE] => 620133
    [COUNTRY] => Россия
    [PROVINCE] => Свердловская
    [REGION] => Верх-Исетский
    [CITY] => Екатеринбург
    [ADDRESS_2] => 88
)

internalExecute:
Array
(
    [TYPE_ID] => 1
    [ENTITY_TYPE_ID] => 3
    [ENTITY_ID] => 239127
    [STREET] => Начдива-Васильева
    [BUILDING] => 7к2
    [POSTAL_CODE] => 620133
    [COUNTRY] => Россия
    [PROVINCE] => Свердловская
    [REGION] => Верх-Исетский
    [CITY] => Екатеринбург
    [ADDRESS_2] => 88
)

internalExecute:
Array
(
    [TYPE_ID] => 4
    [ENTITY_TYPE_ID] => 3
    [ENTITY_ID] => 239137
    [STREET] => ул. Лебедева
    [BUILDING] => 9
    [POSTAL_CODE] => 
    [COUNTRY] => Россия
    [PROVINCE] => Кемеровская область-Кузбасс
    [REGION] => 
    [CITY] => г. Ленинск-Кузнецкий
    [ADDRESS_2] => 
)

internalExecute:
Array
(
    [TYPE_ID] => 4
    [ENTITY_TYPE_ID] => 3
    [ENTITY_ID] => 239137
    [STREET] => ул. Лебедева
    [BUILDING] => 9
    [POSTAL_CODE] => 
    [COUNTRY] => Россия
    [PROVINCE] => Кемеровская область-Кузбасс
    [REGION] => 
    [CITY] => г. Ленинск-Кузнецкий
    [ADDRESS_2] => 
)

internalExecute:
Array
(
    [TYPE_ID] => 1
    [ENTITY_TYPE_ID] => 3
    [ENTITY_ID] => 239137
    [STREET] => ул. Лебедева
    [BUILDING] => 9
    [POSTAL_CODE] => 
    [COUNTRY] => Россия
    [PROVINCE] => Кемеровская область-Кузбасс
    [REGION] => 
    [CITY] => г. Ленинск-Кузнецкий
    [ADDRESS_2] => 
)

internalExecute:
Array
(
    [TYPE_ID] => 1
    [ENTITY_TYPE_ID] => 3
    [ENTITY_ID] => 239137
    [STREET] => ул. Лебедева
    [BUILDING] => 9
    [POSTAL_CODE] => 
    [COUNTRY] => Россия
    [PROVINCE] => Кемеровская область-Кузбасс
    [REGION] => 
    [CITY] => г. Ленинск-Кузнецкий
    [ADDRESS_2] => 
)

internalExecute:
Array
(
    [TYPE_ID] => 4
    [ENTITY_TYPE_ID] => 3
    [ENTITY_ID] => 239138
    [STREET] => ул. Цветочная
    [BUILDING] => 45
    [POSTAL_CODE] => 
    [COUNTRY] => Россия
    [PROVINCE] => Кемеровская область-Кузбасс
    [REGION] => 
    [CITY] => г. Полысаево
    [ADDRESS_2] => 
)

internalExecute:
Array
(
    [TYPE_ID] => 4
    [ENTITY_TYPE_ID] => 3
    [ENTITY_ID] => 239138
    [STREET] => ул. Цветочная
    [BUILDING] => 45
    [POSTAL_CODE] => 
    [COUNTRY] => Россия
    [PROVINCE] => Кемеровская область-Кузбасс
    [REGION] => 
    [CITY] => г. Полысаево
    [ADDRESS_2] => 
)

internalExecute:
Array
(
    [TYPE_ID] => 1
    [ENTITY_TYPE_ID] => 4
    [ENTITY_ID] => 30992
    [STREET] => Серебряная ул
    [BUILDING] => 23
    [POSTAL_CODE] => 
    [COUNTRY] => 
    [PROVINCE] => Тверская обл
    [REGION] => 
    [CITY] => Тверь г
    [ADDRESS_2] => 
)

internalExecute:
Array
(
    [TYPE_ID] => 1
    [ENTITY_TYPE_ID] => 4
    [ENTITY_ID] => 30992
    [STREET] => Серебряная ул
    [BUILDING] => 23
    [POSTAL_CODE] => 
    [COUNTRY] => 
    [PROVINCE] => Тверская обл
    [REGION] => 
    [CITY] => Тверь г
    [ADDRESS_2] => 
)

internalExecute:
Array
(
    [TYPE_ID] => 1
    [ENTITY_TYPE_ID] => 4
    [ENTITY_ID] => 47483
    [STREET] => 8 марта
    [BUILDING] => 
    [POSTAL_CODE] => 
    [COUNTRY] => 
    [PROVINCE] => Свердловская обл
    [REGION] => 
    [CITY] => Екатеринбург г
    [ADDRESS_2] => 
)

internalExecute:
Array
(
    [TYPE_ID] => 1
    [ENTITY_TYPE_ID] => 4
    [ENTITY_ID] => 47483
    [STREET] => 8 марта
    [BUILDING] => 
    [POSTAL_CODE] => 
    [COUNTRY] => 
    [PROVINCE] => Свердловская обл
    [REGION] => 
    [CITY] => Екатеринбург г
    [ADDRESS_2] => 
)

internalExecute:
Array
(
    [TYPE_ID] => 4
    [ENTITY_TYPE_ID] => 3
    [ENTITY_ID] => 239275
    [STREET] => Механизаторов
    [BUILDING] => 2
    [POSTAL_CODE] => 
    [COUNTRY] => Россия
    [PROVINCE] => Респ. Крым
    [REGION] => р-н Джанкойский
    [CITY] => с. Овощное
    [ADDRESS_2] => 
)

internalExecute:
Array
(
    [TYPE_ID] => 4
    [ENTITY_TYPE_ID] => 3
    [ENTITY_ID] => 239275
    [STREET] => Механизаторов
    [BUILDING] => 2
    [POSTAL_CODE] => 
    [COUNTRY] => Россия
    [PROVINCE] => Респ. Крым
    [REGION] => р-н Джанкойский
    [CITY] => с. Овощное
    [ADDRESS_2] => 
)

internalExecute:
Array
(
    [TYPE_ID] => 1
    [ENTITY_TYPE_ID] => 3
    [ENTITY_ID] => 239275
    [STREET] => Ульянова
    [BUILDING] => 16
    [POSTAL_CODE] => 
    [COUNTRY] => Россия
    [PROVINCE] => Республика Крым
    [REGION] => Джанской ский район
    [CITY] => с. Изумрудное
    [ADDRESS_2] => 8
)

internalExecute:
Array
(
    [TYPE_ID] => 1
    [ENTITY_TYPE_ID] => 3
    [ENTITY_ID] => 239275
    [STREET] => Ульянова
    [BUILDING] => 16
    [POSTAL_CODE] => 
    [COUNTRY] => Россия
    [PROVINCE] => Республика Крым
    [REGION] => Джанской ский район
    [CITY] => с. Изумрудное
    [ADDRESS_2] => 8
)

internalExecute:
Array
(
    [TYPE_ID] => 4
    [ENTITY_TYPE_ID] => 3
    [ENTITY_ID] => 239277
    [STREET] => Набережная
    [BUILDING] => 9
    [POSTAL_CODE] => 
    [COUNTRY] => Россия
    [PROVINCE] => Республика Коми
    [REGION] => г. Сосногорск
    [CITY] => пос. Корки
    [ADDRESS_2] => 
)

internalExecute:
Array
(
    [TYPE_ID] => 4
    [ENTITY_TYPE_ID] => 3
    [ENTITY_ID] => 239277
    [STREET] => Набережная
    [BUILDING] => 9
    [POSTAL_CODE] => 
    [COUNTRY] => Россия
    [PROVINCE] => Республика Коми
    [REGION] => г. Сосногорск
    [CITY] => пос. Корки
    [ADDRESS_2] => 
)

internalExecute:
Array
(
    [TYPE_ID] => 4
    [ENTITY_TYPE_ID] => 3
    [ENTITY_ID] => 239851
    [STREET] => пер.Щитовой 
    [BUILDING] => 26
    [POSTAL_CODE] => 
    [COUNTRY] => Россия
    [PROVINCE] => Кемеровская область -Кузбасс
    [REGION] => г.Ленинск-Кузнецкий 
    [CITY] => п.Никитинский
    [ADDRESS_2] => 
)

internalExecute:
Array
(
    [TYPE_ID] => 4
    [ENTITY_TYPE_ID] => 3
    [ENTITY_ID] => 239851
    [STREET] => пер.Щитовой 
    [BUILDING] => 26
    [POSTAL_CODE] => 
    [COUNTRY] => Россия
    [PROVINCE] => Кемеровская область -Кузбасс
    [REGION] => г.Ленинск-Кузнецкий 
    [CITY] => п.Никитинский
    [ADDRESS_2] => 
)

internalExecute:
Array
(
    [TYPE_ID] => 1
    [ENTITY_TYPE_ID] => 3
    [ENTITY_ID] => 239851
    [STREET] => пер.Щитовой 
    [BUILDING] => 26
    [POSTAL_CODE] => 
    [COUNTRY] => Россия
    [PROVINCE] => Кемеровская область -Кузбасс
    [REGION] => г.Ленинск-Кузнецкий 
    [CITY] => п.Никитинский
    [ADDRESS_2] => 
)

internalExecute:
Array
(
    [TYPE_ID] => 1
    [ENTITY_TYPE_ID] => 3
    [ENTITY_ID] => 239851
    [STREET] => пер.Щитовой 
    [BUILDING] => 26
    [POSTAL_CODE] => 
    [COUNTRY] => Россия
    [PROVINCE] => Кемеровская область -Кузбасс
    [REGION] => г.Ленинск-Кузнецкий 
    [CITY] => п.Никитинский
    [ADDRESS_2] => 
)

internalExecute:
Array
(
    [TYPE_ID] => 4
    [ENTITY_TYPE_ID] => 3
    [ENTITY_ID] => 239852
    [STREET] => пр-кт Ленина
    [BUILDING] => 82 а
    [POSTAL_CODE] => 
    [COUNTRY] => Россия
    [PROVINCE] => кемеровская обл.
    [REGION] => Центральный
    [CITY] => г.Кемерово
    [ADDRESS_2] => 7
)

internalExecute:
Array
(
    [TYPE_ID] => 4
    [ENTITY_TYPE_ID] => 3
    [ENTITY_ID] => 239852
    [STREET] => пр-кт Ленина
    [BUILDING] => 82 а
    [POSTAL_CODE] => 
    [COUNTRY] => Россия
    [PROVINCE] => кемеровская обл.
    [REGION] => Центральный
    [CITY] => г.Кемерово
    [ADDRESS_2] => 7
)

internalExecute:
Array
(
    [TYPE_ID] => 4
    [ENTITY_TYPE_ID] => 3
    [ENTITY_ID] => 239863
    [STREET] => Победы 
    [BUILDING] => 3
    [POSTAL_CODE] => 
    [COUNTRY] => Россия
    [PROVINCE] => обл.Кемеровская область-Кузбасс 
    [REGION] => 
    [CITY] => г.Полысаево
    [ADDRESS_2] => 3
)

internalExecute:
Array
(
    [TYPE_ID] => 4
    [ENTITY_TYPE_ID] => 3
    [ENTITY_ID] => 239863
    [STREET] => Победы 
    [BUILDING] => 3
    [POSTAL_CODE] => 
    [COUNTRY] => Россия
    [PROVINCE] => обл.Кемеровская область-Кузбасс 
    [REGION] => 
    [CITY] => г.Полысаево
    [ADDRESS_2] => 3
)

internalExecute:
Array
(
    [TYPE_ID] => 1
    [ENTITY_TYPE_ID] => 3
    [ENTITY_ID] => 239863
    [STREET] => Победы 
    [BUILDING] => 3
    [POSTAL_CODE] => 
    [COUNTRY] => Россия
    [PROVINCE] => обл.Кемеровская область-Кузбасс 
    [REGION] => 
    [CITY] => г.Полысаево
    [ADDRESS_2] => 3
)

internalExecute:
Array
(
    [TYPE_ID] => 1
    [ENTITY_TYPE_ID] => 3
    [ENTITY_ID] => 239863
    [STREET] => Победы 
    [BUILDING] => 3
    [POSTAL_CODE] => 
    [COUNTRY] => Россия
    [PROVINCE] => обл.Кемеровская область-Кузбасс 
    [REGION] => 
    [CITY] => г.Полысаево
    [ADDRESS_2] => 3
)

internalExecute:
Array
(
    [TYPE_ID] => 4
    [ENTITY_TYPE_ID] => 3
    [ENTITY_ID] => 239864
    [STREET] => Сибиряков-Гвардейцев
    [BUILDING] => 44/4
    [POSTAL_CODE] => 
    [COUNTRY] => Россия
    [PROVINCE] => Новосибирская обл.
    [REGION] => Кировский 
    [CITY] => Новосибирск
    [ADDRESS_2] => 15
)

internalExecute:
Array
(
    [TYPE_ID] => 4
    [ENTITY_TYPE_ID] => 3
    [ENTITY_ID] => 239864
    [STREET] => Сибиряков-Гвардейцев
    [BUILDING] => 44/4
    [POSTAL_CODE] => 
    [COUNTRY] => Россия
    [PROVINCE] => Новосибирская обл.
    [REGION] => Кировский 
    [CITY] => Новосибирск
    [ADDRESS_2] => 15
)

internalExecute:
Array
(
    [TYPE_ID] => 4
    [ENTITY_TYPE_ID] => 3
    [ENTITY_ID] => 240013
    [STREET] => Станционная
    [BUILDING] => 44
    [POSTAL_CODE] => 652685
    [COUNTRY] => Россия
    [PROVINCE] => Кемеровская область, Кузбасс
    [REGION] => Беловский 
    [CITY] => п. Щебзавод
    [ADDRESS_2] => 
)

internalExecute:
Array
(
    [TYPE_ID] => 4
    [ENTITY_TYPE_ID] => 3
    [ENTITY_ID] => 240013
    [STREET] => Станционная
    [BUILDING] => 44
    [POSTAL_CODE] => 652685
    [COUNTRY] => Россия
    [PROVINCE] => Кемеровская область, Кузбасс
    [REGION] => Беловский 
    [CITY] => п. Щебзавод
    [ADDRESS_2] => 
)

internalExecute:
Array
(
    [TYPE_ID] => 1
    [ENTITY_TYPE_ID] => 3
    [ENTITY_ID] => 240013
    [STREET] => Станционная
    [BUILDING] => 44
    [POSTAL_CODE] => 652685
    [COUNTRY] => Россия
    [PROVINCE] => Кемеровская область, Кузбасс
    [REGION] => Беловский 
    [CITY] => п. Щебзавод
    [ADDRESS_2] => 
)

internalExecute:
Array
(
    [TYPE_ID] => 1
    [ENTITY_TYPE_ID] => 3
    [ENTITY_ID] => 240013
    [STREET] => Станционная
    [BUILDING] => 44
    [POSTAL_CODE] => 652685
    [COUNTRY] => Россия
    [PROVINCE] => Кемеровская область, Кузбасс
    [REGION] => Беловский 
    [CITY] => п. Щебзавод
    [ADDRESS_2] => 
)

internalExecute:
Array
(
    [TYPE_ID] => 4
    [ENTITY_TYPE_ID] => 3
    [ENTITY_ID] => 240014
    [STREET] => Загорная
    [BUILDING] => 6
    [POSTAL_CODE] => 652685
    [COUNTRY] => Россия
    [PROVINCE] => Кемеровская область
    [REGION] => Беловский
    [CITY] => пос. Старобачаты
    [ADDRESS_2] => 
)

internalExecute:
Array
(
    [TYPE_ID] => 4
    [ENTITY_TYPE_ID] => 3
    [ENTITY_ID] => 240014
    [STREET] => Загорная
    [BUILDING] => 6
    [POSTAL_CODE] => 652685
    [COUNTRY] => Россия
    [PROVINCE] => Кемеровская область
    [REGION] => Беловский
    [CITY] => пос. Старобачаты
    [ADDRESS_2] => 
)

internalExecute:
Array
(
    [TYPE_ID] => 4
    [ENTITY_TYPE_ID] => 3
    [ENTITY_ID] => 240032
    [STREET] => Ольховская
    [BUILDING] => 23
    [POSTAL_CODE] => 620141
    [COUNTRY] => Россия
    [PROVINCE] => Свердловская
    [REGION] => Железнодорожный
    [CITY] => Екатеринбург
    [ADDRESS_2] => 10
)

internalExecute:
Array
(
    [TYPE_ID] => 4
    [ENTITY_TYPE_ID] => 3
    [ENTITY_ID] => 240032
    [STREET] => Ольховская
    [BUILDING] => 23
    [POSTAL_CODE] => 620141
    [COUNTRY] => Россия
    [PROVINCE] => Свердловская
    [REGION] => Железнодорожный
    [CITY] => Екатеринбург
    [ADDRESS_2] => 10
)

internalExecute:
Array
(
    [TYPE_ID] => 1
    [ENTITY_TYPE_ID] => 3
    [ENTITY_ID] => 240032
    [STREET] => Ольховская
    [BUILDING] => 23
    [POSTAL_CODE] => 620141
    [COUNTRY] => Россия
    [PROVINCE] => Свердловская
    [REGION] => Железнодорожный
    [CITY] => Екатеринбург
    [ADDRESS_2] => 10
)

internalExecute:
Array
(
    [TYPE_ID] => 1
    [ENTITY_TYPE_ID] => 3
    [ENTITY_ID] => 240032
    [STREET] => Ольховская
    [BUILDING] => 23
    [POSTAL_CODE] => 620141
    [COUNTRY] => Россия
    [PROVINCE] => Свердловская
    [REGION] => Железнодорожный
    [CITY] => Екатеринбург
    [ADDRESS_2] => 10
)

internalExecute:
Array
(
    [TYPE_ID] => 4
    [ENTITY_TYPE_ID] => 3
    [ENTITY_ID] => 240033
    [STREET] => Ольховская ул
    [BUILDING] => д 25 корпус 2
    [POSTAL_CODE] => 620141
    [COUNTRY] => Россия
    [PROVINCE] => Свердловская обл
    [REGION] => 
    [CITY] => г Екатеринбург
    [ADDRESS_2] => 
)

internalExecute:
Array
(
    [TYPE_ID] => 4
    [ENTITY_TYPE_ID] => 3
    [ENTITY_ID] => 240033
    [STREET] => Ольховская ул
    [BUILDING] => д 25 корпус 2
    [POSTAL_CODE] => 620141
    [COUNTRY] => Россия
    [PROVINCE] => Свердловская обл
    [REGION] => 
    [CITY] => г Екатеринбург
    [ADDRESS_2] => 
)

internalExecute:
Array
(
    [TYPE_ID] => 4
    [ENTITY_TYPE_ID] => 3
    [ENTITY_ID] => 240034
    [STREET] => Ольховская ул
    [BUILDING] => д 23
    [POSTAL_CODE] => 620141
    [COUNTRY] => Россия
    [PROVINCE] => Свердловская обл
    [REGION] => Железнодорожный
    [CITY] => г Екатеринбург
    [ADDRESS_2] => 
)

internalExecute:
Array
(
    [TYPE_ID] => 4
    [ENTITY_TYPE_ID] => 3
    [ENTITY_ID] => 240034
    [STREET] => Ольховская ул
    [BUILDING] => д 23
    [POSTAL_CODE] => 620141
    [COUNTRY] => Россия
    [PROVINCE] => Свердловская обл
    [REGION] => Железнодорожный
    [CITY] => г Екатеринбург
    [ADDRESS_2] => 
)

internalExecute:
Array
(
    [TYPE_ID] => 1
    [ENTITY_TYPE_ID] => 3
    [ENTITY_ID] => 240034
    [STREET] => Ольховская ул
    [BUILDING] => д 23
    [POSTAL_CODE] => 620141
    [COUNTRY] => Россия
    [PROVINCE] => Свердловская обл
    [REGION] => Железнодорожный
    [CITY] => г Екатеринбург
    [ADDRESS_2] => 
)

internalExecute:
Array
(
    [TYPE_ID] => 1
    [ENTITY_TYPE_ID] => 3
    [ENTITY_ID] => 240034
    [STREET] => Ольховская ул
    [BUILDING] => д 23
    [POSTAL_CODE] => 620141
    [COUNTRY] => Россия
    [PROVINCE] => Свердловская обл
    [REGION] => Железнодорожный
    [CITY] => г Екатеринбург
    [ADDRESS_2] => 
)

internalExecute:
Array
(
    [TYPE_ID] => 4
    [ENTITY_TYPE_ID] => 3
    [ENTITY_ID] => 240035
    [STREET] => Ольгинская ул
    [BUILDING] => д 23
    [POSTAL_CODE] => 620024
    [COUNTRY] => Россия
    [PROVINCE] => Свердловская обл
    [REGION] => 
    [CITY] => г Екатеринбург
    [ADDRESS_2] => 
)

internalExecute:
Array
(
    [TYPE_ID] => 4
    [ENTITY_TYPE_ID] => 3
    [ENTITY_ID] => 240035
    [STREET] => Ольгинская ул
    [BUILDING] => д 23
    [POSTAL_CODE] => 620024
    [COUNTRY] => Россия
    [PROVINCE] => Свердловская обл
    [REGION] => 
    [CITY] => г Екатеринбург
    [ADDRESS_2] => 
)

internalExecute:
Array
(
    [TYPE_ID] => 1
    [ENTITY_TYPE_ID] => 3
    [ENTITY_ID] => 240035
    [STREET] => Ольгинская ул
    [BUILDING] => д 23
    [POSTAL_CODE] => 620024
    [COUNTRY] => Россия
    [PROVINCE] => Свердловская обл
    [REGION] => 
    [CITY] => г Екатеринбург
    [ADDRESS_2] => 
)

internalExecute:
Array
(
    [TYPE_ID] => 1
    [ENTITY_TYPE_ID] => 3
    [ENTITY_ID] => 240035
    [STREET] => Ольгинская ул
    [BUILDING] => д 23
    [POSTAL_CODE] => 620024
    [COUNTRY] => Россия
    [PROVINCE] => Свердловская обл
    [REGION] => 
    [CITY] => г Екатеринбург
    [ADDRESS_2] => 
)

internalExecute:
Array
(
    [TYPE_ID] => 4
    [ENTITY_TYPE_ID] => 3
    [ENTITY_ID] => 240036
    [STREET] => Начдива Васильева ул
    [BUILDING] => 7
    [POSTAL_CODE] => 620043
    [COUNTRY] => Россия
    [PROVINCE] => Свердловская обл
    [REGION] => 
    [CITY] => г Екатеринбург
    [ADDRESS_2] => 
)

internalExecute:
Array
(
    [TYPE_ID] => 4
    [ENTITY_TYPE_ID] => 3
    [ENTITY_ID] => 240036
    [STREET] => Начдива Васильева ул
    [BUILDING] => 7
    [POSTAL_CODE] => 620043
    [COUNTRY] => Россия
    [PROVINCE] => Свердловская обл
    [REGION] => 
    [CITY] => г Екатеринбург
    [ADDRESS_2] => 
)

internalExecute:
Array
(
    [TYPE_ID] => 4
    [ENTITY_TYPE_ID] => 3
    [ENTITY_ID] => 240184
    [STREET] => М. Даудова
    [BUILDING] => 102
    [POSTAL_CODE] => 
    [COUNTRY] => Россия
    [PROVINCE] => Чеченская Республика
    [REGION] => Курчалоевский
    [CITY] => с. Гелдаган
    [ADDRESS_2] => 
)

internalExecute:
Array
(
    [TYPE_ID] => 4
    [ENTITY_TYPE_ID] => 3
    [ENTITY_ID] => 240184
    [STREET] => М. Даудова
    [BUILDING] => 102
    [POSTAL_CODE] => 
    [COUNTRY] => Россия
    [PROVINCE] => Чеченская Республика
    [REGION] => Курчалоевский
    [CITY] => с. Гелдаган
    [ADDRESS_2] => 
)

internalExecute:
Array
(
    [TYPE_ID] => 1
    [ENTITY_TYPE_ID] => 3
    [ENTITY_ID] => 240184
    [STREET] => М. Даудова
    [BUILDING] => 102
    [POSTAL_CODE] => 
    [COUNTRY] => Россия
    [PROVINCE] => Чеченская Республика
    [REGION] => Курчалоевский
    [CITY] => с. Гелдаган
    [ADDRESS_2] => 
)

internalExecute:
Array
(
    [TYPE_ID] => 1
    [ENTITY_TYPE_ID] => 3
    [ENTITY_ID] => 240184
    [STREET] => М. Даудова
    [BUILDING] => 102
    [POSTAL_CODE] => 
    [COUNTRY] => Россия
    [PROVINCE] => Чеченская Республика
    [REGION] => Курчалоевский
    [CITY] => с. Гелдаган
    [ADDRESS_2] => 
)

internalExecute:
Array
(
    [TYPE_ID] => 4
    [ENTITY_TYPE_ID] => 3
    [ENTITY_ID] => 240185
    [STREET] => 
    [BUILDING] => 
    [POSTAL_CODE] => 
    [COUNTRY] => Россия
    [PROVINCE] => 
    [REGION] => 
    [CITY] => 
    [ADDRESS_2] => 
)

internalExecute:
Array
(
    [TYPE_ID] => 4
    [ENTITY_TYPE_ID] => 3
    [ENTITY_ID] => 240185
    [STREET] => 
    [BUILDING] => 
    [POSTAL_CODE] => 
    [COUNTRY] => Россия
    [PROVINCE] => 
    [REGION] => 
    [CITY] => 
    [ADDRESS_2] => 
)

internalExecute:
Array
(
    [TYPE_ID] => 4
    [ENTITY_TYPE_ID] => 3
    [ENTITY_ID] => 240322
    [STREET] => Ленина 84
    [BUILDING] => 84
    [POSTAL_CODE] => 361011
    [COUNTRY] => Россия
    [PROVINCE] => КАБАРДИНО-БАЛКАРСКОЙ РЕСПУБЛИКА
    [REGION] => Прохладненский
    [CITY] => с. Пролетарское 
    [ADDRESS_2] => 
)

internalExecute:
Array
(
    [TYPE_ID] => 4
    [ENTITY_TYPE_ID] => 3
    [ENTITY_ID] => 240322
    [STREET] => Ленина 84
    [BUILDING] => 84
    [POSTAL_CODE] => 361011
    [COUNTRY] => Россия
    [PROVINCE] => КАБАРДИНО-БАЛКАРСКОЙ РЕСПУБЛИКА
    [REGION] => Прохладненский
    [CITY] => с. Пролетарское 
    [ADDRESS_2] => 
)

internalExecute:
Array
(
    [TYPE_ID] => 1
    [ENTITY_TYPE_ID] => 3
    [ENTITY_ID] => 240322
    [STREET] => Ленина 84
    [BUILDING] => 84
    [POSTAL_CODE] => 361011
    [COUNTRY] => Россия
    [PROVINCE] => КАБАРДИНО-БАЛКАРСКОЙ РЕСПУБЛИКА
    [REGION] => Прохладненский
    [CITY] => с. Пролетарское 
    [ADDRESS_2] => 
)

internalExecute:
Array
(
    [TYPE_ID] => 1
    [ENTITY_TYPE_ID] => 3
    [ENTITY_ID] => 240322
    [STREET] => Ленина 84
    [BUILDING] => 84
    [POSTAL_CODE] => 361011
    [COUNTRY] => Россия
    [PROVINCE] => КАБАРДИНО-БАЛКАРСКОЙ РЕСПУБЛИКА
    [REGION] => Прохладненский
    [CITY] => с. Пролетарское 
    [ADDRESS_2] => 
)

internalExecute:
Array
(
    [TYPE_ID] => 4
    [ENTITY_TYPE_ID] => 3
    [ENTITY_ID] => 240323
    [STREET] => Ленина
    [BUILDING] => 84
    [POSTAL_CODE] => 361011
    [COUNTRY] => Россия
    [PROVINCE] => Кабардино-Балкарская Республика
    [REGION] => Прохладненский
    [CITY] => с. Пролетарское
    [ADDRESS_2] => 
)

internalExecute:
Array
(
    [TYPE_ID] => 4
    [ENTITY_TYPE_ID] => 3
    [ENTITY_ID] => 240323
    [STREET] => Ленина
    [BUILDING] => 84
    [POSTAL_CODE] => 361011
    [COUNTRY] => Россия
    [PROVINCE] => Кабардино-Балкарская Республика
    [REGION] => Прохладненский
    [CITY] => с. Пролетарское
    [ADDRESS_2] => 
)

internalExecute:
Array
(
    [TYPE_ID] => 4
    [ENTITY_TYPE_ID] => 3
    [ENTITY_ID] => 240400
    [STREET] => Ольховская ул
    [BUILDING] => д 23
    [POSTAL_CODE] => 620141
    [COUNTRY] => Россия
    [PROVINCE] => Свердловская обл
    [REGION] => 
    [CITY] => г Екатеринбург
    [ADDRESS_2] => 
)

internalExecute:
Array
(
    [TYPE_ID] => 4
    [ENTITY_TYPE_ID] => 3
    [ENTITY_ID] => 240400
    [STREET] => Ольховская ул
    [BUILDING] => д 23
    [POSTAL_CODE] => 620141
    [COUNTRY] => Россия
    [PROVINCE] => Свердловская обл
    [REGION] => 
    [CITY] => г Екатеринбург
    [ADDRESS_2] => 
)

internalExecute:
Array
(
    [TYPE_ID] => 1
    [ENTITY_TYPE_ID] => 3
    [ENTITY_ID] => 240400
    [STREET] => Ольховская ул
    [BUILDING] => д 23
    [POSTAL_CODE] => 620141
    [COUNTRY] => Россия
    [PROVINCE] => Свердловская обл
    [REGION] => 
    [CITY] => г Екатеринбург
    [ADDRESS_2] => 
)

internalExecute:
Array
(
    [TYPE_ID] => 1
    [ENTITY_TYPE_ID] => 3
    [ENTITY_ID] => 240400
    [STREET] => Ольховская ул
    [BUILDING] => д 23
    [POSTAL_CODE] => 620141
    [COUNTRY] => Россия
    [PROVINCE] => Свердловская обл
    [REGION] => 
    [CITY] => г Екатеринбург
    [ADDRESS_2] => 
)

internalExecute:
Array
(
    [TYPE_ID] => 4
    [ENTITY_TYPE_ID] => 3
    [ENTITY_ID] => 240401
    [STREET] => Ольховская ул
    [BUILDING] => д 23
    [POSTAL_CODE] => 620141
    [COUNTRY] => Россия
    [PROVINCE] => Свердловская обл
    [REGION] => 
    [CITY] => г Екатеринбург
    [ADDRESS_2] => 
)

internalExecute:
Array
(
    [TYPE_ID] => 4
    [ENTITY_TYPE_ID] => 3
    [ENTITY_ID] => 240401
    [STREET] => Ольховская ул
    [BUILDING] => д 23
    [POSTAL_CODE] => 620141
    [COUNTRY] => Россия
    [PROVINCE] => Свердловская обл
    [REGION] => 
    [CITY] => г Екатеринбург
    [ADDRESS_2] => 
)

internalExecute:
Array
(
    [TYPE_ID] => 4
    [ENTITY_TYPE_ID] => 3
    [ENTITY_ID] => 240428
    [STREET] => Пржевальского
    [BUILDING] => 11
    [POSTAL_CODE] => 652645
    [COUNTRY] => Россия
    [PROVINCE] => Кемеровская область
    [REGION] => Белово
    [CITY] => пгт Новый Городок
    [ADDRESS_2] => 14
)

internalExecute:
Array
(
    [TYPE_ID] => 4
    [ENTITY_TYPE_ID] => 3
    [ENTITY_ID] => 240428
    [STREET] => Пржевальского
    [BUILDING] => 11
    [POSTAL_CODE] => 652645
    [COUNTRY] => Россия
    [PROVINCE] => Кемеровская область
    [REGION] => Белово
    [CITY] => пгт Новый Городок
    [ADDRESS_2] => 14
)

internalExecute:
Array
(
    [TYPE_ID] => 1
    [ENTITY_TYPE_ID] => 3
    [ENTITY_ID] => 240428
    [STREET] => Пржевальского
    [BUILDING] => 11
    [POSTAL_CODE] => 652645
    [COUNTRY] => Россия
    [PROVINCE] => Кемеровская область
    [REGION] => Белово
    [CITY] => пгт Новый Городок
    [ADDRESS_2] => 14
)

internalExecute:
Array
(
    [TYPE_ID] => 1
    [ENTITY_TYPE_ID] => 3
    [ENTITY_ID] => 240428
    [STREET] => Пржевальского
    [BUILDING] => 11
    [POSTAL_CODE] => 652645
    [COUNTRY] => Россия
    [PROVINCE] => Кемеровская область
    [REGION] => Белово
    [CITY] => пгт Новый Городок
    [ADDRESS_2] => 14
)

internalExecute:
Array
(
    [TYPE_ID] => 4
    [ENTITY_TYPE_ID] => 3
    [ENTITY_ID] => 240429
    [STREET] => Набережная
    [BUILDING] => 10
    [POSTAL_CODE] => 652652
    [COUNTRY] => Россия
    [PROVINCE] => Кемеровская область
    [REGION] => Беловский
    [CITY] => с. Челухоево
    [ADDRESS_2] => 
)

internalExecute:
Array
(
    [TYPE_ID] => 4
    [ENTITY_TYPE_ID] => 3
    [ENTITY_ID] => 240429
    [STREET] => Набережная
    [BUILDING] => 10
    [POSTAL_CODE] => 652652
    [COUNTRY] => Россия
    [PROVINCE] => Кемеровская область
    [REGION] => Беловский
    [CITY] => с. Челухоево
    [ADDRESS_2] => 
)

internalExecute:
Array
(
    [TYPE_ID] => 4
    [ENTITY_TYPE_ID] => 3
    [ENTITY_ID] => 240432
    [STREET] => Ольховская ул
    [BUILDING] => 32
    [POSTAL_CODE] => 620141
    [COUNTRY] => Россия
    [PROVINCE] => Свердловская обл
    [REGION] => 
    [CITY] => г Екатеринбург
    [ADDRESS_2] => 
)

internalExecute:
Array
(
    [TYPE_ID] => 4
    [ENTITY_TYPE_ID] => 3
    [ENTITY_ID] => 240432
    [STREET] => Ольховская ул
    [BUILDING] => 32
    [POSTAL_CODE] => 620141
    [COUNTRY] => Россия
    [PROVINCE] => Свердловская обл
    [REGION] => 
    [CITY] => г Екатеринбург
    [ADDRESS_2] => 
)

internalExecute:
Array
(
    [TYPE_ID] => 1
    [ENTITY_TYPE_ID] => 3
    [ENTITY_ID] => 240432
    [STREET] => Ольховская ул
    [BUILDING] => 32
    [POSTAL_CODE] => 620141
    [COUNTRY] => Россия
    [PROVINCE] => Свердловская обл
    [REGION] => 
    [CITY] => г Екатеринбург
    [ADDRESS_2] => 
)

internalExecute:
Array
(
    [TYPE_ID] => 1
    [ENTITY_TYPE_ID] => 3
    [ENTITY_ID] => 240432
    [STREET] => Ольховская ул
    [BUILDING] => 32
    [POSTAL_CODE] => 620141
    [COUNTRY] => Россия
    [PROVINCE] => Свердловская обл
    [REGION] => 
    [CITY] => г Екатеринбург
    [ADDRESS_2] => 
)

internalExecute:
Array
(
    [TYPE_ID] => 4
    [ENTITY_TYPE_ID] => 3
    [ENTITY_ID] => 240433
    [STREET] => Ольховская ул
    [BUILDING] => 32
    [POSTAL_CODE] => 620141
    [COUNTRY] => Россия
    [PROVINCE] => Свердловская обл
    [REGION] => 
    [CITY] => г Екатеринбург
    [ADDRESS_2] => 
)

internalExecute:
Array
(
    [TYPE_ID] => 4
    [ENTITY_TYPE_ID] => 3
    [ENTITY_ID] => 240433
    [STREET] => Ольховская ул
    [BUILDING] => 32
    [POSTAL_CODE] => 620141
    [COUNTRY] => Россия
    [PROVINCE] => Свердловская обл
    [REGION] => 
    [CITY] => г Екатеринбург
    [ADDRESS_2] => 
)

internalExecute:
Array
(
    [TYPE_ID] => 4
    [ENTITY_TYPE_ID] => 3
    [ENTITY_ID] => 240438
    [STREET] => Ольховская ул
    [BUILDING] => 32
    [POSTAL_CODE] => 620141
    [COUNTRY] => Россия
    [PROVINCE] => Свердловская обл
    [REGION] => 
    [CITY] => г Екатеринбург
    [ADDRESS_2] => 
)

internalExecute:
Array
(
    [TYPE_ID] => 4
    [ENTITY_TYPE_ID] => 3
    [ENTITY_ID] => 240438
    [STREET] => Ольховская ул
    [BUILDING] => 32
    [POSTAL_CODE] => 620141
    [COUNTRY] => Россия
    [PROVINCE] => Свердловская обл
    [REGION] => 
    [CITY] => г Екатеринбург
    [ADDRESS_2] => 
)

internalExecute:
Array
(
    [TYPE_ID] => 1
    [ENTITY_TYPE_ID] => 3
    [ENTITY_ID] => 240438
    [STREET] => Ольховская ул
    [BUILDING] => 32
    [POSTAL_CODE] => 620141
    [COUNTRY] => Россия
    [PROVINCE] => Свердловская обл
    [REGION] => 
    [CITY] => г Екатеринбург
    [ADDRESS_2] => 
)

internalExecute:
Array
(
    [TYPE_ID] => 1
    [ENTITY_TYPE_ID] => 3
    [ENTITY_ID] => 240438
    [STREET] => Ольховская ул
    [BUILDING] => 32
    [POSTAL_CODE] => 620141
    [COUNTRY] => Россия
    [PROVINCE] => Свердловская обл
    [REGION] => 
    [CITY] => г Екатеринбург
    [ADDRESS_2] => 
)

internalExecute:
Array
(
    [TYPE_ID] => 4
    [ENTITY_TYPE_ID] => 3
    [ENTITY_ID] => 240439
    [STREET] => Ольховская ул
    [BUILDING] => 32
    [POSTAL_CODE] => 620141
    [COUNTRY] => Россия
    [PROVINCE] => Свердловская обл
    [REGION] => 
    [CITY] => г Екатеринбург
    [ADDRESS_2] => 
)

internalExecute:
Array
(
    [TYPE_ID] => 4
    [ENTITY_TYPE_ID] => 3
    [ENTITY_ID] => 240439
    [STREET] => Ольховская ул
    [BUILDING] => 32
    [POSTAL_CODE] => 620141
    [COUNTRY] => Россия
    [PROVINCE] => Свердловская обл
    [REGION] => 
    [CITY] => г Екатеринбург
    [ADDRESS_2] => 
)

internalExecute:
Array
(
    [TYPE_ID] => 4
    [ENTITY_TYPE_ID] => 3
    [ENTITY_ID] => 240440
    [STREET] => Ольховская ул
    [BUILDING] => 32
    [POSTAL_CODE] => 620141
    [COUNTRY] => Россия
    [PROVINCE] => Свердловская обл
    [REGION] => 
    [CITY] => г Екатеринбург
    [ADDRESS_2] => 
)

internalExecute:
Array
(
    [TYPE_ID] => 4
    [ENTITY_TYPE_ID] => 3
    [ENTITY_ID] => 240440
    [STREET] => Ольховская ул
    [BUILDING] => 32
    [POSTAL_CODE] => 620141
    [COUNTRY] => Россия
    [PROVINCE] => Свердловская обл
    [REGION] => 
    [CITY] => г Екатеринбург
    [ADDRESS_2] => 
)

internalExecute:
Array
(
    [TYPE_ID] => 1
    [ENTITY_TYPE_ID] => 3
    [ENTITY_ID] => 240440
    [STREET] => Ольховская ул
    [BUILDING] => 32
    [POSTAL_CODE] => 620141
    [COUNTRY] => Россия
    [PROVINCE] => Свердловская обл
    [REGION] => 
    [CITY] => г Екатеринбург
    [ADDRESS_2] => 
)

internalExecute:
Array
(
    [TYPE_ID] => 1
    [ENTITY_TYPE_ID] => 3
    [ENTITY_ID] => 240440
    [STREET] => Ольховская ул
    [BUILDING] => 32
    [POSTAL_CODE] => 620141
    [COUNTRY] => Россия
    [PROVINCE] => Свердловская обл
    [REGION] => 
    [CITY] => г Екатеринбург
    [ADDRESS_2] => 
)

internalExecute:
Array
(
    [TYPE_ID] => 4
    [ENTITY_TYPE_ID] => 3
    [ENTITY_ID] => 240441
    [STREET] => Ольховская ул
    [BUILDING] => 32
    [POSTAL_CODE] => 620141
    [COUNTRY] => Россия
    [PROVINCE] => Свердловская обл
    [REGION] => 
    [CITY] => г Екатеринбург
    [ADDRESS_2] => 
)

internalExecute:
Array
(
    [TYPE_ID] => 4
    [ENTITY_TYPE_ID] => 3
    [ENTITY_ID] => 240441
    [STREET] => Ольховская ул
    [BUILDING] => 32
    [POSTAL_CODE] => 620141
    [COUNTRY] => Россия
    [PROVINCE] => Свердловская обл
    [REGION] => 
    [CITY] => г Екатеринбург
    [ADDRESS_2] => 
)

internalExecute:
Array
(
    [TYPE_ID] => 4
    [ENTITY_TYPE_ID] => 3
    [ENTITY_ID] => 240445
    [STREET] => Ольховская ул
    [BUILDING] => 32
    [POSTAL_CODE] => 620141
    [COUNTRY] => Россия
    [PROVINCE] => Свердловская обл
    [REGION] => 
    [CITY] => г Екатеринбург
    [ADDRESS_2] => 
)

internalExecute:
Array
(
    [TYPE_ID] => 4
    [ENTITY_TYPE_ID] => 3
    [ENTITY_ID] => 240445
    [STREET] => Ольховская ул
    [BUILDING] => 32
    [POSTAL_CODE] => 620141
    [COUNTRY] => Россия
    [PROVINCE] => Свердловская обл
    [REGION] => 
    [CITY] => г Екатеринбург
    [ADDRESS_2] => 
)

internalExecute:
Array
(
    [TYPE_ID] => 1
    [ENTITY_TYPE_ID] => 3
    [ENTITY_ID] => 240445
    [STREET] => Ольховская ул
    [BUILDING] => 32
    [POSTAL_CODE] => 620141
    [COUNTRY] => Россия
    [PROVINCE] => Свердловская обл
    [REGION] => 
    [CITY] => г Екатеринбург
    [ADDRESS_2] => 
)

internalExecute:
Array
(
    [TYPE_ID] => 1
    [ENTITY_TYPE_ID] => 3
    [ENTITY_ID] => 240445
    [STREET] => Ольховская ул
    [BUILDING] => 32
    [POSTAL_CODE] => 620141
    [COUNTRY] => Россия
    [PROVINCE] => Свердловская обл
    [REGION] => 
    [CITY] => г Екатеринбург
    [ADDRESS_2] => 
)

internalExecute:
Array
(
    [TYPE_ID] => 4
    [ENTITY_TYPE_ID] => 3
    [ENTITY_ID] => 240446
    [STREET] => Ольховская ул
    [BUILDING] => 32
    [POSTAL_CODE] => 620141
    [COUNTRY] => Россия
    [PROVINCE] => Свердловская обл
    [REGION] => 
    [CITY] => г Екатеринбург
    [ADDRESS_2] => 
)

internalExecute:
Array
(
    [TYPE_ID] => 4
    [ENTITY_TYPE_ID] => 3
    [ENTITY_ID] => 240446
    [STREET] => Ольховская ул
    [BUILDING] => 32
    [POSTAL_CODE] => 620141
    [COUNTRY] => Россия
    [PROVINCE] => Свердловская обл
    [REGION] => 
    [CITY] => г Екатеринбург
    [ADDRESS_2] => 
)

internalExecute:
Array
(
    [TYPE_ID] => 4
    [ENTITY_TYPE_ID] => 3
    [ENTITY_ID] => 240464
    [STREET] => Автомобильная 
    [BUILDING] => 14 А
    [POSTAL_CODE] => 652616
    [COUNTRY] => Россия
    [PROVINCE] => Кемеровской область
    [REGION] => 
    [CITY] => Белово
    [ADDRESS_2] => 
)

internalExecute:
Array
(
    [TYPE_ID] => 4
    [ENTITY_TYPE_ID] => 3
    [ENTITY_ID] => 240464
    [STREET] => Автомобильная 
    [BUILDING] => 14 А
    [POSTAL_CODE] => 652616
    [COUNTRY] => Россия
    [PROVINCE] => Кемеровской область
    [REGION] => 
    [CITY] => Белово
    [ADDRESS_2] => 
)

internalExecute:
Array
(
    [TYPE_ID] => 1
    [ENTITY_TYPE_ID] => 3
    [ENTITY_ID] => 240464
    [STREET] => Автомобильная 
    [BUILDING] => 14 А
    [POSTAL_CODE] => 652616
    [COUNTRY] => Россия
    [PROVINCE] => Кемеровской область
    [REGION] => 
    [CITY] => Белово
    [ADDRESS_2] => 
)

internalExecute:
Array
(
    [TYPE_ID] => 1
    [ENTITY_TYPE_ID] => 3
    [ENTITY_ID] => 240464
    [STREET] => Автомобильная 
    [BUILDING] => 14 А
    [POSTAL_CODE] => 652616
    [COUNTRY] => Россия
    [PROVINCE] => Кемеровской область
    [REGION] => 
    [CITY] => Белово
    [ADDRESS_2] => 
)

internalExecute:
Array
(
    [TYPE_ID] => 4
    [ENTITY_TYPE_ID] => 3
    [ENTITY_ID] => 240465
    [STREET] => Сусанина
    [BUILDING] => 72
    [POSTAL_CODE] => 652616
    [COUNTRY] => Россия
    [PROVINCE] => Кемеровская область
    [REGION] => 
    [CITY] => Белово
    [ADDRESS_2] => 
)

internalExecute:
Array
(
    [TYPE_ID] => 4
    [ENTITY_TYPE_ID] => 3
    [ENTITY_ID] => 240465
    [STREET] => Сусанина
    [BUILDING] => 72
    [POSTAL_CODE] => 652616
    [COUNTRY] => Россия
    [PROVINCE] => Кемеровская область
    [REGION] => 
    [CITY] => Белово
    [ADDRESS_2] => 
)

internalExecute:
Array
(
    [TYPE_ID] => 4
    [ENTITY_TYPE_ID] => 3
    [ENTITY_ID] => 240606
    [STREET] => Степная ул
    [BUILDING] => д 16
    [POSTAL_CODE] => 361711
    [COUNTRY] => Россия
    [PROVINCE] => Кабардино-Балкарская Респ
    [REGION] => 
    [CITY] => с Малка
    [ADDRESS_2] => 
)

internalExecute:
Array
(
    [TYPE_ID] => 4
    [ENTITY_TYPE_ID] => 3
    [ENTITY_ID] => 240606
    [STREET] => Степная ул
    [BUILDING] => д 16
    [POSTAL_CODE] => 361711
    [COUNTRY] => Россия
    [PROVINCE] => Кабардино-Балкарская Респ
    [REGION] => 
    [CITY] => с Малка
    [ADDRESS_2] => 
)

internalExecute:
Array
(
    [TYPE_ID] => 1
    [ENTITY_TYPE_ID] => 3
    [ENTITY_ID] => 240606
    [STREET] => Степная ул
    [BUILDING] => д 16
    [POSTAL_CODE] => 361711
    [COUNTRY] => Россия
    [PROVINCE] => Кабардино-Балкарская Респ
    [REGION] => 
    [CITY] => с Малка
    [ADDRESS_2] => 
)

internalExecute:
Array
(
    [TYPE_ID] => 1
    [ENTITY_TYPE_ID] => 3
    [ENTITY_ID] => 240606
    [STREET] => Степная ул
    [BUILDING] => д 16
    [POSTAL_CODE] => 361711
    [COUNTRY] => Россия
    [PROVINCE] => Кабардино-Балкарская Респ
    [REGION] => 
    [CITY] => с Малка
    [ADDRESS_2] => 
)

internalExecute:
Array
(
    [TYPE_ID] => 4
    [ENTITY_TYPE_ID] => 3
    [ENTITY_ID] => 240607
    [STREET] => Гатажокова Х. ул
    [BUILDING] => д 29
    [POSTAL_CODE] => 361721
    [COUNTRY] => Россия
    [PROVINCE] => Кабардино-Балкарская Респ
    [REGION] => 
    [CITY] => с Сармаково
    [ADDRESS_2] => 
)

internalExecute:
Array
(
    [TYPE_ID] => 4
    [ENTITY_TYPE_ID] => 3
    [ENTITY_ID] => 240607
    [STREET] => Гатажокова Х. ул
    [BUILDING] => д 29
    [POSTAL_CODE] => 361721
    [COUNTRY] => Россия
    [PROVINCE] => Кабардино-Балкарская Респ
    [REGION] => 
    [CITY] => с Сармаково
    [ADDRESS_2] => 
)

internalExecute:
Array
(
    [TYPE_ID] => 1
    [ENTITY_TYPE_ID] => 3
    [ENTITY_ID] => 240607
    [STREET] => Гатажокова Х. ул
    [BUILDING] => д 29
    [POSTAL_CODE] => 361721
    [COUNTRY] => Россия
    [PROVINCE] => Кабардино-Балкарская Респ
    [REGION] => 
    [CITY] => с Сармаково
    [ADDRESS_2] => 
)

internalExecute:
Array
(
    [TYPE_ID] => 1
    [ENTITY_TYPE_ID] => 3
    [ENTITY_ID] => 240607
    [STREET] => Гатажокова Х. ул
    [BUILDING] => д 29
    [POSTAL_CODE] => 361721
    [COUNTRY] => Россия
    [PROVINCE] => Кабардино-Балкарская Респ
    [REGION] => 
    [CITY] => с Сармаково
    [ADDRESS_2] => 
)

internalExecute:
Array
(
    [TYPE_ID] => 4
    [ENTITY_TYPE_ID] => 3
    [ENTITY_ID] => 240608
    [STREET] => Степная ул
    [BUILDING] => д 16
    [POSTAL_CODE] => 361711
    [COUNTRY] => Россия
    [PROVINCE] => Кабардино-Балкарская Респ
    [REGION] => 
    [CITY] => с Малка
    [ADDRESS_2] => 
)

internalExecute:
Array
(
    [TYPE_ID] => 4
    [ENTITY_TYPE_ID] => 3
    [ENTITY_ID] => 240608
    [STREET] => Степная ул
    [BUILDING] => д 16
    [POSTAL_CODE] => 361711
    [COUNTRY] => Россия
    [PROVINCE] => Кабардино-Балкарская Респ
    [REGION] => 
    [CITY] => с Малка
    [ADDRESS_2] => 
)

internalExecute:
Array
(
    [TYPE_ID] => 1
    [ENTITY_TYPE_ID] => 3
    [ENTITY_ID] => 240608
    [STREET] => Степная ул
    [BUILDING] => д 16
    [POSTAL_CODE] => 361711
    [COUNTRY] => Россия
    [PROVINCE] => Кабардино-Балкарская Респ
    [REGION] => 
    [CITY] => с Малка
    [ADDRESS_2] => 
)

internalExecute:
Array
(
    [TYPE_ID] => 1
    [ENTITY_TYPE_ID] => 3
    [ENTITY_ID] => 240608
    [STREET] => Степная ул
    [BUILDING] => д 16
    [POSTAL_CODE] => 361711
    [COUNTRY] => Россия
    [PROVINCE] => Кабардино-Балкарская Респ
    [REGION] => 
    [CITY] => с Малка
    [ADDRESS_2] => 
)

internalExecute:
Array
(
    [TYPE_ID] => 4
    [ENTITY_TYPE_ID] => 3
    [ENTITY_ID] => 240609
    [STREET] => Ленина ул
    [BUILDING] => д 65
    [POSTAL_CODE] => 361725
    [COUNTRY] => Россия
    [PROVINCE] => Кабардино-Балкарская Респ
    [REGION] => 
    [CITY] => с Псынадаха
    [ADDRESS_2] => 
)

internalExecute:
Array
(
    [TYPE_ID] => 4
    [ENTITY_TYPE_ID] => 3
    [ENTITY_ID] => 240609
    [STREET] => Ленина ул
    [BUILDING] => д 65
    [POSTAL_CODE] => 361725
    [COUNTRY] => Россия
    [PROVINCE] => Кабардино-Балкарская Респ
    [REGION] => 
    [CITY] => с Псынадаха
    [ADDRESS_2] => 
)

internalExecute:
Array
(
    [TYPE_ID] => 1
    [ENTITY_TYPE_ID] => 3
    [ENTITY_ID] => 240609
    [STREET] => Ленина ул
    [BUILDING] => д 65
    [POSTAL_CODE] => 361725
    [COUNTRY] => Россия
    [PROVINCE] => Кабардино-Балкарская Респ
    [REGION] => 
    [CITY] => с Псынадаха
    [ADDRESS_2] => 
)

internalExecute:
Array
(
    [TYPE_ID] => 1
    [ENTITY_TYPE_ID] => 3
    [ENTITY_ID] => 240609
    [STREET] => Ленина ул
    [BUILDING] => д 65
    [POSTAL_CODE] => 361725
    [COUNTRY] => Россия
    [PROVINCE] => Кабардино-Балкарская Респ
    [REGION] => 
    [CITY] => с Псынадаха
    [ADDRESS_2] => 
)

internalExecute:
Array
(
    [TYPE_ID] => 4
    [ENTITY_TYPE_ID] => 3
    [ENTITY_ID] => 240647
    [STREET] => Каландарашвили ул
    [BUILDING] => д 31
    [POSTAL_CODE] => 678200
    [COUNTRY] => Россия
    [PROVINCE] => Саха /Якутия/ Респ
    [REGION] => 
    [CITY] => г Вилюйск
    [ADDRESS_2] => 
)

internalExecute:
Array
(
    [TYPE_ID] => 4
    [ENTITY_TYPE_ID] => 3
    [ENTITY_ID] => 240647
    [STREET] => Каландарашвили ул
    [BUILDING] => д 31
    [POSTAL_CODE] => 678200
    [COUNTRY] => Россия
    [PROVINCE] => Саха /Якутия/ Респ
    [REGION] => 
    [CITY] => г Вилюйск
    [ADDRESS_2] => 
)

internalExecute:
Array
(
    [TYPE_ID] => 1
    [ENTITY_TYPE_ID] => 3
    [ENTITY_ID] => 240647
    [STREET] => Каландарашвили ул
    [BUILDING] => д 31
    [POSTAL_CODE] => 678200
    [COUNTRY] => Россия
    [PROVINCE] => Саха /Якутия/ Респ
    [REGION] => 
    [CITY] => г Вилюйск
    [ADDRESS_2] => 
)

internalExecute:
Array
(
    [TYPE_ID] => 1
    [ENTITY_TYPE_ID] => 3
    [ENTITY_ID] => 240647
    [STREET] => Каландарашвили ул
    [BUILDING] => д 31
    [POSTAL_CODE] => 678200
    [COUNTRY] => Россия
    [PROVINCE] => Саха /Якутия/ Респ
    [REGION] => 
    [CITY] => г Вилюйск
    [ADDRESS_2] => 
)

internalExecute:
Array
(
    [TYPE_ID] => 4
    [ENTITY_TYPE_ID] => 3
    [ENTITY_ID] => 240648
    [STREET] => Потапова
    [BUILDING] => 40
    [POSTAL_CODE] => 
    [COUNTRY] => Россия
    [PROVINCE] => Саха /Якутия/ Респ
    [REGION] => 
    [CITY] => с. Верхневилюйск
    [ADDRESS_2] => 
)

internalExecute:
Array
(
    [TYPE_ID] => 4
    [ENTITY_TYPE_ID] => 3
    [ENTITY_ID] => 240648
    [STREET] => Потапова
    [BUILDING] => 40
    [POSTAL_CODE] => 
    [COUNTRY] => Россия
    [PROVINCE] => Саха /Якутия/ Респ
    [REGION] => 
    [CITY] => с. Верхневилюйск
    [ADDRESS_2] => 
)

internalExecute:
Array
(
    [TYPE_ID] => 4
    [ENTITY_TYPE_ID] => 3
    [ENTITY_ID] => 240654
    [STREET] => Есенина 
    [BUILDING] => 3
    [POSTAL_CODE] => 
    [COUNTRY] => Россия
    [PROVINCE] => кемеровская область
    [REGION] => кемеровский
    [CITY] => п.Новостройка
    [ADDRESS_2] => 1
)

internalExecute:
Array
(
    [TYPE_ID] => 4
    [ENTITY_TYPE_ID] => 3
    [ENTITY_ID] => 240654
    [STREET] => Есенина 
    [BUILDING] => 3
    [POSTAL_CODE] => 
    [COUNTRY] => Россия
    [PROVINCE] => кемеровская область
    [REGION] => кемеровский
    [CITY] => п.Новостройка
    [ADDRESS_2] => 1
)

internalExecute:
Array
(
    [TYPE_ID] => 1
    [ENTITY_TYPE_ID] => 3
    [ENTITY_ID] => 240654
    [STREET] => Есенина 
    [BUILDING] => 3
    [POSTAL_CODE] => 
    [COUNTRY] => Россия
    [PROVINCE] => кемеровская область
    [REGION] => кемеровский
    [CITY] => п.Новостройка
    [ADDRESS_2] => 1
)

internalExecute:
Array
(
    [TYPE_ID] => 1
    [ENTITY_TYPE_ID] => 3
    [ENTITY_ID] => 240654
    [STREET] => Есенина 
    [BUILDING] => 3
    [POSTAL_CODE] => 
    [COUNTRY] => Россия
    [PROVINCE] => кемеровская область
    [REGION] => кемеровский
    [CITY] => п.Новостройка
    [ADDRESS_2] => 1
)

internalExecute:
Array
(
    [TYPE_ID] => 4
    [ENTITY_TYPE_ID] => 3
    [ENTITY_ID] => 240655
    [STREET] => Надежная
    [BUILDING] => 65А
    [POSTAL_CODE] => 
    [COUNTRY] => Россия
    [PROVINCE] => Кемеровская область
    [REGION] => 
    [CITY] => г.Ленинск-Кузнецкий
    [ADDRESS_2] => 
)

internalExecute:
Array
(
    [TYPE_ID] => 4
    [ENTITY_TYPE_ID] => 3
    [ENTITY_ID] => 240655
    [STREET] => Надежная
    [BUILDING] => 65А
    [POSTAL_CODE] => 
    [COUNTRY] => Россия
    [PROVINCE] => Кемеровская область
    [REGION] => 
    [CITY] => г.Ленинск-Кузнецкий
    [ADDRESS_2] => 
)

internalExecute:
Array
(
    [TYPE_ID] => 4
    [ENTITY_TYPE_ID] => 3
    [ENTITY_ID] => 240692
    [STREET] => Ленина ул
    [BUILDING] => д 20
    [POSTAL_CODE] => 671337
    [COUNTRY] => Россия
    [PROVINCE] => Бурятия Респ
    [REGION] => 
    [CITY] => с. Мухор-Тала
    [ADDRESS_2] => 
)

internalExecute:
Array
(
    [TYPE_ID] => 4
    [ENTITY_TYPE_ID] => 3
    [ENTITY_ID] => 240692
    [STREET] => Ленина ул
    [BUILDING] => д 20
    [POSTAL_CODE] => 671337
    [COUNTRY] => Россия
    [PROVINCE] => Бурятия Респ
    [REGION] => 
    [CITY] => с. Мухор-Тала
    [ADDRESS_2] => 
)

internalExecute:
Array
(
    [TYPE_ID] => 1
    [ENTITY_TYPE_ID] => 3
    [ENTITY_ID] => 240692
    [STREET] => Цыренова
    [BUILDING] => 50
    [POSTAL_CODE] => 
    [COUNTRY] => Россия
    [PROVINCE] => Бурятия Респ
    [REGION] => Заиграевский
    [CITY] => с. Новоильинск
    [ADDRESS_2] => 
)

internalExecute:
Array
(
    [TYPE_ID] => 1
    [ENTITY_TYPE_ID] => 3
    [ENTITY_ID] => 240692
    [STREET] => Цыренова
    [BUILDING] => 50
    [POSTAL_CODE] => 
    [COUNTRY] => Россия
    [PROVINCE] => Бурятия Респ
    [REGION] => Заиграевский
    [CITY] => с. Новоильинск
    [ADDRESS_2] => 
)

internalExecute:
Array
(
    [TYPE_ID] => 4
    [ENTITY_TYPE_ID] => 3
    [ENTITY_ID] => 240693
    [STREET] => Набережная
    [BUILDING] => 46
    [POSTAL_CODE] => 
    [COUNTRY] => Россия
    [PROVINCE] => Бурятия Респ
    [REGION] => Заиграевский
    [CITY] => с. Новоильинск
    [ADDRESS_2] => 
)

internalExecute:
Array
(
    [TYPE_ID] => 4
    [ENTITY_TYPE_ID] => 3
    [ENTITY_ID] => 240693
    [STREET] => Набережная
    [BUILDING] => 46
    [POSTAL_CODE] => 
    [COUNTRY] => Россия
    [PROVINCE] => Бурятия Респ
    [REGION] => Заиграевский
    [CITY] => с. Новоильинск
    [ADDRESS_2] => 
)

internalExecute:
Array
(
    [TYPE_ID] => 1
    [ENTITY_TYPE_ID] => 4
    [ENTITY_ID] => 48385
    [STREET] => Шахтеров пр-кт
    [BUILDING] => 4 д
    [POSTAL_CODE] => 
    [COUNTRY] => 
    [PROVINCE] => Кемеровская область - Кузбасс обл
    [REGION] => 
    [CITY] => Прокопьевск г
    [ADDRESS_2] => офис 10, 2 этаж
)

internalExecute:
Array
(
    [TYPE_ID] => 1
    [ENTITY_TYPE_ID] => 4
    [ENTITY_ID] => 48385
    [STREET] => Шахтеров пр-кт
    [BUILDING] => 4 д
    [POSTAL_CODE] => 
    [COUNTRY] => 
    [PROVINCE] => Кемеровская область - Кузбасс обл
    [REGION] => 
    [CITY] => Прокопьевск г
    [ADDRESS_2] => офис 10, 2 этаж
)

internalExecute:
Array
(
    [TYPE_ID] => 4
    [ENTITY_TYPE_ID] => 3
    [ENTITY_ID] => 240724
    [STREET] => Майская 
    [BUILDING] => 7
    [POSTAL_CODE] => 
    [COUNTRY] => Россия
    [PROVINCE] => Кемеровская область - Кузбасс обл
    [REGION] => Ленинск-Кузнецкий 
    [CITY] => пос. Солнечный 
    [ADDRESS_2] => 2
)

internalExecute:
Array
(
    [TYPE_ID] => 4
    [ENTITY_TYPE_ID] => 3
    [ENTITY_ID] => 240724
    [STREET] => Майская 
    [BUILDING] => 7
    [POSTAL_CODE] => 
    [COUNTRY] => Россия
    [PROVINCE] => Кемеровская область - Кузбасс обл
    [REGION] => Ленинск-Кузнецкий 
    [CITY] => пос. Солнечный 
    [ADDRESS_2] => 2
)

internalExecute:
Array
(
    [TYPE_ID] => 1
    [ENTITY_TYPE_ID] => 3
    [ENTITY_ID] => 240724
    [STREET] => Майская 
    [BUILDING] => 7
    [POSTAL_CODE] => 
    [COUNTRY] => Россия
    [PROVINCE] => Кемеровская область - Кузбасс обл
    [REGION] => Ленинск-Кузнецкий 
    [CITY] => пос. Солнечный 
    [ADDRESS_2] => 2
)

internalExecute:
Array
(
    [TYPE_ID] => 1
    [ENTITY_TYPE_ID] => 3
    [ENTITY_ID] => 240724
    [STREET] => Майская 
    [BUILDING] => 7
    [POSTAL_CODE] => 
    [COUNTRY] => Россия
    [PROVINCE] => Кемеровская область - Кузбасс обл
    [REGION] => Ленинск-Кузнецкий 
    [CITY] => пос. Солнечный 
    [ADDRESS_2] => 2
)

internalExecute:
Array
(
    [TYPE_ID] => 4
    [ENTITY_TYPE_ID] => 3
    [ENTITY_ID] => 240725
    [STREET] => пр-кт. Ленина
    [BUILDING] => 88
    [POSTAL_CODE] => 
    [COUNTRY] => Россия
    [PROVINCE] => Кемеровская область - Кузбасс обл
    [REGION] => 
    [CITY] => г. Ленинск-Кузнецкий
    [ADDRESS_2] => 145
)

internalExecute:
Array
(
    [TYPE_ID] => 4
    [ENTITY_TYPE_ID] => 3
    [ENTITY_ID] => 240725
    [STREET] => пр-кт. Ленина
    [BUILDING] => 88
    [POSTAL_CODE] => 
    [COUNTRY] => Россия
    [PROVINCE] => Кемеровская область - Кузбасс обл
    [REGION] => 
    [CITY] => г. Ленинск-Кузнецкий
    [ADDRESS_2] => 145
)

internalExecute:
Array
(
    [TYPE_ID] => 4
    [ENTITY_TYPE_ID] => 3
    [ENTITY_ID] => 240726
    [STREET] => минина
    [BUILDING] => 109
    [POSTAL_CODE] => 
    [COUNTRY] => Россия
    [PROVINCE] => Кемеровская область-Кузбасс
    [REGION] => 
    [CITY] => г.Белово
    [ADDRESS_2] => 
)

internalExecute:
Array
(
    [TYPE_ID] => 4
    [ENTITY_TYPE_ID] => 3
    [ENTITY_ID] => 240726
    [STREET] => минина
    [BUILDING] => 109
    [POSTAL_CODE] => 
    [COUNTRY] => Россия
    [PROVINCE] => Кемеровская область-Кузбасс
    [REGION] => 
    [CITY] => г.Белово
    [ADDRESS_2] => 
)

internalExecute:
Array
(
    [TYPE_ID] => 1
    [ENTITY_TYPE_ID] => 3
    [ENTITY_ID] => 240726
    [STREET] => минина
    [BUILDING] => 109
    [POSTAL_CODE] => 
    [COUNTRY] => Россия
    [PROVINCE] => Кемеровская область-Кузбасс
    [REGION] => 
    [CITY] => г.Белово
    [ADDRESS_2] => 
)

internalExecute:
Array
(
    [TYPE_ID] => 1
    [ENTITY_TYPE_ID] => 3
    [ENTITY_ID] => 240726
    [STREET] => минина
    [BUILDING] => 109
    [POSTAL_CODE] => 
    [COUNTRY] => Россия
    [PROVINCE] => Кемеровская область-Кузбасс
    [REGION] => 
    [CITY] => г.Белово
    [ADDRESS_2] => 
)

internalExecute:
Array
(
    [TYPE_ID] => 4
    [ENTITY_TYPE_ID] => 3
    [ENTITY_ID] => 240727
    [STREET] => Ул.МКР. 3-Й 
    [BUILDING] => 1
    [POSTAL_CODE] => 
    [COUNTRY] => Россия
    [PROVINCE] => Кемеровская область-Кузбасс
    [REGION] => 
    [CITY] => г.Белово
    [ADDRESS_2] => 95
)

internalExecute:
Array
(
    [TYPE_ID] => 4
    [ENTITY_TYPE_ID] => 3
    [ENTITY_ID] => 240727
    [STREET] => Ул.МКР. 3-Й 
    [BUILDING] => 1
    [POSTAL_CODE] => 
    [COUNTRY] => Россия
    [PROVINCE] => Кемеровская область-Кузбасс
    [REGION] => 
    [CITY] => г.Белово
    [ADDRESS_2] => 95
)

internalExecute:
Array
(
    [TYPE_ID] => 4
    [ENTITY_TYPE_ID] => 3
    [ENTITY_ID] => 240731
    [STREET] => ул.30 лет Победы
    [BUILDING] => 13/1
    [POSTAL_CODE] => 
    [COUNTRY] => Россия
    [PROVINCE] => обл.Кемеровская-Кузбасс
    [REGION] => Гурьевский
    [CITY] => г.Гурьевск
    [ADDRESS_2] => 29
)

internalExecute:
Array
(
    [TYPE_ID] => 4
    [ENTITY_TYPE_ID] => 3
    [ENTITY_ID] => 240731
    [STREET] => ул.30 лет Победы
    [BUILDING] => 13/1
    [POSTAL_CODE] => 
    [COUNTRY] => Россия
    [PROVINCE] => обл.Кемеровская-Кузбасс
    [REGION] => Гурьевский
    [CITY] => г.Гурьевск
    [ADDRESS_2] => 29
)

internalExecute:
Array
(
    [TYPE_ID] => 1
    [ENTITY_TYPE_ID] => 3
    [ENTITY_ID] => 240731
    [STREET] => ул.30 лет Победы
    [BUILDING] => 13/1
    [POSTAL_CODE] => 
    [COUNTRY] => Россия
    [PROVINCE] => обл.Кемеровская-Кузбасс
    [REGION] => Гурьевский
    [CITY] => г.Гурьевск
    [ADDRESS_2] => 29
)

internalExecute:
Array
(
    [TYPE_ID] => 1
    [ENTITY_TYPE_ID] => 3
    [ENTITY_ID] => 240731
    [STREET] => ул.30 лет Победы
    [BUILDING] => 13/1
    [POSTAL_CODE] => 
    [COUNTRY] => Россия
    [PROVINCE] => обл.Кемеровская-Кузбасс
    [REGION] => Гурьевский
    [CITY] => г.Гурьевск
    [ADDRESS_2] => 29
)

internalExecute:
Array
(
    [TYPE_ID] => 4
    [ENTITY_TYPE_ID] => 3
    [ENTITY_ID] => 240732
    [STREET] => Залесского
    [BUILDING] => 14
    [POSTAL_CODE] => 
    [COUNTRY] => Россия
    [PROVINCE] => обл.Новосибирская
    [REGION] => 
    [CITY] => г.Новосибирск
    [ADDRESS_2] => 2
)

internalExecute:
Array
(
    [TYPE_ID] => 4
    [ENTITY_TYPE_ID] => 3
    [ENTITY_ID] => 240732
    [STREET] => Залесского
    [BUILDING] => 14
    [POSTAL_CODE] => 
    [COUNTRY] => Россия
    [PROVINCE] => обл.Новосибирская
    [REGION] => 
    [CITY] => г.Новосибирск
    [ADDRESS_2] => 2
)

internalExecute:
Array
(
    [TYPE_ID] => 4
    [ENTITY_TYPE_ID] => 3
    [ENTITY_ID] => 240750
    [STREET] => центральная
    [BUILDING] => 5
    [POSTAL_CODE] => 
    [COUNTRY] => Россия
    [PROVINCE] => кемеровская область
    [REGION] => ленинск-кузнецкий
    [CITY] => п.петровский
    [ADDRESS_2] => 
)

internalExecute:
Array
(
    [TYPE_ID] => 4
    [ENTITY_TYPE_ID] => 3
    [ENTITY_ID] => 240750
    [STREET] => центральная
    [BUILDING] => 5
    [POSTAL_CODE] => 
    [COUNTRY] => Россия
    [PROVINCE] => кемеровская область
    [REGION] => ленинск-кузнецкий
    [CITY] => п.петровский
    [ADDRESS_2] => 
)

internalExecute:
Array
(
    [TYPE_ID] => 1
    [ENTITY_TYPE_ID] => 3
    [ENTITY_ID] => 240750
    [STREET] => центральная
    [BUILDING] => 5
    [POSTAL_CODE] => 
    [COUNTRY] => Россия
    [PROVINCE] => кемеровская область
    [REGION] => ленинск-кузнецкий
    [CITY] => п.петровский
    [ADDRESS_2] => 
)

internalExecute:
Array
(
    [TYPE_ID] => 1
    [ENTITY_TYPE_ID] => 3
    [ENTITY_ID] => 240750
    [STREET] => центральная
    [BUILDING] => 5
    [POSTAL_CODE] => 
    [COUNTRY] => Россия
    [PROVINCE] => кемеровская область
    [REGION] => ленинск-кузнецкий
    [CITY] => п.петровский
    [ADDRESS_2] => 
)

internalExecute:
Array
(
    [TYPE_ID] => 4
    [ENTITY_TYPE_ID] => 3
    [ENTITY_ID] => 240751
    [STREET] => пер Стекольный 
    [BUILDING] => 12
    [POSTAL_CODE] => 
    [COUNTRY] => Россия
    [PROVINCE] => кемеровская область
    [REGION] => 
    [CITY] => г.Ленинск-Кузнецкий
    [ADDRESS_2] => 
)

internalExecute:
Array
(
    [TYPE_ID] => 4
    [ENTITY_TYPE_ID] => 3
    [ENTITY_ID] => 240751
    [STREET] => пер Стекольный 
    [BUILDING] => 12
    [POSTAL_CODE] => 
    [COUNTRY] => Россия
    [PROVINCE] => кемеровская область
    [REGION] => 
    [CITY] => г.Ленинск-Кузнецкий
    [ADDRESS_2] => 
)

internalExecute:
Array
(
    [TYPE_ID] => 4
    [ENTITY_TYPE_ID] => 3
    [ENTITY_ID] => 240793
    [STREET] => Песчаная
    [BUILDING] => 4
    [POSTAL_CODE] => 
    [COUNTRY] => Россия
    [PROVINCE] => Бурятия Респ
    [REGION] => Заиграевский
    [CITY] => с. Новая Брянь 
    [ADDRESS_2] => 
)

internalExecute:
Array
(
    [TYPE_ID] => 4
    [ENTITY_TYPE_ID] => 3
    [ENTITY_ID] => 240793
    [STREET] => Песчаная
    [BUILDING] => 4
    [POSTAL_CODE] => 
    [COUNTRY] => Россия
    [PROVINCE] => Бурятия Респ
    [REGION] => Заиграевский
    [CITY] => с. Новая Брянь 
    [ADDRESS_2] => 
)

internalExecute:
Array
(
    [TYPE_ID] => 1
    [ENTITY_TYPE_ID] => 3
    [ENTITY_ID] => 240793
    [STREET] => Песчаная
    [BUILDING] => 4
    [POSTAL_CODE] => 
    [COUNTRY] => Россия
    [PROVINCE] => Бурятия Респ
    [REGION] => Заиграевский
    [CITY] => с. Новая Брянь 
    [ADDRESS_2] => 
)

internalExecute:
Array
(
    [TYPE_ID] => 1
    [ENTITY_TYPE_ID] => 3
    [ENTITY_ID] => 240793
    [STREET] => Песчаная
    [BUILDING] => 4
    [POSTAL_CODE] => 
    [COUNTRY] => Россия
    [PROVINCE] => Бурятия Респ
    [REGION] => Заиграевский
    [CITY] => с. Новая Брянь 
    [ADDRESS_2] => 
)

internalExecute:
Array
(
    [TYPE_ID] => 4
    [ENTITY_TYPE_ID] => 3
    [ENTITY_ID] => 240794
    [STREET] => Коммунистическая 
    [BUILDING] => 21
    [POSTAL_CODE] => 
    [COUNTRY] => Россия
    [PROVINCE] => Бурятия Респ
    [REGION] => Заиграевский
    [CITY] => с. Новая Брянь
    [ADDRESS_2] => 2
)

internalExecute:
Array
(
    [TYPE_ID] => 4
    [ENTITY_TYPE_ID] => 3
    [ENTITY_ID] => 240794
    [STREET] => Коммунистическая 
    [BUILDING] => 21
    [POSTAL_CODE] => 
    [COUNTRY] => Россия
    [PROVINCE] => Бурятия Респ
    [REGION] => Заиграевский
    [CITY] => с. Новая Брянь
    [ADDRESS_2] => 2
)

internalExecute:
Array
(
    [TYPE_ID] => 4
    [ENTITY_TYPE_ID] => 3
    [ENTITY_ID] => 240924
    [STREET] => К.Д. Уткина
    [BUILDING] => 14
    [POSTAL_CODE] => 677008
    [COUNTRY] => Россия
    [PROVINCE] => Саха /Якутия/ Респ
    [REGION] => 
    [CITY] => г Якутск
    [ADDRESS_2] => 15
)

internalExecute:
Array
(
    [TYPE_ID] => 4
    [ENTITY_TYPE_ID] => 3
    [ENTITY_ID] => 240924
    [STREET] => К.Д. Уткина
    [BUILDING] => 14
    [POSTAL_CODE] => 677008
    [COUNTRY] => Россия
    [PROVINCE] => Саха /Якутия/ Респ
    [REGION] => 
    [CITY] => г Якутск
    [ADDRESS_2] => 15
)

internalExecute:
Array
(
    [TYPE_ID] => 1
    [ENTITY_TYPE_ID] => 3
    [ENTITY_ID] => 240924
    [STREET] => К.Д. Уткина
    [BUILDING] => 14
    [POSTAL_CODE] => 677008
    [COUNTRY] => Россия
    [PROVINCE] => Саха /Якутия/ Респ
    [REGION] => 
    [CITY] => г Якутск
    [ADDRESS_2] => 15
)

internalExecute:
Array
(
    [TYPE_ID] => 1
    [ENTITY_TYPE_ID] => 3
    [ENTITY_ID] => 240924
    [STREET] => К.Д. Уткина
    [BUILDING] => 14
    [POSTAL_CODE] => 677008
    [COUNTRY] => Россия
    [PROVINCE] => Саха /Якутия/ Респ
    [REGION] => 
    [CITY] => г Якутск
    [ADDRESS_2] => 15
)

internalExecute:
Array
(
    [TYPE_ID] => 4
    [ENTITY_TYPE_ID] => 3
    [ENTITY_ID] => 240925
    [STREET] => Тургенева ул
    [BUILDING] => д 8/1
    [POSTAL_CODE] => 677008
    [COUNTRY] => Россия
    [PROVINCE] => Саха /Якутия/ Респ
    [REGION] => 
    [CITY] => г Якутск
    [ADDRESS_2] => 18
)

internalExecute:
Array
(
    [TYPE_ID] => 4
    [ENTITY_TYPE_ID] => 3
    [ENTITY_ID] => 240925
    [STREET] => Тургенева ул
    [BUILDING] => д 8/1
    [POSTAL_CODE] => 677008
    [COUNTRY] => Россия
    [PROVINCE] => Саха /Якутия/ Респ
    [REGION] => 
    [CITY] => г Якутск
    [ADDRESS_2] => 18
)

internalExecute:
Array
(
    [TYPE_ID] => 4
    [ENTITY_TYPE_ID] => 3
    [ENTITY_ID] => 240956
    [STREET] => Дзержинского
    [BUILDING] => 5
    [POSTAL_CODE] => 
    [COUNTRY] => Россия
    [PROVINCE] => Кемеровская область - Кузбасс обл
    [REGION] => Таштагольский
    [CITY] => ПС Шерегешского ПОМ 
    [ADDRESS_2] => 52
)

internalExecute:
Array
(
    [TYPE_ID] => 4
    [ENTITY_TYPE_ID] => 3
    [ENTITY_ID] => 240956
    [STREET] => Дзержинского
    [BUILDING] => 5
    [POSTAL_CODE] => 
    [COUNTRY] => Россия
    [PROVINCE] => Кемеровская область - Кузбасс обл
    [REGION] => Таштагольский
    [CITY] => ПС Шерегешского ПОМ 
    [ADDRESS_2] => 52
)

internalExecute:
Array
(
    [TYPE_ID] => 1
    [ENTITY_TYPE_ID] => 3
    [ENTITY_ID] => 240956
    [STREET] => Дзержинского
    [BUILDING] => 5
    [POSTAL_CODE] => 
    [COUNTRY] => Россия
    [PROVINCE] => Кемеровская область - Кузбасс обл
    [REGION] => Таштагольский
    [CITY] => ПС Шерегешского ПОМ 
    [ADDRESS_2] => 52
)

internalExecute:
Array
(
    [TYPE_ID] => 1
    [ENTITY_TYPE_ID] => 3
    [ENTITY_ID] => 240956
    [STREET] => Дзержинского
    [BUILDING] => 5
    [POSTAL_CODE] => 
    [COUNTRY] => Россия
    [PROVINCE] => Кемеровская область - Кузбасс обл
    [REGION] => Таштагольский
    [CITY] => ПС Шерегешского ПОМ 
    [ADDRESS_2] => 52
)

internalExecute:
Array
(
    [TYPE_ID] => 4
    [ENTITY_TYPE_ID] => 3
    [ENTITY_ID] => 240957
    [STREET] => Мусохранова
    [BUILDING] => 1
    [POSTAL_CODE] => 
    [COUNTRY] => Россия
    [PROVINCE] => Кемеровская область - Кузбасс обл
    [REGION] => 
    [CITY] => г. Ленинск-Кузнецкий
    [ADDRESS_2] => 18
)

internalExecute:
Array
(
    [TYPE_ID] => 4
    [ENTITY_TYPE_ID] => 3
    [ENTITY_ID] => 240957
    [STREET] => Мусохранова
    [BUILDING] => 1
    [POSTAL_CODE] => 
    [COUNTRY] => Россия
    [PROVINCE] => Кемеровская область - Кузбасс обл
    [REGION] => 
    [CITY] => г. Ленинск-Кузнецкий
    [ADDRESS_2] => 18
)

internalExecute:
Array
(
    [TYPE_ID] => 4
    [ENTITY_TYPE_ID] => 3
    [ENTITY_ID] => 240958
    [STREET] => пр-т Текстильщиков
    [BUILDING] => 2/1
    [POSTAL_CODE] => 
    [COUNTRY] => Россия
    [PROVINCE] => Кемеровская область - Кузбасс обл
    [REGION] => 
    [CITY] => г. Ленинск-Кузнецкий 
    [ADDRESS_2] => 93
)

internalExecute:
Array
(
    [TYPE_ID] => 4
    [ENTITY_TYPE_ID] => 3
    [ENTITY_ID] => 240958
    [STREET] => пр-т Текстильщиков
    [BUILDING] => 2/1
    [POSTAL_CODE] => 
    [COUNTRY] => Россия
    [PROVINCE] => Кемеровская область - Кузбасс обл
    [REGION] => 
    [CITY] => г. Ленинск-Кузнецкий 
    [ADDRESS_2] => 93
)

internalExecute:
Array
(
    [TYPE_ID] => 4
    [ENTITY_TYPE_ID] => 3
    [ENTITY_ID] => 240959
    [STREET] => Курская
    [BUILDING] => 13
    [POSTAL_CODE] => 
    [COUNTRY] => Россия
    [PROVINCE] => Кемеровская область - Кузбасс обл
    [REGION] => 
    [CITY] => г. Ленинск-Кузнецкий 
    [ADDRESS_2] => 
)

internalExecute:
Array
(
    [TYPE_ID] => 4
    [ENTITY_TYPE_ID] => 3
    [ENTITY_ID] => 240959
    [STREET] => Курская
    [BUILDING] => 13
    [POSTAL_CODE] => 
    [COUNTRY] => Россия
    [PROVINCE] => Кемеровская область - Кузбасс обл
    [REGION] => 
    [CITY] => г. Ленинск-Кузнецкий 
    [ADDRESS_2] => 
)

internalExecute:
Array
(
    [TYPE_ID] => 4
    [ENTITY_TYPE_ID] => 3
    [ENTITY_ID] => 240987
    [STREET] => Островского 
    [BUILDING] => 68
    [POSTAL_CODE] => 
    [COUNTRY] => Россия
    [PROVINCE] => Респ. Дагестан
    [REGION] => 
    [CITY] => г Кизляр
    [ADDRESS_2] => 
)

internalExecute:
Array
(
    [TYPE_ID] => 4
    [ENTITY_TYPE_ID] => 3
    [ENTITY_ID] => 240987
    [STREET] => Островского 
    [BUILDING] => 68
    [POSTAL_CODE] => 
    [COUNTRY] => Россия
    [PROVINCE] => Респ. Дагестан
    [REGION] => 
    [CITY] => г Кизляр
    [ADDRESS_2] => 
)

internalExecute:
Array
(
    [TYPE_ID] => 1
    [ENTITY_TYPE_ID] => 3
    [ENTITY_ID] => 240987
    [STREET] => Габитова
    [BUILDING] => 14
    [POSTAL_CODE] => 
    [COUNTRY] => Россия
    [PROVINCE] => Респ. Дагестан
    [REGION] => 
    [CITY] => г Махачкала
    [ADDRESS_2] => 29
)

internalExecute:
Array
(
    [TYPE_ID] => 1
    [ENTITY_TYPE_ID] => 3
    [ENTITY_ID] => 240987
    [STREET] => Габитова
    [BUILDING] => 14
    [POSTAL_CODE] => 
    [COUNTRY] => Россия
    [PROVINCE] => Респ. Дагестан
    [REGION] => 
    [CITY] => г Махачкала
    [ADDRESS_2] => 29
)

internalExecute:
Array
(
    [TYPE_ID] => 4
    [ENTITY_TYPE_ID] => 3
    [ENTITY_ID] => 240988
    [STREET] => ул Кубанская
    [BUILDING] => 44
    [POSTAL_CODE] => 
    [COUNTRY] => Россия
    [PROVINCE] => Респ. Дагестан
    [REGION] => г Кизляр 
    [CITY] => 
    [ADDRESS_2] => 
)

internalExecute:
Array
(
    [TYPE_ID] => 4
    [ENTITY_TYPE_ID] => 3
    [ENTITY_ID] => 240988
    [STREET] => ул Кубанская
    [BUILDING] => 44
    [POSTAL_CODE] => 
    [COUNTRY] => Россия
    [PROVINCE] => Респ. Дагестан
    [REGION] => г Кизляр 
    [CITY] => 
    [ADDRESS_2] => 
)

internalExecute:
Array
(
    [TYPE_ID] => 1
    [ENTITY_TYPE_ID] => 3
    [ENTITY_ID] => 240988
    [STREET] => ул Кубанская
    [BUILDING] => 44
    [POSTAL_CODE] => 
    [COUNTRY] => Россия
    [PROVINCE] => Респ. Дагестан
    [REGION] => г Кизляр 
    [CITY] => 
    [ADDRESS_2] => 
)

internalExecute:
Array
(
    [TYPE_ID] => 1
    [ENTITY_TYPE_ID] => 3
    [ENTITY_ID] => 240988
    [STREET] => ул Кубанская
    [BUILDING] => 44
    [POSTAL_CODE] => 
    [COUNTRY] => Россия
    [PROVINCE] => Респ. Дагестан
    [REGION] => г Кизляр 
    [CITY] => 
    [ADDRESS_2] => 
)

internalExecute:
Array
(
    [TYPE_ID] => 4
    [ENTITY_TYPE_ID] => 3
    [ENTITY_ID] => 240989
    [STREET] => Ольховская ул
    [BUILDING] => д 23
    [POSTAL_CODE] => 620141
    [COUNTRY] => Россия
    [PROVINCE] => Свердловская обл
    [REGION] => 
    [CITY] => г Екатеринбург
    [ADDRESS_2] => 
)

internalExecute:
Array
(
    [TYPE_ID] => 4
    [ENTITY_TYPE_ID] => 3
    [ENTITY_ID] => 240989
    [STREET] => Ольховская ул
    [BUILDING] => д 23
    [POSTAL_CODE] => 620141
    [COUNTRY] => Россия
    [PROVINCE] => Свердловская обл
    [REGION] => 
    [CITY] => г Екатеринбург
    [ADDRESS_2] => 
)

internalExecute:
Array
(
    [TYPE_ID] => 1
    [ENTITY_TYPE_ID] => 3
    [ENTITY_ID] => 240989
    [STREET] => Ольховская ул
    [BUILDING] => д 23
    [POSTAL_CODE] => 620141
    [COUNTRY] => Россия
    [PROVINCE] => Свердловская обл
    [REGION] => 
    [CITY] => г Екатеринбург
    [ADDRESS_2] => 
)

internalExecute:
Array
(
    [TYPE_ID] => 1
    [ENTITY_TYPE_ID] => 3
    [ENTITY_ID] => 240989
    [STREET] => Ольховская ул
    [BUILDING] => д 23
    [POSTAL_CODE] => 620141
    [COUNTRY] => Россия
    [PROVINCE] => Свердловская обл
    [REGION] => 
    [CITY] => г Екатеринбург
    [ADDRESS_2] => 
)

internalExecute:
Array
(
    [TYPE_ID] => 4
    [ENTITY_TYPE_ID] => 3
    [ENTITY_ID] => 240990
    [STREET] => Ольховская ул
    [BUILDING] => 23
    [POSTAL_CODE] => 620141
    [COUNTRY] => Россия
    [PROVINCE] => Свердловская обл
    [REGION] => 
    [CITY] => г Екатеринбург
    [ADDRESS_2] => 
)

internalExecute:
Array
(
    [TYPE_ID] => 4
    [ENTITY_TYPE_ID] => 3
    [ENTITY_ID] => 240990
    [STREET] => Ольховская ул
    [BUILDING] => 23
    [POSTAL_CODE] => 620141
    [COUNTRY] => Россия
    [PROVINCE] => Свердловская обл
    [REGION] => 
    [CITY] => г Екатеринбург
    [ADDRESS_2] => 
)

internalExecute:
Array
(
    [TYPE_ID] => 4
    [ENTITY_TYPE_ID] => 3
    [ENTITY_ID] => 240993
    [STREET] => Ленина
    [BUILDING] => 3
    [POSTAL_CODE] => 620000
    [COUNTRY] => Россия
    [PROVINCE] => Челябинская
    [REGION] => 
    [CITY] => Челябинск
    [ADDRESS_2] => 4
)

internalExecute:
Array
(
    [TYPE_ID] => 4
    [ENTITY_TYPE_ID] => 3
    [ENTITY_ID] => 240993
    [STREET] => Ленина
    [BUILDING] => 3
    [POSTAL_CODE] => 620000
    [COUNTRY] => Россия
    [PROVINCE] => Челябинская
    [REGION] => 
    [CITY] => Челябинск
    [ADDRESS_2] => 4
)

internalExecute:
Array
(
    [TYPE_ID] => 1
    [ENTITY_TYPE_ID] => 3
    [ENTITY_ID] => 240993
    [STREET] => Ленина
    [BUILDING] => 3
    [POSTAL_CODE] => 620000
    [COUNTRY] => Россия
    [PROVINCE] => Челябинская
    [REGION] => 
    [CITY] => Челябинск
    [ADDRESS_2] => 4
)

internalExecute:
Array
(
    [TYPE_ID] => 1
    [ENTITY_TYPE_ID] => 3
    [ENTITY_ID] => 240993
    [STREET] => Ленина
    [BUILDING] => 3
    [POSTAL_CODE] => 620000
    [COUNTRY] => Россия
    [PROVINCE] => Челябинская
    [REGION] => 
    [CITY] => Челябинск
    [ADDRESS_2] => 4
)

internalExecute:
Array
(
    [TYPE_ID] => 4
    [ENTITY_TYPE_ID] => 3
    [ENTITY_ID] => 240994
    [STREET] => Ольховская
    [BUILDING] => 32
    [POSTAL_CODE] => 
    [COUNTRY] => Россия
    [PROVINCE] => Свердловская
    [REGION] => 
    [CITY] => Екатеринбург
    [ADDRESS_2] => 
)

internalExecute:
Array
(
    [TYPE_ID] => 4
    [ENTITY_TYPE_ID] => 3
    [ENTITY_ID] => 240994
    [STREET] => Ольховская
    [BUILDING] => 32
    [POSTAL_CODE] => 
    [COUNTRY] => Россия
    [PROVINCE] => Свердловская
    [REGION] => 
    [CITY] => Екатеринбург
    [ADDRESS_2] => 
)

internalExecute:
Array
(
    [TYPE_ID] => 4
    [ENTITY_TYPE_ID] => 3
    [ENTITY_ID] => 240996
    [STREET] => ул Грозненская
    [BUILDING] => 19
    [POSTAL_CODE] => 
    [COUNTRY] => Россия
    [PROVINCE] => Респ Дагестан
    [REGION] => 
    [CITY] => г Кизляр
    [ADDRESS_2] => 470
)

internalExecute:
Array
(
    [TYPE_ID] => 4
    [ENTITY_TYPE_ID] => 3
    [ENTITY_ID] => 240996
    [STREET] => ул Грозненская
    [BUILDING] => 19
    [POSTAL_CODE] => 
    [COUNTRY] => Россия
    [PROVINCE] => Респ Дагестан
    [REGION] => 
    [CITY] => г Кизляр
    [ADDRESS_2] => 470
)

internalExecute:
Array
(
    [TYPE_ID] => 1
    [ENTITY_TYPE_ID] => 3
    [ENTITY_ID] => 240996
    [STREET] => ул Чкалова 
    [BUILDING] => 11
    [POSTAL_CODE] => 
    [COUNTRY] => Россия
    [PROVINCE] => Респ Дагестан
    [REGION] => 
    [CITY] => г Кизляр 
    [ADDRESS_2] => 
)

internalExecute:
Array
(
    [TYPE_ID] => 1
    [ENTITY_TYPE_ID] => 3
    [ENTITY_ID] => 240996
    [STREET] => ул Чкалова 
    [BUILDING] => 11
    [POSTAL_CODE] => 
    [COUNTRY] => Россия
    [PROVINCE] => Респ Дагестан
    [REGION] => 
    [CITY] => г Кизляр 
    [ADDRESS_2] => 
)

internalExecute:
Array
(
    [TYPE_ID] => 4
    [ENTITY_TYPE_ID] => 3
    [ENTITY_ID] => 240997
    [STREET] => ул Чкалова 
    [BUILDING] => 11
    [POSTAL_CODE] => 
    [COUNTRY] => Россия
    [PROVINCE] => Респ Дагестан
    [REGION] => г Кизляр
    [CITY] => 
    [ADDRESS_2] => 
)

internalExecute:
Array
(
    [TYPE_ID] => 4
    [ENTITY_TYPE_ID] => 3
    [ENTITY_ID] => 240997
    [STREET] => ул Чкалова 
    [BUILDING] => 11
    [POSTAL_CODE] => 
    [COUNTRY] => Россия
    [PROVINCE] => Респ Дагестан
    [REGION] => г Кизляр
    [CITY] => 
    [ADDRESS_2] => 
)

internalExecute:
Array
(
    [TYPE_ID] => 1
    [ENTITY_TYPE_ID] => 3
    [ENTITY_ID] => 240997
    [STREET] => ул Чкалова 
    [BUILDING] => 11
    [POSTAL_CODE] => 
    [COUNTRY] => Россия
    [PROVINCE] => Респ Дагестан
    [REGION] => г Кизляр
    [CITY] => 
    [ADDRESS_2] => 
)

internalExecute:
Array
(
    [TYPE_ID] => 1
    [ENTITY_TYPE_ID] => 3
    [ENTITY_ID] => 240997
    [STREET] => ул Чкалова 
    [BUILDING] => 11
    [POSTAL_CODE] => 
    [COUNTRY] => Россия
    [PROVINCE] => Респ Дагестан
    [REGION] => г Кизляр
    [CITY] => 
    [ADDRESS_2] => 
)

internalExecute:
Array
(
    [TYPE_ID] => 4
    [ENTITY_TYPE_ID] => 3
    [ENTITY_ID] => 240998
    [STREET] => Семена Данилова ул
    [BUILDING] => 3
    [POSTAL_CODE] => 677015
    [COUNTRY] => Россия
    [PROVINCE] => Саха /Якутия/ Респ
    [REGION] => 
    [CITY] => г Якутск
    [ADDRESS_2] => 45
)

internalExecute:
Array
(
    [TYPE_ID] => 4
    [ENTITY_TYPE_ID] => 3
    [ENTITY_ID] => 240998
    [STREET] => Семена Данилова ул
    [BUILDING] => 3
    [POSTAL_CODE] => 677015
    [COUNTRY] => Россия
    [PROVINCE] => Саха /Якутия/ Респ
    [REGION] => 
    [CITY] => г Якутск
    [ADDRESS_2] => 45
)

internalExecute:
Array
(
    [TYPE_ID] => 1
    [ENTITY_TYPE_ID] => 3
    [ENTITY_ID] => 240998
    [STREET] => Семена Данилова ул
    [BUILDING] => 3
    [POSTAL_CODE] => 677015
    [COUNTRY] => Россия
    [PROVINCE] => Саха /Якутия/ Респ
    [REGION] => 
    [CITY] => г Якутск
    [ADDRESS_2] => 45
)

internalExecute:
Array
(
    [TYPE_ID] => 1
    [ENTITY_TYPE_ID] => 3
    [ENTITY_ID] => 240998
    [STREET] => Семена Данилова ул
    [BUILDING] => 3
    [POSTAL_CODE] => 677015
    [COUNTRY] => Россия
    [PROVINCE] => Саха /Якутия/ Респ
    [REGION] => 
    [CITY] => г Якутск
    [ADDRESS_2] => 45
)

internalExecute:
Array
(
    [TYPE_ID] => 4
    [ENTITY_TYPE_ID] => 3
    [ENTITY_ID] => 240999
    [STREET] => Ворошилова
    [BUILDING] => 3
    [POSTAL_CODE] => 
    [COUNTRY] => Россия
    [PROVINCE] => Саха /Якутия/ Респ
    [REGION] => Кобяйский наслег
    [CITY] => с. Кобяй
    [ADDRESS_2] => 
)

internalExecute:
Array
(
    [TYPE_ID] => 4
    [ENTITY_TYPE_ID] => 3
    [ENTITY_ID] => 240999
    [STREET] => Ворошилова
    [BUILDING] => 3
    [POSTAL_CODE] => 
    [COUNTRY] => Россия
    [PROVINCE] => Саха /Якутия/ Респ
    [REGION] => Кобяйский наслег
    [CITY] => с. Кобяй
    [ADDRESS_2] => 
)

internalExecute:
Array
(
    [TYPE_ID] => 4
    [ENTITY_TYPE_ID] => 3
    [ENTITY_ID] => 241000
    [STREET] => Ворошилова
    [BUILDING] => 2
    [POSTAL_CODE] => 
    [COUNTRY] => Россия
    [PROVINCE] => Саха /Якутия/ Респ
    [REGION] => Кобяйский наслег
    [CITY] => 
    [ADDRESS_2] => 
)

internalExecute:
Array
(
    [TYPE_ID] => 4
    [ENTITY_TYPE_ID] => 3
    [ENTITY_ID] => 241000
    [STREET] => Ворошилова
    [BUILDING] => 2
    [POSTAL_CODE] => 
    [COUNTRY] => Россия
    [PROVINCE] => Саха /Якутия/ Респ
    [REGION] => Кобяйский наслег
    [CITY] => 
    [ADDRESS_2] => 
)

internalExecute:
Array
(
    [TYPE_ID] => 4
    [ENTITY_TYPE_ID] => 3
    [ENTITY_ID] => 241059
    [STREET] => ул.Чехова 2-я
    [BUILDING] => д.1
    [POSTAL_CODE] => 
    [COUNTRY] => Россия
    [PROVINCE] => обл.Кемеровская область-Кузбасс
    [REGION] => 
    [CITY] => г.Белово
    [ADDRESS_2] => 
)

internalExecute:
Array
(
    [TYPE_ID] => 4
    [ENTITY_TYPE_ID] => 3
    [ENTITY_ID] => 241059
    [STREET] => ул.Чехова 2-я
    [BUILDING] => д.1
    [POSTAL_CODE] => 
    [COUNTRY] => Россия
    [PROVINCE] => обл.Кемеровская область-Кузбасс
    [REGION] => 
    [CITY] => г.Белово
    [ADDRESS_2] => 
)

internalExecute:
Array
(
    [TYPE_ID] => 1
    [ENTITY_TYPE_ID] => 3
    [ENTITY_ID] => 241059
    [STREET] => ул.Чехова 2-я
    [BUILDING] => д.1
    [POSTAL_CODE] => 
    [COUNTRY] => Россия
    [PROVINCE] => обл.Кемеровская область-Кузбасс
    [REGION] => 
    [CITY] => г.Белово
    [ADDRESS_2] => 
)

internalExecute:
Array
(
    [TYPE_ID] => 1
    [ENTITY_TYPE_ID] => 3
    [ENTITY_ID] => 241059
    [STREET] => ул.Чехова 2-я
    [BUILDING] => д.1
    [POSTAL_CODE] => 
    [COUNTRY] => Россия
    [PROVINCE] => обл.Кемеровская область-Кузбасс
    [REGION] => 
    [CITY] => г.Белово
    [ADDRESS_2] => 
)

internalExecute:
Array
(
    [TYPE_ID] => 4
    [ENTITY_TYPE_ID] => 3
    [ENTITY_ID] => 241093
    [STREET] => пр-т Кирова
    [BUILDING] => 112
    [POSTAL_CODE] => 
    [COUNTRY] => Россия
    [PROVINCE] => обл.Кемеровская -Кузбасс 
    [REGION] => 
    [CITY] => г.Ленинск-Кузнецкий
    [ADDRESS_2] => 58
)

internalExecute:
Array
(
    [TYPE_ID] => 4
    [ENTITY_TYPE_ID] => 3
    [ENTITY_ID] => 241093
    [STREET] => пр-т Кирова
    [BUILDING] => 112
    [POSTAL_CODE] => 
    [COUNTRY] => Россия
    [PROVINCE] => обл.Кемеровская -Кузбасс 
    [REGION] => 
    [CITY] => г.Ленинск-Кузнецкий
    [ADDRESS_2] => 58
)

internalExecute:
Array
(
    [TYPE_ID] => 1
    [ENTITY_TYPE_ID] => 3
    [ENTITY_ID] => 241093
    [STREET] => пр-т Кирова
    [BUILDING] => 112
    [POSTAL_CODE] => 
    [COUNTRY] => Россия
    [PROVINCE] => обл.Кемеровская -Кузбасс 
    [REGION] => 
    [CITY] => г.Ленинск-Кузнецкий
    [ADDRESS_2] => 58
)

internalExecute:
Array
(
    [TYPE_ID] => 1
    [ENTITY_TYPE_ID] => 3
    [ENTITY_ID] => 241093
    [STREET] => пр-т Кирова
    [BUILDING] => 112
    [POSTAL_CODE] => 
    [COUNTRY] => Россия
    [PROVINCE] => обл.Кемеровская -Кузбасс 
    [REGION] => 
    [CITY] => г.Ленинск-Кузнецкий
    [ADDRESS_2] => 58
)

internalExecute:
Array
(
    [TYPE_ID] => 4
    [ENTITY_TYPE_ID] => 3
    [ENTITY_ID] => 241094
    [STREET] => Проскакова
    [BUILDING] => 3
    [POSTAL_CODE] => 
    [COUNTRY] => Россия
    [PROVINCE] => Кемеровская область
    [REGION] => 
    [CITY] => г.Полысаево
    [ADDRESS_2] => 
)

internalExecute:
Array
(
    [TYPE_ID] => 4
    [ENTITY_TYPE_ID] => 3
    [ENTITY_ID] => 241094
    [STREET] => Проскакова
    [BUILDING] => 3
    [POSTAL_CODE] => 
    [COUNTRY] => Россия
    [PROVINCE] => Кемеровская область
    [REGION] => 
    [CITY] => г.Полысаево
    [ADDRESS_2] => 
)

internalExecute:
Array
(
    [TYPE_ID] => 4
    [ENTITY_TYPE_ID] => 3
    [ENTITY_ID] => 241095
    [STREET] => Лесной городок
    [BUILDING] => 7
    [POSTAL_CODE] => 
    [COUNTRY] => Россия
    [PROVINCE] => Кемеровская область
    [REGION] => 
    [CITY] => г.Ленинск-Кузнецкий
    [ADDRESS_2] => 15
)

internalExecute:
Array
(
    [TYPE_ID] => 4
    [ENTITY_TYPE_ID] => 3
    [ENTITY_ID] => 241095
    [STREET] => Лесной городок
    [BUILDING] => 7
    [POSTAL_CODE] => 
    [COUNTRY] => Россия
    [PROVINCE] => Кемеровская область
    [REGION] => 
    [CITY] => г.Ленинск-Кузнецкий
    [ADDRESS_2] => 15
)

internalExecute:
Array
(
    [TYPE_ID] => 4
    [ENTITY_TYPE_ID] => 3
    [ENTITY_ID] => 241097
    [STREET] => -
    [BUILDING] => 
    [POSTAL_CODE] => 
    [COUNTRY] => Россия
    [PROVINCE] => Респ Дагестан
    [REGION] => Чароднский район
    [CITY] => с Арчиб
    [ADDRESS_2] => 
)

internalExecute:
Array
(
    [TYPE_ID] => 4
    [ENTITY_TYPE_ID] => 3
    [ENTITY_ID] => 241097
    [STREET] => -
    [BUILDING] => 
    [POSTAL_CODE] => 
    [COUNTRY] => Россия
    [PROVINCE] => Респ Дагестан
    [REGION] => Чароднский район
    [CITY] => с Арчиб
    [ADDRESS_2] => 
)

internalExecute:
Array
(
    [TYPE_ID] => 1
    [ENTITY_TYPE_ID] => 3
    [ENTITY_ID] => 241097
    [STREET] => -
    [BUILDING] => 
    [POSTAL_CODE] => 
    [COUNTRY] => Россия
    [PROVINCE] => Респ Дагестан
    [REGION] => Чароднский район
    [CITY] => с Арчиб
    [ADDRESS_2] => 
)

internalExecute:
Array
(
    [TYPE_ID] => 1
    [ENTITY_TYPE_ID] => 3
    [ENTITY_ID] => 241097
    [STREET] => -
    [BUILDING] => 
    [POSTAL_CODE] => 
    [COUNTRY] => Россия
    [PROVINCE] => Респ Дагестан
    [REGION] => Чароднский район
    [CITY] => с Арчиб
    [ADDRESS_2] => 
)

internalExecute:
Array
(
    [TYPE_ID] => 4
    [ENTITY_TYPE_ID] => 3
    [ENTITY_ID] => 241098
    [STREET] => -
    [BUILDING] => 
    [POSTAL_CODE] => 
    [COUNTRY] => Россия
    [PROVINCE] => Респ Дагестан 
    [REGION] => 
    [CITY] => Чародинский район
    [ADDRESS_2] => -
)

internalExecute:
Array
(
    [TYPE_ID] => 4
    [ENTITY_TYPE_ID] => 3
    [ENTITY_ID] => 241098
    [STREET] => -
    [BUILDING] => 
    [POSTAL_CODE] => 
    [COUNTRY] => Россия
    [PROVINCE] => Респ Дагестан 
    [REGION] => 
    [CITY] => Чародинский район
    [ADDRESS_2] => -
)

internalExecute:
Array
(
    [TYPE_ID] => 1
    [ENTITY_TYPE_ID] => 3
    [ENTITY_ID] => 241098
    [STREET] => ул Фрунзе
    [BUILDING] => 32
    [POSTAL_CODE] => 
    [COUNTRY] => Россия
    [PROVINCE] => Респ Дагестан
    [REGION] => Кизлярский район
    [CITY] => с Новогладовка
    [ADDRESS_2] => 
)

internalExecute:
Array
(
    [TYPE_ID] => 1
    [ENTITY_TYPE_ID] => 3
    [ENTITY_ID] => 241098
    [STREET] => ул Фрунзе
    [BUILDING] => 32
    [POSTAL_CODE] => 
    [COUNTRY] => Россия
    [PROVINCE] => Респ Дагестан
    [REGION] => Кизлярский район
    [CITY] => с Новогладовка
    [ADDRESS_2] => 
)

internalExecute:
Array
(
    [TYPE_ID] => 4
    [ENTITY_TYPE_ID] => 3
    [ENTITY_ID] => 241104
    [STREET] => Коммунистическая
    [BUILDING] => 2
    [POSTAL_CODE] => 601370
    [COUNTRY] => Россия
    [PROVINCE] => Владимирская область
    [REGION] => Судогодский район
    [CITY] => п. Андреево
    [ADDRESS_2] => 7
)

internalExecute:
Array
(
    [TYPE_ID] => 4
    [ENTITY_TYPE_ID] => 3
    [ENTITY_ID] => 241104
    [STREET] => Коммунистическая
    [BUILDING] => 2
    [POSTAL_CODE] => 601370
    [COUNTRY] => Россия
    [PROVINCE] => Владимирская область
    [REGION] => Судогодский район
    [CITY] => п. Андреево
    [ADDRESS_2] => 7
)

internalExecute:
Array
(
    [TYPE_ID] => 1
    [ENTITY_TYPE_ID] => 3
    [ENTITY_ID] => 241104
    [STREET] => Коммунистическая
    [BUILDING] => 2
    [POSTAL_CODE] => 601370
    [COUNTRY] => Россия
    [PROVINCE] => Владимирская область
    [REGION] => Судогодский район
    [CITY] => п. Андреево
    [ADDRESS_2] => 7
)

internalExecute:
Array
(
    [TYPE_ID] => 1
    [ENTITY_TYPE_ID] => 3
    [ENTITY_ID] => 241104
    [STREET] => Коммунистическая
    [BUILDING] => 2
    [POSTAL_CODE] => 601370
    [COUNTRY] => Россия
    [PROVINCE] => Владимирская область
    [REGION] => Судогодский район
    [CITY] => п. Андреево
    [ADDRESS_2] => 7
)

internalExecute:
Array
(
    [TYPE_ID] => 4
    [ENTITY_TYPE_ID] => 3
    [ENTITY_ID] => 241105
    [STREET] => Донецкая
    [BUILDING] => 26
    [POSTAL_CODE] => 109651
    [COUNTRY] => Россия
    [PROVINCE] => Московская область
    [REGION] => 
    [CITY] => Москва
    [ADDRESS_2] => кв.50 ком.8
)

internalExecute:
Array
(
    [TYPE_ID] => 4
    [ENTITY_TYPE_ID] => 3
    [ENTITY_ID] => 241105
    [STREET] => Донецкая
    [BUILDING] => 26
    [POSTAL_CODE] => 109651
    [COUNTRY] => Россия
    [PROVINCE] => Московская область
    [REGION] => 
    [CITY] => Москва
    [ADDRESS_2] => кв.50 ком.8
)

internalExecute:
Array
(
    [TYPE_ID] => 4
    [ENTITY_TYPE_ID] => 3
    [ENTITY_ID] => 241111
    [STREET] => ул Лободина
    [BUILDING] => 53
    [POSTAL_CODE] => 
    [COUNTRY] => Россия
    [PROVINCE] => Карачаево-Черкесская Республика
    [REGION] => 
    [CITY] => г Черкесск
    [ADDRESS_2] => 58
)

internalExecute:
Array
(
    [TYPE_ID] => 4
    [ENTITY_TYPE_ID] => 3
    [ENTITY_ID] => 241111
    [STREET] => ул Лободина
    [BUILDING] => 53
    [POSTAL_CODE] => 
    [COUNTRY] => Россия
    [PROVINCE] => Карачаево-Черкесская Республика
    [REGION] => 
    [CITY] => г Черкесск
    [ADDRESS_2] => 58
)

internalExecute:
Array
(
    [TYPE_ID] => 1
    [ENTITY_TYPE_ID] => 3
    [ENTITY_ID] => 241111
    [STREET] => ул М. Токбаева
    [BUILDING] => 23
    [POSTAL_CODE] => 
    [COUNTRY] => Россия
    [PROVINCE] => Карачаево-Черкесская Республика
    [REGION] => Хабезский район
    [CITY] => а Али-Бердуковский
    [ADDRESS_2] => 
)

internalExecute:
Array
(
    [TYPE_ID] => 1
    [ENTITY_TYPE_ID] => 3
    [ENTITY_ID] => 241111
    [STREET] => ул М. Токбаева
    [BUILDING] => 23
    [POSTAL_CODE] => 
    [COUNTRY] => Россия
    [PROVINCE] => Карачаево-Черкесская Республика
    [REGION] => Хабезский район
    [CITY] => а Али-Бердуковский
    [ADDRESS_2] => 
)

internalExecute:
Array
(
    [TYPE_ID] => 4
    [ENTITY_TYPE_ID] => 3
    [ENTITY_ID] => 241112
    [STREET] => ул Доватора
    [BUILDING] => 58
    [POSTAL_CODE] => 
    [COUNTRY] => Россия
    [PROVINCE] => Карачаево-Черкесская Республика
    [REGION] => 
    [CITY] => г Черкесск
    [ADDRESS_2] => 4 к 24
)

internalExecute:
Array
(
    [TYPE_ID] => 4
    [ENTITY_TYPE_ID] => 3
    [ENTITY_ID] => 241112
    [STREET] => ул Доватора
    [BUILDING] => 58
    [POSTAL_CODE] => 
    [COUNTRY] => Россия
    [PROVINCE] => Карачаево-Черкесская Республика
    [REGION] => 
    [CITY] => г Черкесск
    [ADDRESS_2] => 4 к 24
)

internalExecute:
Array
(
    [TYPE_ID] => 1
    [ENTITY_TYPE_ID] => 3
    [ENTITY_ID] => 241112
    [STREET] => ул Доватора
    [BUILDING] => 58
    [POSTAL_CODE] => 
    [COUNTRY] => Россия
    [PROVINCE] => Карачаево-Черкесская Республика
    [REGION] => 
    [CITY] => г Черкесск
    [ADDRESS_2] => 4 к 24
)

internalExecute:
Array
(
    [TYPE_ID] => 1
    [ENTITY_TYPE_ID] => 3
    [ENTITY_ID] => 241112
    [STREET] => ул Доватора
    [BUILDING] => 58
    [POSTAL_CODE] => 
    [COUNTRY] => Россия
    [PROVINCE] => Карачаево-Черкесская Республика
    [REGION] => 
    [CITY] => г Черкесск
    [ADDRESS_2] => 4 к 24
)

internalExecute:
Array
(
    [TYPE_ID] => 4
    [ENTITY_TYPE_ID] => 3
    [ENTITY_ID] => 241145
    [STREET] => Минина
    [BUILDING] => 109
    [POSTAL_CODE] => 
    [COUNTRY] => Россия
    [PROVINCE] => обл.Кемеровская
    [REGION] => 
    [CITY] => г.Белово
    [ADDRESS_2] => 
)

internalExecute:
Array
(
    [TYPE_ID] => 4
    [ENTITY_TYPE_ID] => 3
    [ENTITY_ID] => 241145
    [STREET] => Минина
    [BUILDING] => 109
    [POSTAL_CODE] => 
    [COUNTRY] => Россия
    [PROVINCE] => обл.Кемеровская
    [REGION] => 
    [CITY] => г.Белово
    [ADDRESS_2] => 
)

internalExecute:
Array
(
    [TYPE_ID] => 1
    [ENTITY_TYPE_ID] => 3
    [ENTITY_ID] => 241145
    [STREET] => Минина
    [BUILDING] => 109
    [POSTAL_CODE] => 
    [COUNTRY] => Россия
    [PROVINCE] => обл.Кемеровская
    [REGION] => 
    [CITY] => г.Белово
    [ADDRESS_2] => 
)

internalExecute:
Array
(
    [TYPE_ID] => 1
    [ENTITY_TYPE_ID] => 3
    [ENTITY_ID] => 241145
    [STREET] => Минина
    [BUILDING] => 109
    [POSTAL_CODE] => 
    [COUNTRY] => Россия
    [PROVINCE] => обл.Кемеровская
    [REGION] => 
    [CITY] => г.Белово
    [ADDRESS_2] => 
)

internalExecute:
Array
(
    [TYPE_ID] => 4
    [ENTITY_TYPE_ID] => 3
    [ENTITY_ID] => 241149
    [STREET] => М. Даудова
    [BUILDING] => 192
    [POSTAL_CODE] => 
    [COUNTRY] => Россия
    [PROVINCE] => Чеченская Республика
    [REGION] => Курчалоевский район
    [CITY] => с. Гелдаган
    [ADDRESS_2] => 
)

internalExecute:
Array
(
    [TYPE_ID] => 4
    [ENTITY_TYPE_ID] => 3
    [ENTITY_ID] => 241149
    [STREET] => М. Даудова
    [BUILDING] => 192
    [POSTAL_CODE] => 
    [COUNTRY] => Россия
    [PROVINCE] => Чеченская Республика
    [REGION] => Курчалоевский район
    [CITY] => с. Гелдаган
    [ADDRESS_2] => 
)

internalExecute:
Array
(
    [TYPE_ID] => 1
    [ENTITY_TYPE_ID] => 3
    [ENTITY_ID] => 241149
    [STREET] => М. Даудова
    [BUILDING] => 192
    [POSTAL_CODE] => 
    [COUNTRY] => Россия
    [PROVINCE] => Чеченская Республика
    [REGION] => Курчалоевский район
    [CITY] => с. Гелдаган
    [ADDRESS_2] => 
)

internalExecute:
Array
(
    [TYPE_ID] => 1
    [ENTITY_TYPE_ID] => 3
    [ENTITY_ID] => 241149
    [STREET] => М. Даудова
    [BUILDING] => 192
    [POSTAL_CODE] => 
    [COUNTRY] => Россия
    [PROVINCE] => Чеченская Республика
    [REGION] => Курчалоевский район
    [CITY] => с. Гелдаган
    [ADDRESS_2] => 
)

internalExecute:
Array
(
    [TYPE_ID] => 4
    [ENTITY_TYPE_ID] => 3
    [ENTITY_ID] => 241150
    [STREET] => ул Митаева
    [BUILDING] => 9
    [POSTAL_CODE] => 
    [COUNTRY] => Россия
    [PROVINCE] => Чеченская Республика
    [REGION] => с Цаци-Юрт
    [CITY] => Курчалоевский район
    [ADDRESS_2] => 
)

internalExecute:
Array
(
    [TYPE_ID] => 4
    [ENTITY_TYPE_ID] => 3
    [ENTITY_ID] => 241150
    [STREET] => ул Митаева
    [BUILDING] => 9
    [POSTAL_CODE] => 
    [COUNTRY] => Россия
    [PROVINCE] => Чеченская Республика
    [REGION] => с Цаци-Юрт
    [CITY] => Курчалоевский район
    [ADDRESS_2] => 
)

internalExecute:
Array
(
    [TYPE_ID] => 1
    [ENTITY_TYPE_ID] => 3
    [ENTITY_ID] => 241150
    [STREET] => ул Митаева
    [BUILDING] => 9
    [POSTAL_CODE] => 
    [COUNTRY] => Россия
    [PROVINCE] => Чеченская Республика
    [REGION] => с Цаци-Юрт
    [CITY] => {{Населенный пункт}}
    [ADDRESS_2] => 
)

internalExecute:
Array
(
    [TYPE_ID] => 1
    [ENTITY_TYPE_ID] => 3
    [ENTITY_ID] => 241150
    [STREET] => ул Митаева
    [BUILDING] => 9
    [POSTAL_CODE] => 
    [COUNTRY] => Россия
    [PROVINCE] => Чеченская Республика
    [REGION] => с Цаци-Юрт
    [CITY] => {{Населенный пункт}}
    [ADDRESS_2] => 
)

internalExecute:
Array
(
    [TYPE_ID] => 4
    [ENTITY_TYPE_ID] => 3
    [ENTITY_ID] => 241151
    [STREET] => 
    [BUILDING] => 
    [POSTAL_CODE] => 
    [COUNTRY] => Россия
    [PROVINCE] => 
    [REGION] => 
    [CITY] => 
    [ADDRESS_2] => 
)

internalExecute:
Array
(
    [TYPE_ID] => 4
    [ENTITY_TYPE_ID] => 3
    [ENTITY_ID] => 241151
    [STREET] => 
    [BUILDING] => 
    [POSTAL_CODE] => 
    [COUNTRY] => Россия
    [PROVINCE] => 
    [REGION] => 
    [CITY] => 
    [ADDRESS_2] => 
)

internalExecute:
Array
(
    [TYPE_ID] => 4
    [ENTITY_TYPE_ID] => 3
    [ENTITY_ID] => 241152
    [STREET] => Набережная
    [BUILDING] => 2
    [POSTAL_CODE] => 
    [COUNTRY] => Россия
    [PROVINCE] => Якутия
    [REGION] => Мегино-Кангалаский
    [CITY] => Даркылах
    [ADDRESS_2] => 
)

internalExecute:
Array
(
    [TYPE_ID] => 4
    [ENTITY_TYPE_ID] => 3
    [ENTITY_ID] => 241152
    [STREET] => Набережная
    [BUILDING] => 2
    [POSTAL_CODE] => 
    [COUNTRY] => Россия
    [PROVINCE] => Якутия
    [REGION] => Мегино-Кангалаский
    [CITY] => Даркылах
    [ADDRESS_2] => 
)

internalExecute:
Array
(
    [TYPE_ID] => 1
    [ENTITY_TYPE_ID] => 3
    [ENTITY_ID] => 241152
    [STREET] => Набережная
    [BUILDING] => 2
    [POSTAL_CODE] => 
    [COUNTRY] => Россия
    [PROVINCE] => Якутия
    [REGION] => Мегино-Кангалаский
    [CITY] => Даркылах
    [ADDRESS_2] => 
)

internalExecute:
Array
(
    [TYPE_ID] => 1
    [ENTITY_TYPE_ID] => 3
    [ENTITY_ID] => 241152
    [STREET] => Набережная
    [BUILDING] => 2
    [POSTAL_CODE] => 
    [COUNTRY] => Россия
    [PROVINCE] => Якутия
    [REGION] => Мегино-Кангалаский
    [CITY] => Даркылах
    [ADDRESS_2] => 
)

internalExecute:
Array
(
    [TYPE_ID] => 4
    [ENTITY_TYPE_ID] => 3
    [ENTITY_ID] => 241153
    [STREET] => Набережная
    [BUILDING] => 2
    [POSTAL_CODE] => 
    [COUNTRY] => Россия
    [PROVINCE] => Якутия
    [REGION] => Мегино-Кангаласский
    [CITY] => Даркылах
    [ADDRESS_2] => 
)

internalExecute:
Array
(
    [TYPE_ID] => 4
    [ENTITY_TYPE_ID] => 3
    [ENTITY_ID] => 241153
    [STREET] => Набережная
    [BUILDING] => 2
    [POSTAL_CODE] => 
    [COUNTRY] => Россия
    [PROVINCE] => Якутия
    [REGION] => Мегино-Кангаласский
    [CITY] => Даркылах
    [ADDRESS_2] => 
)

internalExecute:
Array
(
    [TYPE_ID] => 1
    [ENTITY_TYPE_ID] => 4
    [ENTITY_ID] => 48682
    [STREET] => Ольховская
    [BUILDING] => 32
    [POSTAL_CODE] => 
    [COUNTRY] => 
    [PROVINCE] => Свердловская
    [REGION] => 
    [CITY] => Екатеринбург
    [ADDRESS_2] => 
)

internalExecute:
Array
(
    [TYPE_ID] => 1
    [ENTITY_TYPE_ID] => 4
    [ENTITY_ID] => 48682
    [STREET] => Ольховская
    [BUILDING] => 32
    [POSTAL_CODE] => 
    [COUNTRY] => 
    [PROVINCE] => Свердловская
    [REGION] => 
    [CITY] => Екатеринбург
    [ADDRESS_2] => 
)

internalExecute:
Array
(
    [TYPE_ID] => 1
    [ENTITY_TYPE_ID] => 4
    [ENTITY_ID] => 48714
    [STREET] => Головко ул
    [BUILDING] => 20
    [POSTAL_CODE] => 
    [COUNTRY] => 
    [PROVINCE] => Кабардино-Балкарская Респ
    [REGION] => 
    [CITY] => Нальчик г
    [ADDRESS_2] => 18
)

internalExecute:
Array
(
    [TYPE_ID] => 1
    [ENTITY_TYPE_ID] => 4
    [ENTITY_ID] => 48714
    [STREET] => Головко ул
    [BUILDING] => 20
    [POSTAL_CODE] => 
    [COUNTRY] => 
    [PROVINCE] => Кабардино-Балкарская Респ
    [REGION] => 
    [CITY] => Нальчик г
    [ADDRESS_2] => 18
)

internalExecute:
Array
(
    [TYPE_ID] => 4
    [ENTITY_TYPE_ID] => 3
    [ENTITY_ID] => 241233
    [STREET] => Н.Е.Мординова
    [BUILDING] => 32/1
    [POSTAL_CODE] => 677014
    [COUNTRY] => Россия
    [PROVINCE] => Республика Саха (Якутия)
    [REGION] => г.Якутск
    [CITY] => 
    [ADDRESS_2] => 137
)

internalExecute:
Array
(
    [TYPE_ID] => 4
    [ENTITY_TYPE_ID] => 3
    [ENTITY_ID] => 241233
    [STREET] => Н.Е.Мординова
    [BUILDING] => 32/1
    [POSTAL_CODE] => 677014
    [COUNTRY] => Россия
    [PROVINCE] => Республика Саха (Якутия)
    [REGION] => г.Якутск
    [CITY] => 
    [ADDRESS_2] => 137
)

internalExecute:
Array
(
    [TYPE_ID] => 1
    [ENTITY_TYPE_ID] => 3
    [ENTITY_ID] => 241233
    [STREET] => Н.Е.Мординова
    [BUILDING] => 32/1
    [POSTAL_CODE] => 677014
    [COUNTRY] => Россия
    [PROVINCE] => Республика Саха (Якутия)
    [REGION] => г.Якутск
    [CITY] => 
    [ADDRESS_2] => 137
)

internalExecute:
Array
(
    [TYPE_ID] => 1
    [ENTITY_TYPE_ID] => 3
    [ENTITY_ID] => 241233
    [STREET] => Н.Е.Мординова
    [BUILDING] => 32/1
    [POSTAL_CODE] => 677014
    [COUNTRY] => Россия
    [PROVINCE] => Республика Саха (Якутия)
    [REGION] => г.Якутск
    [CITY] => 
    [ADDRESS_2] => 137
)

internalExecute:
Array
(
    [TYPE_ID] => 4
    [ENTITY_TYPE_ID] => 3
    [ENTITY_ID] => 241234
    [STREET] => Озерная 
    [BUILDING] => 7
    [POSTAL_CODE] => 678389
    [COUNTRY] => Россия
    [PROVINCE] => Республика Саха (Якутия)
    [REGION] => Намский
    [CITY] => Тумул
    [ADDRESS_2] => 
)

internalExecute:
Array
(
    [TYPE_ID] => 4
    [ENTITY_TYPE_ID] => 3
    [ENTITY_ID] => 241234
    [STREET] => Озерная 
    [BUILDING] => 7
    [POSTAL_CODE] => 678389
    [COUNTRY] => Россия
    [PROVINCE] => Республика Саха (Якутия)
    [REGION] => Намский
    [CITY] => Тумул
    [ADDRESS_2] => 
)

internalExecute:
Array
(
    [TYPE_ID] => 1
    [ENTITY_TYPE_ID] => 4
    [ENTITY_ID] => 48299
    [STREET] => ерыкер
    [BUILDING] => 2
    [POSTAL_CODE] => 
    [COUNTRY] => 
    [PROVINCE] => ырпыкер
    [REGION] => 
    [CITY] => ырыкерк
    [ADDRESS_2] => 2
)

internalExecute:
Array
(
    [TYPE_ID] => 1
    [ENTITY_TYPE_ID] => 4
    [ENTITY_ID] => 48299
    [STREET] => ерыкер
    [BUILDING] => 2
    [POSTAL_CODE] => 
    [COUNTRY] => 
    [PROVINCE] => ырпыкер
    [REGION] => 
    [CITY] => ырыкерк
    [ADDRESS_2] => 2
)

internalExecute:
Array
(
    [TYPE_ID] => 1
    [ENTITY_TYPE_ID] => 4
    [ENTITY_ID] => 48718
    [STREET] => ыкерыкер
    [BUILDING] => 3
    [POSTAL_CODE] => 
    [COUNTRY] => 
    [PROVINCE] => ыкрыкер
    [REGION] => 
    [CITY] => ыкерыкер
    [ADDRESS_2] => 3
)

internalExecute:
Array
(
    [TYPE_ID] => 1
    [ENTITY_TYPE_ID] => 4
    [ENTITY_ID] => 48718
    [STREET] => ыкерыкер
    [BUILDING] => 3
    [POSTAL_CODE] => 
    [COUNTRY] => 
    [PROVINCE] => ыкрыкер
    [REGION] => 
    [CITY] => ыкерыкер
    [ADDRESS_2] => 3
)

internalExecute:
Array
(
    [TYPE_ID] => 4
    [ENTITY_TYPE_ID] => 3
    [ENTITY_ID] => 241241
    [STREET] => Эрик
    [BUILDING] => 16
    [POSTAL_CODE] => 668020
    [COUNTRY] => Россия
    [PROVINCE] => Республика Тыва
    [REGION] => Монгун-Тайгинский
    [CITY] => с. Мугур-аксы
    [ADDRESS_2] => 1
)

internalExecute:
Array
(
    [TYPE_ID] => 4
    [ENTITY_TYPE_ID] => 3
    [ENTITY_ID] => 241241
    [STREET] => Эрик
    [BUILDING] => 16
    [POSTAL_CODE] => 668020
    [COUNTRY] => Россия
    [PROVINCE] => Республика Тыва
    [REGION] => Монгун-Тайгинский
    [CITY] => с. Мугур-аксы
    [ADDRESS_2] => 1
)

internalExecute:
Array
(
    [TYPE_ID] => 1
    [ENTITY_TYPE_ID] => 3
    [ENTITY_ID] => 241241
    [STREET] => Московская
    [BUILDING] => 105
    [POSTAL_CODE] => 667000
    [COUNTRY] => Россия
    [PROVINCE] => Республика Тыва
    [REGION] => 
    [CITY] => Кызыл город
    [ADDRESS_2] => 22
)

internalExecute:
Array
(
    [TYPE_ID] => 1
    [ENTITY_TYPE_ID] => 3
    [ENTITY_ID] => 241241
    [STREET] => Московская
    [BUILDING] => 105
    [POSTAL_CODE] => 667000
    [COUNTRY] => Россия
    [PROVINCE] => Республика Тыва
    [REGION] => 
    [CITY] => Кызыл город
    [ADDRESS_2] => 22
)

internalExecute:
Array
(
    [TYPE_ID] => 4
    [ENTITY_TYPE_ID] => 3
    [ENTITY_ID] => 241242
    [STREET] => ул. Тоолайлыг
    [BUILDING] => 
    [POSTAL_CODE] => 668020
    [COUNTRY] => Россия
    [PROVINCE] => Республика Тыва
    [REGION] => Монгун-Тайгинский район
    [CITY] => с. Мугур-Аксы
    [ADDRESS_2] => 
)

internalExecute:
Array
(
    [TYPE_ID] => 4
    [ENTITY_TYPE_ID] => 3
    [ENTITY_ID] => 241242
    [STREET] => ул. Тоолайлыг
    [BUILDING] => 
    [POSTAL_CODE] => 668020
    [COUNTRY] => Россия
    [PROVINCE] => Республика Тыва
    [REGION] => Монгун-Тайгинский район
    [CITY] => с. Мугур-Аксы
    [ADDRESS_2] => 
)

internalExecute:
Array
(
    [TYPE_ID] => 4
    [ENTITY_TYPE_ID] => 3
    [ENTITY_ID] => 241243
    [STREET] => Центральная
    [BUILDING] => 127
    [POSTAL_CODE] => 
    [COUNTRY] => Россия
    [PROVINCE] => Забайкальский край
    [REGION] => Читинский
    [CITY] => п.ст. Ингода
    [ADDRESS_2] => 2
)

internalExecute:
Array
(
    [TYPE_ID] => 4
    [ENTITY_TYPE_ID] => 3
    [ENTITY_ID] => 241243
    [STREET] => Центральная
    [BUILDING] => 127
    [POSTAL_CODE] => 
    [COUNTRY] => Россия
    [PROVINCE] => Забайкальский край
    [REGION] => Читинский
    [CITY] => п.ст. Ингода
    [ADDRESS_2] => 2
)

internalExecute:
Array
(
    [TYPE_ID] => 1
    [ENTITY_TYPE_ID] => 3
    [ENTITY_ID] => 241243
    [STREET] => Центральная
    [BUILDING] => 127
    [POSTAL_CODE] => 
    [COUNTRY] => Россия
    [PROVINCE] => Забайкальский край
    [REGION] => Читинский
    [CITY] => п.ст. Ингода
    [ADDRESS_2] => 2
)

internalExecute:
Array
(
    [TYPE_ID] => 1
    [ENTITY_TYPE_ID] => 3
    [ENTITY_ID] => 241243
    [STREET] => Центральная
    [BUILDING] => 127
    [POSTAL_CODE] => 
    [COUNTRY] => Россия
    [PROVINCE] => Забайкальский край
    [REGION] => Читинский
    [CITY] => п.ст. Ингода
    [ADDRESS_2] => 2
)

internalExecute:
Array
(
    [TYPE_ID] => 4
    [ENTITY_TYPE_ID] => 3
    [ENTITY_ID] => 241244
    [STREET] => Линейная
    [BUILDING] => 30
    [POSTAL_CODE] => 
    [COUNTRY] => Россия
    [PROVINCE] => Читинская обл
    [REGION] => Читинский 
    [CITY] => Ингода
    [ADDRESS_2] => 
)

internalExecute:
Array
(
    [TYPE_ID] => 4
    [ENTITY_TYPE_ID] => 3
    [ENTITY_ID] => 241244
    [STREET] => Линейная
    [BUILDING] => 30
    [POSTAL_CODE] => 
    [COUNTRY] => Россия
    [PROVINCE] => Читинская обл
    [REGION] => Читинский 
    [CITY] => Ингода
    [ADDRESS_2] => 
)

internalExecute:
Array
(
    [TYPE_ID] => 1
    [ENTITY_TYPE_ID] => 4
    [ENTITY_ID] => 48718
    [STREET] => ыкерыкер
    [BUILDING] => 3
    [POSTAL_CODE] => 
    [COUNTRY] => 
    [PROVINCE] => ыкрыкер
    [REGION] => 
    [CITY] => ыкерыкер
    [ADDRESS_2] => 3
)

internalExecute:
Array
(
    [TYPE_ID] => 1
    [ENTITY_TYPE_ID] => 4
    [ENTITY_ID] => 48718
    [STREET] => ыкерыкер
    [BUILDING] => 3
    [POSTAL_CODE] => 
    [COUNTRY] => 
    [PROVINCE] => ыкрыкер
    [REGION] => 
    [CITY] => ыкерыкер
    [ADDRESS_2] => 3
)

internalExecute:
Array
(
    [TYPE_ID] => 4
    [ENTITY_TYPE_ID] => 3
    [ENTITY_ID] => 241260
    [STREET] => Бостанова
    [BUILDING] => 43
    [POSTAL_CODE] => 
    [COUNTRY] => Россия
    [PROVINCE] => Карачаево-Черкесская Респ
    [REGION] => Малокарачаевский
    [CITY] => с. Учкекен
    [ADDRESS_2] => 
)

internalExecute:
Array
(
    [TYPE_ID] => 4
    [ENTITY_TYPE_ID] => 3
    [ENTITY_ID] => 241260
    [STREET] => Бостанова
    [BUILDING] => 43
    [POSTAL_CODE] => 
    [COUNTRY] => Россия
    [PROVINCE] => Карачаево-Черкесская Респ
    [REGION] => Малокарачаевский
    [CITY] => с. Учкекен
    [ADDRESS_2] => 
)

internalExecute:
Array
(
    [TYPE_ID] => 1
    [ENTITY_TYPE_ID] => 3
    [ENTITY_ID] => 241260
    [STREET] => Бостанова
    [BUILDING] => 43
    [POSTAL_CODE] => 
    [COUNTRY] => Россия
    [PROVINCE] => Карачаево-Черкесская Респ
    [REGION] => Малокарачаевский
    [CITY] => с. Учкекен
    [ADDRESS_2] => 
)

internalExecute:
Array
(
    [TYPE_ID] => 1
    [ENTITY_TYPE_ID] => 3
    [ENTITY_ID] => 241260
    [STREET] => Бостанова
    [BUILDING] => 43
    [POSTAL_CODE] => 
    [COUNTRY] => Россия
    [PROVINCE] => Карачаево-Черкесская Респ
    [REGION] => Малокарачаевский
    [CITY] => с. Учкекен
    [ADDRESS_2] => 
)

internalExecute:
Array
(
    [TYPE_ID] => 4
    [ENTITY_TYPE_ID] => 3
    [ENTITY_ID] => 241261
    [STREET] => Надскальная
    [BUILDING] => 12
    [POSTAL_CODE] => 
    [COUNTRY] => Россия
    [PROVINCE] => Карачаево-Черкесская Респ
    [REGION] => Малокарачаевский
    [CITY] => с. Учкекен
    [ADDRESS_2] => 
)

internalExecute:
Array
(
    [TYPE_ID] => 4
    [ENTITY_TYPE_ID] => 3
    [ENTITY_ID] => 241261
    [STREET] => Надскальная
    [BUILDING] => 12
    [POSTAL_CODE] => 
    [COUNTRY] => Россия
    [PROVINCE] => Карачаево-Черкесская Респ
    [REGION] => Малокарачаевский
    [CITY] => с. Учкекен
    [ADDRESS_2] => 
)

internalExecute:
Array
(
    [TYPE_ID] => 4
    [ENTITY_TYPE_ID] => 3
    [ENTITY_ID] => 241263
    [STREET] => Центральная
    [BUILDING] => 1
    [POSTAL_CODE] => 427259
    [COUNTRY] => Россия
    [PROVINCE] => Республика Удмурская
    [REGION] => Убинский
    [CITY] => село Киби-Жикья
    [ADDRESS_2] => 
)

internalExecute:
Array
(
    [TYPE_ID] => 4
    [ENTITY_TYPE_ID] => 3
    [ENTITY_ID] => 241263
    [STREET] => Центральная
    [BUILDING] => 1
    [POSTAL_CODE] => 427259
    [COUNTRY] => Россия
    [PROVINCE] => Республика Удмурская
    [REGION] => Убинский
    [CITY] => село Киби-Жикья
    [ADDRESS_2] => 
)

internalExecute:
Array
(
    [TYPE_ID] => 1
    [ENTITY_TYPE_ID] => 3
    [ENTITY_ID] => 241263
    [STREET] => Шевцовой 
    [BUILDING] => 64
    [POSTAL_CODE] => 652642
    [COUNTRY] => Россия
    [PROVINCE] => Кемеровская область
    [REGION] => Белово
    [CITY] => Бачатский
    [ADDRESS_2] => 16
)

internalExecute:
Array
(
    [TYPE_ID] => 1
    [ENTITY_TYPE_ID] => 3
    [ENTITY_ID] => 241263
    [STREET] => Шевцовой 
    [BUILDING] => 64
    [POSTAL_CODE] => 652642
    [COUNTRY] => Россия
    [PROVINCE] => Кемеровская область
    [REGION] => Белово
    [CITY] => Бачатский
    [ADDRESS_2] => 16
)

internalExecute:
Array
(
    [TYPE_ID] => 4
    [ENTITY_TYPE_ID] => 3
    [ENTITY_ID] => 241264
    [STREET] => Зелёные Лужки
    [BUILDING] => 3
    [POSTAL_CODE] => 652680
    [COUNTRY] => Россия
    [PROVINCE] => Кемеровская область
    [REGION] => Беловский
    [CITY] => Старобачаты
    [ADDRESS_2] => 
)

internalExecute:
Array
(
    [TYPE_ID] => 4
    [ENTITY_TYPE_ID] => 3
    [ENTITY_ID] => 241264
    [STREET] => Зелёные Лужки
    [BUILDING] => 3
    [POSTAL_CODE] => 652680
    [COUNTRY] => Россия
    [PROVINCE] => Кемеровская область
    [REGION] => Беловский
    [CITY] => Старобачаты
    [ADDRESS_2] => 
)

internalExecute:
Array
(
    [TYPE_ID] => 1
    [ENTITY_TYPE_ID] => 4
    [ENTITY_ID] => 48731
    [STREET] => Кооперативная
    [BUILDING] => 1-1
    [POSTAL_CODE] => 
    [COUNTRY] => 
    [PROVINCE] => Кемеровская область - Кузбасс
    [REGION] => 
    [CITY] => Промышленная
    [ADDRESS_2] => 
)

internalExecute:
Array
(
    [TYPE_ID] => 1
    [ENTITY_TYPE_ID] => 4
    [ENTITY_ID] => 48731
    [STREET] => Кооперативная
    [BUILDING] => 1-1
    [POSTAL_CODE] => 
    [COUNTRY] => 
    [PROVINCE] => Кемеровская область - Кузбасс
    [REGION] => 
    [CITY] => Промышленная
    [ADDRESS_2] => 
)

internalExecute:
Array
(
    [TYPE_ID] => 4
    [ENTITY_TYPE_ID] => 3
    [ENTITY_ID] => 241268
    [STREET] => Н.Е. Мординова ул
    [BUILDING] => д 32/1
    [POSTAL_CODE] => 677014
    [COUNTRY] => Россия
    [PROVINCE] => Саха /Якутия/ Респ
    [REGION] => 
    [CITY] => г Якутск
    [ADDRESS_2] => 137
)

internalExecute:
Array
(
    [TYPE_ID] => 4
    [ENTITY_TYPE_ID] => 3
    [ENTITY_ID] => 241268
    [STREET] => Н.Е. Мординова ул
    [BUILDING] => д 32/1
    [POSTAL_CODE] => 677014
    [COUNTRY] => Россия
    [PROVINCE] => Саха /Якутия/ Респ
    [REGION] => 
    [CITY] => г Якутск
    [ADDRESS_2] => 137
)

internalExecute:
Array
(
    [TYPE_ID] => 1
    [ENTITY_TYPE_ID] => 3
    [ENTITY_ID] => 241268
    [STREET] => Н.Е. Мординова ул
    [BUILDING] => д 32/1
    [POSTAL_CODE] => 677014
    [COUNTRY] => Россия
    [PROVINCE] => Саха /Якутия/ Респ
    [REGION] => 
    [CITY] => г Якутск
    [ADDRESS_2] => 137
)

internalExecute:
Array
(
    [TYPE_ID] => 1
    [ENTITY_TYPE_ID] => 3
    [ENTITY_ID] => 241268
    [STREET] => Н.Е. Мординова ул
    [BUILDING] => д 32/1
    [POSTAL_CODE] => 677014
    [COUNTRY] => Россия
    [PROVINCE] => Саха /Якутия/ Респ
    [REGION] => 
    [CITY] => г Якутск
    [ADDRESS_2] => 137
)

internalExecute:
Array
(
    [TYPE_ID] => 4
    [ENTITY_TYPE_ID] => 3
    [ENTITY_ID] => 241269
    [STREET] => Озерная
    [BUILDING] => 7
    [POSTAL_CODE] => 
    [COUNTRY] => Россия
    [PROVINCE] => Саха /Якутия/ Респ
    [REGION] => Намский
    [CITY] => с. Тумгул
    [ADDRESS_2] => 
)

internalExecute:
Array
(
    [TYPE_ID] => 4
    [ENTITY_TYPE_ID] => 3
    [ENTITY_ID] => 241269
    [STREET] => Озерная
    [BUILDING] => 7
    [POSTAL_CODE] => 
    [COUNTRY] => Россия
    [PROVINCE] => Саха /Якутия/ Респ
    [REGION] => Намский
    [CITY] => с. Тумгул
    [ADDRESS_2] => 
)

internalExecute:
Array
(
    [TYPE_ID] => 4
    [ENTITY_TYPE_ID] => 3
    [ENTITY_ID] => 241270
    [STREET] => ул. Старикова
    [BUILDING] => 1
    [POSTAL_CODE] => 
    [COUNTRY] => Россия
    [PROVINCE] => Карачаево-Черкесская Республика
    [REGION] => Прикубанский район
    [CITY] => п. Кавказский
    [ADDRESS_2] => 56
)

internalExecute:
Array
(
    [TYPE_ID] => 4
    [ENTITY_TYPE_ID] => 3
    [ENTITY_ID] => 241270
    [STREET] => ул. Старикова
    [BUILDING] => 1
    [POSTAL_CODE] => 
    [COUNTRY] => Россия
    [PROVINCE] => Карачаево-Черкесская Республика
    [REGION] => Прикубанский район
    [CITY] => п. Кавказский
    [ADDRESS_2] => 56
)

internalExecute:
Array
(
    [TYPE_ID] => 1
    [ENTITY_TYPE_ID] => 3
    [ENTITY_ID] => 241270
    [STREET] => ул. Старикова
    [BUILDING] => 1
    [POSTAL_CODE] => 
    [COUNTRY] => Россия
    [PROVINCE] => Карачаево-Черкесская Республика
    [REGION] => Прикубанский район
    [CITY] => п. Кавказский
    [ADDRESS_2] => 56
)

internalExecute:
Array
(
    [TYPE_ID] => 1
    [ENTITY_TYPE_ID] => 3
    [ENTITY_ID] => 241270
    [STREET] => ул. Старикова
    [BUILDING] => 1
    [POSTAL_CODE] => 
    [COUNTRY] => Россия
    [PROVINCE] => Карачаево-Черкесская Республика
    [REGION] => Прикубанский район
    [CITY] => п. Кавказский
    [ADDRESS_2] => 56
)

internalExecute:
Array
(
    [TYPE_ID] => 4
    [ENTITY_TYPE_ID] => 3
    [ENTITY_ID] => 241271
    [STREET] => ул. Дж. Байрамукова
    [BUILDING] => 2
    [POSTAL_CODE] => 
    [COUNTRY] => Россия
    [PROVINCE] => Карачаево-Черкесская Республика
    [REGION] => Усть-Джегутинский район
    [CITY] => аул Сары-Тюз
    [ADDRESS_2] => А
)

internalExecute:
Array
(
    [TYPE_ID] => 4
    [ENTITY_TYPE_ID] => 3
    [ENTITY_ID] => 241271
    [STREET] => ул. Дж. Байрамукова
    [BUILDING] => 2
    [POSTAL_CODE] => 
    [COUNTRY] => Россия
    [PROVINCE] => Карачаево-Черкесская Республика
    [REGION] => Усть-Джегутинский район
    [CITY] => аул Сары-Тюз
    [ADDRESS_2] => А
)

internalExecute:
Array
(
    [TYPE_ID] => 1
    [ENTITY_TYPE_ID] => 3
    [ENTITY_ID] => 241271
    [STREET] => ул. Дж. Байрамукова
    [BUILDING] => 2
    [POSTAL_CODE] => 
    [COUNTRY] => Россия
    [PROVINCE] => Карачаево-Черкесская Республика
    [REGION] => Усть-Джегутинский район
    [CITY] => аул Сары-Тюз
    [ADDRESS_2] => А
)

internalExecute:
Array
(
    [TYPE_ID] => 1
    [ENTITY_TYPE_ID] => 3
    [ENTITY_ID] => 241271
    [STREET] => ул. Дж. Байрамукова
    [BUILDING] => 2
    [POSTAL_CODE] => 
    [COUNTRY] => Россия
    [PROVINCE] => Карачаево-Черкесская Республика
    [REGION] => Усть-Джегутинский район
    [CITY] => аул Сары-Тюз
    [ADDRESS_2] => А
)

internalExecute:
Array
(
    [TYPE_ID] => 1
    [ENTITY_TYPE_ID] => 4
    [ENTITY_ID] => 48299
    [STREET] => ычео
    [BUILDING] => 
    [POSTAL_CODE] => 
    [COUNTRY] => 
    [PROVINCE] => ыкерыкеркер
    [REGION] => 
    [CITY] => ыеркякр
    [ADDRESS_2] => 
)

internalExecute:
Array
(
    [TYPE_ID] => 1
    [ENTITY_TYPE_ID] => 4
    [ENTITY_ID] => 48299
    [STREET] => ычео
    [BUILDING] => 
    [POSTAL_CODE] => 
    [COUNTRY] => 
    [PROVINCE] => ыкерыкеркер
    [REGION] => 
    [CITY] => ыеркякр
    [ADDRESS_2] => 
)

internalExecute:
Array
(
    [TYPE_ID] => 1
    [ENTITY_TYPE_ID] => 4
    [ENTITY_ID] => 48733
    [STREET] => вковон
    [BUILDING] => 
    [POSTAL_CODE] => 
    [COUNTRY] => 
    [PROVINCE] => оые
    [REGION] => 
    [CITY] => ычкеовчкео
    [ADDRESS_2] => 
)

internalExecute:
Array
(
    [TYPE_ID] => 1
    [ENTITY_TYPE_ID] => 4
    [ENTITY_ID] => 48733
    [STREET] => вковон
    [BUILDING] => 
    [POSTAL_CODE] => 
    [COUNTRY] => 
    [PROVINCE] => оые
    [REGION] => 
    [CITY] => ычкеовчкео
    [ADDRESS_2] => 
)

internalExecute:
Array
(
    [TYPE_ID] => 1
    [ENTITY_TYPE_ID] => 4
    [ENTITY_ID] => 48735
    [STREET] => Ленина
    [BUILDING] => 48
    [POSTAL_CODE] => 
    [COUNTRY] => 
    [PROVINCE] => СО
    [REGION] => 
    [CITY] => ЕКБ
    [ADDRESS_2] => 263
)

internalExecute:
Array
(
    [TYPE_ID] => 1
    [ENTITY_TYPE_ID] => 4
    [ENTITY_ID] => 48735
    [STREET] => Ленина
    [BUILDING] => 48
    [POSTAL_CODE] => 
    [COUNTRY] => 
    [PROVINCE] => СО
    [REGION] => 
    [CITY] => ЕКБ
    [ADDRESS_2] => 263
)

internalExecute:
Array
(
    [TYPE_ID] => 1
    [ENTITY_TYPE_ID] => 4
    [ENTITY_ID] => 48737
    [STREET] => Сулимова
    [BUILDING] => 5
    [POSTAL_CODE] => 
    [COUNTRY] => 
    [PROVINCE] => СО
    [REGION] => 
    [CITY] => ЕКБ
    [ADDRESS_2] => 
)

internalExecute:
Array
(
    [TYPE_ID] => 1
    [ENTITY_TYPE_ID] => 4
    [ENTITY_ID] => 48737
    [STREET] => Сулимова
    [BUILDING] => 5
    [POSTAL_CODE] => 
    [COUNTRY] => 
    [PROVINCE] => СО
    [REGION] => 
    [CITY] => ЕКБ
    [ADDRESS_2] => 
)

internalExecute:
Array
(
    [TYPE_ID] => 1
    [ENTITY_TYPE_ID] => 4
    [ENTITY_ID] => 48776
    [STREET] => 50-летия Октября
    [BUILDING] => 46
    [POSTAL_CODE] => 
    [COUNTRY] => 
    [PROVINCE] => Бурятия
    [REGION] => 
    [CITY] => Улан-Удэ
    [ADDRESS_2] => б
)

internalExecute:
Array
(
    [TYPE_ID] => 1
    [ENTITY_TYPE_ID] => 4
    [ENTITY_ID] => 48776
    [STREET] => 50-летия Октября
    [BUILDING] => 46
    [POSTAL_CODE] => 
    [COUNTRY] => 
    [PROVINCE] => Бурятия
    [REGION] => 
    [CITY] => Улан-Удэ
    [ADDRESS_2] => б
)

internalExecute:
Array
(
    [TYPE_ID] => 4
    [ENTITY_TYPE_ID] => 3
    [ENTITY_ID] => 241319
    [STREET] => Дзержинского ул
    [BUILDING] => д 208
    [POSTAL_CODE] => 361331
    [COUNTRY] => Россия
    [PROVINCE] => Кабардино-Балкарская Респ
    [REGION] => 
    [CITY] => г Нарткала
    [ADDRESS_2] => 
)

internalExecute:
Array
(
    [TYPE_ID] => 4
    [ENTITY_TYPE_ID] => 3
    [ENTITY_ID] => 241319
    [STREET] => Дзержинского ул
    [BUILDING] => д 208
    [POSTAL_CODE] => 361331
    [COUNTRY] => Россия
    [PROVINCE] => Кабардино-Балкарская Респ
    [REGION] => 
    [CITY] => г Нарткала
    [ADDRESS_2] => 
)

internalExecute:
Array
(
    [TYPE_ID] => 1
    [ENTITY_TYPE_ID] => 3
    [ENTITY_ID] => 241319
    [STREET] => Дзержинского ул
    [BUILDING] => д 208
    [POSTAL_CODE] => 361331
    [COUNTRY] => Россия
    [PROVINCE] => Кабардино-Балкарская Респ
    [REGION] => 
    [CITY] => г Нарткала
    [ADDRESS_2] => 
)

internalExecute:
Array
(
    [TYPE_ID] => 1
    [ENTITY_TYPE_ID] => 3
    [ENTITY_ID] => 241319
    [STREET] => Дзержинского ул
    [BUILDING] => д 208
    [POSTAL_CODE] => 361331
    [COUNTRY] => Россия
    [PROVINCE] => Кабардино-Балкарская Респ
    [REGION] => 
    [CITY] => г Нарткала
    [ADDRESS_2] => 
)

internalExecute:
Array
(
    [TYPE_ID] => 4
    [ENTITY_TYPE_ID] => 3
    [ENTITY_ID] => 241320
    [STREET] => Ленина
    [BUILDING] => 61
    [POSTAL_CODE] => 
    [COUNTRY] => Россия
    [PROVINCE] => Кабардино-Балкарская Респ
    [REGION] => Урванский
    [CITY] => с. Кахун
    [ADDRESS_2] => 
)

internalExecute:
Array
(
    [TYPE_ID] => 4
    [ENTITY_TYPE_ID] => 3
    [ENTITY_ID] => 241320
    [STREET] => Ленина
    [BUILDING] => 61
    [POSTAL_CODE] => 
    [COUNTRY] => Россия
    [PROVINCE] => Кабардино-Балкарская Респ
    [REGION] => Урванский
    [CITY] => с. Кахун
    [ADDRESS_2] => 
)

internalExecute:
Array
(
    [TYPE_ID] => 1
    [ENTITY_TYPE_ID] => 3
    [ENTITY_ID] => 241320
    [STREET] => Ленина
    [BUILDING] => 61
    [POSTAL_CODE] => 
    [COUNTRY] => Россия
    [PROVINCE] => Кабардино-Балкарская Респ
    [REGION] => Урванский
    [CITY] => с. Кахун
    [ADDRESS_2] => 
)

internalExecute:
Array
(
    [TYPE_ID] => 1
    [ENTITY_TYPE_ID] => 3
    [ENTITY_ID] => 241320
    [STREET] => Ленина
    [BUILDING] => 61
    [POSTAL_CODE] => 
    [COUNTRY] => Россия
    [PROVINCE] => Кабардино-Балкарская Респ
    [REGION] => Урванский
    [CITY] => с. Кахун
    [ADDRESS_2] => 
)

internalExecute:
Array
(
    [TYPE_ID] => 4
    [ENTITY_TYPE_ID] => 3
    [ENTITY_ID] => 241321
    [STREET] => Дзержинского ул
    [BUILDING] => д 208
    [POSTAL_CODE] => 361331
    [COUNTRY] => Россия
    [PROVINCE] => Кабардино-Балкарская Респ
    [REGION] => 
    [CITY] => г Нарткала
    [ADDRESS_2] => 
)

internalExecute:
Array
(
    [TYPE_ID] => 4
    [ENTITY_TYPE_ID] => 3
    [ENTITY_ID] => 241321
    [STREET] => Дзержинского ул
    [BUILDING] => д 208
    [POSTAL_CODE] => 361331
    [COUNTRY] => Россия
    [PROVINCE] => Кабардино-Балкарская Респ
    [REGION] => 
    [CITY] => г Нарткала
    [ADDRESS_2] => 
)

internalExecute:
Array
(
    [TYPE_ID] => 1
    [ENTITY_TYPE_ID] => 4
    [ENTITY_ID] => 48299
    [STREET] => Ленина
    [BUILDING] => 
    [POSTAL_CODE] => 
    [COUNTRY] => 
    [PROVINCE] => СО
    [REGION] => 
    [CITY] => ЕКБ
    [ADDRESS_2] => 
)

internalExecute:
Array
(
    [TYPE_ID] => 1
    [ENTITY_TYPE_ID] => 4
    [ENTITY_ID] => 48299
    [STREET] => Ленина
    [BUILDING] => 
    [POSTAL_CODE] => 
    [COUNTRY] => 
    [PROVINCE] => СО
    [REGION] => 
    [CITY] => ЕКБ
    [ADDRESS_2] => 
)

internalExecute:
Array
(
    [TYPE_ID] => 1
    [ENTITY_TYPE_ID] => 4
    [ENTITY_ID] => 48781
    [STREET] => Серова дт2
    [BUILDING] => 
    [POSTAL_CODE] => 
    [COUNTRY] => 
    [PROVINCE] => СО доп.точка2
    [REGION] => 
    [CITY] => 
    [ADDRESS_2] => 
)

internalExecute:
Array
(
    [TYPE_ID] => 1
    [ENTITY_TYPE_ID] => 4
    [ENTITY_ID] => 48781
    [STREET] => Серова дт2
    [BUILDING] => 
    [POSTAL_CODE] => 
    [COUNTRY] => 
    [PROVINCE] => СО доп.точка2
    [REGION] => 
    [CITY] => 
    [ADDRESS_2] => 
)

internalExecute:
Array
(
    [TYPE_ID] => 1
    [ENTITY_TYPE_ID] => 4
    [ENTITY_ID] => 48781
    [STREET] => Серова дт2
    [BUILDING] => 
    [POSTAL_CODE] => 
    [COUNTRY] => 
    [PROVINCE] => СО доп.точка2
    [REGION] => 
    [CITY] => 
    [ADDRESS_2] => 
)

internalExecute:
Array
(
    [TYPE_ID] => 1
    [ENTITY_TYPE_ID] => 4
    [ENTITY_ID] => 48781
    [STREET] => Серова дт2
    [BUILDING] => 
    [POSTAL_CODE] => 
    [COUNTRY] => 
    [PROVINCE] => СО доп.точка2
    [REGION] => 
    [CITY] => 
    [ADDRESS_2] => 
)

internalExecute:
Array
(
    [TYPE_ID] => 1
    [ENTITY_TYPE_ID] => 4
    [ENTITY_ID] => 48784
    [STREET] => ывваы
    [BUILDING] => 123
    [POSTAL_CODE] => 
    [COUNTRY] => 
    [PROVINCE] => Рег1
    [REGION] => р32
    [CITY] => 
    [ADDRESS_2] => 123
)

internalExecute:
Array
(
    [TYPE_ID] => 1
    [ENTITY_TYPE_ID] => 4
    [ENTITY_ID] => 48784
    [STREET] => ывваы
    [BUILDING] => 123
    [POSTAL_CODE] => 
    [COUNTRY] => 
    [PROVINCE] => Рег1
    [REGION] => р32
    [CITY] => 
    [ADDRESS_2] => 123
)

internalExecute:
Array
(
    [TYPE_ID] => 1
    [ENTITY_TYPE_ID] => 4
    [ENTITY_ID] => 48299
    [STREET] => Ление
    [BUILDING] => 48
    [POSTAL_CODE] => 
    [COUNTRY] => 
    [PROVINCE] => СО
    [REGION] => 
    [CITY] => ЕКБ
    [ADDRESS_2] => 
)

internalExecute:
Array
(
    [TYPE_ID] => 1
    [ENTITY_TYPE_ID] => 4
    [ENTITY_ID] => 48299
    [STREET] => Ление
    [BUILDING] => 48
    [POSTAL_CODE] => 
    [COUNTRY] => 
    [PROVINCE] => СО
    [REGION] => 
    [CITY] => ЕКБ
    [ADDRESS_2] => 
)

internalExecute:
Array
(
    [TYPE_ID] => 1
    [ENTITY_TYPE_ID] => 4
    [ENTITY_ID] => 48786
    [STREET] => Ленина1
    [BUILDING] => 1
    [POSTAL_CODE] => 
    [COUNTRY] => 
    [PROVINCE] => СО1
    [REGION] => 
    [CITY] => ЕКБ1
    [ADDRESS_2] => 2
)

internalExecute:
Array
(
    [TYPE_ID] => 1
    [ENTITY_TYPE_ID] => 4
    [ENTITY_ID] => 48786
    [STREET] => Ленина1
    [BUILDING] => 1
    [POSTAL_CODE] => 
    [COUNTRY] => 
    [PROVINCE] => СО1
    [REGION] => 
    [CITY] => ЕКБ1
    [ADDRESS_2] => 2
)

internalExecute:
Array
(
    [TYPE_ID] => 1
    [ENTITY_TYPE_ID] => 4
    [ENTITY_ID] => 48787
    [STREET] => Ленина2
    [BUILDING] => 2
    [POSTAL_CODE] => 
    [COUNTRY] => 
    [PROVINCE] => СО2
    [REGION] => 
    [CITY] => ЕКБ2
    [ADDRESS_2] => 2
)

internalExecute:
Array
(
    [TYPE_ID] => 1
    [ENTITY_TYPE_ID] => 4
    [ENTITY_ID] => 48787
    [STREET] => Ленина2
    [BUILDING] => 2
    [POSTAL_CODE] => 
    [COUNTRY] => 
    [PROVINCE] => СО2
    [REGION] => 
    [CITY] => ЕКБ2
    [ADDRESS_2] => 2
)

internalExecute:
Array
(
    [TYPE_ID] => 1
    [ENTITY_TYPE_ID] => 4
    [ENTITY_ID] => 48714
    [STREET] => Хуранова
    [BUILDING] => 7
    [POSTAL_CODE] => 
    [COUNTRY] => 
    [PROVINCE] => Кабардино-Балкарская Республика
    [REGION] => 
    [CITY] => Нальчик
    [ADDRESS_2] => 1
)

internalExecute:
Array
(
    [TYPE_ID] => 1
    [ENTITY_TYPE_ID] => 4
    [ENTITY_ID] => 48714
    [STREET] => Хуранова
    [BUILDING] => 7
    [POSTAL_CODE] => 
    [COUNTRY] => 
    [PROVINCE] => Кабардино-Балкарская Республика
    [REGION] => 
    [CITY] => Нальчик
    [ADDRESS_2] => 1
)

internalExecute:
Array
(
    [TYPE_ID] => 4
    [ENTITY_TYPE_ID] => 3
    [ENTITY_ID] => 241332
    [STREET] => ул.Советская
    [BUILDING] => 43
    [POSTAL_CODE] => 
    [COUNTRY] => Россия
    [PROVINCE] => Кемеровская область
    [REGION] => Р-Н Ленинск-Кузнецкий
    [CITY] => П.Мусохраново
    [ADDRESS_2] => 
)

internalExecute:
Array
(
    [TYPE_ID] => 4
    [ENTITY_TYPE_ID] => 3
    [ENTITY_ID] => 241332
    [STREET] => ул.Советская
    [BUILDING] => 43
    [POSTAL_CODE] => 
    [COUNTRY] => Россия
    [PROVINCE] => Кемеровская область
    [REGION] => Р-Н Ленинск-Кузнецкий
    [CITY] => П.Мусохраново
    [ADDRESS_2] => 
)

internalExecute:
Array
(
    [TYPE_ID] => 1
    [ENTITY_TYPE_ID] => 3
    [ENTITY_ID] => 241332
    [STREET] => ул.Советская
    [BUILDING] => 43
    [POSTAL_CODE] => 
    [COUNTRY] => Россия
    [PROVINCE] => Кемеровская область
    [REGION] => Р-Н Ленинск-Кузнецкий
    [CITY] => П.Мусохраново
    [ADDRESS_2] => 
)

internalExecute:
Array
(
    [TYPE_ID] => 1
    [ENTITY_TYPE_ID] => 3
    [ENTITY_ID] => 241332
    [STREET] => ул.Советская
    [BUILDING] => 43
    [POSTAL_CODE] => 
    [COUNTRY] => Россия
    [PROVINCE] => Кемеровская область
    [REGION] => Р-Н Ленинск-Кузнецкий
    [CITY] => П.Мусохраново
    [ADDRESS_2] => 
)

internalExecute:
Array
(
    [TYPE_ID] => 4
    [ENTITY_TYPE_ID] => 3
    [ENTITY_ID] => 241333
    [STREET] => ул.Зеленая
    [BUILDING] => 7
    [POSTAL_CODE] => 
    [COUNTRY] => Россия
    [PROVINCE] => Кемеровская область
    [REGION] => р-н Ленинск-Кузнецкий
    [CITY] => с.Камышено
    [ADDRESS_2] => 2
)

internalExecute:
Array
(
    [TYPE_ID] => 4
    [ENTITY_TYPE_ID] => 3
    [ENTITY_ID] => 241333
    [STREET] => ул.Зеленая
    [BUILDING] => 7
    [POSTAL_CODE] => 
    [COUNTRY] => Россия
    [PROVINCE] => Кемеровская область
    [REGION] => р-н Ленинск-Кузнецкий
    [CITY] => с.Камышено
    [ADDRESS_2] => 2
)

internalExecute:
Array
(
    [TYPE_ID] => 1
    [ENTITY_TYPE_ID] => 4
    [ENTITY_ID] => 48787
    [STREET] => Ленина2
    [BUILDING] => 2
    [POSTAL_CODE] => 
    [COUNTRY] => 
    [PROVINCE] => СО2
    [REGION] => 
    [CITY] => ЕКБ2
    [ADDRESS_2] => 2
)

internalExecute:
Array
(
    [TYPE_ID] => 1
    [ENTITY_TYPE_ID] => 4
    [ENTITY_ID] => 48787
    [STREET] => Ленина2
    [BUILDING] => 2
    [POSTAL_CODE] => 
    [COUNTRY] => 
    [PROVINCE] => СО2
    [REGION] => 
    [CITY] => ЕКБ2
    [ADDRESS_2] => 2
)

internalExecute:
Array
(
    [TYPE_ID] => 1
    [ENTITY_TYPE_ID] => 4
    [ENTITY_ID] => 48787
    [STREET] => Ленина2
    [BUILDING] => 2
    [POSTAL_CODE] => 
    [COUNTRY] => 
    [PROVINCE] => СО2
    [REGION] => 
    [CITY] => ЕКБ2
    [ADDRESS_2] => 2
)

internalExecute:
Array
(
    [TYPE_ID] => 1
    [ENTITY_TYPE_ID] => 4
    [ENTITY_ID] => 48787
    [STREET] => Ленина2
    [BUILDING] => 2
    [POSTAL_CODE] => 
    [COUNTRY] => 
    [PROVINCE] => СО2
    [REGION] => 
    [CITY] => ЕКБ2
    [ADDRESS_2] => 2
)

internalExecute:
Array
(
    [TYPE_ID] => 1
    [ENTITY_TYPE_ID] => 4
    [ENTITY_ID] => 48794
    [STREET] => Лесная
    [BUILDING] => 50
    [POSTAL_CODE] => 
    [COUNTRY] => 
    [PROVINCE] => Башкортостан Респ
    [REGION] => 
    [CITY] => Белебей
    [ADDRESS_2] => 1
)

internalExecute:
Array
(
    [TYPE_ID] => 1
    [ENTITY_TYPE_ID] => 4
    [ENTITY_ID] => 48794
    [STREET] => Лесная
    [BUILDING] => 50
    [POSTAL_CODE] => 
    [COUNTRY] => 
    [PROVINCE] => Башкортостан Респ
    [REGION] => 
    [CITY] => Белебей
    [ADDRESS_2] => 1
)

internalExecute:
Array
(
    [TYPE_ID] => 4
    [ENTITY_TYPE_ID] => 3
    [ENTITY_ID] => 241356
    [STREET] => Минина
    [BUILDING] => 109
    [POSTAL_CODE] => 
    [COUNTRY] => Россия
    [PROVINCE] => Кемеровская область-Кузбасс
    [REGION] => 
    [CITY] => г.Белово
    [ADDRESS_2] => 
)

internalExecute:
Array
(
    [TYPE_ID] => 4
    [ENTITY_TYPE_ID] => 3
    [ENTITY_ID] => 241356
    [STREET] => Минина
    [BUILDING] => 109
    [POSTAL_CODE] => 
    [COUNTRY] => Россия
    [PROVINCE] => Кемеровская область-Кузбасс
    [REGION] => 
    [CITY] => г.Белово
    [ADDRESS_2] => 
)

internalExecute:
Array
(
    [TYPE_ID] => 1
    [ENTITY_TYPE_ID] => 3
    [ENTITY_ID] => 241356
    [STREET] => Минина
    [BUILDING] => 109
    [POSTAL_CODE] => 
    [COUNTRY] => Россия
    [PROVINCE] => Кемеровская область-Кузбасс
    [REGION] => 
    [CITY] => г.Белово
    [ADDRESS_2] => 
)

internalExecute:
Array
(
    [TYPE_ID] => 1
    [ENTITY_TYPE_ID] => 3
    [ENTITY_ID] => 241356
    [STREET] => Минина
    [BUILDING] => 109
    [POSTAL_CODE] => 
    [COUNTRY] => Россия
    [PROVINCE] => Кемеровская область-Кузбасс
    [REGION] => 
    [CITY] => г.Белово
    [ADDRESS_2] => 
)

internalExecute:
Array
(
    [TYPE_ID] => 4
    [ENTITY_TYPE_ID] => 3
    [ENTITY_ID] => 241357
    [STREET] => ул.Минина
    [BUILDING] => 109
    [POSTAL_CODE] => 
    [COUNTRY] => Россия
    [PROVINCE] => Кемеровская обл.
    [REGION] => 
    [CITY] => г.Белово 
    [ADDRESS_2] => 
)

internalExecute:
Array
(
    [TYPE_ID] => 4
    [ENTITY_TYPE_ID] => 3
    [ENTITY_ID] => 241357
    [STREET] => ул.Минина
    [BUILDING] => 109
    [POSTAL_CODE] => 
    [COUNTRY] => Россия
    [PROVINCE] => Кемеровская обл.
    [REGION] => 
    [CITY] => г.Белово 
    [ADDRESS_2] => 
)

internalExecute:
Array
(
    [TYPE_ID] => 1
    [ENTITY_TYPE_ID] => 3
    [ENTITY_ID] => 241357
    [STREET] => ул.Минина
    [BUILDING] => 109
    [POSTAL_CODE] => 
    [COUNTRY] => Россия
    [PROVINCE] => Кемеровская обл.
    [REGION] => 
    [CITY] => г.Белово 
    [ADDRESS_2] => 
)

internalExecute:
Array
(
    [TYPE_ID] => 1
    [ENTITY_TYPE_ID] => 3
    [ENTITY_ID] => 241357
    [STREET] => ул.Минина
    [BUILDING] => 109
    [POSTAL_CODE] => 
    [COUNTRY] => Россия
    [PROVINCE] => Кемеровская обл.
    [REGION] => 
    [CITY] => г.Белово 
    [ADDRESS_2] => 
)

internalExecute:
Array
(
    [TYPE_ID] => 4
    [ENTITY_TYPE_ID] => 3
    [ENTITY_ID] => 241358
    [STREET] => ул.Большевистская
    [BUILDING] => 175/5
    [POSTAL_CODE] => 
    [COUNTRY] => Россия
    [PROVINCE] => обл.Новосибирская
    [REGION] => 
    [CITY] => гор.Новосибирск
    [ADDRESS_2] => кв.114
)

internalExecute:
Array
(
    [TYPE_ID] => 4
    [ENTITY_TYPE_ID] => 3
    [ENTITY_ID] => 241358
    [STREET] => ул.Большевистская
    [BUILDING] => 175/5
    [POSTAL_CODE] => 
    [COUNTRY] => Россия
    [PROVINCE] => обл.Новосибирская
    [REGION] => 
    [CITY] => гор.Новосибирск
    [ADDRESS_2] => кв.114
)

internalExecute:
Array
(
    [TYPE_ID] => 4
    [ENTITY_TYPE_ID] => 3
    [ENTITY_ID] => 241359
    [STREET] => Ленина
    [BUILDING] => 117А
    [POSTAL_CODE] => 671510
    [COUNTRY] => Россия
    [PROVINCE] => Республика Бурятия
    [REGION] => Баунтовский
    [CITY] => с. Багдарин
    [ADDRESS_2] => 
)

internalExecute:
Array
(
    [TYPE_ID] => 4
    [ENTITY_TYPE_ID] => 3
    [ENTITY_ID] => 241359
    [STREET] => Ленина
    [BUILDING] => 117А
    [POSTAL_CODE] => 671510
    [COUNTRY] => Россия
    [PROVINCE] => Республика Бурятия
    [REGION] => Баунтовский
    [CITY] => с. Багдарин
    [ADDRESS_2] => 
)

internalExecute:
Array
(
    [TYPE_ID] => 1
    [ENTITY_TYPE_ID] => 3
    [ENTITY_ID] => 241359
    [STREET] => Ленина
    [BUILDING] => 117А
    [POSTAL_CODE] => 671510
    [COUNTRY] => Россия
    [PROVINCE] => Республика Бурятия
    [REGION] => Баунтовский
    [CITY] => с. Багдарин
    [ADDRESS_2] => 
)

internalExecute:
Array
(
    [TYPE_ID] => 1
    [ENTITY_TYPE_ID] => 3
    [ENTITY_ID] => 241359
    [STREET] => Ленина
    [BUILDING] => 117А
    [POSTAL_CODE] => 671510
    [COUNTRY] => Россия
    [PROVINCE] => Республика Бурятия
    [REGION] => Баунтовский
    [CITY] => с. Багдарин
    [ADDRESS_2] => 
)

internalExecute:
Array
(
    [TYPE_ID] => 4
    [ENTITY_TYPE_ID] => 3
    [ENTITY_ID] => 241360
    [STREET] => Ленина
    [BUILDING] => 58
    [POSTAL_CODE] => 671510
    [COUNTRY] => Россия
    [PROVINCE] => Республика Бурятия
    [REGION] => Баунтовский
    [CITY] => с.Багдарин
    [ADDRESS_2] => 8
)

internalExecute:
Array
(
    [TYPE_ID] => 4
    [ENTITY_TYPE_ID] => 3
    [ENTITY_ID] => 241360
    [STREET] => Ленина
    [BUILDING] => 58
    [POSTAL_CODE] => 671510
    [COUNTRY] => Россия
    [PROVINCE] => Республика Бурятия
    [REGION] => Баунтовский
    [CITY] => с.Багдарин
    [ADDRESS_2] => 8
)

internalExecute:
Array
(
    [TYPE_ID] => 1
    [ENTITY_TYPE_ID] => 4
    [ENTITY_ID] => 48299
    [STREET] => СЕРОВА
    [BUILDING] => 1
    [POSTAL_CODE] => 
    [COUNTRY] => 
    [PROVINCE] => ХМАО
    [REGION] => 
    [CITY] => ХАНТЫ
    [ADDRESS_2] => 1
)

internalExecute:
Array
(
    [TYPE_ID] => 1
    [ENTITY_TYPE_ID] => 4
    [ENTITY_ID] => 48299
    [STREET] => СЕРОВА
    [BUILDING] => 1
    [POSTAL_CODE] => 
    [COUNTRY] => 
    [PROVINCE] => ХМАО
    [REGION] => 
    [CITY] => ХАНТЫ
    [ADDRESS_2] => 1
)

internalExecute:
Array
(
    [TYPE_ID] => 1
    [ENTITY_TYPE_ID] => 4
    [ENTITY_ID] => 48810
    [STREET] => МО
    [BUILDING] => 3
    [POSTAL_CODE] => 
    [COUNTRY] => 
    [PROVINCE] => МО
    [REGION] => 
    [CITY] => МО
    [ADDRESS_2] => 3
)

internalExecute:
Array
(
    [TYPE_ID] => 1
    [ENTITY_TYPE_ID] => 4
    [ENTITY_ID] => 48810
    [STREET] => МО
    [BUILDING] => 3
    [POSTAL_CODE] => 
    [COUNTRY] => 
    [PROVINCE] => МО
    [REGION] => 
    [CITY] => МО
    [ADDRESS_2] => 3
)

internalExecute:
Array
(
    [TYPE_ID] => 1
    [ENTITY_TYPE_ID] => 4
    [ENTITY_ID] => 48811
    [STREET] => ХАНТЫ1
    [BUILDING] => 1
    [POSTAL_CODE] => 
    [COUNTRY] => 
    [PROVINCE] => ХАНТЫ1
    [REGION] => 
    [CITY] => ХАНТЫ1
    [ADDRESS_2] => 1
)

internalExecute:
Array
(
    [TYPE_ID] => 1
    [ENTITY_TYPE_ID] => 4
    [ENTITY_ID] => 48811
    [STREET] => ХАНТЫ1
    [BUILDING] => 1
    [POSTAL_CODE] => 
    [COUNTRY] => 
    [PROVINCE] => ХАНТЫ1
    [REGION] => 
    [CITY] => ХАНТЫ1
    [ADDRESS_2] => 1
)

internalExecute:
Array
(
    [TYPE_ID] => 1
    [ENTITY_TYPE_ID] => 4
    [ENTITY_ID] => 48811
    [STREET] => ХАНТЫ3
    [BUILDING] => 1
    [POSTAL_CODE] => 
    [COUNTRY] => Россия
    [PROVINCE] => ХАНТЫ1
    [REGION] => 
    [CITY] => ХАНТЫ2
    [ADDRESS_2] => 1
)

internalExecute:
Array
(
    [TYPE_ID] => 1
    [ENTITY_TYPE_ID] => 4
    [ENTITY_ID] => 48811
    [STREET] => ХАНТЫ3
    [BUILDING] => 1
    [POSTAL_CODE] => 
    [COUNTRY] => Россия
    [PROVINCE] => ХАНТЫ1
    [REGION] => 
    [CITY] => ХАНТЫ2
    [ADDRESS_2] => 1
)

internalExecute:
Array
(
    [TYPE_ID] => 1
    [ENTITY_TYPE_ID] => 4
    [ENTITY_ID] => 48299
    [STREET] => Мамина
    [BUILDING] => 48
    [POSTAL_CODE] => 
    [COUNTRY] => Россия
    [PROVINCE] => Иркутская обл.
    [REGION] => 
    [CITY] => Иркутск
    [ADDRESS_2] => 1
)

internalExecute:
Array
(
    [TYPE_ID] => 1
    [ENTITY_TYPE_ID] => 4
    [ENTITY_ID] => 48299
    [STREET] => Мамина
    [BUILDING] => 48
    [POSTAL_CODE] => 
    [COUNTRY] => Россия
    [PROVINCE] => Иркутская обл.
    [REGION] => 
    [CITY] => Иркутск
    [ADDRESS_2] => 1
)

internalExecute:
Array
(
    [TYPE_ID] => 1
    [ENTITY_TYPE_ID] => 4
    [ENTITY_ID] => 48816
    [STREET] => Космонавтов
    [BUILDING] => 12
    [POSTAL_CODE] => 
    [COUNTRY] => Россия
    [PROVINCE] => Ростовская обл
    [REGION] => 
    [CITY] => Ростов
    [ADDRESS_2] => 36
)

internalExecute:
Array
(
    [TYPE_ID] => 1
    [ENTITY_TYPE_ID] => 4
    [ENTITY_ID] => 48816
    [STREET] => Космонавтов
    [BUILDING] => 12
    [POSTAL_CODE] => 
    [COUNTRY] => Россия
    [PROVINCE] => Ростовская обл
    [REGION] => 
    [CITY] => Ростов
    [ADDRESS_2] => 36
)

internalExecute:
Array
(
    [TYPE_ID] => 1
    [ENTITY_TYPE_ID] => 4
    [ENTITY_ID] => 48817
    [STREET] => Советская
    [BUILDING] => 4
    [POSTAL_CODE] => 
    [COUNTRY] => Россия
    [PROVINCE] => Иркутская обл.
    [REGION] => 
    [CITY] => Иркутск
    [ADDRESS_2] => 2
)

internalExecute:
Array
(
    [TYPE_ID] => 1
    [ENTITY_TYPE_ID] => 4
    [ENTITY_ID] => 48817
    [STREET] => Советская
    [BUILDING] => 4
    [POSTAL_CODE] => 
    [COUNTRY] => Россия
    [PROVINCE] => Иркутская обл.
    [REGION] => 
    [CITY] => Иркутск
    [ADDRESS_2] => 2
)

internalExecute:
Array
(
    [TYPE_ID] => 1
    [ENTITY_TYPE_ID] => 4
    [ENTITY_ID] => 48817
    [STREET] => Советская
    [BUILDING] => 4
    [POSTAL_CODE] => 
    [COUNTRY] => Россия
    [PROVINCE] => Иркутская обл.
    [REGION] => 
    [CITY] => Иркутск
    [ADDRESS_2] => 2
)

internalExecute:
Array
(
    [TYPE_ID] => 1
    [ENTITY_TYPE_ID] => 4
    [ENTITY_ID] => 48817
    [STREET] => Советская
    [BUILDING] => 4
    [POSTAL_CODE] => 
    [COUNTRY] => Россия
    [PROVINCE] => Иркутская обл.
    [REGION] => 
    [CITY] => Иркутск
    [ADDRESS_2] => 2
)

internalExecute:
Array
(
    [TYPE_ID] => 1
    [ENTITY_TYPE_ID] => 4
    [ENTITY_ID] => 48299
    [STREET] => Сыромолотова
    [BUILDING] => 15
    [POSTAL_CODE] => 
    [COUNTRY] => Россия
    [PROVINCE] => Воронежская обл
    [REGION] => 
    [CITY] => Воронеж
    [ADDRESS_2] => 1
)

internalExecute:
Array
(
    [TYPE_ID] => 1
    [ENTITY_TYPE_ID] => 4
    [ENTITY_ID] => 48299
    [STREET] => Сыромолотова
    [BUILDING] => 15
    [POSTAL_CODE] => 
    [COUNTRY] => Россия
    [PROVINCE] => Воронежская обл
    [REGION] => 
    [CITY] => Воронеж
    [ADDRESS_2] => 1
)

internalExecute:
Array
(
    [TYPE_ID] => 1
    [ENTITY_TYPE_ID] => 4
    [ENTITY_ID] => 48818
    [STREET] => Любви
    [BUILDING] => 123
    [POSTAL_CODE] => 
    [COUNTRY] => Россия
    [PROVINCE] => Ставропольский край
    [REGION] => 
    [CITY] => Пятигорск
    [ADDRESS_2] => 1236
)

internalExecute:
Array
(
    [TYPE_ID] => 1
    [ENTITY_TYPE_ID] => 4
    [ENTITY_ID] => 48818
    [STREET] => Любви
    [BUILDING] => 123
    [POSTAL_CODE] => 
    [COUNTRY] => Россия
    [PROVINCE] => Ставропольский край
    [REGION] => 
    [CITY] => Пятигорск
    [ADDRESS_2] => 1236
)

internalExecute:
Array
(
    [TYPE_ID] => 1
    [ENTITY_TYPE_ID] => 4
    [ENTITY_ID] => 48819
    [STREET] => Есенина
    [BUILDING] => 66
    [POSTAL_CODE] => 
    [COUNTRY] => Россия
    [PROVINCE] => Ставропольский край
    [REGION] => 
    [CITY] => Пятигорск
    [ADDRESS_2] => 15
)

internalExecute:
Array
(
    [TYPE_ID] => 1
    [ENTITY_TYPE_ID] => 4
    [ENTITY_ID] => 48819
    [STREET] => Есенина
    [BUILDING] => 66
    [POSTAL_CODE] => 
    [COUNTRY] => Россия
    [PROVINCE] => Ставропольский край
    [REGION] => 
    [CITY] => Пятигорск
    [ADDRESS_2] => 15
)

internalExecute:
Array
(
    [TYPE_ID] => 1
    [ENTITY_TYPE_ID] => 4
    [ENTITY_ID] => 48819
    [STREET] => Есенина
    [BUILDING] => 66
    [POSTAL_CODE] => 
    [COUNTRY] => Россия
    [PROVINCE] => Ставропольский край
    [REGION] => 
    [CITY] => Пятигорск
    [ADDRESS_2] => 15
)

internalExecute:
Array
(
    [TYPE_ID] => 1
    [ENTITY_TYPE_ID] => 4
    [ENTITY_ID] => 48819
    [STREET] => Есенина
    [BUILDING] => 66
    [POSTAL_CODE] => 
    [COUNTRY] => Россия
    [PROVINCE] => Ставропольский край
    [REGION] => 
    [CITY] => Пятигорск
    [ADDRESS_2] => 15
)

internalExecute:
Array
(
    [TYPE_ID] => 1
    [ENTITY_TYPE_ID] => 4
    [ENTITY_ID] => 48820
    [STREET] => Есенина
    [BUILDING] => 66
    [POSTAL_CODE] => 
    [COUNTRY] => Россия
    [PROVINCE] => Ставропольский край
    [REGION] => 
    [CITY] => Пятигорск
    [ADDRESS_2] => 15
)

internalExecute:
Array
(
    [TYPE_ID] => 1
    [ENTITY_TYPE_ID] => 4
    [ENTITY_ID] => 48820
    [STREET] => Есенина
    [BUILDING] => 66
    [POSTAL_CODE] => 
    [COUNTRY] => Россия
    [PROVINCE] => Ставропольский край
    [REGION] => 
    [CITY] => Пятигорск
    [ADDRESS_2] => 15
)

internalExecute:
Array
(
    [TYPE_ID] => 1
    [ENTITY_TYPE_ID] => 4
    [ENTITY_ID] => 48821
    [STREET] => Есенина
    [BUILDING] => 66
    [POSTAL_CODE] => 
    [COUNTRY] => Россия
    [PROVINCE] => Ставропольский край
    [REGION] => 
    [CITY] => Пятигорск
    [ADDRESS_2] => 15
)

internalExecute:
Array
(
    [TYPE_ID] => 1
    [ENTITY_TYPE_ID] => 4
    [ENTITY_ID] => 48821
    [STREET] => Есенина
    [BUILDING] => 66
    [POSTAL_CODE] => 
    [COUNTRY] => Россия
    [PROVINCE] => Ставропольский край
    [REGION] => 
    [CITY] => Пятигорск
    [ADDRESS_2] => 15
)

internalExecute:
Array
(
    [TYPE_ID] => 1
    [ENTITY_TYPE_ID] => 4
    [ENTITY_ID] => 48299
    [STREET] => Коста
    [BUILDING] => 15
    [POSTAL_CODE] => 
    [COUNTRY] => Россия
    [PROVINCE] => КБР
    [REGION] => 
    [CITY] => Нальчик
    [ADDRESS_2] => 55
)

internalExecute:
Array
(
    [TYPE_ID] => 1
    [ENTITY_TYPE_ID] => 4
    [ENTITY_ID] => 48299
    [STREET] => Коста
    [BUILDING] => 15
    [POSTAL_CODE] => 
    [COUNTRY] => Россия
    [PROVINCE] => КБР
    [REGION] => 
    [CITY] => Нальчик
    [ADDRESS_2] => 55
)

internalExecute:
Array
(
    [TYPE_ID] => 1
    [ENTITY_TYPE_ID] => 4
    [ENTITY_ID] => 48827
    [STREET] => Коста
    [BUILDING] => 6
    [POSTAL_CODE] => 
    [COUNTRY] => Россия
    [PROVINCE] => КБР
    [REGION] => 
    [CITY] => Нальчик
    [ADDRESS_2] => 1
)

internalExecute:
Array
(
    [TYPE_ID] => 1
    [ENTITY_TYPE_ID] => 4
    [ENTITY_ID] => 48827
    [STREET] => Коста
    [BUILDING] => 6
    [POSTAL_CODE] => 
    [COUNTRY] => Россия
    [PROVINCE] => КБР
    [REGION] => 
    [CITY] => Нальчик
    [ADDRESS_2] => 1
)

internalExecute:
Array
(
    [TYPE_ID] => 1
    [ENTITY_TYPE_ID] => 4
    [ENTITY_ID] => 48828
    [STREET] => 12
    [BUILDING] => 1
    [POSTAL_CODE] => 
    [COUNTRY] => Россия
    [PROVINCE] => Ставропольский край
    [REGION] => 
    [CITY] => Пятигорск
    [ADDRESS_2] => 123
)

internalExecute:
Array
(
    [TYPE_ID] => 1
    [ENTITY_TYPE_ID] => 4
    [ENTITY_ID] => 48828
    [STREET] => 12
    [BUILDING] => 1
    [POSTAL_CODE] => 
    [COUNTRY] => Россия
    [PROVINCE] => Ставропольский край
    [REGION] => 
    [CITY] => Пятигорск
    [ADDRESS_2] => 123
)

internalExecute:
Array
(
    [TYPE_ID] => 4
    [ENTITY_TYPE_ID] => 3
    [ENTITY_ID] => 241406
    [STREET] => мкр Юбилейный
    [BUILDING] => 122
    [POSTAL_CODE] => 664049
    [COUNTRY] => Россия
    [PROVINCE] => обл. Иркутская
    [REGION] => 
    [CITY] => г. Иркутск
    [ADDRESS_2] => 39
)

internalExecute:
Array
(
    [TYPE_ID] => 4
    [ENTITY_TYPE_ID] => 3
    [ENTITY_ID] => 241406
    [STREET] => мкр Юбилейный
    [BUILDING] => 122
    [POSTAL_CODE] => 664049
    [COUNTRY] => Россия
    [PROVINCE] => обл. Иркутская
    [REGION] => 
    [CITY] => г. Иркутск
    [ADDRESS_2] => 39
)

internalExecute:
Array
(
    [TYPE_ID] => 1
    [ENTITY_TYPE_ID] => 3
    [ENTITY_ID] => 241406
    [STREET] => мкр Юбилейный
    [BUILDING] => 122
    [POSTAL_CODE] => 664049
    [COUNTRY] => Россия
    [PROVINCE] => обл. Иркутская
    [REGION] => 
    [CITY] => г. Иркутск
    [ADDRESS_2] => 39
)

internalExecute:
Array
(
    [TYPE_ID] => 1
    [ENTITY_TYPE_ID] => 3
    [ENTITY_ID] => 241406
    [STREET] => мкр Юбилейный
    [BUILDING] => 122
    [POSTAL_CODE] => 664049
    [COUNTRY] => Россия
    [PROVINCE] => обл. Иркутская
    [REGION] => 
    [CITY] => г. Иркутск
    [ADDRESS_2] => 39
)

internalExecute:
Array
(
    [TYPE_ID] => 4
    [ENTITY_TYPE_ID] => 3
    [ENTITY_ID] => 241407
    [STREET] => Пушкина
    [BUILDING] => 25
    [POSTAL_CODE] => 
    [COUNTRY] => Россия
    [PROVINCE] => Иркутская область
    [REGION] => 
    [CITY] => г.Иркутск
    [ADDRESS_2] => 95
)

internalExecute:
Array
(
    [TYPE_ID] => 4
    [ENTITY_TYPE_ID] => 3
    [ENTITY_ID] => 241407
    [STREET] => Пушкина
    [BUILDING] => 25
    [POSTAL_CODE] => 
    [COUNTRY] => Россия
    [PROVINCE] => Иркутская область
    [REGION] => 
    [CITY] => г.Иркутск
    [ADDRESS_2] => 95
)

internalExecute:
Array
(
    [TYPE_ID] => 4
    [ENTITY_TYPE_ID] => 3
    [ENTITY_ID] => 241416
    [STREET] => Партизанская
    [BUILDING] => 127
    [POSTAL_CODE] => 671610
    [COUNTRY] => Россия
    [PROVINCE] => Республика Бурятия
    [REGION] => Баргузинский
    [CITY] => п.Баргузин
    [ADDRESS_2] => 
)

internalExecute:
Array
(
    [TYPE_ID] => 4
    [ENTITY_TYPE_ID] => 3
    [ENTITY_ID] => 241416
    [STREET] => Партизанская
    [BUILDING] => 127
    [POSTAL_CODE] => 671610
    [COUNTRY] => Россия
    [PROVINCE] => Республика Бурятия
    [REGION] => Баргузинский
    [CITY] => п.Баргузин
    [ADDRESS_2] => 
)

internalExecute:
Array
(
    [TYPE_ID] => 1
    [ENTITY_TYPE_ID] => 3
    [ENTITY_ID] => 241416
    [STREET] => Смолина
    [BUILDING] => 79
    [POSTAL_CODE] => 670000
    [COUNTRY] => Россия
    [PROVINCE] => Республика Бурятия
    [REGION] => 
    [CITY] => гор.Улан-Удэ
    [ADDRESS_2] => 114
)

internalExecute:
Array
(
    [TYPE_ID] => 1
    [ENTITY_TYPE_ID] => 3
    [ENTITY_ID] => 241416
    [STREET] => Смолина
    [BUILDING] => 79
    [POSTAL_CODE] => 670000
    [COUNTRY] => Россия
    [PROVINCE] => Республика Бурятия
    [REGION] => 
    [CITY] => гор.Улан-Удэ
    [ADDRESS_2] => 114
)

internalExecute:
Array
(
    [TYPE_ID] => 4
    [ENTITY_TYPE_ID] => 3
    [ENTITY_ID] => 241417
    [STREET] => пер.Центральный
    [BUILDING] => 4
    [POSTAL_CODE] => 671402
    [COUNTRY] => Россия
    [PROVINCE] => Республика Бурятия
    [REGION] => Хоринский район
    [CITY] => Додо-Гол
    [ADDRESS_2] => 
)

internalExecute:
Array
(
    [TYPE_ID] => 4
    [ENTITY_TYPE_ID] => 3
    [ENTITY_ID] => 241417
    [STREET] => пер.Центральный
    [BUILDING] => 4
    [POSTAL_CODE] => 671402
    [COUNTRY] => Россия
    [PROVINCE] => Республика Бурятия
    [REGION] => Хоринский район
    [CITY] => Додо-Гол
    [ADDRESS_2] => 
)

internalExecute:
Array
(
    [TYPE_ID] => 4
    [ENTITY_TYPE_ID] => 3
    [ENTITY_ID] => 241425
    [STREET] => Мира
    [BUILDING] => 13
    [POSTAL_CODE] => 452080
    [COUNTRY] => Россия
    [PROVINCE] => Республика Башкортостан
    [REGION] => Миякинский
    [CITY] => с. Киргиз-Мияки
    [ADDRESS_2] => 1
)

internalExecute:
Array
(
    [TYPE_ID] => 4
    [ENTITY_TYPE_ID] => 3
    [ENTITY_ID] => 241425
    [STREET] => Мира
    [BUILDING] => 13
    [POSTAL_CODE] => 452080
    [COUNTRY] => Россия
    [PROVINCE] => Республика Башкортостан
    [REGION] => Миякинский
    [CITY] => с. Киргиз-Мияки
    [ADDRESS_2] => 1
)

internalExecute:
Array
(
    [TYPE_ID] => 1
    [ENTITY_TYPE_ID] => 3
    [ENTITY_ID] => 241425
    [STREET] => Площадка РТС
    [BUILDING] => 12
    [POSTAL_CODE] => 452000
    [COUNTRY] => Россия
    [PROVINCE] => Республика Башкортостан
    [REGION] => Белебеевский
    [CITY] => г. Белебей
    [ADDRESS_2] => 8
)

internalExecute:
Array
(
    [TYPE_ID] => 1
    [ENTITY_TYPE_ID] => 3
    [ENTITY_ID] => 241425
    [STREET] => Площадка РТС
    [BUILDING] => 12
    [POSTAL_CODE] => 452000
    [COUNTRY] => Россия
    [PROVINCE] => Республика Башкортостан
    [REGION] => Белебеевский
    [CITY] => г. Белебей
    [ADDRESS_2] => 8
)

internalExecute:
Array
(
    [TYPE_ID] => 4
    [ENTITY_TYPE_ID] => 3
    [ENTITY_ID] => 241426
    [STREET] => Красная
    [BUILDING] => 83
    [POSTAL_CODE] => 452000
    [COUNTRY] => Россия
    [PROVINCE] => Республика Башортостан
    [REGION] => 
    [CITY] => гор.Белебей
    [ADDRESS_2] => к. 304
)

internalExecute:
Array
(
    [TYPE_ID] => 4
    [ENTITY_TYPE_ID] => 3
    [ENTITY_ID] => 241426
    [STREET] => Красная
    [BUILDING] => 83
    [POSTAL_CODE] => 452000
    [COUNTRY] => Россия
    [PROVINCE] => Республика Башортостан
    [REGION] => 
    [CITY] => гор.Белебей
    [ADDRESS_2] => к. 304
)

internalExecute:
Array
(
    [TYPE_ID] => 4
    [ENTITY_TYPE_ID] => 3
    [ENTITY_ID] => 241451
    [STREET] => ул. Подгорная
    [BUILDING] => 5
    [POSTAL_CODE] => 668330
    [COUNTRY] => Россия
    [PROVINCE] => Республика Тыва
    [REGION] => Чеди-Хольский район
    [CITY] => с. Элегест
    [ADDRESS_2] => 
)

internalExecute:
Array
(
    [TYPE_ID] => 4
    [ENTITY_TYPE_ID] => 3
    [ENTITY_ID] => 241451
    [STREET] => ул. Подгорная
    [BUILDING] => 5
    [POSTAL_CODE] => 668330
    [COUNTRY] => Россия
    [PROVINCE] => Республика Тыва
    [REGION] => Чеди-Хольский район
    [CITY] => с. Элегест
    [ADDRESS_2] => 
)

internalExecute:
Array
(
    [TYPE_ID] => 1
    [ENTITY_TYPE_ID] => 3
    [ENTITY_ID] => 241451
    [STREET] => ул. Подгорная
    [BUILDING] => 5
    [POSTAL_CODE] => 668330
    [COUNTRY] => Россия
    [PROVINCE] => Республика Тыва
    [REGION] => Чеди-Хольский район
    [CITY] => с. Элегест
    [ADDRESS_2] => 
)

internalExecute:
Array
(
    [TYPE_ID] => 1
    [ENTITY_TYPE_ID] => 3
    [ENTITY_ID] => 241451
    [STREET] => ул. Подгорная
    [BUILDING] => 5
    [POSTAL_CODE] => 668330
    [COUNTRY] => Россия
    [PROVINCE] => Республика Тыва
    [REGION] => Чеди-Хольский район
    [CITY] => с. Элегест
    [ADDRESS_2] => 
)

internalExecute:
Array
(
    [TYPE_ID] => 4
    [ENTITY_TYPE_ID] => 3
    [ENTITY_ID] => 241452
    [STREET] => Спортивная
    [BUILDING] => 7
    [POSTAL_CODE] => 668330
    [COUNTRY] => Россия
    [PROVINCE] => Республика Тыва
    [REGION] => Чеди-Хольский район
    [CITY] => с. Хову-Аксы
    [ADDRESS_2] => 2
)

internalExecute:
Array
(
    [TYPE_ID] => 4
    [ENTITY_TYPE_ID] => 3
    [ENTITY_ID] => 241452
    [STREET] => Спортивная
    [BUILDING] => 7
    [POSTAL_CODE] => 668330
    [COUNTRY] => Россия
    [PROVINCE] => Республика Тыва
    [REGION] => Чеди-Хольский район
    [CITY] => с. Хову-Аксы
    [ADDRESS_2] => 2
)

internalExecute:
Array
(
    [TYPE_ID] => 1
    [ENTITY_TYPE_ID] => 3
    [ENTITY_ID] => 241452
    [STREET] => Спортивная
    [BUILDING] => 7
    [POSTAL_CODE] => 668330
    [COUNTRY] => Россия
    [PROVINCE] => Республика Тыва
    [REGION] => Чеди-Хольский район
    [CITY] => с. Хову-Аксы
    [ADDRESS_2] => 2
)

internalExecute:
Array
(
    [TYPE_ID] => 1
    [ENTITY_TYPE_ID] => 3
    [ENTITY_ID] => 241452
    [STREET] => Спортивная
    [BUILDING] => 7
    [POSTAL_CODE] => 668330
    [COUNTRY] => Россия
    [PROVINCE] => Республика Тыва
    [REGION] => Чеди-Хольский район
    [CITY] => с. Хову-Аксы
    [ADDRESS_2] => 2
)

internalExecute:
Array
(
    [TYPE_ID] => 4
    [ENTITY_TYPE_ID] => 3
    [ENTITY_ID] => 241453
    [STREET] => Спортивная
    [BUILDING] => 7
    [POSTAL_CODE] => 668330
    [COUNTRY] => Россия
    [PROVINCE] => Республика Тыва
    [REGION] => Чеди-Хольский
    [CITY] => с. Хову-Аксы
    [ADDRESS_2] => 12
)

internalExecute:
Array
(
    [TYPE_ID] => 4
    [ENTITY_TYPE_ID] => 3
    [ENTITY_ID] => 241453
    [STREET] => Спортивная
    [BUILDING] => 7
    [POSTAL_CODE] => 668330
    [COUNTRY] => Россия
    [PROVINCE] => Республика Тыва
    [REGION] => Чеди-Хольский
    [CITY] => с. Хову-Аксы
    [ADDRESS_2] => 12
)

internalExecute:
Array
(
    [TYPE_ID] => 1
    [ENTITY_TYPE_ID] => 3
    [ENTITY_ID] => 241453
    [STREET] => Спортивная
    [BUILDING] => 7
    [POSTAL_CODE] => 668330
    [COUNTRY] => Россия
    [PROVINCE] => Республика Тыва
    [REGION] => Чеди-Хольский
    [CITY] => с. Хову-Аксы
    [ADDRESS_2] => 12
)

internalExecute:
Array
(
    [TYPE_ID] => 1
    [ENTITY_TYPE_ID] => 3
    [ENTITY_ID] => 241453
    [STREET] => Спортивная
    [BUILDING] => 7
    [POSTAL_CODE] => 668330
    [COUNTRY] => Россия
    [PROVINCE] => Республика Тыва
    [REGION] => Чеди-Хольский
    [CITY] => с. Хову-Аксы
    [ADDRESS_2] => 12
)

internalExecute:
Array
(
    [TYPE_ID] => 1
    [ENTITY_TYPE_ID] => 4
    [ENTITY_ID] => 453
    [STREET] => Челюскинцев
    [BUILDING] => 3
    [POSTAL_CODE] => 
    [COUNTRY] => Россия
    [PROVINCE] => Свердловская
    [REGION] => Новолялинский
    [CITY] => Новая Ляля
    [ADDRESS_2] => офис 35
)

internalExecute:
Array
(
    [TYPE_ID] => 1
    [ENTITY_TYPE_ID] => 4
    [ENTITY_ID] => 453
    [STREET] => Челюскинцев
    [BUILDING] => 3
    [POSTAL_CODE] => 
    [COUNTRY] => Россия
    [PROVINCE] => Свердловская
    [REGION] => Новолялинский
    [CITY] => Новая Ляля
    [ADDRESS_2] => офис 35
)

internalExecute:
Array
(
    [TYPE_ID] => 4
    [ENTITY_TYPE_ID] => 3
    [ENTITY_ID] => 241474
    [STREET] => Петропавловская
    [BUILDING] => 2
    [POSTAL_CODE] => 670023
    [COUNTRY] => Россия
    [PROVINCE] => Республика Бурятия
    [REGION] => Советский
    [CITY] => г. Улан-Удэ, мкр Заречный, СНТ "Заречный"
    [ADDRESS_2] => 
)

internalExecute:
Array
(
    [TYPE_ID] => 4
    [ENTITY_TYPE_ID] => 3
    [ENTITY_ID] => 241474
    [STREET] => Петропавловская
    [BUILDING] => 2
    [POSTAL_CODE] => 670023
    [COUNTRY] => Россия
    [PROVINCE] => Республика Бурятия
    [REGION] => Советский
    [CITY] => г. Улан-Удэ, мкр Заречный, СНТ "Заречный"
    [ADDRESS_2] => 
)

internalExecute:
Array
(
    [TYPE_ID] => 1
    [ENTITY_TYPE_ID] => 3
    [ENTITY_ID] => 241474
    [STREET] => Петропавловская
    [BUILDING] => 2
    [POSTAL_CODE] => 670023
    [COUNTRY] => Россия
    [PROVINCE] => Республика Бурятия
    [REGION] => Советский
    [CITY] => г. Улан-Удэ, мкр Заречный, СНТ "Заречный"
    [ADDRESS_2] => 
)

internalExecute:
Array
(
    [TYPE_ID] => 1
    [ENTITY_TYPE_ID] => 3
    [ENTITY_ID] => 241474
    [STREET] => Петропавловская
    [BUILDING] => 2
    [POSTAL_CODE] => 670023
    [COUNTRY] => Россия
    [PROVINCE] => Республика Бурятия
    [REGION] => Советский
    [CITY] => г. Улан-Удэ, мкр Заречный, СНТ "Заречный"
    [ADDRESS_2] => 
)

internalExecute:
Array
(
    [TYPE_ID] => 4
    [ENTITY_TYPE_ID] => 3
    [ENTITY_ID] => 241475
    [STREET] => пер. Школьный
    [BUILDING] => 6
    [POSTAL_CODE] => 671050
    [COUNTRY] => Россия
    [PROVINCE] => Республика Бурятия
    [REGION] => Иволгинский
    [CITY] => с. Иволгинск
    [ADDRESS_2] => 1
)

internalExecute:
Array
(
    [TYPE_ID] => 4
    [ENTITY_TYPE_ID] => 3
    [ENTITY_ID] => 241475
    [STREET] => пер. Школьный
    [BUILDING] => 6
    [POSTAL_CODE] => 671050
    [COUNTRY] => Россия
    [PROVINCE] => Республика Бурятия
    [REGION] => Иволгинский
    [CITY] => с. Иволгинск
    [ADDRESS_2] => 1
)

internalExecute:
Array
(
    [TYPE_ID] => 4
    [ENTITY_TYPE_ID] => 3
    [ENTITY_ID] => 241480
    [STREET] => бр.Солнечный
    [BUILDING] => 32
    [POSTAL_CODE] => 
    [COUNTRY] => Россия
    [PROVINCE] => Кемеровская обл.
    [REGION] => 
    [CITY] => г.Кемерово
    [ADDRESS_2] => 119
)

internalExecute:
Array
(
    [TYPE_ID] => 4
    [ENTITY_TYPE_ID] => 3
    [ENTITY_ID] => 241480
    [STREET] => бр.Солнечный
    [BUILDING] => 32
    [POSTAL_CODE] => 
    [COUNTRY] => Россия
    [PROVINCE] => Кемеровская обл.
    [REGION] => 
    [CITY] => г.Кемерово
    [ADDRESS_2] => 119
)

internalExecute:
Array
(
    [TYPE_ID] => 1
    [ENTITY_TYPE_ID] => 3
    [ENTITY_ID] => 241480
    [STREET] => бр.Солнечный
    [BUILDING] => 32
    [POSTAL_CODE] => 
    [COUNTRY] => Россия
    [PROVINCE] => Кемеровская обл.
    [REGION] => 
    [CITY] => г.Кемерово
    [ADDRESS_2] => 119
)

internalExecute:
Array
(
    [TYPE_ID] => 1
    [ENTITY_TYPE_ID] => 3
    [ENTITY_ID] => 241480
    [STREET] => бр.Солнечный
    [BUILDING] => 32
    [POSTAL_CODE] => 
    [COUNTRY] => Россия
    [PROVINCE] => Кемеровская обл.
    [REGION] => 
    [CITY] => г.Кемерово
    [ADDRESS_2] => 119
)

internalExecute:
Array
(
    [TYPE_ID] => 4
    [ENTITY_TYPE_ID] => 3
    [ENTITY_ID] => 241481
    [STREET] => ул.Содовая
    [BUILDING] => 16
    [POSTAL_CODE] => 
    [COUNTRY] => Россия
    [PROVINCE] => Кемеровская обл.
    [REGION] => Ленинск-Кузнецкий
    [CITY] => пос.Родниковый
    [ADDRESS_2] => 1
)

internalExecute:
Array
(
    [TYPE_ID] => 4
    [ENTITY_TYPE_ID] => 3
    [ENTITY_ID] => 241481
    [STREET] => ул.Содовая
    [BUILDING] => 16
    [POSTAL_CODE] => 
    [COUNTRY] => Россия
    [PROVINCE] => Кемеровская обл.
    [REGION] => Ленинск-Кузнецкий
    [CITY] => пос.Родниковый
    [ADDRESS_2] => 1
)

internalExecute:
Array
(
    [TYPE_ID] => 4
    [ENTITY_TYPE_ID] => 3
    [ENTITY_ID] => 241501
    [STREET] => сдт.университет
    [BUILDING] => уч.137
    [POSTAL_CODE] => 361401
    [COUNTRY] => Россия
    [PROVINCE] => Кабардино-Балкарская Респ
    [REGION] => чегемский
    [CITY] => г Чегем
    [ADDRESS_2] => 
)

internalExecute:
Array
(
    [TYPE_ID] => 4
    [ENTITY_TYPE_ID] => 3
    [ENTITY_ID] => 241501
    [STREET] => сдт.университет
    [BUILDING] => уч.137
    [POSTAL_CODE] => 361401
    [COUNTRY] => Россия
    [PROVINCE] => Кабардино-Балкарская Респ
    [REGION] => чегемский
    [CITY] => г Чегем
    [ADDRESS_2] => 
)

internalExecute:
Array
(
    [TYPE_ID] => 1
    [ENTITY_TYPE_ID] => 3
    [ENTITY_ID] => 241501
    [STREET] => сдт.университет
    [BUILDING] => уч.137
    [POSTAL_CODE] => 361401
    [COUNTRY] => Россия
    [PROVINCE] => Кабардино-Балкарская Респ
    [REGION] => чегемский
    [CITY] => г Чегем
    [ADDRESS_2] => 
)

internalExecute:
Array
(
    [TYPE_ID] => 1
    [ENTITY_TYPE_ID] => 3
    [ENTITY_ID] => 241501
    [STREET] => сдт.университет
    [BUILDING] => уч.137
    [POSTAL_CODE] => 361401
    [COUNTRY] => Россия
    [PROVINCE] => Кабардино-Балкарская Респ
    [REGION] => чегемский
    [CITY] => г Чегем
    [ADDRESS_2] => 
)

internalExecute:
Array
(
    [TYPE_ID] => 4
    [ENTITY_TYPE_ID] => 3
    [ENTITY_ID] => 241502
    [STREET] => Братьев Рахаевых ул
    [BUILDING] => д 7
    [POSTAL_CODE] => 360903
    [COUNTRY] => Россия
    [PROVINCE] => Кабардино-Балкарская Респ
    [REGION] => 
    [CITY] => с Хасанья
    [ADDRESS_2] => 
)

internalExecute:
Array
(
    [TYPE_ID] => 4
    [ENTITY_TYPE_ID] => 3
    [ENTITY_ID] => 241502
    [STREET] => Братьев Рахаевых ул
    [BUILDING] => д 7
    [POSTAL_CODE] => 360903
    [COUNTRY] => Россия
    [PROVINCE] => Кабардино-Балкарская Респ
    [REGION] => 
    [CITY] => с Хасанья
    [ADDRESS_2] => 
)

internalExecute:
Array
(
    [TYPE_ID] => 1
    [ENTITY_TYPE_ID] => 3
    [ENTITY_ID] => 241502
    [STREET] => Братьев Рахаевых ул
    [BUILDING] => д 7
    [POSTAL_CODE] => 360903
    [COUNTRY] => Россия
    [PROVINCE] => Кабардино-Балкарская Респ
    [REGION] => 
    [CITY] => с Хасанья
    [ADDRESS_2] => 
)

internalExecute:
Array
(
    [TYPE_ID] => 1
    [ENTITY_TYPE_ID] => 3
    [ENTITY_ID] => 241502
    [STREET] => Братьев Рахаевых ул
    [BUILDING] => д 7
    [POSTAL_CODE] => 360903
    [COUNTRY] => Россия
    [PROVINCE] => Кабардино-Балкарская Респ
    [REGION] => 
    [CITY] => с Хасанья
    [ADDRESS_2] => 
)

internalExecute:
Array
(
    [TYPE_ID] => 4
    [ENTITY_TYPE_ID] => 3
    [ENTITY_ID] => 241503
    [STREET] => Хужокова ул
    [BUILDING] => д 145в
    [POSTAL_CODE] => 360009
    [COUNTRY] => Россия
    [PROVINCE] => Кабардино-Балкарская Респ
    [REGION] => 
    [CITY] => г Нальчик
    [ADDRESS_2] => 48
)

internalExecute:
Array
(
    [TYPE_ID] => 4
    [ENTITY_TYPE_ID] => 3
    [ENTITY_ID] => 241503
    [STREET] => Хужокова ул
    [BUILDING] => д 145в
    [POSTAL_CODE] => 360009
    [COUNTRY] => Россия
    [PROVINCE] => Кабардино-Балкарская Респ
    [REGION] => 
    [CITY] => г Нальчик
    [ADDRESS_2] => 48
)

internalExecute:
Array
(
    [TYPE_ID] => 1
    [ENTITY_TYPE_ID] => 3
    [ENTITY_ID] => 241503
    [STREET] => Хужокова ул
    [BUILDING] => д 145в
    [POSTAL_CODE] => 360009
    [COUNTRY] => Россия
    [PROVINCE] => Кабардино-Балкарская Респ
    [REGION] => 
    [CITY] => г Нальчик
    [ADDRESS_2] => 48
)

internalExecute:
Array
(
    [TYPE_ID] => 1
    [ENTITY_TYPE_ID] => 3
    [ENTITY_ID] => 241503
    [STREET] => Хужокова ул
    [BUILDING] => д 145в
    [POSTAL_CODE] => 360009
    [COUNTRY] => Россия
    [PROVINCE] => Кабардино-Балкарская Респ
    [REGION] => 
    [CITY] => г Нальчик
    [ADDRESS_2] => 48
)

internalExecute:
Array
(
    [TYPE_ID] => 4
    [ENTITY_TYPE_ID] => 3
    [ENTITY_ID] => 241505
    [STREET] => Бостанова
    [BUILDING] => 43
    [POSTAL_CODE] => 
    [COUNTRY] => Россия
    [PROVINCE] => Карачаево-Черкесская Республика
    [REGION] => 
    [CITY] => село Учкекен
    [ADDRESS_2] => 
)

internalExecute:
Array
(
    [TYPE_ID] => 4
    [ENTITY_TYPE_ID] => 3
    [ENTITY_ID] => 241505
    [STREET] => Бостанова
    [BUILDING] => 43
    [POSTAL_CODE] => 
    [COUNTRY] => Россия
    [PROVINCE] => Карачаево-Черкесская Республика
    [REGION] => 
    [CITY] => село Учкекен
    [ADDRESS_2] => 
)

internalExecute:
Array
(
    [TYPE_ID] => 1
    [ENTITY_TYPE_ID] => 3
    [ENTITY_ID] => 241505
    [STREET] => Бостанова
    [BUILDING] => 43
    [POSTAL_CODE] => 
    [COUNTRY] => Россия
    [PROVINCE] => Карачаево-Черкесская Республика
    [REGION] => 
    [CITY] => село Учкекен
    [ADDRESS_2] => 
)

internalExecute:
Array
(
    [TYPE_ID] => 1
    [ENTITY_TYPE_ID] => 3
    [ENTITY_ID] => 241505
    [STREET] => Бостанова
    [BUILDING] => 43
    [POSTAL_CODE] => 
    [COUNTRY] => Россия
    [PROVINCE] => Карачаево-Черкесская Республика
    [REGION] => 
    [CITY] => село Учкекен
    [ADDRESS_2] => 
)

internalExecute:
Array
(
    [TYPE_ID] => 4
    [ENTITY_TYPE_ID] => 3
    [ENTITY_ID] => 241506
    [STREET] => 
    [BUILDING] => 
    [POSTAL_CODE] => 
    [COUNTRY] => Россия
    [PROVINCE] => 
    [REGION] => 
    [CITY] => 
    [ADDRESS_2] => 
)

internalExecute:
Array
(
    [TYPE_ID] => 4
    [ENTITY_TYPE_ID] => 3
    [ENTITY_ID] => 241506
    [STREET] => 
    [BUILDING] => 
    [POSTAL_CODE] => 
    [COUNTRY] => Россия
    [PROVINCE] => 
    [REGION] => 
    [CITY] => 
    [ADDRESS_2] => 
)

internalExecute:
Array
(
    [TYPE_ID] => 4
    [ENTITY_TYPE_ID] => 3
    [ENTITY_ID] => 241507
    [STREET] => сад.тов."Университет"
    [BUILDING] => уч.137
    [POSTAL_CODE] => 361401
    [COUNTRY] => Россия
    [PROVINCE] => Кабардино-Балкарская Респ
    [REGION] => Чегемский
    [CITY] => г Чегем
    [ADDRESS_2] => 
)

internalExecute:
Array
(
    [TYPE_ID] => 4
    [ENTITY_TYPE_ID] => 3
    [ENTITY_ID] => 241507
    [STREET] => сад.тов."Университет"
    [BUILDING] => уч.137
    [POSTAL_CODE] => 361401
    [COUNTRY] => Россия
    [PROVINCE] => Кабардино-Балкарская Респ
    [REGION] => Чегемский
    [CITY] => г Чегем
    [ADDRESS_2] => 
)

internalExecute:
Array
(
    [TYPE_ID] => 1
    [ENTITY_TYPE_ID] => 3
    [ENTITY_ID] => 241507
    [STREET] => сад.тов."Университет"
    [BUILDING] => уч.137
    [POSTAL_CODE] => 361401
    [COUNTRY] => Россия
    [PROVINCE] => Кабардино-Балкарская Респ
    [REGION] => Чегемский
    [CITY] => г Чегем
    [ADDRESS_2] => 
)

internalExecute:
Array
(
    [TYPE_ID] => 1
    [ENTITY_TYPE_ID] => 3
    [ENTITY_ID] => 241507
    [STREET] => сад.тов."Университет"
    [BUILDING] => уч.137
    [POSTAL_CODE] => 361401
    [COUNTRY] => Россия
    [PROVINCE] => Кабардино-Балкарская Респ
    [REGION] => Чегемский
    [CITY] => г Чегем
    [ADDRESS_2] => 
)

internalExecute:
Array
(
    [TYPE_ID] => 4
    [ENTITY_TYPE_ID] => 3
    [ENTITY_ID] => 241508
    [STREET] => Баксанское ш
    [BUILDING] => д 1г корпус Б
    [POSTAL_CODE] => 361401
    [COUNTRY] => Россия
    [PROVINCE] => Кабардино-Балкарская Респ
    [REGION] => Чегемский
    [CITY] => г Чегем
    [ADDRESS_2] => 3
)

internalExecute:
Array
(
    [TYPE_ID] => 4
    [ENTITY_TYPE_ID] => 3
    [ENTITY_ID] => 241508
    [STREET] => Баксанское ш
    [BUILDING] => д 1г корпус Б
    [POSTAL_CODE] => 361401
    [COUNTRY] => Россия
    [PROVINCE] => Кабардино-Балкарская Респ
    [REGION] => Чегемский
    [CITY] => г Чегем
    [ADDRESS_2] => 3
)

internalExecute:
Array
(
    [TYPE_ID] => 1
    [ENTITY_TYPE_ID] => 3
    [ENTITY_ID] => 241508
    [STREET] => Баксанское ш
    [BUILDING] => д 1г корпус Б
    [POSTAL_CODE] => 361401
    [COUNTRY] => Россия
    [PROVINCE] => Кабардино-Балкарская Респ
    [REGION] => Чегемский
    [CITY] => г Чегем
    [ADDRESS_2] => 3
)

internalExecute:
Array
(
    [TYPE_ID] => 1
    [ENTITY_TYPE_ID] => 3
    [ENTITY_ID] => 241508
    [STREET] => Баксанское ш
    [BUILDING] => д 1г корпус Б
    [POSTAL_CODE] => 361401
    [COUNTRY] => Россия
    [PROVINCE] => Кабардино-Балкарская Респ
    [REGION] => Чегемский
    [CITY] => г Чегем
    [ADDRESS_2] => 3
)

internalExecute:
Array
(
    [TYPE_ID] => 4
    [ENTITY_TYPE_ID] => 3
    [ENTITY_ID] => 241509
    [STREET] => днт.Университет
    [BUILDING] => уч.194
    [POSTAL_CODE] => 361401
    [COUNTRY] => Россия
    [PROVINCE] => Кабардино-Балкарская Респ
    [REGION] => Чегемский
    [CITY] => г Чегем
    [ADDRESS_2] => 
)

internalExecute:
Array
(
    [TYPE_ID] => 4
    [ENTITY_TYPE_ID] => 3
    [ENTITY_ID] => 241509
    [STREET] => днт.Университет
    [BUILDING] => уч.194
    [POSTAL_CODE] => 361401
    [COUNTRY] => Россия
    [PROVINCE] => Кабардино-Балкарская Респ
    [REGION] => Чегемский
    [CITY] => г Чегем
    [ADDRESS_2] => 
)

internalExecute:
Array
(
    [TYPE_ID] => 1
    [ENTITY_TYPE_ID] => 3
    [ENTITY_ID] => 241509
    [STREET] => днт.Университет
    [BUILDING] => уч.194
    [POSTAL_CODE] => 361401
    [COUNTRY] => Россия
    [PROVINCE] => Кабардино-Балкарская Респ
    [REGION] => Чегемский
    [CITY] => г Чегем
    [ADDRESS_2] => 
)

internalExecute:
Array
(
    [TYPE_ID] => 1
    [ENTITY_TYPE_ID] => 3
    [ENTITY_ID] => 241509
    [STREET] => днт.Университет
    [BUILDING] => уч.194
    [POSTAL_CODE] => 361401
    [COUNTRY] => Россия
    [PROVINCE] => Кабардино-Балкарская Респ
    [REGION] => Чегемский
    [CITY] => г Чегем
    [ADDRESS_2] => 
)

internalExecute:
Array
(
    [TYPE_ID] => 4
    [ENTITY_TYPE_ID] => 3
    [ENTITY_ID] => 241521
    [STREET] => ул. Николая Тарабукина
    [BUILDING] => д. 9, к. 2
    [POSTAL_CODE] => 678860
    [COUNTRY] => Россия
    [PROVINCE] => Респ. Саха /Якутия/
    [REGION] => у. Момский
    [CITY] => с. Хонуу
    [ADDRESS_2] => 
)

internalExecute:
Array
(
    [TYPE_ID] => 4
    [ENTITY_TYPE_ID] => 3
    [ENTITY_ID] => 241521
    [STREET] => ул. Николая Тарабукина
    [BUILDING] => д. 9, к. 2
    [POSTAL_CODE] => 678860
    [COUNTRY] => Россия
    [PROVINCE] => Респ. Саха /Якутия/
    [REGION] => у. Момский
    [CITY] => с. Хонуу
    [ADDRESS_2] => 
)

internalExecute:
Array
(
    [TYPE_ID] => 1
    [ENTITY_TYPE_ID] => 3
    [ENTITY_ID] => 241521
    [STREET] => мкр. Спортивный
    [BUILDING] => д. 2
    [POSTAL_CODE] => 678860
    [COUNTRY] => Россия
    [PROVINCE] => Респ. Саха /Якутия/
    [REGION] => у. Момский
    [CITY] => с. Хонуу
    [ADDRESS_2] => кв. 5
)

internalExecute:
Array
(
    [TYPE_ID] => 1
    [ENTITY_TYPE_ID] => 3
    [ENTITY_ID] => 241521
    [STREET] => мкр. Спортивный
    [BUILDING] => д. 2
    [POSTAL_CODE] => 678860
    [COUNTRY] => Россия
    [PROVINCE] => Респ. Саха /Якутия/
    [REGION] => у. Момский
    [CITY] => с. Хонуу
    [ADDRESS_2] => кв. 5
)

internalExecute:
Array
(
    [TYPE_ID] => 4
    [ENTITY_TYPE_ID] => 3
    [ENTITY_ID] => 241522
    [STREET] => ул. Николая Тарабукина
    [BUILDING] => д. 9, корп. 2
    [POSTAL_CODE] => 678860
    [COUNTRY] => Россия
    [PROVINCE] => Респ Саха /Якутия/
    [REGION] => у. Момский
    [CITY] => с. Хонуу
    [ADDRESS_2] => 
)

internalExecute:
Array
(
    [TYPE_ID] => 4
    [ENTITY_TYPE_ID] => 3
    [ENTITY_ID] => 241522
    [STREET] => ул. Николая Тарабукина
    [BUILDING] => д. 9, корп. 2
    [POSTAL_CODE] => 678860
    [COUNTRY] => Россия
    [PROVINCE] => Респ Саха /Якутия/
    [REGION] => у. Момский
    [CITY] => с. Хонуу
    [ADDRESS_2] => 
)

internalExecute:
Array
(
    [TYPE_ID] => 4
    [ENTITY_TYPE_ID] => 3
    [ENTITY_ID] => 241573
    [STREET] => Седен-оола Сергея
    [BUILDING] => 11
    [POSTAL_CODE] => 667907
    [COUNTRY] => Россия
    [PROVINCE] => Республика Тыва
    [REGION] => Кызылский
    [CITY] => с. Кара-Хаак
    [ADDRESS_2] => 1
)

internalExecute:
Array
(
    [TYPE_ID] => 4
    [ENTITY_TYPE_ID] => 3
    [ENTITY_ID] => 241573
    [STREET] => Седен-оола Сергея
    [BUILDING] => 11
    [POSTAL_CODE] => 667907
    [COUNTRY] => Россия
    [PROVINCE] => Республика Тыва
    [REGION] => Кызылский
    [CITY] => с. Кара-Хаак
    [ADDRESS_2] => 1
)

internalExecute:
Array
(
    [TYPE_ID] => 1
    [ENTITY_TYPE_ID] => 3
    [ENTITY_ID] => 241573
    [STREET] => Седен-оола Сергея
    [BUILDING] => 11
    [POSTAL_CODE] => 667907
    [COUNTRY] => Россия
    [PROVINCE] => Республика Тыва
    [REGION] => Кызылский
    [CITY] => с. Кара-Хаак
    [ADDRESS_2] => 1
)

internalExecute:
Array
(
    [TYPE_ID] => 1
    [ENTITY_TYPE_ID] => 3
    [ENTITY_ID] => 241573
    [STREET] => Седен-оола Сергея
    [BUILDING] => 11
    [POSTAL_CODE] => 667907
    [COUNTRY] => Россия
    [PROVINCE] => Республика Тыва
    [REGION] => Кызылский
    [CITY] => с. Кара-Хаак
    [ADDRESS_2] => 1
)

internalExecute:
Array
(
    [TYPE_ID] => 4
    [ENTITY_TYPE_ID] => 3
    [ENTITY_ID] => 241574
    [STREET] => Маныкая Кок-оола
    [BUILDING] => 33
    [POSTAL_CODE] => 667907
    [COUNTRY] => Россия
    [PROVINCE] => Республика Тыва
    [REGION] => Кызылский район
    [CITY] => с. Кара-Хаак
    [ADDRESS_2] => 1
)

internalExecute:
Array
(
    [TYPE_ID] => 4
    [ENTITY_TYPE_ID] => 3
    [ENTITY_ID] => 241574
    [STREET] => Маныкая Кок-оола
    [BUILDING] => 33
    [POSTAL_CODE] => 667907
    [COUNTRY] => Россия
    [PROVINCE] => Республика Тыва
    [REGION] => Кызылский район
    [CITY] => с. Кара-Хаак
    [ADDRESS_2] => 1
)

internalExecute:
Array
(
    [TYPE_ID] => 4
    [ENTITY_TYPE_ID] => 3
    [ENTITY_ID] => 241625
    [STREET] => Черных
    [BUILDING] => 7/2
    [POSTAL_CODE] => 653000
    [COUNTRY] => Россия
    [PROVINCE] => Кемеровская область
    [REGION] => 
    [CITY] => Прокопьевск
    [ADDRESS_2] => 15
)

internalExecute:
Array
(
    [TYPE_ID] => 4
    [ENTITY_TYPE_ID] => 3
    [ENTITY_ID] => 241625
    [STREET] => Черных
    [BUILDING] => 7/2
    [POSTAL_CODE] => 653000
    [COUNTRY] => Россия
    [PROVINCE] => Кемеровская область
    [REGION] => 
    [CITY] => Прокопьевск
    [ADDRESS_2] => 15
)

internalExecute:
Array
(
    [TYPE_ID] => 1
    [ENTITY_TYPE_ID] => 3
    [ENTITY_ID] => 241625
    [STREET] => Коммунальная
    [BUILDING] => 1
    [POSTAL_CODE] => 653000
    [COUNTRY] => Россия
    [PROVINCE] => Кемеровская область
    [REGION] => 
    [CITY] => Прокопьевск
    [ADDRESS_2] => 1а
)

internalExecute:
Array
(
    [TYPE_ID] => 1
    [ENTITY_TYPE_ID] => 3
    [ENTITY_ID] => 241625
    [STREET] => Коммунальная
    [BUILDING] => 1
    [POSTAL_CODE] => 653000
    [COUNTRY] => Россия
    [PROVINCE] => Кемеровская область
    [REGION] => 
    [CITY] => Прокопьевск
    [ADDRESS_2] => 1а
)

internalExecute:
Array
(
    [TYPE_ID] => 4
    [ENTITY_TYPE_ID] => 3
    [ENTITY_ID] => 241626
    [STREET] => ул. 10-й микрорайон
    [BUILDING] => 26
    [POSTAL_CODE] => 653000
    [COUNTRY] => Россия
    [PROVINCE] => Кемеровская область
    [REGION] => 
    [CITY] => Прокопьевск
    [ADDRESS_2] => 10
)

internalExecute:
Array
(
    [TYPE_ID] => 4
    [ENTITY_TYPE_ID] => 3
    [ENTITY_ID] => 241626
    [STREET] => ул. 10-й микрорайон
    [BUILDING] => 26
    [POSTAL_CODE] => 653000
    [COUNTRY] => Россия
    [PROVINCE] => Кемеровская область
    [REGION] => 
    [CITY] => Прокопьевск
    [ADDRESS_2] => 10
)

internalExecute:
Array
(
    [TYPE_ID] => 4
    [ENTITY_TYPE_ID] => 3
    [ENTITY_ID] => 241629
    [STREET] => Пушкина
    [BUILDING] => 9
    [POSTAL_CODE] => 
    [COUNTRY] => Россия
    [PROVINCE] => Карачаево-Черкесская Республика
    [REGION] => 
    [CITY] => город Карачаевск
    [ADDRESS_2] => 
)

internalExecute:
Array
(
    [TYPE_ID] => 4
    [ENTITY_TYPE_ID] => 3
    [ENTITY_ID] => 241629
    [STREET] => Пушкина
    [BUILDING] => 9
    [POSTAL_CODE] => 
    [COUNTRY] => Россия
    [PROVINCE] => Карачаево-Черкесская Республика
    [REGION] => 
    [CITY] => город Карачаевск
    [ADDRESS_2] => 
)

internalExecute:
Array
(
    [TYPE_ID] => 1
    [ENTITY_TYPE_ID] => 3
    [ENTITY_ID] => 241629
    [STREET] => Пушкина
    [BUILDING] => 9
    [POSTAL_CODE] => 
    [COUNTRY] => Россия
    [PROVINCE] => Карачаево-Черкесская Республика
    [REGION] => 
    [CITY] => город Карачаевск
    [ADDRESS_2] => 
)

internalExecute:
Array
(
    [TYPE_ID] => 1
    [ENTITY_TYPE_ID] => 3
    [ENTITY_ID] => 241629
    [STREET] => Пушкина
    [BUILDING] => 9
    [POSTAL_CODE] => 
    [COUNTRY] => Россия
    [PROVINCE] => Карачаево-Черкесская Республика
    [REGION] => 
    [CITY] => город Карачаевск
    [ADDRESS_2] => 
)

internalExecute:
Array
(
    [TYPE_ID] => 4
    [ENTITY_TYPE_ID] => 3
    [ENTITY_ID] => 241630
    [STREET] => Первомайская
    [BUILDING] => 112
    [POSTAL_CODE] => 
    [COUNTRY] => Россия
    [PROVINCE] => Карачаево-Черкесская Республика
    [REGION] => 
    [CITY] => город Черкесск 
    [ADDRESS_2] => 
)

internalExecute:
Array
(
    [TYPE_ID] => 4
    [ENTITY_TYPE_ID] => 3
    [ENTITY_ID] => 241630
    [STREET] => Первомайская
    [BUILDING] => 112
    [POSTAL_CODE] => 
    [COUNTRY] => Россия
    [PROVINCE] => Карачаево-Черкесская Республика
    [REGION] => 
    [CITY] => город Черкесск 
    [ADDRESS_2] => 
)

internalExecute:
Array
(
    [TYPE_ID] => 1
    [ENTITY_TYPE_ID] => 4
    [ENTITY_ID] => 396
    [STREET] => 6 мкр-н
    [BUILDING] => 5
    [POSTAL_CODE] => 
    [COUNTRY] => Россия
    [PROVINCE] => Бурятия республика
    [REGION] => Селенгинский
    [CITY] => Гусиноозерск
    [ADDRESS_2] => с торца магазина "Дельта"
)

internalExecute:
Array
(
    [TYPE_ID] => 1
    [ENTITY_TYPE_ID] => 4
    [ENTITY_ID] => 396
    [STREET] => 6 мкр-н
    [BUILDING] => 5
    [POSTAL_CODE] => 
    [COUNTRY] => Россия
    [PROVINCE] => Бурятия республика
    [REGION] => Селенгинский
    [CITY] => Гусиноозерск
    [ADDRESS_2] => с торца магазина "Дельта"
)

internalExecute:
Array
(
    [TYPE_ID] => 1
    [ENTITY_TYPE_ID] => 4
    [ENTITY_ID] => 48986
    [STREET] => Ключевская
    [BUILDING] => 76А
    [POSTAL_CODE] => 
    [COUNTRY] => Россия
    [PROVINCE] => Бурятия
    [REGION] => 
    [CITY] => Улан-Удэ
    [ADDRESS_2] => блок 1, офис 1-2 (20А квартала, 1 этаж, следующая дверь после МФЦ Мои документы.
)

internalExecute:
Array
(
    [TYPE_ID] => 1
    [ENTITY_TYPE_ID] => 4
    [ENTITY_ID] => 48986
    [STREET] => Ключевская
    [BUILDING] => 76А
    [POSTAL_CODE] => 
    [COUNTRY] => Россия
    [PROVINCE] => Бурятия
    [REGION] => 
    [CITY] => Улан-Удэ
    [ADDRESS_2] => блок 1, офис 1-2 (20А квартала, 1 этаж, следующая дверь после МФЦ Мои документы.
)

internalExecute:
Array
(
    [TYPE_ID] => 4
    [ENTITY_TYPE_ID] => 3
    [ENTITY_ID] => 241666
    [STREET] => Молодежная
    [BUILDING] => 4
    [POSTAL_CODE] => 652391
    [COUNTRY] => Россия
    [PROVINCE] => Кемеровская область – Кузбасс
    [REGION] => Промышленновский
    [CITY] => с. Титово
    [ADDRESS_2] => 
)

internalExecute:
Array
(
    [TYPE_ID] => 4
    [ENTITY_TYPE_ID] => 3
    [ENTITY_ID] => 241666
    [STREET] => Молодежная
    [BUILDING] => 4
    [POSTAL_CODE] => 652391
    [COUNTRY] => Россия
    [PROVINCE] => Кемеровская область – Кузбасс
    [REGION] => Промышленновский
    [CITY] => с. Титово
    [ADDRESS_2] => 
)

internalExecute:
Array
(
    [TYPE_ID] => 1
    [ENTITY_TYPE_ID] => 3
    [ENTITY_ID] => 241666
    [STREET] => Молодежная
    [BUILDING] => 4
    [POSTAL_CODE] => 652391
    [COUNTRY] => Россия
    [PROVINCE] => Кемеровская область – Кузбасс
    [REGION] => Промышленновский
    [CITY] => с. Титово
    [ADDRESS_2] => 
)

internalExecute:
Array
(
    [TYPE_ID] => 1
    [ENTITY_TYPE_ID] => 3
    [ENTITY_ID] => 241666
    [STREET] => Молодежная
    [BUILDING] => 4
    [POSTAL_CODE] => 652391
    [COUNTRY] => Россия
    [PROVINCE] => Кемеровская область – Кузбасс
    [REGION] => Промышленновский
    [CITY] => с. Титово
    [ADDRESS_2] => 
)

internalExecute:
Array
(
    [TYPE_ID] => 4
    [ENTITY_TYPE_ID] => 3
    [ENTITY_ID] => 241667
    [STREET] => пер. Тыхтинский
    [BUILDING] => 15
    [POSTAL_CODE] => 
    [COUNTRY] => Россия
    [PROVINCE] => Кемеровская область-Кузбасс
    [REGION] => Промышленновский
    [CITY] => с.Титово
    [ADDRESS_2] => 2
)

internalExecute:
Array
(
    [TYPE_ID] => 4
    [ENTITY_TYPE_ID] => 3
    [ENTITY_ID] => 241667
    [STREET] => пер. Тыхтинский
    [BUILDING] => 15
    [POSTAL_CODE] => 
    [COUNTRY] => Россия
    [PROVINCE] => Кемеровская область-Кузбасс
    [REGION] => Промышленновский
    [CITY] => с.Титово
    [ADDRESS_2] => 2
)

internalExecute:
Array
(
    [TYPE_ID] => 4
    [ENTITY_TYPE_ID] => 3
    [ENTITY_ID] => 241674
    [STREET] => Урицкого
    [BUILDING] => 29
    [POSTAL_CODE] => 360904
    [COUNTRY] => Россия
    [PROVINCE] => Кабардино-Балкарская Республика
    [REGION] => город Нальчик
    [CITY] => пос.Кенже
    [ADDRESS_2] => 
)

internalExecute:
Array
(
    [TYPE_ID] => 4
    [ENTITY_TYPE_ID] => 3
    [ENTITY_ID] => 241674
    [STREET] => Урицкого
    [BUILDING] => 29
    [POSTAL_CODE] => 360904
    [COUNTRY] => Россия
    [PROVINCE] => Кабардино-Балкарская Республика
    [REGION] => город Нальчик
    [CITY] => пос.Кенже
    [ADDRESS_2] => 
)

internalExecute:
Array
(
    [TYPE_ID] => 1
    [ENTITY_TYPE_ID] => 3
    [ENTITY_ID] => 241674
    [STREET] => Урицкого
    [BUILDING] => 29
    [POSTAL_CODE] => 360904
    [COUNTRY] => Россия
    [PROVINCE] => Кабардино-Балкарская Республика
    [REGION] => город Нальчик
    [CITY] => пос.Кенже
    [ADDRESS_2] => 
)

internalExecute:
Array
(
    [TYPE_ID] => 1
    [ENTITY_TYPE_ID] => 3
    [ENTITY_ID] => 241674
    [STREET] => Урицкого
    [BUILDING] => 29
    [POSTAL_CODE] => 360904
    [COUNTRY] => Россия
    [PROVINCE] => Кабардино-Балкарская Республика
    [REGION] => город Нальчик
    [CITY] => пос.Кенже
    [ADDRESS_2] => 
)

internalExecute:
Array
(
    [TYPE_ID] => 1
    [ENTITY_TYPE_ID] => 4
    [ENTITY_ID] => 48999
    [STREET] => Петухова
    [BUILDING] => 
    [POSTAL_CODE] => 
    [COUNTRY] => Россия
    [PROVINCE] => Новосибирская область
    [REGION] => 
    [CITY] => Новосибирск
    [ADDRESS_2] => 
)

internalExecute:
Array
(
    [TYPE_ID] => 1
    [ENTITY_TYPE_ID] => 4
    [ENTITY_ID] => 48999
    [STREET] => Петухова
    [BUILDING] => 
    [POSTAL_CODE] => 
    [COUNTRY] => Россия
    [PROVINCE] => Новосибирская область
    [REGION] => 
    [CITY] => Новосибирск
    [ADDRESS_2] => 
)

internalExecute:
Array
(
    [TYPE_ID] => 1
    [ENTITY_TYPE_ID] => 4
    [ENTITY_ID] => 49008
    [STREET] => Неделина
    [BUILDING] => 7А
    [POSTAL_CODE] => 
    [COUNTRY] => Россия
    [PROVINCE] => Кабардино-Балкарская Республика
    [REGION] => 
    [CITY] => Нальчик
    [ADDRESS_2] => 
)

internalExecute:
Array
(
    [TYPE_ID] => 1
    [ENTITY_TYPE_ID] => 4
    [ENTITY_ID] => 49008
    [STREET] => Неделина
    [BUILDING] => 7А
    [POSTAL_CODE] => 
    [COUNTRY] => Россия
    [PROVINCE] => Кабардино-Балкарская Республика
    [REGION] => 
    [CITY] => Нальчик
    [ADDRESS_2] => 
)

internalExecute:
Array
(
    [TYPE_ID] => 1
    [ENTITY_TYPE_ID] => 4
    [ENTITY_ID] => 49009
    [STREET] => Ленина
    [BUILDING] => 54 А
    [POSTAL_CODE] => 
    [COUNTRY] => Россия
    [PROVINCE] => Кабардино-Балкарская Республика
    [REGION] => Баксанский
    [CITY] => Баксан
    [ADDRESS_2] => 2 этаж 1 офис
)

internalExecute:
Array
(
    [TYPE_ID] => 1
    [ENTITY_TYPE_ID] => 4
    [ENTITY_ID] => 49009
    [STREET] => Ленина
    [BUILDING] => 54 А
    [POSTAL_CODE] => 
    [COUNTRY] => Россия
    [PROVINCE] => Кабардино-Балкарская Республика
    [REGION] => Баксанский
    [CITY] => Баксан
    [ADDRESS_2] => 2 этаж 1 офис
)

internalExecute:
Array
(
    [TYPE_ID] => 1
    [ENTITY_TYPE_ID] => 4
    [ENTITY_ID] => 1916
    [STREET] => Ганарина
    [BUILDING] => 144/1 корп. 2
    [POSTAL_CODE] => 
    [COUNTRY] => Россия
    [PROVINCE] => Республика Адыгея
    [REGION] => Таххтамукайский
    [CITY] => пгт. яблоновский
    [ADDRESS_2] => офис 4
)

internalExecute:
Array
(
    [TYPE_ID] => 1
    [ENTITY_TYPE_ID] => 4
    [ENTITY_ID] => 1916
    [STREET] => Ганарина
    [BUILDING] => 144/1 корп. 2
    [POSTAL_CODE] => 
    [COUNTRY] => Россия
    [PROVINCE] => Республика Адыгея
    [REGION] => Таххтамукайский
    [CITY] => пгт. яблоновский
    [ADDRESS_2] => офис 4
)

internalExecute:
Array
(
    [TYPE_ID] => 4
    [ENTITY_TYPE_ID] => 3
    [ENTITY_ID] => 241723
    [STREET] => проспект Октября
    [BUILDING] => 19
    [POSTAL_CODE] => 453116
    [COUNTRY] => Россия
    [PROVINCE] => Республика Башкортостан
    [REGION] => 
    [CITY] => город Стерлитамак
    [ADDRESS_2] => 54
)

internalExecute:
Array
(
    [TYPE_ID] => 4
    [ENTITY_TYPE_ID] => 3
    [ENTITY_ID] => 241723
    [STREET] => проспект Октября
    [BUILDING] => 19
    [POSTAL_CODE] => 453116
    [COUNTRY] => Россия
    [PROVINCE] => Республика Башкортостан
    [REGION] => 
    [CITY] => город Стерлитамак
    [ADDRESS_2] => 54
)

internalExecute:
Array
(
    [TYPE_ID] => 1
    [ENTITY_TYPE_ID] => 3
    [ENTITY_ID] => 241723
    [STREET] => проспект Октября
    [BUILDING] => 19
    [POSTAL_CODE] => 453116
    [COUNTRY] => Россия
    [PROVINCE] => Республика Башкортостан
    [REGION] => 
    [CITY] => город Стерлитамак
    [ADDRESS_2] => 54
)

internalExecute:
Array
(
    [TYPE_ID] => 1
    [ENTITY_TYPE_ID] => 3
    [ENTITY_ID] => 241723
    [STREET] => проспект Октября
    [BUILDING] => 19
    [POSTAL_CODE] => 453116
    [COUNTRY] => Россия
    [PROVINCE] => Республика Башкортостан
    [REGION] => 
    [CITY] => город Стерлитамак
    [ADDRESS_2] => 54
)

internalExecute:
Array
(
    [TYPE_ID] => 4
    [ENTITY_TYPE_ID] => 3
    [ENTITY_ID] => 241724
    [STREET] => Комсомольская
    [BUILDING] => 38
    [POSTAL_CODE] => 453330
    [COUNTRY] => Россия
    [PROVINCE] => Республика Башкортостан
    [REGION] => Кугарчинский р-н
    [CITY] => с. Мраково
    [ADDRESS_2] => 
)

internalExecute:
Array
(
    [TYPE_ID] => 4
    [ENTITY_TYPE_ID] => 3
    [ENTITY_ID] => 241724
    [STREET] => Комсомольская
    [BUILDING] => 38
    [POSTAL_CODE] => 453330
    [COUNTRY] => Россия
    [PROVINCE] => Республика Башкортостан
    [REGION] => Кугарчинский р-н
    [CITY] => с. Мраково
    [ADDRESS_2] => 
)

internalExecute:
Array
(
    [TYPE_ID] => 4
    [ENTITY_TYPE_ID] => 3
    [ENTITY_ID] => 241735
    [STREET] => Сухорукова
    [BUILDING] => 14
    [POSTAL_CODE] => 
    [COUNTRY] => Россия
    [PROVINCE] => Кемеровская область-Кузбасс
    [REGION] => 
    [CITY] => г. Ленинск-Кузнецкий
    [ADDRESS_2] => 2
)

internalExecute:
Array
(
    [TYPE_ID] => 4
    [ENTITY_TYPE_ID] => 3
    [ENTITY_ID] => 241735
    [STREET] => Сухорукова
    [BUILDING] => 14
    [POSTAL_CODE] => 
    [COUNTRY] => Россия
    [PROVINCE] => Кемеровская область-Кузбасс
    [REGION] => 
    [CITY] => г. Ленинск-Кузнецкий
    [ADDRESS_2] => 2
)

internalExecute:
Array
(
    [TYPE_ID] => 1
    [ENTITY_TYPE_ID] => 3
    [ENTITY_ID] => 241735
    [STREET] => Сухорукова
    [BUILDING] => 14
    [POSTAL_CODE] => 
    [COUNTRY] => Россия
    [PROVINCE] => Кемеровская область-Кузбасс
    [REGION] => 
    [CITY] => г. Ленинск-Кузнецкий
    [ADDRESS_2] => 2
)

internalExecute:
Array
(
    [TYPE_ID] => 1
    [ENTITY_TYPE_ID] => 3
    [ENTITY_ID] => 241735
    [STREET] => Сухорукова
    [BUILDING] => 14
    [POSTAL_CODE] => 
    [COUNTRY] => Россия
    [PROVINCE] => Кемеровская область-Кузбасс
    [REGION] => 
    [CITY] => г. Ленинск-Кузнецкий
    [ADDRESS_2] => 2
)

internalExecute:
Array
(
    [TYPE_ID] => 4
    [ENTITY_TYPE_ID] => 3
    [ENTITY_ID] => 241736
    [STREET] => энгельса
    [BUILDING] => 14
    [POSTAL_CODE] => 
    [COUNTRY] => Россия
    [PROVINCE] => Новосибирская область
    [REGION] => Советский
    [CITY] => г. новосибирск
    [ADDRESS_2] => 141
)

internalExecute:
Array
(
    [TYPE_ID] => 4
    [ENTITY_TYPE_ID] => 3
    [ENTITY_ID] => 241736
    [STREET] => энгельса
    [BUILDING] => 14
    [POSTAL_CODE] => 
    [COUNTRY] => Россия
    [PROVINCE] => Новосибирская область
    [REGION] => Советский
    [CITY] => г. новосибирск
    [ADDRESS_2] => 141
)

internalExecute:
Array
(
    [TYPE_ID] => 4
    [ENTITY_TYPE_ID] => 3
    [ENTITY_ID] => 241737
    [STREET] => Сухорукова
    [BUILDING] => 14
    [POSTAL_CODE] => 
    [COUNTRY] => Россия
    [PROVINCE] => Кемеровская область
    [REGION] => 
    [CITY] => гор.Ленинск-Кузнецкий
    [ADDRESS_2] => 2
)

internalExecute:
Array
(
    [TYPE_ID] => 4
    [ENTITY_TYPE_ID] => 3
    [ENTITY_ID] => 241737
    [STREET] => Сухорукова
    [BUILDING] => 14
    [POSTAL_CODE] => 
    [COUNTRY] => Россия
    [PROVINCE] => Кемеровская область
    [REGION] => 
    [CITY] => гор.Ленинск-Кузнецкий
    [ADDRESS_2] => 2
)

internalExecute:
Array
(
    [TYPE_ID] => 1
    [ENTITY_TYPE_ID] => 3
    [ENTITY_ID] => 241737
    [STREET] => Сухорукова
    [BUILDING] => 14
    [POSTAL_CODE] => 
    [COUNTRY] => Россия
    [PROVINCE] => Кемеровская область
    [REGION] => 
    [CITY] => гор.Ленинск-Кузнецкий
    [ADDRESS_2] => 2
)

internalExecute:
Array
(
    [TYPE_ID] => 1
    [ENTITY_TYPE_ID] => 3
    [ENTITY_ID] => 241737
    [STREET] => Сухорукова
    [BUILDING] => 14
    [POSTAL_CODE] => 
    [COUNTRY] => Россия
    [PROVINCE] => Кемеровская область
    [REGION] => 
    [CITY] => гор.Ленинск-Кузнецкий
    [ADDRESS_2] => 2
)

internalExecute:
Array
(
    [TYPE_ID] => 4
    [ENTITY_TYPE_ID] => 3
    [ENTITY_ID] => 241738
    [STREET] => Энгельса
    [BUILDING] => 14
    [POSTAL_CODE] => 
    [COUNTRY] => Россия
    [PROVINCE] => Новосибирская область
    [REGION] => Советский
    [CITY] => Новосибирск
    [ADDRESS_2] => 141
)

internalExecute:
Array
(
    [TYPE_ID] => 4
    [ENTITY_TYPE_ID] => 3
    [ENTITY_ID] => 241738
    [STREET] => Энгельса
    [BUILDING] => 14
    [POSTAL_CODE] => 
    [COUNTRY] => Россия
    [PROVINCE] => Новосибирская область
    [REGION] => Советский
    [CITY] => Новосибирск
    [ADDRESS_2] => 141
)

internalExecute:
Array
(
    [TYPE_ID] => 4
    [ENTITY_TYPE_ID] => 3
    [ENTITY_ID] => 241739
    [STREET] => Энгельса
    [BUILDING] => 14
    [POSTAL_CODE] => 
    [COUNTRY] => Россия
    [PROVINCE] => Новосибирская область
    [REGION] => Советский
    [CITY] => Новосибирск
    [ADDRESS_2] => 141
)

internalExecute:
Array
(
    [TYPE_ID] => 4
    [ENTITY_TYPE_ID] => 3
    [ENTITY_ID] => 241739
    [STREET] => Энгельса
    [BUILDING] => 14
    [POSTAL_CODE] => 
    [COUNTRY] => Россия
    [PROVINCE] => Новосибирская область
    [REGION] => Советский
    [CITY] => Новосибирск
    [ADDRESS_2] => 141
)

internalExecute:
Array
(
    [TYPE_ID] => 4
    [ENTITY_TYPE_ID] => 3
    [ENTITY_ID] => 241776
    [STREET] => Есенина
    [BUILDING] => 96
    [POSTAL_CODE] => 653000
    [COUNTRY] => Россия
    [PROVINCE] => Кемеровская область
    [REGION] => 
    [CITY] => Прокопьевск
    [ADDRESS_2] => 17
)

internalExecute:
Array
(
    [TYPE_ID] => 4
    [ENTITY_TYPE_ID] => 3
    [ENTITY_ID] => 241776
    [STREET] => Есенина
    [BUILDING] => 96
    [POSTAL_CODE] => 653000
    [COUNTRY] => Россия
    [PROVINCE] => Кемеровская область
    [REGION] => 
    [CITY] => Прокопьевск
    [ADDRESS_2] => 17
)

internalExecute:
Array
(
    [TYPE_ID] => 1
    [ENTITY_TYPE_ID] => 3
    [ENTITY_ID] => 241776
    [STREET] => Есенина
    [BUILDING] => 96
    [POSTAL_CODE] => 653000
    [COUNTRY] => Россия
    [PROVINCE] => Кемеровская область
    [REGION] => 
    [CITY] => Прокопьевск
    [ADDRESS_2] => 17
)

internalExecute:
Array
(
    [TYPE_ID] => 1
    [ENTITY_TYPE_ID] => 3
    [ENTITY_ID] => 241776
    [STREET] => Есенина
    [BUILDING] => 96
    [POSTAL_CODE] => 653000
    [COUNTRY] => Россия
    [PROVINCE] => Кемеровская область
    [REGION] => 
    [CITY] => Прокопьевск
    [ADDRESS_2] => 17
)

internalExecute:
Array
(
    [TYPE_ID] => 4
    [ENTITY_TYPE_ID] => 3
    [ENTITY_ID] => 241777
    [STREET] => Оренбургская
    [BUILDING] => 4
    [POSTAL_CODE] => 653046
    [COUNTRY] => Россия
    [PROVINCE] => Кемеровская область
    [REGION] => 
    [CITY] => Прокопьевск
    [ADDRESS_2] => 45
)

internalExecute:
Array
(
    [TYPE_ID] => 4
    [ENTITY_TYPE_ID] => 3
    [ENTITY_ID] => 241777
    [STREET] => Оренбургская
    [BUILDING] => 4
    [POSTAL_CODE] => 653046
    [COUNTRY] => Россия
    [PROVINCE] => Кемеровская область
    [REGION] => 
    [CITY] => Прокопьевск
    [ADDRESS_2] => 45
)

internalExecute:
Array
(
    [TYPE_ID] => 4
    [ENTITY_TYPE_ID] => 3
    [ENTITY_ID] => 241789
    [STREET] => гагарина
    [BUILDING] => 91
    [POSTAL_CODE] => 452033
    [COUNTRY] => Россия
    [PROVINCE] => Республика Башкортостан
    [REGION] => Белебеевский
    [CITY] => с. Усень-Ивановское
    [ADDRESS_2] => 
)

internalExecute:
Array
(
    [TYPE_ID] => 4
    [ENTITY_TYPE_ID] => 3
    [ENTITY_ID] => 241789
    [STREET] => гагарина
    [BUILDING] => 91
    [POSTAL_CODE] => 452033
    [COUNTRY] => Россия
    [PROVINCE] => Республика Башкортостан
    [REGION] => Белебеевский
    [CITY] => с. Усень-Ивановское
    [ADDRESS_2] => 
)

internalExecute:
Array
(
    [TYPE_ID] => 1
    [ENTITY_TYPE_ID] => 3
    [ENTITY_ID] => 241789
    [STREET] => гагарина
    [BUILDING] => 91
    [POSTAL_CODE] => 452033
    [COUNTRY] => Россия
    [PROVINCE] => Республика Башкортостан
    [REGION] => Белебеевский
    [CITY] => с. Усень-Ивановское
    [ADDRESS_2] => 
)

internalExecute:
Array
(
    [TYPE_ID] => 1
    [ENTITY_TYPE_ID] => 3
    [ENTITY_ID] => 241789
    [STREET] => гагарина
    [BUILDING] => 91
    [POSTAL_CODE] => 452033
    [COUNTRY] => Россия
    [PROVINCE] => Республика Башкортостан
    [REGION] => Белебеевский
    [CITY] => с. Усень-Ивановское
    [ADDRESS_2] => 
)

internalExecute:
Array
(
    [TYPE_ID] => 4
    [ENTITY_TYPE_ID] => 3
    [ENTITY_ID] => 241790
    [STREET] => Пятая мкр. Ласточка
    [BUILDING] => 14
    [POSTAL_CODE] => 452000
    [COUNTRY] => Россия
    [PROVINCE] => Республике Башкортостан
    [REGION] => Белебеевский
    [CITY] => г. Белебей
    [ADDRESS_2] => 
)

internalExecute:
Array
(
    [TYPE_ID] => 4
    [ENTITY_TYPE_ID] => 3
    [ENTITY_ID] => 241790
    [STREET] => Пятая мкр. Ласточка
    [BUILDING] => 14
    [POSTAL_CODE] => 452000
    [COUNTRY] => Россия
    [PROVINCE] => Республике Башкортостан
    [REGION] => Белебеевский
    [CITY] => г. Белебей
    [ADDRESS_2] => 
)

internalExecute:
Array
(
    [TYPE_ID] => 4
    [ENTITY_TYPE_ID] => 3
    [ENTITY_ID] => 241795
    [STREET] => 4-й переулок
    [BUILDING] => 7
    [POSTAL_CODE] => 
    [COUNTRY] => Россия
    [PROVINCE] => Ставропольский край
    [REGION] => 
    [CITY] => г Пятигорск
    [ADDRESS_2] => 
)

internalExecute:
Array
(
    [TYPE_ID] => 4
    [ENTITY_TYPE_ID] => 3
    [ENTITY_ID] => 241795
    [STREET] => 4-й переулок
    [BUILDING] => 7
    [POSTAL_CODE] => 
    [COUNTRY] => Россия
    [PROVINCE] => Ставропольский край
    [REGION] => 
    [CITY] => г Пятигорск
    [ADDRESS_2] => 
)

internalExecute:
Array
(
    [TYPE_ID] => 1
    [ENTITY_TYPE_ID] => 3
    [ENTITY_ID] => 241795
    [STREET] => ул Огородная
    [BUILDING] => 4 а
    [POSTAL_CODE] => 
    [COUNTRY] => Россия
    [PROVINCE] => Ставропольский край
    [REGION] => 
    [CITY] => г Пятигорск
    [ADDRESS_2] => 
)

internalExecute:
Array
(
    [TYPE_ID] => 1
    [ENTITY_TYPE_ID] => 3
    [ENTITY_ID] => 241795
    [STREET] => ул Огородная
    [BUILDING] => 4 а
    [POSTAL_CODE] => 
    [COUNTRY] => Россия
    [PROVINCE] => Ставропольский край
    [REGION] => 
    [CITY] => г Пятигорск
    [ADDRESS_2] => 
)

internalExecute:
Array
(
    [TYPE_ID] => 4
    [ENTITY_TYPE_ID] => 3
    [ENTITY_ID] => 241796
    [STREET] => 4-й переулок 
    [BUILDING] => 7
    [POSTAL_CODE] => 
    [COUNTRY] => Россия
    [PROVINCE] => Ставропольский край
    [REGION] => г Пятигорск
    [CITY] => 
    [ADDRESS_2] => 
)

internalExecute:
Array
(
    [TYPE_ID] => 4
    [ENTITY_TYPE_ID] => 3
    [ENTITY_ID] => 241796
    [STREET] => 4-й переулок 
    [BUILDING] => 7
    [POSTAL_CODE] => 
    [COUNTRY] => Россия
    [PROVINCE] => Ставропольский край
    [REGION] => г Пятигорск
    [CITY] => 
    [ADDRESS_2] => 
)

internalExecute:
Array
(
    [TYPE_ID] => 1
    [ENTITY_TYPE_ID] => 3
    [ENTITY_ID] => 241796
    [STREET] => ул Тамбуканская
    [BUILDING] => 46
    [POSTAL_CODE] => 
    [COUNTRY] => Россия
    [PROVINCE] => Ставропольский край
    [REGION] => г Пятигорск 
    [CITY] => 
    [ADDRESS_2] => 
)

internalExecute:
Array
(
    [TYPE_ID] => 1
    [ENTITY_TYPE_ID] => 3
    [ENTITY_ID] => 241796
    [STREET] => ул Тамбуканская
    [BUILDING] => 46
    [POSTAL_CODE] => 
    [COUNTRY] => Россия
    [PROVINCE] => Ставропольский край
    [REGION] => г Пятигорск 
    [CITY] => 
    [ADDRESS_2] => 
)

internalExecute:
Array
(
    [TYPE_ID] => 4
    [ENTITY_TYPE_ID] => 3
    [ENTITY_ID] => 241797
    [STREET] => ул Октябрьская 
    [BUILDING] => 409
    [POSTAL_CODE] => 
    [COUNTRY] => Россия
    [PROVINCE] => Ставропольский край
    [REGION] => г Ессентуки
    [CITY] => 
    [ADDRESS_2] => 36
)

internalExecute:
Array
(
    [TYPE_ID] => 4
    [ENTITY_TYPE_ID] => 3
    [ENTITY_ID] => 241797
    [STREET] => ул Октябрьская 
    [BUILDING] => 409
    [POSTAL_CODE] => 
    [COUNTRY] => Россия
    [PROVINCE] => Ставропольский край
    [REGION] => г Ессентуки
    [CITY] => 
    [ADDRESS_2] => 36
)

internalExecute:
Array
(
    [TYPE_ID] => 1
    [ENTITY_TYPE_ID] => 3
    [ENTITY_ID] => 241797
    [STREET] => ул Октябрьская 
    [BUILDING] => 409
    [POSTAL_CODE] => 
    [COUNTRY] => Россия
    [PROVINCE] => Ставропольский край
    [REGION] => г Ессентуки
    [CITY] => 
    [ADDRESS_2] => 36
)

internalExecute:
Array
(
    [TYPE_ID] => 1
    [ENTITY_TYPE_ID] => 3
    [ENTITY_ID] => 241797
    [STREET] => ул Октябрьская 
    [BUILDING] => 409
    [POSTAL_CODE] => 
    [COUNTRY] => Россия
    [PROVINCE] => Ставропольский край
    [REGION] => г Ессентуки
    [CITY] => 
    [ADDRESS_2] => 36
)

internalExecute:
Array
(
    [TYPE_ID] => 1
    [ENTITY_TYPE_ID] => 4
    [ENTITY_ID] => 30911
    [STREET] => 8-я Источная 
    [BUILDING] => 11
    [POSTAL_CODE] => 
    [COUNTRY] => Россия
    [PROVINCE] => Республика Дагестан
    [REGION] => 
    [CITY] => Махачкала
    [ADDRESS_2] => 
)

internalExecute:
Array
(
    [TYPE_ID] => 1
    [ENTITY_TYPE_ID] => 4
    [ENTITY_ID] => 30911
    [STREET] => 8-я Источная 
    [BUILDING] => 11
    [POSTAL_CODE] => 
    [COUNTRY] => Россия
    [PROVINCE] => Республика Дагестан
    [REGION] => 
    [CITY] => Махачкала
    [ADDRESS_2] => 
)

internalExecute:
Array
(
    [TYPE_ID] => 4
    [ENTITY_TYPE_ID] => 3
    [ENTITY_ID] => 241804
    [STREET] => Береговая
    [BUILDING] => 5
    [POSTAL_CODE] => 652391
    [COUNTRY] => Россия
    [PROVINCE] => Кемеровская область
    [REGION] => Промышленновский
    [CITY] => с. Титово
    [ADDRESS_2] => 
)

internalExecute:
Array
(
    [TYPE_ID] => 4
    [ENTITY_TYPE_ID] => 3
    [ENTITY_ID] => 241804
    [STREET] => Береговая
    [BUILDING] => 5
    [POSTAL_CODE] => 652391
    [COUNTRY] => Россия
    [PROVINCE] => Кемеровская область
    [REGION] => Промышленновский
    [CITY] => с. Титово
    [ADDRESS_2] => 
)

internalExecute:
Array
(
    [TYPE_ID] => 1
    [ENTITY_TYPE_ID] => 3
    [ENTITY_ID] => 241804
    [STREET] => Молодежная
    [BUILDING] => 4
    [POSTAL_CODE] => 652391
    [COUNTRY] => Россия
    [PROVINCE] => Кемеровская область – Кузбасс
    [REGION] => Промышленновский
    [CITY] => с. Титово
    [ADDRESS_2] => 
)

internalExecute:
Array
(
    [TYPE_ID] => 1
    [ENTITY_TYPE_ID] => 3
    [ENTITY_ID] => 241804
    [STREET] => Молодежная
    [BUILDING] => 4
    [POSTAL_CODE] => 652391
    [COUNTRY] => Россия
    [PROVINCE] => Кемеровская область – Кузбасс
    [REGION] => Промышленновский
    [CITY] => с. Титово
    [ADDRESS_2] => 
)

internalExecute:
Array
(
    [TYPE_ID] => 1
    [ENTITY_TYPE_ID] => 4
    [ENTITY_ID] => 3017
    [STREET] => Калинина
    [BUILDING] => 107
    [POSTAL_CODE] => 
    [COUNTRY] => Россия
    [PROVINCE] => Амурская область
    [REGION] => 
    [CITY] => Благовещенск
    [ADDRESS_2] => офис 102, этаж 1
)

internalExecute:
Array
(
    [TYPE_ID] => 1
    [ENTITY_TYPE_ID] => 4
    [ENTITY_ID] => 3017
    [STREET] => Калинина
    [BUILDING] => 107
    [POSTAL_CODE] => 
    [COUNTRY] => Россия
    [PROVINCE] => Амурская область
    [REGION] => 
    [CITY] => Благовещенск
    [ADDRESS_2] => офис 102, этаж 1
)

internalExecute:
Array
(
    [TYPE_ID] => 4
    [ENTITY_TYPE_ID] => 3
    [ENTITY_ID] => 241839
    [STREET] => зеленая
    [BUILDING] => 6
    [POSTAL_CODE] => 
    [COUNTRY] => Россия
    [PROVINCE] => кемеровская область-Кузбасс
    [REGION] => Промышленновский
    [CITY] => д. Ерёмино
    [ADDRESS_2] => 
)

internalExecute:
Array
(
    [TYPE_ID] => 4
    [ENTITY_TYPE_ID] => 3
    [ENTITY_ID] => 241839
    [STREET] => зеленая
    [BUILDING] => 6
    [POSTAL_CODE] => 
    [COUNTRY] => Россия
    [PROVINCE] => кемеровская область-Кузбасс
    [REGION] => Промышленновский
    [CITY] => д. Ерёмино
    [ADDRESS_2] => 
)

internalExecute:
Array
(
    [TYPE_ID] => 1
    [ENTITY_TYPE_ID] => 3
    [ENTITY_ID] => 241839
    [STREET] => зеленая
    [BUILDING] => 6
    [POSTAL_CODE] => 
    [COUNTRY] => Россия
    [PROVINCE] => кемеровская область-Кузбасс
    [REGION] => Промышленновский
    [CITY] => д. Ерёмино
    [ADDRESS_2] => 
)

internalExecute:
Array
(
    [TYPE_ID] => 1
    [ENTITY_TYPE_ID] => 3
    [ENTITY_ID] => 241839
    [STREET] => зеленая
    [BUILDING] => 6
    [POSTAL_CODE] => 
    [COUNTRY] => Россия
    [PROVINCE] => кемеровская область-Кузбасс
    [REGION] => Промышленновский
    [CITY] => д. Ерёмино
    [ADDRESS_2] => 
)

internalExecute:
Array
(
    [TYPE_ID] => 4
    [ENTITY_TYPE_ID] => 3
    [ENTITY_ID] => 241840
    [STREET] => курская
    [BUILDING] => 13
    [POSTAL_CODE] => 
    [COUNTRY] => Россия
    [PROVINCE] => Кемеровская область
    [REGION] => 
    [CITY] => ленинск-кузнецкий
    [ADDRESS_2] => 
)

internalExecute:
Array
(
    [TYPE_ID] => 4
    [ENTITY_TYPE_ID] => 3
    [ENTITY_ID] => 241840
    [STREET] => курская
    [BUILDING] => 13
    [POSTAL_CODE] => 
    [COUNTRY] => Россия
    [PROVINCE] => Кемеровская область
    [REGION] => 
    [CITY] => ленинск-кузнецкий
    [ADDRESS_2] => 
)

internalExecute:
Array
(
    [TYPE_ID] => 4
    [ENTITY_TYPE_ID] => 3
    [ENTITY_ID] => 241841
    [STREET] => мусохранова
    [BUILDING] => 1
    [POSTAL_CODE] => 
    [COUNTRY] => Россия
    [PROVINCE] => кемеровская область
    [REGION] => 
    [CITY] => ленинск-кузнецкий
    [ADDRESS_2] => 18
)

internalExecute:
Array
(
    [TYPE_ID] => 4
    [ENTITY_TYPE_ID] => 3
    [ENTITY_ID] => 241841
    [STREET] => мусохранова
    [BUILDING] => 1
    [POSTAL_CODE] => 
    [COUNTRY] => Россия
    [PROVINCE] => кемеровская область
    [REGION] => 
    [CITY] => ленинск-кузнецкий
    [ADDRESS_2] => 18
)

internalExecute:
Array
(
    [TYPE_ID] => 4
    [ENTITY_TYPE_ID] => 3
    [ENTITY_ID] => 241842
    [STREET] => проспект Текстильщиков
    [BUILDING] => 2/1
    [POSTAL_CODE] => 
    [COUNTRY] => Россия
    [PROVINCE] => кемеровская область
    [REGION] => 
    [CITY] => ленинск-кузнецкий
    [ADDRESS_2] => 93
)

internalExecute:
Array
(
    [TYPE_ID] => 4
    [ENTITY_TYPE_ID] => 3
    [ENTITY_ID] => 241842
    [STREET] => проспект Текстильщиков
    [BUILDING] => 2/1
    [POSTAL_CODE] => 
    [COUNTRY] => Россия
    [PROVINCE] => кемеровская область
    [REGION] => 
    [CITY] => ленинск-кузнецкий
    [ADDRESS_2] => 93
)

internalExecute:
Array
(
    [TYPE_ID] => 4
    [ENTITY_TYPE_ID] => 3
    [ENTITY_ID] => 241868
    [STREET] => Кечил-оола
    [BUILDING] => 7
    [POSTAL_CODE] => 667904
    [COUNTRY] => Россия
    [PROVINCE] => Республика Тыва
    [REGION] => Кызылский район
    [CITY] => с. Сукпак
    [ADDRESS_2] => 1
)

internalExecute:
Array
(
    [TYPE_ID] => 4
    [ENTITY_TYPE_ID] => 3
    [ENTITY_ID] => 241868
    [STREET] => Кечил-оола
    [BUILDING] => 7
    [POSTAL_CODE] => 667904
    [COUNTRY] => Россия
    [PROVINCE] => Республика Тыва
    [REGION] => Кызылский район
    [CITY] => с. Сукпак
    [ADDRESS_2] => 1
)

internalExecute:
Array
(
    [TYPE_ID] => 1
    [ENTITY_TYPE_ID] => 3
    [ENTITY_ID] => 241868
    [STREET] => Кечил-оола
    [BUILDING] => 7
    [POSTAL_CODE] => 667904
    [COUNTRY] => Россия
    [PROVINCE] => Республика Тыва
    [REGION] => Кызылский район
    [CITY] => с. Сукпак
    [ADDRESS_2] => 1
)

internalExecute:
Array
(
    [TYPE_ID] => 1
    [ENTITY_TYPE_ID] => 3
    [ENTITY_ID] => 241868
    [STREET] => Кечил-оола
    [BUILDING] => 7
    [POSTAL_CODE] => 667904
    [COUNTRY] => Россия
    [PROVINCE] => Республика Тыва
    [REGION] => Кызылский район
    [CITY] => с. Сукпак
    [ADDRESS_2] => 1
)

internalExecute:
Array
(
    [TYPE_ID] => 4
    [ENTITY_TYPE_ID] => 3
    [ENTITY_ID] => 241869
    [STREET] => Калинина
    [BUILDING] => 22
    [POSTAL_CODE] => 667000
    [COUNTRY] => Россия
    [PROVINCE] => Республика Тыва
    [REGION] => 
    [CITY] => г. Кызыл
    [ADDRESS_2] => 13
)

internalExecute:
Array
(
    [TYPE_ID] => 4
    [ENTITY_TYPE_ID] => 3
    [ENTITY_ID] => 241869
    [STREET] => Калинина
    [BUILDING] => 22
    [POSTAL_CODE] => 667000
    [COUNTRY] => Россия
    [PROVINCE] => Республика Тыва
    [REGION] => 
    [CITY] => г. Кызыл
    [ADDRESS_2] => 13
)

internalExecute:
Array
(
    [TYPE_ID] => 1
    [ENTITY_TYPE_ID] => 4
    [ENTITY_ID] => 49117
    [STREET] => Площадь Коммунаров 
    [BUILDING] => 7
    [POSTAL_CODE] => 
    [COUNTRY] => 
    [PROVINCE] => Кабардино-Балкарская
    [REGION] => 
    [CITY] => Нальчик
    [ADDRESS_2] => 
)

internalExecute:
Array
(
    [TYPE_ID] => 1
    [ENTITY_TYPE_ID] => 4
    [ENTITY_ID] => 49117
    [STREET] => Площадь Коммунаров 
    [BUILDING] => 7
    [POSTAL_CODE] => 
    [COUNTRY] => 
    [PROVINCE] => Кабардино-Балкарская
    [REGION] => 
    [CITY] => Нальчик
    [ADDRESS_2] => 
)

internalExecute:
Array
(
    [TYPE_ID] => 4
    [ENTITY_TYPE_ID] => 3
    [ENTITY_ID] => 241927
    [STREET] => Мовсисяна ул
    [BUILDING] => д 20
    [POSTAL_CODE] => 360016
    [COUNTRY] => Россия
    [PROVINCE] => Кабардино-Балкарская Респ
    [REGION] => 
    [CITY] => г Нальчик
    [ADDRESS_2] => 64
)

internalExecute:
Array
(
    [TYPE_ID] => 4
    [ENTITY_TYPE_ID] => 3
    [ENTITY_ID] => 241927
    [STREET] => Мовсисяна ул
    [BUILDING] => д 20
    [POSTAL_CODE] => 360016
    [COUNTRY] => Россия
    [PROVINCE] => Кабардино-Балкарская Респ
    [REGION] => 
    [CITY] => г Нальчик
    [ADDRESS_2] => 64
)

internalExecute:
Array
(
    [TYPE_ID] => 1
    [ENTITY_TYPE_ID] => 3
    [ENTITY_ID] => 241927
    [STREET] => Байсултанова ул
    [BUILDING] => д 6
    [POSTAL_CODE] => 360017
    [COUNTRY] => Россия
    [PROVINCE] => Кабардино-Балкарская Респ
    [REGION] => 
    [CITY] => г Нальчик
    [ADDRESS_2] => 52
)

internalExecute:
Array
(
    [TYPE_ID] => 1
    [ENTITY_TYPE_ID] => 3
    [ENTITY_ID] => 241927
    [STREET] => Байсултанова ул
    [BUILDING] => д 6
    [POSTAL_CODE] => 360017
    [COUNTRY] => Россия
    [PROVINCE] => Кабардино-Балкарская Респ
    [REGION] => 
    [CITY] => г Нальчик
    [ADDRESS_2] => 52
)

internalExecute:
Array
(
    [TYPE_ID] => 4
    [ENTITY_TYPE_ID] => 3
    [ENTITY_ID] => 241928
    [STREET] => Урицкого ул
    [BUILDING] => д 29
    [POSTAL_CODE] => 360904
    [COUNTRY] => Россия
    [PROVINCE] => Кабардино-Балкарская Респ
    [REGION] => пос.Кенже
    [CITY] => г Нальчик
    [ADDRESS_2] => 
)

internalExecute:
Array
(
    [TYPE_ID] => 4
    [ENTITY_TYPE_ID] => 3
    [ENTITY_ID] => 241928
    [STREET] => Урицкого ул
    [BUILDING] => д 29
    [POSTAL_CODE] => 360904
    [COUNTRY] => Россия
    [PROVINCE] => Кабардино-Балкарская Респ
    [REGION] => пос.Кенже
    [CITY] => г Нальчик
    [ADDRESS_2] => 
)

internalExecute:
Array
(
    [TYPE_ID] => 1
    [ENTITY_TYPE_ID] => 3
    [ENTITY_ID] => 241928
    [STREET] => Урицкого ул
    [BUILDING] => д 29
    [POSTAL_CODE] => 360904
    [COUNTRY] => Россия
    [PROVINCE] => Кабардино-Балкарская Респ
    [REGION] => пос.Кенже
    [CITY] => г Нальчик
    [ADDRESS_2] => 
)

internalExecute:
Array
(
    [TYPE_ID] => 1
    [ENTITY_TYPE_ID] => 3
    [ENTITY_ID] => 241928
    [STREET] => Урицкого ул
    [BUILDING] => д 29
    [POSTAL_CODE] => 360904
    [COUNTRY] => Россия
    [PROVINCE] => Кабардино-Балкарская Респ
    [REGION] => пос.Кенже
    [CITY] => г Нальчик
    [ADDRESS_2] => 
)

internalExecute:
Array
(
    [TYPE_ID] => 4
    [ENTITY_TYPE_ID] => 3
    [ENTITY_ID] => 241929
    [STREET] => имени Гагарина Юрия Алексеевича ул
    [BUILDING] => д 10
    [POSTAL_CODE] => 361538
    [COUNTRY] => Россия
    [PROVINCE] => Кабардино-Балкарская Респ
    [REGION] => 
    [CITY] => г Баксан
    [ADDRESS_2] => 27
)

internalExecute:
Array
(
    [TYPE_ID] => 4
    [ENTITY_TYPE_ID] => 3
    [ENTITY_ID] => 241929
    [STREET] => имени Гагарина Юрия Алексеевича ул
    [BUILDING] => д 10
    [POSTAL_CODE] => 361538
    [COUNTRY] => Россия
    [PROVINCE] => Кабардино-Балкарская Респ
    [REGION] => 
    [CITY] => г Баксан
    [ADDRESS_2] => 27
)

internalExecute:
Array
(
    [TYPE_ID] => 1
    [ENTITY_TYPE_ID] => 3
    [ENTITY_ID] => 241929
    [STREET] => имени Гагарина Юрия Алексеевича ул
    [BUILDING] => д 10
    [POSTAL_CODE] => 361538
    [COUNTRY] => Россия
    [PROVINCE] => Кабардино-Балкарская Респ
    [REGION] => 
    [CITY] => г Баксан
    [ADDRESS_2] => 27
)

internalExecute:
Array
(
    [TYPE_ID] => 1
    [ENTITY_TYPE_ID] => 3
    [ENTITY_ID] => 241929
    [STREET] => имени Гагарина Юрия Алексеевича ул
    [BUILDING] => д 10
    [POSTAL_CODE] => 361538
    [COUNTRY] => Россия
    [PROVINCE] => Кабардино-Балкарская Респ
    [REGION] => 
    [CITY] => г Баксан
    [ADDRESS_2] => 27
)

internalExecute:
Array
(
    [TYPE_ID] => 4
    [ENTITY_TYPE_ID] => 3
    [ENTITY_ID] => 241934
    [STREET] => Горная
    [BUILDING] => 56
    [POSTAL_CODE] => 452680
    [COUNTRY] => Россия
    [PROVINCE] => Республика Башкортостан
    [REGION] => 
    [CITY] => Нефтекамск
    [ADDRESS_2] => 
)

internalExecute:
Array
(
    [TYPE_ID] => 4
    [ENTITY_TYPE_ID] => 3
    [ENTITY_ID] => 241934
    [STREET] => Горная
    [BUILDING] => 56
    [POSTAL_CODE] => 452680
    [COUNTRY] => Россия
    [PROVINCE] => Республика Башкортостан
    [REGION] => 
    [CITY] => Нефтекамск
    [ADDRESS_2] => 
)

internalExecute:
Array
(
    [TYPE_ID] => 1
    [ENTITY_TYPE_ID] => 3
    [ENTITY_ID] => 241934
    [STREET] => Дуслык
    [BUILDING] => 4
    [POSTAL_CODE] => 420000
    [COUNTRY] => Россия
    [PROVINCE] => Республика Татарстан
    [REGION] => 
    [CITY] => г.Казань
    [ADDRESS_2] => 24
)

internalExecute:
Array
(
    [TYPE_ID] => 1
    [ENTITY_TYPE_ID] => 3
    [ENTITY_ID] => 241934
    [STREET] => Дуслык
    [BUILDING] => 4
    [POSTAL_CODE] => 420000
    [COUNTRY] => Россия
    [PROVINCE] => Республика Татарстан
    [REGION] => 
    [CITY] => г.Казань
    [ADDRESS_2] => 24
)

internalExecute:
Array
(
    [TYPE_ID] => 4
    [ENTITY_TYPE_ID] => 3
    [ENTITY_ID] => 241935
    [STREET] => Дуслык
    [BUILDING] => 4
    [POSTAL_CODE] => 420000
    [COUNTRY] => Россия
    [PROVINCE] => Республика Татарстан
    [REGION] => 
    [CITY] => Казань
    [ADDRESS_2] => 24
)

internalExecute:
Array
(
    [TYPE_ID] => 4
    [ENTITY_TYPE_ID] => 3
    [ENTITY_ID] => 241935
    [STREET] => Дуслык
    [BUILDING] => 4
    [POSTAL_CODE] => 420000
    [COUNTRY] => Россия
    [PROVINCE] => Республика Татарстан
    [REGION] => 
    [CITY] => Казань
    [ADDRESS_2] => 24
)

internalExecute:
Array
(
    [TYPE_ID] => 1
    [ENTITY_TYPE_ID] => 3
    [ENTITY_ID] => 241935
    [STREET] => Дуслык
    [BUILDING] => 4
    [POSTAL_CODE] => 420000
    [COUNTRY] => Россия
    [PROVINCE] => Республика Татарстан
    [REGION] => 
    [CITY] => Казань
    [ADDRESS_2] => 24
)

internalExecute:
Array
(
    [TYPE_ID] => 1
    [ENTITY_TYPE_ID] => 3
    [ENTITY_ID] => 241935
    [STREET] => Дуслык
    [BUILDING] => 4
    [POSTAL_CODE] => 420000
    [COUNTRY] => Россия
    [PROVINCE] => Республика Татарстан
    [REGION] => 
    [CITY] => Казань
    [ADDRESS_2] => 24
)

internalExecute:
Array
(
    [TYPE_ID] => 4
    [ENTITY_TYPE_ID] => 3
    [ENTITY_ID] => 241936
    [STREET] => Дуслык
    [BUILDING] => 4
    [POSTAL_CODE] => 420000
    [COUNTRY] => Россия
    [PROVINCE] => Республика Татарстан
    [REGION] => 
    [CITY] => Казань
    [ADDRESS_2] => 24
)

internalExecute:
Array
(
    [TYPE_ID] => 4
    [ENTITY_TYPE_ID] => 3
    [ENTITY_ID] => 241936
    [STREET] => Дуслык
    [BUILDING] => 4
    [POSTAL_CODE] => 420000
    [COUNTRY] => Россия
    [PROVINCE] => Республика Татарстан
    [REGION] => 
    [CITY] => Казань
    [ADDRESS_2] => 24
)

internalExecute:
Array
(
    [TYPE_ID] => 1
    [ENTITY_TYPE_ID] => 3
    [ENTITY_ID] => 241936
    [STREET] => Дуслык
    [BUILDING] => 4
    [POSTAL_CODE] => 420000
    [COUNTRY] => Россия
    [PROVINCE] => Республика Татарстан
    [REGION] => 
    [CITY] => Казань
    [ADDRESS_2] => 24
)

internalExecute:
Array
(
    [TYPE_ID] => 1
    [ENTITY_TYPE_ID] => 3
    [ENTITY_ID] => 241936
    [STREET] => Дуслык
    [BUILDING] => 4
    [POSTAL_CODE] => 420000
    [COUNTRY] => Россия
    [PROVINCE] => Республика Татарстан
    [REGION] => 
    [CITY] => Казань
    [ADDRESS_2] => 24
)

internalExecute:
Array
(
    [TYPE_ID] => 4
    [ENTITY_TYPE_ID] => 3
    [ENTITY_ID] => 241956
    [STREET] => Батарейная 
    [BUILDING] => 52
    [POSTAL_CODE] => 
    [COUNTRY] => Россия
    [PROVINCE] => Бурятия
    [REGION] => 
    [CITY] => Улан-Удэ
    [ADDRESS_2] => 
)

internalExecute:
Array
(
    [TYPE_ID] => 4
    [ENTITY_TYPE_ID] => 3
    [ENTITY_ID] => 241956
    [STREET] => Батарейная 
    [BUILDING] => 52
    [POSTAL_CODE] => 
    [COUNTRY] => Россия
    [PROVINCE] => Бурятия
    [REGION] => 
    [CITY] => Улан-Удэ
    [ADDRESS_2] => 
)

internalExecute:
Array
(
    [TYPE_ID] => 1
    [ENTITY_TYPE_ID] => 3
    [ENTITY_ID] => 241956
    [STREET] => Батарейная 
    [BUILDING] => 52
    [POSTAL_CODE] => 
    [COUNTRY] => Россия
    [PROVINCE] => Бурятия
    [REGION] => 
    [CITY] => Улан-Удэ
    [ADDRESS_2] => 
)

internalExecute:
Array
(
    [TYPE_ID] => 1
    [ENTITY_TYPE_ID] => 3
    [ENTITY_ID] => 241956
    [STREET] => Батарейная 
    [BUILDING] => 52
    [POSTAL_CODE] => 
    [COUNTRY] => Россия
    [PROVINCE] => Бурятия
    [REGION] => 
    [CITY] => Улан-Удэ
    [ADDRESS_2] => 
)

internalExecute:
Array
(
    [TYPE_ID] => 4
    [ENTITY_TYPE_ID] => 3
    [ENTITY_ID] => 241957
    [STREET] => Батарейная 
    [BUILDING] => 52
    [POSTAL_CODE] => 
    [COUNTRY] => Россия
    [PROVINCE] => Бурятия
    [REGION] => 
    [CITY] => Улан-Удэ
    [ADDRESS_2] => 
)

internalExecute:
Array
(
    [TYPE_ID] => 4
    [ENTITY_TYPE_ID] => 3
    [ENTITY_ID] => 241957
    [STREET] => Батарейная 
    [BUILDING] => 52
    [POSTAL_CODE] => 
    [COUNTRY] => Россия
    [PROVINCE] => Бурятия
    [REGION] => 
    [CITY] => Улан-Удэ
    [ADDRESS_2] => 
)

internalExecute:
Array
(
    [TYPE_ID] => 4
    [ENTITY_TYPE_ID] => 3
    [ENTITY_ID] => 241972
    [STREET] => Чомоорко
    [BUILDING] => 7
    [POSTAL_CODE] => 678392
    [COUNTRY] => Россия
    [PROVINCE] => Республика Саха (Якутия)
    [REGION] => Намский
    [CITY] => Партизан
    [ADDRESS_2] => 3
)

internalExecute:
Array
(
    [TYPE_ID] => 4
    [ENTITY_TYPE_ID] => 3
    [ENTITY_ID] => 241972
    [STREET] => Чомоорко
    [BUILDING] => 7
    [POSTAL_CODE] => 678392
    [COUNTRY] => Россия
    [PROVINCE] => Республика Саха (Якутия)
    [REGION] => Намский
    [CITY] => Партизан
    [ADDRESS_2] => 3
)

internalExecute:
Array
(
    [TYPE_ID] => 1
    [ENTITY_TYPE_ID] => 3
    [ENTITY_ID] => 241972
    [STREET] => Чомоорко
    [BUILDING] => 7
    [POSTAL_CODE] => 678392
    [COUNTRY] => Россия
    [PROVINCE] => Республика Саха (Якутия)
    [REGION] => Намский
    [CITY] => Партизан
    [ADDRESS_2] => 3
)

internalExecute:
Array
(
    [TYPE_ID] => 1
    [ENTITY_TYPE_ID] => 3
    [ENTITY_ID] => 241972
    [STREET] => Чомоорко
    [BUILDING] => 7
    [POSTAL_CODE] => 678392
    [COUNTRY] => Россия
    [PROVINCE] => Республика Саха (Якутия)
    [REGION] => Намский
    [CITY] => Партизан
    [ADDRESS_2] => 3
)

internalExecute:
Array
(
    [TYPE_ID] => 4
    [ENTITY_TYPE_ID] => 3
    [ENTITY_ID] => 241973
    [STREET] => Чомоорко
    [BUILDING] => 7
    [POSTAL_CODE] => 678392
    [COUNTRY] => Россия
    [PROVINCE] => Республика Саха (Якутия)
    [REGION] => Намский
    [CITY] => Партизан
    [ADDRESS_2] => 3
)

internalExecute:
Array
(
    [TYPE_ID] => 4
    [ENTITY_TYPE_ID] => 3
    [ENTITY_ID] => 241973
    [STREET] => Чомоорко
    [BUILDING] => 7
    [POSTAL_CODE] => 678392
    [COUNTRY] => Россия
    [PROVINCE] => Республика Саха (Якутия)
    [REGION] => Намский
    [CITY] => Партизан
    [ADDRESS_2] => 3
)

internalExecute:
Array
(
    [TYPE_ID] => 1
    [ENTITY_TYPE_ID] => 3
    [ENTITY_ID] => 241973
    [STREET] => Чомоорко
    [BUILDING] => 7
    [POSTAL_CODE] => 678392
    [COUNTRY] => Россия
    [PROVINCE] => Республика Саха (Якутия)
    [REGION] => Намский
    [CITY] => Партизан
    [ADDRESS_2] => 3
)

internalExecute:
Array
(
    [TYPE_ID] => 1
    [ENTITY_TYPE_ID] => 3
    [ENTITY_ID] => 241973
    [STREET] => Чомоорко
    [BUILDING] => 7
    [POSTAL_CODE] => 678392
    [COUNTRY] => Россия
    [PROVINCE] => Республика Саха (Якутия)
    [REGION] => Намский
    [CITY] => Партизан
    [ADDRESS_2] => 3
)

internalExecute:
Array
(
    [TYPE_ID] => 4
    [ENTITY_TYPE_ID] => 3
    [ENTITY_ID] => 241974
    [STREET] => Набережная 
    [BUILDING] => 11
    [POSTAL_CODE] => 678391
    [COUNTRY] => Россия
    [PROVINCE] => Республика Саха (Якутия)
    [REGION] => Намский
    [CITY] => Ымыяхтах
    [ADDRESS_2] => 
)

internalExecute:
Array
(
    [TYPE_ID] => 4
    [ENTITY_TYPE_ID] => 3
    [ENTITY_ID] => 241974
    [STREET] => Набережная 
    [BUILDING] => 11
    [POSTAL_CODE] => 678391
    [COUNTRY] => Россия
    [PROVINCE] => Республика Саха (Якутия)
    [REGION] => Намский
    [CITY] => Ымыяхтах
    [ADDRESS_2] => 
)

internalExecute:
Array
(
    [TYPE_ID] => 1
    [ENTITY_TYPE_ID] => 3
    [ENTITY_ID] => 241974
    [STREET] => Лермонтова 
    [BUILDING] => 49
    [POSTAL_CODE] => 677027
    [COUNTRY] => Россия
    [PROVINCE] => Республика Саха (Якутия)
    [REGION] => 
    [CITY] => г.Якутск
    [ADDRESS_2] => 45
)

internalExecute:
Array
(
    [TYPE_ID] => 1
    [ENTITY_TYPE_ID] => 3
    [ENTITY_ID] => 241974
    [STREET] => Лермонтова 
    [BUILDING] => 49
    [POSTAL_CODE] => 677027
    [COUNTRY] => Россия
    [PROVINCE] => Республика Саха (Якутия)
    [REGION] => 
    [CITY] => г.Якутск
    [ADDRESS_2] => 45
)

internalExecute:
Array
(
    [TYPE_ID] => 4
    [ENTITY_TYPE_ID] => 3
    [ENTITY_ID] => 241979
    [STREET] => ул. Заводская
    [BUILDING] => д. 21
    [POSTAL_CODE] => 678000
    [COUNTRY] => Россия
    [PROVINCE] => Респ Саха /Якутия/
    [REGION] => у. Хангаласский
    [CITY] => г. Покровск
    [ADDRESS_2] => кв. 19
)

internalExecute:
Array
(
    [TYPE_ID] => 4
    [ENTITY_TYPE_ID] => 3
    [ENTITY_ID] => 241979
    [STREET] => ул. Заводская
    [BUILDING] => д. 21
    [POSTAL_CODE] => 678000
    [COUNTRY] => Россия
    [PROVINCE] => Респ Саха /Якутия/
    [REGION] => у. Хангаласский
    [CITY] => г. Покровск
    [ADDRESS_2] => кв. 19
)

internalExecute:
Array
(
    [TYPE_ID] => 1
    [ENTITY_TYPE_ID] => 3
    [ENTITY_ID] => 241979
    [STREET] => ул. Молодежная
    [BUILDING] => д. 20
    [POSTAL_CODE] => 678000
    [COUNTRY] => Россия
    [PROVINCE] => Респ Саха /Якутия/
    [REGION] => у. Хангаласский
    [CITY] => г. Покровск
    [ADDRESS_2] => 
)

internalExecute:
Array
(
    [TYPE_ID] => 1
    [ENTITY_TYPE_ID] => 3
    [ENTITY_ID] => 241979
    [STREET] => ул. Молодежная
    [BUILDING] => д. 20
    [POSTAL_CODE] => 678000
    [COUNTRY] => Россия
    [PROVINCE] => Респ Саха /Якутия/
    [REGION] => у. Хангаласский
    [CITY] => г. Покровск
    [ADDRESS_2] => 
)

internalExecute:
Array
(
    [TYPE_ID] => 4
    [ENTITY_TYPE_ID] => 3
    [ENTITY_ID] => 241980
    [STREET] => ул. Молодежная
    [BUILDING] => д. 20
    [POSTAL_CODE] => 678000
    [COUNTRY] => Россия
    [PROVINCE] => Респ. Саха (Якутия)
    [REGION] => у. Хангаласский
    [CITY] => г. Покровск
    [ADDRESS_2] => 
)

internalExecute:
Array
(
    [TYPE_ID] => 4
    [ENTITY_TYPE_ID] => 3
    [ENTITY_ID] => 241980
    [STREET] => ул. Молодежная
    [BUILDING] => д. 20
    [POSTAL_CODE] => 678000
    [COUNTRY] => Россия
    [PROVINCE] => Респ. Саха (Якутия)
    [REGION] => у. Хангаласский
    [CITY] => г. Покровск
    [ADDRESS_2] => 
)

internalExecute:
Array
(
    [TYPE_ID] => 4
    [ENTITY_TYPE_ID] => 3
    [ENTITY_ID] => 241981
    [STREET] => ул. Молодежная
    [BUILDING] => д. 20
    [POSTAL_CODE] => 678000
    [COUNTRY] => Россия
    [PROVINCE] => Респ Саха /Якутия/
    [REGION] => у. Хангаласский
    [CITY] => г. Покровск
    [ADDRESS_2] => 
)

internalExecute:
Array
(
    [TYPE_ID] => 4
    [ENTITY_TYPE_ID] => 3
    [ENTITY_ID] => 241981
    [STREET] => ул. Молодежная
    [BUILDING] => д. 20
    [POSTAL_CODE] => 678000
    [COUNTRY] => Россия
    [PROVINCE] => Респ Саха /Якутия/
    [REGION] => у. Хангаласский
    [CITY] => г. Покровск
    [ADDRESS_2] => 
)

internalExecute:
Array
(
    [TYPE_ID] => 4
    [ENTITY_TYPE_ID] => 3
    [ENTITY_ID] => 241984
    [STREET] => Полеводческая
    [BUILDING] => 64
    [POSTAL_CODE] => 653000
    [COUNTRY] => Россия
    [PROVINCE] => Кемеровская область
    [REGION] => 
    [CITY] => гор. Прокопьевск
    [ADDRESS_2] => 
)

internalExecute:
Array
(
    [TYPE_ID] => 4
    [ENTITY_TYPE_ID] => 3
    [ENTITY_ID] => 241984
    [STREET] => Полеводческая
    [BUILDING] => 64
    [POSTAL_CODE] => 653000
    [COUNTRY] => Россия
    [PROVINCE] => Кемеровская область
    [REGION] => 
    [CITY] => гор. Прокопьевск
    [ADDRESS_2] => 
)

internalExecute:
Array
(
    [TYPE_ID] => 1
    [ENTITY_TYPE_ID] => 3
    [ENTITY_ID] => 241984
    [STREET] => Ветеранов
    [BUILDING] => 7
    [POSTAL_CODE] => 653000
    [COUNTRY] => Россия
    [PROVINCE] => Кемеровская область
    [REGION] => 
    [CITY] => Прокопьевск
    [ADDRESS_2] => 
)

internalExecute:
Array
(
    [TYPE_ID] => 1
    [ENTITY_TYPE_ID] => 3
    [ENTITY_ID] => 241984
    [STREET] => Ветеранов
    [BUILDING] => 7
    [POSTAL_CODE] => 653000
    [COUNTRY] => Россия
    [PROVINCE] => Кемеровская область
    [REGION] => 
    [CITY] => Прокопьевск
    [ADDRESS_2] => 
)

internalExecute:
Array
(
    [TYPE_ID] => 4
    [ENTITY_TYPE_ID] => 3
    [ENTITY_ID] => 241985
    [STREET] => Яворского
    [BUILDING] => 3
    [POSTAL_CODE] => 653039
    [COUNTRY] => Россия
    [PROVINCE] => Кемеровская область
    [REGION] => 
    [CITY] => гор. Прокопьевск
    [ADDRESS_2] => 78
)

internalExecute:
Array
(
    [TYPE_ID] => 4
    [ENTITY_TYPE_ID] => 3
    [ENTITY_ID] => 241985
    [STREET] => Яворского
    [BUILDING] => 3
    [POSTAL_CODE] => 653039
    [COUNTRY] => Россия
    [PROVINCE] => Кемеровская область
    [REGION] => 
    [CITY] => гор. Прокопьевск
    [ADDRESS_2] => 78
)

internalExecute:
Array
(
    [TYPE_ID] => 4
    [ENTITY_TYPE_ID] => 3
    [ENTITY_ID] => 241989
    [STREET] => ул.Советская
    [BUILDING] => 59
    [POSTAL_CODE] => 
    [COUNTRY] => Россия
    [PROVINCE] => Кемеровская область-Кузбасс
    [REGION] => Ленинск-Кузнецкий р-н
    [CITY] => п.Мусохраново
    [ADDRESS_2] => 
)

internalExecute:
Array
(
    [TYPE_ID] => 4
    [ENTITY_TYPE_ID] => 3
    [ENTITY_ID] => 241989
    [STREET] => ул.Советская
    [BUILDING] => 59
    [POSTAL_CODE] => 
    [COUNTRY] => Россия
    [PROVINCE] => Кемеровская область-Кузбасс
    [REGION] => Ленинск-Кузнецкий р-н
    [CITY] => п.Мусохраново
    [ADDRESS_2] => 
)

internalExecute:
Array
(
    [TYPE_ID] => 1
    [ENTITY_TYPE_ID] => 3
    [ENTITY_ID] => 241989
    [STREET] => ул.Советская
    [BUILDING] => 59
    [POSTAL_CODE] => 
    [COUNTRY] => Россия
    [PROVINCE] => Кемеровская область-Кузбасс
    [REGION] => Ленинск-Кузнецкий р-н
    [CITY] => п.Мусохраново
    [ADDRESS_2] => 
)

internalExecute:
Array
(
    [TYPE_ID] => 1
    [ENTITY_TYPE_ID] => 3
    [ENTITY_ID] => 241989
    [STREET] => ул.Советская
    [BUILDING] => 59
    [POSTAL_CODE] => 
    [COUNTRY] => Россия
    [PROVINCE] => Кемеровская область-Кузбасс
    [REGION] => Ленинск-Кузнецкий р-н
    [CITY] => п.Мусохраново
    [ADDRESS_2] => 
)

internalExecute:
Array
(
    [TYPE_ID] => 4
    [ENTITY_TYPE_ID] => 3
    [ENTITY_ID] => 241990
    [STREET] => б-р Клюева 
    [BUILDING] => 4
    [POSTAL_CODE] => 
    [COUNTRY] => Россия
    [PROVINCE] => обл.Кемеровская-Кузбасс
    [REGION] => 
    [CITY] => гор.Ленинск-Кузнецкий
    [ADDRESS_2] => 36
)

internalExecute:
Array
(
    [TYPE_ID] => 4
    [ENTITY_TYPE_ID] => 3
    [ENTITY_ID] => 241990
    [STREET] => б-р Клюева 
    [BUILDING] => 4
    [POSTAL_CODE] => 
    [COUNTRY] => Россия
    [PROVINCE] => обл.Кемеровская-Кузбасс
    [REGION] => 
    [CITY] => гор.Ленинск-Кузнецкий
    [ADDRESS_2] => 36
)

internalExecute:
Array
(
    [TYPE_ID] => 4
    [ENTITY_TYPE_ID] => 3
    [ENTITY_ID] => 241991
    [STREET] => Путейская
    [BUILDING] => 106
    [POSTAL_CODE] => 653000
    [COUNTRY] => Россия
    [PROVINCE] => Кемеровская область
    [REGION] => 
    [CITY] => гор. Прокопьевск
    [ADDRESS_2] => 
)

internalExecute:
Array
(
    [TYPE_ID] => 4
    [ENTITY_TYPE_ID] => 3
    [ENTITY_ID] => 241991
    [STREET] => Путейская
    [BUILDING] => 106
    [POSTAL_CODE] => 653000
    [COUNTRY] => Россия
    [PROVINCE] => Кемеровская область
    [REGION] => 
    [CITY] => гор. Прокопьевск
    [ADDRESS_2] => 
)

internalExecute:
Array
(
    [TYPE_ID] => 1
    [ENTITY_TYPE_ID] => 3
    [ENTITY_ID] => 241991
    [STREET] => Путейская
    [BUILDING] => 106
    [POSTAL_CODE] => 653000
    [COUNTRY] => Россия
    [PROVINCE] => Кемеровская область
    [REGION] => 
    [CITY] => гор. Прокопьевск
    [ADDRESS_2] => 
)

internalExecute:
Array
(
    [TYPE_ID] => 1
    [ENTITY_TYPE_ID] => 3
    [ENTITY_ID] => 241991
    [STREET] => Путейская
    [BUILDING] => 106
    [POSTAL_CODE] => 653000
    [COUNTRY] => Россия
    [PROVINCE] => Кемеровская область
    [REGION] => 
    [CITY] => гор. Прокопьевск
    [ADDRESS_2] => 
)

internalExecute:
Array
(
    [TYPE_ID] => 4
    [ENTITY_TYPE_ID] => 3
    [ENTITY_ID] => 241992
    [STREET] => проспект Авиаторов
    [BUILDING] => 58
    [POSTAL_CODE] => 653000
    [COUNTRY] => Россия
    [PROVINCE] => Кемеровская область
    [REGION] => 
    [CITY] => гор. Новокузнецк
    [ADDRESS_2] => 84
)

internalExecute:
Array
(
    [TYPE_ID] => 4
    [ENTITY_TYPE_ID] => 3
    [ENTITY_ID] => 241992
    [STREET] => проспект Авиаторов
    [BUILDING] => 58
    [POSTAL_CODE] => 653000
    [COUNTRY] => Россия
    [PROVINCE] => Кемеровская область
    [REGION] => 
    [CITY] => гор. Новокузнецк
    [ADDRESS_2] => 84
)

internalExecute:
Array
(
    [TYPE_ID] => 4
    [ENTITY_TYPE_ID] => 3
    [ENTITY_ID] => 241993
    [STREET] => Аксакова
    [BUILDING] => 28А
    [POSTAL_CODE] => 653000
    [COUNTRY] => Россия
    [PROVINCE] => Кемеровская область
    [REGION] => 
    [CITY] => гор. Прокопьевск
    [ADDRESS_2] => 
)

internalExecute:
Array
(
    [TYPE_ID] => 4
    [ENTITY_TYPE_ID] => 3
    [ENTITY_ID] => 241993
    [STREET] => Аксакова
    [BUILDING] => 28А
    [POSTAL_CODE] => 653000
    [COUNTRY] => Россия
    [PROVINCE] => Кемеровская область
    [REGION] => 
    [CITY] => гор. Прокопьевск
    [ADDRESS_2] => 
)

internalExecute:
Array
(
    [TYPE_ID] => 1
    [ENTITY_TYPE_ID] => 4
    [ENTITY_ID] => 400
    [STREET] => пл. Ленина
    [BUILDING] => 4
    [POSTAL_CODE] => 
    [COUNTRY] => Россия
    [PROVINCE] => Архангельская
    [REGION] => 
    [CITY] => Архангельск
    [ADDRESS_2] => 308 каб, 3 этаж
)

internalExecute:
Array
(
    [TYPE_ID] => 1
    [ENTITY_TYPE_ID] => 4
    [ENTITY_ID] => 400
    [STREET] => пл. Ленина
    [BUILDING] => 4
    [POSTAL_CODE] => 
    [COUNTRY] => Россия
    [PROVINCE] => Архангельская
    [REGION] => 
    [CITY] => Архангельск
    [ADDRESS_2] => 308 каб, 3 этаж
)

internalExecute:
Array
(
    [TYPE_ID] => 4
    [ENTITY_TYPE_ID] => 3
    [ENTITY_ID] => 242021
    [STREET] => Строителей
    [BUILDING] => 31
    [POSTAL_CODE] => 452680
    [COUNTRY] => Россия
    [PROVINCE] => Республика Башкортостан
    [REGION] => с.Ташкиново
    [CITY] => Нефтекамск
    [ADDRESS_2] => 
)

internalExecute:
Array
(
    [TYPE_ID] => 4
    [ENTITY_TYPE_ID] => 3
    [ENTITY_ID] => 242021
    [STREET] => Строителей
    [BUILDING] => 31
    [POSTAL_CODE] => 452680
    [COUNTRY] => Россия
    [PROVINCE] => Республика Башкортостан
    [REGION] => с.Ташкиново
    [CITY] => Нефтекамск
    [ADDRESS_2] => 
)

internalExecute:
Array
(
    [TYPE_ID] => 1
    [ENTITY_TYPE_ID] => 3
    [ENTITY_ID] => 242021
    [STREET] => Строителей
    [BUILDING] => 31
    [POSTAL_CODE] => 452680
    [COUNTRY] => Россия
    [PROVINCE] => Республика Башкортостан
    [REGION] => с.Ташкиново
    [CITY] => Нефтекамск
    [ADDRESS_2] => 
)

internalExecute:
Array
(
    [TYPE_ID] => 1
    [ENTITY_TYPE_ID] => 3
    [ENTITY_ID] => 242021
    [STREET] => Строителей
    [BUILDING] => 31
    [POSTAL_CODE] => 452680
    [COUNTRY] => Россия
    [PROVINCE] => Республика Башкортостан
    [REGION] => с.Ташкиново
    [CITY] => Нефтекамск
    [ADDRESS_2] => 
)

internalExecute:
Array
(
    [TYPE_ID] => 4
    [ENTITY_TYPE_ID] => 3
    [ENTITY_ID] => 242028
    [STREET] => Кадыкоева А.Т. ул
    [BUILDING] => д 34
    [POSTAL_CODE] => 361402
    [COUNTRY] => Россия
    [PROVINCE] => Кабардино-Балкарская Респ
    [REGION] => Чегемский
    [CITY] => с Чегем-Второй
    [ADDRESS_2] => 
)

internalExecute:
Array
(
    [TYPE_ID] => 4
    [ENTITY_TYPE_ID] => 3
    [ENTITY_ID] => 242028
    [STREET] => Кадыкоева А.Т. ул
    [BUILDING] => д 34
    [POSTAL_CODE] => 361402
    [COUNTRY] => Россия
    [PROVINCE] => Кабардино-Балкарская Респ
    [REGION] => Чегемский
    [CITY] => с Чегем-Второй
    [ADDRESS_2] => 
)

internalExecute:
Array
(
    [TYPE_ID] => 1
    [ENTITY_TYPE_ID] => 3
    [ENTITY_ID] => 242028
    [STREET] => Кадыкоева А.Т. ул
    [BUILDING] => д 34
    [POSTAL_CODE] => 361402
    [COUNTRY] => Россия
    [PROVINCE] => Кабардино-Балкарская Респ
    [REGION] => Чегемский
    [CITY] => с Чегем-Второй
    [ADDRESS_2] => 
)

internalExecute:
Array
(
    [TYPE_ID] => 1
    [ENTITY_TYPE_ID] => 3
    [ENTITY_ID] => 242028
    [STREET] => Кадыкоева А.Т. ул
    [BUILDING] => д 34
    [POSTAL_CODE] => 361402
    [COUNTRY] => Россия
    [PROVINCE] => Кабардино-Балкарская Респ
    [REGION] => Чегемский
    [CITY] => с Чегем-Второй
    [ADDRESS_2] => 
)

internalExecute:
Array
(
    [TYPE_ID] => 4
    [ENTITY_TYPE_ID] => 3
    [ENTITY_ID] => 242029
    [STREET] => Дружбы
    [BUILDING] => б/н
    [POSTAL_CODE] => 361402
    [COUNTRY] => Россия
    [PROVINCE] => Кабардино-Балкарская Респ
    [REGION] => Чегемский 
    [CITY] => с Чегем-Второй
    [ADDRESS_2] => 
)

internalExecute:
Array
(
    [TYPE_ID] => 4
    [ENTITY_TYPE_ID] => 3
    [ENTITY_ID] => 242029
    [STREET] => Дружбы
    [BUILDING] => б/н
    [POSTAL_CODE] => 361402
    [COUNTRY] => Россия
    [PROVINCE] => Кабардино-Балкарская Респ
    [REGION] => Чегемский 
    [CITY] => с Чегем-Второй
    [ADDRESS_2] => 
)

internalExecute:
Array
(
    [TYPE_ID] => 4
    [ENTITY_TYPE_ID] => 3
    [ENTITY_ID] => 242100
    [STREET] => Ондар Лопсан
    [BUILDING] => 84А
    [POSTAL_CODE] => 
    [COUNTRY] => Россия
    [PROVINCE] => Республика Тыва
    [REGION] => Сут-Хольский
    [CITY] => Суг-Аксы
    [ADDRESS_2] => 
)

internalExecute:
Array
(
    [TYPE_ID] => 4
    [ENTITY_TYPE_ID] => 3
    [ENTITY_ID] => 242100
    [STREET] => Ондар Лопсан
    [BUILDING] => 84А
    [POSTAL_CODE] => 
    [COUNTRY] => Россия
    [PROVINCE] => Республика Тыва
    [REGION] => Сут-Хольский
    [CITY] => Суг-Аксы
    [ADDRESS_2] => 
)

internalExecute:
Array
(
    [TYPE_ID] => 1
    [ENTITY_TYPE_ID] => 3
    [ENTITY_ID] => 242100
    [STREET] => Ондар Лопсан
    [BUILDING] => 84А
    [POSTAL_CODE] => 
    [COUNTRY] => Россия
    [PROVINCE] => Республика Тыва
    [REGION] => Сут-Хольский
    [CITY] => Суг-Аксы
    [ADDRESS_2] => 
)

internalExecute:
Array
(
    [TYPE_ID] => 1
    [ENTITY_TYPE_ID] => 3
    [ENTITY_ID] => 242100
    [STREET] => Ондар Лопсан
    [BUILDING] => 84А
    [POSTAL_CODE] => 
    [COUNTRY] => Россия
    [PROVINCE] => Республика Тыва
    [REGION] => Сут-Хольский
    [CITY] => Суг-Аксы
    [ADDRESS_2] => 
)

internalExecute:
Array
(
    [TYPE_ID] => 4
    [ENTITY_TYPE_ID] => 3
    [ENTITY_ID] => 242101
    [STREET] => Байыскылан
    [BUILDING] => 62
    [POSTAL_CODE] => 
    [COUNTRY] => Россия
    [PROVINCE] => Республика Тыва
    [REGION] => Сут-Хольский
    [CITY] => Суг-Аксы
    [ADDRESS_2] => 1
)

internalExecute:
Array
(
    [TYPE_ID] => 4
    [ENTITY_TYPE_ID] => 3
    [ENTITY_ID] => 242101
    [STREET] => Байыскылан
    [BUILDING] => 62
    [POSTAL_CODE] => 
    [COUNTRY] => Россия
    [PROVINCE] => Республика Тыва
    [REGION] => Сут-Хольский
    [CITY] => Суг-Аксы
    [ADDRESS_2] => 1
)

internalExecute:
Array
(
    [TYPE_ID] => 4
    [ENTITY_TYPE_ID] => 3
    [ENTITY_ID] => 242109
    [STREET] => Тукая
    [BUILDING] => 6
    [POSTAL_CODE] => 452182
    [COUNTRY] => Россия
    [PROVINCE] => Республика Башкортостан
    [REGION] => Ермекеевский 
    [CITY] => С. Тарказы
    [ADDRESS_2] => 
)

internalExecute:
Array
(
    [TYPE_ID] => 4
    [ENTITY_TYPE_ID] => 3
    [ENTITY_ID] => 242109
    [STREET] => Тукая
    [BUILDING] => 6
    [POSTAL_CODE] => 452182
    [COUNTRY] => Россия
    [PROVINCE] => Республика Башкортостан
    [REGION] => Ермекеевский 
    [CITY] => С. Тарказы
    [ADDRESS_2] => 
)

internalExecute:
Array
(
    [TYPE_ID] => 1
    [ENTITY_TYPE_ID] => 3
    [ENTITY_ID] => 242109
    [STREET] => Тукая
    [BUILDING] => 6
    [POSTAL_CODE] => 452182
    [COUNTRY] => Россия
    [PROVINCE] => Республика Башкортостан
    [REGION] => Ермекеевский 
    [CITY] => С. Тарказы
    [ADDRESS_2] => 
)

internalExecute:
Array
(
    [TYPE_ID] => 1
    [ENTITY_TYPE_ID] => 3
    [ENTITY_ID] => 242109
    [STREET] => Тукая
    [BUILDING] => 6
    [POSTAL_CODE] => 452182
    [COUNTRY] => Россия
    [PROVINCE] => Республика Башкортостан
    [REGION] => Ермекеевский 
    [CITY] => С. Тарказы
    [ADDRESS_2] => 
)

internalExecute:
Array
(
    [TYPE_ID] => 4
    [ENTITY_TYPE_ID] => 3
    [ENTITY_ID] => 242110
    [STREET] => Гоголя
    [BUILDING] => 143
    [POSTAL_CODE] => 453130
    [COUNTRY] => Россия
    [PROVINCE] => Республика Башкортостан 
    [REGION] => Стерлитамакский
    [CITY] => г. Стерлитамак
    [ADDRESS_2] => 531
)

internalExecute:
Array
(
    [TYPE_ID] => 4
    [ENTITY_TYPE_ID] => 3
    [ENTITY_ID] => 242110
    [STREET] => Гоголя
    [BUILDING] => 143
    [POSTAL_CODE] => 453130
    [COUNTRY] => Россия
    [PROVINCE] => Республика Башкортостан 
    [REGION] => Стерлитамакский
    [CITY] => г. Стерлитамак
    [ADDRESS_2] => 531
)

internalExecute:
Array
(
    [TYPE_ID] => 4
    [ENTITY_TYPE_ID] => 3
    [ENTITY_ID] => 242111
    [STREET] => Артема
    [BUILDING] => 112
    [POSTAL_CODE] => 453100
    [COUNTRY] => Россия
    [PROVINCE] => Республика Башкортостан
    [REGION] => Стерлитамакский
    [CITY] => г. Стерлитамак
    [ADDRESS_2] => 99
)

internalExecute:
Array
(
    [TYPE_ID] => 4
    [ENTITY_TYPE_ID] => 3
    [ENTITY_ID] => 242111
    [STREET] => Артема
    [BUILDING] => 112
    [POSTAL_CODE] => 453100
    [COUNTRY] => Россия
    [PROVINCE] => Республика Башкортостан
    [REGION] => Стерлитамакский
    [CITY] => г. Стерлитамак
    [ADDRESS_2] => 99
)

internalExecute:
Array
(
    [TYPE_ID] => 4
    [ENTITY_TYPE_ID] => 3
    [ENTITY_ID] => 242121
    [STREET] => Школьная
    [BUILDING] => 15
    [POSTAL_CODE] => 452715
    [COUNTRY] => Россия
    [PROVINCE] => Республика Башкортостан
    [REGION] => Буздякский
    [CITY] => С. Канлы-Туркеево
    [ADDRESS_2] => 1
)

internalExecute:
Array
(
    [TYPE_ID] => 4
    [ENTITY_TYPE_ID] => 3
    [ENTITY_ID] => 242121
    [STREET] => Школьная
    [BUILDING] => 15
    [POSTAL_CODE] => 452715
    [COUNTRY] => Россия
    [PROVINCE] => Республика Башкортостан
    [REGION] => Буздякский
    [CITY] => С. Канлы-Туркеево
    [ADDRESS_2] => 1
)

internalExecute:
Array
(
    [TYPE_ID] => 1
    [ENTITY_TYPE_ID] => 3
    [ENTITY_ID] => 242121
    [STREET] => Школьная
    [BUILDING] => 15
    [POSTAL_CODE] => 452715
    [COUNTRY] => Россия
    [PROVINCE] => Республика Башкортостан
    [REGION] => Буздякский
    [CITY] => С. Канлы-Туркеево
    [ADDRESS_2] => 1
)

internalExecute:
Array
(
    [TYPE_ID] => 1
    [ENTITY_TYPE_ID] => 3
    [ENTITY_ID] => 242121
    [STREET] => Школьная
    [BUILDING] => 15
    [POSTAL_CODE] => 452715
    [COUNTRY] => Россия
    [PROVINCE] => Республика Башкортостан
    [REGION] => Буздякский
    [CITY] => С. Канлы-Туркеево
    [ADDRESS_2] => 1
)

internalExecute:
Array
(
    [TYPE_ID] => 4
    [ENTITY_TYPE_ID] => 3
    [ENTITY_ID] => 242122
    [STREET] => Кирова
    [BUILDING] => 39
    [POSTAL_CODE] => 45350
    [COUNTRY] => Россия
    [PROVINCE] => Республика Башкортостан
    [REGION] => Гафурийский
    [CITY] => с. Красноусольский
    [ADDRESS_2] => 
)

internalExecute:
Array
(
    [TYPE_ID] => 4
    [ENTITY_TYPE_ID] => 3
    [ENTITY_ID] => 242122
    [STREET] => Кирова
    [BUILDING] => 39
    [POSTAL_CODE] => 45350
    [COUNTRY] => Россия
    [PROVINCE] => Республика Башкортостан
    [REGION] => Гафурийский
    [CITY] => с. Красноусольский
    [ADDRESS_2] => 
)

internalExecute:
Array
(
    [TYPE_ID] => 4
    [ENTITY_TYPE_ID] => 3
    [ENTITY_ID] => 242134
    [STREET] => Молодежная
    [BUILDING] => 4
    [POSTAL_CODE] => 652391
    [COUNTRY] => Россия
    [PROVINCE] => Кемеровская область – Кузбасс
    [REGION] => Промышленновский
    [CITY] => с. Титово
    [ADDRESS_2] => 
)

internalExecute:
Array
(
    [TYPE_ID] => 4
    [ENTITY_TYPE_ID] => 3
    [ENTITY_ID] => 242134
    [STREET] => Молодежная
    [BUILDING] => 4
    [POSTAL_CODE] => 652391
    [COUNTRY] => Россия
    [PROVINCE] => Кемеровская область – Кузбасс
    [REGION] => Промышленновский
    [CITY] => с. Титово
    [ADDRESS_2] => 
)

internalExecute:
Array
(
    [TYPE_ID] => 1
    [ENTITY_TYPE_ID] => 3
    [ENTITY_ID] => 242134
    [STREET] => Молодежная
    [BUILDING] => 4
    [POSTAL_CODE] => 652391
    [COUNTRY] => Россия
    [PROVINCE] => Кемеровская область – Кузбасс
    [REGION] => Промышленновский
    [CITY] => с. Титово
    [ADDRESS_2] => 
)

internalExecute:
Array
(
    [TYPE_ID] => 1
    [ENTITY_TYPE_ID] => 3
    [ENTITY_ID] => 242134
    [STREET] => Молодежная
    [BUILDING] => 4
    [POSTAL_CODE] => 652391
    [COUNTRY] => Россия
    [PROVINCE] => Кемеровская область – Кузбасс
    [REGION] => Промышленновский
    [CITY] => с. Титово
    [ADDRESS_2] => 
)

internalExecute:
Array
(
    [TYPE_ID] => 4
    [ENTITY_TYPE_ID] => 3
    [ENTITY_ID] => 242135
    [STREET] => Береговая
    [BUILDING] => 5
    [POSTAL_CODE] => 652391
    [COUNTRY] => Россия
    [PROVINCE] => Кемеровская область – Кузбасс
    [REGION] => Промышленновский
    [CITY] => с. Титово
    [ADDRESS_2] => 
)

internalExecute:
Array
(
    [TYPE_ID] => 4
    [ENTITY_TYPE_ID] => 3
    [ENTITY_ID] => 242135
    [STREET] => Береговая
    [BUILDING] => 5
    [POSTAL_CODE] => 652391
    [COUNTRY] => Россия
    [PROVINCE] => Кемеровская область – Кузбасс
    [REGION] => Промышленновский
    [CITY] => с. Титово
    [ADDRESS_2] => 
)

internalExecute:
Array
(
    [TYPE_ID] => 1
    [ENTITY_TYPE_ID] => 3
    [ENTITY_ID] => 242135
    [STREET] => Молодежная
    [BUILDING] => 4
    [POSTAL_CODE] => 652391
    [COUNTRY] => Россия
    [PROVINCE] => Кемеровская область – Кузбасс
    [REGION] => Промышленновский
    [CITY] => с. Титово
    [ADDRESS_2] => 
)

internalExecute:
Array
(
    [TYPE_ID] => 1
    [ENTITY_TYPE_ID] => 3
    [ENTITY_ID] => 242135
    [STREET] => Молодежная
    [BUILDING] => 4
    [POSTAL_CODE] => 652391
    [COUNTRY] => Россия
    [PROVINCE] => Кемеровская область – Кузбасс
    [REGION] => Промышленновский
    [CITY] => с. Титово
    [ADDRESS_2] => 
)

internalExecute:
Array
(
    [TYPE_ID] => 4
    [ENTITY_TYPE_ID] => 3
    [ENTITY_ID] => 242136
    [STREET] => Советская
    [BUILDING] => 3
    [POSTAL_CODE] => 652391
    [COUNTRY] => Россия
    [PROVINCE] => Кемеровская область – Кузбасс
    [REGION] => Промышленновский
    [CITY] => с. Титово
    [ADDRESS_2] => 
)

internalExecute:
Array
(
    [TYPE_ID] => 4
    [ENTITY_TYPE_ID] => 3
    [ENTITY_ID] => 242136
    [STREET] => Советская
    [BUILDING] => 3
    [POSTAL_CODE] => 652391
    [COUNTRY] => Россия
    [PROVINCE] => Кемеровская область – Кузбасс
    [REGION] => Промышленновский
    [CITY] => с. Титово
    [ADDRESS_2] => 
)

internalExecute:
Array
(
    [TYPE_ID] => 4
    [ENTITY_TYPE_ID] => 3
    [ENTITY_ID] => 242142
    [STREET] => шевченко 
    [BUILDING] => 166
    [POSTAL_CODE] => 667000
    [COUNTRY] => Россия
    [PROVINCE] => республика тыва
    [REGION] => кызыл
    [CITY] => кызыл
    [ADDRESS_2] => 
)

internalExecute:
Array
(
    [TYPE_ID] => 4
    [ENTITY_TYPE_ID] => 3
    [ENTITY_ID] => 242142
    [STREET] => шевченко 
    [BUILDING] => 166
    [POSTAL_CODE] => 667000
    [COUNTRY] => Россия
    [PROVINCE] => республика тыва
    [REGION] => кызыл
    [CITY] => кызыл
    [ADDRESS_2] => 
)

internalExecute:
Array
(
    [TYPE_ID] => 1
    [ENTITY_TYPE_ID] => 3
    [ENTITY_ID] => 242142
    [STREET] => переулок малый
    [BUILDING] => 12
    [POSTAL_CODE] => 667000
    [COUNTRY] => Россия
    [PROVINCE] => республика тыва
    [REGION] => кызыл
    [CITY] => кызыл
    [ADDRESS_2] => 
)

internalExecute:
Array
(
    [TYPE_ID] => 1
    [ENTITY_TYPE_ID] => 3
    [ENTITY_ID] => 242142
    [STREET] => переулок малый
    [BUILDING] => 12
    [POSTAL_CODE] => 667000
    [COUNTRY] => Россия
    [PROVINCE] => республика тыва
    [REGION] => кызыл
    [CITY] => кызыл
    [ADDRESS_2] => 
)

internalExecute:
Array
(
    [TYPE_ID] => 4
    [ENTITY_TYPE_ID] => 3
    [ENTITY_ID] => 242143
    [STREET] => буруле
    [BUILDING] => 17
    [POSTAL_CODE] => 667904
    [COUNTRY] => Россия
    [PROVINCE] => Республика Тыва
    [REGION] => Кызылский
    [CITY] => Сукпак
    [ADDRESS_2] => 1
)

internalExecute:
Array
(
    [TYPE_ID] => 4
    [ENTITY_TYPE_ID] => 3
    [ENTITY_ID] => 242143
    [STREET] => буруле
    [BUILDING] => 17
    [POSTAL_CODE] => 667904
    [COUNTRY] => Россия
    [PROVINCE] => Республика Тыва
    [REGION] => Кызылский
    [CITY] => Сукпак
    [ADDRESS_2] => 1
)

internalExecute:
Array
(
    [TYPE_ID] => 4
    [ENTITY_TYPE_ID] => 3
    [ENTITY_ID] => 242156
    [STREET] => Островского
    [BUILDING] => 8
    [POSTAL_CODE] => 606072
    [COUNTRY] => Россия
    [PROVINCE] => Нижегородская
    [REGION] => Володарский
    [CITY] => Володарск
    [ADDRESS_2] => 
)

internalExecute:
Array
(
    [TYPE_ID] => 4
    [ENTITY_TYPE_ID] => 3
    [ENTITY_ID] => 242156
    [STREET] => Островского
    [BUILDING] => 8
    [POSTAL_CODE] => 606072
    [COUNTRY] => Россия
    [PROVINCE] => Нижегородская
    [REGION] => Володарский
    [CITY] => Володарск
    [ADDRESS_2] => 
)

internalExecute:
Array
(
    [TYPE_ID] => 1
    [ENTITY_TYPE_ID] => 3
    [ENTITY_ID] => 242156
    [STREET] => Островского
    [BUILDING] => 8
    [POSTAL_CODE] => 606072
    [COUNTRY] => Россия
    [PROVINCE] => Нижегородская
    [REGION] => Володарский
    [CITY] => Володарск
    [ADDRESS_2] => 
)

internalExecute:
Array
(
    [TYPE_ID] => 1
    [ENTITY_TYPE_ID] => 3
    [ENTITY_ID] => 242156
    [STREET] => Островского
    [BUILDING] => 8
    [POSTAL_CODE] => 606072
    [COUNTRY] => Россия
    [PROVINCE] => Нижегородская
    [REGION] => Володарский
    [CITY] => Володарск
    [ADDRESS_2] => 
)

internalExecute:
Array
(
    [TYPE_ID] => 4
    [ENTITY_TYPE_ID] => 3
    [ENTITY_ID] => 242157
    [STREET] => Звездинка
    [BUILDING] => 26А
    [POSTAL_CODE] => 
    [COUNTRY] => Россия
    [PROVINCE] => Нижегородская область
    [REGION] => Нижегородский
    [CITY] => Нижний Новгород
    [ADDRESS_2] => 5
)

internalExecute:
Array
(
    [TYPE_ID] => 4
    [ENTITY_TYPE_ID] => 3
    [ENTITY_ID] => 242157
    [STREET] => Звездинка
    [BUILDING] => 26А
    [POSTAL_CODE] => 
    [COUNTRY] => Россия
    [PROVINCE] => Нижегородская область
    [REGION] => Нижегородский
    [CITY] => Нижний Новгород
    [ADDRESS_2] => 5
)

internalExecute:
Array
(
    [TYPE_ID] => 4
    [ENTITY_TYPE_ID] => 3
    [ENTITY_ID] => 242484
    [STREET] => Цикличная
    [BUILDING] => 13
    [POSTAL_CODE] => 653000
    [COUNTRY] => Россия
    [PROVINCE] => Кемеровская область
    [REGION] => 
    [CITY] => Прокопьевск
    [ADDRESS_2] => 11
)

internalExecute:
Array
(
    [TYPE_ID] => 4
    [ENTITY_TYPE_ID] => 3
    [ENTITY_ID] => 242484
    [STREET] => Цикличная
    [BUILDING] => 13
    [POSTAL_CODE] => 653000
    [COUNTRY] => Россия
    [PROVINCE] => Кемеровская область
    [REGION] => 
    [CITY] => Прокопьевск
    [ADDRESS_2] => 11
)

internalExecute:
Array
(
    [TYPE_ID] => 1
    [ENTITY_TYPE_ID] => 3
    [ENTITY_ID] => 242484
    [STREET] => Цикличная
    [BUILDING] => 13
    [POSTAL_CODE] => 653000
    [COUNTRY] => Россия
    [PROVINCE] => Кемеровская область
    [REGION] => 
    [CITY] => Прокопьевск
    [ADDRESS_2] => 11
)

internalExecute:
Array
(
    [TYPE_ID] => 1
    [ENTITY_TYPE_ID] => 3
    [ENTITY_ID] => 242484
    [STREET] => Цикличная
    [BUILDING] => 13
    [POSTAL_CODE] => 653000
    [COUNTRY] => Россия
    [PROVINCE] => Кемеровская область
    [REGION] => 
    [CITY] => Прокопьевск
    [ADDRESS_2] => 11
)

internalExecute:
Array
(
    [TYPE_ID] => 4
    [ENTITY_TYPE_ID] => 3
    [ENTITY_ID] => 242485
    [STREET] => Коксовая
    [BUILDING] => 26а
    [POSTAL_CODE] => 653000
    [COUNTRY] => Россия
    [PROVINCE] => Кемеровская область
    [REGION] => 
    [CITY] => Прокопьевск
    [ADDRESS_2] => 31
)

internalExecute:
Array
(
    [TYPE_ID] => 4
    [ENTITY_TYPE_ID] => 3
    [ENTITY_ID] => 242485
    [STREET] => Коксовая
    [BUILDING] => 26а
    [POSTAL_CODE] => 653000
    [COUNTRY] => Россия
    [PROVINCE] => Кемеровская область
    [REGION] => 
    [CITY] => Прокопьевск
    [ADDRESS_2] => 31
)

internalExecute:
Array
(
    [TYPE_ID] => 1
    [ENTITY_TYPE_ID] => 4
    [ENTITY_ID] => 413
    [STREET] => ул.Чкалова 
    [BUILDING] => 1А
    [POSTAL_CODE] => 
    [COUNTRY] => Россия
    [PROVINCE] => Северная Осетия-Алания
    [REGION] => 
    [CITY] => Владикавказ
    [ADDRESS_2] => ТЦ "Марс", 4 этаж, 33 каб
)

internalExecute:
Array
(
    [TYPE_ID] => 1
    [ENTITY_TYPE_ID] => 4
    [ENTITY_ID] => 413
    [STREET] => ул.Чкалова 
    [BUILDING] => 1А
    [POSTAL_CODE] => 
    [COUNTRY] => Россия
    [PROVINCE] => Северная Осетия-Алания
    [REGION] => 
    [CITY] => Владикавказ
    [ADDRESS_2] => ТЦ "Марс", 4 этаж, 33 каб
)

internalExecute:
Array
(
    [TYPE_ID] => 4
    [ENTITY_TYPE_ID] => 3
    [ENTITY_ID] => 242584
    [STREET] => Кирова ул
    [BUILDING] => д 287
    [POSTAL_CODE] => 361522
    [COUNTRY] => Россия
    [PROVINCE] => Кабардино-Балкарская Респ
    [REGION] => Баксанский р-н
    [CITY] => с Заюково
    [ADDRESS_2] => 
)

internalExecute:
Array
(
    [TYPE_ID] => 4
    [ENTITY_TYPE_ID] => 3
    [ENTITY_ID] => 242584
    [STREET] => Кирова ул
    [BUILDING] => д 287
    [POSTAL_CODE] => 361522
    [COUNTRY] => Россия
    [PROVINCE] => Кабардино-Балкарская Респ
    [REGION] => Баксанский р-н
    [CITY] => с Заюково
    [ADDRESS_2] => 
)

internalExecute:
Array
(
    [TYPE_ID] => 1
    [ENTITY_TYPE_ID] => 3
    [ENTITY_ID] => 242584
    [STREET] => Кирова ул
    [BUILDING] => д 287
    [POSTAL_CODE] => 361522
    [COUNTRY] => Россия
    [PROVINCE] => Кабардино-Балкарская Респ
    [REGION] => Баксанский р-н
    [CITY] => с Заюково
    [ADDRESS_2] => 
)

internalExecute:
Array
(
    [TYPE_ID] => 1
    [ENTITY_TYPE_ID] => 3
    [ENTITY_ID] => 242584
    [STREET] => Кирова ул
    [BUILDING] => д 287
    [POSTAL_CODE] => 361522
    [COUNTRY] => Россия
    [PROVINCE] => Кабардино-Балкарская Респ
    [REGION] => Баксанский р-н
    [CITY] => с Заюково
    [ADDRESS_2] => 
)

internalExecute:
Array
(
    [TYPE_ID] => 4
    [ENTITY_TYPE_ID] => 3
    [ENTITY_ID] => 242585
    [STREET] => Кирова ул
    [BUILDING] => д 287
    [POSTAL_CODE] => 361522
    [COUNTRY] => Россия
    [PROVINCE] => Кабардино-Балкарская Респ
    [REGION] => Баксанский р-н
    [CITY] => с Заюково
    [ADDRESS_2] => 
)

internalExecute:
Array
(
    [TYPE_ID] => 4
    [ENTITY_TYPE_ID] => 3
    [ENTITY_ID] => 242585
    [STREET] => Кирова ул
    [BUILDING] => д 287
    [POSTAL_CODE] => 361522
    [COUNTRY] => Россия
    [PROVINCE] => Кабардино-Балкарская Респ
    [REGION] => Баксанский р-н
    [CITY] => с Заюково
    [ADDRESS_2] => 
)

internalExecute:
Array
(
    [TYPE_ID] => 4
    [ENTITY_TYPE_ID] => 3
    [ENTITY_ID] => 242723
    [STREET] => Горького
    [BUILDING] => 1В
    [POSTAL_CODE] => 664540
    [COUNTRY] => Россия
    [PROVINCE] => Иркутская область
    [REGION] => Иркутский район
    [CITY] => с. Хомутово
    [ADDRESS_2] => 
)

internalExecute:
Array
(
    [TYPE_ID] => 4
    [ENTITY_TYPE_ID] => 3
    [ENTITY_ID] => 242723
    [STREET] => Горького
    [BUILDING] => 1В
    [POSTAL_CODE] => 664540
    [COUNTRY] => Россия
    [PROVINCE] => Иркутская область
    [REGION] => Иркутский район
    [CITY] => с. Хомутово
    [ADDRESS_2] => 
)

internalExecute:
Array
(
    [TYPE_ID] => 1
    [ENTITY_TYPE_ID] => 3
    [ENTITY_ID] => 242723
    [STREET] => Горького
    [BUILDING] => 1В
    [POSTAL_CODE] => 664540
    [COUNTRY] => Россия
    [PROVINCE] => Иркутская область
    [REGION] => Иркутский район
    [CITY] => с. Хомутово
    [ADDRESS_2] => 
)

internalExecute:
Array
(
    [TYPE_ID] => 1
    [ENTITY_TYPE_ID] => 3
    [ENTITY_ID] => 242723
    [STREET] => Горького
    [BUILDING] => 1В
    [POSTAL_CODE] => 664540
    [COUNTRY] => Россия
    [PROVINCE] => Иркутская область
    [REGION] => Иркутский район
    [CITY] => с. Хомутово
    [ADDRESS_2] => 
)

internalExecute:
Array
(
    [TYPE_ID] => 4
    [ENTITY_TYPE_ID] => 3
    [ENTITY_ID] => 242724
    [STREET] => Комсомольская 
    [BUILDING] => 13А
    [POSTAL_CODE] => 665420
    [COUNTRY] => Россия
    [PROVINCE] => Иркутская область
    [REGION] => Черемховский р-н
    [CITY] => гор. Свирск
    [ADDRESS_2] => 39
)

internalExecute:
Array
(
    [TYPE_ID] => 4
    [ENTITY_TYPE_ID] => 3
    [ENTITY_ID] => 242724
    [STREET] => Комсомольская 
    [BUILDING] => 13А
    [POSTAL_CODE] => 665420
    [COUNTRY] => Россия
    [PROVINCE] => Иркутская область
    [REGION] => Черемховский р-н
    [CITY] => гор. Свирск
    [ADDRESS_2] => 39
)

internalExecute:
Array
(
    [TYPE_ID] => 4
    [ENTITY_TYPE_ID] => 3
    [ENTITY_ID] => 242729
    [STREET] => ул. Школьная
    [BUILDING] => 16
    [POSTAL_CODE] => 
    [COUNTRY] => Россия
    [PROVINCE] => Карачаево-Черкесская Республика
    [REGION] => Малокарачевский р-н
    [CITY] => с. Кичи-Балык
    [ADDRESS_2] => 
)

internalExecute:
Array
(
    [TYPE_ID] => 4
    [ENTITY_TYPE_ID] => 3
    [ENTITY_ID] => 242729
    [STREET] => ул. Школьная
    [BUILDING] => 16
    [POSTAL_CODE] => 
    [COUNTRY] => Россия
    [PROVINCE] => Карачаево-Черкесская Республика
    [REGION] => Малокарачевский р-н
    [CITY] => с. Кичи-Балык
    [ADDRESS_2] => 
)

internalExecute:
Array
(
    [TYPE_ID] => 1
    [ENTITY_TYPE_ID] => 3
    [ENTITY_ID] => 242729
    [STREET] => ул. Школьная
    [BUILDING] => 16
    [POSTAL_CODE] => 
    [COUNTRY] => Россия
    [PROVINCE] => Карачаево-Черкесская Республика
    [REGION] => Малокарачевский р-н
    [CITY] => с. Кичи-Балык
    [ADDRESS_2] => 
)

internalExecute:
Array
(
    [TYPE_ID] => 1
    [ENTITY_TYPE_ID] => 3
    [ENTITY_ID] => 242729
    [STREET] => ул. Школьная
    [BUILDING] => 16
    [POSTAL_CODE] => 
    [COUNTRY] => Россия
    [PROVINCE] => Карачаево-Черкесская Республика
    [REGION] => Малокарачевский р-н
    [CITY] => с. Кичи-Балык
    [ADDRESS_2] => 
)

internalExecute:
Array
(
    [TYPE_ID] => 4
    [ENTITY_TYPE_ID] => 3
    [ENTITY_ID] => 242730
    [STREET] => пер Кооперативный
    [BUILDING] => 1
    [POSTAL_CODE] => 
    [COUNTRY] => Россия
    [PROVINCE] => Карачаево-Черкесская Республика
    [REGION] => 
    [CITY] => ст-ца Зеленчукская
    [ADDRESS_2] => 17
)

internalExecute:
Array
(
    [TYPE_ID] => 4
    [ENTITY_TYPE_ID] => 3
    [ENTITY_ID] => 242730
    [STREET] => пер Кооперативный
    [BUILDING] => 1
    [POSTAL_CODE] => 
    [COUNTRY] => Россия
    [PROVINCE] => Карачаево-Черкесская Республика
    [REGION] => 
    [CITY] => ст-ца Зеленчукская
    [ADDRESS_2] => 17
)

internalExecute:
Array
(
    [TYPE_ID] => 1
    [ENTITY_TYPE_ID] => 3
    [ENTITY_ID] => 242730
    [STREET] => пер Кооперативный
    [BUILDING] => 1
    [POSTAL_CODE] => 
    [COUNTRY] => Россия
    [PROVINCE] => Карачаево-Черкесская Республика
    [REGION] => 
    [CITY] => ст-ца Зеленчукская
    [ADDRESS_2] => 17
)

internalExecute:
Array
(
    [TYPE_ID] => 1
    [ENTITY_TYPE_ID] => 3
    [ENTITY_ID] => 242730
    [STREET] => пер Кооперативный
    [BUILDING] => 1
    [POSTAL_CODE] => 
    [COUNTRY] => Россия
    [PROVINCE] => Карачаево-Черкесская Республика
    [REGION] => 
    [CITY] => ст-ца Зеленчукская
    [ADDRESS_2] => 17
)

internalExecute:
Array
(
    [TYPE_ID] => 4
    [ENTITY_TYPE_ID] => 3
    [ENTITY_ID] => 242781
    [STREET] => Мира ул
    [BUILDING] => 21
    [POSTAL_CODE] => 369341
    [COUNTRY] => Россия
    [PROVINCE] => Карачаево-Черкесская Респ
    [REGION] => 
    [CITY] => п Эркен-Шахар
    [ADDRESS_2] => 13
)

internalExecute:
Array
(
    [TYPE_ID] => 4
    [ENTITY_TYPE_ID] => 3
    [ENTITY_ID] => 242781
    [STREET] => Мира ул
    [BUILDING] => 21
    [POSTAL_CODE] => 369341
    [COUNTRY] => Россия
    [PROVINCE] => Карачаево-Черкесская Респ
    [REGION] => 
    [CITY] => п Эркен-Шахар
    [ADDRESS_2] => 13
)

internalExecute:
Array
(
    [TYPE_ID] => 1
    [ENTITY_TYPE_ID] => 3
    [ENTITY_ID] => 242781
    [STREET] => Мира ул
    [BUILDING] => 21
    [POSTAL_CODE] => 369341
    [COUNTRY] => Россия
    [PROVINCE] => Карачаево-Черкесская Респ
    [REGION] => 
    [CITY] => п Эркен-Шахар
    [ADDRESS_2] => 13
)

internalExecute:
Array
(
    [TYPE_ID] => 1
    [ENTITY_TYPE_ID] => 3
    [ENTITY_ID] => 242781
    [STREET] => Мира ул
    [BUILDING] => 21
    [POSTAL_CODE] => 369341
    [COUNTRY] => Россия
    [PROVINCE] => Карачаево-Черкесская Респ
    [REGION] => 
    [CITY] => п Эркен-Шахар
    [ADDRESS_2] => 13
)

internalExecute:
Array
(
    [TYPE_ID] => 4
    [ENTITY_TYPE_ID] => 3
    [ENTITY_ID] => 242782
    [STREET] => Ленина ул
    [BUILDING] => д 122
    [POSTAL_CODE] => 369416
    [COUNTRY] => Россия
    [PROVINCE] => Карачаево-Черкесская Респ
    [REGION] => 
    [CITY] => аул Инжич-Чукун
    [ADDRESS_2] => 
)

internalExecute:
Array
(
    [TYPE_ID] => 4
    [ENTITY_TYPE_ID] => 3
    [ENTITY_ID] => 242782
    [STREET] => Ленина ул
    [BUILDING] => д 122
    [POSTAL_CODE] => 369416
    [COUNTRY] => Россия
    [PROVINCE] => Карачаево-Черкесская Респ
    [REGION] => 
    [CITY] => аул Инжич-Чукун
    [ADDRESS_2] => 
)

internalExecute:
Array
(
    [TYPE_ID] => 4
    [ENTITY_TYPE_ID] => 3
    [ENTITY_ID] => 242801
    [STREET] => ул Дзасохова
    [BUILDING] => 53
    [POSTAL_CODE] => 
    [COUNTRY] => Россия
    [PROVINCE] => Карачаево-Черкесская Республика
    [REGION] => Карачаевский 
    [CITY] => с Коста Хетагурова
    [ADDRESS_2] => 
)

internalExecute:
Array
(
    [TYPE_ID] => 4
    [ENTITY_TYPE_ID] => 3
    [ENTITY_ID] => 242801
    [STREET] => ул Дзасохова
    [BUILDING] => 53
    [POSTAL_CODE] => 
    [COUNTRY] => Россия
    [PROVINCE] => Карачаево-Черкесская Республика
    [REGION] => Карачаевский 
    [CITY] => с Коста Хетагурова
    [ADDRESS_2] => 
)

internalExecute:
Array
(
    [TYPE_ID] => 1
    [ENTITY_TYPE_ID] => 3
    [ENTITY_ID] => 242801
    [STREET] => ул Дзасохова
    [BUILDING] => 53
    [POSTAL_CODE] => 
    [COUNTRY] => Россия
    [PROVINCE] => Карачаево-Черкесская Республика
    [REGION] => Карачаевский 
    [CITY] => с Коста Хетагурова
    [ADDRESS_2] => 
)

internalExecute:
Array
(
    [TYPE_ID] => 1
    [ENTITY_TYPE_ID] => 3
    [ENTITY_ID] => 242801
    [STREET] => ул Дзасохова
    [BUILDING] => 53
    [POSTAL_CODE] => 
    [COUNTRY] => Россия
    [PROVINCE] => Карачаево-Черкесская Республика
    [REGION] => Карачаевский 
    [CITY] => с Коста Хетагурова
    [ADDRESS_2] => 
)

internalExecute:
Array
(
    [TYPE_ID] => 4
    [ENTITY_TYPE_ID] => 3
    [ENTITY_ID] => 242802
    [STREET] => Красноармейская ул
    [BUILDING] => 59
    [POSTAL_CODE] => 
    [COUNTRY] => Россия
    [PROVINCE] => Карачаево-Черкесская Республика
    [REGION] => Зеленчукский район
    [CITY] => аул Ильич
    [ADDRESS_2] => 
)

internalExecute:
Array
(
    [TYPE_ID] => 4
    [ENTITY_TYPE_ID] => 3
    [ENTITY_ID] => 242802
    [STREET] => Красноармейская ул
    [BUILDING] => 59
    [POSTAL_CODE] => 
    [COUNTRY] => Россия
    [PROVINCE] => Карачаево-Черкесская Республика
    [REGION] => Зеленчукский район
    [CITY] => аул Ильич
    [ADDRESS_2] => 
)

internalExecute:
Array
(
    [TYPE_ID] => 1
    [ENTITY_TYPE_ID] => 3
    [ENTITY_ID] => 242802
    [STREET] => Красноармейская ул
    [BUILDING] => 59
    [POSTAL_CODE] => 
    [COUNTRY] => Россия
    [PROVINCE] => Карачаево-Черкесская Республика
    [REGION] => Зеленчукский район
    [CITY] => аул Ильич
    [ADDRESS_2] => 
)

internalExecute:
Array
(
    [TYPE_ID] => 1
    [ENTITY_TYPE_ID] => 3
    [ENTITY_ID] => 242802
    [STREET] => Красноармейская ул
    [BUILDING] => 59
    [POSTAL_CODE] => 
    [COUNTRY] => Россия
    [PROVINCE] => Карачаево-Черкесская Республика
    [REGION] => Зеленчукский район
    [CITY] => аул Ильич
    [ADDRESS_2] => 
)

internalExecute:
Array
(
    [TYPE_ID] => 4
    [ENTITY_TYPE_ID] => 3
    [ENTITY_ID] => 242803
    [STREET] => ул Красноармейская
    [BUILDING] => 59
    [POSTAL_CODE] => 
    [COUNTRY] => Россия
    [PROVINCE] => Карачаево-Черкесская Республика
    [REGION] => Зеленчукский район
    [CITY] => аул Ильич
    [ADDRESS_2] => 
)

internalExecute:
Array
(
    [TYPE_ID] => 4
    [ENTITY_TYPE_ID] => 3
    [ENTITY_ID] => 242803
    [STREET] => ул Красноармейская
    [BUILDING] => 59
    [POSTAL_CODE] => 
    [COUNTRY] => Россия
    [PROVINCE] => Карачаево-Черкесская Республика
    [REGION] => Зеленчукский район
    [CITY] => аул Ильич
    [ADDRESS_2] => 
)

internalExecute:
Array
(
    [TYPE_ID] => 4
    [ENTITY_TYPE_ID] => 3
    [ENTITY_ID] => 242805
    [STREET] => Братьев Агзаговых
    [BUILDING] => 19
    [POSTAL_CODE] => 361410
    [COUNTRY] => Россия
    [PROVINCE] => Кабардино-Балкарская Республика
    [REGION] => Чегемский
    [CITY] => Нартан
    [ADDRESS_2] => 
)

internalExecute:
Array
(
    [TYPE_ID] => 4
    [ENTITY_TYPE_ID] => 3
    [ENTITY_ID] => 242805
    [STREET] => Братьев Агзаговых
    [BUILDING] => 19
    [POSTAL_CODE] => 361410
    [COUNTRY] => Россия
    [PROVINCE] => Кабардино-Балкарская Республика
    [REGION] => Чегемский
    [CITY] => Нартан
    [ADDRESS_2] => 
)

internalExecute:
Array
(
    [TYPE_ID] => 1
    [ENTITY_TYPE_ID] => 3
    [ENTITY_ID] => 242805
    [STREET] => Братьев Агзаговых
    [BUILDING] => 19
    [POSTAL_CODE] => 361410
    [COUNTRY] => Россия
    [PROVINCE] => Кабардино-Балкарская Республика
    [REGION] => Чегемский
    [CITY] => Нартан
    [ADDRESS_2] => 
)

internalExecute:
Array
(
    [TYPE_ID] => 1
    [ENTITY_TYPE_ID] => 3
    [ENTITY_ID] => 242805
    [STREET] => Братьев Агзаговых
    [BUILDING] => 19
    [POSTAL_CODE] => 361410
    [COUNTRY] => Россия
    [PROVINCE] => Кабардино-Балкарская Республика
    [REGION] => Чегемский
    [CITY] => Нартан
    [ADDRESS_2] => 
)

internalExecute:
Array
(
    [TYPE_ID] => 4
    [ENTITY_TYPE_ID] => 3
    [ENTITY_ID] => 242806
    [STREET] => Нартух
    [BUILDING] => 11
    [POSTAL_CODE] => 360903
    [COUNTRY] => Россия
    [PROVINCE] => Кабардино-Балкарская Республика
    [REGION] => 
    [CITY] => пос.Хасанья
    [ADDRESS_2] => 
)

internalExecute:
Array
(
    [TYPE_ID] => 4
    [ENTITY_TYPE_ID] => 3
    [ENTITY_ID] => 242806
    [STREET] => Нартух
    [BUILDING] => 11
    [POSTAL_CODE] => 360903
    [COUNTRY] => Россия
    [PROVINCE] => Кабардино-Балкарская Республика
    [REGION] => 
    [CITY] => пос.Хасанья
    [ADDRESS_2] => 
)

internalExecute:
Array
(
    [TYPE_ID] => 1
    [ENTITY_TYPE_ID] => 3
    [ENTITY_ID] => 242806
    [STREET] => Нартух
    [BUILDING] => 11
    [POSTAL_CODE] => 360903
    [COUNTRY] => Россия
    [PROVINCE] => Кабардино-Балкарская Республика
    [REGION] => 
    [CITY] => пос.Хасанья
    [ADDRESS_2] => 
)

internalExecute:
Array
(
    [TYPE_ID] => 1
    [ENTITY_TYPE_ID] => 3
    [ENTITY_ID] => 242806
    [STREET] => Нартух
    [BUILDING] => 11
    [POSTAL_CODE] => 360903
    [COUNTRY] => Россия
    [PROVINCE] => Кабардино-Балкарская Республика
    [REGION] => 
    [CITY] => пос.Хасанья
    [ADDRESS_2] => 
)

internalExecute:
Array
(
    [TYPE_ID] => 4
    [ENTITY_TYPE_ID] => 3
    [ENTITY_ID] => 242807
    [STREET] => Бр. Агзаговых
    [BUILDING] => 19
    [POSTAL_CODE] => 361410
    [COUNTRY] => Россия
    [PROVINCE] => Кабардино-Балкарская Республика
    [REGION] => Чегемский
    [CITY] => Нартан
    [ADDRESS_2] => 
)

internalExecute:
Array
(
    [TYPE_ID] => 4
    [ENTITY_TYPE_ID] => 3
    [ENTITY_ID] => 242807
    [STREET] => Бр. Агзаговых
    [BUILDING] => 19
    [POSTAL_CODE] => 361410
    [COUNTRY] => Россия
    [PROVINCE] => Кабардино-Балкарская Республика
    [REGION] => Чегемский
    [CITY] => Нартан
    [ADDRESS_2] => 
)

internalExecute:
Array
(
    [TYPE_ID] => 1
    [ENTITY_TYPE_ID] => 3
    [ENTITY_ID] => 242807
    [STREET] => Бр. Агзаговых
    [BUILDING] => 19
    [POSTAL_CODE] => 361410
    [COUNTRY] => Россия
    [PROVINCE] => Кабардино-Балкарская Республика
    [REGION] => Чегемский
    [CITY] => Нартан
    [ADDRESS_2] => 
)

internalExecute:
Array
(
    [TYPE_ID] => 1
    [ENTITY_TYPE_ID] => 3
    [ENTITY_ID] => 242807
    [STREET] => Бр. Агзаговых
    [BUILDING] => 19
    [POSTAL_CODE] => 361410
    [COUNTRY] => Россия
    [PROVINCE] => Кабардино-Балкарская Республика
    [REGION] => Чегемский
    [CITY] => Нартан
    [ADDRESS_2] => 
)

internalExecute:
Array
(
    [TYPE_ID] => 1
    [ENTITY_TYPE_ID] => 4
    [ENTITY_ID] => 427
    [STREET] => Советская
    [BUILDING] => 7
    [POSTAL_CODE] => 
    [COUNTRY] => Россия
    [PROVINCE] => Свердловская область
    [REGION] => 
    [CITY] => Камышлов
    [ADDRESS_2] => офис 3
)

internalExecute:
Array
(
    [TYPE_ID] => 1
    [ENTITY_TYPE_ID] => 4
    [ENTITY_ID] => 427
    [STREET] => Советская
    [BUILDING] => 7
    [POSTAL_CODE] => 
    [COUNTRY] => Россия
    [PROVINCE] => Свердловская область
    [REGION] => 
    [CITY] => Камышлов
    [ADDRESS_2] => офис 3
)

internalExecute:
Array
(
    [TYPE_ID] => 4
    [ENTITY_TYPE_ID] => 3
    [ENTITY_ID] => 242821
    [STREET] => Южная 
    [BUILDING] => 14
    [POSTAL_CODE] => 453231
    [COUNTRY] => Россия
    [PROVINCE] => Республика Башкортостан
    [REGION] => Ишимбайский район
    [CITY] => с. Васильевка
    [ADDRESS_2] => 
)

internalExecute:
Array
(
    [TYPE_ID] => 4
    [ENTITY_TYPE_ID] => 3
    [ENTITY_ID] => 242821
    [STREET] => Южная 
    [BUILDING] => 14
    [POSTAL_CODE] => 453231
    [COUNTRY] => Россия
    [PROVINCE] => Республика Башкортостан
    [REGION] => Ишимбайский район
    [CITY] => с. Васильевка
    [ADDRESS_2] => 
)

internalExecute:
Array
(
    [TYPE_ID] => 1
    [ENTITY_TYPE_ID] => 3
    [ENTITY_ID] => 242821
    [STREET] => Южная 
    [BUILDING] => 14
    [POSTAL_CODE] => 453231
    [COUNTRY] => Россия
    [PROVINCE] => Республика Башкортостан
    [REGION] => Ишимбайский район
    [CITY] => с. Васильевка
    [ADDRESS_2] => 
)

internalExecute:
Array
(
    [TYPE_ID] => 1
    [ENTITY_TYPE_ID] => 3
    [ENTITY_ID] => 242821
    [STREET] => Южная 
    [BUILDING] => 14
    [POSTAL_CODE] => 453231
    [COUNTRY] => Россия
    [PROVINCE] => Республика Башкортостан
    [REGION] => Ишимбайский район
    [CITY] => с. Васильевка
    [ADDRESS_2] => 
)

internalExecute:
Array
(
    [TYPE_ID] => 4
    [ENTITY_TYPE_ID] => 3
    [ENTITY_ID] => 242822
    [STREET] => Трактовая
    [BUILDING] => 57
    [POSTAL_CODE] => 453200
    [COUNTRY] => Россия
    [PROVINCE] => Республика Башкортостан
    [REGION] => Ишимбайский район
    [CITY] => г. Ишимбай
    [ADDRESS_2] => 
)

internalExecute:
Array
(
    [TYPE_ID] => 4
    [ENTITY_TYPE_ID] => 3
    [ENTITY_ID] => 242822
    [STREET] => Трактовая
    [BUILDING] => 57
    [POSTAL_CODE] => 453200
    [COUNTRY] => Россия
    [PROVINCE] => Республика Башкортостан
    [REGION] => Ишимбайский район
    [CITY] => г. Ишимбай
    [ADDRESS_2] => 
)

internalExecute:
Array
(
    [TYPE_ID] => 4
    [ENTITY_TYPE_ID] => 3
    [ENTITY_ID] => 242823
    [STREET] => Южная 
    [BUILDING] => 14
    [POSTAL_CODE] => 453231
    [COUNTRY] => Россия
    [PROVINCE] => Республика Башкортостан
    [REGION] => Ишимбайский район
    [CITY] => с. Васильевка
    [ADDRESS_2] => 
)

internalExecute:
Array
(
    [TYPE_ID] => 4
    [ENTITY_TYPE_ID] => 3
    [ENTITY_ID] => 242823
    [STREET] => Южная 
    [BUILDING] => 14
    [POSTAL_CODE] => 453231
    [COUNTRY] => Россия
    [PROVINCE] => Республика Башкортостан
    [REGION] => Ишимбайский район
    [CITY] => с. Васильевка
    [ADDRESS_2] => 
)

internalExecute:
Array
(
    [TYPE_ID] => 1
    [ENTITY_TYPE_ID] => 3
    [ENTITY_ID] => 242823
    [STREET] => Южная 
    [BUILDING] => 14
    [POSTAL_CODE] => 453231
    [COUNTRY] => Россия
    [PROVINCE] => Республика Башкортостан
    [REGION] => Ишимбайский район
    [CITY] => с. Васильевка
    [ADDRESS_2] => 
)

internalExecute:
Array
(
    [TYPE_ID] => 1
    [ENTITY_TYPE_ID] => 3
    [ENTITY_ID] => 242823
    [STREET] => Южная 
    [BUILDING] => 14
    [POSTAL_CODE] => 453231
    [COUNTRY] => Россия
    [PROVINCE] => Республика Башкортостан
    [REGION] => Ишимбайский район
    [CITY] => с. Васильевка
    [ADDRESS_2] => 
)

internalExecute:
Array
(
    [TYPE_ID] => 4
    [ENTITY_TYPE_ID] => 3
    [ENTITY_ID] => 242824
    [STREET] => Трактовая
    [BUILDING] => 57
    [POSTAL_CODE] => 453200
    [COUNTRY] => Россия
    [PROVINCE] => Республика Башкортостан
    [REGION] => Ишимбайский район
    [CITY] => г. Ишимбай
    [ADDRESS_2] => 
)

internalExecute:
Array
(
    [TYPE_ID] => 4
    [ENTITY_TYPE_ID] => 3
    [ENTITY_ID] => 242824
    [STREET] => Трактовая
    [BUILDING] => 57
    [POSTAL_CODE] => 453200
    [COUNTRY] => Россия
    [PROVINCE] => Республика Башкортостан
    [REGION] => Ишимбайский район
    [CITY] => г. Ишимбай
    [ADDRESS_2] => 
)

internalExecute:
Array
(
    [TYPE_ID] => 1
    [ENTITY_TYPE_ID] => 4
    [ENTITY_ID] => 2970
    [STREET] => Захарова 
    [BUILDING] => 68
    [POSTAL_CODE] => 
    [COUNTRY] => Россия
    [PROVINCE] => Кабардино-Балкарская Республика
    [REGION] => 
    [CITY] => Нальчик
    [ADDRESS_2] => 
)

internalExecute:
Array
(
    [TYPE_ID] => 1
    [ENTITY_TYPE_ID] => 4
    [ENTITY_ID] => 2970
    [STREET] => Захарова 
    [BUILDING] => 68
    [POSTAL_CODE] => 
    [COUNTRY] => Россия
    [PROVINCE] => Кабардино-Балкарская Республика
    [REGION] => 
    [CITY] => Нальчик
    [ADDRESS_2] => 
)

internalExecute:
Array
(
    [TYPE_ID] => 4
    [ENTITY_TYPE_ID] => 3
    [ENTITY_ID] => 242851
    [STREET] => ул. им. Николая Гутника
    [BUILDING] => д. 11
    [POSTAL_CODE] => 678521
    [COUNTRY] => Россия
    [PROVINCE] => Респ. Саха /Якутия/
    [REGION] => у. Верхоянский
    [CITY] => с. Сайды
    [ADDRESS_2] => 
)

internalExecute:
Array
(
    [TYPE_ID] => 4
    [ENTITY_TYPE_ID] => 3
    [ENTITY_ID] => 242851
    [STREET] => ул. им. Николая Гутника
    [BUILDING] => д. 11
    [POSTAL_CODE] => 678521
    [COUNTRY] => Россия
    [PROVINCE] => Респ. Саха /Якутия/
    [REGION] => у. Верхоянский
    [CITY] => с. Сайды
    [ADDRESS_2] => 
)

internalExecute:
Array
(
    [TYPE_ID] => 1
    [ENTITY_TYPE_ID] => 3
    [ENTITY_ID] => 242851
    [STREET] => ул. им. Николая Гутника
    [BUILDING] => д. 11
    [POSTAL_CODE] => 678521
    [COUNTRY] => Россия
    [PROVINCE] => Респ. Саха /Якутия/
    [REGION] => у. Верхоянский
    [CITY] => с. Сайды
    [ADDRESS_2] => 
)

internalExecute:
Array
(
    [TYPE_ID] => 1
    [ENTITY_TYPE_ID] => 3
    [ENTITY_ID] => 242851
    [STREET] => ул. им. Николая Гутника
    [BUILDING] => д. 11
    [POSTAL_CODE] => 678521
    [COUNTRY] => Россия
    [PROVINCE] => Респ. Саха /Якутия/
    [REGION] => у. Верхоянский
    [CITY] => с. Сайды
    [ADDRESS_2] => 
)

internalExecute:
Array
(
    [TYPE_ID] => 4
    [ENTITY_TYPE_ID] => 3
    [ENTITY_ID] => 242852
    [STREET] => ул. Спортивная
    [BUILDING] => д. 23
    [POSTAL_CODE] => 678521
    [COUNTRY] => Россия
    [PROVINCE] => Респ. Саха /Якутия/
    [REGION] => у. Верхоянский
    [CITY] => с. Сайды
    [ADDRESS_2] => 
)

internalExecute:
Array
(
    [TYPE_ID] => 4
    [ENTITY_TYPE_ID] => 3
    [ENTITY_ID] => 242852
    [STREET] => ул. Спортивная
    [BUILDING] => д. 23
    [POSTAL_CODE] => 678521
    [COUNTRY] => Россия
    [PROVINCE] => Респ. Саха /Якутия/
    [REGION] => у. Верхоянский
    [CITY] => с. Сайды
    [ADDRESS_2] => 
)

internalExecute:
Array
(
    [TYPE_ID] => 1
    [ENTITY_TYPE_ID] => 3
    [ENTITY_ID] => 242852
    [STREET] => ул. Спортивная
    [BUILDING] => д. 23
    [POSTAL_CODE] => 678521
    [COUNTRY] => Россия
    [PROVINCE] => Респ. Саха /Якутия/
    [REGION] => у. Верхоянский
    [CITY] => с. Сайды
    [ADDRESS_2] => 
)

internalExecute:
Array
(
    [TYPE_ID] => 1
    [ENTITY_TYPE_ID] => 3
    [ENTITY_ID] => 242852
    [STREET] => ул. Спортивная
    [BUILDING] => д. 23
    [POSTAL_CODE] => 678521
    [COUNTRY] => Россия
    [PROVINCE] => Респ. Саха /Якутия/
    [REGION] => у. Верхоянский
    [CITY] => с. Сайды
    [ADDRESS_2] => 
)

internalExecute:
Array
(
    [TYPE_ID] => 4
    [ENTITY_TYPE_ID] => 3
    [ENTITY_ID] => 242853
    [STREET] => ул. Спортивная
    [BUILDING] => д. 23
    [POSTAL_CODE] => 678521
    [COUNTRY] => Россия
    [PROVINCE] => Респ. Саха /Якутия/
    [REGION] => у. Верхоянский
    [CITY] => с. Сайды
    [ADDRESS_2] => 
)

internalExecute:
Array
(
    [TYPE_ID] => 4
    [ENTITY_TYPE_ID] => 3
    [ENTITY_ID] => 242853
    [STREET] => ул. Спортивная
    [BUILDING] => д. 23
    [POSTAL_CODE] => 678521
    [COUNTRY] => Россия
    [PROVINCE] => Респ. Саха /Якутия/
    [REGION] => у. Верхоянский
    [CITY] => с. Сайды
    [ADDRESS_2] => 
)

internalExecute:
Array
(
    [TYPE_ID] => 4
    [ENTITY_TYPE_ID] => 3
    [ENTITY_ID] => 242873
    [STREET] => 450-летия
    [BUILDING] => 29
    [POSTAL_CODE] => 361503
    [COUNTRY] => Россия
    [PROVINCE] => Кабардино-Балкарская Республика
    [REGION] => Баксанский
    [CITY] => с.Баксаненок
    [ADDRESS_2] => 
)

internalExecute:
Array
(
    [TYPE_ID] => 4
    [ENTITY_TYPE_ID] => 3
    [ENTITY_ID] => 242873
    [STREET] => 450-летия
    [BUILDING] => 29
    [POSTAL_CODE] => 361503
    [COUNTRY] => Россия
    [PROVINCE] => Кабардино-Балкарская Республика
    [REGION] => Баксанский
    [CITY] => с.Баксаненок
    [ADDRESS_2] => 
)

internalExecute:
Array
(
    [TYPE_ID] => 1
    [ENTITY_TYPE_ID] => 3
    [ENTITY_ID] => 242873
    [STREET] => 450-летия
    [BUILDING] => 29
    [POSTAL_CODE] => 361503
    [COUNTRY] => Россия
    [PROVINCE] => Кабардино-Балкарская Республика
    [REGION] => Баксанский
    [CITY] => с.Баксаненок
    [ADDRESS_2] => 
)

internalExecute:
Array
(
    [TYPE_ID] => 1
    [ENTITY_TYPE_ID] => 3
    [ENTITY_ID] => 242873
    [STREET] => 450-летия
    [BUILDING] => 29
    [POSTAL_CODE] => 361503
    [COUNTRY] => Россия
    [PROVINCE] => Кабардино-Балкарская Республика
    [REGION] => Баксанский
    [CITY] => с.Баксаненок
    [ADDRESS_2] => 
)

internalExecute:
Array
(
    [TYPE_ID] => 4
    [ENTITY_TYPE_ID] => 3
    [ENTITY_ID] => 242874
    [STREET] => Березгова
    [BUILDING] => 290
    [POSTAL_CODE] => 361505
    [COUNTRY] => Россия
    [PROVINCE] => Кабардино-Балкарская Республика
    [REGION] => Баксанский
    [CITY] => с.Баксаненок
    [ADDRESS_2] => 
)

internalExecute:
Array
(
    [TYPE_ID] => 4
    [ENTITY_TYPE_ID] => 3
    [ENTITY_ID] => 242874
    [STREET] => Березгова
    [BUILDING] => 290
    [POSTAL_CODE] => 361505
    [COUNTRY] => Россия
    [PROVINCE] => Кабардино-Балкарская Республика
    [REGION] => Баксанский
    [CITY] => с.Баксаненок
    [ADDRESS_2] => 
)

internalExecute:
Array
(
    [TYPE_ID] => 1
    [ENTITY_TYPE_ID] => 3
    [ENTITY_ID] => 242874
    [STREET] => Березгова
    [BUILDING] => 290
    [POSTAL_CODE] => 361505
    [COUNTRY] => Россия
    [PROVINCE] => Кабардино-Балкарская Республика
    [REGION] => Баксанский
    [CITY] => с.Баксаненок
    [ADDRESS_2] => 
)

internalExecute:
Array
(
    [TYPE_ID] => 1
    [ENTITY_TYPE_ID] => 3
    [ENTITY_ID] => 242874
    [STREET] => Березгова
    [BUILDING] => 290
    [POSTAL_CODE] => 361505
    [COUNTRY] => Россия
    [PROVINCE] => Кабардино-Балкарская Республика
    [REGION] => Баксанский
    [CITY] => с.Баксаненок
    [ADDRESS_2] => 
)

internalExecute:
Array
(
    [TYPE_ID] => 4
    [ENTITY_TYPE_ID] => 3
    [ENTITY_ID] => 242875
    [STREET] => Безымянный
    [BUILDING] => 1
    [POSTAL_CODE] => 361505
    [COUNTRY] => Россия
    [PROVINCE] => Кабардино-Балкарская Республика
    [REGION] => Баксанский
    [CITY] => с.Баксаненок
    [ADDRESS_2] => 
)

internalExecute:
Array
(
    [TYPE_ID] => 4
    [ENTITY_TYPE_ID] => 3
    [ENTITY_ID] => 242875
    [STREET] => Безымянный
    [BUILDING] => 1
    [POSTAL_CODE] => 361505
    [COUNTRY] => Россия
    [PROVINCE] => Кабардино-Балкарская Республика
    [REGION] => Баксанский
    [CITY] => с.Баксаненок
    [ADDRESS_2] => 
)

internalExecute:
Array
(
    [TYPE_ID] => 1
    [ENTITY_TYPE_ID] => 3
    [ENTITY_ID] => 242875
    [STREET] => Безымянный
    [BUILDING] => 1
    [POSTAL_CODE] => 361505
    [COUNTRY] => Россия
    [PROVINCE] => Кабардино-Балкарская Республика
    [REGION] => Баксанский
    [CITY] => с.Баксаненок
    [ADDRESS_2] => 
)

internalExecute:
Array
(
    [TYPE_ID] => 1
    [ENTITY_TYPE_ID] => 3
    [ENTITY_ID] => 242875
    [STREET] => Безымянный
    [BUILDING] => 1
    [POSTAL_CODE] => 361505
    [COUNTRY] => Россия
    [PROVINCE] => Кабардино-Балкарская Республика
    [REGION] => Баксанский
    [CITY] => с.Баксаненок
    [ADDRESS_2] => 
)

internalExecute:
Array
(
    [TYPE_ID] => 4
    [ENTITY_TYPE_ID] => 3
    [ENTITY_ID] => 242888
    [STREET] => зелёная
    [BUILDING] => 6
    [POSTAL_CODE] => 
    [COUNTRY] => Россия
    [PROVINCE] => кемеровская область-кузбасс
    [REGION] => промышленновский
    [CITY] => д. ерёмино
    [ADDRESS_2] => 
)

internalExecute:
Array
(
    [TYPE_ID] => 4
    [ENTITY_TYPE_ID] => 3
    [ENTITY_ID] => 242888
    [STREET] => зелёная
    [BUILDING] => 6
    [POSTAL_CODE] => 
    [COUNTRY] => Россия
    [PROVINCE] => кемеровская область-кузбасс
    [REGION] => промышленновский
    [CITY] => д. ерёмино
    [ADDRESS_2] => 
)

internalExecute:
Array
(
    [TYPE_ID] => 1
    [ENTITY_TYPE_ID] => 3
    [ENTITY_ID] => 242888
    [STREET] => зелёная
    [BUILDING] => 6
    [POSTAL_CODE] => 
    [COUNTRY] => Россия
    [PROVINCE] => кемеровская область-кузбасс
    [REGION] => промышленновский
    [CITY] => д. ерёмино
    [ADDRESS_2] => 
)

internalExecute:
Array
(
    [TYPE_ID] => 1
    [ENTITY_TYPE_ID] => 3
    [ENTITY_ID] => 242888
    [STREET] => зелёная
    [BUILDING] => 6
    [POSTAL_CODE] => 
    [COUNTRY] => Россия
    [PROVINCE] => кемеровская область-кузбасс
    [REGION] => промышленновский
    [CITY] => д. ерёмино
    [ADDRESS_2] => 
)

internalExecute:
Array
(
    [TYPE_ID] => 4
    [ENTITY_TYPE_ID] => 3
    [ENTITY_ID] => 242889
    [STREET] => ул, тимирязева
    [BUILDING] => 16
    [POSTAL_CODE] => 
    [COUNTRY] => Россия
    [PROVINCE] => кемеровская область-кузбасс
    [REGION] => 
    [CITY] => г ленинск-кузнецкий
    [ADDRESS_2] => 
)

internalExecute:
Array
(
    [TYPE_ID] => 4
    [ENTITY_TYPE_ID] => 3
    [ENTITY_ID] => 242889
    [STREET] => ул, тимирязева
    [BUILDING] => 16
    [POSTAL_CODE] => 
    [COUNTRY] => Россия
    [PROVINCE] => кемеровская область-кузбасс
    [REGION] => 
    [CITY] => г ленинск-кузнецкий
    [ADDRESS_2] => 
)

internalExecute:
Array
(
    [TYPE_ID] => 1
    [ENTITY_TYPE_ID] => 4
    [ENTITY_ID] => 47579
    [STREET] => пр.Текстильщиков
    [BUILDING] => 14
    [POSTAL_CODE] => 
    [COUNTRY] => Россия
    [PROVINCE] => кемеровская область-Кузбасс
    [REGION] => 
    [CITY] => Ленинск-Кузнецкий
    [ADDRESS_2] => 210
)

internalExecute:
Array
(
    [TYPE_ID] => 1
    [ENTITY_TYPE_ID] => 4
    [ENTITY_ID] => 47579
    [STREET] => пр.Текстильщиков
    [BUILDING] => 14
    [POSTAL_CODE] => 
    [COUNTRY] => Россия
    [PROVINCE] => кемеровская область-Кузбасс
    [REGION] => 
    [CITY] => Ленинск-Кузнецкий
    [ADDRESS_2] => 210
)

internalExecute:
Array
(
    [TYPE_ID] => 4
    [ENTITY_TYPE_ID] => 3
    [ENTITY_ID] => 242952
    [STREET] => Цагова
    [BUILDING] => 1А
    [POSTAL_CODE] => 
    [COUNTRY] => Россия
    [PROVINCE] => Кабардино-Балкарская Республика
    [REGION] => г Баксан
    [CITY] => с Дыгулыбгей
    [ADDRESS_2] => 
)

internalExecute:
Array
(
    [TYPE_ID] => 4
    [ENTITY_TYPE_ID] => 3
    [ENTITY_ID] => 242952
    [STREET] => Цагова
    [BUILDING] => 1А
    [POSTAL_CODE] => 
    [COUNTRY] => Россия
    [PROVINCE] => Кабардино-Балкарская Республика
    [REGION] => г Баксан
    [CITY] => с Дыгулыбгей
    [ADDRESS_2] => 
)

internalExecute:
Array
(
    [TYPE_ID] => 1
    [ENTITY_TYPE_ID] => 3
    [ENTITY_ID] => 242952
    [STREET] => Пролетарская
    [BUILDING] => 73
    [POSTAL_CODE] => 
    [COUNTRY] => Россия
    [PROVINCE] => Кабардино-Балкарская Республика
    [REGION] => Баксанский район
    [CITY] => Жанхокко
    [ADDRESS_2] => 
)

internalExecute:
Array
(
    [TYPE_ID] => 1
    [ENTITY_TYPE_ID] => 3
    [ENTITY_ID] => 242952
    [STREET] => Пролетарская
    [BUILDING] => 73
    [POSTAL_CODE] => 
    [COUNTRY] => Россия
    [PROVINCE] => Кабардино-Балкарская Республика
    [REGION] => Баксанский район
    [CITY] => Жанхокко
    [ADDRESS_2] => 
)

internalExecute:
Array
(
    [TYPE_ID] => 4
    [ENTITY_TYPE_ID] => 3
    [ENTITY_ID] => 242953
    [STREET] => ул Пролетарская 
    [BUILDING] => 73
    [POSTAL_CODE] => 
    [COUNTRY] => Россия
    [PROVINCE] => Кабардино-Балкарская Республика
    [REGION] => Баксанский район
    [CITY] => с.п. Жанхотеко 
    [ADDRESS_2] => 
)

internalExecute:
Array
(
    [TYPE_ID] => 4
    [ENTITY_TYPE_ID] => 3
    [ENTITY_ID] => 242953
    [STREET] => ул Пролетарская 
    [BUILDING] => 73
    [POSTAL_CODE] => 
    [COUNTRY] => Россия
    [PROVINCE] => Кабардино-Балкарская Республика
    [REGION] => Баксанский район
    [CITY] => с.п. Жанхотеко 
    [ADDRESS_2] => 
)

internalExecute:
Array
(
    [TYPE_ID] => 1
    [ENTITY_TYPE_ID] => 3
    [ENTITY_ID] => 242953
    [STREET] => ул Пролетарская 
    [BUILDING] => 73
    [POSTAL_CODE] => 
    [COUNTRY] => Россия
    [PROVINCE] => Кабардино-Балкарская Республика
    [REGION] => Баксанский район
    [CITY] => с.п. Жанхотеко 
    [ADDRESS_2] => 
)

internalExecute:
Array
(
    [TYPE_ID] => 1
    [ENTITY_TYPE_ID] => 3
    [ENTITY_ID] => 242953
    [STREET] => ул Пролетарская 
    [BUILDING] => 73
    [POSTAL_CODE] => 
    [COUNTRY] => Россия
    [PROVINCE] => Кабардино-Балкарская Республика
    [REGION] => Баксанский район
    [CITY] => с.п. Жанхотеко 
    [ADDRESS_2] => 
)

internalExecute:
Array
(
    [TYPE_ID] => 4
    [ENTITY_TYPE_ID] => 3
    [ENTITY_ID] => 242964
    [STREET] => Родникова
    [BUILDING] => 2Б
    [POSTAL_CODE] => 633476
    [COUNTRY] => Россия
    [PROVINCE] => Новосибирская область
    [REGION] => Тогучинский
    [CITY] => посёлок Мирный
    [ADDRESS_2] => 
)

internalExecute:
Array
(
    [TYPE_ID] => 4
    [ENTITY_TYPE_ID] => 3
    [ENTITY_ID] => 242964
    [STREET] => Родникова
    [BUILDING] => 2Б
    [POSTAL_CODE] => 633476
    [COUNTRY] => Россия
    [PROVINCE] => Новосибирская область
    [REGION] => Тогучинский
    [CITY] => посёлок Мирный
    [ADDRESS_2] => 
)

internalExecute:
Array
(
    [TYPE_ID] => 1
    [ENTITY_TYPE_ID] => 3
    [ENTITY_ID] => 242964
    [STREET] => Родникова
    [BUILDING] => 2Б
    [POSTAL_CODE] => 633476
    [COUNTRY] => Россия
    [PROVINCE] => Новосибирская область
    [REGION] => Тогучинский
    [CITY] => посёлок Мирный
    [ADDRESS_2] => 
)

internalExecute:
Array
(
    [TYPE_ID] => 1
    [ENTITY_TYPE_ID] => 3
    [ENTITY_ID] => 242964
    [STREET] => Родникова
    [BUILDING] => 2Б
    [POSTAL_CODE] => 633476
    [COUNTRY] => Россия
    [PROVINCE] => Новосибирская область
    [REGION] => Тогучинский
    [CITY] => посёлок Мирный
    [ADDRESS_2] => 
)

internalExecute:
Array
(
    [TYPE_ID] => 4
    [ENTITY_TYPE_ID] => 3
    [ENTITY_ID] => 242965
    [STREET] => Лесхозная
    [BUILDING] => 8
    [POSTAL_CODE] => 633476
    [COUNTRY] => Россия
    [PROVINCE] => Новосибирская область
    [REGION] => Тогучинский
    [CITY] => посёлок Мирный
    [ADDRESS_2] => 2
)

internalExecute:
Array
(
    [TYPE_ID] => 4
    [ENTITY_TYPE_ID] => 3
    [ENTITY_ID] => 242965
    [STREET] => Лесхозная
    [BUILDING] => 8
    [POSTAL_CODE] => 633476
    [COUNTRY] => Россия
    [PROVINCE] => Новосибирская область
    [REGION] => Тогучинский
    [CITY] => посёлок Мирный
    [ADDRESS_2] => 2
)

internalExecute:
Array
(
    [TYPE_ID] => 1
    [ENTITY_TYPE_ID] => 3
    [ENTITY_ID] => 242965
    [STREET] => Лесхозная
    [BUILDING] => 8
    [POSTAL_CODE] => 633476
    [COUNTRY] => Россия
    [PROVINCE] => Новосибирская область
    [REGION] => Тогучинский
    [CITY] => посёлок Мирный
    [ADDRESS_2] => 2
)

internalExecute:
Array
(
    [TYPE_ID] => 1
    [ENTITY_TYPE_ID] => 3
    [ENTITY_ID] => 242965
    [STREET] => Лесхозная
    [BUILDING] => 8
    [POSTAL_CODE] => 633476
    [COUNTRY] => Россия
    [PROVINCE] => Новосибирская область
    [REGION] => Тогучинский
    [CITY] => посёлок Мирный
    [ADDRESS_2] => 2
)

internalExecute:
Array
(
    [TYPE_ID] => 4
    [ENTITY_TYPE_ID] => 3
    [ENTITY_ID] => 242979
    [STREET] => Молодежная 
    [BUILDING] => 13
    [POSTAL_CODE] => 678363
    [COUNTRY] => Россия
    [PROVINCE] => Республика Саха (Якутия)
    [REGION] => Усть-Алданский
    [CITY] => Балыктах
    [ADDRESS_2] => 
)

internalExecute:
Array
(
    [TYPE_ID] => 4
    [ENTITY_TYPE_ID] => 3
    [ENTITY_ID] => 242979
    [STREET] => Молодежная 
    [BUILDING] => 13
    [POSTAL_CODE] => 678363
    [COUNTRY] => Россия
    [PROVINCE] => Республика Саха (Якутия)
    [REGION] => Усть-Алданский
    [CITY] => Балыктах
    [ADDRESS_2] => 
)

internalExecute:
Array
(
    [TYPE_ID] => 1
    [ENTITY_TYPE_ID] => 3
    [ENTITY_ID] => 242979
    [STREET] => Петра Алексеева
    [BUILDING] => 72
    [POSTAL_CODE] => 677005
    [COUNTRY] => Россия
    [PROVINCE] => Республика Саха (Якутия)
    [REGION] => г.Якутск
    [CITY] => 
    [ADDRESS_2] => 100
)

internalExecute:
Array
(
    [TYPE_ID] => 1
    [ENTITY_TYPE_ID] => 3
    [ENTITY_ID] => 242979
    [STREET] => Петра Алексеева
    [BUILDING] => 72
    [POSTAL_CODE] => 677005
    [COUNTRY] => Россия
    [PROVINCE] => Республика Саха (Якутия)
    [REGION] => г.Якутск
    [CITY] => 
    [ADDRESS_2] => 100
)

internalExecute:
Array
(
    [TYPE_ID] => 4
    [ENTITY_TYPE_ID] => 3
    [ENTITY_ID] => 242980
    [STREET] => Советская 
    [BUILDING] => 17
    [POSTAL_CODE] => 
    [COUNTRY] => Россия
    [PROVINCE] => Республика Саха (Якутия)
    [REGION] => Верхневилюйский
    [CITY] => Хоро
    [ADDRESS_2] => 
)

internalExecute:
Array
(
    [TYPE_ID] => 4
    [ENTITY_TYPE_ID] => 3
    [ENTITY_ID] => 242980
    [STREET] => Советская 
    [BUILDING] => 17
    [POSTAL_CODE] => 
    [COUNTRY] => Россия
    [PROVINCE] => Республика Саха (Якутия)
    [REGION] => Верхневилюйский
    [CITY] => Хоро
    [ADDRESS_2] => 
)

internalExecute:
Array
(
    [TYPE_ID] => 1
    [ENTITY_TYPE_ID] => 3
    [ENTITY_ID] => 242980
    [STREET] => Петра Алексеева 
    [BUILDING] => 72
    [POSTAL_CODE] => 677005
    [COUNTRY] => Россия
    [PROVINCE] => Республика Саха (Якутия)
    [REGION] => 
    [CITY] => г.Якутск
    [ADDRESS_2] => 100
)

internalExecute:
Array
(
    [TYPE_ID] => 1
    [ENTITY_TYPE_ID] => 3
    [ENTITY_ID] => 242980
    [STREET] => Петра Алексеева 
    [BUILDING] => 72
    [POSTAL_CODE] => 677005
    [COUNTRY] => Россия
    [PROVINCE] => Республика Саха (Якутия)
    [REGION] => 
    [CITY] => г.Якутск
    [ADDRESS_2] => 100
)

internalExecute:
Array
(
    [TYPE_ID] => 4
    [ENTITY_TYPE_ID] => 3
    [ENTITY_ID] => 242981
    [STREET] => Молодежная 
    [BUILDING] => 13
    [POSTAL_CODE] => 678363
    [COUNTRY] => Россия
    [PROVINCE] => Республика Саха (Якутия)
    [REGION] => Усть-Алданский
    [CITY] => Балыктах
    [ADDRESS_2] => 
)

internalExecute:
Array
(
    [TYPE_ID] => 4
    [ENTITY_TYPE_ID] => 3
    [ENTITY_ID] => 242981
    [STREET] => Молодежная 
    [BUILDING] => 13
    [POSTAL_CODE] => 678363
    [COUNTRY] => Россия
    [PROVINCE] => Республика Саха (Якутия)
    [REGION] => Усть-Алданский
    [CITY] => Балыктах
    [ADDRESS_2] => 
)

internalExecute:
Array
(
    [TYPE_ID] => 1
    [ENTITY_TYPE_ID] => 3
    [ENTITY_ID] => 242981
    [STREET] => Ивана Крафта
    [BUILDING] => 126/6
    [POSTAL_CODE] => 677007
    [COUNTRY] => Россия
    [PROVINCE] => Республика Саха (Якутия)
    [REGION] => г.Якутск
    [CITY] => 
    [ADDRESS_2] => 
)

internalExecute:
Array
(
    [TYPE_ID] => 1
    [ENTITY_TYPE_ID] => 3
    [ENTITY_ID] => 242981
    [STREET] => Ивана Крафта
    [BUILDING] => 126/6
    [POSTAL_CODE] => 677007
    [COUNTRY] => Россия
    [PROVINCE] => Республика Саха (Якутия)
    [REGION] => г.Якутск
    [CITY] => 
    [ADDRESS_2] => 
)

internalExecute:
Array
(
    [TYPE_ID] => 4
    [ENTITY_TYPE_ID] => 3
    [ENTITY_ID] => 243047
    [STREET] => Спортивный пер
    [BUILDING] => 2
    [POSTAL_CODE] => 369201
    [COUNTRY] => Россия
    [PROVINCE] => Карачаево-Черкесская Респ
    [REGION] => 
    [CITY] => г Карачаевск
    [ADDRESS_2] => 9
)

internalExecute:
Array
(
    [TYPE_ID] => 4
    [ENTITY_TYPE_ID] => 3
    [ENTITY_ID] => 243047
    [STREET] => Спортивный пер
    [BUILDING] => 2
    [POSTAL_CODE] => 369201
    [COUNTRY] => Россия
    [PROVINCE] => Карачаево-Черкесская Респ
    [REGION] => 
    [CITY] => г Карачаевск
    [ADDRESS_2] => 9
)

internalExecute:
Array
(
    [TYPE_ID] => 1
    [ENTITY_TYPE_ID] => 3
    [ENTITY_ID] => 243047
    [STREET] => Спортивный пер
    [BUILDING] => 2
    [POSTAL_CODE] => 369201
    [COUNTRY] => Россия
    [PROVINCE] => Карачаево-Черкесская Респ
    [REGION] => 
    [CITY] => г Карачаевск
    [ADDRESS_2] => 9
)

internalExecute:
Array
(
    [TYPE_ID] => 1
    [ENTITY_TYPE_ID] => 3
    [ENTITY_ID] => 243047
    [STREET] => Спортивный пер
    [BUILDING] => 2
    [POSTAL_CODE] => 369201
    [COUNTRY] => Россия
    [PROVINCE] => Карачаево-Черкесская Респ
    [REGION] => 
    [CITY] => г Карачаевск
    [ADDRESS_2] => 9
)

internalExecute:
Array
(
    [TYPE_ID] => 4
    [ENTITY_TYPE_ID] => 3
    [ENTITY_ID] => 243048
    [STREET] => Ленина ул
    [BUILDING] => д 88
    [POSTAL_CODE] => 369204
    [COUNTRY] => Россия
    [PROVINCE] => Карачаево-Черкесская Респ
    [REGION] => 
    [CITY] => г Карачаевск
    [ADDRESS_2] => 
)

internalExecute:
Array
(
    [TYPE_ID] => 4
    [ENTITY_TYPE_ID] => 3
    [ENTITY_ID] => 243048
    [STREET] => Ленина ул
    [BUILDING] => д 88
    [POSTAL_CODE] => 369204
    [COUNTRY] => Россия
    [PROVINCE] => Карачаево-Черкесская Респ
    [REGION] => 
    [CITY] => г Карачаевск
    [ADDRESS_2] => 
)

internalExecute:
Array
(
    [TYPE_ID] => 4
    [ENTITY_TYPE_ID] => 3
    [ENTITY_ID] => 243070
    [STREET] => Горького
    [BUILDING] => 1В
    [POSTAL_CODE] => 664540
    [COUNTRY] => Россия
    [PROVINCE] => Иркутская область
    [REGION] => Иркутский р-н
    [CITY] => с.Хомутово
    [ADDRESS_2] => 
)

internalExecute:
Array
(
    [TYPE_ID] => 4
    [ENTITY_TYPE_ID] => 3
    [ENTITY_ID] => 243070
    [STREET] => Горького
    [BUILDING] => 1В
    [POSTAL_CODE] => 664540
    [COUNTRY] => Россия
    [PROVINCE] => Иркутская область
    [REGION] => Иркутский р-н
    [CITY] => с.Хомутово
    [ADDRESS_2] => 
)

internalExecute:
Array
(
    [TYPE_ID] => 1
    [ENTITY_TYPE_ID] => 3
    [ENTITY_ID] => 243070
    [STREET] => Горького
    [BUILDING] => 1В
    [POSTAL_CODE] => 664540
    [COUNTRY] => Россия
    [PROVINCE] => Иркутская область
    [REGION] => Иркутский р-н
    [CITY] => с.Хомутово
    [ADDRESS_2] => 
)

internalExecute:
Array
(
    [TYPE_ID] => 1
    [ENTITY_TYPE_ID] => 3
    [ENTITY_ID] => 243070
    [STREET] => Горького
    [BUILDING] => 1В
    [POSTAL_CODE] => 664540
    [COUNTRY] => Россия
    [PROVINCE] => Иркутская область
    [REGION] => Иркутский р-н
    [CITY] => с.Хомутово
    [ADDRESS_2] => 
)

internalExecute:
Array
(
    [TYPE_ID] => 4
    [ENTITY_TYPE_ID] => 3
    [ENTITY_ID] => 243071
    [STREET] => Сибирская
    [BUILDING] => 2
    [POSTAL_CODE] => 664544
    [COUNTRY] => Россия
    [PROVINCE] => Иркутская область 
    [REGION] => Усольский район
    [CITY] => п.  Мишелевка
    [ADDRESS_2] => 102
)

internalExecute:
Array
(
    [TYPE_ID] => 4
    [ENTITY_TYPE_ID] => 3
    [ENTITY_ID] => 243071
    [STREET] => Сибирская
    [BUILDING] => 2
    [POSTAL_CODE] => 664544
    [COUNTRY] => Россия
    [PROVINCE] => Иркутская область 
    [REGION] => Усольский район
    [CITY] => п.  Мишелевка
    [ADDRESS_2] => 102
)

internalExecute:
Array
(
    [TYPE_ID] => 1
    [ENTITY_TYPE_ID] => 4
    [ENTITY_ID] => 49693
    [STREET] => Ахохова ул
    [BUILDING] => 167 д
    [POSTAL_CODE] => 
    [COUNTRY] => 
    [PROVINCE] => Кабардино-Балкарская Респ
    [REGION] => 
    [CITY] => Нальчик
    [ADDRESS_2] => 3эт 4 кабинет
)

internalExecute:
Array
(
    [TYPE_ID] => 1
    [ENTITY_TYPE_ID] => 4
    [ENTITY_ID] => 49693
    [STREET] => Ахохова ул
    [BUILDING] => 167 д
    [POSTAL_CODE] => 
    [COUNTRY] => 
    [PROVINCE] => Кабардино-Балкарская Респ
    [REGION] => 
    [CITY] => Нальчик
    [ADDRESS_2] => 3эт 4 кабинет
)

internalExecute:
Array
(
    [TYPE_ID] => 4
    [ENTITY_TYPE_ID] => 3
    [ENTITY_ID] => 243199
    [STREET] => Центральная
    [BUILDING] => 75
    [POSTAL_CODE] => 452040
    [COUNTRY] => Россия
    [PROVINCE] => Республика Башкортостан
    [REGION] => Бижбулякский
    [CITY] => с.Бижбуляк
    [ADDRESS_2] => 1
)

internalExecute:
Array
(
    [TYPE_ID] => 4
    [ENTITY_TYPE_ID] => 3
    [ENTITY_ID] => 243199
    [STREET] => Центральная
    [BUILDING] => 75
    [POSTAL_CODE] => 452040
    [COUNTRY] => Россия
    [PROVINCE] => Республика Башкортостан
    [REGION] => Бижбулякский
    [CITY] => с.Бижбуляк
    [ADDRESS_2] => 1
)

internalExecute:
Array
(
    [TYPE_ID] => 1
    [ENTITY_TYPE_ID] => 3
    [ENTITY_ID] => 243199
    [STREET] => Центральная
    [BUILDING] => 75
    [POSTAL_CODE] => 452040
    [COUNTRY] => Россия
    [PROVINCE] => Республика Башкортостан
    [REGION] => Бижбулякский
    [CITY] => с.Бижбуляк
    [ADDRESS_2] => 1
)

internalExecute:
Array
(
    [TYPE_ID] => 1
    [ENTITY_TYPE_ID] => 3
    [ENTITY_ID] => 243199
    [STREET] => Центральная
    [BUILDING] => 75
    [POSTAL_CODE] => 452040
    [COUNTRY] => Россия
    [PROVINCE] => Республика Башкортостан
    [REGION] => Бижбулякский
    [CITY] => с.Бижбуляк
    [ADDRESS_2] => 1
)

internalExecute:
Array
(
    [TYPE_ID] => 4
    [ENTITY_TYPE_ID] => 3
    [ENTITY_ID] => 243200
    [STREET] => Советская
    [BUILDING] => 7
    [POSTAL_CODE] => 452031
    [COUNTRY] => Россия
    [PROVINCE] => Республика Башкортостан
    [REGION] => Белебеевский
    [CITY] => с.Баженово
    [ADDRESS_2] => 11
)

internalExecute:
Array
(
    [TYPE_ID] => 4
    [ENTITY_TYPE_ID] => 3
    [ENTITY_ID] => 243200
    [STREET] => Советская
    [BUILDING] => 7
    [POSTAL_CODE] => 452031
    [COUNTRY] => Россия
    [PROVINCE] => Республика Башкортостан
    [REGION] => Белебеевский
    [CITY] => с.Баженово
    [ADDRESS_2] => 11
)

internalExecute:
Array
(
    [TYPE_ID] => 4
    [ENTITY_TYPE_ID] => 3
    [ENTITY_ID] => 243201
    [STREET] => Советская
    [BUILDING] => 7
    [POSTAL_CODE] => 452031
    [COUNTRY] => Россия
    [PROVINCE] => Республика Башкортостан
    [REGION] => Белебеевский
    [CITY] => с.Баженово
    [ADDRESS_2] => 11
)

internalExecute:
Array
(
    [TYPE_ID] => 4
    [ENTITY_TYPE_ID] => 3
    [ENTITY_ID] => 243201
    [STREET] => Советская
    [BUILDING] => 7
    [POSTAL_CODE] => 452031
    [COUNTRY] => Россия
    [PROVINCE] => Республика Башкортостан
    [REGION] => Белебеевский
    [CITY] => с.Баженово
    [ADDRESS_2] => 11
)

internalExecute:
Array
(
    [TYPE_ID] => 4
    [ENTITY_TYPE_ID] => 3
    [ENTITY_ID] => 243202
    [STREET] => пер.Молодой
    [BUILDING] => 12 б
    [POSTAL_CODE] => 450900
    [COUNTRY] => Россия
    [PROVINCE] => Республика Башкортостан
    [REGION] => Кировский район 
    [CITY] => г. Уфа
    [ADDRESS_2] => 
)

internalExecute:
Array
(
    [TYPE_ID] => 4
    [ENTITY_TYPE_ID] => 3
    [ENTITY_ID] => 243202
    [STREET] => пер.Молодой
    [BUILDING] => 12 б
    [POSTAL_CODE] => 450900
    [COUNTRY] => Россия
    [PROVINCE] => Республика Башкортостан
    [REGION] => Кировский район 
    [CITY] => г. Уфа
    [ADDRESS_2] => 
)

internalExecute:
Array
(
    [TYPE_ID] => 1
    [ENTITY_TYPE_ID] => 4
    [ENTITY_ID] => 390
    [STREET] => Строителей
    [BUILDING] => 6
    [POSTAL_CODE] => 
    [COUNTRY] => Россия
    [PROVINCE] => Свердловская область
    [REGION] => 
    [CITY] => Кушва
    [ADDRESS_2] => (вход через Мегафон)
)

internalExecute:
Array
(
    [TYPE_ID] => 1
    [ENTITY_TYPE_ID] => 4
    [ENTITY_ID] => 390
    [STREET] => Строителей
    [BUILDING] => 6
    [POSTAL_CODE] => 
    [COUNTRY] => Россия
    [PROVINCE] => Свердловская область
    [REGION] => 
    [CITY] => Кушва
    [ADDRESS_2] => (вход через Мегафон)
)

internalExecute:
Array
(
    [TYPE_ID] => 4
    [ENTITY_TYPE_ID] => 3
    [ENTITY_ID] => 243271
    [STREET] => Есенина
    [BUILDING] => 30
    [POSTAL_CODE] => 653050
    [COUNTRY] => Россия
    [PROVINCE] => Кемеровская область
    [REGION] => 
    [CITY] => гор. Прокопьевск
    [ADDRESS_2] => 25
)

internalExecute:
Array
(
    [TYPE_ID] => 4
    [ENTITY_TYPE_ID] => 3
    [ENTITY_ID] => 243271
    [STREET] => Есенина
    [BUILDING] => 30
    [POSTAL_CODE] => 653050
    [COUNTRY] => Россия
    [PROVINCE] => Кемеровская область
    [REGION] => 
    [CITY] => гор. Прокопьевск
    [ADDRESS_2] => 25
)

internalExecute:
Array
(
    [TYPE_ID] => 1
    [ENTITY_TYPE_ID] => 3
    [ENTITY_ID] => 243271
    [STREET] => Есенина
    [BUILDING] => 30
    [POSTAL_CODE] => 653050
    [COUNTRY] => Россия
    [PROVINCE] => Кемеровская область
    [REGION] => 
    [CITY] => гор. Прокопьевск
    [ADDRESS_2] => 25
)

internalExecute:
Array
(
    [TYPE_ID] => 1
    [ENTITY_TYPE_ID] => 3
    [ENTITY_ID] => 243271
    [STREET] => Есенина
    [BUILDING] => 30
    [POSTAL_CODE] => 653050
    [COUNTRY] => Россия
    [PROVINCE] => Кемеровская область
    [REGION] => 
    [CITY] => гор. Прокопьевск
    [ADDRESS_2] => 25
)

internalExecute:
Array
(
    [TYPE_ID] => 4
    [ENTITY_TYPE_ID] => 3
    [ENTITY_ID] => 243272
    [STREET] => Гайдара
    [BUILDING] => 54
    [POSTAL_CODE] => 653050
    [COUNTRY] => Россия
    [PROVINCE] => Кемеровская область
    [REGION] => 
    [CITY] => гор. Прокопьевск
    [ADDRESS_2] => 6
)

internalExecute:
Array
(
    [TYPE_ID] => 4
    [ENTITY_TYPE_ID] => 3
    [ENTITY_ID] => 243272
    [STREET] => Гайдара
    [BUILDING] => 54
    [POSTAL_CODE] => 653050
    [COUNTRY] => Россия
    [PROVINCE] => Кемеровская область
    [REGION] => 
    [CITY] => гор. Прокопьевск
    [ADDRESS_2] => 6
)

internalExecute:
Array
(
    [TYPE_ID] => 1
    [ENTITY_TYPE_ID] => 4
    [ENTITY_ID] => 49766
    [STREET] => Нахибашева
    [BUILDING] => 10
    [POSTAL_CODE] => 
    [COUNTRY] => Россия
    [PROVINCE] => Республика Дагестан
    [REGION] => Гергебильский
    [CITY] => село Гергебиль
    [ADDRESS_2] => 
)

internalExecute:
Array
(
    [TYPE_ID] => 1
    [ENTITY_TYPE_ID] => 4
    [ENTITY_ID] => 49766
    [STREET] => Нахибашева
    [BUILDING] => 10
    [POSTAL_CODE] => 
    [COUNTRY] => Россия
    [PROVINCE] => Республика Дагестан
    [REGION] => Гергебильский
    [CITY] => село Гергебиль
    [ADDRESS_2] => 
)

internalExecute:
Array
(
    [TYPE_ID] => 1
    [ENTITY_TYPE_ID] => 4
    [ENTITY_ID] => 49767
    [STREET] => Орджоникидзе
    [BUILDING] => 1
    [POSTAL_CODE] => 
    [COUNTRY] => Россия
    [PROVINCE] => Республика Дагестан
    [REGION] => 
    [CITY] => Каспийск
    [ADDRESS_2] => 
)

internalExecute:
Array
(
    [TYPE_ID] => 1
    [ENTITY_TYPE_ID] => 4
    [ENTITY_ID] => 49767
    [STREET] => Орджоникидзе
    [BUILDING] => 1
    [POSTAL_CODE] => 
    [COUNTRY] => Россия
    [PROVINCE] => Республика Дагестан
    [REGION] => 
    [CITY] => Каспийск
    [ADDRESS_2] => 
)

internalExecute:
Array
(
    [TYPE_ID] => 1
    [ENTITY_TYPE_ID] => 4
    [ENTITY_ID] => 49768
    [STREET] => Ахмада Хаджи Кадырова
    [BUILDING] => 10
    [POSTAL_CODE] => 
    [COUNTRY] => Россия
    [PROVINCE] => Республика Дагестан
    [REGION] => 
    [CITY] => Махачкала
    [ADDRESS_2] => 7-8
)

internalExecute:
Array
(
    [TYPE_ID] => 1
    [ENTITY_TYPE_ID] => 4
    [ENTITY_ID] => 49768
    [STREET] => Ахмада Хаджи Кадырова
    [BUILDING] => 10
    [POSTAL_CODE] => 
    [COUNTRY] => Россия
    [PROVINCE] => Республика Дагестан
    [REGION] => 
    [CITY] => Махачкала
    [ADDRESS_2] => 7-8
)

internalExecute:
Array
(
    [TYPE_ID] => 4
    [ENTITY_TYPE_ID] => 3
    [ENTITY_ID] => 243296
    [STREET] => зеленая
    [BUILDING] => 6
    [POSTAL_CODE] => 
    [COUNTRY] => Россия
    [PROVINCE] => кемеровская область-кузбасс
    [REGION] => промышленновский
    [CITY] => д ерёмино
    [ADDRESS_2] => 
)

internalExecute:
Array
(
    [TYPE_ID] => 4
    [ENTITY_TYPE_ID] => 3
    [ENTITY_ID] => 243296
    [STREET] => зеленая
    [BUILDING] => 6
    [POSTAL_CODE] => 
    [COUNTRY] => Россия
    [PROVINCE] => кемеровская область-кузбасс
    [REGION] => промышленновский
    [CITY] => д ерёмино
    [ADDRESS_2] => 
)

internalExecute:
Array
(
    [TYPE_ID] => 1
    [ENTITY_TYPE_ID] => 3
    [ENTITY_ID] => 243296
    [STREET] => зеленая
    [BUILDING] => 6
    [POSTAL_CODE] => 
    [COUNTRY] => Россия
    [PROVINCE] => кемеровская область-кузбасс
    [REGION] => промышленновский
    [CITY] => д ерёмино
    [ADDRESS_2] => 
)

internalExecute:
Array
(
    [TYPE_ID] => 1
    [ENTITY_TYPE_ID] => 3
    [ENTITY_ID] => 243296
    [STREET] => зеленая
    [BUILDING] => 6
    [POSTAL_CODE] => 
    [COUNTRY] => Россия
    [PROVINCE] => кемеровская область-кузбасс
    [REGION] => промышленновский
    [CITY] => д ерёмино
    [ADDRESS_2] => 
)

internalExecute:
Array
(
    [TYPE_ID] => 4
    [ENTITY_TYPE_ID] => 3
    [ENTITY_ID] => 243297
    [STREET] => федотова
    [BUILDING] => 19
    [POSTAL_CODE] => 
    [COUNTRY] => Россия
    [PROVINCE] => кемеровская область-кузбасс
    [REGION] => 
    [CITY] => г ленинск-кузнецкий
    [ADDRESS_2] => 
)

internalExecute:
Array
(
    [TYPE_ID] => 4
    [ENTITY_TYPE_ID] => 3
    [ENTITY_ID] => 243297
    [STREET] => федотова
    [BUILDING] => 19
    [POSTAL_CODE] => 
    [COUNTRY] => Россия
    [PROVINCE] => кемеровская область-кузбасс
    [REGION] => 
    [CITY] => г ленинск-кузнецкий
    [ADDRESS_2] => 
)

internalExecute:
Array
(
    [TYPE_ID] => 4
    [ENTITY_TYPE_ID] => 3
    [ENTITY_ID] => 243310
    [STREET] => Спортивный пер
    [BUILDING] => 2
    [POSTAL_CODE] => 369201
    [COUNTRY] => Россия
    [PROVINCE] => Карачаево-Черкесская Респ
    [REGION] => 
    [CITY] => г Карачаевск
    [ADDRESS_2] => 9
)

internalExecute:
Array
(
    [TYPE_ID] => 4
    [ENTITY_TYPE_ID] => 3
    [ENTITY_ID] => 243310
    [STREET] => Спортивный пер
    [BUILDING] => 2
    [POSTAL_CODE] => 369201
    [COUNTRY] => Россия
    [PROVINCE] => Карачаево-Черкесская Респ
    [REGION] => 
    [CITY] => г Карачаевск
    [ADDRESS_2] => 9
)

internalExecute:
Array
(
    [TYPE_ID] => 1
    [ENTITY_TYPE_ID] => 3
    [ENTITY_ID] => 243310
    [STREET] => Спортивный пер
    [BUILDING] => 2
    [POSTAL_CODE] => 369201
    [COUNTRY] => Россия
    [PROVINCE] => Карачаево-Черкесская Респ
    [REGION] => 
    [CITY] => г Карачаевск
    [ADDRESS_2] => 9
)

internalExecute:
Array
(
    [TYPE_ID] => 1
    [ENTITY_TYPE_ID] => 3
    [ENTITY_ID] => 243310
    [STREET] => Спортивный пер
    [BUILDING] => 2
    [POSTAL_CODE] => 369201
    [COUNTRY] => Россия
    [PROVINCE] => Карачаево-Черкесская Респ
    [REGION] => 
    [CITY] => г Карачаевск
    [ADDRESS_2] => 9
)

internalExecute:
Array
(
    [TYPE_ID] => 4
    [ENTITY_TYPE_ID] => 3
    [ENTITY_ID] => 243311
    [STREET] => Ленина ул
    [BUILDING] => 88
    [POSTAL_CODE] => 369204
    [COUNTRY] => Россия
    [PROVINCE] => Карачаево-Черкесская Респ
    [REGION] => 
    [CITY] => г Карачаевск
    [ADDRESS_2] => 
)

internalExecute:
Array
(
    [TYPE_ID] => 4
    [ENTITY_TYPE_ID] => 3
    [ENTITY_ID] => 243311
    [STREET] => Ленина ул
    [BUILDING] => 88
    [POSTAL_CODE] => 369204
    [COUNTRY] => Россия
    [PROVINCE] => Карачаево-Черкесская Респ
    [REGION] => 
    [CITY] => г Карачаевск
    [ADDRESS_2] => 
)

internalExecute:
Array
(
    [TYPE_ID] => 4
    [ENTITY_TYPE_ID] => 3
    [ENTITY_ID] => 243318
    [STREET] => Рабочая
    [BUILDING] => 72
    [POSTAL_CODE] => 652381
    [COUNTRY] => Россия
    [PROVINCE] => Кемеровская область – Кузбасс
    [REGION] => Промышленновский
    [CITY] => Пгт. Промышленная
    [ADDRESS_2] => 
)

internalExecute:
Array
(
    [TYPE_ID] => 4
    [ENTITY_TYPE_ID] => 3
    [ENTITY_ID] => 243318
    [STREET] => Рабочая
    [BUILDING] => 72
    [POSTAL_CODE] => 652381
    [COUNTRY] => Россия
    [PROVINCE] => Кемеровская область – Кузбасс
    [REGION] => Промышленновский
    [CITY] => Пгт. Промышленная
    [ADDRESS_2] => 
)

internalExecute:
Array
(
    [TYPE_ID] => 1
    [ENTITY_TYPE_ID] => 3
    [ENTITY_ID] => 243318
    [STREET] => Береговая
    [BUILDING] => 2б
    [POSTAL_CODE] => 652385
    [COUNTRY] => Россия
    [PROVINCE] => Кемеровская область – Кузбасс
    [REGION] => Промышленновский
    [CITY] => с. Морозово
    [ADDRESS_2] => 2
)

internalExecute:
Array
(
    [TYPE_ID] => 1
    [ENTITY_TYPE_ID] => 3
    [ENTITY_ID] => 243318
    [STREET] => Береговая
    [BUILDING] => 2б
    [POSTAL_CODE] => 652385
    [COUNTRY] => Россия
    [PROVINCE] => Кемеровская область – Кузбасс
    [REGION] => Промышленновский
    [CITY] => с. Морозово
    [ADDRESS_2] => 2
)

internalExecute:
Array
(
    [TYPE_ID] => 4
    [ENTITY_TYPE_ID] => 3
    [ENTITY_ID] => 243319
    [STREET] => пер. Инской
    [BUILDING] => 4
    [POSTAL_CODE] => 652381
    [COUNTRY] => Россия
    [PROVINCE] => Кемеровская область
    [REGION] => Промышленновский
    [CITY] => пгт. Промышленная
    [ADDRESS_2] => 
)

internalExecute:
Array
(
    [TYPE_ID] => 4
    [ENTITY_TYPE_ID] => 3
    [ENTITY_ID] => 243319
    [STREET] => пер. Инской
    [BUILDING] => 4
    [POSTAL_CODE] => 652381
    [COUNTRY] => Россия
    [PROVINCE] => Кемеровская область
    [REGION] => Промышленновский
    [CITY] => пгт. Промышленная
    [ADDRESS_2] => 
)

internalExecute:
Array
(
    [TYPE_ID] => 1
    [ENTITY_TYPE_ID] => 4
    [ENTITY_ID] => 49782
    [STREET] => Водопьянова ул
    [BUILDING] => 21 д
    [POSTAL_CODE] => 
    [COUNTRY] => 
    [PROVINCE] => Липецкая обл
    [REGION] => 
    [CITY] => Липецк г
    [ADDRESS_2] => «Дом Художника», 2 этаж, офис 207
)

internalExecute:
Array
(
    [TYPE_ID] => 1
    [ENTITY_TYPE_ID] => 4
    [ENTITY_ID] => 49782
    [STREET] => Водопьянова ул
    [BUILDING] => 21 д
    [POSTAL_CODE] => 
    [COUNTRY] => 
    [PROVINCE] => Липецкая обл
    [REGION] => 
    [CITY] => Липецк г
    [ADDRESS_2] => «Дом Художника», 2 этаж, офис 207
)

internalExecute:
Array
(
    [TYPE_ID] => 4
    [ENTITY_TYPE_ID] => 3
    [ENTITY_ID] => 243342
    [STREET] => Ломоносова
    [BUILDING] => 10
    [POSTAL_CODE] => 
    [COUNTRY] => Россия
    [PROVINCE] => Ставропольский край
    [REGION] => 
    [CITY] => г Кисловодск
    [ADDRESS_2] => 
)

internalExecute:
Array
(
    [TYPE_ID] => 4
    [ENTITY_TYPE_ID] => 3
    [ENTITY_ID] => 243342
    [STREET] => Ломоносова
    [BUILDING] => 10
    [POSTAL_CODE] => 
    [COUNTRY] => Россия
    [PROVINCE] => Ставропольский край
    [REGION] => 
    [CITY] => г Кисловодск
    [ADDRESS_2] => 
)

internalExecute:
Array
(
    [TYPE_ID] => 1
    [ENTITY_TYPE_ID] => 3
    [ENTITY_ID] => 243342
    [STREET] => Ломоносова
    [BUILDING] => 10
    [POSTAL_CODE] => 
    [COUNTRY] => Россия
    [PROVINCE] => Ставропольский край
    [REGION] => 
    [CITY] => г Кисловодск
    [ADDRESS_2] => 
)

internalExecute:
Array
(
    [TYPE_ID] => 1
    [ENTITY_TYPE_ID] => 3
    [ENTITY_ID] => 243342
    [STREET] => Ломоносова
    [BUILDING] => 10
    [POSTAL_CODE] => 
    [COUNTRY] => Россия
    [PROVINCE] => Ставропольский край
    [REGION] => 
    [CITY] => г Кисловодск
    [ADDRESS_2] => 
)

internalExecute:
Array
(
    [TYPE_ID] => 4
    [ENTITY_TYPE_ID] => 3
    [ENTITY_ID] => 243343
    [STREET] => ул Ломоносова
    [BUILDING] => 10
    [POSTAL_CODE] => 
    [COUNTRY] => Россия
    [PROVINCE] => Ставропольский край
    [REGION] => г Кисловодск
    [CITY] => 
    [ADDRESS_2] => 
)

internalExecute:
Array
(
    [TYPE_ID] => 4
    [ENTITY_TYPE_ID] => 3
    [ENTITY_ID] => 243343
    [STREET] => ул Ломоносова
    [BUILDING] => 10
    [POSTAL_CODE] => 
    [COUNTRY] => Россия
    [PROVINCE] => Ставропольский край
    [REGION] => г Кисловодск
    [CITY] => 
    [ADDRESS_2] => 
)

internalExecute:
Array
(
    [TYPE_ID] => 1
    [ENTITY_TYPE_ID] => 3
    [ENTITY_ID] => 243343
    [STREET] => ул Ломоносова
    [BUILDING] => 10
    [POSTAL_CODE] => 
    [COUNTRY] => Россия
    [PROVINCE] => Ставропольский край
    [REGION] => г Кисловодск
    [CITY] => 
    [ADDRESS_2] => 
)

internalExecute:
Array
(
    [TYPE_ID] => 1
    [ENTITY_TYPE_ID] => 3
    [ENTITY_ID] => 243343
    [STREET] => ул Ломоносова
    [BUILDING] => 10
    [POSTAL_CODE] => 
    [COUNTRY] => Россия
    [PROVINCE] => Ставропольский край
    [REGION] => г Кисловодск
    [CITY] => 
    [ADDRESS_2] => 
)

internalExecute:
Array
(
    [TYPE_ID] => 4
    [ENTITY_TYPE_ID] => 3
    [ENTITY_ID] => 243345
    [STREET] => улица Куашева
    [BUILDING] => 12-а
    [POSTAL_CODE] => 361324
    [COUNTRY] => Россия
    [PROVINCE] => Кабардино-Балкарская Республика
    [REGION] => Урванский район
    [CITY] => село Старый Черек
    [ADDRESS_2] => 
)

internalExecute:
Array
(
    [TYPE_ID] => 4
    [ENTITY_TYPE_ID] => 3
    [ENTITY_ID] => 243345
    [STREET] => улица Куашева
    [BUILDING] => 12-а
    [POSTAL_CODE] => 361324
    [COUNTRY] => Россия
    [PROVINCE] => Кабардино-Балкарская Республика
    [REGION] => Урванский район
    [CITY] => село Старый Черек
    [ADDRESS_2] => 
)

internalExecute:
Array
(
    [TYPE_ID] => 1
    [ENTITY_TYPE_ID] => 3
    [ENTITY_ID] => 243345
    [STREET] => улица Красная
    [BUILDING] => 263
    [POSTAL_CODE] => 361335
    [COUNTRY] => Россия
    [PROVINCE] => Кабардино-Балкарская Республика
    [REGION] => Урванский район
    [CITY] => город Нарткала
    [ADDRESS_2] => 60
)

internalExecute:
Array
(
    [TYPE_ID] => 1
    [ENTITY_TYPE_ID] => 3
    [ENTITY_ID] => 243345
    [STREET] => улица Красная
    [BUILDING] => 263
    [POSTAL_CODE] => 361335
    [COUNTRY] => Россия
    [PROVINCE] => Кабардино-Балкарская Республика
    [REGION] => Урванский район
    [CITY] => город Нарткала
    [ADDRESS_2] => 60
)

internalExecute:
Array
(
    [TYPE_ID] => 4
    [ENTITY_TYPE_ID] => 3
    [ENTITY_ID] => 243346
    [STREET] => улица Ленина
    [BUILDING] => 61
    [POSTAL_CODE] => 361304
    [COUNTRY] => Россия
    [PROVINCE] => Кабардино-Балкарская Республика
    [REGION] => Урванский район
    [CITY] => село Кахун
    [ADDRESS_2] => 
)

internalExecute:
Array
(
    [TYPE_ID] => 4
    [ENTITY_TYPE_ID] => 3
    [ENTITY_ID] => 243346
    [STREET] => улица Ленина
    [BUILDING] => 61
    [POSTAL_CODE] => 361304
    [COUNTRY] => Россия
    [PROVINCE] => Кабардино-Балкарская Республика
    [REGION] => Урванский район
    [CITY] => село Кахун
    [ADDRESS_2] => 
)

internalExecute:
Array
(
    [TYPE_ID] => 1
    [ENTITY_TYPE_ID] => 3
    [ENTITY_ID] => 243346
    [STREET] => улица Ленина
    [BUILDING] => 61
    [POSTAL_CODE] => 361304
    [COUNTRY] => Россия
    [PROVINCE] => Кабардино-Балкарская Республика
    [REGION] => Урванский район
    [CITY] => село Кахун
    [ADDRESS_2] => 
)

internalExecute:
Array
(
    [TYPE_ID] => 1
    [ENTITY_TYPE_ID] => 3
    [ENTITY_ID] => 243346
    [STREET] => улица Ленина
    [BUILDING] => 61
    [POSTAL_CODE] => 361304
    [COUNTRY] => Россия
    [PROVINCE] => Кабардино-Балкарская Республика
    [REGION] => Урванский район
    [CITY] => село Кахун
    [ADDRESS_2] => 
)

internalExecute:
Array
(
    [TYPE_ID] => 4
    [ENTITY_TYPE_ID] => 3
    [ENTITY_ID] => 243347
    [STREET] => Куашева
    [BUILDING] => 12-а
    [POSTAL_CODE] => 361324
    [COUNTRY] => Россия
    [PROVINCE] => Кабардино-Балкарская Республика
    [REGION] => Урванский район
    [CITY] => село Старый Черек
    [ADDRESS_2] => 
)

internalExecute:
Array
(
    [TYPE_ID] => 4
    [ENTITY_TYPE_ID] => 3
    [ENTITY_ID] => 243347
    [STREET] => Куашева
    [BUILDING] => 12-а
    [POSTAL_CODE] => 361324
    [COUNTRY] => Россия
    [PROVINCE] => Кабардино-Балкарская Республика
    [REGION] => Урванский район
    [CITY] => село Старый Черек
    [ADDRESS_2] => 
)

internalExecute:
Array
(
    [TYPE_ID] => 1
    [ENTITY_TYPE_ID] => 4
    [ENTITY_ID] => 49805
    [STREET] => Кашена ул
    [BUILDING] => 1 д
    [POSTAL_CODE] => 
    [COUNTRY] => 
    [PROVINCE] => Смоленская обл
    [REGION] => 
    [CITY] => Смоленск г
    [ADDRESS_2] => 212
)

internalExecute:
Array
(
    [TYPE_ID] => 1
    [ENTITY_TYPE_ID] => 4
    [ENTITY_ID] => 49805
    [STREET] => Кашена ул
    [BUILDING] => 1 д
    [POSTAL_CODE] => 
    [COUNTRY] => 
    [PROVINCE] => Смоленская обл
    [REGION] => 
    [CITY] => Смоленск г
    [ADDRESS_2] => 212
)

internalExecute:
Array
(
    [TYPE_ID] => 1
    [ENTITY_TYPE_ID] => 4
    [ENTITY_ID] => 49806
    [STREET] => Ленина ул
    [BUILDING] => 12 д
    [POSTAL_CODE] => 
    [COUNTRY] => 
    [PROVINCE] => Владимирская обл
    [REGION] => 
    [CITY] => Муром г
    [ADDRESS_2] => каб 102
)

internalExecute:
Array
(
    [TYPE_ID] => 1
    [ENTITY_TYPE_ID] => 4
    [ENTITY_ID] => 49806
    [STREET] => Ленина ул
    [BUILDING] => 12 д
    [POSTAL_CODE] => 
    [COUNTRY] => 
    [PROVINCE] => Владимирская обл
    [REGION] => 
    [CITY] => Муром г
    [ADDRESS_2] => каб 102
)

internalExecute:
Array
(
    [TYPE_ID] => 4
    [ENTITY_TYPE_ID] => 3
    [ENTITY_ID] => 243364
    [STREET] => улица Гагарина
    [BUILDING] => 38
    [POSTAL_CODE] => 361303
    [COUNTRY] => Россия
    [PROVINCE] => Кабардино-Балкарская Республика
    [REGION] => Урванский район
    [CITY] => село Псыкод
    [ADDRESS_2] => 
)

internalExecute:
Array
(
    [TYPE_ID] => 4
    [ENTITY_TYPE_ID] => 3
    [ENTITY_ID] => 243364
    [STREET] => улица Гагарина
    [BUILDING] => 38
    [POSTAL_CODE] => 361303
    [COUNTRY] => Россия
    [PROVINCE] => Кабардино-Балкарская Республика
    [REGION] => Урванский район
    [CITY] => село Псыкод
    [ADDRESS_2] => 
)

internalExecute:
Array
(
    [TYPE_ID] => 1
    [ENTITY_TYPE_ID] => 3
    [ENTITY_ID] => 243364
    [STREET] => улица Гагарина
    [BUILDING] => 38
    [POSTAL_CODE] => 361303
    [COUNTRY] => Россия
    [PROVINCE] => Кабардино-Балкарская Республика
    [REGION] => Урванский район
    [CITY] => село Псыкод
    [ADDRESS_2] => 
)

internalExecute:
Array
(
    [TYPE_ID] => 1
    [ENTITY_TYPE_ID] => 3
    [ENTITY_ID] => 243364
    [STREET] => улица Гагарина
    [BUILDING] => 38
    [POSTAL_CODE] => 361303
    [COUNTRY] => Россия
    [PROVINCE] => Кабардино-Балкарская Республика
    [REGION] => Урванский район
    [CITY] => село Псыкод
    [ADDRESS_2] => 
)

internalExecute:
Array
(
    [TYPE_ID] => 4
    [ENTITY_TYPE_ID] => 3
    [ENTITY_ID] => 243365
    [STREET] => улица Ленина
    [BUILDING] => 61
    [POSTAL_CODE] => 361304
    [COUNTRY] => Россия
    [PROVINCE] => Кабардино-Балкарская Республика
    [REGION] => Урванский район
    [CITY] => село Кахун
    [ADDRESS_2] => 
)

internalExecute:
Array
(
    [TYPE_ID] => 4
    [ENTITY_TYPE_ID] => 3
    [ENTITY_ID] => 243365
    [STREET] => улица Ленина
    [BUILDING] => 61
    [POSTAL_CODE] => 361304
    [COUNTRY] => Россия
    [PROVINCE] => Кабардино-Балкарская Республика
    [REGION] => Урванский район
    [CITY] => село Кахун
    [ADDRESS_2] => 
)

internalExecute:
Array
(
    [TYPE_ID] => 1
    [ENTITY_TYPE_ID] => 3
    [ENTITY_ID] => 243365
    [STREET] => улица Ленина
    [BUILDING] => 61
    [POSTAL_CODE] => 361304
    [COUNTRY] => Россия
    [PROVINCE] => Кабардино-Балкарская Республика
    [REGION] => Урванский район
    [CITY] => село Кахун
    [ADDRESS_2] => 
)

internalExecute:
Array
(
    [TYPE_ID] => 1
    [ENTITY_TYPE_ID] => 3
    [ENTITY_ID] => 243365
    [STREET] => улица Ленина
    [BUILDING] => 61
    [POSTAL_CODE] => 361304
    [COUNTRY] => Россия
    [PROVINCE] => Кабардино-Балкарская Республика
    [REGION] => Урванский район
    [CITY] => село Кахун
    [ADDRESS_2] => 
)

internalExecute:
Array
(
    [TYPE_ID] => 4
    [ENTITY_TYPE_ID] => 3
    [ENTITY_ID] => 243366
    [STREET] => улица Ленина
    [BUILDING] => 5
    [POSTAL_CODE] => 361303
    [COUNTRY] => Россия
    [PROVINCE] => Кабардино-Балкарская Республика
    [REGION] => Урванский район
    [CITY] => село Псыкод
    [ADDRESS_2] => 6
)

internalExecute:
Array
(
    [TYPE_ID] => 4
    [ENTITY_TYPE_ID] => 3
    [ENTITY_ID] => 243366
    [STREET] => улица Ленина
    [BUILDING] => 5
    [POSTAL_CODE] => 361303
    [COUNTRY] => Россия
    [PROVINCE] => Кабардино-Балкарская Республика
    [REGION] => Урванский район
    [CITY] => село Псыкод
    [ADDRESS_2] => 6
)

internalExecute:
Array
(
    [TYPE_ID] => 4
    [ENTITY_TYPE_ID] => 3
    [ENTITY_ID] => 243402
    [STREET] => ул.Фадеева
    [BUILDING] => 41
    [POSTAL_CODE] => 
    [COUNTRY] => Россия
    [PROVINCE] => обл.Кемеровская-Кузбасса
    [REGION] => 
    [CITY] => г.Ленинск-Кузнецкий
    [ADDRESS_2] => 
)

internalExecute:
Array
(
    [TYPE_ID] => 4
    [ENTITY_TYPE_ID] => 3
    [ENTITY_ID] => 243402
    [STREET] => ул.Фадеева
    [BUILDING] => 41
    [POSTAL_CODE] => 
    [COUNTRY] => Россия
    [PROVINCE] => обл.Кемеровская-Кузбасса
    [REGION] => 
    [CITY] => г.Ленинск-Кузнецкий
    [ADDRESS_2] => 
)

internalExecute:
Array
(
    [TYPE_ID] => 1
    [ENTITY_TYPE_ID] => 3
    [ENTITY_ID] => 243402
    [STREET] => ул.Фадеева
    [BUILDING] => 41
    [POSTAL_CODE] => 
    [COUNTRY] => Россия
    [PROVINCE] => обл.Кемеровская-Кузбасса
    [REGION] => 
    [CITY] => г.Ленинск-Кузнецкий
    [ADDRESS_2] => 
)

internalExecute:
Array
(
    [TYPE_ID] => 1
    [ENTITY_TYPE_ID] => 3
    [ENTITY_ID] => 243402
    [STREET] => ул.Фадеева
    [BUILDING] => 41
    [POSTAL_CODE] => 
    [COUNTRY] => Россия
    [PROVINCE] => обл.Кемеровская-Кузбасса
    [REGION] => 
    [CITY] => г.Ленинск-Кузнецкий
    [ADDRESS_2] => 
)

internalExecute:
Array
(
    [TYPE_ID] => 4
    [ENTITY_TYPE_ID] => 3
    [ENTITY_ID] => 243403
    [STREET] => ул.Буденного
    [BUILDING] => 68
    [POSTAL_CODE] => 
    [COUNTRY] => Россия
    [PROVINCE] => Кемеровская обл-Кузбасс
    [REGION] => 
    [CITY] => г.Ленинск-Кузнецкий
    [ADDRESS_2] => 
)

internalExecute:
Array
(
    [TYPE_ID] => 4
    [ENTITY_TYPE_ID] => 3
    [ENTITY_ID] => 243403
    [STREET] => ул.Буденного
    [BUILDING] => 68
    [POSTAL_CODE] => 
    [COUNTRY] => Россия
    [PROVINCE] => Кемеровская обл-Кузбасс
    [REGION] => 
    [CITY] => г.Ленинск-Кузнецкий
    [ADDRESS_2] => 
)

internalExecute:
Array
(
    [TYPE_ID] => 4
    [ENTITY_TYPE_ID] => 3
    [ENTITY_ID] => 243404
    [STREET] => ул.Буденного
    [BUILDING] => 68
    [POSTAL_CODE] => 
    [COUNTRY] => Россия
    [PROVINCE] => Кемеровская обл-Кузбасс
    [REGION] => 
    [CITY] => г.Ленинск-Кузнецкий
    [ADDRESS_2] => 
)

internalExecute:
Array
(
    [TYPE_ID] => 4
    [ENTITY_TYPE_ID] => 3
    [ENTITY_ID] => 243404
    [STREET] => ул.Буденного
    [BUILDING] => 68
    [POSTAL_CODE] => 
    [COUNTRY] => Россия
    [PROVINCE] => Кемеровская обл-Кузбасс
    [REGION] => 
    [CITY] => г.Ленинск-Кузнецкий
    [ADDRESS_2] => 
)

internalExecute:
Array
(
    [TYPE_ID] => 4
    [ENTITY_TYPE_ID] => 3
    [ENTITY_ID] => 243405
    [STREET] => ул.Сибирякова
    [BUILDING] => 36
    [POSTAL_CODE] => 
    [COUNTRY] => Россия
    [PROVINCE] => Кемеровская обл-Кузбасс
    [REGION] => 
    [CITY] => г.Ленинск-Кузнецкий
    [ADDRESS_2] => 
)

internalExecute:
Array
(
    [TYPE_ID] => 4
    [ENTITY_TYPE_ID] => 3
    [ENTITY_ID] => 243405
    [STREET] => ул.Сибирякова
    [BUILDING] => 36
    [POSTAL_CODE] => 
    [COUNTRY] => Россия
    [PROVINCE] => Кемеровская обл-Кузбасс
    [REGION] => 
    [CITY] => г.Ленинск-Кузнецкий
    [ADDRESS_2] => 
)

internalExecute:
Array
(
    [TYPE_ID] => 4
    [ENTITY_TYPE_ID] => 3
    [ENTITY_ID] => 243419
    [STREET] => Убсу-Нурская ул
    [BUILDING] => д 14
    [POSTAL_CODE] => 667008
    [COUNTRY] => Россия
    [PROVINCE] => Республика Тыва
    [REGION] => 
    [CITY] => г Кызыл
    [ADDRESS_2] => 16
)

internalExecute:
Array
(
    [TYPE_ID] => 4
    [ENTITY_TYPE_ID] => 3
    [ENTITY_ID] => 243419
    [STREET] => Убсу-Нурская ул
    [BUILDING] => д 14
    [POSTAL_CODE] => 667008
    [COUNTRY] => Россия
    [PROVINCE] => Республика Тыва
    [REGION] => 
    [CITY] => г Кызыл
    [ADDRESS_2] => 16
)

internalExecute:
Array
(
    [TYPE_ID] => 1
    [ENTITY_TYPE_ID] => 3
    [ENTITY_ID] => 243419
    [STREET] => Убсу-Нурская ул
    [BUILDING] => д 14
    [POSTAL_CODE] => 667008
    [COUNTRY] => Россия
    [PROVINCE] => Республика Тыва
    [REGION] => 
    [CITY] => г Кызыл
    [ADDRESS_2] => 16
)

internalExecute:
Array
(
    [TYPE_ID] => 1
    [ENTITY_TYPE_ID] => 3
    [ENTITY_ID] => 243419
    [STREET] => Убсу-Нурская ул
    [BUILDING] => д 14
    [POSTAL_CODE] => 667008
    [COUNTRY] => Россия
    [PROVINCE] => Республика Тыва
    [REGION] => 
    [CITY] => г Кызыл
    [ADDRESS_2] => 16
)

internalExecute:
Array
(
    [TYPE_ID] => 4
    [ENTITY_TYPE_ID] => 3
    [ENTITY_ID] => 243420
    [STREET] => Дружба ул
    [BUILDING] => д 20
    [POSTAL_CODE] => 668530
    [COUNTRY] => Россия
    [PROVINCE] => Тыва Респ
    [REGION] => Тоджинский
    [CITY] => с Тоора-Хем
    [ADDRESS_2] => 2
)

internalExecute:
Array
(
    [TYPE_ID] => 4
    [ENTITY_TYPE_ID] => 3
    [ENTITY_ID] => 243420
    [STREET] => Дружба ул
    [BUILDING] => д 20
    [POSTAL_CODE] => 668530
    [COUNTRY] => Россия
    [PROVINCE] => Тыва Респ
    [REGION] => Тоджинский
    [CITY] => с Тоора-Хем
    [ADDRESS_2] => 2
)

internalExecute:
Array
(
    [TYPE_ID] => 4
    [ENTITY_TYPE_ID] => 3
    [ENTITY_ID] => 243442
    [STREET] => Камергоева А.А. ул
    [BUILDING] => д 2
    [POSTAL_CODE] => 361710
    [COUNTRY] => Россия
    [PROVINCE] => Кабардино-Балкарская Респ
    [REGION] => Зольский р-н
    [CITY] => с Малка
    [ADDRESS_2] => 
)

internalExecute:
Array
(
    [TYPE_ID] => 4
    [ENTITY_TYPE_ID] => 3
    [ENTITY_ID] => 243442
    [STREET] => Камергоева А.А. ул
    [BUILDING] => д 2
    [POSTAL_CODE] => 361710
    [COUNTRY] => Россия
    [PROVINCE] => Кабардино-Балкарская Респ
    [REGION] => Зольский р-н
    [CITY] => с Малка
    [ADDRESS_2] => 
)

internalExecute:
Array
(
    [TYPE_ID] => 1
    [ENTITY_TYPE_ID] => 3
    [ENTITY_ID] => 243442
    [STREET] => Камергоева А.А. ул
    [BUILDING] => д 2
    [POSTAL_CODE] => 361710
    [COUNTRY] => Россия
    [PROVINCE] => Кабардино-Балкарская Респ
    [REGION] => Зольский р-н
    [CITY] => с Малка
    [ADDRESS_2] => 
)

internalExecute:
Array
(
    [TYPE_ID] => 1
    [ENTITY_TYPE_ID] => 3
    [ENTITY_ID] => 243442
    [STREET] => Камергоева А.А. ул
    [BUILDING] => д 2
    [POSTAL_CODE] => 361710
    [COUNTRY] => Россия
    [PROVINCE] => Кабардино-Балкарская Респ
    [REGION] => Зольский р-н
    [CITY] => с Малка
    [ADDRESS_2] => 
)

internalExecute:
Array
(
    [TYPE_ID] => 4
    [ENTITY_TYPE_ID] => 3
    [ENTITY_ID] => 243444
    [STREET] => Кирова ул
    [BUILDING] => д 101
    [POSTAL_CODE] => 361715
    [COUNTRY] => Россия
    [PROVINCE] => Кабардино-Балкарская Респ
    [REGION] => Зольский р-н
    [CITY] => с Камлюко
    [ADDRESS_2] => 
)

internalExecute:
Array
(
    [TYPE_ID] => 4
    [ENTITY_TYPE_ID] => 3
    [ENTITY_ID] => 243444
    [STREET] => Кирова ул
    [BUILDING] => д 101
    [POSTAL_CODE] => 361715
    [COUNTRY] => Россия
    [PROVINCE] => Кабардино-Балкарская Респ
    [REGION] => Зольский р-н
    [CITY] => с Камлюко
    [ADDRESS_2] => 
)

internalExecute:
Array
(
    [TYPE_ID] => 1
    [ENTITY_TYPE_ID] => 3
    [ENTITY_ID] => 243444
    [STREET] => Камергоева А.А. ул
    [BUILDING] => д 2
    [POSTAL_CODE] => 361710
    [COUNTRY] => Россия
    [PROVINCE] => Кабардино-Балкарская Респ
    [REGION] => Зольский р-н
    [CITY] => с Малка
    [ADDRESS_2] => 
)

internalExecute:
Array
(
    [TYPE_ID] => 1
    [ENTITY_TYPE_ID] => 3
    [ENTITY_ID] => 243444
    [STREET] => Камергоева А.А. ул
    [BUILDING] => д 2
    [POSTAL_CODE] => 361710
    [COUNTRY] => Россия
    [PROVINCE] => Кабардино-Балкарская Респ
    [REGION] => Зольский р-н
    [CITY] => с Малка
    [ADDRESS_2] => 
)

internalExecute:
Array
(
    [TYPE_ID] => 4
    [ENTITY_TYPE_ID] => 3
    [ENTITY_ID] => 243445
    [STREET] => Жукова ул
    [BUILDING] => д 3
    [POSTAL_CODE] => 361711
    [COUNTRY] => Россия
    [PROVINCE] => Кабардино-Балкарская Респ
    [REGION] => Зольский р-н
    [CITY] => с Малка
    [ADDRESS_2] => 
)

internalExecute:
Array
(
    [TYPE_ID] => 4
    [ENTITY_TYPE_ID] => 3
    [ENTITY_ID] => 243445
    [STREET] => Жукова ул
    [BUILDING] => д 3
    [POSTAL_CODE] => 361711
    [COUNTRY] => Россия
    [PROVINCE] => Кабардино-Балкарская Респ
    [REGION] => Зольский р-н
    [CITY] => с Малка
    [ADDRESS_2] => 
)

internalExecute:
Array
(
    [TYPE_ID] => 1
    [ENTITY_TYPE_ID] => 3
    [ENTITY_ID] => 243445
    [STREET] => Жукова ул
    [BUILDING] => д 3
    [POSTAL_CODE] => 361711
    [COUNTRY] => Россия
    [PROVINCE] => Кабардино-Балкарская Респ
    [REGION] => Зольский р-н
    [CITY] => с Малка
    [ADDRESS_2] => 
)

internalExecute:
Array
(
    [TYPE_ID] => 1
    [ENTITY_TYPE_ID] => 3
    [ENTITY_ID] => 243445
    [STREET] => Жукова ул
    [BUILDING] => д 3
    [POSTAL_CODE] => 361711
    [COUNTRY] => Россия
    [PROVINCE] => Кабардино-Балкарская Респ
    [REGION] => Зольский р-н
    [CITY] => с Малка
    [ADDRESS_2] => 
)

internalExecute:
Array
(
    [TYPE_ID] => 4
    [ENTITY_TYPE_ID] => 3
    [ENTITY_ID] => 243482
    [STREET] => Шумовых 
    [BUILDING] => 11
    [POSTAL_CODE] => 668360
    [COUNTRY] => Россия
    [PROVINCE] => Республика Тыва
    [REGION] => Тес-Хемский
    [CITY] => с. Самагалтай
    [ADDRESS_2] => 
)

internalExecute:
Array
(
    [TYPE_ID] => 4
    [ENTITY_TYPE_ID] => 3
    [ENTITY_ID] => 243482
    [STREET] => Шумовых 
    [BUILDING] => 11
    [POSTAL_CODE] => 668360
    [COUNTRY] => Россия
    [PROVINCE] => Республика Тыва
    [REGION] => Тес-Хемский
    [CITY] => с. Самагалтай
    [ADDRESS_2] => 
)

internalExecute:
Array
(
    [TYPE_ID] => 1
    [ENTITY_TYPE_ID] => 3
    [ENTITY_ID] => 243482
    [STREET] => Шумовых 
    [BUILDING] => 11
    [POSTAL_CODE] => 668360
    [COUNTRY] => Россия
    [PROVINCE] => Республика Тыва
    [REGION] => Тес-Хемский
    [CITY] => с. Самагалтай
    [ADDRESS_2] => 
)

internalExecute:
Array
(
    [TYPE_ID] => 1
    [ENTITY_TYPE_ID] => 3
    [ENTITY_ID] => 243482
    [STREET] => Шумовых 
    [BUILDING] => 11
    [POSTAL_CODE] => 668360
    [COUNTRY] => Россия
    [PROVINCE] => Республика Тыва
    [REGION] => Тес-Хемский
    [CITY] => с. Самагалтай
    [ADDRESS_2] => 
)

internalExecute:
Array
(
    [TYPE_ID] => 4
    [ENTITY_TYPE_ID] => 3
    [ENTITY_ID] => 243483
    [STREET] => с. Самагалтай ул. Кунаа
    [BUILDING] => 2
    [POSTAL_CODE] => 668360
    [COUNTRY] => Россия
    [PROVINCE] => Республика Тыва
    [REGION] => Тес-Хемский район
    [CITY] => с. Самагалтай
    [ADDRESS_2] => 
)

internalExecute:
Array
(
    [TYPE_ID] => 4
    [ENTITY_TYPE_ID] => 3
    [ENTITY_ID] => 243483
    [STREET] => с. Самагалтай ул. Кунаа
    [BUILDING] => 2
    [POSTAL_CODE] => 668360
    [COUNTRY] => Россия
    [PROVINCE] => Республика Тыва
    [REGION] => Тес-Хемский район
    [CITY] => с. Самагалтай
    [ADDRESS_2] => 
)

internalExecute:
Array
(
    [TYPE_ID] => 4
    [ENTITY_TYPE_ID] => 3
    [ENTITY_ID] => 243496
    [STREET] => ул. Луговая
    [BUILDING] => 4 Б
    [POSTAL_CODE] => 667909
    [COUNTRY] => Россия
    [PROVINCE] => Республика Тыва
    [REGION] => Кызылский район
    [CITY] => с. Терлиг-Хая
    [ADDRESS_2] => 
)

internalExecute:
Array
(
    [TYPE_ID] => 4
    [ENTITY_TYPE_ID] => 3
    [ENTITY_ID] => 243496
    [STREET] => ул. Луговая
    [BUILDING] => 4 Б
    [POSTAL_CODE] => 667909
    [COUNTRY] => Россия
    [PROVINCE] => Республика Тыва
    [REGION] => Кызылский район
    [CITY] => с. Терлиг-Хая
    [ADDRESS_2] => 
)

internalExecute:
Array
(
    [TYPE_ID] => 1
    [ENTITY_TYPE_ID] => 3
    [ENTITY_ID] => 243496
    [STREET] => СНТ -13 Вавилинский затон, ул. Кызымак
    [BUILDING] => 5
    [POSTAL_CODE] => 667000
    [COUNTRY] => Россия
    [PROVINCE] => Республика Тыва
    [REGION] => 
    [CITY] => Кызыл
    [ADDRESS_2] => 
)

internalExecute:
Array
(
    [TYPE_ID] => 1
    [ENTITY_TYPE_ID] => 3
    [ENTITY_ID] => 243496
    [STREET] => СНТ -13 Вавилинский затон, ул. Кызымак
    [BUILDING] => 5
    [POSTAL_CODE] => 667000
    [COUNTRY] => Россия
    [PROVINCE] => Республика Тыва
    [REGION] => 
    [CITY] => Кызыл
    [ADDRESS_2] => 
)

internalExecute:
Array
(
    [TYPE_ID] => 4
    [ENTITY_TYPE_ID] => 3
    [ENTITY_ID] => 243497
    [STREET] => Энтузиастов 
    [BUILDING] => 11
    [POSTAL_CODE] => 667909
    [COUNTRY] => Россия
    [PROVINCE] => Республика Тыва
    [REGION] => Кызылский район
    [CITY] => с. Терлиг-Хая
    [ADDRESS_2] => 1
)

internalExecute:
Array
(
    [TYPE_ID] => 4
    [ENTITY_TYPE_ID] => 3
    [ENTITY_ID] => 243497
    [STREET] => Энтузиастов 
    [BUILDING] => 11
    [POSTAL_CODE] => 667909
    [COUNTRY] => Россия
    [PROVINCE] => Республика Тыва
    [REGION] => Кызылский район
    [CITY] => с. Терлиг-Хая
    [ADDRESS_2] => 1
)

internalExecute:
Array
(
    [TYPE_ID] => 4
    [ENTITY_TYPE_ID] => 3
    [ENTITY_ID] => 243498
    [STREET] => Ленина
    [BUILDING] => 19
    [POSTAL_CODE] => 296172
    [COUNTRY] => Россия
    [PROVINCE] => Республика Крым
    [REGION] => Джанкойский
    [CITY] => село Светлое
    [ADDRESS_2] => 10
)

internalExecute:
Array
(
    [TYPE_ID] => 4
    [ENTITY_TYPE_ID] => 3
    [ENTITY_ID] => 243498
    [STREET] => Ленина
    [BUILDING] => 19
    [POSTAL_CODE] => 296172
    [COUNTRY] => Россия
    [PROVINCE] => Республика Крым
    [REGION] => Джанкойский
    [CITY] => село Светлое
    [ADDRESS_2] => 10
)

internalExecute:
Array
(
    [TYPE_ID] => 1
    [ENTITY_TYPE_ID] => 3
    [ENTITY_ID] => 243498
    [STREET] => Ленина
    [BUILDING] => 19
    [POSTAL_CODE] => 296172
    [COUNTRY] => Россия
    [PROVINCE] => Республика Крым
    [REGION] => Джанкойский
    [CITY] => село Светлое
    [ADDRESS_2] => 10
)

internalExecute:
Array
(
    [TYPE_ID] => 1
    [ENTITY_TYPE_ID] => 3
    [ENTITY_ID] => 243498
    [STREET] => Ленина
    [BUILDING] => 19
    [POSTAL_CODE] => 296172
    [COUNTRY] => Россия
    [PROVINCE] => Республика Крым
    [REGION] => Джанкойский
    [CITY] => село Светлое
    [ADDRESS_2] => 10
)

internalExecute:
Array
(
    [TYPE_ID] => 4
    [ENTITY_TYPE_ID] => 3
    [ENTITY_ID] => 243499
    [STREET] => Грина
    [BUILDING] => 9
    [POSTAL_CODE] => 296167
    [COUNTRY] => Россия
    [PROVINCE] => Республика Крым
    [REGION] => Джанкойский
    [CITY] => село Победное
    [ADDRESS_2] => 
)

internalExecute:
Array
(
    [TYPE_ID] => 4
    [ENTITY_TYPE_ID] => 3
    [ENTITY_ID] => 243499
    [STREET] => Грина
    [BUILDING] => 9
    [POSTAL_CODE] => 296167
    [COUNTRY] => Россия
    [PROVINCE] => Республика Крым
    [REGION] => Джанкойский
    [CITY] => село Победное
    [ADDRESS_2] => 
)

internalExecute:
Array
(
    [TYPE_ID] => 4
    [ENTITY_TYPE_ID] => 3
    [ENTITY_ID] => 243504
    [STREET] => Рабочая
    [BUILDING] => 2В
    [POSTAL_CODE] => 
    [COUNTRY] => Россия
    [PROVINCE] => Республика Тыва
    [REGION] => Каа-Хемский
    [CITY] => Дерзиг-Аксы
    [ADDRESS_2] => 
)

internalExecute:
Array
(
    [TYPE_ID] => 4
    [ENTITY_TYPE_ID] => 3
    [ENTITY_ID] => 243504
    [STREET] => Рабочая
    [BUILDING] => 2В
    [POSTAL_CODE] => 
    [COUNTRY] => Россия
    [PROVINCE] => Республика Тыва
    [REGION] => Каа-Хемский
    [CITY] => Дерзиг-Аксы
    [ADDRESS_2] => 
)

internalExecute:
Array
(
    [TYPE_ID] => 1
    [ENTITY_TYPE_ID] => 3
    [ENTITY_ID] => 243504
    [STREET] => Рабочая
    [BUILDING] => 2В
    [POSTAL_CODE] => 
    [COUNTRY] => Россия
    [PROVINCE] => Республика Тыва
    [REGION] => Каа-Хемский
    [CITY] => Дерзиг-Аксы
    [ADDRESS_2] => 
)

internalExecute:
Array
(
    [TYPE_ID] => 1
    [ENTITY_TYPE_ID] => 3
    [ENTITY_ID] => 243504
    [STREET] => Рабочая
    [BUILDING] => 2В
    [POSTAL_CODE] => 
    [COUNTRY] => Россия
    [PROVINCE] => Республика Тыва
    [REGION] => Каа-Хемский
    [CITY] => Дерзиг-Аксы
    [ADDRESS_2] => 
)

internalExecute:
Array
(
    [TYPE_ID] => 4
    [ENTITY_TYPE_ID] => 3
    [ENTITY_ID] => 243505
    [STREET] => Сарыг-Сепская
    [BUILDING] => 20
    [POSTAL_CODE] => 
    [COUNTRY] => Россия
    [PROVINCE] => Республика Тыва
    [REGION] => Каа-Хемский
    [CITY] => Дерзиг-Аксы
    [ADDRESS_2] => 
)

internalExecute:
Array
(
    [TYPE_ID] => 4
    [ENTITY_TYPE_ID] => 3
    [ENTITY_ID] => 243505
    [STREET] => Сарыг-Сепская
    [BUILDING] => 20
    [POSTAL_CODE] => 
    [COUNTRY] => Россия
    [PROVINCE] => Республика Тыва
    [REGION] => Каа-Хемский
    [CITY] => Дерзиг-Аксы
    [ADDRESS_2] => 
)

internalExecute:
Array
(
    [TYPE_ID] => 4
    [ENTITY_TYPE_ID] => 3
    [ENTITY_ID] => 243506
    [STREET] => Рихарде Зорге
    [BUILDING] => 129
    [POSTAL_CODE] => 667000
    [COUNTRY] => Россия
    [PROVINCE] => Республика Тыва
    [REGION] => 
    [CITY] => Кызыл
    [ADDRESS_2] => 2
)

internalExecute:
Array
(
    [TYPE_ID] => 4
    [ENTITY_TYPE_ID] => 3
    [ENTITY_ID] => 243506
    [STREET] => Рихарде Зорге
    [BUILDING] => 129
    [POSTAL_CODE] => 667000
    [COUNTRY] => Россия
    [PROVINCE] => Республика Тыва
    [REGION] => 
    [CITY] => Кызыл
    [ADDRESS_2] => 2
)

internalExecute:
Array
(
    [TYPE_ID] => 1
    [ENTITY_TYPE_ID] => 3
    [ENTITY_ID] => 243506
    [STREET] => Рихарде Зорге
    [BUILDING] => 129
    [POSTAL_CODE] => 667000
    [COUNTRY] => Россия
    [PROVINCE] => Республика Тыва
    [REGION] => 
    [CITY] => Кызыл
    [ADDRESS_2] => 2
)

internalExecute:
Array
(
    [TYPE_ID] => 1
    [ENTITY_TYPE_ID] => 3
    [ENTITY_ID] => 243506
    [STREET] => Рихарде Зорге
    [BUILDING] => 129
    [POSTAL_CODE] => 667000
    [COUNTRY] => Россия
    [PROVINCE] => Республика Тыва
    [REGION] => 
    [CITY] => Кызыл
    [ADDRESS_2] => 2
)

internalExecute:
Array
(
    [TYPE_ID] => 4
    [ENTITY_TYPE_ID] => 3
    [ENTITY_ID] => 243507
    [STREET] => Бай-Хаакская
    [BUILDING] => 2
    [POSTAL_CODE] => 667000
    [COUNTRY] => Россия
    [PROVINCE] => Республика Тыва
    [REGION] => 
    [CITY] => г. Кызыл
    [ADDRESS_2] => 43
)

internalExecute:
Array
(
    [TYPE_ID] => 4
    [ENTITY_TYPE_ID] => 3
    [ENTITY_ID] => 243507
    [STREET] => Бай-Хаакская
    [BUILDING] => 2
    [POSTAL_CODE] => 667000
    [COUNTRY] => Россия
    [PROVINCE] => Республика Тыва
    [REGION] => 
    [CITY] => г. Кызыл
    [ADDRESS_2] => 43
)

internalExecute:
Array
(
    [TYPE_ID] => 4
    [ENTITY_TYPE_ID] => 3
    [ENTITY_ID] => 243513
    [STREET] => ул. Портовская
    [BUILDING] => д. 12
    [POSTAL_CODE] => 678222
    [COUNTRY] => Россия
    [PROVINCE] => Респ. Саха /Якутия/
    [REGION] => у. Вилюйский
    [CITY] => с. Усун
    [ADDRESS_2] => 
)

internalExecute:
Array
(
    [TYPE_ID] => 4
    [ENTITY_TYPE_ID] => 3
    [ENTITY_ID] => 243513
    [STREET] => ул. Портовская
    [BUILDING] => д. 12
    [POSTAL_CODE] => 678222
    [COUNTRY] => Россия
    [PROVINCE] => Респ. Саха /Якутия/
    [REGION] => у. Вилюйский
    [CITY] => с. Усун
    [ADDRESS_2] => 
)

internalExecute:
Array
(
    [TYPE_ID] => 1
    [ENTITY_TYPE_ID] => 3
    [ENTITY_ID] => 243513
    [STREET] => ул. Портовская
    [BUILDING] => д. 12
    [POSTAL_CODE] => 678222
    [COUNTRY] => Россия
    [PROVINCE] => Респ. Саха /Якутия/
    [REGION] => у. Вилюйский
    [CITY] => с. Усун
    [ADDRESS_2] => 
)

internalExecute:
Array
(
    [TYPE_ID] => 1
    [ENTITY_TYPE_ID] => 3
    [ENTITY_ID] => 243513
    [STREET] => ул. Портовская
    [BUILDING] => д. 12
    [POSTAL_CODE] => 678222
    [COUNTRY] => Россия
    [PROVINCE] => Респ. Саха /Якутия/
    [REGION] => у. Вилюйский
    [CITY] => с. Усун
    [ADDRESS_2] => 
)

internalExecute:
Array
(
    [TYPE_ID] => 4
    [ENTITY_TYPE_ID] => 3
    [ENTITY_ID] => 243514
    [STREET] => кв-л Северный, пр-д Грибной
    [BUILDING] => д. 55
    [POSTAL_CODE] => 677901
    [COUNTRY] => Россия
    [PROVINCE] => Респ. Саха /Якутия/
    [REGION] => 
    [CITY] => г. Якутск
    [ADDRESS_2] => 
)

internalExecute:
Array
(
    [TYPE_ID] => 4
    [ENTITY_TYPE_ID] => 3
    [ENTITY_ID] => 243514
    [STREET] => кв-л Северный, пр-д Грибной
    [BUILDING] => д. 55
    [POSTAL_CODE] => 677901
    [COUNTRY] => Россия
    [PROVINCE] => Респ. Саха /Якутия/
    [REGION] => 
    [CITY] => г. Якутск
    [ADDRESS_2] => 
)

internalExecute:
Array
(
    [TYPE_ID] => 4
    [ENTITY_TYPE_ID] => 3
    [ENTITY_ID] => 243515
    [STREET] => кв-л Северный, пр-д Грибной
    [BUILDING] => д. 55
    [POSTAL_CODE] => 677901
    [COUNTRY] => Россия
    [PROVINCE] => Респ. Саха /Якутия/
    [REGION] => 
    [CITY] => г. Якутск
    [ADDRESS_2] => 
)

internalExecute:
Array
(
    [TYPE_ID] => 4
    [ENTITY_TYPE_ID] => 3
    [ENTITY_ID] => 243515
    [STREET] => кв-л Северный, пр-д Грибной
    [BUILDING] => д. 55
    [POSTAL_CODE] => 677901
    [COUNTRY] => Россия
    [PROVINCE] => Респ. Саха /Якутия/
    [REGION] => 
    [CITY] => г. Якутск
    [ADDRESS_2] => 
)

internalExecute:
Array
(
    [TYPE_ID] => 1
    [ENTITY_TYPE_ID] => 4
    [ENTITY_ID] => 9050
    [STREET] => 50 лет ВЛКСМ
    [BUILDING] => 3
    [POSTAL_CODE] => 
    [COUNTRY] => Россия
    [PROVINCE] => омская область
    [REGION] => Большереченский район
    [CITY] => Большеречье
    [ADDRESS_2] => 27
)

internalExecute:
Array
(
    [TYPE_ID] => 1
    [ENTITY_TYPE_ID] => 4
    [ENTITY_ID] => 9050
    [STREET] => 50 лет ВЛКСМ
    [BUILDING] => 3
    [POSTAL_CODE] => 
    [COUNTRY] => Россия
    [PROVINCE] => омская область
    [REGION] => Большереченский район
    [CITY] => Большеречье
    [ADDRESS_2] => 27
)

internalExecute:
Array
(
    [TYPE_ID] => 4
    [ENTITY_TYPE_ID] => 3
    [ENTITY_ID] => 243528
    [STREET] => пер Дагестанский
    [BUILDING] => 2А
    [POSTAL_CODE] => 
    [COUNTRY] => Россия
    [PROVINCE] => Республика Дагестан
    [REGION] => 
    [CITY] => г Кизляр
    [ADDRESS_2] => 
)

internalExecute:
Array
(
    [TYPE_ID] => 4
    [ENTITY_TYPE_ID] => 3
    [ENTITY_ID] => 243528
    [STREET] => пер Дагестанский
    [BUILDING] => 2А
    [POSTAL_CODE] => 
    [COUNTRY] => Россия
    [PROVINCE] => Республика Дагестан
    [REGION] => 
    [CITY] => г Кизляр
    [ADDRESS_2] => 
)

internalExecute:
Array
(
    [TYPE_ID] => 1
    [ENTITY_TYPE_ID] => 3
    [ENTITY_ID] => 243528
    [STREET] => пер Дагестанский
    [BUILDING] => 2А
    [POSTAL_CODE] => 
    [COUNTRY] => Россия
    [PROVINCE] => Республика Дагестан
    [REGION] => 
    [CITY] => г Кизляр
    [ADDRESS_2] => 
)

internalExecute:
Array
(
    [TYPE_ID] => 1
    [ENTITY_TYPE_ID] => 3
    [ENTITY_ID] => 243528
    [STREET] => пер Дагестанский
    [BUILDING] => 2А
    [POSTAL_CODE] => 
    [COUNTRY] => Россия
    [PROVINCE] => Республика Дагестан
    [REGION] => 
    [CITY] => г Кизляр
    [ADDRESS_2] => 
)

internalExecute:
Array
(
    [TYPE_ID] => 4
    [ENTITY_TYPE_ID] => 3
    [ENTITY_ID] => 243529
    [STREET] => пер Дагестанский
    [BUILDING] => 2А
    [POSTAL_CODE] => 
    [COUNTRY] => Россия
    [PROVINCE] => Республика Дагестан
    [REGION] => г Кизляр
    [CITY] => 
    [ADDRESS_2] => 
)

internalExecute:
Array
(
    [TYPE_ID] => 4
    [ENTITY_TYPE_ID] => 3
    [ENTITY_ID] => 243529
    [STREET] => пер Дагестанский
    [BUILDING] => 2А
    [POSTAL_CODE] => 
    [COUNTRY] => Россия
    [PROVINCE] => Республика Дагестан
    [REGION] => г Кизляр
    [CITY] => 
    [ADDRESS_2] => 
)

internalExecute:
Array
(
    [TYPE_ID] => 1
    [ENTITY_TYPE_ID] => 3
    [ENTITY_ID] => 243529
    [STREET] => пер Дагестанский
    [BUILDING] => 2А
    [POSTAL_CODE] => 
    [COUNTRY] => Россия
    [PROVINCE] => Республика Дагестан
    [REGION] => г Кизляр
    [CITY] => 
    [ADDRESS_2] => 
)

internalExecute:
Array
(
    [TYPE_ID] => 1
    [ENTITY_TYPE_ID] => 3
    [ENTITY_ID] => 243529
    [STREET] => пер Дагестанский
    [BUILDING] => 2А
    [POSTAL_CODE] => 
    [COUNTRY] => Россия
    [PROVINCE] => Республика Дагестан
    [REGION] => г Кизляр
    [CITY] => 
    [ADDRESS_2] => 
)

internalExecute:
Array
(
    [TYPE_ID] => 4
    [ENTITY_TYPE_ID] => 3
    [ENTITY_ID] => 243530
    [STREET] => ул Ветеринарная
    [BUILDING] => 10
    [POSTAL_CODE] => 
    [COUNTRY] => Россия
    [PROVINCE] => Республика Дагестан
    [REGION] => г Кизляр
    [CITY] => 
    [ADDRESS_2] => 
)

internalExecute:
Array
(
    [TYPE_ID] => 4
    [ENTITY_TYPE_ID] => 3
    [ENTITY_ID] => 243530
    [STREET] => ул Ветеринарная
    [BUILDING] => 10
    [POSTAL_CODE] => 
    [COUNTRY] => Россия
    [PROVINCE] => Республика Дагестан
    [REGION] => г Кизляр
    [CITY] => 
    [ADDRESS_2] => 
)

internalExecute:
Array
(
    [TYPE_ID] => 1
    [ENTITY_TYPE_ID] => 3
    [ENTITY_ID] => 243530
    [STREET] => ул Ветеринарная
    [BUILDING] => 10
    [POSTAL_CODE] => 
    [COUNTRY] => Россия
    [PROVINCE] => Республика Дагестан
    [REGION] => г Кизляр
    [CITY] => 
    [ADDRESS_2] => 
)

internalExecute:
Array
(
    [TYPE_ID] => 1
    [ENTITY_TYPE_ID] => 3
    [ENTITY_ID] => 243530
    [STREET] => ул Ветеринарная
    [BUILDING] => 10
    [POSTAL_CODE] => 
    [COUNTRY] => Россия
    [PROVINCE] => Республика Дагестан
    [REGION] => г Кизляр
    [CITY] => 
    [ADDRESS_2] => 
)

internalExecute:
Array
(
    [TYPE_ID] => 4
    [ENTITY_TYPE_ID] => 3
    [ENTITY_ID] => 243532
    [STREET] => ул Александра Усольцева
    [BUILDING] => 16
    [POSTAL_CODE] => 
    [COUNTRY] => Россия
    [PROVINCE] => ХМАО-Югра
    [REGION] => 
    [CITY] => г Сургут
    [ADDRESS_2] => 99
)

internalExecute:
Array
(
    [TYPE_ID] => 4
    [ENTITY_TYPE_ID] => 3
    [ENTITY_ID] => 243532
    [STREET] => ул Александра Усольцева
    [BUILDING] => 16
    [POSTAL_CODE] => 
    [COUNTRY] => Россия
    [PROVINCE] => ХМАО-Югра
    [REGION] => 
    [CITY] => г Сургут
    [ADDRESS_2] => 99
)

internalExecute:
Array
(
    [TYPE_ID] => 1
    [ENTITY_TYPE_ID] => 3
    [ENTITY_ID] => 243532
    [STREET] => ул Александра Усольцева
    [BUILDING] => 16
    [POSTAL_CODE] => 
    [COUNTRY] => Россия
    [PROVINCE] => ХМАО-Югра
    [REGION] => 
    [CITY] => г Сургут
    [ADDRESS_2] => 99
)

internalExecute:
Array
(
    [TYPE_ID] => 1
    [ENTITY_TYPE_ID] => 3
    [ENTITY_ID] => 243532
    [STREET] => ул Александра Усольцева
    [BUILDING] => 16
    [POSTAL_CODE] => 
    [COUNTRY] => Россия
    [PROVINCE] => ХМАО-Югра
    [REGION] => 
    [CITY] => г Сургут
    [ADDRESS_2] => 99
)

internalExecute:
Array
(
    [TYPE_ID] => 4
    [ENTITY_TYPE_ID] => 3
    [ENTITY_ID] => 243533
    [STREET] => ул Пушкина
    [BUILDING] => 30
    [POSTAL_CODE] => 
    [COUNTRY] => Россия
    [PROVINCE] => Республика Дагестан
    [REGION] => с Новокрестьяновское
    [CITY] => Кизлярский район
    [ADDRESS_2] => 
)

internalExecute:
Array
(
    [TYPE_ID] => 4
    [ENTITY_TYPE_ID] => 3
    [ENTITY_ID] => 243533
    [STREET] => ул Пушкина
    [BUILDING] => 30
    [POSTAL_CODE] => 
    [COUNTRY] => Россия
    [PROVINCE] => Республика Дагестан
    [REGION] => с Новокрестьяновское
    [CITY] => Кизлярский район
    [ADDRESS_2] => 
)

internalExecute:
Array
(
    [TYPE_ID] => 1
    [ENTITY_TYPE_ID] => 3
    [ENTITY_ID] => 243533
    [STREET] => ул Пушкина
    [BUILDING] => 30
    [POSTAL_CODE] => 
    [COUNTRY] => Россия
    [PROVINCE] => Республика Дагестан
    [REGION] => с Новокрестьяновское
    [CITY] => Кизлярский район
    [ADDRESS_2] => 
)

internalExecute:
Array
(
    [TYPE_ID] => 1
    [ENTITY_TYPE_ID] => 3
    [ENTITY_ID] => 243533
    [STREET] => ул Пушкина
    [BUILDING] => 30
    [POSTAL_CODE] => 
    [COUNTRY] => Россия
    [PROVINCE] => Республика Дагестан
    [REGION] => с Новокрестьяновское
    [CITY] => Кизлярский район
    [ADDRESS_2] => 
)

internalExecute:
Array
(
    [TYPE_ID] => 4
    [ENTITY_TYPE_ID] => 3
    [ENTITY_ID] => 243550
    [STREET] => Мегежекского
    [BUILDING] => 29
    [POSTAL_CODE] => 678461
    [COUNTRY] => Россия
    [PROVINCE] => Республика Саха (Якутия)
    [REGION] => Нюрбинский
    [CITY] => Малыкай
    [ADDRESS_2] => 
)

internalExecute:
Array
(
    [TYPE_ID] => 4
    [ENTITY_TYPE_ID] => 3
    [ENTITY_ID] => 243550
    [STREET] => Мегежекского
    [BUILDING] => 29
    [POSTAL_CODE] => 678461
    [COUNTRY] => Россия
    [PROVINCE] => Республика Саха (Якутия)
    [REGION] => Нюрбинский
    [CITY] => Малыкай
    [ADDRESS_2] => 
)

internalExecute:
Array
(
    [TYPE_ID] => 1
    [ENTITY_TYPE_ID] => 3
    [ENTITY_ID] => 243550
    [STREET] => Губина 
    [BUILDING] => 33
    [POSTAL_CODE] => 677000
    [COUNTRY] => Россия
    [PROVINCE] => Республика Саха (Якутия)
    [REGION] => Якутск
    [CITY] => 
    [ADDRESS_2] => 61
)

internalExecute:
Array
(
    [TYPE_ID] => 1
    [ENTITY_TYPE_ID] => 3
    [ENTITY_ID] => 243550
    [STREET] => Губина 
    [BUILDING] => 33
    [POSTAL_CODE] => 677000
    [COUNTRY] => Россия
    [PROVINCE] => Республика Саха (Якутия)
    [REGION] => Якутск
    [CITY] => 
    [ADDRESS_2] => 61
)

internalExecute:
Array
(
    [TYPE_ID] => 4
    [ENTITY_TYPE_ID] => 3
    [ENTITY_ID] => 243551
    [STREET] => Ефимова 
    [BUILDING] => 12
    [POSTAL_CODE] => 678670
    [COUNTRY] => Россия
    [PROVINCE] => Республика Саха (Якутия)
    [REGION] => Чурапчинский
    [CITY] => Чурапча
    [ADDRESS_2] => 
)

internalExecute:
Array
(
    [TYPE_ID] => 4
    [ENTITY_TYPE_ID] => 3
    [ENTITY_ID] => 243551
    [STREET] => Ефимова 
    [BUILDING] => 12
    [POSTAL_CODE] => 678670
    [COUNTRY] => Россия
    [PROVINCE] => Республика Саха (Якутия)
    [REGION] => Чурапчинский
    [CITY] => Чурапча
    [ADDRESS_2] => 
)

internalExecute:
Array
(
    [TYPE_ID] => 4
    [ENTITY_TYPE_ID] => 3
    [ENTITY_ID] => 243552
    [STREET] => Ефимова 
    [BUILDING] => 12
    [POSTAL_CODE] => 678670
    [COUNTRY] => Россия
    [PROVINCE] => Республика Саха (Якутия)
    [REGION] => Чурапчинский
    [CITY] => Чурапча
    [ADDRESS_2] => 
)

internalExecute:
Array
(
    [TYPE_ID] => 4
    [ENTITY_TYPE_ID] => 3
    [ENTITY_ID] => 243552
    [STREET] => Ефимова 
    [BUILDING] => 12
    [POSTAL_CODE] => 678670
    [COUNTRY] => Россия
    [PROVINCE] => Республика Саха (Якутия)
    [REGION] => Чурапчинский
    [CITY] => Чурапча
    [ADDRESS_2] => 
)

internalExecute:
Array
(
    [TYPE_ID] => 1
    [ENTITY_TYPE_ID] => 4
    [ENTITY_ID] => 50150
    [STREET] => Коста Хетагурова 
    [BUILDING] => 83
    [POSTAL_CODE] => 
    [COUNTRY] => Россия
    [PROVINCE] => Республика Северная Осетия-Алания
    [REGION] => Алагирский
    [CITY] => Алагир
    [ADDRESS_2] => 
)

internalExecute:
Array
(
    [TYPE_ID] => 1
    [ENTITY_TYPE_ID] => 4
    [ENTITY_ID] => 50150
    [STREET] => Коста Хетагурова 
    [BUILDING] => 83
    [POSTAL_CODE] => 
    [COUNTRY] => Россия
    [PROVINCE] => Республика Северная Осетия-Алания
    [REGION] => Алагирский
    [CITY] => Алагир
    [ADDRESS_2] => 
)

internalExecute:
Array
(
    [TYPE_ID] => 4
    [ENTITY_TYPE_ID] => 3
    [ENTITY_ID] => 243562
    [STREET] => Ногмова
    [BUILDING] => 126
    [POSTAL_CODE] => 361366
    [COUNTRY] => Россия
    [PROVINCE] => Кабардино-Балкарская Республика
    [REGION] => Лескенский
    [CITY] => Урух
    [ADDRESS_2] => 
)

internalExecute:
Array
(
    [TYPE_ID] => 4
    [ENTITY_TYPE_ID] => 3
    [ENTITY_ID] => 243562
    [STREET] => Ногмова
    [BUILDING] => 126
    [POSTAL_CODE] => 361366
    [COUNTRY] => Россия
    [PROVINCE] => Кабардино-Балкарская Республика
    [REGION] => Лескенский
    [CITY] => Урух
    [ADDRESS_2] => 
)

internalExecute:
Array
(
    [TYPE_ID] => 1
    [ENTITY_TYPE_ID] => 3
    [ENTITY_ID] => 243562
    [STREET] => Ленина
    [BUILDING] => 7
    [POSTAL_CODE] => 361365
    [COUNTRY] => Россия
    [PROVINCE] => Кабардино-Балкарская Республика
    [REGION] => Лескенский 
    [CITY] => Хатуей
    [ADDRESS_2] => 
)

internalExecute:
Array
(
    [TYPE_ID] => 1
    [ENTITY_TYPE_ID] => 3
    [ENTITY_ID] => 243562
    [STREET] => Ленина
    [BUILDING] => 7
    [POSTAL_CODE] => 361365
    [COUNTRY] => Россия
    [PROVINCE] => Кабардино-Балкарская Республика
    [REGION] => Лескенский 
    [CITY] => Хатуей
    [ADDRESS_2] => 
)

internalExecute:
Array
(
    [TYPE_ID] => 4
    [ENTITY_TYPE_ID] => 3
    [ENTITY_ID] => 243563
    [STREET] => Ленина
    [BUILDING] => 7
    [POSTAL_CODE] => 361365
    [COUNTRY] => Россия
    [PROVINCE] => Кабардино-Балкарская Республика
    [REGION] => Лескенский
    [CITY] => Старый Урух
    [ADDRESS_2] => 
)

internalExecute:
Array
(
    [TYPE_ID] => 4
    [ENTITY_TYPE_ID] => 3
    [ENTITY_ID] => 243563
    [STREET] => Ленина
    [BUILDING] => 7
    [POSTAL_CODE] => 361365
    [COUNTRY] => Россия
    [PROVINCE] => Кабардино-Балкарская Республика
    [REGION] => Лескенский
    [CITY] => Старый Урух
    [ADDRESS_2] => 
)

internalExecute:
Array
(
    [TYPE_ID] => 1
    [ENTITY_TYPE_ID] => 4
    [ENTITY_ID] => 49771
    [STREET] => Орджоникидзе
    [BUILDING] => 1
    [POSTAL_CODE] => 
    [COUNTRY] => Россия
    [PROVINCE] => Республика Дагестан
    [REGION] => 
    [CITY] => Каспийск
    [ADDRESS_2] => 
)

internalExecute:
Array
(
    [TYPE_ID] => 1
    [ENTITY_TYPE_ID] => 4
    [ENTITY_ID] => 49771
    [STREET] => Орджоникидзе
    [BUILDING] => 1
    [POSTAL_CODE] => 
    [COUNTRY] => Россия
    [PROVINCE] => Республика Дагестан
    [REGION] => 
    [CITY] => Каспийск
    [ADDRESS_2] => 
)

internalExecute:
Array
(
    [TYPE_ID] => 4
    [ENTITY_TYPE_ID] => 3
    [ENTITY_ID] => 243573
    [STREET] => Дружба 
    [BUILDING] => 27
    [POSTAL_CODE] => 668380
    [COUNTRY] => Россия
    [PROVINCE] => Республика Тыва
    [REGION] => Эрзинский
    [CITY] => с. Эрзин
    [ADDRESS_2] => 
)

internalExecute:
Array
(
    [TYPE_ID] => 4
    [ENTITY_TYPE_ID] => 3
    [ENTITY_ID] => 243573
    [STREET] => Дружба 
    [BUILDING] => 27
    [POSTAL_CODE] => 668380
    [COUNTRY] => Россия
    [PROVINCE] => Республика Тыва
    [REGION] => Эрзинский
    [CITY] => с. Эрзин
    [ADDRESS_2] => 
)

internalExecute:
Array
(
    [TYPE_ID] => 1
    [ENTITY_TYPE_ID] => 3
    [ENTITY_ID] => 243573
    [STREET] => Дружба 
    [BUILDING] => 27
    [POSTAL_CODE] => 668380
    [COUNTRY] => Россия
    [PROVINCE] => Республика Тыва
    [REGION] => Эрзинский
    [CITY] => с. Эрзин
    [ADDRESS_2] => 
)

internalExecute:
Array
(
    [TYPE_ID] => 1
    [ENTITY_TYPE_ID] => 3
    [ENTITY_ID] => 243573
    [STREET] => Дружба 
    [BUILDING] => 27
    [POSTAL_CODE] => 668380
    [COUNTRY] => Россия
    [PROVINCE] => Республика Тыва
    [REGION] => Эрзинский
    [CITY] => с. Эрзин
    [ADDRESS_2] => 
)

internalExecute:
Array
(
    [TYPE_ID] => 4
    [ENTITY_TYPE_ID] => 3
    [ENTITY_ID] => 243574
    [STREET] => ул. Игоря Солдуп
    [BUILDING] => 3
    [POSTAL_CODE] => 668221
    [COUNTRY] => Россия
    [PROVINCE] => Республика Тыва
    [REGION] => Улуг-Хемский
    [CITY] => с. Арыг-Узю
    [ADDRESS_2] => 2
)

internalExecute:
Array
(
    [TYPE_ID] => 4
    [ENTITY_TYPE_ID] => 3
    [ENTITY_ID] => 243574
    [STREET] => ул. Игоря Солдуп
    [BUILDING] => 3
    [POSTAL_CODE] => 668221
    [COUNTRY] => Россия
    [PROVINCE] => Республика Тыва
    [REGION] => Улуг-Хемский
    [CITY] => с. Арыг-Узю
    [ADDRESS_2] => 2
)

internalExecute:
Array
(
    [TYPE_ID] => 1
    [ENTITY_TYPE_ID] => 3
    [ENTITY_ID] => 243574
    [STREET] => ул. Игоря Солдуп
    [BUILDING] => 3
    [POSTAL_CODE] => 668221
    [COUNTRY] => Россия
    [PROVINCE] => Республика Тыва
    [REGION] => Улуг-Хемский
    [CITY] => с. Арыг-Узю
    [ADDRESS_2] => 2
)

internalExecute:
Array
(
    [TYPE_ID] => 1
    [ENTITY_TYPE_ID] => 3
    [ENTITY_ID] => 243574
    [STREET] => ул. Игоря Солдуп
    [BUILDING] => 3
    [POSTAL_CODE] => 668221
    [COUNTRY] => Россия
    [PROVINCE] => Республика Тыва
    [REGION] => Улуг-Хемский
    [CITY] => с. Арыг-Узю
    [ADDRESS_2] => 2
)

internalExecute:
Array
(
    [TYPE_ID] => 4
    [ENTITY_TYPE_ID] => 3
    [ENTITY_ID] => 243575
    [STREET] => ул. Сайзырал
    [BUILDING] => д. 32 А
    [POSTAL_CODE] => 668380
    [COUNTRY] => Россия
    [PROVINCE] => Республика Тыва
    [REGION] => Эрзинский
    [CITY] => с. Эрзин
    [ADDRESS_2] => 
)

internalExecute:
Array
(
    [TYPE_ID] => 4
    [ENTITY_TYPE_ID] => 3
    [ENTITY_ID] => 243575
    [STREET] => ул. Сайзырал
    [BUILDING] => д. 32 А
    [POSTAL_CODE] => 668380
    [COUNTRY] => Россия
    [PROVINCE] => Республика Тыва
    [REGION] => Эрзинский
    [CITY] => с. Эрзин
    [ADDRESS_2] => 
)

internalExecute:
Array
(
    [TYPE_ID] => 4
    [ENTITY_TYPE_ID] => 3
    [ENTITY_ID] => 243582
    [STREET] => Чанчынмаа Тюлюш
    [BUILDING] => 11 а
    [POSTAL_CODE] => 668221
    [COUNTRY] => Россия
    [PROVINCE] => Республика Тыва
    [REGION] => Чаа-Хольский район
    [CITY] => с. Шанчы
    [ADDRESS_2] => 
)

internalExecute:
Array
(
    [TYPE_ID] => 4
    [ENTITY_TYPE_ID] => 3
    [ENTITY_ID] => 243582
    [STREET] => Чанчынмаа Тюлюш
    [BUILDING] => 11 а
    [POSTAL_CODE] => 668221
    [COUNTRY] => Россия
    [PROVINCE] => Республика Тыва
    [REGION] => Чаа-Хольский район
    [CITY] => с. Шанчы
    [ADDRESS_2] => 
)

internalExecute:
Array
(
    [TYPE_ID] => 1
    [ENTITY_TYPE_ID] => 3
    [ENTITY_ID] => 243582
    [STREET] => Чанчынмаа Тюлюш
    [BUILDING] => 11 а
    [POSTAL_CODE] => 668221
    [COUNTRY] => Россия
    [PROVINCE] => Республика Тыва
    [REGION] => Чаа-Хольский район
    [CITY] => с. Шанчы
    [ADDRESS_2] => 
)

internalExecute:
Array
(
    [TYPE_ID] => 1
    [ENTITY_TYPE_ID] => 3
    [ENTITY_ID] => 243582
    [STREET] => Чанчынмаа Тюлюш
    [BUILDING] => 11 а
    [POSTAL_CODE] => 668221
    [COUNTRY] => Россия
    [PROVINCE] => Республика Тыва
    [REGION] => Чаа-Хольский район
    [CITY] => с. Шанчы
    [ADDRESS_2] => 
)

internalExecute:
Array
(
    [TYPE_ID] => 4
    [ENTITY_TYPE_ID] => 3
    [ENTITY_ID] => 243583
    [STREET] => Саяно-Шушенская
    [BUILDING] => 8
    [POSTAL_CODE] => 668210
    [COUNTRY] => Россия
    [PROVINCE] => Республика Тыва
    [REGION] => Улуг-Хемский район
    [CITY] => город Шагонар
    [ADDRESS_2] => 116
)

internalExecute:
Array
(
    [TYPE_ID] => 4
    [ENTITY_TYPE_ID] => 3
    [ENTITY_ID] => 243583
    [STREET] => Саяно-Шушенская
    [BUILDING] => 8
    [POSTAL_CODE] => 668210
    [COUNTRY] => Россия
    [PROVINCE] => Республика Тыва
    [REGION] => Улуг-Хемский район
    [CITY] => город Шагонар
    [ADDRESS_2] => 116
)

internalExecute:
Array
(
    [TYPE_ID] => 4
    [ENTITY_TYPE_ID] => 3
    [ENTITY_ID] => 243585
    [STREET] => Дружба
    [BUILDING] => д. 27
    [POSTAL_CODE] => 668380
    [COUNTRY] => Россия
    [PROVINCE] => Республика Тыва
    [REGION] => Эрзинский
    [CITY] => с. Эрзин
    [ADDRESS_2] => 
)

internalExecute:
Array
(
    [TYPE_ID] => 4
    [ENTITY_TYPE_ID] => 3
    [ENTITY_ID] => 243585
    [STREET] => Дружба
    [BUILDING] => д. 27
    [POSTAL_CODE] => 668380
    [COUNTRY] => Россия
    [PROVINCE] => Республика Тыва
    [REGION] => Эрзинский
    [CITY] => с. Эрзин
    [ADDRESS_2] => 
)

internalExecute:
Array
(
    [TYPE_ID] => 1
    [ENTITY_TYPE_ID] => 3
    [ENTITY_ID] => 243585
    [STREET] => Дружба
    [BUILDING] => д. 27
    [POSTAL_CODE] => 668380
    [COUNTRY] => Россия
    [PROVINCE] => Республика Тыва
    [REGION] => Эрзинский
    [CITY] => с. Эрзин
    [ADDRESS_2] => 
)

internalExecute:
Array
(
    [TYPE_ID] => 1
    [ENTITY_TYPE_ID] => 3
    [ENTITY_ID] => 243585
    [STREET] => Дружба
    [BUILDING] => д. 27
    [POSTAL_CODE] => 668380
    [COUNTRY] => Россия
    [PROVINCE] => Республика Тыва
    [REGION] => Эрзинский
    [CITY] => с. Эрзин
    [ADDRESS_2] => 
)

internalExecute:
Array
(
    [TYPE_ID] => 4
    [ENTITY_TYPE_ID] => 3
    [ENTITY_ID] => 243586
    [STREET] => ул. Игоря Солдуп
    [BUILDING] => 3
    [POSTAL_CODE] => 668221
    [COUNTRY] => Россия
    [PROVINCE] => Республика Тыва
    [REGION] => Улуг-Хемский район
    [CITY] => с. Арыг-Узю
    [ADDRESS_2] => 2
)

internalExecute:
Array
(
    [TYPE_ID] => 4
    [ENTITY_TYPE_ID] => 3
    [ENTITY_ID] => 243586
    [STREET] => ул. Игоря Солдуп
    [BUILDING] => 3
    [POSTAL_CODE] => 668221
    [COUNTRY] => Россия
    [PROVINCE] => Республика Тыва
    [REGION] => Улуг-Хемский район
    [CITY] => с. Арыг-Узю
    [ADDRESS_2] => 2
)

internalExecute:
Array
(
    [TYPE_ID] => 1
    [ENTITY_TYPE_ID] => 3
    [ENTITY_ID] => 243586
    [STREET] => ул. Игоря Солдуп
    [BUILDING] => 3
    [POSTAL_CODE] => 668221
    [COUNTRY] => Россия
    [PROVINCE] => Республика Тыва
    [REGION] => Улуг-Хемский район
    [CITY] => с. Арыг-Узю
    [ADDRESS_2] => 2
)

internalExecute:
Array
(
    [TYPE_ID] => 1
    [ENTITY_TYPE_ID] => 3
    [ENTITY_ID] => 243586
    [STREET] => ул. Игоря Солдуп
    [BUILDING] => 3
    [POSTAL_CODE] => 668221
    [COUNTRY] => Россия
    [PROVINCE] => Республика Тыва
    [REGION] => Улуг-Хемский район
    [CITY] => с. Арыг-Узю
    [ADDRESS_2] => 2
)

internalExecute:
Array
(
    [TYPE_ID] => 4
    [ENTITY_TYPE_ID] => 3
    [ENTITY_ID] => 243587
    [STREET] => ул. Сайзырал 
    [BUILDING] => д. 32 А
    [POSTAL_CODE] => 668380
    [COUNTRY] => Россия
    [PROVINCE] => Республика Тыва
    [REGION] => Эрзинский
    [CITY] => с. Эрзин
    [ADDRESS_2] => 
)

internalExecute:
Array
(
    [TYPE_ID] => 4
    [ENTITY_TYPE_ID] => 3
    [ENTITY_ID] => 243587
    [STREET] => ул. Сайзырал 
    [BUILDING] => д. 32 А
    [POSTAL_CODE] => 668380
    [COUNTRY] => Россия
    [PROVINCE] => Республика Тыва
    [REGION] => Эрзинский
    [CITY] => с. Эрзин
    [ADDRESS_2] => 
)

internalExecute:
Array
(
    [TYPE_ID] => 4
    [ENTITY_TYPE_ID] => 3
    [ENTITY_ID] => 243591
    [STREET] => Первомайский
    [BUILDING] => д 104
    [POSTAL_CODE] => 361402
    [COUNTRY] => Россия
    [PROVINCE] => Кабардино-Балкарская Респ
    [REGION] => Чегемский р-н
    [CITY] => с Чегем-Второй
    [ADDRESS_2] => 
)

internalExecute:
Array
(
    [TYPE_ID] => 4
    [ENTITY_TYPE_ID] => 3
    [ENTITY_ID] => 243591
    [STREET] => Первомайский
    [BUILDING] => д 104
    [POSTAL_CODE] => 361402
    [COUNTRY] => Россия
    [PROVINCE] => Кабардино-Балкарская Респ
    [REGION] => Чегемский р-н
    [CITY] => с Чегем-Второй
    [ADDRESS_2] => 
)

internalExecute:
Array
(
    [TYPE_ID] => 1
    [ENTITY_TYPE_ID] => 3
    [ENTITY_ID] => 243591
    [STREET] => Шаковых ул
    [BUILDING] => 99
    [POSTAL_CODE] => 361403
    [COUNTRY] => Россия
    [PROVINCE] => Кабардино-Балкарская Респ
    [REGION] => Чегемский р-н
    [CITY] => г Чегем
    [ADDRESS_2] => 39
)

internalExecute:
Array
(
    [TYPE_ID] => 1
    [ENTITY_TYPE_ID] => 3
    [ENTITY_ID] => 243591
    [STREET] => Шаковых ул
    [BUILDING] => 99
    [POSTAL_CODE] => 361403
    [COUNTRY] => Россия
    [PROVINCE] => Кабардино-Балкарская Респ
    [REGION] => Чегемский р-н
    [CITY] => г Чегем
    [ADDRESS_2] => 39
)

internalExecute:
Array
(
    [TYPE_ID] => 4
    [ENTITY_TYPE_ID] => 3
    [ENTITY_ID] => 243592
    [STREET] => Ленина ул
    [BUILDING] => д 210
    [POSTAL_CODE] => 361402
    [COUNTRY] => Россия
    [PROVINCE] => Кабардино-Балкарская Респ
    [REGION] => Чегемский р-н
    [CITY] => с Чегем-Второй
    [ADDRESS_2] => 
)

internalExecute:
Array
(
    [TYPE_ID] => 4
    [ENTITY_TYPE_ID] => 3
    [ENTITY_ID] => 243592
    [STREET] => Ленина ул
    [BUILDING] => д 210
    [POSTAL_CODE] => 361402
    [COUNTRY] => Россия
    [PROVINCE] => Кабардино-Балкарская Респ
    [REGION] => Чегемский р-н
    [CITY] => с Чегем-Второй
    [ADDRESS_2] => 
)

internalExecute:
Array
(
    [TYPE_ID] => 1
    [ENTITY_TYPE_ID] => 3
    [ENTITY_ID] => 243592
    [STREET] => Шаковых ул
    [BUILDING] => д 99
    [POSTAL_CODE] => 361403
    [COUNTRY] => Россия
    [PROVINCE] => Кабардино-Балкарская Респ
    [REGION] => Чегемский р-н
    [CITY] => г Чегем
    [ADDRESS_2] => 39
)

internalExecute:
Array
(
    [TYPE_ID] => 1
    [ENTITY_TYPE_ID] => 3
    [ENTITY_ID] => 243592
    [STREET] => Шаковых ул
    [BUILDING] => д 99
    [POSTAL_CODE] => 361403
    [COUNTRY] => Россия
    [PROVINCE] => Кабардино-Балкарская Респ
    [REGION] => Чегемский р-н
    [CITY] => г Чегем
    [ADDRESS_2] => 39
)

internalExecute:
Array
(
    [TYPE_ID] => 4
    [ENTITY_TYPE_ID] => 3
    [ENTITY_ID] => 243593
    [STREET] => Ленина ул
    [BUILDING] => д 210
    [POSTAL_CODE] => 361402
    [COUNTRY] => Россия
    [PROVINCE] => Кабардино-Балкарская Респ
    [REGION] => Чегемский р-н
    [CITY] => с Чегем-Второй
    [ADDRESS_2] => 
)

internalExecute:
Array
(
    [TYPE_ID] => 4
    [ENTITY_TYPE_ID] => 3
    [ENTITY_ID] => 243593
    [STREET] => Ленина ул
    [BUILDING] => д 210
    [POSTAL_CODE] => 361402
    [COUNTRY] => Россия
    [PROVINCE] => Кабардино-Балкарская Респ
    [REGION] => Чегемский р-н
    [CITY] => с Чегем-Второй
    [ADDRESS_2] => 
)

internalExecute:
Array
(
    [TYPE_ID] => 1
    [ENTITY_TYPE_ID] => 3
    [ENTITY_ID] => 243593
    [STREET] => Шаковых ул
    [BUILDING] => д 99
    [POSTAL_CODE] => 361403
    [COUNTRY] => Россия
    [PROVINCE] => Кабардино-Балкарская Респ
    [REGION] => Чегемский р-н
    [CITY] => г Чегем
    [ADDRESS_2] => 
)

internalExecute:
Array
(
    [TYPE_ID] => 1
    [ENTITY_TYPE_ID] => 3
    [ENTITY_ID] => 243593
    [STREET] => Шаковых ул
    [BUILDING] => д 99
    [POSTAL_CODE] => 361403
    [COUNTRY] => Россия
    [PROVINCE] => Кабардино-Балкарская Респ
    [REGION] => Чегемский р-н
    [CITY] => г Чегем
    [ADDRESS_2] => 
)

internalExecute:
Array
(
    [TYPE_ID] => 4
    [ENTITY_TYPE_ID] => 3
    [ENTITY_ID] => 243596
    [STREET] => Дружбы
    [BUILDING] => 37 А
    [POSTAL_CODE] => 667000
    [COUNTRY] => Россия
    [PROVINCE] => Республика Тыва
    [REGION] => 
    [CITY] => город Кызыл
    [ADDRESS_2] => 45
)

internalExecute:
Array
(
    [TYPE_ID] => 4
    [ENTITY_TYPE_ID] => 3
    [ENTITY_ID] => 243596
    [STREET] => Дружбы
    [BUILDING] => 37 А
    [POSTAL_CODE] => 667000
    [COUNTRY] => Россия
    [PROVINCE] => Республика Тыва
    [REGION] => 
    [CITY] => город Кызыл
    [ADDRESS_2] => 45
)

internalExecute:
Array
(
    [TYPE_ID] => 1
    [ENTITY_TYPE_ID] => 3
    [ENTITY_ID] => 243596
    [STREET] => Дружбы
    [BUILDING] => 37 А
    [POSTAL_CODE] => 667000
    [COUNTRY] => Россия
    [PROVINCE] => Республика Тыва
    [REGION] => 
    [CITY] => город Кызыл
    [ADDRESS_2] => 45
)

internalExecute:
Array
(
    [TYPE_ID] => 1
    [ENTITY_TYPE_ID] => 3
    [ENTITY_ID] => 243596
    [STREET] => Дружбы
    [BUILDING] => 37 А
    [POSTAL_CODE] => 667000
    [COUNTRY] => Россия
    [PROVINCE] => Республика Тыва
    [REGION] => 
    [CITY] => город Кызыл
    [ADDRESS_2] => 45
)

internalExecute:
Array
(
    [TYPE_ID] => 4
    [ENTITY_TYPE_ID] => 3
    [ENTITY_ID] => 243597
    [STREET] => Безымянная
    [BUILDING] => 59
    [POSTAL_CODE] => 667000
    [COUNTRY] => Россия
    [PROVINCE] => Республика Тыва
    [REGION] => 
    [CITY] => город Кызыл
    [ADDRESS_2] => 
)

internalExecute:
Array
(
    [TYPE_ID] => 4
    [ENTITY_TYPE_ID] => 3
    [ENTITY_ID] => 243597
    [STREET] => Безымянная
    [BUILDING] => 59
    [POSTAL_CODE] => 667000
    [COUNTRY] => Россия
    [PROVINCE] => Республика Тыва
    [REGION] => 
    [CITY] => город Кызыл
    [ADDRESS_2] => 
)

internalExecute:
Array
(
    [TYPE_ID] => 4
    [ENTITY_TYPE_ID] => 3
    [ENTITY_ID] => 243608
    [STREET] => Восходовская
    [BUILDING] => 32
    [POSTAL_CODE] => 
    [COUNTRY] => Россия
    [PROVINCE] => Кемеровская область-Кузбасс
    [REGION] => Ленинск-Кузнецкий
    [CITY] => с.Красное
    [ADDRESS_2] => 
)

internalExecute:
Array
(
    [TYPE_ID] => 4
    [ENTITY_TYPE_ID] => 3
    [ENTITY_ID] => 243608
    [STREET] => Восходовская
    [BUILDING] => 32
    [POSTAL_CODE] => 
    [COUNTRY] => Россия
    [PROVINCE] => Кемеровская область-Кузбасс
    [REGION] => Ленинск-Кузнецкий
    [CITY] => с.Красное
    [ADDRESS_2] => 
)

internalExecute:
Array
(
    [TYPE_ID] => 1
    [ENTITY_TYPE_ID] => 3
    [ENTITY_ID] => 243608
    [STREET] => Восходовская
    [BUILDING] => 32
    [POSTAL_CODE] => 
    [COUNTRY] => Россия
    [PROVINCE] => Кемеровская область-Кузбасс
    [REGION] => Ленинск-Кузнецкий
    [CITY] => с.Красное
    [ADDRESS_2] => 
)

internalExecute:
Array
(
    [TYPE_ID] => 1
    [ENTITY_TYPE_ID] => 3
    [ENTITY_ID] => 243608
    [STREET] => Восходовская
    [BUILDING] => 32
    [POSTAL_CODE] => 
    [COUNTRY] => Россия
    [PROVINCE] => Кемеровская область-Кузбасс
    [REGION] => Ленинск-Кузнецкий
    [CITY] => с.Красное
    [ADDRESS_2] => 
)

internalExecute:
Array
(
    [TYPE_ID] => 4
    [ENTITY_TYPE_ID] => 3
    [ENTITY_ID] => 243609
    [STREET] => Первомайская 
    [BUILDING] => 6
    [POSTAL_CODE] => 
    [COUNTRY] => Россия
    [PROVINCE] => Кемеровкая область-кузбасс
    [REGION] => Беловский
    [CITY] => д.Новороссийка
    [ADDRESS_2] => 1
)

internalExecute:
Array
(
    [TYPE_ID] => 4
    [ENTITY_TYPE_ID] => 3
    [ENTITY_ID] => 243609
    [STREET] => Первомайская 
    [BUILDING] => 6
    [POSTAL_CODE] => 
    [COUNTRY] => Россия
    [PROVINCE] => Кемеровкая область-кузбасс
    [REGION] => Беловский
    [CITY] => д.Новороссийка
    [ADDRESS_2] => 1
)

internalExecute:
Array
(
    [TYPE_ID] => 1
    [ENTITY_TYPE_ID] => 4
    [ENTITY_ID] => 50286
    [STREET] => Коста Хетагурова 
    [BUILDING] => 83
    [POSTAL_CODE] => 
    [COUNTRY] => Россия
    [PROVINCE] => Республика Северная Осетия-Алания
    [REGION] => Алагирский
    [CITY] => Алагир
    [ADDRESS_2] => 
)

internalExecute:
Array
(
    [TYPE_ID] => 1
    [ENTITY_TYPE_ID] => 4
    [ENTITY_ID] => 50286
    [STREET] => Коста Хетагурова 
    [BUILDING] => 83
    [POSTAL_CODE] => 
    [COUNTRY] => Россия
    [PROVINCE] => Республика Северная Осетия-Алания
    [REGION] => Алагирский
    [CITY] => Алагир
    [ADDRESS_2] => 
)

internalExecute:
Array
(
    [TYPE_ID] => 1
    [ENTITY_TYPE_ID] => 4
    [ENTITY_ID] => 50306
    [STREET] => Дауда Карабудахкентского ул
    [BUILDING] => 5 д
    [POSTAL_CODE] => 
    [COUNTRY] => 
    [PROVINCE] => Дагестан Респ
    [REGION] => 
    [CITY] => Карабудахкент с
    [ADDRESS_2] => тупик 6
)

internalExecute:
Array
(
    [TYPE_ID] => 1
    [ENTITY_TYPE_ID] => 4
    [ENTITY_ID] => 50306
    [STREET] => Дауда Карабудахкентского ул
    [BUILDING] => 5 д
    [POSTAL_CODE] => 
    [COUNTRY] => 
    [PROVINCE] => Дагестан Респ
    [REGION] => 
    [CITY] => Карабудахкент с
    [ADDRESS_2] => тупик 6
)

internalExecute:
Array
(
    [TYPE_ID] => 4
    [ENTITY_TYPE_ID] => 3
    [ENTITY_ID] => 243679
    [STREET] => Первомайская
    [BUILDING] => 129
    [POSTAL_CODE] => 361535
    [COUNTRY] => Россия
    [PROVINCE] => Кабардино-Балкарская Республика
    [REGION] => Баксанский
    [CITY] => Баксан
    [ADDRESS_2] => 
)

internalExecute:
Array
(
    [TYPE_ID] => 4
    [ENTITY_TYPE_ID] => 3
    [ENTITY_ID] => 243679
    [STREET] => Первомайская
    [BUILDING] => 129
    [POSTAL_CODE] => 361535
    [COUNTRY] => Россия
    [PROVINCE] => Кабардино-Балкарская Республика
    [REGION] => Баксанский
    [CITY] => Баксан
    [ADDRESS_2] => 
)

internalExecute:
Array
(
    [TYPE_ID] => 1
    [ENTITY_TYPE_ID] => 3
    [ENTITY_ID] => 243679
    [STREET] => Первомайская
    [BUILDING] => 129
    [POSTAL_CODE] => 361535
    [COUNTRY] => Россия
    [PROVINCE] => Кабардино-Балкарская Республика
    [REGION] => Баксанский
    [CITY] => Баксан
    [ADDRESS_2] => 
)

internalExecute:
Array
(
    [TYPE_ID] => 1
    [ENTITY_TYPE_ID] => 3
    [ENTITY_ID] => 243679
    [STREET] => Первомайская
    [BUILDING] => 129
    [POSTAL_CODE] => 361535
    [COUNTRY] => Россия
    [PROVINCE] => Кабардино-Балкарская Республика
    [REGION] => Баксанский
    [CITY] => Баксан
    [ADDRESS_2] => 
)

internalExecute:
Array
(
    [TYPE_ID] => 4
    [ENTITY_TYPE_ID] => 3
    [ENTITY_ID] => 243680
    [STREET] => Шогенцукова
    [BUILDING] => 224
    [POSTAL_CODE] => 361535
    [COUNTRY] => Россия
    [PROVINCE] => Кабардино-Балкарская Республика
    [REGION] => Баксанский
    [CITY] => Баксан
    [ADDRESS_2] => 
)

internalExecute:
Array
(
    [TYPE_ID] => 4
    [ENTITY_TYPE_ID] => 3
    [ENTITY_ID] => 243680
    [STREET] => Шогенцукова
    [BUILDING] => 224
    [POSTAL_CODE] => 361535
    [COUNTRY] => Россия
    [PROVINCE] => Кабардино-Балкарская Республика
    [REGION] => Баксанский
    [CITY] => Баксан
    [ADDRESS_2] => 
)

internalExecute:
Array
(
    [TYPE_ID] => 1
    [ENTITY_TYPE_ID] => 3
    [ENTITY_ID] => 243680
    [STREET] => Шогенцукова
    [BUILDING] => 224
    [POSTAL_CODE] => 361535
    [COUNTRY] => Россия
    [PROVINCE] => Кабардино-Балкарская Республика
    [REGION] => Баксанский
    [CITY] => Баксан
    [ADDRESS_2] => 
)

internalExecute:
Array
(
    [TYPE_ID] => 1
    [ENTITY_TYPE_ID] => 3
    [ENTITY_ID] => 243680
    [STREET] => Шогенцукова
    [BUILDING] => 224
    [POSTAL_CODE] => 361535
    [COUNTRY] => Россия
    [PROVINCE] => Кабардино-Балкарская Республика
    [REGION] => Баксанский
    [CITY] => Баксан
    [ADDRESS_2] => 
)

internalExecute:
Array
(
    [TYPE_ID] => 4
    [ENTITY_TYPE_ID] => 3
    [ENTITY_ID] => 243681
    [STREET] => Профсоюзная
    [BUILDING] => 232
    [POSTAL_CODE] => 360000
    [COUNTRY] => Россия
    [PROVINCE] => Кабардино-Балкарская Республика
    [REGION] => 
    [CITY] => Нальчик
    [ADDRESS_2] => 70
)

internalExecute:
Array
(
    [TYPE_ID] => 4
    [ENTITY_TYPE_ID] => 3
    [ENTITY_ID] => 243681
    [STREET] => Профсоюзная
    [BUILDING] => 232
    [POSTAL_CODE] => 360000
    [COUNTRY] => Россия
    [PROVINCE] => Кабардино-Балкарская Республика
    [REGION] => 
    [CITY] => Нальчик
    [ADDRESS_2] => 70
)

internalExecute:
Array
(
    [TYPE_ID] => 1
    [ENTITY_TYPE_ID] => 3
    [ENTITY_ID] => 243681
    [STREET] => Профсоюзная
    [BUILDING] => 232
    [POSTAL_CODE] => 360000
    [COUNTRY] => Россия
    [PROVINCE] => Кабардино-Балкарская Республика
    [REGION] => 
    [CITY] => Нальчик
    [ADDRESS_2] => 70
)

internalExecute:
Array
(
    [TYPE_ID] => 1
    [ENTITY_TYPE_ID] => 3
    [ENTITY_ID] => 243681
    [STREET] => Профсоюзная
    [BUILDING] => 232
    [POSTAL_CODE] => 360000
    [COUNTRY] => Россия
    [PROVINCE] => Кабардино-Балкарская Республика
    [REGION] => 
    [CITY] => Нальчик
    [ADDRESS_2] => 70
)

internalExecute:
Array
(
    [TYPE_ID] => 4
    [ENTITY_TYPE_ID] => 3
    [ENTITY_ID] => 243685
    [STREET] => Нагорная 
    [BUILDING] => 28
    [POSTAL_CODE] => 678070
    [COUNTRY] => Россия
    [PROVINCE] => Республика Саха (Якутия)
    [REGION] => Мегино-Кангаласский
    [CITY] => Майя
    [ADDRESS_2] => 
)

internalExecute:
Array
(
    [TYPE_ID] => 4
    [ENTITY_TYPE_ID] => 3
    [ENTITY_ID] => 243685
    [STREET] => Нагорная 
    [BUILDING] => 28
    [POSTAL_CODE] => 678070
    [COUNTRY] => Россия
    [PROVINCE] => Республика Саха (Якутия)
    [REGION] => Мегино-Кангаласский
    [CITY] => Майя
    [ADDRESS_2] => 
)

internalExecute:
Array
(
    [TYPE_ID] => 1
    [ENTITY_TYPE_ID] => 3
    [ENTITY_ID] => 243685
    [STREET] => Нагорная 
    [BUILDING] => 28
    [POSTAL_CODE] => 678070
    [COUNTRY] => Россия
    [PROVINCE] => Республика Саха (Якутия)
    [REGION] => Мегино-Кангаласский
    [CITY] => Майя
    [ADDRESS_2] => 
)

internalExecute:
Array
(
    [TYPE_ID] => 1
    [ENTITY_TYPE_ID] => 3
    [ENTITY_ID] => 243685
    [STREET] => Нагорная 
    [BUILDING] => 28
    [POSTAL_CODE] => 678070
    [COUNTRY] => Россия
    [PROVINCE] => Республика Саха (Якутия)
    [REGION] => Мегино-Кангаласский
    [CITY] => Майя
    [ADDRESS_2] => 
)

internalExecute:
Array
(
    [TYPE_ID] => 4
    [ENTITY_TYPE_ID] => 3
    [ENTITY_ID] => 243686
    [STREET] => Переулок Дорожников
    [BUILDING] => 2/7
    [POSTAL_CODE] => 678070
    [COUNTRY] => Россия
    [PROVINCE] => Республика Саха (Якутия)
    [REGION] => Мегино-Кангаласский
    [CITY] => Майя
    [ADDRESS_2] => 
)

internalExecute:
Array
(
    [TYPE_ID] => 4
    [ENTITY_TYPE_ID] => 3
    [ENTITY_ID] => 243686
    [STREET] => Переулок Дорожников
    [BUILDING] => 2/7
    [POSTAL_CODE] => 678070
    [COUNTRY] => Россия
    [PROVINCE] => Республика Саха (Якутия)
    [REGION] => Мегино-Кангаласский
    [CITY] => Майя
    [ADDRESS_2] => 
)

internalExecute:
Array
(
    [TYPE_ID] => 1
    [ENTITY_TYPE_ID] => 3
    [ENTITY_ID] => 243686
    [STREET] => Переулок Дорожников
    [BUILDING] => 2/7
    [POSTAL_CODE] => 678070
    [COUNTRY] => Россия
    [PROVINCE] => Республика Саха (Якутия)
    [REGION] => Мегино-Кангаласский
    [CITY] => Майя
    [ADDRESS_2] => 
)

internalExecute:
Array
(
    [TYPE_ID] => 1
    [ENTITY_TYPE_ID] => 3
    [ENTITY_ID] => 243686
    [STREET] => Переулок Дорожников
    [BUILDING] => 2/7
    [POSTAL_CODE] => 678070
    [COUNTRY] => Россия
    [PROVINCE] => Республика Саха (Якутия)
    [REGION] => Мегино-Кангаласский
    [CITY] => Майя
    [ADDRESS_2] => 
)

internalExecute:
Array
(
    [TYPE_ID] => 4
    [ENTITY_TYPE_ID] => 3
    [ENTITY_ID] => 243687
    [STREET] => Рабочая
    [BUILDING] => 7
    [POSTAL_CODE] => 678070
    [COUNTRY] => Россия
    [PROVINCE] => Республика Саха (Якутия)
    [REGION] => Мегино-Кангаласский
    [CITY] => Майя
    [ADDRESS_2] => 
)

internalExecute:
Array
(
    [TYPE_ID] => 4
    [ENTITY_TYPE_ID] => 3
    [ENTITY_ID] => 243687
    [STREET] => Рабочая
    [BUILDING] => 7
    [POSTAL_CODE] => 678070
    [COUNTRY] => Россия
    [PROVINCE] => Республика Саха (Якутия)
    [REGION] => Мегино-Кангаласский
    [CITY] => Майя
    [ADDRESS_2] => 
)

internalExecute:
Array
(
    [TYPE_ID] => 1
    [ENTITY_TYPE_ID] => 3
    [ENTITY_ID] => 243687
    [STREET] => Сосновая
    [BUILDING] => 13
    [POSTAL_CODE] => 678070
    [COUNTRY] => Россия
    [PROVINCE] => Республика Саха (Якутия)
    [REGION] => Мегино-Кангаласский
    [CITY] => Майя
    [ADDRESS_2] => 
)

internalExecute:
Array
(
    [TYPE_ID] => 1
    [ENTITY_TYPE_ID] => 3
    [ENTITY_ID] => 243687
    [STREET] => Сосновая
    [BUILDING] => 13
    [POSTAL_CODE] => 678070
    [COUNTRY] => Россия
    [PROVINCE] => Республика Саха (Якутия)
    [REGION] => Мегино-Кангаласский
    [CITY] => Майя
    [ADDRESS_2] => 
)

internalExecute:
Array
(
    [TYPE_ID] => 4
    [ENTITY_TYPE_ID] => 3
    [ENTITY_ID] => 243695
    [STREET] => Ленина
    [BUILDING] => 53
    [POSTAL_CODE] => 366121
    [COUNTRY] => Россия
    [PROVINCE] => Чеченская Республика
    [REGION] => Наурский
    [CITY] => ст-ца Мекенская
    [ADDRESS_2] => 
)

internalExecute:
Array
(
    [TYPE_ID] => 4
    [ENTITY_TYPE_ID] => 3
    [ENTITY_ID] => 243695
    [STREET] => Ленина
    [BUILDING] => 53
    [POSTAL_CODE] => 366121
    [COUNTRY] => Россия
    [PROVINCE] => Чеченская Республика
    [REGION] => Наурский
    [CITY] => ст-ца Мекенская
    [ADDRESS_2] => 
)

internalExecute:
Array
(
    [TYPE_ID] => 1
    [ENTITY_TYPE_ID] => 3
    [ENTITY_ID] => 243695
    [STREET] => Свободы
    [BUILDING] => 104
    [POSTAL_CODE] => 361045
    [COUNTRY] => Россия
    [PROVINCE] => Кабардино-Балкарская Республика
    [REGION] => Прохладненский
    [CITY] => Прохладный
    [ADDRESS_2] => 28
)

internalExecute:
Array
(
    [TYPE_ID] => 1
    [ENTITY_TYPE_ID] => 3
    [ENTITY_ID] => 243695
    [STREET] => Свободы
    [BUILDING] => 104
    [POSTAL_CODE] => 361045
    [COUNTRY] => Россия
    [PROVINCE] => Кабардино-Балкарская Республика
    [REGION] => Прохладненский
    [CITY] => Прохладный
    [ADDRESS_2] => 28
)

internalExecute:
Array
(
    [TYPE_ID] => 4
    [ENTITY_TYPE_ID] => 3
    [ENTITY_ID] => 243696
    [STREET] => Ленина
    [BUILDING] => 53
    [POSTAL_CODE] => 366121
    [COUNTRY] => Россия
    [PROVINCE] => Чеченская Республика
    [REGION] => Наурский
    [CITY] => ст-ца Мекенская
    [ADDRESS_2] => 
)

internalExecute:
Array
(
    [TYPE_ID] => 4
    [ENTITY_TYPE_ID] => 3
    [ENTITY_ID] => 243696
    [STREET] => Ленина
    [BUILDING] => 53
    [POSTAL_CODE] => 366121
    [COUNTRY] => Россия
    [PROVINCE] => Чеченская Республика
    [REGION] => Наурский
    [CITY] => ст-ца Мекенская
    [ADDRESS_2] => 
)

internalExecute:
Array
(
    [TYPE_ID] => 1
    [ENTITY_TYPE_ID] => 3
    [ENTITY_ID] => 243696
    [STREET] => Ленина
    [BUILDING] => 53
    [POSTAL_CODE] => 366121
    [COUNTRY] => Россия
    [PROVINCE] => Чеченская Республика
    [REGION] => Наурский
    [CITY] => {{Населенный пункт}}
    [ADDRESS_2] => 
)

internalExecute:
Array
(
    [TYPE_ID] => 1
    [ENTITY_TYPE_ID] => 3
    [ENTITY_ID] => 243696
    [STREET] => Ленина
    [BUILDING] => 53
    [POSTAL_CODE] => 366121
    [COUNTRY] => Россия
    [PROVINCE] => Чеченская Республика
    [REGION] => Наурский
    [CITY] => {{Населенный пункт}}
    [ADDRESS_2] => 
)

internalExecute:
Array
(
    [TYPE_ID] => 4
    [ENTITY_TYPE_ID] => 3
    [ENTITY_ID] => 243697
    [STREET] => 
    [BUILDING] => 
    [POSTAL_CODE] => 
    [COUNTRY] => Россия
    [PROVINCE] => 
    [REGION] => 
    [CITY] => 
    [ADDRESS_2] => 
)

internalExecute:
Array
(
    [TYPE_ID] => 4
    [ENTITY_TYPE_ID] => 3
    [ENTITY_ID] => 243697
    [STREET] => 
    [BUILDING] => 
    [POSTAL_CODE] => 
    [COUNTRY] => Россия
    [PROVINCE] => 
    [REGION] => 
    [CITY] => 
    [ADDRESS_2] => 
)

internalExecute:
Array
(
    [TYPE_ID] => 4
    [ENTITY_TYPE_ID] => 3
    [ENTITY_ID] => 243703
    [STREET] => ул. Дажыл-Намчал
    [BUILDING] => 5
    [POSTAL_CODE] => 668160
    [COUNTRY] => Россия
    [PROVINCE] => Республика Тыва
    [REGION] => Сут-Хольский район
    [CITY] => с. Алдан-Маадыр
    [ADDRESS_2] => 1
)

internalExecute:
Array
(
    [TYPE_ID] => 4
    [ENTITY_TYPE_ID] => 3
    [ENTITY_ID] => 243703
    [STREET] => ул. Дажыл-Намчал
    [BUILDING] => 5
    [POSTAL_CODE] => 668160
    [COUNTRY] => Россия
    [PROVINCE] => Республика Тыва
    [REGION] => Сут-Хольский район
    [CITY] => с. Алдан-Маадыр
    [ADDRESS_2] => 1
)

internalExecute:
Array
(
    [TYPE_ID] => 1
    [ENTITY_TYPE_ID] => 3
    [ENTITY_ID] => 243703
    [STREET] => ул. Дажыл-Намчал
    [BUILDING] => 5
    [POSTAL_CODE] => 668160
    [COUNTRY] => Россия
    [PROVINCE] => Республика Тыва
    [REGION] => Сут-Хольский район
    [CITY] => с. Алдан-Маадыр
    [ADDRESS_2] => 1
)

internalExecute:
Array
(
    [TYPE_ID] => 1
    [ENTITY_TYPE_ID] => 3
    [ENTITY_ID] => 243703
    [STREET] => ул. Дажыл-Намчал
    [BUILDING] => 5
    [POSTAL_CODE] => 668160
    [COUNTRY] => Россия
    [PROVINCE] => Республика Тыва
    [REGION] => Сут-Хольский район
    [CITY] => с. Алдан-Маадыр
    [ADDRESS_2] => 1
)

internalExecute:
Array
(
    [TYPE_ID] => 4
    [ENTITY_TYPE_ID] => 3
    [ENTITY_ID] => 243704
    [STREET] => ул. Чогаалчылар 
    [BUILDING] => 45
    [POSTAL_CODE] => 668160
    [COUNTRY] => Россия
    [PROVINCE] => Республика Тыва
    [REGION] => Сут-Хольский район
    [CITY] => с. Суг-Аксы, 
    [ADDRESS_2] => 3
)

internalExecute:
Array
(
    [TYPE_ID] => 4
    [ENTITY_TYPE_ID] => 3
    [ENTITY_ID] => 243704
    [STREET] => ул. Чогаалчылар 
    [BUILDING] => 45
    [POSTAL_CODE] => 668160
    [COUNTRY] => Россия
    [PROVINCE] => Республика Тыва
    [REGION] => Сут-Хольский район
    [CITY] => с. Суг-Аксы, 
    [ADDRESS_2] => 3
)

internalExecute:
Array
(
    [TYPE_ID] => 4
    [ENTITY_TYPE_ID] => 3
    [ENTITY_ID] => 243705
    [STREET] => Гобедашвили ул
    [BUILDING] => д 5
    [POSTAL_CODE] => 360012
    [COUNTRY] => Россия
    [PROVINCE] => Кабардино-Балкарская Респ
    [REGION] => 
    [CITY] => г Нальчик
    [ADDRESS_2] => 
)

internalExecute:
Array
(
    [TYPE_ID] => 4
    [ENTITY_TYPE_ID] => 3
    [ENTITY_ID] => 243705
    [STREET] => Гобедашвили ул
    [BUILDING] => д 5
    [POSTAL_CODE] => 360012
    [COUNTRY] => Россия
    [PROVINCE] => Кабардино-Балкарская Респ
    [REGION] => 
    [CITY] => г Нальчик
    [ADDRESS_2] => 
)

internalExecute:
Array
(
    [TYPE_ID] => 1
    [ENTITY_TYPE_ID] => 3
    [ENTITY_ID] => 243705
    [STREET] => Карачаевская ул
    [BUILDING] => 3
    [POSTAL_CODE] => 360903
    [COUNTRY] => Россия
    [PROVINCE] => Кабардино-Балкарская Респ
    [REGION] => с.Хасанья
    [CITY] => г Нальчик
    [ADDRESS_2] => 
)

internalExecute:
Array
(
    [TYPE_ID] => 1
    [ENTITY_TYPE_ID] => 3
    [ENTITY_ID] => 243705
    [STREET] => Карачаевская ул
    [BUILDING] => 3
    [POSTAL_CODE] => 360903
    [COUNTRY] => Россия
    [PROVINCE] => Кабардино-Балкарская Респ
    [REGION] => с.Хасанья
    [CITY] => г Нальчик
    [ADDRESS_2] => 
)

internalExecute:
Array
(
    [TYPE_ID] => 4
    [ENTITY_TYPE_ID] => 3
    [ENTITY_ID] => 243706
    [STREET] => Карачаевская ул
    [BUILDING] => д 2
    [POSTAL_CODE] => 360903
    [COUNTRY] => Россия
    [PROVINCE] => Кабардино-Балкарская Респ
    [REGION] => с.Хасанья
    [CITY] => г Нальчик
    [ADDRESS_2] => 
)

internalExecute:
Array
(
    [TYPE_ID] => 4
    [ENTITY_TYPE_ID] => 3
    [ENTITY_ID] => 243706
    [STREET] => Карачаевская ул
    [BUILDING] => д 2
    [POSTAL_CODE] => 360903
    [COUNTRY] => Россия
    [PROVINCE] => Кабардино-Балкарская Респ
    [REGION] => с.Хасанья
    [CITY] => г Нальчик
    [ADDRESS_2] => 
)

internalExecute:
Array
(
    [TYPE_ID] => 1
    [ENTITY_TYPE_ID] => 3
    [ENTITY_ID] => 243706
    [STREET] => Карачаевская ул
    [BUILDING] => д 2
    [POSTAL_CODE] => 360903
    [COUNTRY] => Россия
    [PROVINCE] => Кабардино-Балкарская Респ
    [REGION] => с.Хасанья
    [CITY] => г Нальчик
    [ADDRESS_2] => 
)

internalExecute:
Array
(
    [TYPE_ID] => 1
    [ENTITY_TYPE_ID] => 3
    [ENTITY_ID] => 243706
    [STREET] => Карачаевская ул
    [BUILDING] => д 2
    [POSTAL_CODE] => 360903
    [COUNTRY] => Россия
    [PROVINCE] => Кабардино-Балкарская Респ
    [REGION] => с.Хасанья
    [CITY] => г Нальчик
    [ADDRESS_2] => 
)

internalExecute:
Array
(
    [TYPE_ID] => 4
    [ENTITY_TYPE_ID] => 3
    [ENTITY_ID] => 243707
    [STREET] => Гобедашвили ул
    [BUILDING] => д 5
    [POSTAL_CODE] => 360012
    [COUNTRY] => Россия
    [PROVINCE] => Кабардино-Балкарская Респ
    [REGION] => 
    [CITY] => г Нальчик
    [ADDRESS_2] => 
)

internalExecute:
Array
(
    [TYPE_ID] => 4
    [ENTITY_TYPE_ID] => 3
    [ENTITY_ID] => 243707
    [STREET] => Гобедашвили ул
    [BUILDING] => д 5
    [POSTAL_CODE] => 360012
    [COUNTRY] => Россия
    [PROVINCE] => Кабардино-Балкарская Респ
    [REGION] => 
    [CITY] => г Нальчик
    [ADDRESS_2] => 
)

internalExecute:
Array
(
    [TYPE_ID] => 1
    [ENTITY_TYPE_ID] => 3
    [ENTITY_ID] => 243707
    [STREET] => Гобедашвили ул
    [BUILDING] => д 5
    [POSTAL_CODE] => 360012
    [COUNTRY] => Россия
    [PROVINCE] => Кабардино-Балкарская Респ
    [REGION] => 
    [CITY] => г Нальчик
    [ADDRESS_2] => 
)

internalExecute:
Array
(
    [TYPE_ID] => 1
    [ENTITY_TYPE_ID] => 3
    [ENTITY_ID] => 243707
    [STREET] => Гобедашвили ул
    [BUILDING] => д 5
    [POSTAL_CODE] => 360012
    [COUNTRY] => Россия
    [PROVINCE] => Кабардино-Балкарская Респ
    [REGION] => 
    [CITY] => г Нальчик
    [ADDRESS_2] => 
)

internalExecute:
Array
(
    [TYPE_ID] => 4
    [ENTITY_TYPE_ID] => 3
    [ENTITY_ID] => 243725
    [STREET] => Первомайская
    [BUILDING] => 19
    [POSTAL_CODE] => 668330
    [COUNTRY] => Россия
    [PROVINCE] => Республика Тыва
    [REGION] => Чеди-Хольский район
    [CITY] => с. Хову-Аксы
    [ADDRESS_2] => 42
)

internalExecute:
Array
(
    [TYPE_ID] => 4
    [ENTITY_TYPE_ID] => 3
    [ENTITY_ID] => 243725
    [STREET] => Первомайская
    [BUILDING] => 19
    [POSTAL_CODE] => 668330
    [COUNTRY] => Россия
    [PROVINCE] => Республика Тыва
    [REGION] => Чеди-Хольский район
    [CITY] => с. Хову-Аксы
    [ADDRESS_2] => 42
)

internalExecute:
Array
(
    [TYPE_ID] => 1
    [ENTITY_TYPE_ID] => 3
    [ENTITY_ID] => 243725
    [STREET] => Березовая
    [BUILDING] => 50
    [POSTAL_CODE] => 
    [COUNTRY] => Россия
    [PROVINCE] => Республика Хакасия
    [REGION] => Усть-Абаканский район 
    [CITY] => п. Расцвет
    [ADDRESS_2] => 
)

internalExecute:
Array
(
    [TYPE_ID] => 1
    [ENTITY_TYPE_ID] => 3
    [ENTITY_ID] => 243725
    [STREET] => Березовая
    [BUILDING] => 50
    [POSTAL_CODE] => 
    [COUNTRY] => Россия
    [PROVINCE] => Республика Хакасия
    [REGION] => Усть-Абаканский район 
    [CITY] => п. Расцвет
    [ADDRESS_2] => 
)

internalExecute:
Array
(
    [TYPE_ID] => 4
    [ENTITY_TYPE_ID] => 3
    [ENTITY_ID] => 243726
    [STREET] => Буруле
    [BUILDING] => 17
    [POSTAL_CODE] => 667904
    [COUNTRY] => Россия
    [PROVINCE] => Республика Тыва
    [REGION] => Кызылский район
    [CITY] => с. Сукпак
    [ADDRESS_2] => 1
)

internalExecute:
Array
(
    [TYPE_ID] => 4
    [ENTITY_TYPE_ID] => 3
    [ENTITY_ID] => 243726
    [STREET] => Буруле
    [BUILDING] => 17
    [POSTAL_CODE] => 667904
    [COUNTRY] => Россия
    [PROVINCE] => Республика Тыва
    [REGION] => Кызылский район
    [CITY] => с. Сукпак
    [ADDRESS_2] => 1
)

internalExecute:
Array
(
    [TYPE_ID] => 4
    [ENTITY_TYPE_ID] => 3
    [ENTITY_ID] => 243727
    [STREET] => Трудовая
    [BUILDING] => 6
    [POSTAL_CODE] => 
    [COUNTRY] => Россия
    [PROVINCE] => Кемеровская область-Кузбасс
    [REGION] => Кемеровский 
    [CITY] => д.Мозжуха
    [ADDRESS_2] => 18
)

internalExecute:
Array
(
    [TYPE_ID] => 4
    [ENTITY_TYPE_ID] => 3
    [ENTITY_ID] => 243727
    [STREET] => Трудовая
    [BUILDING] => 6
    [POSTAL_CODE] => 
    [COUNTRY] => Россия
    [PROVINCE] => Кемеровская область-Кузбасс
    [REGION] => Кемеровский 
    [CITY] => д.Мозжуха
    [ADDRESS_2] => 18
)

internalExecute:
Array
(
    [TYPE_ID] => 1
    [ENTITY_TYPE_ID] => 3
    [ENTITY_ID] => 243727
    [STREET] => Трудовая
    [BUILDING] => 6
    [POSTAL_CODE] => 
    [COUNTRY] => Россия
    [PROVINCE] => Кемеровская область-Кузбасс
    [REGION] => Кемеровский 
    [CITY] => д.Мозжуха
    [ADDRESS_2] => 18
)

internalExecute:
Array
(
    [TYPE_ID] => 1
    [ENTITY_TYPE_ID] => 3
    [ENTITY_ID] => 243727
    [STREET] => Трудовая
    [BUILDING] => 6
    [POSTAL_CODE] => 
    [COUNTRY] => Россия
    [PROVINCE] => Кемеровская область-Кузбасс
    [REGION] => Кемеровский 
    [CITY] => д.Мозжуха
    [ADDRESS_2] => 18
)

internalExecute:
Array
(
    [TYPE_ID] => 4
    [ENTITY_TYPE_ID] => 3
    [ENTITY_ID] => 243728
    [STREET] => проезд Суворова
    [BUILDING] => д.1
    [POSTAL_CODE] => 
    [COUNTRY] => Россия
    [PROVINCE] => Кемеровская обл-Кузбасс
    [REGION] => 
    [CITY] => Ленинск-Кузнецкий
    [ADDRESS_2] => кв. 3
)

internalExecute:
Array
(
    [TYPE_ID] => 4
    [ENTITY_TYPE_ID] => 3
    [ENTITY_ID] => 243728
    [STREET] => проезд Суворова
    [BUILDING] => д.1
    [POSTAL_CODE] => 
    [COUNTRY] => Россия
    [PROVINCE] => Кемеровская обл-Кузбасс
    [REGION] => 
    [CITY] => Ленинск-Кузнецкий
    [ADDRESS_2] => кв. 3
)

internalExecute:
Array
(
    [TYPE_ID] => 4
    [ENTITY_TYPE_ID] => 3
    [ENTITY_ID] => 243729
    [STREET] => Первомайская
    [BUILDING] => 19
    [POSTAL_CODE] => 668330
    [COUNTRY] => Россия
    [PROVINCE] => Республика Тыва
    [REGION] => Чеди-Хольский
    [CITY] => с. Хову-Аксы
    [ADDRESS_2] => 42
)

internalExecute:
Array
(
    [TYPE_ID] => 4
    [ENTITY_TYPE_ID] => 3
    [ENTITY_ID] => 243729
    [STREET] => Первомайская
    [BUILDING] => 19
    [POSTAL_CODE] => 668330
    [COUNTRY] => Россия
    [PROVINCE] => Республика Тыва
    [REGION] => Чеди-Хольский
    [CITY] => с. Хову-Аксы
    [ADDRESS_2] => 42
)

internalExecute:
Array
(
    [TYPE_ID] => 1
    [ENTITY_TYPE_ID] => 3
    [ENTITY_ID] => 243729
    [STREET] => Березовая
    [BUILDING] => 50
    [POSTAL_CODE] => 
    [COUNTRY] => Россия
    [PROVINCE] => Республика Хакасия
    [REGION] => Усть-Абаканский район
    [CITY] => п. Расцвет
    [ADDRESS_2] => 
)

internalExecute:
Array
(
    [TYPE_ID] => 1
    [ENTITY_TYPE_ID] => 3
    [ENTITY_ID] => 243729
    [STREET] => Березовая
    [BUILDING] => 50
    [POSTAL_CODE] => 
    [COUNTRY] => Россия
    [PROVINCE] => Республика Хакасия
    [REGION] => Усть-Абаканский район
    [CITY] => п. Расцвет
    [ADDRESS_2] => 
)

internalExecute:
Array
(
    [TYPE_ID] => 4
    [ENTITY_TYPE_ID] => 3
    [ENTITY_ID] => 243730
    [STREET] => Буруле
    [BUILDING] => 17
    [POSTAL_CODE] => 667904
    [COUNTRY] => Россия
    [PROVINCE] => Республика Тыва
    [REGION] => Кызылский район
    [CITY] => с. Сукпак
    [ADDRESS_2] => 1
)

internalExecute:
Array
(
    [TYPE_ID] => 4
    [ENTITY_TYPE_ID] => 3
    [ENTITY_ID] => 243730
    [STREET] => Буруле
    [BUILDING] => 17
    [POSTAL_CODE] => 667904
    [COUNTRY] => Россия
    [PROVINCE] => Республика Тыва
    [REGION] => Кызылский район
    [CITY] => с. Сукпак
    [ADDRESS_2] => 1
)

internalExecute:
Array
(
    [TYPE_ID] => 4
    [ENTITY_TYPE_ID] => 3
    [ENTITY_ID] => 243731
    [STREET] => ул. Ленина
    [BUILDING] => 31
    [POSTAL_CODE] => 452944
    [COUNTRY] => Россия
    [PROVINCE] => Республика Башкортостан
    [REGION] => Краснокамский район
    [CITY] => д.Редькино
    [ADDRESS_2] => 
)

internalExecute:
Array
(
    [TYPE_ID] => 4
    [ENTITY_TYPE_ID] => 3
    [ENTITY_ID] => 243731
    [STREET] => ул. Ленина
    [BUILDING] => 31
    [POSTAL_CODE] => 452944
    [COUNTRY] => Россия
    [PROVINCE] => Республика Башкортостан
    [REGION] => Краснокамский район
    [CITY] => д.Редькино
    [ADDRESS_2] => 
)

internalExecute:
Array
(
    [TYPE_ID] => 1
    [ENTITY_TYPE_ID] => 3
    [ENTITY_ID] => 243731
    [STREET] => ул. Ленина
    [BUILDING] => 31
    [POSTAL_CODE] => 452944
    [COUNTRY] => Россия
    [PROVINCE] => Республика Башкортостан
    [REGION] => Краснокамский район
    [CITY] => д.Редькино
    [ADDRESS_2] => 
)

internalExecute:
Array
(
    [TYPE_ID] => 1
    [ENTITY_TYPE_ID] => 3
    [ENTITY_ID] => 243731
    [STREET] => ул. Ленина
    [BUILDING] => 31
    [POSTAL_CODE] => 452944
    [COUNTRY] => Россия
    [PROVINCE] => Республика Башкортостан
    [REGION] => Краснокамский район
    [CITY] => д.Редькино
    [ADDRESS_2] => 
)

internalExecute:
Array
(
    [TYPE_ID] => 4
    [ENTITY_TYPE_ID] => 3
    [ENTITY_ID] => 243732
    [STREET] => Ул. Жуковского
    [BUILDING] => 88
    [POSTAL_CODE] => 
    [COUNTRY] => Россия
    [PROVINCE] => Тюменьская область
    [REGION] => 
    [CITY] => г.Тюмень
    [ADDRESS_2] => 50
)

internalExecute:
Array
(
    [TYPE_ID] => 4
    [ENTITY_TYPE_ID] => 3
    [ENTITY_ID] => 243732
    [STREET] => Ул. Жуковского
    [BUILDING] => 88
    [POSTAL_CODE] => 
    [COUNTRY] => Россия
    [PROVINCE] => Тюменьская область
    [REGION] => 
    [CITY] => г.Тюмень
    [ADDRESS_2] => 50
)

internalExecute:
Array
(
    [TYPE_ID] => 4
    [ENTITY_TYPE_ID] => 3
    [ENTITY_ID] => 243741
    [STREET] => Лукиянова
    [BUILDING] => 15
    [POSTAL_CODE] => 652888
    [COUNTRY] => Россия
    [PROVINCE] => Кемеровская область
    [REGION] => 
    [CITY] => Междуреченск
    [ADDRESS_2] => 69
)

internalExecute:
Array
(
    [TYPE_ID] => 4
    [ENTITY_TYPE_ID] => 3
    [ENTITY_ID] => 243741
    [STREET] => Лукиянова
    [BUILDING] => 15
    [POSTAL_CODE] => 652888
    [COUNTRY] => Россия
    [PROVINCE] => Кемеровская область
    [REGION] => 
    [CITY] => Междуреченск
    [ADDRESS_2] => 69
)

internalExecute:
Array
(
    [TYPE_ID] => 1
    [ENTITY_TYPE_ID] => 3
    [ENTITY_ID] => 243741
    [STREET] => Спортивная
    [BUILDING] => 17
    [POSTAL_CODE] => 630096
    [COUNTRY] => Россия
    [PROVINCE] => Новосибирская область
    [REGION] => 
    [CITY] => Новосибирск
    [ADDRESS_2] => 374
)

internalExecute:
Array
(
    [TYPE_ID] => 1
    [ENTITY_TYPE_ID] => 3
    [ENTITY_ID] => 243741
    [STREET] => Спортивная
    [BUILDING] => 17
    [POSTAL_CODE] => 630096
    [COUNTRY] => Россия
    [PROVINCE] => Новосибирская область
    [REGION] => 
    [CITY] => Новосибирск
    [ADDRESS_2] => 374
)

internalExecute:
Array
(
    [TYPE_ID] => 4
    [ENTITY_TYPE_ID] => 3
    [ENTITY_ID] => 243742
    [STREET] => Новогодняя
    [BUILDING] => 10
    [POSTAL_CODE] => 633469
    [COUNTRY] => Россия
    [PROVINCE] => Новосибирская область 
    [REGION] => Тогучинский
    [CITY] => посёлок Шахта
    [ADDRESS_2] => 2
)

internalExecute:
Array
(
    [TYPE_ID] => 4
    [ENTITY_TYPE_ID] => 3
    [ENTITY_ID] => 243742
    [STREET] => Новогодняя
    [BUILDING] => 10
    [POSTAL_CODE] => 633469
    [COUNTRY] => Россия
    [PROVINCE] => Новосибирская область 
    [REGION] => Тогучинский
    [CITY] => посёлок Шахта
    [ADDRESS_2] => 2
)

internalExecute:
Array
(
    [TYPE_ID] => 1
    [ENTITY_TYPE_ID] => 3
    [ENTITY_ID] => 243742
    [STREET] => Новогодняя
    [BUILDING] => 10
    [POSTAL_CODE] => 633469
    [COUNTRY] => Россия
    [PROVINCE] => Новосибирская область 
    [REGION] => Тогучинский
    [CITY] => посёлок Шахта
    [ADDRESS_2] => 2
)

internalExecute:
Array
(
    [TYPE_ID] => 1
    [ENTITY_TYPE_ID] => 3
    [ENTITY_ID] => 243742
    [STREET] => Новогодняя
    [BUILDING] => 10
    [POSTAL_CODE] => 633469
    [COUNTRY] => Россия
    [PROVINCE] => Новосибирская область 
    [REGION] => Тогучинский
    [CITY] => посёлок Шахта
    [ADDRESS_2] => 2
)

internalExecute:
Array
(
    [TYPE_ID] => 4
    [ENTITY_TYPE_ID] => 3
    [ENTITY_ID] => 243775
    [STREET] => пер. Партизанский 
    [BUILDING] => 2
    [POSTAL_CODE] => 242640
    [COUNTRY] => Россия
    [PROVINCE] => Брянская область
    [REGION] => Дятьковский
    [CITY] => рп Старь
    [ADDRESS_2] => 
)

internalExecute:
Array
(
    [TYPE_ID] => 4
    [ENTITY_TYPE_ID] => 3
    [ENTITY_ID] => 243775
    [STREET] => пер. Партизанский 
    [BUILDING] => 2
    [POSTAL_CODE] => 242640
    [COUNTRY] => Россия
    [PROVINCE] => Брянская область
    [REGION] => Дятьковский
    [CITY] => рп Старь
    [ADDRESS_2] => 
)

internalExecute:
Array
(
    [TYPE_ID] => 1
    [ENTITY_TYPE_ID] => 3
    [ENTITY_ID] => 243775
    [STREET] => пер. Партизанский 
    [BUILDING] => 2
    [POSTAL_CODE] => 242640
    [COUNTRY] => Россия
    [PROVINCE] => Брянская область
    [REGION] => Дятьковский
    [CITY] => рп Старь
    [ADDRESS_2] => 
)

internalExecute:
Array
(
    [TYPE_ID] => 1
    [ENTITY_TYPE_ID] => 3
    [ENTITY_ID] => 243775
    [STREET] => пер. Партизанский 
    [BUILDING] => 2
    [POSTAL_CODE] => 242640
    [COUNTRY] => Россия
    [PROVINCE] => Брянская область
    [REGION] => Дятьковский
    [CITY] => рп Старь
    [ADDRESS_2] => 
)

internalExecute:
Array
(
    [TYPE_ID] => 4
    [ENTITY_TYPE_ID] => 3
    [ENTITY_ID] => 243776
    [STREET] => Минская
    [BUILDING] => 30
    [POSTAL_CODE] => 214530
    [COUNTRY] => Россия
    [PROVINCE] => Смоленская область
    [REGION] => Смоленский
    [CITY] => с. Печерск
    [ADDRESS_2] => 11
)

internalExecute:
Array
(
    [TYPE_ID] => 4
    [ENTITY_TYPE_ID] => 3
    [ENTITY_ID] => 243776
    [STREET] => Минская
    [BUILDING] => 30
    [POSTAL_CODE] => 214530
    [COUNTRY] => Россия
    [PROVINCE] => Смоленская область
    [REGION] => Смоленский
    [CITY] => с. Печерск
    [ADDRESS_2] => 11
)

internalExecute:
Array
(
    [TYPE_ID] => 1
    [ENTITY_TYPE_ID] => 3
    [ENTITY_ID] => 243776
    [STREET] => Черняховского
    [BUILDING] => 16
    [POSTAL_CODE] => 214013
    [COUNTRY] => Россия
    [PROVINCE] => Смоленская область
    [REGION] => д. Быльники ул. Солнечная д. 14, кв. 11
    [CITY] => гор. Смоленск
    [ADDRESS_2] => 5
)

internalExecute:
Array
(
    [TYPE_ID] => 1
    [ENTITY_TYPE_ID] => 3
    [ENTITY_ID] => 243776
    [STREET] => Черняховского
    [BUILDING] => 16
    [POSTAL_CODE] => 214013
    [COUNTRY] => Россия
    [PROVINCE] => Смоленская область
    [REGION] => д. Быльники ул. Солнечная д. 14, кв. 11
    [CITY] => гор. Смоленск
    [ADDRESS_2] => 5
)

internalExecute:
Array
(
    [TYPE_ID] => 4
    [ENTITY_TYPE_ID] => 3
    [ENTITY_ID] => 243777
    [STREET] => 
    [BUILDING] => 
    [POSTAL_CODE] => 
    [COUNTRY] => Россия
    [PROVINCE] => 
    [REGION] => 
    [CITY] => 
    [ADDRESS_2] => 
)

internalExecute:
Array
(
    [TYPE_ID] => 4
    [ENTITY_TYPE_ID] => 3
    [ENTITY_ID] => 243777
    [STREET] => 
    [BUILDING] => 
    [POSTAL_CODE] => 
    [COUNTRY] => Россия
    [PROVINCE] => 
    [REGION] => 
    [CITY] => 
    [ADDRESS_2] => 
)

internalExecute:
Array
(
    [TYPE_ID] => 4
    [ENTITY_TYPE_ID] => 3
    [ENTITY_ID] => 243778
    [STREET] => 
    [BUILDING] => 
    [POSTAL_CODE] => 
    [COUNTRY] => Россия
    [PROVINCE] => 
    [REGION] => 
    [CITY] => 
    [ADDRESS_2] => 
)

internalExecute:
Array
(
    [TYPE_ID] => 4
    [ENTITY_TYPE_ID] => 3
    [ENTITY_ID] => 243778
    [STREET] => 
    [BUILDING] => 
    [POSTAL_CODE] => 
    [COUNTRY] => Россия
    [PROVINCE] => 
    [REGION] => 
    [CITY] => 
    [ADDRESS_2] => 
)

internalExecute:
Array
(
    [TYPE_ID] => 4
    [ENTITY_TYPE_ID] => 3
    [ENTITY_ID] => 243786
    [STREET] => пер. Партизанский
    [BUILDING] => 2
    [POSTAL_CODE] => 242640
    [COUNTRY] => Россия
    [PROVINCE] => Брянская
    [REGION] => Дятьковский
    [CITY] => рп Старь
    [ADDRESS_2] => 
)

internalExecute:
Array
(
    [TYPE_ID] => 4
    [ENTITY_TYPE_ID] => 3
    [ENTITY_ID] => 243786
    [STREET] => пер. Партизанский
    [BUILDING] => 2
    [POSTAL_CODE] => 242640
    [COUNTRY] => Россия
    [PROVINCE] => Брянская
    [REGION] => Дятьковский
    [CITY] => рп Старь
    [ADDRESS_2] => 
)

internalExecute:
Array
(
    [TYPE_ID] => 1
    [ENTITY_TYPE_ID] => 3
    [ENTITY_ID] => 243786
    [STREET] => пер. Партизанский
    [BUILDING] => 2
    [POSTAL_CODE] => 242640
    [COUNTRY] => Россия
    [PROVINCE] => Брянская
    [REGION] => Дятьковский
    [CITY] => рп Старь
    [ADDRESS_2] => 
)

internalExecute:
Array
(
    [TYPE_ID] => 1
    [ENTITY_TYPE_ID] => 3
    [ENTITY_ID] => 243786
    [STREET] => пер. Партизанский
    [BUILDING] => 2
    [POSTAL_CODE] => 242640
    [COUNTRY] => Россия
    [PROVINCE] => Брянская
    [REGION] => Дятьковский
    [CITY] => рп Старь
    [ADDRESS_2] => 
)

internalExecute:
Array
(
    [TYPE_ID] => 4
    [ENTITY_TYPE_ID] => 3
    [ENTITY_ID] => 243787
    [STREET] => Минская
    [BUILDING] => 30
    [POSTAL_CODE] => 214530
    [COUNTRY] => Россия
    [PROVINCE] => 214012, Смоленская обл, г Смоленск, ул Кашена, д 1, офис 212
    [REGION] => Смоленский
    [CITY] => с. Печерск
    [ADDRESS_2] => 11
)

internalExecute:
Array
(
    [TYPE_ID] => 4
    [ENTITY_TYPE_ID] => 3
    [ENTITY_ID] => 243787
    [STREET] => Минская
    [BUILDING] => 30
    [POSTAL_CODE] => 214530
    [COUNTRY] => Россия
    [PROVINCE] => 214012, Смоленская обл, г Смоленск, ул Кашена, д 1, офис 212
    [REGION] => Смоленский
    [CITY] => с. Печерск
    [ADDRESS_2] => 11
)

internalExecute:
Array
(
    [TYPE_ID] => 1
    [ENTITY_TYPE_ID] => 3
    [ENTITY_ID] => 243787
    [STREET] => Черняховского
    [BUILDING] => 16
    [POSTAL_CODE] => 214013
    [COUNTRY] => Россия
    [PROVINCE] => Смоленская область
    [REGION] => Ленинский
    [CITY] => Смоленск
    [ADDRESS_2] => 5
)

internalExecute:
Array
(
    [TYPE_ID] => 1
    [ENTITY_TYPE_ID] => 3
    [ENTITY_ID] => 243787
    [STREET] => Черняховского
    [BUILDING] => 16
    [POSTAL_CODE] => 214013
    [COUNTRY] => Россия
    [PROVINCE] => Смоленская область
    [REGION] => Ленинский
    [CITY] => Смоленск
    [ADDRESS_2] => 5
)

internalExecute:
Array
(
    [TYPE_ID] => 4
    [ENTITY_TYPE_ID] => 3
    [ENTITY_ID] => 243788
    [STREET] => пер. Партизанский 
    [BUILDING] => 2
    [POSTAL_CODE] => 242640
    [COUNTRY] => Россия
    [PROVINCE] => Брянская обл.
    [REGION] => Дятьковский 
    [CITY] => пос. Старь
    [ADDRESS_2] => 
)

internalExecute:
Array
(
    [TYPE_ID] => 4
    [ENTITY_TYPE_ID] => 3
    [ENTITY_ID] => 243788
    [STREET] => пер. Партизанский 
    [BUILDING] => 2
    [POSTAL_CODE] => 242640
    [COUNTRY] => Россия
    [PROVINCE] => Брянская обл.
    [REGION] => Дятьковский 
    [CITY] => пос. Старь
    [ADDRESS_2] => 
)

internalExecute:
Array
(
    [TYPE_ID] => 4
    [ENTITY_TYPE_ID] => 3
    [ENTITY_ID] => 243789
    [STREET] => пер. Партизанский
    [BUILDING] => 2
    [POSTAL_CODE] => 242640
    [COUNTRY] => Россия
    [PROVINCE] => Брянская область
    [REGION] => дятьковский район
    [CITY] => рп Старь
    [ADDRESS_2] => 
)

internalExecute:
Array
(
    [TYPE_ID] => 4
    [ENTITY_TYPE_ID] => 3
    [ENTITY_ID] => 243789
    [STREET] => пер. Партизанский
    [BUILDING] => 2
    [POSTAL_CODE] => 242640
    [COUNTRY] => Россия
    [PROVINCE] => Брянская область
    [REGION] => дятьковский район
    [CITY] => рп Старь
    [ADDRESS_2] => 
)

internalExecute:
Array
(
    [TYPE_ID] => 4
    [ENTITY_TYPE_ID] => 3
    [ENTITY_ID] => 243822
    [STREET] => Найырал
    [BUILDING] => 1
    [POSTAL_CODE] => 668160
    [COUNTRY] => Россия
    [PROVINCE] => Республики Тыва
    [REGION] => Сут-Хольский
    [CITY] => с.Алдан-Маадыр
    [ADDRESS_2] => 2
)

internalExecute:
Array
(
    [TYPE_ID] => 4
    [ENTITY_TYPE_ID] => 3
    [ENTITY_ID] => 243822
    [STREET] => Найырал
    [BUILDING] => 1
    [POSTAL_CODE] => 668160
    [COUNTRY] => Россия
    [PROVINCE] => Республики Тыва
    [REGION] => Сут-Хольский
    [CITY] => с.Алдан-Маадыр
    [ADDRESS_2] => 2
)

internalExecute:
Array
(
    [TYPE_ID] => 1
    [ENTITY_TYPE_ID] => 3
    [ENTITY_ID] => 243822
    [STREET] => Найырал
    [BUILDING] => 1
    [POSTAL_CODE] => 668160
    [COUNTRY] => Россия
    [PROVINCE] => Республики Тыва
    [REGION] => Сут-Хольский
    [CITY] => с.Алдан-Маадыр
    [ADDRESS_2] => 2
)

internalExecute:
Array
(
    [TYPE_ID] => 1
    [ENTITY_TYPE_ID] => 3
    [ENTITY_ID] => 243822
    [STREET] => Найырал
    [BUILDING] => 1
    [POSTAL_CODE] => 668160
    [COUNTRY] => Россия
    [PROVINCE] => Республики Тыва
    [REGION] => Сут-Хольский
    [CITY] => с.Алдан-Маадыр
    [ADDRESS_2] => 2
)

internalExecute:
Array
(
    [TYPE_ID] => 4
    [ENTITY_TYPE_ID] => 3
    [ENTITY_ID] => 243823
    [STREET] => 50 лет ВЛКСМ
    [BUILDING] => 1
    [POSTAL_CODE] => 668051
    [COUNTRY] => Россия
    [PROVINCE] => г.Ак-Довурак ул.50 лет ВЛКСМ д.1 кв.2
    [REGION] => 
    [CITY] => г.Ак-Довурак
    [ADDRESS_2] => 2
)

internalExecute:
Array
(
    [TYPE_ID] => 4
    [ENTITY_TYPE_ID] => 3
    [ENTITY_ID] => 243823
    [STREET] => 50 лет ВЛКСМ
    [BUILDING] => 1
    [POSTAL_CODE] => 668051
    [COUNTRY] => Россия
    [PROVINCE] => г.Ак-Довурак ул.50 лет ВЛКСМ д.1 кв.2
    [REGION] => 
    [CITY] => г.Ак-Довурак
    [ADDRESS_2] => 2
)

internalExecute:
Array
(
    [TYPE_ID] => 4
    [ENTITY_TYPE_ID] => 3
    [ENTITY_ID] => 243827
    [STREET] => Территория садоводческого некоммерческого товарищества, ряд 5
    [BUILDING] => 32
    [POSTAL_CODE] => 667000
    [COUNTRY] => Россия
    [PROVINCE] => Республика Тыва
    [REGION] => 
    [CITY] => город Кызыл
    [ADDRESS_2] => 
)

internalExecute:
Array
(
    [TYPE_ID] => 4
    [ENTITY_TYPE_ID] => 3
    [ENTITY_ID] => 243827
    [STREET] => Территория садоводческого некоммерческого товарищества, ряд 5
    [BUILDING] => 32
    [POSTAL_CODE] => 667000
    [COUNTRY] => Россия
    [PROVINCE] => Республика Тыва
    [REGION] => 
    [CITY] => город Кызыл
    [ADDRESS_2] => 
)

internalExecute:
Array
(
    [TYPE_ID] => 4
    [ENTITY_TYPE_ID] => 3
    [ENTITY_ID] => 243831
    [STREET] => 10 Микрорайон
    [BUILDING] => 52
    [POSTAL_CODE] => 653013
    [COUNTRY] => Россия
    [PROVINCE] => Кемеровская область - Кузбасс обл
    [REGION] => 
    [CITY] => г Прокопьевск
    [ADDRESS_2] => 44
)

internalExecute:
Array
(
    [TYPE_ID] => 4
    [ENTITY_TYPE_ID] => 3
    [ENTITY_ID] => 243831
    [STREET] => 10 Микрорайон
    [BUILDING] => 52
    [POSTAL_CODE] => 653013
    [COUNTRY] => Россия
    [PROVINCE] => Кемеровская область - Кузбасс обл
    [REGION] => 
    [CITY] => г Прокопьевск
    [ADDRESS_2] => 44
)

internalExecute:
Array
(
    [TYPE_ID] => 1
    [ENTITY_TYPE_ID] => 3
    [ENTITY_ID] => 243831
    [STREET] => 10 Микрорайон
    [BUILDING] => 52
    [POSTAL_CODE] => 653013
    [COUNTRY] => Россия
    [PROVINCE] => Кемеровская область - Кузбасс обл
    [REGION] => 
    [CITY] => г Прокопьевск
    [ADDRESS_2] => 44
)

internalExecute:
Array
(
    [TYPE_ID] => 1
    [ENTITY_TYPE_ID] => 3
    [ENTITY_ID] => 243831
    [STREET] => 10 Микрорайон
    [BUILDING] => 52
    [POSTAL_CODE] => 653013
    [COUNTRY] => Россия
    [PROVINCE] => Кемеровская область - Кузбасс обл
    [REGION] => 
    [CITY] => г Прокопьевск
    [ADDRESS_2] => 44
)

internalExecute:
Array
(
    [TYPE_ID] => 4
    [ENTITY_TYPE_ID] => 3
    [ENTITY_ID] => 243832
    [STREET] => 2-я Учительская ул
    [BUILDING] => 1
    [POSTAL_CODE] => 653017
    [COUNTRY] => Россия
    [PROVINCE] => Кемеровская область - Кузбасс обл
    [REGION] => 
    [CITY] => г Прокопьевск
    [ADDRESS_2] => 
)

internalExecute:
Array
(
    [TYPE_ID] => 4
    [ENTITY_TYPE_ID] => 3
    [ENTITY_ID] => 243832
    [STREET] => 2-я Учительская ул
    [BUILDING] => 1
    [POSTAL_CODE] => 653017
    [COUNTRY] => Россия
    [PROVINCE] => Кемеровская область - Кузбасс обл
    [REGION] => 
    [CITY] => г Прокопьевск
    [ADDRESS_2] => 
)

internalExecute:
Array
(
    [TYPE_ID] => 4
    [ENTITY_TYPE_ID] => 3
    [ENTITY_ID] => 243833
    [STREET] => Ленина
    [BUILDING] => 120
    [POSTAL_CODE] => 361722
    [COUNTRY] => Россия
    [PROVINCE] => КАБАРДИНО-БАЛКАРСКАЯ РЕСПУБЛИКА
    [REGION] => Зольский
    [CITY] => с. Сармаково
    [ADDRESS_2] => 
)

internalExecute:
Array
(
    [TYPE_ID] => 4
    [ENTITY_TYPE_ID] => 3
    [ENTITY_ID] => 243833
    [STREET] => Ленина
    [BUILDING] => 120
    [POSTAL_CODE] => 361722
    [COUNTRY] => Россия
    [PROVINCE] => КАБАРДИНО-БАЛКАРСКАЯ РЕСПУБЛИКА
    [REGION] => Зольский
    [CITY] => с. Сармаково
    [ADDRESS_2] => 
)

internalExecute:
Array
(
    [TYPE_ID] => 1
    [ENTITY_TYPE_ID] => 3
    [ENTITY_ID] => 243833
    [STREET] => Багова
    [BUILDING] => 15
    [POSTAL_CODE] => 361712
    [COUNTRY] => Россия
    [PROVINCE] => КАБАРДИНО-БАЛКАРСКАЯ РЕСПУБЛИКА
    [REGION] => Зольский
    [CITY] => с. Каменномотское
    [ADDRESS_2] => 
)

internalExecute:
Array
(
    [TYPE_ID] => 1
    [ENTITY_TYPE_ID] => 3
    [ENTITY_ID] => 243833
    [STREET] => Багова
    [BUILDING] => 15
    [POSTAL_CODE] => 361712
    [COUNTRY] => Россия
    [PROVINCE] => КАБАРДИНО-БАЛКАРСКАЯ РЕСПУБЛИКА
    [REGION] => Зольский
    [CITY] => с. Каменномотское
    [ADDRESS_2] => 
)

internalExecute:
Array
(
    [TYPE_ID] => 4
    [ENTITY_TYPE_ID] => 3
    [ENTITY_ID] => 243834
    [STREET] => Багова
    [BUILDING] => 15
    [POSTAL_CODE] => 361712
    [COUNTRY] => Россия
    [PROVINCE] => Кабардино-Балкарская Республика
    [REGION] => Зольский
    [CITY] => с. Каменномостское
    [ADDRESS_2] => 
)

internalExecute:
Array
(
    [TYPE_ID] => 4
    [ENTITY_TYPE_ID] => 3
    [ENTITY_ID] => 243834
    [STREET] => Багова
    [BUILDING] => 15
    [POSTAL_CODE] => 361712
    [COUNTRY] => Россия
    [PROVINCE] => Кабардино-Балкарская Республика
    [REGION] => Зольский
    [CITY] => с. Каменномостское
    [ADDRESS_2] => 
)

internalExecute:
Array
(
    [TYPE_ID] => 4
    [ENTITY_TYPE_ID] => 3
    [ENTITY_ID] => 243840
    [STREET] => калажокова
    [BUILDING] => 34
    [POSTAL_CODE] => 
    [COUNTRY] => Россия
    [PROVINCE] => Кабардино-Балкарская Республика
    [REGION] => Зольский
    [CITY] => каменномосткое
    [ADDRESS_2] => 
)

internalExecute:
Array
(
    [TYPE_ID] => 4
    [ENTITY_TYPE_ID] => 3
    [ENTITY_ID] => 243840
    [STREET] => калажокова
    [BUILDING] => 34
    [POSTAL_CODE] => 
    [COUNTRY] => Россия
    [PROVINCE] => Кабардино-Балкарская Республика
    [REGION] => Зольский
    [CITY] => каменномосткое
    [ADDRESS_2] => 
)

internalExecute:
Array
(
    [TYPE_ID] => 1
    [ENTITY_TYPE_ID] => 3
    [ENTITY_ID] => 243840
    [STREET] => калажокова
    [BUILDING] => 34
    [POSTAL_CODE] => 
    [COUNTRY] => Россия
    [PROVINCE] => Кабардино-Балкарская Республика
    [REGION] => Зольский
    [CITY] => каменномосткое
    [ADDRESS_2] => 
)

internalExecute:
Array
(
    [TYPE_ID] => 1
    [ENTITY_TYPE_ID] => 3
    [ENTITY_ID] => 243840
    [STREET] => калажокова
    [BUILDING] => 34
    [POSTAL_CODE] => 
    [COUNTRY] => Россия
    [PROVINCE] => Кабардино-Балкарская Республика
    [REGION] => Зольский
    [CITY] => каменномосткое
    [ADDRESS_2] => 
)

internalExecute:
Array
(
    [TYPE_ID] => 4
    [ENTITY_TYPE_ID] => 3
    [ENTITY_ID] => 243841
    [STREET] => калажокова
    [BUILDING] => 34
    [POSTAL_CODE] => 
    [COUNTRY] => Россия
    [PROVINCE] => Кабардино-Балкарская Республика
    [REGION] => Зольский
    [CITY] => с.Каменномостское
    [ADDRESS_2] => 
)

internalExecute:
Array
(
    [TYPE_ID] => 4
    [ENTITY_TYPE_ID] => 3
    [ENTITY_ID] => 243841
    [STREET] => калажокова
    [BUILDING] => 34
    [POSTAL_CODE] => 
    [COUNTRY] => Россия
    [PROVINCE] => Кабардино-Балкарская Республика
    [REGION] => Зольский
    [CITY] => с.Каменномостское
    [ADDRESS_2] => 
)

internalExecute:
Array
(
    [TYPE_ID] => 4
    [ENTITY_TYPE_ID] => 3
    [ENTITY_ID] => 243842
    [STREET] => Курортная
    [BUILDING] => 20
    [POSTAL_CODE] => 622015
    [COUNTRY] => Россия
    [PROVINCE] => Свердловская  область
    [REGION] => 
    [CITY] => Нижний Тагил
    [ADDRESS_2] => 20
)

internalExecute:
Array
(
    [TYPE_ID] => 4
    [ENTITY_TYPE_ID] => 3
    [ENTITY_ID] => 243842
    [STREET] => Курортная
    [BUILDING] => 20
    [POSTAL_CODE] => 622015
    [COUNTRY] => Россия
    [PROVINCE] => Свердловская  область
    [REGION] => 
    [CITY] => Нижний Тагил
    [ADDRESS_2] => 20
)

internalExecute:
Array
(
    [TYPE_ID] => 1
    [ENTITY_TYPE_ID] => 3
    [ENTITY_ID] => 243842
    [STREET] => Курортная
    [BUILDING] => 20
    [POSTAL_CODE] => 622015
    [COUNTRY] => Россия
    [PROVINCE] => Свердловская  область
    [REGION] => 
    [CITY] => Нижний Тагил
    [ADDRESS_2] => 20
)

internalExecute:
Array
(
    [TYPE_ID] => 1
    [ENTITY_TYPE_ID] => 3
    [ENTITY_ID] => 243842
    [STREET] => Курортная
    [BUILDING] => 20
    [POSTAL_CODE] => 622015
    [COUNTRY] => Россия
    [PROVINCE] => Свердловская  область
    [REGION] => 
    [CITY] => Нижний Тагил
    [ADDRESS_2] => 20
)

internalExecute:
Array
(
    [TYPE_ID] => 4
    [ENTITY_TYPE_ID] => 3
    [ENTITY_ID] => 243843
    [STREET] => Курортная
    [BUILDING] => 15
    [POSTAL_CODE] => 
    [COUNTRY] => Россия
    [PROVINCE] => Свердловская область
    [REGION] => 
    [CITY] => Нижний Тагил
    [ADDRESS_2] => 32
)

internalExecute:
Array
(
    [TYPE_ID] => 4
    [ENTITY_TYPE_ID] => 3
    [ENTITY_ID] => 243843
    [STREET] => Курортная
    [BUILDING] => 15
    [POSTAL_CODE] => 
    [COUNTRY] => Россия
    [PROVINCE] => Свердловская область
    [REGION] => 
    [CITY] => Нижний Тагил
    [ADDRESS_2] => 32
)

internalExecute:
Array
(
    [TYPE_ID] => 4
    [ENTITY_TYPE_ID] => 3
    [ENTITY_ID] => 243844
    [STREET] => Пушкина
    [BUILDING] => 2
    [POSTAL_CODE] => 
    [COUNTRY] => Россия
    [PROVINCE] => Карачаево-Черкесская Респ
    [REGION] => Карачаевский район
    [CITY] => а.Верхняя Теберда
    [ADDRESS_2] => 
)

internalExecute:
Array
(
    [TYPE_ID] => 4
    [ENTITY_TYPE_ID] => 3
    [ENTITY_ID] => 243844
    [STREET] => Пушкина
    [BUILDING] => 2
    [POSTAL_CODE] => 
    [COUNTRY] => Россия
    [PROVINCE] => Карачаево-Черкесская Респ
    [REGION] => Карачаевский район
    [CITY] => а.Верхняя Теберда
    [ADDRESS_2] => 
)

internalExecute:
Array
(
    [TYPE_ID] => 1
    [ENTITY_TYPE_ID] => 3
    [ENTITY_ID] => 243844
    [STREET] => Пушкина
    [BUILDING] => 2
    [POSTAL_CODE] => 
    [COUNTRY] => Россия
    [PROVINCE] => Карачаево-Черкесская Респ
    [REGION] => Карачаевский район
    [CITY] => а.Верхняя Теберда
    [ADDRESS_2] => 
)

internalExecute:
Array
(
    [TYPE_ID] => 1
    [ENTITY_TYPE_ID] => 3
    [ENTITY_ID] => 243844
    [STREET] => Пушкина
    [BUILDING] => 2
    [POSTAL_CODE] => 
    [COUNTRY] => Россия
    [PROVINCE] => Карачаево-Черкесская Респ
    [REGION] => Карачаевский район
    [CITY] => а.Верхняя Теберда
    [ADDRESS_2] => 
)

internalExecute:
Array
(
    [TYPE_ID] => 4
    [ENTITY_TYPE_ID] => 3
    [ENTITY_ID] => 243845
    [STREET] => Пушкина ул
    [BUILDING] => д 2
    [POSTAL_CODE] => 369232
    [COUNTRY] => Россия
    [PROVINCE] => Карачаево-Черкесская Респ
    [REGION] => 
    [CITY] => аул Верхняя Теберда
    [ADDRESS_2] => 
)

internalExecute:
Array
(
    [TYPE_ID] => 4
    [ENTITY_TYPE_ID] => 3
    [ENTITY_ID] => 243845
    [STREET] => Пушкина ул
    [BUILDING] => д 2
    [POSTAL_CODE] => 369232
    [COUNTRY] => Россия
    [PROVINCE] => Карачаево-Черкесская Респ
    [REGION] => 
    [CITY] => аул Верхняя Теберда
    [ADDRESS_2] => 
)

internalExecute:
Array
(
    [TYPE_ID] => 4
    [ENTITY_TYPE_ID] => 3
    [ENTITY_ID] => 243861
    [STREET] => Партизанская
    [BUILDING] => 68
    [POSTAL_CODE] => 
    [COUNTRY] => Россия
    [PROVINCE] => Кабардино-Балкарская Республика
    [REGION] => Зольский
    [CITY] => Приречное
    [ADDRESS_2] => 
)

internalExecute:
Array
(
    [TYPE_ID] => 4
    [ENTITY_TYPE_ID] => 3
    [ENTITY_ID] => 243861
    [STREET] => Партизанская
    [BUILDING] => 68
    [POSTAL_CODE] => 
    [COUNTRY] => Россия
    [PROVINCE] => Кабардино-Балкарская Республика
    [REGION] => Зольский
    [CITY] => Приречное
    [ADDRESS_2] => 
)

internalExecute:
Array
(
    [TYPE_ID] => 1
    [ENTITY_TYPE_ID] => 3
    [ENTITY_ID] => 243861
    [STREET] => Партизанская
    [BUILDING] => 68
    [POSTAL_CODE] => 
    [COUNTRY] => Россия
    [PROVINCE] => Кабардино-Балкарская Республика
    [REGION] => Зольский
    [CITY] => Приречное
    [ADDRESS_2] => 
)

internalExecute:
Array
(
    [TYPE_ID] => 1
    [ENTITY_TYPE_ID] => 3
    [ENTITY_ID] => 243861
    [STREET] => Партизанская
    [BUILDING] => 68
    [POSTAL_CODE] => 
    [COUNTRY] => Россия
    [PROVINCE] => Кабардино-Балкарская Республика
    [REGION] => Зольский
    [CITY] => Приречное
    [ADDRESS_2] => 
)

internalExecute:
Array
(
    [TYPE_ID] => 4
    [ENTITY_TYPE_ID] => 3
    [ENTITY_ID] => 243862
    [STREET] => Яхогоева
    [BUILDING] => 99
    [POSTAL_CODE] => 
    [COUNTRY] => Россия
    [PROVINCE] => Кабардино-Балкарская Республика
    [REGION] => 
    [CITY] => Нальчик
    [ADDRESS_2] => 
)

internalExecute:
Array
(
    [TYPE_ID] => 4
    [ENTITY_TYPE_ID] => 3
    [ENTITY_ID] => 243862
    [STREET] => Яхогоева
    [BUILDING] => 99
    [POSTAL_CODE] => 
    [COUNTRY] => Россия
    [PROVINCE] => Кабардино-Балкарская Республика
    [REGION] => 
    [CITY] => Нальчик
    [ADDRESS_2] => 
)

internalExecute:
Array
(
    [TYPE_ID] => 4
    [ENTITY_TYPE_ID] => 3
    [ENTITY_ID] => 243883
    [STREET] => Ефимова
    [BUILDING] => 12
    [POSTAL_CODE] => 678670
    [COUNTRY] => Россия
    [PROVINCE] => Республика Саха (Якутия)
    [REGION] => Чурапчинский
    [CITY] => Чурапча
    [ADDRESS_2] => 
)

internalExecute:
Array
(
    [TYPE_ID] => 4
    [ENTITY_TYPE_ID] => 3
    [ENTITY_ID] => 243883
    [STREET] => Ефимова
    [BUILDING] => 12
    [POSTAL_CODE] => 678670
    [COUNTRY] => Россия
    [PROVINCE] => Республика Саха (Якутия)
    [REGION] => Чурапчинский
    [CITY] => Чурапча
    [ADDRESS_2] => 
)

internalExecute:
Array
(
    [TYPE_ID] => 1
    [ENTITY_TYPE_ID] => 3
    [ENTITY_ID] => 243883
    [STREET] => Лермонтова 
    [BUILDING] => 102
    [POSTAL_CODE] => 677008
    [COUNTRY] => Россия
    [PROVINCE] => Республика Саха (Якутия)
    [REGION] => 
    [CITY] => Якутск
    [ADDRESS_2] => 2
)

internalExecute:
Array
(
    [TYPE_ID] => 1
    [ENTITY_TYPE_ID] => 3
    [ENTITY_ID] => 243883
    [STREET] => Лермонтова 
    [BUILDING] => 102
    [POSTAL_CODE] => 677008
    [COUNTRY] => Россия
    [PROVINCE] => Республика Саха (Якутия)
    [REGION] => 
    [CITY] => Якутск
    [ADDRESS_2] => 2
)

internalExecute:
Array
(
    [TYPE_ID] => 4
    [ENTITY_TYPE_ID] => 3
    [ENTITY_ID] => 243891
    [STREET] => Тюленина
    [BUILDING] => 12
    [POSTAL_CODE] => 
    [COUNTRY] => Россия
    [PROVINCE] => Кемеровская область-Кузбасс
    [REGION] => 
    [CITY] => г.Ленинск-Кузнецкий 
    [ADDRESS_2] => 
)

internalExecute:
Array
(
    [TYPE_ID] => 4
    [ENTITY_TYPE_ID] => 3
    [ENTITY_ID] => 243891
    [STREET] => Тюленина
    [BUILDING] => 12
    [POSTAL_CODE] => 
    [COUNTRY] => Россия
    [PROVINCE] => Кемеровская область-Кузбасс
    [REGION] => 
    [CITY] => г.Ленинск-Кузнецкий 
    [ADDRESS_2] => 
)

internalExecute:
Array
(
    [TYPE_ID] => 1
    [ENTITY_TYPE_ID] => 3
    [ENTITY_ID] => 243891
    [STREET] => Тюленина
    [BUILDING] => 12
    [POSTAL_CODE] => 
    [COUNTRY] => Россия
    [PROVINCE] => Кемеровская область-Кузбасс
    [REGION] => 
    [CITY] => г.Ленинск-Кузнецкий 
    [ADDRESS_2] => 
)

internalExecute:
Array
(
    [TYPE_ID] => 1
    [ENTITY_TYPE_ID] => 3
    [ENTITY_ID] => 243891
    [STREET] => Тюленина
    [BUILDING] => 12
    [POSTAL_CODE] => 
    [COUNTRY] => Россия
    [PROVINCE] => Кемеровская область-Кузбасс
    [REGION] => 
    [CITY] => г.Ленинск-Кузнецкий 
    [ADDRESS_2] => 
)

internalExecute:
Array
(
    [TYPE_ID] => 4
    [ENTITY_TYPE_ID] => 3
    [ENTITY_ID] => 243892
    [STREET] => Центральная
    [BUILDING] => 43 Б
    [POSTAL_CODE] => 
    [COUNTRY] => Россия
    [PROVINCE] => Кемеровкая область-Кузбасс
    [REGION] => Промышленновский 
    [CITY] => с.Тарасово
    [ADDRESS_2] => 8
)

internalExecute:
Array
(
    [TYPE_ID] => 4
    [ENTITY_TYPE_ID] => 3
    [ENTITY_ID] => 243892
    [STREET] => Центральная
    [BUILDING] => 43 Б
    [POSTAL_CODE] => 
    [COUNTRY] => Россия
    [PROVINCE] => Кемеровкая область-Кузбасс
    [REGION] => Промышленновский 
    [CITY] => с.Тарасово
    [ADDRESS_2] => 8
)

internalExecute:
Array
(
    [TYPE_ID] => 4
    [ENTITY_TYPE_ID] => 3
    [ENTITY_ID] => 243896
    [STREET] => Ленина
    [BUILDING] => 17
    [POSTAL_CODE] => 
    [COUNTRY] => Россия
    [PROVINCE] => Владимирская облать
    [REGION] => Муромский район
    [CITY] => с. Якиманская Слобода
    [ADDRESS_2] => 
)

internalExecute:
Array
(
    [TYPE_ID] => 4
    [ENTITY_TYPE_ID] => 3
    [ENTITY_ID] => 243896
    [STREET] => Ленина
    [BUILDING] => 17
    [POSTAL_CODE] => 
    [COUNTRY] => Россия
    [PROVINCE] => Владимирская облать
    [REGION] => Муромский район
    [CITY] => с. Якиманская Слобода
    [ADDRESS_2] => 
)

internalExecute:
Array
(
    [TYPE_ID] => 1
    [ENTITY_TYPE_ID] => 3
    [ENTITY_ID] => 243896
    [STREET] => Ленина
    [BUILDING] => 17
    [POSTAL_CODE] => 
    [COUNTRY] => Россия
    [PROVINCE] => Владимирская облать
    [REGION] => Муромский район
    [CITY] => с. Якиманская Слобода
    [ADDRESS_2] => 
)

internalExecute:
Array
(
    [TYPE_ID] => 1
    [ENTITY_TYPE_ID] => 3
    [ENTITY_ID] => 243896
    [STREET] => Ленина
    [BUILDING] => 17
    [POSTAL_CODE] => 
    [COUNTRY] => Россия
    [PROVINCE] => Владимирская облать
    [REGION] => Муромский район
    [CITY] => с. Якиманская Слобода
    [ADDRESS_2] => 
)

internalExecute:
Array
(
    [TYPE_ID] => 4
    [ENTITY_TYPE_ID] => 3
    [ENTITY_ID] => 243897
    [STREET] => Школьная
    [BUILDING] => 4
    [POSTAL_CODE] => 
    [COUNTRY] => Россия
    [PROVINCE] => Владимирская область
    [REGION] => Меленковский район
    [CITY] => д. Тургенево
    [ADDRESS_2] => 8
)

internalExecute:
Array
(
    [TYPE_ID] => 4
    [ENTITY_TYPE_ID] => 3
    [ENTITY_ID] => 243897
    [STREET] => Школьная
    [BUILDING] => 4
    [POSTAL_CODE] => 
    [COUNTRY] => Россия
    [PROVINCE] => Владимирская область
    [REGION] => Меленковский район
    [CITY] => д. Тургенево
    [ADDRESS_2] => 8
)

internalExecute:
Array
(
    [TYPE_ID] => 4
    [ENTITY_TYPE_ID] => 3
    [ENTITY_ID] => 243914
    [STREET] => Ватутина ул
    [BUILDING] => д 56
    [POSTAL_CODE] => 361326
    [COUNTRY] => Россия
    [PROVINCE] => Кабардино-Балкарская Респ
    [REGION] => Урванский
    [CITY] => с Псыгансу
    [ADDRESS_2] => 
)

internalExecute:
Array
(
    [TYPE_ID] => 4
    [ENTITY_TYPE_ID] => 3
    [ENTITY_ID] => 243914
    [STREET] => Ватутина ул
    [BUILDING] => д 56
    [POSTAL_CODE] => 361326
    [COUNTRY] => Россия
    [PROVINCE] => Кабардино-Балкарская Респ
    [REGION] => Урванский
    [CITY] => с Псыгансу
    [ADDRESS_2] => 
)

internalExecute:
Array
(
    [TYPE_ID] => 1
    [ENTITY_TYPE_ID] => 3
    [ENTITY_ID] => 243914
    [STREET] => Ватутина ул
    [BUILDING] => д 56
    [POSTAL_CODE] => 361326
    [COUNTRY] => Россия
    [PROVINCE] => Кабардино-Балкарская Респ
    [REGION] => Урванский
    [CITY] => с Псыгансу
    [ADDRESS_2] => 
)

internalExecute:
Array
(
    [TYPE_ID] => 1
    [ENTITY_TYPE_ID] => 3
    [ENTITY_ID] => 243914
    [STREET] => Ватутина ул
    [BUILDING] => д 56
    [POSTAL_CODE] => 361326
    [COUNTRY] => Россия
    [PROVINCE] => Кабардино-Балкарская Респ
    [REGION] => Урванский
    [CITY] => с Псыгансу
    [ADDRESS_2] => 
)

internalExecute:
Array
(
    [TYPE_ID] => 4
    [ENTITY_TYPE_ID] => 3
    [ENTITY_ID] => 243915
    [STREET] => Кирова ул
    [BUILDING] => д 37
    [POSTAL_CODE] => 361411
    [COUNTRY] => Россия
    [PROVINCE] => Кабардино-Балкарская Респ
    [REGION] => Чегемский
    [CITY] => с Нартан
    [ADDRESS_2] => 
)

internalExecute:
Array
(
    [TYPE_ID] => 4
    [ENTITY_TYPE_ID] => 3
    [ENTITY_ID] => 243915
    [STREET] => Кирова ул
    [BUILDING] => д 37
    [POSTAL_CODE] => 361411
    [COUNTRY] => Россия
    [PROVINCE] => Кабардино-Балкарская Респ
    [REGION] => Чегемский
    [CITY] => с Нартан
    [ADDRESS_2] => 
)

internalExecute:
Array
(
    [TYPE_ID] => 4
    [ENTITY_TYPE_ID] => 3
    [ENTITY_ID] => 243917
    [STREET] => Шогенова ул
    [BUILDING] => 6
    [POSTAL_CODE] => 360032
    [COUNTRY] => Россия
    [PROVINCE] => Кабардино-Балкарская Респ
    [REGION] => 
    [CITY] => г Нальчик
    [ADDRESS_2] => 118
)

internalExecute:
Array
(
    [TYPE_ID] => 4
    [ENTITY_TYPE_ID] => 3
    [ENTITY_ID] => 243917
    [STREET] => Шогенова ул
    [BUILDING] => 6
    [POSTAL_CODE] => 360032
    [COUNTRY] => Россия
    [PROVINCE] => Кабардино-Балкарская Респ
    [REGION] => 
    [CITY] => г Нальчик
    [ADDRESS_2] => 118
)

internalExecute:
Array
(
    [TYPE_ID] => 1
    [ENTITY_TYPE_ID] => 3
    [ENTITY_ID] => 243917
    [STREET] => Шогенова ул
    [BUILDING] => 6
    [POSTAL_CODE] => 360032
    [COUNTRY] => Россия
    [PROVINCE] => Кабардино-Балкарская Респ
    [REGION] => 
    [CITY] => г Нальчик
    [ADDRESS_2] => 118
)

internalExecute:
Array
(
    [TYPE_ID] => 1
    [ENTITY_TYPE_ID] => 3
    [ENTITY_ID] => 243917
    [STREET] => Шогенова ул
    [BUILDING] => 6
    [POSTAL_CODE] => 360032
    [COUNTRY] => Россия
    [PROVINCE] => Кабардино-Балкарская Респ
    [REGION] => 
    [CITY] => г Нальчик
    [ADDRESS_2] => 118
)

internalExecute:
Array
(
    [TYPE_ID] => 4
    [ENTITY_TYPE_ID] => 3
    [ENTITY_ID] => 243918
    [STREET] => 400-летия ул
    [BUILDING] => д 329
    [POSTAL_CODE] => 361506
    [COUNTRY] => Россия
    [PROVINCE] => Кабардино-Балкарская Респ
    [REGION] => 
    [CITY] => с Дыгулыбгей
    [ADDRESS_2] => 
)

internalExecute:
Array
(
    [TYPE_ID] => 4
    [ENTITY_TYPE_ID] => 3
    [ENTITY_ID] => 243918
    [STREET] => 400-летия ул
    [BUILDING] => д 329
    [POSTAL_CODE] => 361506
    [COUNTRY] => Россия
    [PROVINCE] => Кабардино-Балкарская Респ
    [REGION] => 
    [CITY] => с Дыгулыбгей
    [ADDRESS_2] => 
)

internalExecute:
Array
(
    [TYPE_ID] => 1
    [ENTITY_TYPE_ID] => 3
    [ENTITY_ID] => 243918
    [STREET] => 400-летия ул
    [BUILDING] => д 329
    [POSTAL_CODE] => 361506
    [COUNTRY] => Россия
    [PROVINCE] => Кабардино-Балкарская Респ
    [REGION] => 
    [CITY] => с Дыгулыбгей
    [ADDRESS_2] => 
)

internalExecute:
Array
(
    [TYPE_ID] => 1
    [ENTITY_TYPE_ID] => 3
    [ENTITY_ID] => 243918
    [STREET] => 400-летия ул
    [BUILDING] => д 329
    [POSTAL_CODE] => 361506
    [COUNTRY] => Россия
    [PROVINCE] => Кабардино-Балкарская Респ
    [REGION] => 
    [CITY] => с Дыгулыбгей
    [ADDRESS_2] => 
)

internalExecute:
Array
(
    [TYPE_ID] => 4
    [ENTITY_TYPE_ID] => 3
    [ENTITY_ID] => 243919
    [STREET] => 400-летия ул
    [BUILDING] => д 329
    [POSTAL_CODE] => 361506
    [COUNTRY] => Россия
    [PROVINCE] => Кабардино-Балкарская Респ
    [REGION] => 
    [CITY] => с Дыгулыбгей
    [ADDRESS_2] => 
)

internalExecute:
Array
(
    [TYPE_ID] => 4
    [ENTITY_TYPE_ID] => 3
    [ENTITY_ID] => 243919
    [STREET] => 400-летия ул
    [BUILDING] => д 329
    [POSTAL_CODE] => 361506
    [COUNTRY] => Россия
    [PROVINCE] => Кабардино-Балкарская Респ
    [REGION] => 
    [CITY] => с Дыгулыбгей
    [ADDRESS_2] => 
)

internalExecute:
Array
(
    [TYPE_ID] => 1
    [ENTITY_TYPE_ID] => 3
    [ENTITY_ID] => 243919
    [STREET] => 400-летия ул
    [BUILDING] => д 329
    [POSTAL_CODE] => 361506
    [COUNTRY] => Россия
    [PROVINCE] => Кабардино-Балкарская Респ
    [REGION] => 
    [CITY] => с Дыгулыбгей
    [ADDRESS_2] => 
)

internalExecute:
Array
(
    [TYPE_ID] => 1
    [ENTITY_TYPE_ID] => 3
    [ENTITY_ID] => 243919
    [STREET] => 400-летия ул
    [BUILDING] => д 329
    [POSTAL_CODE] => 361506
    [COUNTRY] => Россия
    [PROVINCE] => Кабардино-Балкарская Респ
    [REGION] => 
    [CITY] => с Дыгулыбгей
    [ADDRESS_2] => 
)

internalExecute:
Array
(
    [TYPE_ID] => 4
    [ENTITY_TYPE_ID] => 3
    [ENTITY_ID] => 243951
    [STREET] => улица Гагарина
    [BUILDING] => 38
    [POSTAL_CODE] => 361303
    [COUNTRY] => Россия
    [PROVINCE] => Кабардино-Балкарская Республика
    [REGION] => Урванский район
    [CITY] => село Псыкод
    [ADDRESS_2] => 
)

internalExecute:
Array
(
    [TYPE_ID] => 4
    [ENTITY_TYPE_ID] => 3
    [ENTITY_ID] => 243951
    [STREET] => улица Гагарина
    [BUILDING] => 38
    [POSTAL_CODE] => 361303
    [COUNTRY] => Россия
    [PROVINCE] => Кабардино-Балкарская Республика
    [REGION] => Урванский район
    [CITY] => село Псыкод
    [ADDRESS_2] => 
)

internalExecute:
Array
(
    [TYPE_ID] => 1
    [ENTITY_TYPE_ID] => 3
    [ENTITY_ID] => 243951
    [STREET] => улица Гагарина
    [BUILDING] => 38
    [POSTAL_CODE] => 361303
    [COUNTRY] => Россия
    [PROVINCE] => Кабардино-Балкарская Республика
    [REGION] => Урванский район
    [CITY] => село Псыкод
    [ADDRESS_2] => 
)

internalExecute:
Array
(
    [TYPE_ID] => 1
    [ENTITY_TYPE_ID] => 3
    [ENTITY_ID] => 243951
    [STREET] => улица Гагарина
    [BUILDING] => 38
    [POSTAL_CODE] => 361303
    [COUNTRY] => Россия
    [PROVINCE] => Кабардино-Балкарская Республика
    [REGION] => Урванский район
    [CITY] => село Псыкод
    [ADDRESS_2] => 
)

internalExecute:
Array
(
    [TYPE_ID] => 4
    [ENTITY_TYPE_ID] => 3
    [ENTITY_ID] => 243952
    [STREET] => улица Ленина
    [BUILDING] => дом 61
    [POSTAL_CODE] => 361304
    [COUNTRY] => Россия
    [PROVINCE] => Кабардино- Балкарская Республика
    [REGION] => Урванский район
    [CITY] => село Кахун
    [ADDRESS_2] => 
)

internalExecute:
Array
(
    [TYPE_ID] => 4
    [ENTITY_TYPE_ID] => 3
    [ENTITY_ID] => 243952
    [STREET] => улица Ленина
    [BUILDING] => дом 61
    [POSTAL_CODE] => 361304
    [COUNTRY] => Россия
    [PROVINCE] => Кабардино- Балкарская Республика
    [REGION] => Урванский район
    [CITY] => село Кахун
    [ADDRESS_2] => 
)

internalExecute:
Array
(
    [TYPE_ID] => 1
    [ENTITY_TYPE_ID] => 3
    [ENTITY_ID] => 243952
    [STREET] => улица Ленина
    [BUILDING] => дом 61
    [POSTAL_CODE] => 361304
    [COUNTRY] => Россия
    [PROVINCE] => Кабардино- Балкарская Республика
    [REGION] => Урванский район
    [CITY] => село Кахун
    [ADDRESS_2] => 
)

internalExecute:
Array
(
    [TYPE_ID] => 1
    [ENTITY_TYPE_ID] => 3
    [ENTITY_ID] => 243952
    [STREET] => улица Ленина
    [BUILDING] => дом 61
    [POSTAL_CODE] => 361304
    [COUNTRY] => Россия
    [PROVINCE] => Кабардино- Балкарская Республика
    [REGION] => Урванский район
    [CITY] => село Кахун
    [ADDRESS_2] => 
)

internalExecute:
Array
(
    [TYPE_ID] => 4
    [ENTITY_TYPE_ID] => 3
    [ENTITY_ID] => 243953
    [STREET] => улица Ленина
    [BUILDING] => дом 5
    [POSTAL_CODE] => 361303
    [COUNTRY] => Россия
    [PROVINCE] => Кабардино- Балкарская Республика
    [REGION] => Урванский район
    [CITY] => село Псыкод
    [ADDRESS_2] => 
)

internalExecute:
Array
(
    [TYPE_ID] => 4
    [ENTITY_TYPE_ID] => 3
    [ENTITY_ID] => 243953
    [STREET] => улица Ленина
    [BUILDING] => дом 5
    [POSTAL_CODE] => 361303
    [COUNTRY] => Россия
    [PROVINCE] => Кабардино- Балкарская Республика
    [REGION] => Урванский район
    [CITY] => село Псыкод
    [ADDRESS_2] => 
)

internalExecute:
Array
(
    [TYPE_ID] => 4
    [ENTITY_TYPE_ID] => 3
    [ENTITY_ID] => 243955
    [STREET] => 400-летия
    [BUILDING] => 329
    [POSTAL_CODE] => 361506
    [COUNTRY] => Россия
    [PROVINCE] => Кабардино-Балкарская Республика
    [REGION] => 
    [CITY] => с. Дыгулыбгей
    [ADDRESS_2] => 
)

internalExecute:
Array
(
    [TYPE_ID] => 4
    [ENTITY_TYPE_ID] => 3
    [ENTITY_ID] => 243955
    [STREET] => 400-летия
    [BUILDING] => 329
    [POSTAL_CODE] => 361506
    [COUNTRY] => Россия
    [PROVINCE] => Кабардино-Балкарская Республика
    [REGION] => 
    [CITY] => с. Дыгулыбгей
    [ADDRESS_2] => 
)

internalExecute:
Array
(
    [TYPE_ID] => 1
    [ENTITY_TYPE_ID] => 3
    [ENTITY_ID] => 243955
    [STREET] => 400-летия
    [BUILDING] => 329
    [POSTAL_CODE] => 361506
    [COUNTRY] => Россия
    [PROVINCE] => Кабардино-Балкарская Республика
    [REGION] => 
    [CITY] => с. Дыгулыбгей
    [ADDRESS_2] => 
)

internalExecute:
Array
(
    [TYPE_ID] => 1
    [ENTITY_TYPE_ID] => 3
    [ENTITY_ID] => 243955
    [STREET] => 400-летия
    [BUILDING] => 329
    [POSTAL_CODE] => 361506
    [COUNTRY] => Россия
    [PROVINCE] => Кабардино-Балкарская Республика
    [REGION] => 
    [CITY] => с. Дыгулыбгей
    [ADDRESS_2] => 
)

internalExecute:
Array
(
    [TYPE_ID] => 4
    [ENTITY_TYPE_ID] => 3
    [ENTITY_ID] => 243956
    [STREET] => ногмова
    [BUILDING] => 126
    [POSTAL_CODE] => 
    [COUNTRY] => Россия
    [PROVINCE] => Кабардино-Балкарская Республика
    [REGION] => Лескенский
    [CITY] => Урух
    [ADDRESS_2] => 
)

internalExecute:
Array
(
    [TYPE_ID] => 4
    [ENTITY_TYPE_ID] => 3
    [ENTITY_ID] => 243956
    [STREET] => ногмова
    [BUILDING] => 126
    [POSTAL_CODE] => 
    [COUNTRY] => Россия
    [PROVINCE] => Кабардино-Балкарская Республика
    [REGION] => Лескенский
    [CITY] => Урух
    [ADDRESS_2] => 
)

internalExecute:
Array
(
    [TYPE_ID] => 1
    [ENTITY_TYPE_ID] => 3
    [ENTITY_ID] => 243956
    [STREET] => ленина
    [BUILDING] => 7
    [POSTAL_CODE] => 
    [COUNTRY] => Россия
    [PROVINCE] => Кабардино-Балкарская Республика
    [REGION] => Лескенский 
    [CITY] => хатуей
    [ADDRESS_2] => 
)

internalExecute:
Array
(
    [TYPE_ID] => 1
    [ENTITY_TYPE_ID] => 3
    [ENTITY_ID] => 243956
    [STREET] => ленина
    [BUILDING] => 7
    [POSTAL_CODE] => 
    [COUNTRY] => Россия
    [PROVINCE] => Кабардино-Балкарская Республика
    [REGION] => Лескенский 
    [CITY] => хатуей
    [ADDRESS_2] => 
)

internalExecute:
Array
(
    [TYPE_ID] => 4
    [ENTITY_TYPE_ID] => 3
    [ENTITY_ID] => 243957
    [STREET] => ленина
    [BUILDING] => 7
    [POSTAL_CODE] => 
    [COUNTRY] => Россия
    [PROVINCE] => Кабардино-Балкарская Республика
    [REGION] => Лескенский
    [CITY] => Старый Урух
    [ADDRESS_2] => 
)

internalExecute:
Array
(
    [TYPE_ID] => 4
    [ENTITY_TYPE_ID] => 3
    [ENTITY_ID] => 243957
    [STREET] => ленина
    [BUILDING] => 7
    [POSTAL_CODE] => 
    [COUNTRY] => Россия
    [PROVINCE] => Кабардино-Балкарская Республика
    [REGION] => Лескенский
    [CITY] => Старый Урух
    [ADDRESS_2] => 
)

internalExecute:
Array
(
    [TYPE_ID] => 4
    [ENTITY_TYPE_ID] => 3
    [ENTITY_ID] => 243963
    [STREET] => Клубная ул
    [BUILDING] => д 9
    [POSTAL_CODE] => 673335
    [COUNTRY] => Россия
    [PROVINCE] => Забайкальский край
    [REGION] => Карымский
    [CITY] => с Урульга
    [ADDRESS_2] => 4
)

internalExecute:
Array
(
    [TYPE_ID] => 4
    [ENTITY_TYPE_ID] => 3
    [ENTITY_ID] => 243963
    [STREET] => Клубная ул
    [BUILDING] => д 9
    [POSTAL_CODE] => 673335
    [COUNTRY] => Россия
    [PROVINCE] => Забайкальский край
    [REGION] => Карымский
    [CITY] => с Урульга
    [ADDRESS_2] => 4
)

internalExecute:
Array
(
    [TYPE_ID] => 1
    [ENTITY_TYPE_ID] => 3
    [ENTITY_ID] => 243963
    [STREET] => Клубная ул
    [BUILDING] => д 9
    [POSTAL_CODE] => 673335
    [COUNTRY] => Россия
    [PROVINCE] => Забайкальский край
    [REGION] => Карымский
    [CITY] => с Урульга
    [ADDRESS_2] => 4
)

internalExecute:
Array
(
    [TYPE_ID] => 1
    [ENTITY_TYPE_ID] => 3
    [ENTITY_ID] => 243963
    [STREET] => Клубная ул
    [BUILDING] => д 9
    [POSTAL_CODE] => 673335
    [COUNTRY] => Россия
    [PROVINCE] => Забайкальский край
    [REGION] => Карымский
    [CITY] => с Урульга
    [ADDRESS_2] => 4
)

internalExecute:
Array
(
    [TYPE_ID] => 4
    [ENTITY_TYPE_ID] => 3
    [ENTITY_ID] => 243964
    [STREET] => Коммунальная ул
    [BUILDING] => д 2
    [POSTAL_CODE] => 673335
    [COUNTRY] => Россия
    [PROVINCE] => Забайкальский край
    [REGION] => Карымский
    [CITY] => с Урульга
    [ADDRESS_2] => 
)

internalExecute:
Array
(
    [TYPE_ID] => 4
    [ENTITY_TYPE_ID] => 3
    [ENTITY_ID] => 243964
    [STREET] => Коммунальная ул
    [BUILDING] => д 2
    [POSTAL_CODE] => 673335
    [COUNTRY] => Россия
    [PROVINCE] => Забайкальский край
    [REGION] => Карымский
    [CITY] => с Урульга
    [ADDRESS_2] => 
)

internalExecute:
Array
(
    [TYPE_ID] => 1
    [ENTITY_TYPE_ID] => 4
    [ENTITY_ID] => 50659
    [STREET] => Базоркина ул
    [BUILDING] => 98 д
    [POSTAL_CODE] => 
    [COUNTRY] => 
    [PROVINCE] =>  Ингушетия Респ
    [REGION] => 
    [CITY] => Назрань г
    [ADDRESS_2] => помещение 3
)

internalExecute:
Array
(
    [TYPE_ID] => 1
    [ENTITY_TYPE_ID] => 4
    [ENTITY_ID] => 50659
    [STREET] => Базоркина ул
    [BUILDING] => 98 д
    [POSTAL_CODE] => 
    [COUNTRY] => 
    [PROVINCE] =>  Ингушетия Респ
    [REGION] => 
    [CITY] => Назрань г
    [ADDRESS_2] => помещение 3
)

internalExecute:
Array
(
    [TYPE_ID] => 4
    [ENTITY_TYPE_ID] => 3
    [ENTITY_ID] => 243968
    [STREET] => ул. Набережная
    [BUILDING] => д. 37
    [POSTAL_CODE] => 678280
    [COUNTRY] => Россия
    [PROVINCE] => Респ Саха /Якутия/
    [REGION] => у. Сунтарский
    [CITY] => с. Сарданга
    [ADDRESS_2] => 
)

internalExecute:
Array
(
    [TYPE_ID] => 4
    [ENTITY_TYPE_ID] => 3
    [ENTITY_ID] => 243968
    [STREET] => ул. Набережная
    [BUILDING] => д. 37
    [POSTAL_CODE] => 678280
    [COUNTRY] => Россия
    [PROVINCE] => Респ Саха /Якутия/
    [REGION] => у. Сунтарский
    [CITY] => с. Сарданга
    [ADDRESS_2] => 
)

internalExecute:
Array
(
    [TYPE_ID] => 1
    [ENTITY_TYPE_ID] => 3
    [ENTITY_ID] => 243968
    [STREET] => ул. Набережная
    [BUILDING] => д. 37
    [POSTAL_CODE] => 678280
    [COUNTRY] => Россия
    [PROVINCE] => Респ Саха /Якутия/
    [REGION] => у. Сунтарский
    [CITY] => с. Сарданга
    [ADDRESS_2] => 
)

internalExecute:
Array
(
    [TYPE_ID] => 1
    [ENTITY_TYPE_ID] => 3
    [ENTITY_ID] => 243968
    [STREET] => ул. Набережная
    [BUILDING] => д. 37
    [POSTAL_CODE] => 678280
    [COUNTRY] => Россия
    [PROVINCE] => Респ Саха /Якутия/
    [REGION] => у. Сунтарский
    [CITY] => с. Сарданга
    [ADDRESS_2] => 
)

internalExecute:
Array
(
    [TYPE_ID] => 4
    [ENTITY_TYPE_ID] => 3
    [ENTITY_ID] => 243969
    [STREET] => ул. Набережная
    [BUILDING] => д. 37
    [POSTAL_CODE] => 678280
    [COUNTRY] => Россия
    [PROVINCE] => Респ. Саха /Якутия/
    [REGION] => у. Сунтарский
    [CITY] => с. Сарданга
    [ADDRESS_2] => 
)

internalExecute:
Array
(
    [TYPE_ID] => 4
    [ENTITY_TYPE_ID] => 3
    [ENTITY_ID] => 243969
    [STREET] => ул. Набережная
    [BUILDING] => д. 37
    [POSTAL_CODE] => 678280
    [COUNTRY] => Россия
    [PROVINCE] => Респ. Саха /Якутия/
    [REGION] => у. Сунтарский
    [CITY] => с. Сарданга
    [ADDRESS_2] => 
)

internalExecute:
Array
(
    [TYPE_ID] => 4
    [ENTITY_TYPE_ID] => 3
    [ENTITY_ID] => 243989
    [STREET] => Шевцовой
    [BUILDING] => 63
    [POSTAL_CODE] => 652642
    [COUNTRY] => Россия
    [PROVINCE] => Кемеровская область
    [REGION] => 
    [CITY] => п.г.т. Бачатский
    [ADDRESS_2] => 75
)

internalExecute:
Array
(
    [TYPE_ID] => 4
    [ENTITY_TYPE_ID] => 3
    [ENTITY_ID] => 243989
    [STREET] => Шевцовой
    [BUILDING] => 63
    [POSTAL_CODE] => 652642
    [COUNTRY] => Россия
    [PROVINCE] => Кемеровская область
    [REGION] => 
    [CITY] => п.г.т. Бачатский
    [ADDRESS_2] => 75
)

internalExecute:
Array
(
    [TYPE_ID] => 1
    [ENTITY_TYPE_ID] => 3
    [ENTITY_ID] => 243989
    [STREET] => Тальменская
    [BUILDING] => 3
    [POSTAL_CODE] => 658000
    [COUNTRY] => Россия
    [PROVINCE] => Алтайский край
    [REGION] => 
    [CITY] => С. Ларичиха
    [ADDRESS_2] => 1
)

internalExecute:
Array
(
    [TYPE_ID] => 1
    [ENTITY_TYPE_ID] => 3
    [ENTITY_ID] => 243989
    [STREET] => Тальменская
    [BUILDING] => 3
    [POSTAL_CODE] => 658000
    [COUNTRY] => Россия
    [PROVINCE] => Алтайский край
    [REGION] => 
    [CITY] => С. Ларичиха
    [ADDRESS_2] => 1
)

internalExecute:
Array
(
    [TYPE_ID] => 4
    [ENTITY_TYPE_ID] => 3
    [ENTITY_ID] => 243990
    [STREET] => Комсомольская
    [BUILDING] => 25
    [POSTAL_CODE] => 652642
    [COUNTRY] => Россия
    [PROVINCE] => Кемеровская область
    [REGION] => гор. Белово
    [CITY] => пгт Бачатский
    [ADDRESS_2] => 80
)

internalExecute:
Array
(
    [TYPE_ID] => 4
    [ENTITY_TYPE_ID] => 3
    [ENTITY_ID] => 243990
    [STREET] => Комсомольская
    [BUILDING] => 25
    [POSTAL_CODE] => 652642
    [COUNTRY] => Россия
    [PROVINCE] => Кемеровская область
    [REGION] => гор. Белово
    [CITY] => пгт Бачатский
    [ADDRESS_2] => 80
)

internalExecute:
Array
(
    [TYPE_ID] => 4
    [ENTITY_TYPE_ID] => 3
    [ENTITY_ID] => 243991
    [STREET] => нет
    [BUILDING] => 
    [POSTAL_CODE] => 
    [COUNTRY] => Россия
    [PROVINCE] => нет
    [REGION] => 
    [CITY] => 
    [ADDRESS_2] => 
)

internalExecute:
Array
(
    [TYPE_ID] => 4
    [ENTITY_TYPE_ID] => 3
    [ENTITY_ID] => 243991
    [STREET] => нет
    [BUILDING] => 
    [POSTAL_CODE] => 
    [COUNTRY] => Россия
    [PROVINCE] => нет
    [REGION] => 
    [CITY] => 
    [ADDRESS_2] => 
)

internalExecute:
Array
(
    [TYPE_ID] => 1
    [ENTITY_TYPE_ID] => 3
    [ENTITY_ID] => 243991
    [STREET] => Орбели
    [BUILDING] => 15
    [POSTAL_CODE] => 603142
    [COUNTRY] => Россия
    [PROVINCE] => Нижегородская
    [REGION] => 
    [CITY] => Нижний Новгород
    [ADDRESS_2] => 6
)

internalExecute:
Array
(
    [TYPE_ID] => 1
    [ENTITY_TYPE_ID] => 3
    [ENTITY_ID] => 243991
    [STREET] => Орбели
    [BUILDING] => 15
    [POSTAL_CODE] => 603142
    [COUNTRY] => Россия
    [PROVINCE] => Нижегородская
    [REGION] => 
    [CITY] => Нижний Новгород
    [ADDRESS_2] => 6
)

internalExecute:
Array
(
    [TYPE_ID] => 4
    [ENTITY_TYPE_ID] => 3
    [ENTITY_ID] => 243992
    [STREET] =>  нет
    [BUILDING] => 8
    [POSTAL_CODE] => 606710
    [COUNTRY] => Россия
    [PROVINCE] => Нижегородская
    [REGION] => Краснобаковский
    [CITY] => Потрохово
    [ADDRESS_2] => 3
)

internalExecute:
Array
(
    [TYPE_ID] => 4
    [ENTITY_TYPE_ID] => 3
    [ENTITY_ID] => 243992
    [STREET] =>  нет
    [BUILDING] => 8
    [POSTAL_CODE] => 606710
    [COUNTRY] => Россия
    [PROVINCE] => Нижегородская
    [REGION] => Краснобаковский
    [CITY] => Потрохово
    [ADDRESS_2] => 3
)

internalExecute:
Array
(
    [TYPE_ID] => 4
    [ENTITY_TYPE_ID] => 3
    [ENTITY_ID] => 243996
    [STREET] => А.Н.Ахохова
    [BUILDING] => 182
    [POSTAL_CODE] => 
    [COUNTRY] => Россия
    [PROVINCE] => Кабардино-Балкарская Республика 
    [REGION] => Чегемский район
    [CITY] => с.Чегем-Второй
    [ADDRESS_2] => 
)

internalExecute:
Array
(
    [TYPE_ID] => 4
    [ENTITY_TYPE_ID] => 3
    [ENTITY_ID] => 243996
    [STREET] => А.Н.Ахохова
    [BUILDING] => 182
    [POSTAL_CODE] => 
    [COUNTRY] => Россия
    [PROVINCE] => Кабардино-Балкарская Республика 
    [REGION] => Чегемский район
    [CITY] => с.Чегем-Второй
    [ADDRESS_2] => 
)

internalExecute:
Array
(
    [TYPE_ID] => 1
    [ENTITY_TYPE_ID] => 3
    [ENTITY_ID] => 243996
    [STREET] => А.Н.Ахохова
    [BUILDING] => 182
    [POSTAL_CODE] => 
    [COUNTRY] => Россия
    [PROVINCE] => Кабардино-Балкарская Республика 
    [REGION] => Чегемский район
    [CITY] => с.Чегем-Второй
    [ADDRESS_2] => 
)

internalExecute:
Array
(
    [TYPE_ID] => 1
    [ENTITY_TYPE_ID] => 3
    [ENTITY_ID] => 243996
    [STREET] => А.Н.Ахохова
    [BUILDING] => 182
    [POSTAL_CODE] => 
    [COUNTRY] => Россия
    [PROVINCE] => Кабардино-Балкарская Республика 
    [REGION] => Чегемский район
    [CITY] => с.Чегем-Второй
    [ADDRESS_2] => 
)

internalExecute:
Array
(
    [TYPE_ID] => 4
    [ENTITY_TYPE_ID] => 3
    [ENTITY_ID] => 244005
    [STREET] => Ольховская
    [BUILDING] => 23
    [POSTAL_CODE] => 620141
    [COUNTRY] => Россия
    [PROVINCE] => Свердловская
    [REGION] => Железнодорожный
    [CITY] => Екатеринбург
    [ADDRESS_2] => 10
)

internalExecute:
Array
(
    [TYPE_ID] => 4
    [ENTITY_TYPE_ID] => 3
    [ENTITY_ID] => 244005
    [STREET] => Ольховская
    [BUILDING] => 23
    [POSTAL_CODE] => 620141
    [COUNTRY] => Россия
    [PROVINCE] => Свердловская
    [REGION] => Железнодорожный
    [CITY] => Екатеринбург
    [ADDRESS_2] => 10
)

internalExecute:
Array
(
    [TYPE_ID] => 1
    [ENTITY_TYPE_ID] => 3
    [ENTITY_ID] => 244005
    [STREET] => Ольховская
    [BUILDING] => 23
    [POSTAL_CODE] => 620141
    [COUNTRY] => Россия
    [PROVINCE] => Свердловская
    [REGION] => Железнодорожный
    [CITY] => Екатеринбург
    [ADDRESS_2] => 10
)

internalExecute:
Array
(
    [TYPE_ID] => 1
    [ENTITY_TYPE_ID] => 3
    [ENTITY_ID] => 244005
    [STREET] => Ольховская
    [BUILDING] => 23
    [POSTAL_CODE] => 620141
    [COUNTRY] => Россия
    [PROVINCE] => Свердловская
    [REGION] => Железнодорожный
    [CITY] => Екатеринбург
    [ADDRESS_2] => 10
)

internalExecute:
Array
(
    [TYPE_ID] => 4
    [ENTITY_TYPE_ID] => 3
    [ENTITY_ID] => 244006
    [STREET] => Ольховская ул
    [BUILDING] => д 25 корпус 2
    [POSTAL_CODE] => 620141
    [COUNTRY] => Россия
    [PROVINCE] => Свердловская обл
    [REGION] => 
    [CITY] => г Екатеринбург
    [ADDRESS_2] => 
)

internalExecute:
Array
(
    [TYPE_ID] => 4
    [ENTITY_TYPE_ID] => 3
    [ENTITY_ID] => 244006
    [STREET] => Ольховская ул
    [BUILDING] => д 25 корпус 2
    [POSTAL_CODE] => 620141
    [COUNTRY] => Россия
    [PROVINCE] => Свердловская обл
    [REGION] => 
    [CITY] => г Екатеринбург
    [ADDRESS_2] => 
)

internalExecute:
Array
(
    [TYPE_ID] => 4
    [ENTITY_TYPE_ID] => 3
    [ENTITY_ID] => 244007
    [STREET] => Гагарина
    [BUILDING] => 23
    [POSTAL_CODE] => 
    [COUNTRY] => Россия
    [PROVINCE] => Республика Тыва
    [REGION] => Тес-Хемский
    [CITY] => Шуурмак
    [ADDRESS_2] => 
)

internalExecute:
Array
(
    [TYPE_ID] => 4
    [ENTITY_TYPE_ID] => 3
    [ENTITY_ID] => 244007
    [STREET] => Гагарина
    [BUILDING] => 23
    [POSTAL_CODE] => 
    [COUNTRY] => Россия
    [PROVINCE] => Республика Тыва
    [REGION] => Тес-Хемский
    [CITY] => Шуурмак
    [ADDRESS_2] => 
)

internalExecute:
Array
(
    [TYPE_ID] => 1
    [ENTITY_TYPE_ID] => 3
    [ENTITY_ID] => 244007
    [STREET] => Гагарина
    [BUILDING] => 23
    [POSTAL_CODE] => 
    [COUNTRY] => Россия
    [PROVINCE] => Республика Тыва
    [REGION] => Тес-Хемский
    [CITY] => Шуурмак
    [ADDRESS_2] => 
)

internalExecute:
Array
(
    [TYPE_ID] => 1
    [ENTITY_TYPE_ID] => 3
    [ENTITY_ID] => 244007
    [STREET] => Гагарина
    [BUILDING] => 23
    [POSTAL_CODE] => 
    [COUNTRY] => Россия
    [PROVINCE] => Республика Тыва
    [REGION] => Тес-Хемский
    [CITY] => Шуурмак
    [ADDRESS_2] => 
)

internalExecute:
Array
(
    [TYPE_ID] => 4
    [ENTITY_TYPE_ID] => 3
    [ENTITY_ID] => 244008
    [STREET] => Доржукай
    [BUILDING] => 6
    [POSTAL_CODE] => 
    [COUNTRY] => Россия
    [PROVINCE] => Республика Тыва
    [REGION] => Овюрский
    [CITY] => Торгалыг
    [ADDRESS_2] => 
)

internalExecute:
Array
(
    [TYPE_ID] => 4
    [ENTITY_TYPE_ID] => 3
    [ENTITY_ID] => 244008
    [STREET] => Доржукай
    [BUILDING] => 6
    [POSTAL_CODE] => 
    [COUNTRY] => Россия
    [PROVINCE] => Республика Тыва
    [REGION] => Овюрский
    [CITY] => Торгалыг
    [ADDRESS_2] => 
)

internalExecute:
Array
(
    [TYPE_ID] => 4
    [ENTITY_TYPE_ID] => 3
    [ENTITY_ID] => 244009
    [STREET] => Ольховская
    [BUILDING] => 23
    [POSTAL_CODE] => 620141
    [COUNTRY] => Россия
    [PROVINCE] => Свердловская
    [REGION] => Железнодорожный
    [CITY] => Екатеринбург
    [ADDRESS_2] => 10
)

internalExecute:
Array
(
    [TYPE_ID] => 4
    [ENTITY_TYPE_ID] => 3
    [ENTITY_ID] => 244009
    [STREET] => Ольховская
    [BUILDING] => 23
    [POSTAL_CODE] => 620141
    [COUNTRY] => Россия
    [PROVINCE] => Свердловская
    [REGION] => Железнодорожный
    [CITY] => Екатеринбург
    [ADDRESS_2] => 10
)

internalExecute:
Array
(
    [TYPE_ID] => 1
    [ENTITY_TYPE_ID] => 3
    [ENTITY_ID] => 244009
    [STREET] => Ольховская
    [BUILDING] => 23
    [POSTAL_CODE] => 620141
    [COUNTRY] => Россия
    [PROVINCE] => Свердловская
    [REGION] => Железнодорожный
    [CITY] => Екатеринбург
    [ADDRESS_2] => 10
)

internalExecute:
Array
(
    [TYPE_ID] => 1
    [ENTITY_TYPE_ID] => 3
    [ENTITY_ID] => 244009
    [STREET] => Ольховская
    [BUILDING] => 23
    [POSTAL_CODE] => 620141
    [COUNTRY] => Россия
    [PROVINCE] => Свердловская
    [REGION] => Железнодорожный
    [CITY] => Екатеринбург
    [ADDRESS_2] => 10
)

internalExecute:
Array
(
    [TYPE_ID] => 4
    [ENTITY_TYPE_ID] => 3
    [ENTITY_ID] => 244011
    [STREET] => Ольховская ул
    [BUILDING] => д 25 корпус 2
    [POSTAL_CODE] => 620141
    [COUNTRY] => Россия
    [PROVINCE] => Свердловская обл
    [REGION] => 
    [CITY] => г Екатеринбург
    [ADDRESS_2] => 
)

internalExecute:
Array
(
    [TYPE_ID] => 4
    [ENTITY_TYPE_ID] => 3
    [ENTITY_ID] => 244011
    [STREET] => Ольховская ул
    [BUILDING] => д 25 корпус 2
    [POSTAL_CODE] => 620141
    [COUNTRY] => Россия
    [PROVINCE] => Свердловская обл
    [REGION] => 
    [CITY] => г Екатеринбург
    [ADDRESS_2] => 
)

internalExecute:
Array
(
    [TYPE_ID] => 4
    [ENTITY_TYPE_ID] => 3
    [ENTITY_ID] => 244015
    [STREET] => Шарафутдина
    [BUILDING] => 8
    [POSTAL_CODE] => 368534
    [COUNTRY] => Россия
    [PROVINCE] => Дагестан
    [REGION] => Карабудахкентский
    [CITY] => Доргели
    [ADDRESS_2] => 
)

internalExecute:
Array
(
    [TYPE_ID] => 4
    [ENTITY_TYPE_ID] => 3
    [ENTITY_ID] => 244015
    [STREET] => Шарафутдина
    [BUILDING] => 8
    [POSTAL_CODE] => 368534
    [COUNTRY] => Россия
    [PROVINCE] => Дагестан
    [REGION] => Карабудахкентский
    [CITY] => Доргели
    [ADDRESS_2] => 
)

internalExecute:
Array
(
    [TYPE_ID] => 1
    [ENTITY_TYPE_ID] => 3
    [ENTITY_ID] => 244015
    [STREET] => Шарафутдина
    [BUILDING] => 8
    [POSTAL_CODE] => 368534
    [COUNTRY] => Россия
    [PROVINCE] => Дагестан
    [REGION] => Карабудахкентский
    [CITY] => Доргели
    [ADDRESS_2] => 
)

internalExecute:
Array
(
    [TYPE_ID] => 1
    [ENTITY_TYPE_ID] => 3
    [ENTITY_ID] => 244015
    [STREET] => Шарафутдина
    [BUILDING] => 8
    [POSTAL_CODE] => 368534
    [COUNTRY] => Россия
    [PROVINCE] => Дагестан
    [REGION] => Карабудахкентский
    [CITY] => Доргели
    [ADDRESS_2] => 
)

internalExecute:
Array
(
    [TYPE_ID] => 4
    [ENTITY_TYPE_ID] => 3
    [ENTITY_ID] => 244016
    [STREET] => 
    [BUILDING] => 
    [POSTAL_CODE] => 
    [COUNTRY] => Россия
    [PROVINCE] => 
    [REGION] => 
    [CITY] => 
    [ADDRESS_2] => 
)

internalExecute:
Array
(
    [TYPE_ID] => 4
    [ENTITY_TYPE_ID] => 3
    [ENTITY_ID] => 244016
    [STREET] => 
    [BUILDING] => 
    [POSTAL_CODE] => 
    [COUNTRY] => Россия
    [PROVINCE] => 
    [REGION] => 
    [CITY] => 
    [ADDRESS_2] => 
)

internalExecute:
Array
(
    [TYPE_ID] => 4
    [ENTITY_TYPE_ID] => 3
    [ENTITY_ID] => 244021
    [STREET] => пер.Победный
    [BUILDING] => 4А
    [POSTAL_CODE] => 
    [COUNTRY] => Россия
    [PROVINCE] => обл.Кемеровская
    [REGION] => 
    [CITY] => г.Ленинск-Кузнецкий
    [ADDRESS_2] => кв 2
)

internalExecute:
Array
(
    [TYPE_ID] => 4
    [ENTITY_TYPE_ID] => 3
    [ENTITY_ID] => 244021
    [STREET] => пер.Победный
    [BUILDING] => 4А
    [POSTAL_CODE] => 
    [COUNTRY] => Россия
    [PROVINCE] => обл.Кемеровская
    [REGION] => 
    [CITY] => г.Ленинск-Кузнецкий
    [ADDRESS_2] => кв 2
)

internalExecute:
Array
(
    [TYPE_ID] => 1
    [ENTITY_TYPE_ID] => 3
    [ENTITY_ID] => 244021
    [STREET] => пер.Победный
    [BUILDING] => 4А
    [POSTAL_CODE] => 
    [COUNTRY] => Россия
    [PROVINCE] => обл.Кемеровская
    [REGION] => 
    [CITY] => г.Ленинск-Кузнецкий
    [ADDRESS_2] => кв 2
)

internalExecute:
Array
(
    [TYPE_ID] => 1
    [ENTITY_TYPE_ID] => 3
    [ENTITY_ID] => 244021
    [STREET] => пер.Победный
    [BUILDING] => 4А
    [POSTAL_CODE] => 
    [COUNTRY] => Россия
    [PROVINCE] => обл.Кемеровская
    [REGION] => 
    [CITY] => г.Ленинск-Кузнецкий
    [ADDRESS_2] => кв 2
)

internalExecute:
Array
(
    [TYPE_ID] => 4
    [ENTITY_TYPE_ID] => 3
    [ENTITY_ID] => 244022
    [STREET] => ул.Сурикова
    [BUILDING] => 19
    [POSTAL_CODE] => 
    [COUNTRY] => Россия
    [PROVINCE] => обл.Кемеровская область - Кузбасс
    [REGION] => 
    [CITY] => Г. Ленинск-Кузнецкий
    [ADDRESS_2] => 
)

internalExecute:
Array
(
    [TYPE_ID] => 4
    [ENTITY_TYPE_ID] => 3
    [ENTITY_ID] => 244022
    [STREET] => ул.Сурикова
    [BUILDING] => 19
    [POSTAL_CODE] => 
    [COUNTRY] => Россия
    [PROVINCE] => обл.Кемеровская область - Кузбасс
    [REGION] => 
    [CITY] => Г. Ленинск-Кузнецкий
    [ADDRESS_2] => 
)

internalExecute:
Array
(
    [TYPE_ID] => 4
    [ENTITY_TYPE_ID] => 3
    [ENTITY_ID] => 244023
    [STREET] => ул. Молодежная
    [BUILDING] => 9
    [POSTAL_CODE] => 
    [COUNTRY] => Россия
    [PROVINCE] => обл.Кемеровская область-Кузбасс
    [REGION] => р-н Крапивинский
    [CITY] => с. Борисова
    [ADDRESS_2] => 2
)

internalExecute:
Array
(
    [TYPE_ID] => 4
    [ENTITY_TYPE_ID] => 3
    [ENTITY_ID] => 244023
    [STREET] => ул. Молодежная
    [BUILDING] => 9
    [POSTAL_CODE] => 
    [COUNTRY] => Россия
    [PROVINCE] => обл.Кемеровская область-Кузбасс
    [REGION] => р-н Крапивинский
    [CITY] => с. Борисова
    [ADDRESS_2] => 2
)

internalExecute:
Array
(
    [TYPE_ID] => 4
    [ENTITY_TYPE_ID] => 3
    [ENTITY_ID] => 244053
    [STREET] => Кипова
    [BUILDING] => 23
    [POSTAL_CODE] => 
    [COUNTRY] => Россия
    [PROVINCE] => Кабардино-Балкарская Республика
    [REGION] => Зольский
    [CITY] => Малка
    [ADDRESS_2] => 
)

internalExecute:
Array
(
    [TYPE_ID] => 4
    [ENTITY_TYPE_ID] => 3
    [ENTITY_ID] => 244053
    [STREET] => Кипова
    [BUILDING] => 23
    [POSTAL_CODE] => 
    [COUNTRY] => Россия
    [PROVINCE] => Кабардино-Балкарская Республика
    [REGION] => Зольский
    [CITY] => Малка
    [ADDRESS_2] => 
)

internalExecute:
Array
(
    [TYPE_ID] => 1
    [ENTITY_TYPE_ID] => 3
    [ENTITY_ID] => 244053
    [STREET] => Кипова
    [BUILDING] => 23
    [POSTAL_CODE] => 
    [COUNTRY] => Россия
    [PROVINCE] => Кабардино-Балкарская Республика
    [REGION] => Зольский
    [CITY] => Малка
    [ADDRESS_2] => 
)

internalExecute:
Array
(
    [TYPE_ID] => 1
    [ENTITY_TYPE_ID] => 3
    [ENTITY_ID] => 244053
    [STREET] => Кипова
    [BUILDING] => 23
    [POSTAL_CODE] => 
    [COUNTRY] => Россия
    [PROVINCE] => Кабардино-Балкарская Республика
    [REGION] => Зольский
    [CITY] => Малка
    [ADDRESS_2] => 
)

internalExecute:
Array
(
    [TYPE_ID] => 4
    [ENTITY_TYPE_ID] => 3
    [ENTITY_ID] => 244054
    [STREET] => Кипова
    [BUILDING] => 23
    [POSTAL_CODE] => 
    [COUNTRY] => Россия
    [PROVINCE] => Кабардино-Балкарская Республика
    [REGION] => Зольский
    [CITY] => Малка
    [ADDRESS_2] => 
)

internalExecute:
Array
(
    [TYPE_ID] => 4
    [ENTITY_TYPE_ID] => 3
    [ENTITY_ID] => 244054
    [STREET] => Кипова
    [BUILDING] => 23
    [POSTAL_CODE] => 
    [COUNTRY] => Россия
    [PROVINCE] => Кабардино-Балкарская Республика
    [REGION] => Зольский
    [CITY] => Малка
    [ADDRESS_2] => 
)

internalExecute:
Array
(
    [TYPE_ID] => 4
    [ENTITY_TYPE_ID] => 3
    [ENTITY_ID] => 244068
    [STREET] => Ленина
    [BUILDING] => 105
    [POSTAL_CODE] => 
    [COUNTRY] => Россия
    [PROVINCE] => Кабардино-Балкарская республика
    [REGION] => Зольский
    [CITY] => Псынадаха
    [ADDRESS_2] => 
)

internalExecute:
Array
(
    [TYPE_ID] => 4
    [ENTITY_TYPE_ID] => 3
    [ENTITY_ID] => 244068
    [STREET] => Ленина
    [BUILDING] => 105
    [POSTAL_CODE] => 
    [COUNTRY] => Россия
    [PROVINCE] => Кабардино-Балкарская республика
    [REGION] => Зольский
    [CITY] => Псынадаха
    [ADDRESS_2] => 
)

internalExecute:
Array
(
    [TYPE_ID] => 1
    [ENTITY_TYPE_ID] => 3
    [ENTITY_ID] => 244068
    [STREET] => Ленина
    [BUILDING] => 105
    [POSTAL_CODE] => 
    [COUNTRY] => Россия
    [PROVINCE] => Кабардино-Балкарская республика
    [REGION] => Зольский
    [CITY] => Псынадаха
    [ADDRESS_2] => 
)

internalExecute:
Array
(
    [TYPE_ID] => 1
    [ENTITY_TYPE_ID] => 3
    [ENTITY_ID] => 244068
    [STREET] => Ленина
    [BUILDING] => 105
    [POSTAL_CODE] => 
    [COUNTRY] => Россия
    [PROVINCE] => Кабардино-Балкарская республика
    [REGION] => Зольский
    [CITY] => Псынадаха
    [ADDRESS_2] => 
)

internalExecute:
Array
(
    [TYPE_ID] => 4
    [ENTITY_TYPE_ID] => 3
    [ENTITY_ID] => 244069
    [STREET] => Ленина
    [BUILDING] => 105
    [POSTAL_CODE] => 
    [COUNTRY] => Россия
    [PROVINCE] => Респ Кабардино-Балкарская
    [REGION] => Зольский
    [CITY] => село Псынадаха
    [ADDRESS_2] => 
)

internalExecute:
Array
(
    [TYPE_ID] => 4
    [ENTITY_TYPE_ID] => 3
    [ENTITY_ID] => 244069
    [STREET] => Ленина
    [BUILDING] => 105
    [POSTAL_CODE] => 
    [COUNTRY] => Россия
    [PROVINCE] => Респ Кабардино-Балкарская
    [REGION] => Зольский
    [CITY] => село Псынадаха
    [ADDRESS_2] => 
)

internalExecute:
Array
(
    [TYPE_ID] => 1
    [ENTITY_TYPE_ID] => 3
    [ENTITY_ID] => 244069
    [STREET] => Ленина
    [BUILDING] => 105
    [POSTAL_CODE] => 
    [COUNTRY] => Россия
    [PROVINCE] => Респ Кабардино-Балкарская
    [REGION] => Зольский
    [CITY] => село Псынадаха
    [ADDRESS_2] => 
)

internalExecute:
Array
(
    [TYPE_ID] => 1
    [ENTITY_TYPE_ID] => 3
    [ENTITY_ID] => 244069
    [STREET] => Ленина
    [BUILDING] => 105
    [POSTAL_CODE] => 
    [COUNTRY] => Россия
    [PROVINCE] => Респ Кабардино-Балкарская
    [REGION] => Зольский
    [CITY] => село Псынадаха
    [ADDRESS_2] => 
)

internalExecute:
Array
(
    [TYPE_ID] => 4
    [ENTITY_TYPE_ID] => 3
    [ENTITY_ID] => 244070
    [STREET] => Ленина
    [BUILDING] => 65
    [POSTAL_CODE] => 
    [COUNTRY] => Россия
    [PROVINCE] => Кабардино-Балкарская республика
    [REGION] => Зольский
    [CITY] => село Псынадаха
    [ADDRESS_2] => 
)

internalExecute:
Array
(
    [TYPE_ID] => 4
    [ENTITY_TYPE_ID] => 3
    [ENTITY_ID] => 244070
    [STREET] => Ленина
    [BUILDING] => 65
    [POSTAL_CODE] => 
    [COUNTRY] => Россия
    [PROVINCE] => Кабардино-Балкарская республика
    [REGION] => Зольский
    [CITY] => село Псынадаха
    [ADDRESS_2] => 
)

internalExecute:
Array
(
    [TYPE_ID] => 1
    [ENTITY_TYPE_ID] => 3
    [ENTITY_ID] => 244070
    [STREET] => Ленина
    [BUILDING] => 65
    [POSTAL_CODE] => 
    [COUNTRY] => Россия
    [PROVINCE] => Кабардино-Балкарская республика
    [REGION] => Зольский
    [CITY] => село Псынадаха
    [ADDRESS_2] => 
)

internalExecute:
Array
(
    [TYPE_ID] => 1
    [ENTITY_TYPE_ID] => 3
    [ENTITY_ID] => 244070
    [STREET] => Ленина
    [BUILDING] => 65
    [POSTAL_CODE] => 
    [COUNTRY] => Россия
    [PROVINCE] => Кабардино-Балкарская республика
    [REGION] => Зольский
    [CITY] => село Псынадаха
    [ADDRESS_2] => 
)

internalExecute:
Array
(
    [TYPE_ID] => 4
    [ENTITY_TYPE_ID] => 3
    [ENTITY_ID] => 244071
    [STREET] => Ленина
    [BUILDING] => 65
    [POSTAL_CODE] => 
    [COUNTRY] => Россия
    [PROVINCE] => Респ Кабардино-Балкарская
    [REGION] => Зольский район
    [CITY] => село Псынадаха
    [ADDRESS_2] => 
)

internalExecute:
Array
(
    [TYPE_ID] => 4
    [ENTITY_TYPE_ID] => 3
    [ENTITY_ID] => 244071
    [STREET] => Ленина
    [BUILDING] => 65
    [POSTAL_CODE] => 
    [COUNTRY] => Россия
    [PROVINCE] => Респ Кабардино-Балкарская
    [REGION] => Зольский район
    [CITY] => село Псынадаха
    [ADDRESS_2] => 
)

internalExecute:
Array
(
    [TYPE_ID] => 1
    [ENTITY_TYPE_ID] => 3
    [ENTITY_ID] => 244071
    [STREET] => Ленина
    [BUILDING] => 65
    [POSTAL_CODE] => 
    [COUNTRY] => Россия
    [PROVINCE] => Респ Кабардино-Балкарская
    [REGION] => Зольский район
    [CITY] => село Псынадаха
    [ADDRESS_2] => 
)

internalExecute:
Array
(
    [TYPE_ID] => 1
    [ENTITY_TYPE_ID] => 3
    [ENTITY_ID] => 244071
    [STREET] => Ленина
    [BUILDING] => 65
    [POSTAL_CODE] => 
    [COUNTRY] => Россия
    [PROVINCE] => Респ Кабардино-Балкарская
    [REGION] => Зольский район
    [CITY] => село Псынадаха
    [ADDRESS_2] => 
)

internalExecute:
Array
(
    [TYPE_ID] => 4
    [ENTITY_TYPE_ID] => 3
    [ENTITY_ID] => 244074
    [STREET] => пр-кт Кирова
    [BUILDING] => 120
    [POSTAL_CODE] => 
    [COUNTRY] => Россия
    [PROVINCE] => Кемеровская область
    [REGION] => 
    [CITY] => Ленинск-Кузнецкий
    [ADDRESS_2] => 39
)

internalExecute:
Array
(
    [TYPE_ID] => 4
    [ENTITY_TYPE_ID] => 3
    [ENTITY_ID] => 244074
    [STREET] => пр-кт Кирова
    [BUILDING] => 120
    [POSTAL_CODE] => 
    [COUNTRY] => Россия
    [PROVINCE] => Кемеровская область
    [REGION] => 
    [CITY] => Ленинск-Кузнецкий
    [ADDRESS_2] => 39
)

internalExecute:
Array
(
    [TYPE_ID] => 1
    [ENTITY_TYPE_ID] => 3
    [ENTITY_ID] => 244074
    [STREET] => пр-кт Кирова
    [BUILDING] => 120
    [POSTAL_CODE] => 
    [COUNTRY] => Россия
    [PROVINCE] => Кемеровская область
    [REGION] => 
    [CITY] => Ленинск-Кузнецкий
    [ADDRESS_2] => 39
)

internalExecute:
Array
(
    [TYPE_ID] => 1
    [ENTITY_TYPE_ID] => 3
    [ENTITY_ID] => 244074
    [STREET] => пр-кт Кирова
    [BUILDING] => 120
    [POSTAL_CODE] => 
    [COUNTRY] => Россия
    [PROVINCE] => Кемеровская область
    [REGION] => 
    [CITY] => Ленинск-Кузнецкий
    [ADDRESS_2] => 39
)

internalExecute:
Array
(
    [TYPE_ID] => 4
    [ENTITY_TYPE_ID] => 3
    [ENTITY_ID] => 244075
    [STREET] => Мусохранова
    [BUILDING] => 1
    [POSTAL_CODE] => 
    [COUNTRY] => Россия
    [PROVINCE] => кемеровская область
    [REGION] => 
    [CITY] => город Ленинск-Кузнецкий
    [ADDRESS_2] => 18
)

internalExecute:
Array
(
    [TYPE_ID] => 4
    [ENTITY_TYPE_ID] => 3
    [ENTITY_ID] => 244075
    [STREET] => Мусохранова
    [BUILDING] => 1
    [POSTAL_CODE] => 
    [COUNTRY] => Россия
    [PROVINCE] => кемеровская область
    [REGION] => 
    [CITY] => город Ленинск-Кузнецкий
    [ADDRESS_2] => 18
)

internalExecute:
Array
(
    [TYPE_ID] => 1
    [ENTITY_TYPE_ID] => 3
    [ENTITY_ID] => 244075
    [STREET] => Мусохранова
    [BUILDING] => 1
    [POSTAL_CODE] => 
    [COUNTRY] => Россия
    [PROVINCE] => кемеровская область
    [REGION] => 
    [CITY] => город Ленинск-Кузнецкий
    [ADDRESS_2] => 18
)

internalExecute:
Array
(
    [TYPE_ID] => 1
    [ENTITY_TYPE_ID] => 3
    [ENTITY_ID] => 244075
    [STREET] => Мусохранова
    [BUILDING] => 1
    [POSTAL_CODE] => 
    [COUNTRY] => Россия
    [PROVINCE] => кемеровская область
    [REGION] => 
    [CITY] => город Ленинск-Кузнецкий
    [ADDRESS_2] => 18
)

internalExecute:
Array
(
    [TYPE_ID] => 4
    [ENTITY_TYPE_ID] => 3
    [ENTITY_ID] => 244076
    [STREET] => Мусохранова
    [BUILDING] => 1
    [POSTAL_CODE] => 
    [COUNTRY] => Россия
    [PROVINCE] => Кемеровская область
    [REGION] => 
    [CITY] => Ленинск-Кузнецкий
    [ADDRESS_2] => 18
)

internalExecute:
Array
(
    [TYPE_ID] => 4
    [ENTITY_TYPE_ID] => 3
    [ENTITY_ID] => 244076
    [STREET] => Мусохранова
    [BUILDING] => 1
    [POSTAL_CODE] => 
    [COUNTRY] => Россия
    [PROVINCE] => Кемеровская область
    [REGION] => 
    [CITY] => Ленинск-Кузнецкий
    [ADDRESS_2] => 18
)

internalExecute:
Array
(
    [TYPE_ID] => 4
    [ENTITY_TYPE_ID] => 3
    [ENTITY_ID] => 244077
    [STREET] => Курская
    [BUILDING] => 13
    [POSTAL_CODE] => 
    [COUNTRY] => Россия
    [PROVINCE] => Кемеровская область
    [REGION] => 
    [CITY] => Ленинск-Кузнецкий
    [ADDRESS_2] => 
)

internalExecute:
Array
(
    [TYPE_ID] => 4
    [ENTITY_TYPE_ID] => 3
    [ENTITY_ID] => 244077
    [STREET] => Курская
    [BUILDING] => 13
    [POSTAL_CODE] => 
    [COUNTRY] => Россия
    [PROVINCE] => Кемеровская область
    [REGION] => 
    [CITY] => Ленинск-Кузнецкий
    [ADDRESS_2] => 
)

internalExecute:
Array
(
    [TYPE_ID] => 4
    [ENTITY_TYPE_ID] => 3
    [ENTITY_ID] => 244078
    [STREET] => проспект Текстильщиков
    [BUILDING] => 2/1
    [POSTAL_CODE] => 
    [COUNTRY] => Россия
    [PROVINCE] => Кемеровская область
    [REGION] => 
    [CITY] => Леинск-Кузнецкий
    [ADDRESS_2] => 93
)

internalExecute:
Array
(
    [TYPE_ID] => 4
    [ENTITY_TYPE_ID] => 3
    [ENTITY_ID] => 244078
    [STREET] => проспект Текстильщиков
    [BUILDING] => 2/1
    [POSTAL_CODE] => 
    [COUNTRY] => Россия
    [PROVINCE] => Кемеровская область
    [REGION] => 
    [CITY] => Леинск-Кузнецкий
    [ADDRESS_2] => 93
)

internalExecute:
Array
(
    [TYPE_ID] => 4
    [ENTITY_TYPE_ID] => 3
    [ENTITY_ID] => 244083
    [STREET] => Каратаева ул
    [BUILDING] => д 19
    [POSTAL_CODE] => 674500
    [COUNTRY] => Россия
    [PROVINCE] => Забайкальский край
    [REGION] => Оловяннинский
    [CITY] => пгт Оловянная
    [ADDRESS_2] => 
)

internalExecute:
Array
(
    [TYPE_ID] => 4
    [ENTITY_TYPE_ID] => 3
    [ENTITY_ID] => 244083
    [STREET] => Каратаева ул
    [BUILDING] => д 19
    [POSTAL_CODE] => 674500
    [COUNTRY] => Россия
    [PROVINCE] => Забайкальский край
    [REGION] => Оловяннинский
    [CITY] => пгт Оловянная
    [ADDRESS_2] => 
)

internalExecute:
Array
(
    [TYPE_ID] => 1
    [ENTITY_TYPE_ID] => 3
    [ENTITY_ID] => 244083
    [STREET] => Каратаева ул
    [BUILDING] => д 19
    [POSTAL_CODE] => 674500
    [COUNTRY] => Россия
    [PROVINCE] => Забайкальский край
    [REGION] => Оловяннинский
    [CITY] => пгт Оловянная
    [ADDRESS_2] => 
)

internalExecute:
Array
(
    [TYPE_ID] => 1
    [ENTITY_TYPE_ID] => 3
    [ENTITY_ID] => 244083
    [STREET] => Каратаева ул
    [BUILDING] => д 19
    [POSTAL_CODE] => 674500
    [COUNTRY] => Россия
    [PROVINCE] => Забайкальский край
    [REGION] => Оловяннинский
    [CITY] => пгт Оловянная
    [ADDRESS_2] => 
)

internalExecute:
Array
(
    [TYPE_ID] => 4
    [ENTITY_TYPE_ID] => 3
    [ENTITY_ID] => 244084
    [STREET] => Ударная ул
    [BUILDING] => д 32
    [POSTAL_CODE] => 674500
    [COUNTRY] => Россия
    [PROVINCE] => Забайкальский край
    [REGION] => Оловяннинский
    [CITY] => пгт Оловянная
    [ADDRESS_2] => 
)

internalExecute:
Array
(
    [TYPE_ID] => 4
    [ENTITY_TYPE_ID] => 3
    [ENTITY_ID] => 244084
    [STREET] => Ударная ул
    [BUILDING] => д 32
    [POSTAL_CODE] => 674500
    [COUNTRY] => Россия
    [PROVINCE] => Забайкальский край
    [REGION] => Оловяннинский
    [CITY] => пгт Оловянная
    [ADDRESS_2] => 
)

internalExecute:
Array
(
    [TYPE_ID] => 4
    [ENTITY_TYPE_ID] => 3
    [ENTITY_ID] => 244085
    [STREET] => Северная ул
    [BUILDING] => д 11
    [POSTAL_CODE] => 674500
    [COUNTRY] => Россия
    [PROVINCE] => Забайкальский край
    [REGION] => Оловяннинский
    [CITY] => 
    [ADDRESS_2] => 
)

internalExecute:
Array
(
    [TYPE_ID] => 4
    [ENTITY_TYPE_ID] => 3
    [ENTITY_ID] => 244085
    [STREET] => Северная ул
    [BUILDING] => д 11
    [POSTAL_CODE] => 674500
    [COUNTRY] => Россия
    [PROVINCE] => Забайкальский край
    [REGION] => Оловяннинский
    [CITY] => 
    [ADDRESS_2] => 
)

internalExecute:
Array
(
    [TYPE_ID] => 4
    [ENTITY_TYPE_ID] => 3
    [ENTITY_ID] => 244088
    [STREET] => Ватутина ул
    [BUILDING] => д 29Б
    [POSTAL_CODE] => 360003
    [COUNTRY] => Россия
    [PROVINCE] => Кабардино-Балкарская Респ
    [REGION] => 
    [CITY] => г Нальчик
    [ADDRESS_2] => 51
)

internalExecute:
Array
(
    [TYPE_ID] => 4
    [ENTITY_TYPE_ID] => 3
    [ENTITY_ID] => 244088
    [STREET] => Ватутина ул
    [BUILDING] => д 29Б
    [POSTAL_CODE] => 360003
    [COUNTRY] => Россия
    [PROVINCE] => Кабардино-Балкарская Респ
    [REGION] => 
    [CITY] => г Нальчик
    [ADDRESS_2] => 51
)

internalExecute:
Array
(
    [TYPE_ID] => 1
    [ENTITY_TYPE_ID] => 3
    [ENTITY_ID] => 244088
    [STREET] => Ватутина ул
    [BUILDING] => д 29Б
    [POSTAL_CODE] => 360003
    [COUNTRY] => Россия
    [PROVINCE] => Кабардино-Балкарская Респ
    [REGION] => 
    [CITY] => г Нальчик
    [ADDRESS_2] => 51
)

internalExecute:
Array
(
    [TYPE_ID] => 1
    [ENTITY_TYPE_ID] => 3
    [ENTITY_ID] => 244088
    [STREET] => Ватутина ул
    [BUILDING] => д 29Б
    [POSTAL_CODE] => 360003
    [COUNTRY] => Россия
    [PROVINCE] => Кабардино-Балкарская Респ
    [REGION] => 
    [CITY] => г Нальчик
    [ADDRESS_2] => 51
)

internalExecute:
Array
(
    [TYPE_ID] => 4
    [ENTITY_TYPE_ID] => 3
    [ENTITY_ID] => 244089
    [STREET] => Кушховых ул
    [BUILDING] => д 80
    [POSTAL_CODE] => 360015
    [COUNTRY] => Россия
    [PROVINCE] => Кабардино-Балкарская Респ
    [REGION] => 
    [CITY] => г Нальчик
    [ADDRESS_2] => 
)

internalExecute:
Array
(
    [TYPE_ID] => 4
    [ENTITY_TYPE_ID] => 3
    [ENTITY_ID] => 244089
    [STREET] => Кушховых ул
    [BUILDING] => д 80
    [POSTAL_CODE] => 360015
    [COUNTRY] => Россия
    [PROVINCE] => Кабардино-Балкарская Респ
    [REGION] => 
    [CITY] => г Нальчик
    [ADDRESS_2] => 
)

internalExecute:
Array
(
    [TYPE_ID] => 4
    [ENTITY_TYPE_ID] => 3
    [ENTITY_ID] => 244090
    [STREET] => А. Султана
    [BUILDING] => 3
    [POSTAL_CODE] => 368533
    [COUNTRY] => Россия
    [PROVINCE] => Республика Дагестан
    [REGION] => Карабудахкентский
    [CITY] => Какашура
    [ADDRESS_2] => 
)

internalExecute:
Array
(
    [TYPE_ID] => 4
    [ENTITY_TYPE_ID] => 3
    [ENTITY_ID] => 244090
    [STREET] => А. Султана
    [BUILDING] => 3
    [POSTAL_CODE] => 368533
    [COUNTRY] => Россия
    [PROVINCE] => Республика Дагестан
    [REGION] => Карабудахкентский
    [CITY] => Какашура
    [ADDRESS_2] => 
)

internalExecute:
Array
(
    [TYPE_ID] => 1
    [ENTITY_TYPE_ID] => 3
    [ENTITY_ID] => 244090
    [STREET] => А. Султана
    [BUILDING] => 3
    [POSTAL_CODE] => 368533
    [COUNTRY] => Россия
    [PROVINCE] => Республика Дагестан
    [REGION] => Карабудахкентский
    [CITY] => Какашура
    [ADDRESS_2] => 
)

internalExecute:
Array
(
    [TYPE_ID] => 1
    [ENTITY_TYPE_ID] => 3
    [ENTITY_ID] => 244090
    [STREET] => А. Султана
    [BUILDING] => 3
    [POSTAL_CODE] => 368533
    [COUNTRY] => Россия
    [PROVINCE] => Республика Дагестан
    [REGION] => Карабудахкентский
    [CITY] => Какашура
    [ADDRESS_2] => 
)

internalExecute:
Array
(
    [TYPE_ID] => 4
    [ENTITY_TYPE_ID] => 3
    [ENTITY_ID] => 244091
    [STREET] => 
    [BUILDING] => 
    [POSTAL_CODE] => 
    [COUNTRY] => Россия
    [PROVINCE] => 
    [REGION] => 
    [CITY] => 
    [ADDRESS_2] => 
)

internalExecute:
Array
(
    [TYPE_ID] => 4
    [ENTITY_TYPE_ID] => 3
    [ENTITY_ID] => 244091
    [STREET] => 
    [BUILDING] => 
    [POSTAL_CODE] => 
    [COUNTRY] => Россия
    [PROVINCE] => 
    [REGION] => 
    [CITY] => 
    [ADDRESS_2] => 
)

internalExecute:
Array
(
    [TYPE_ID] => 4
    [ENTITY_TYPE_ID] => 3
    [ENTITY_ID] => 244101
    [STREET] => Школьная
    [BUILDING] => 17
    [POSTAL_CODE] => 452331
    [COUNTRY] => Россия
    [PROVINCE] => Республика Башкортостан
    [REGION] => Мишкинский район
    [CITY] => Камеево
    [ADDRESS_2] => 
)

internalExecute:
Array
(
    [TYPE_ID] => 4
    [ENTITY_TYPE_ID] => 3
    [ENTITY_ID] => 244101
    [STREET] => Школьная
    [BUILDING] => 17
    [POSTAL_CODE] => 452331
    [COUNTRY] => Россия
    [PROVINCE] => Республика Башкортостан
    [REGION] => Мишкинский район
    [CITY] => Камеево
    [ADDRESS_2] => 
)

internalExecute:
Array
(
    [TYPE_ID] => 1
    [ENTITY_TYPE_ID] => 3
    [ENTITY_ID] => 244101
    [STREET] => Школьная
    [BUILDING] => 17
    [POSTAL_CODE] => 452331
    [COUNTRY] => Россия
    [PROVINCE] => Республика Башкортостан
    [REGION] => Мишкинский район
    [CITY] => Камеево
    [ADDRESS_2] => 
)

internalExecute:
Array
(
    [TYPE_ID] => 1
    [ENTITY_TYPE_ID] => 3
    [ENTITY_ID] => 244101
    [STREET] => Школьная
    [BUILDING] => 17
    [POSTAL_CODE] => 452331
    [COUNTRY] => Россия
    [PROVINCE] => Республика Башкортостан
    [REGION] => Мишкинский район
    [CITY] => Камеево
    [ADDRESS_2] => 
)

internalExecute:
Array
(
    [TYPE_ID] => 4
    [ENTITY_TYPE_ID] => 3
    [ENTITY_ID] => 244102
    [STREET] => ул. Дзержинского
    [BUILDING] => 4А
    [POSTAL_CODE] => 452689
    [COUNTRY] => Россия
    [PROVINCE] => Республика Башкортостан
    [REGION] => 
    [CITY] => Нефтекамск
    [ADDRESS_2] => 53
)

internalExecute:
Array
(
    [TYPE_ID] => 4
    [ENTITY_TYPE_ID] => 3
    [ENTITY_ID] => 244102
    [STREET] => ул. Дзержинского
    [BUILDING] => 4А
    [POSTAL_CODE] => 452689
    [COUNTRY] => Россия
    [PROVINCE] => Республика Башкортостан
    [REGION] => 
    [CITY] => Нефтекамск
    [ADDRESS_2] => 53
)

internalExecute:
Array
(
    [TYPE_ID] => 4
    [ENTITY_TYPE_ID] => 3
    [ENTITY_ID] => 244103
    [STREET] => Луговая 
    [BUILDING] => 4 Б
    [POSTAL_CODE] => 667909
    [COUNTRY] => Россия
    [PROVINCE] => Республика Тыва
    [REGION] => Кызылский район
    [CITY] => с. Терлиг-Хая
    [ADDRESS_2] => 
)

internalExecute:
Array
(
    [TYPE_ID] => 4
    [ENTITY_TYPE_ID] => 3
    [ENTITY_ID] => 244103
    [STREET] => Луговая 
    [BUILDING] => 4 Б
    [POSTAL_CODE] => 667909
    [COUNTRY] => Россия
    [PROVINCE] => Республика Тыва
    [REGION] => Кызылский район
    [CITY] => с. Терлиг-Хая
    [ADDRESS_2] => 
)

internalExecute:
Array
(
    [TYPE_ID] => 1
    [ENTITY_TYPE_ID] => 3
    [ENTITY_ID] => 244103
    [STREET] => СНТ -13 ул. Кызымак
    [BUILDING] => 5
    [POSTAL_CODE] => 667000
    [COUNTRY] => Россия
    [PROVINCE] => Республика Тыва
    [REGION] => 
    [CITY] => Кызыл
    [ADDRESS_2] => 
)

internalExecute:
Array
(
    [TYPE_ID] => 1
    [ENTITY_TYPE_ID] => 3
    [ENTITY_ID] => 244103
    [STREET] => СНТ -13 ул. Кызымак
    [BUILDING] => 5
    [POSTAL_CODE] => 667000
    [COUNTRY] => Россия
    [PROVINCE] => Республика Тыва
    [REGION] => 
    [CITY] => Кызыл
    [ADDRESS_2] => 
)

internalExecute:
Array
(
    [TYPE_ID] => 4
    [ENTITY_TYPE_ID] => 3
    [ENTITY_ID] => 244104
    [STREET] => тер СНТ 6 ул. ряд 5
    [BUILDING] => 32
    [POSTAL_CODE] => 667000
    [COUNTRY] => Россия
    [PROVINCE] => Республика Тыва
    [REGION] => 
    [CITY] => город Кызыл
    [ADDRESS_2] => 
)

internalExecute:
Array
(
    [TYPE_ID] => 4
    [ENTITY_TYPE_ID] => 3
    [ENTITY_ID] => 244104
    [STREET] => тер СНТ 6 ул. ряд 5
    [BUILDING] => 32
    [POSTAL_CODE] => 667000
    [COUNTRY] => Россия
    [PROVINCE] => Республика Тыва
    [REGION] => 
    [CITY] => город Кызыл
    [ADDRESS_2] => 
)

internalExecute:
Array
(
    [TYPE_ID] => 4
    [ENTITY_TYPE_ID] => 3
    [ENTITY_ID] => 244109
    [STREET] => тер СНТ 6 ул. ряд 5
    [BUILDING] => 32
    [POSTAL_CODE] => 667000
    [COUNTRY] => Россия
    [PROVINCE] => Республика Тыва
    [REGION] => 
    [CITY] => город Кызыл
    [ADDRESS_2] => 
)

internalExecute:
Array
(
    [TYPE_ID] => 4
    [ENTITY_TYPE_ID] => 3
    [ENTITY_ID] => 244109
    [STREET] => тер СНТ 6 ул. ряд 5
    [BUILDING] => 32
    [POSTAL_CODE] => 667000
    [COUNTRY] => Россия
    [PROVINCE] => Республика Тыва
    [REGION] => 
    [CITY] => город Кызыл
    [ADDRESS_2] => 
)

internalExecute:
Array
(
    [TYPE_ID] => 1
    [ENTITY_TYPE_ID] => 3
    [ENTITY_ID] => 244109
    [STREET] => тер СНТ 6 ул. ряд 5
    [BUILDING] => 32
    [POSTAL_CODE] => 667000
    [COUNTRY] => Россия
    [PROVINCE] => Республика Тыва
    [REGION] => 
    [CITY] => город Кызыл
    [ADDRESS_2] => 
)

internalExecute:
Array
(
    [TYPE_ID] => 1
    [ENTITY_TYPE_ID] => 3
    [ENTITY_ID] => 244109
    [STREET] => тер СНТ 6 ул. ряд 5
    [BUILDING] => 32
    [POSTAL_CODE] => 667000
    [COUNTRY] => Россия
    [PROVINCE] => Республика Тыва
    [REGION] => 
    [CITY] => город Кызыл
    [ADDRESS_2] => 
)

internalExecute:
Array
(
    [TYPE_ID] => 4
    [ENTITY_TYPE_ID] => 3
    [ENTITY_ID] => 244110
    [STREET] => Энтузиастов
    [BUILDING] => 11
    [POSTAL_CODE] => 667909
    [COUNTRY] => Россия
    [PROVINCE] => Республика Тыва
    [REGION] => Кызылский район
    [CITY] => с. Терлиг-Хая
    [ADDRESS_2] => 1
)

internalExecute:
Array
(
    [TYPE_ID] => 4
    [ENTITY_TYPE_ID] => 3
    [ENTITY_ID] => 244110
    [STREET] => Энтузиастов
    [BUILDING] => 11
    [POSTAL_CODE] => 667909
    [COUNTRY] => Россия
    [PROVINCE] => Республика Тыва
    [REGION] => Кызылский район
    [CITY] => с. Терлиг-Хая
    [ADDRESS_2] => 1
)

internalExecute:
Array
(
    [TYPE_ID] => 4
    [ENTITY_TYPE_ID] => 3
    [ENTITY_ID] => 244124
    [STREET] => ул Пролетарская
    [BUILDING] => 9
    [POSTAL_CODE] => 
    [COUNTRY] => Россия
    [PROVINCE] => Республика Дагестан
    [REGION] => 
    [CITY] => г Кизляр
    [ADDRESS_2] => 67
)

internalExecute:
Array
(
    [TYPE_ID] => 4
    [ENTITY_TYPE_ID] => 3
    [ENTITY_ID] => 244124
    [STREET] => ул Пролетарская
    [BUILDING] => 9
    [POSTAL_CODE] => 
    [COUNTRY] => Россия
    [PROVINCE] => Республика Дагестан
    [REGION] => 
    [CITY] => г Кизляр
    [ADDRESS_2] => 67
)

internalExecute:
Array
(
    [TYPE_ID] => 1
    [ENTITY_TYPE_ID] => 3
    [ENTITY_ID] => 244124
    [STREET] => ул Малыгина
    [BUILDING] => 5
    [POSTAL_CODE] => 
    [COUNTRY] => Россия
    [PROVINCE] => Республика Дагестан
    [REGION] => 
    [CITY] => г Кизляр
    [ADDRESS_2] => 
)

internalExecute:
Array
(
    [TYPE_ID] => 1
    [ENTITY_TYPE_ID] => 3
    [ENTITY_ID] => 244124
    [STREET] => ул Малыгина
    [BUILDING] => 5
    [POSTAL_CODE] => 
    [COUNTRY] => Россия
    [PROVINCE] => Республика Дагестан
    [REGION] => 
    [CITY] => г Кизляр
    [ADDRESS_2] => 
)

internalExecute:
Array
(
    [TYPE_ID] => 4
    [ENTITY_TYPE_ID] => 3
    [ENTITY_ID] => 244125
    [STREET] => ул Хорошева
    [BUILDING] => д 103
    [POSTAL_CODE] => 
    [COUNTRY] => Россия
    [PROVINCE] => Республика Дагестан 
    [REGION] => г Кизляр
    [CITY] => 
    [ADDRESS_2] => 
)

internalExecute:
Array
(
    [TYPE_ID] => 4
    [ENTITY_TYPE_ID] => 3
    [ENTITY_ID] => 244125
    [STREET] => ул Хорошева
    [BUILDING] => д 103
    [POSTAL_CODE] => 
    [COUNTRY] => Россия
    [PROVINCE] => Республика Дагестан 
    [REGION] => г Кизляр
    [CITY] => 
    [ADDRESS_2] => 
)

internalExecute:
Array
(
    [TYPE_ID] => 1
    [ENTITY_TYPE_ID] => 3
    [ENTITY_ID] => 244125
    [STREET] => ул Хорошева
    [BUILDING] => д 103
    [POSTAL_CODE] => 
    [COUNTRY] => Россия
    [PROVINCE] => Республика Дагестан 
    [REGION] => г Кизляр
    [CITY] => 
    [ADDRESS_2] => 
)

internalExecute:
Array
(
    [TYPE_ID] => 1
    [ENTITY_TYPE_ID] => 3
    [ENTITY_ID] => 244125
    [STREET] => ул Хорошева
    [BUILDING] => д 103
    [POSTAL_CODE] => 
    [COUNTRY] => Россия
    [PROVINCE] => Республика Дагестан 
    [REGION] => г Кизляр
    [CITY] => 
    [ADDRESS_2] => 
)

internalExecute:
Array
(
    [TYPE_ID] => 4
    [ENTITY_TYPE_ID] => 3
    [ENTITY_ID] => 244131
    [STREET] => Пролетарская
    [BUILDING] => 109
    [POSTAL_CODE] => 667000
    [COUNTRY] => Россия
    [PROVINCE] => Республика Тыва
    [REGION] => 
    [CITY] => город Кызыл
    [ADDRESS_2] => 1
)

internalExecute:
Array
(
    [TYPE_ID] => 4
    [ENTITY_TYPE_ID] => 3
    [ENTITY_ID] => 244131
    [STREET] => Пролетарская
    [BUILDING] => 109
    [POSTAL_CODE] => 667000
    [COUNTRY] => Россия
    [PROVINCE] => Республика Тыва
    [REGION] => 
    [CITY] => город Кызыл
    [ADDRESS_2] => 1
)

internalExecute:
Array
(
    [TYPE_ID] => 1
    [ENTITY_TYPE_ID] => 3
    [ENTITY_ID] => 244131
    [STREET] => Пролетарская
    [BUILDING] => 109
    [POSTAL_CODE] => 667000
    [COUNTRY] => Россия
    [PROVINCE] => Республика Тыва
    [REGION] => 
    [CITY] => город Кызыл
    [ADDRESS_2] => 1
)

internalExecute:
Array
(
    [TYPE_ID] => 1
    [ENTITY_TYPE_ID] => 3
    [ENTITY_ID] => 244131
    [STREET] => Пролетарская
    [BUILDING] => 109
    [POSTAL_CODE] => 667000
    [COUNTRY] => Россия
    [PROVINCE] => Республика Тыва
    [REGION] => 
    [CITY] => город Кызыл
    [ADDRESS_2] => 1
)

internalExecute:
Array
(
    [TYPE_ID] => 4
    [ENTITY_TYPE_ID] => 3
    [ENTITY_ID] => 244132
    [STREET] => Пролетарская
    [BUILDING] => 109
    [POSTAL_CODE] => 667000
    [COUNTRY] => Россия
    [PROVINCE] => Республика Тыва
    [REGION] => 
    [CITY] => г. Кызыл
    [ADDRESS_2] => 1
)

internalExecute:
Array
(
    [TYPE_ID] => 4
    [ENTITY_TYPE_ID] => 3
    [ENTITY_ID] => 244132
    [STREET] => Пролетарская
    [BUILDING] => 109
    [POSTAL_CODE] => 667000
    [COUNTRY] => Россия
    [PROVINCE] => Республика Тыва
    [REGION] => 
    [CITY] => г. Кызыл
    [ADDRESS_2] => 1
)

internalExecute:
Array
(
    [TYPE_ID] => 4
    [ENTITY_TYPE_ID] => 3
    [ENTITY_ID] => 244148
    [STREET] => Ольховская
    [BUILDING] => 23
    [POSTAL_CODE] => 620141
    [COUNTRY] => Россия
    [PROVINCE] => Свердловская
    [REGION] => Железнодорожный
    [CITY] => Екатеринбург
    [ADDRESS_2] => 10
)

internalExecute:
Array
(
    [TYPE_ID] => 4
    [ENTITY_TYPE_ID] => 3
    [ENTITY_ID] => 244148
    [STREET] => Ольховская
    [BUILDING] => 23
    [POSTAL_CODE] => 620141
    [COUNTRY] => Россия
    [PROVINCE] => Свердловская
    [REGION] => Железнодорожный
    [CITY] => Екатеринбург
    [ADDRESS_2] => 10
)

internalExecute:
Array
(
    [TYPE_ID] => 1
    [ENTITY_TYPE_ID] => 3
    [ENTITY_ID] => 244148
    [STREET] => Ольховская
    [BUILDING] => 23
    [POSTAL_CODE] => 620141
    [COUNTRY] => Россия
    [PROVINCE] => Свердловская
    [REGION] => Железнодорожный
    [CITY] => Екатеринбург
    [ADDRESS_2] => 10
)

internalExecute:
Array
(
    [TYPE_ID] => 1
    [ENTITY_TYPE_ID] => 3
    [ENTITY_ID] => 244148
    [STREET] => Ольховская
    [BUILDING] => 23
    [POSTAL_CODE] => 620141
    [COUNTRY] => Россия
    [PROVINCE] => Свердловская
    [REGION] => Железнодорожный
    [CITY] => Екатеринбург
    [ADDRESS_2] => 10
)

internalExecute:
Array
(
    [TYPE_ID] => 4
    [ENTITY_TYPE_ID] => 3
    [ENTITY_ID] => 244149
    [STREET] => ва
    [BUILDING] => 234
    [POSTAL_CODE] => 
    [COUNTRY] => Россия
    [PROVINCE] => авва
    [REGION] => 
    [CITY] => авв
    [ADDRESS_2] => 
)

internalExecute:
Array
(
    [TYPE_ID] => 4
    [ENTITY_TYPE_ID] => 3
    [ENTITY_ID] => 244149
    [STREET] => ва
    [BUILDING] => 234
    [POSTAL_CODE] => 
    [COUNTRY] => Россия
    [PROVINCE] => авва
    [REGION] => 
    [CITY] => авв
    [ADDRESS_2] => 
)

internalExecute:
Array
(
    [TYPE_ID] => 4
    [ENTITY_TYPE_ID] => 3
    [ENTITY_ID] => 244150
    [STREET] => Ольховская
    [BUILDING] => 23
    [POSTAL_CODE] => 620141
    [COUNTRY] => Россия
    [PROVINCE] => Свердловская
    [REGION] => Железнодорожный
    [CITY] => Екатеринбург
    [ADDRESS_2] => 10
)

internalExecute:
Array
(
    [TYPE_ID] => 4
    [ENTITY_TYPE_ID] => 3
    [ENTITY_ID] => 244150
    [STREET] => Ольховская
    [BUILDING] => 23
    [POSTAL_CODE] => 620141
    [COUNTRY] => Россия
    [PROVINCE] => Свердловская
    [REGION] => Железнодорожный
    [CITY] => Екатеринбург
    [ADDRESS_2] => 10
)

internalExecute:
Array
(
    [TYPE_ID] => 1
    [ENTITY_TYPE_ID] => 3
    [ENTITY_ID] => 244150
    [STREET] => Ольховская
    [BUILDING] => 23
    [POSTAL_CODE] => 620141
    [COUNTRY] => Россия
    [PROVINCE] => Свердловская
    [REGION] => Железнодорожный
    [CITY] => Екатеринбург
    [ADDRESS_2] => 10
)

internalExecute:
Array
(
    [TYPE_ID] => 1
    [ENTITY_TYPE_ID] => 3
    [ENTITY_ID] => 244150
    [STREET] => Ольховская
    [BUILDING] => 23
    [POSTAL_CODE] => 620141
    [COUNTRY] => Россия
    [PROVINCE] => Свердловская
    [REGION] => Железнодорожный
    [CITY] => Екатеринбург
    [ADDRESS_2] => 10
)

internalExecute:
Array
(
    [TYPE_ID] => 4
    [ENTITY_TYPE_ID] => 3
    [ENTITY_ID] => 244151
    [STREET] => Ольховская ул
    [BUILDING] => д 23
    [POSTAL_CODE] => 620141
    [COUNTRY] => Россия
    [PROVINCE] => Свердловская обл
    [REGION] => 
    [CITY] => г Екатеринбург
    [ADDRESS_2] => 
)

internalExecute:
Array
(
    [TYPE_ID] => 4
    [ENTITY_TYPE_ID] => 3
    [ENTITY_ID] => 244151
    [STREET] => Ольховская ул
    [BUILDING] => д 23
    [POSTAL_CODE] => 620141
    [COUNTRY] => Россия
    [PROVINCE] => Свердловская обл
    [REGION] => 
    [CITY] => г Екатеринбург
    [ADDRESS_2] => 
)

internalExecute:
Array
(
    [TYPE_ID] => 4
    [ENTITY_TYPE_ID] => 3
    [ENTITY_ID] => 244160
    [STREET] => ул Ицаринская
    [BUILDING] => 13
    [POSTAL_CODE] => 
    [COUNTRY] => Россия
    [PROVINCE] => Респ Дагестан
    [REGION] => Кизлярский район
    [CITY] => с Косякино
    [ADDRESS_2] => 
)

internalExecute:
Array
(
    [TYPE_ID] => 4
    [ENTITY_TYPE_ID] => 3
    [ENTITY_ID] => 244160
    [STREET] => ул Ицаринская
    [BUILDING] => 13
    [POSTAL_CODE] => 
    [COUNTRY] => Россия
    [PROVINCE] => Респ Дагестан
    [REGION] => Кизлярский район
    [CITY] => с Косякино
    [ADDRESS_2] => 
)

internalExecute:
Array
(
    [TYPE_ID] => 1
    [ENTITY_TYPE_ID] => 3
    [ENTITY_ID] => 244160
    [STREET] => ул Ицаринская
    [BUILDING] => 13
    [POSTAL_CODE] => 
    [COUNTRY] => Россия
    [PROVINCE] => Респ Дагестан
    [REGION] => Кизлярский район
    [CITY] => с Косякино
    [ADDRESS_2] => 
)

internalExecute:
Array
(
    [TYPE_ID] => 1
    [ENTITY_TYPE_ID] => 3
    [ENTITY_ID] => 244160
    [STREET] => ул Ицаринская
    [BUILDING] => 13
    [POSTAL_CODE] => 
    [COUNTRY] => Россия
    [PROVINCE] => Респ Дагестан
    [REGION] => Кизлярский район
    [CITY] => с Косякино
    [ADDRESS_2] => 
)

internalExecute:
Array
(
    [TYPE_ID] => 4
    [ENTITY_TYPE_ID] => 3
    [ENTITY_ID] => 244161
    [STREET] => ул Ицарская 
    [BUILDING] => 13
    [POSTAL_CODE] => 
    [COUNTRY] => Россия
    [PROVINCE] => Респ Дагестан
    [REGION] => с Косякино
    [CITY] => Кизлярский район
    [ADDRESS_2] => 
)

internalExecute:
Array
(
    [TYPE_ID] => 4
    [ENTITY_TYPE_ID] => 3
    [ENTITY_ID] => 244161
    [STREET] => ул Ицарская 
    [BUILDING] => 13
    [POSTAL_CODE] => 
    [COUNTRY] => Россия
    [PROVINCE] => Респ Дагестан
    [REGION] => с Косякино
    [CITY] => Кизлярский район
    [ADDRESS_2] => 
)

internalExecute:
Array
(
    [TYPE_ID] => 1
    [ENTITY_TYPE_ID] => 3
    [ENTITY_ID] => 244161
    [STREET] => ул Ицарская 
    [BUILDING] => 13
    [POSTAL_CODE] => 
    [COUNTRY] => Россия
    [PROVINCE] => Респ Дагестан
    [REGION] => с Косякино
    [CITY] => Кизлярский район
    [ADDRESS_2] => 
)

internalExecute:
Array
(
    [TYPE_ID] => 1
    [ENTITY_TYPE_ID] => 3
    [ENTITY_ID] => 244161
    [STREET] => ул Ицарская 
    [BUILDING] => 13
    [POSTAL_CODE] => 
    [COUNTRY] => Россия
    [PROVINCE] => Респ Дагестан
    [REGION] => с Косякино
    [CITY] => Кизлярский район
    [ADDRESS_2] => 
)

internalExecute:
Array
(
    [TYPE_ID] => 4
    [ENTITY_TYPE_ID] => 3
    [ENTITY_ID] => 244168
    [STREET] => Чаадаева ул
    [BUILDING] => д 6
    [POSTAL_CODE] => 654034
    [COUNTRY] => Россия
    [PROVINCE] => Кемеровская область - Кузбасс обл
    [REGION] => 
    [CITY] => г Новокузнецк
    [ADDRESS_2] => 1
)

internalExecute:
Array
(
    [TYPE_ID] => 4
    [ENTITY_TYPE_ID] => 3
    [ENTITY_ID] => 244168
    [STREET] => Чаадаева ул
    [BUILDING] => д 6
    [POSTAL_CODE] => 654034
    [COUNTRY] => Россия
    [PROVINCE] => Кемеровская область - Кузбасс обл
    [REGION] => 
    [CITY] => г Новокузнецк
    [ADDRESS_2] => 1
)

internalExecute:
Array
(
    [TYPE_ID] => 1
    [ENTITY_TYPE_ID] => 3
    [ENTITY_ID] => 244168
    [STREET] => Петракова ул
    [BUILDING] => д 49
    [POSTAL_CODE] => 654034
    [COUNTRY] => Россия
    [PROVINCE] => Кемеровская область - Кузбасс обл
    [REGION] => 
    [CITY] => г Новокузнецк
    [ADDRESS_2] => 41
)

internalExecute:
Array
(
    [TYPE_ID] => 1
    [ENTITY_TYPE_ID] => 3
    [ENTITY_ID] => 244168
    [STREET] => Петракова ул
    [BUILDING] => д 49
    [POSTAL_CODE] => 654034
    [COUNTRY] => Россия
    [PROVINCE] => Кемеровская область - Кузбасс обл
    [REGION] => 
    [CITY] => г Новокузнецк
    [ADDRESS_2] => 41
)

internalExecute:
Array
(
    [TYPE_ID] => 4
    [ENTITY_TYPE_ID] => 3
    [ENTITY_ID] => 244169
    [STREET] => Чаадаева ул
    [BUILDING] => д 6
    [POSTAL_CODE] => 654034
    [COUNTRY] => Россия
    [PROVINCE] => Кемеровская область - Кузбасс обл
    [REGION] => 
    [CITY] => г Новокузнецк
    [ADDRESS_2] => 1
)

internalExecute:
Array
(
    [TYPE_ID] => 4
    [ENTITY_TYPE_ID] => 3
    [ENTITY_ID] => 244169
    [STREET] => Чаадаева ул
    [BUILDING] => д 6
    [POSTAL_CODE] => 654034
    [COUNTRY] => Россия
    [PROVINCE] => Кемеровская область - Кузбасс обл
    [REGION] => 
    [CITY] => г Новокузнецк
    [ADDRESS_2] => 1
)

internalExecute:
Array
(
    [TYPE_ID] => 1
    [ENTITY_TYPE_ID] => 3
    [ENTITY_ID] => 244169
    [STREET] => Чаадаева ул
    [BUILDING] => д 6
    [POSTAL_CODE] => 654034
    [COUNTRY] => Россия
    [PROVINCE] => Кемеровская область - Кузбасс обл
    [REGION] => 
    [CITY] => г Новокузнецк
    [ADDRESS_2] => 1
)

internalExecute:
Array
(
    [TYPE_ID] => 1
    [ENTITY_TYPE_ID] => 3
    [ENTITY_ID] => 244169
    [STREET] => Чаадаева ул
    [BUILDING] => д 6
    [POSTAL_CODE] => 654034
    [COUNTRY] => Россия
    [PROVINCE] => Кемеровская область - Кузбасс обл
    [REGION] => 
    [CITY] => г Новокузнецк
    [ADDRESS_2] => 1
)

internalExecute:
Array
(
    [TYPE_ID] => 4
    [ENTITY_TYPE_ID] => 3
    [ENTITY_ID] => 244170
    [STREET] => Беркакитская ул
    [BUILDING] => 82
    [POSTAL_CODE] => 652725
    [COUNTRY] => Россия
    [PROVINCE] => Кемеровская область - Кузбасс обл
    [REGION] => 
    [CITY] => г Киселевск
    [ADDRESS_2] => 
)

internalExecute:
Array
(
    [TYPE_ID] => 4
    [ENTITY_TYPE_ID] => 3
    [ENTITY_ID] => 244170
    [STREET] => Беркакитская ул
    [BUILDING] => 82
    [POSTAL_CODE] => 652725
    [COUNTRY] => Россия
    [PROVINCE] => Кемеровская область - Кузбасс обл
    [REGION] => 
    [CITY] => г Киселевск
    [ADDRESS_2] => 
)

internalExecute:
Array
(
    [TYPE_ID] => 4
    [ENTITY_TYPE_ID] => 3
    [ENTITY_ID] => 244188
    [STREET] => пер. Инкубаторный
    [BUILDING] => 15
    [POSTAL_CODE] => 667901
    [COUNTRY] => Россия
    [PROVINCE] => Республика Тыва
    [REGION] => Кызылский район 
    [CITY] => пгт. Каа-Хем
    [ADDRESS_2] => 
)

internalExecute:
Array
(
    [TYPE_ID] => 4
    [ENTITY_TYPE_ID] => 3
    [ENTITY_ID] => 244188
    [STREET] => пер. Инкубаторный
    [BUILDING] => 15
    [POSTAL_CODE] => 667901
    [COUNTRY] => Россия
    [PROVINCE] => Республика Тыва
    [REGION] => Кызылский район 
    [CITY] => пгт. Каа-Хем
    [ADDRESS_2] => 
)

internalExecute:
Array
(
    [TYPE_ID] => 1
    [ENTITY_TYPE_ID] => 3
    [ENTITY_ID] => 244188
    [STREET] => пер. Инкубаторный
    [BUILDING] => 15
    [POSTAL_CODE] => 667901
    [COUNTRY] => Россия
    [PROVINCE] => Республика Тыва
    [REGION] => Кызылский район 
    [CITY] => пгт. Каа-Хем
    [ADDRESS_2] => 
)

internalExecute:
Array
(
    [TYPE_ID] => 1
    [ENTITY_TYPE_ID] => 3
    [ENTITY_ID] => 244188
    [STREET] => пер. Инкубаторный
    [BUILDING] => 15
    [POSTAL_CODE] => 667901
    [COUNTRY] => Россия
    [PROVINCE] => Республика Тыва
    [REGION] => Кызылский район 
    [CITY] => пгт. Каа-Хем
    [ADDRESS_2] => 
)

internalExecute:
Array
(
    [TYPE_ID] => 4
    [ENTITY_TYPE_ID] => 3
    [ENTITY_ID] => 244189
    [STREET] => ул. Бай-Хаакская
    [BUILDING] => 2
    [POSTAL_CODE] => 667000
    [COUNTRY] => Россия
    [PROVINCE] => Республика Тыва
    [REGION] => 
    [CITY] => г. Кызыл
    [ADDRESS_2] => 43
)

internalExecute:
Array
(
    [TYPE_ID] => 4
    [ENTITY_TYPE_ID] => 3
    [ENTITY_ID] => 244189
    [STREET] => ул. Бай-Хаакская
    [BUILDING] => 2
    [POSTAL_CODE] => 667000
    [COUNTRY] => Россия
    [PROVINCE] => Республика Тыва
    [REGION] => 
    [CITY] => г. Кызыл
    [ADDRESS_2] => 43
)

internalExecute:
Array
(
    [TYPE_ID] => 4
    [ENTITY_TYPE_ID] => 3
    [ENTITY_ID] => 244190
    [STREET] => Дагестанская
    [BUILDING] => 18
    [POSTAL_CODE] => 
    [COUNTRY] => Россия
    [PROVINCE] => Республика Дагестан
    [REGION] => Казбековский
    [CITY] => с.Дылым
    [ADDRESS_2] => 
)

internalExecute:
Array
(
    [TYPE_ID] => 4
    [ENTITY_TYPE_ID] => 3
    [ENTITY_ID] => 244190
    [STREET] => Дагестанская
    [BUILDING] => 18
    [POSTAL_CODE] => 
    [COUNTRY] => Россия
    [PROVINCE] => Республика Дагестан
    [REGION] => Казбековский
    [CITY] => с.Дылым
    [ADDRESS_2] => 
)

internalExecute:
Array
(
    [TYPE_ID] => 1
    [ENTITY_TYPE_ID] => 3
    [ENTITY_ID] => 244190
    [STREET] => Дагестанская
    [BUILDING] => 18
    [POSTAL_CODE] => 
    [COUNTRY] => Россия
    [PROVINCE] => Республика Дагестан
    [REGION] => Казбековский
    [CITY] => с.Дылым
    [ADDRESS_2] => 
)

internalExecute:
Array
(
    [TYPE_ID] => 1
    [ENTITY_TYPE_ID] => 3
    [ENTITY_ID] => 244190
    [STREET] => Дагестанская
    [BUILDING] => 18
    [POSTAL_CODE] => 
    [COUNTRY] => Россия
    [PROVINCE] => Республика Дагестан
    [REGION] => Казбековский
    [CITY] => с.Дылым
    [ADDRESS_2] => 
)

internalExecute:
Array
(
    [TYPE_ID] => 4
    [ENTITY_TYPE_ID] => 3
    [ENTITY_ID] => 244191
    [STREET] => Дагестанская ул
    [BUILDING] => д 18
    [POSTAL_CODE] => 368140
    [COUNTRY] => Россия
    [PROVINCE] => Дагестан Респ
    [REGION] => Казбековский
    [CITY] => с Дылым
    [ADDRESS_2] => 
)

internalExecute:
Array
(
    [TYPE_ID] => 4
    [ENTITY_TYPE_ID] => 3
    [ENTITY_ID] => 244191
    [STREET] => Дагестанская ул
    [BUILDING] => д 18
    [POSTAL_CODE] => 368140
    [COUNTRY] => Россия
    [PROVINCE] => Дагестан Респ
    [REGION] => Казбековский
    [CITY] => с Дылым
    [ADDRESS_2] => 
)

internalExecute:
Array
(
    [TYPE_ID] => 4
    [ENTITY_TYPE_ID] => 3
    [ENTITY_ID] => 244210
    [STREET] => ул Мира
    [BUILDING] => 76
    [POSTAL_CODE] => 
    [COUNTRY] => Россия
    [PROVINCE] => Республика Дагестан
    [REGION] => Кизлярский район
    [CITY] => с Большая-Орешевка
    [ADDRESS_2] => 
)

internalExecute:
Array
(
    [TYPE_ID] => 4
    [ENTITY_TYPE_ID] => 3
    [ENTITY_ID] => 244210
    [STREET] => ул Мира
    [BUILDING] => 76
    [POSTAL_CODE] => 
    [COUNTRY] => Россия
    [PROVINCE] => Республика Дагестан
    [REGION] => Кизлярский район
    [CITY] => с Большая-Орешевка
    [ADDRESS_2] => 
)

internalExecute:
Array
(
    [TYPE_ID] => 1
    [ENTITY_TYPE_ID] => 3
    [ENTITY_ID] => 244210
    [STREET] => ул Мира
    [BUILDING] => 76
    [POSTAL_CODE] => 
    [COUNTRY] => Россия
    [PROVINCE] => Республика Дагестан
    [REGION] => Кизлярский район
    [CITY] => с Большая-Орешевка
    [ADDRESS_2] => 
)

internalExecute:
Array
(
    [TYPE_ID] => 1
    [ENTITY_TYPE_ID] => 3
    [ENTITY_ID] => 244210
    [STREET] => ул Мира
    [BUILDING] => 76
    [POSTAL_CODE] => 
    [COUNTRY] => Россия
    [PROVINCE] => Республика Дагестан
    [REGION] => Кизлярский район
    [CITY] => с Большая-Орешевка
    [ADDRESS_2] => 
)

internalExecute:
Array
(
    [TYPE_ID] => 4
    [ENTITY_TYPE_ID] => 3
    [ENTITY_ID] => 244211
    [STREET] => ул Мира
    [BUILDING] => 76
    [POSTAL_CODE] => 
    [COUNTRY] => Россия
    [PROVINCE] => респ Дагестан
    [REGION] => Кизлярский район
    [CITY] => с Б. Арешевка
    [ADDRESS_2] => 
)

internalExecute:
Array
(
    [TYPE_ID] => 4
    [ENTITY_TYPE_ID] => 3
    [ENTITY_ID] => 244211
    [STREET] => ул Мира
    [BUILDING] => 76
    [POSTAL_CODE] => 
    [COUNTRY] => Россия
    [PROVINCE] => респ Дагестан
    [REGION] => Кизлярский район
    [CITY] => с Б. Арешевка
    [ADDRESS_2] => 
)

internalExecute:
Array
(
    [TYPE_ID] => 1
    [ENTITY_TYPE_ID] => 3
    [ENTITY_ID] => 244211
    [STREET] => ул Мира
    [BUILDING] => 76
    [POSTAL_CODE] => 
    [COUNTRY] => Россия
    [PROVINCE] => респ Дагестан
    [REGION] => Кизлярский район
    [CITY] => с Б. Арешевка
    [ADDRESS_2] => 
)

internalExecute:
Array
(
    [TYPE_ID] => 1
    [ENTITY_TYPE_ID] => 3
    [ENTITY_ID] => 244211
    [STREET] => ул Мира
    [BUILDING] => 76
    [POSTAL_CODE] => 
    [COUNTRY] => Россия
    [PROVINCE] => респ Дагестан
    [REGION] => Кизлярский район
    [CITY] => с Б. Арешевка
    [ADDRESS_2] => 
)

internalExecute:
Array
(
    [TYPE_ID] => 4
    [ENTITY_TYPE_ID] => 3
    [ENTITY_ID] => 244216
    [STREET] => Кодзокова
    [BUILDING] => 4
    [POSTAL_CODE] => 
    [COUNTRY] => Россия
    [PROVINCE] => Кабадино-Балкарская Республика
    [REGION] => Баксанский
    [CITY] => Заюково
    [ADDRESS_2] => 
)

internalExecute:
Array
(
    [TYPE_ID] => 4
    [ENTITY_TYPE_ID] => 3
    [ENTITY_ID] => 244216
    [STREET] => Кодзокова
    [BUILDING] => 4
    [POSTAL_CODE] => 
    [COUNTRY] => Россия
    [PROVINCE] => Кабадино-Балкарская Республика
    [REGION] => Баксанский
    [CITY] => Заюково
    [ADDRESS_2] => 
)

internalExecute:
Array
(
    [TYPE_ID] => 1
    [ENTITY_TYPE_ID] => 3
    [ENTITY_ID] => 244216
    [STREET] => Кодзокова
    [BUILDING] => 4
    [POSTAL_CODE] => 
    [COUNTRY] => Россия
    [PROVINCE] => Кабадино-Балкарская Республика
    [REGION] => Баксанский
    [CITY] => Заюково
    [ADDRESS_2] => 
)

internalExecute:
Array
(
    [TYPE_ID] => 1
    [ENTITY_TYPE_ID] => 3
    [ENTITY_ID] => 244216
    [STREET] => Кодзокова
    [BUILDING] => 4
    [POSTAL_CODE] => 
    [COUNTRY] => Россия
    [PROVINCE] => Кабадино-Балкарская Республика
    [REGION] => Баксанский
    [CITY] => Заюково
    [ADDRESS_2] => 
)

internalExecute:
Array
(
    [TYPE_ID] => 4
    [ENTITY_TYPE_ID] => 3
    [ENTITY_ID] => 244217
    [STREET] => 
    [BUILDING] => 
    [POSTAL_CODE] => 
    [COUNTRY] => Россия
    [PROVINCE] => 
    [REGION] => 
    [CITY] => 
    [ADDRESS_2] => 
)

internalExecute:
Array
(
    [TYPE_ID] => 4
    [ENTITY_TYPE_ID] => 3
    [ENTITY_ID] => 244217
    [STREET] => 
    [BUILDING] => 
    [POSTAL_CODE] => 
    [COUNTRY] => Россия
    [PROVINCE] => 
    [REGION] => 
    [CITY] => 
    [ADDRESS_2] => 
)

internalExecute:
Array
(
    [TYPE_ID] => 1
    [ENTITY_TYPE_ID] => 4
    [ENTITY_ID] => 50659
    [STREET] => пр-кт Идриса Базоркина
    [BUILDING] => 4
    [POSTAL_CODE] => 
    [COUNTRY] => Россия
    [PROVINCE] => Республика Ингушетия
    [REGION] => 
    [CITY] => Назрань
    [ADDRESS_2] => 
)

internalExecute:
Array
(
    [TYPE_ID] => 1
    [ENTITY_TYPE_ID] => 4
    [ENTITY_ID] => 50659
    [STREET] => пр-кт Идриса Базоркина
    [BUILDING] => 4
    [POSTAL_CODE] => 
    [COUNTRY] => Россия
    [PROVINCE] => Республика Ингушетия
    [REGION] => 
    [CITY] => Назрань
    [ADDRESS_2] => 
)

internalExecute:
Array
(
    [TYPE_ID] => 4
    [ENTITY_TYPE_ID] => 3
    [ENTITY_ID] => 244225
    [STREET] => Михаила Сундуя
    [BUILDING] => 12
    [POSTAL_CODE] => 667000
    [COUNTRY] => Россия
    [PROVINCE] => Республика Тыва
    [REGION] => 
    [CITY] => г. Кызыл
    [ADDRESS_2] => 
)

internalExecute:
Array
(
    [TYPE_ID] => 4
    [ENTITY_TYPE_ID] => 3
    [ENTITY_ID] => 244225
    [STREET] => Михаила Сундуя
    [BUILDING] => 12
    [POSTAL_CODE] => 667000
    [COUNTRY] => Россия
    [PROVINCE] => Республика Тыва
    [REGION] => 
    [CITY] => г. Кызыл
    [ADDRESS_2] => 
)

internalExecute:
Array
(
    [TYPE_ID] => 1
    [ENTITY_TYPE_ID] => 3
    [ENTITY_ID] => 244225
    [STREET] => Михаила Сундуя
    [BUILDING] => 12
    [POSTAL_CODE] => 667000
    [COUNTRY] => Россия
    [PROVINCE] => Республика Тыва
    [REGION] => 
    [CITY] => г. Кызыл
    [ADDRESS_2] => 
)

internalExecute:
Array
(
    [TYPE_ID] => 1
    [ENTITY_TYPE_ID] => 3
    [ENTITY_ID] => 244225
    [STREET] => Михаила Сундуя
    [BUILDING] => 12
    [POSTAL_CODE] => 667000
    [COUNTRY] => Россия
    [PROVINCE] => Республика Тыва
    [REGION] => 
    [CITY] => г. Кызыл
    [ADDRESS_2] => 
)

internalExecute:
Array
(
    [TYPE_ID] => 4
    [ENTITY_TYPE_ID] => 3
    [ENTITY_ID] => 244226
    [STREET] => ул. Михаила Сундуя
    [BUILDING] => 12
    [POSTAL_CODE] => 667000
    [COUNTRY] => Россия
    [PROVINCE] => Республика Тыва
    [REGION] => 
    [CITY] => г. Кызыл
    [ADDRESS_2] => 
)

internalExecute:
Array
(
    [TYPE_ID] => 4
    [ENTITY_TYPE_ID] => 3
    [ENTITY_ID] => 244226
    [STREET] => ул. Михаила Сундуя
    [BUILDING] => 12
    [POSTAL_CODE] => 667000
    [COUNTRY] => Россия
    [PROVINCE] => Республика Тыва
    [REGION] => 
    [CITY] => г. Кызыл
    [ADDRESS_2] => 
)

internalExecute:
Array
(
    [TYPE_ID] => 4
    [ENTITY_TYPE_ID] => 3
    [ENTITY_ID] => 244227
    [STREET] => Иргит Шагдыржап
    [BUILDING] => 17
    [POSTAL_CODE] => 668391
    [COUNTRY] => Россия
    [PROVINCE] => Республика Тыва
    [REGION] => Эрзинский район
    [CITY] => с. Бай-даг
    [ADDRESS_2] => 1
)

internalExecute:
Array
(
    [TYPE_ID] => 4
    [ENTITY_TYPE_ID] => 3
    [ENTITY_ID] => 244227
    [STREET] => Иргит Шагдыржап
    [BUILDING] => 17
    [POSTAL_CODE] => 668391
    [COUNTRY] => Россия
    [PROVINCE] => Республика Тыва
    [REGION] => Эрзинский район
    [CITY] => с. Бай-даг
    [ADDRESS_2] => 1
)

internalExecute:
Array
(
    [TYPE_ID] => 1
    [ENTITY_TYPE_ID] => 3
    [ENTITY_ID] => 244227
    [STREET] => Иргит Шагдыржап
    [BUILDING] => 17
    [POSTAL_CODE] => 668391
    [COUNTRY] => Россия
    [PROVINCE] => Республика Тыва
    [REGION] => Эрзинский район
    [CITY] => с. Бай-даг
    [ADDRESS_2] => 1
)

internalExecute:
Array
(
    [TYPE_ID] => 1
    [ENTITY_TYPE_ID] => 3
    [ENTITY_ID] => 244227
    [STREET] => Иргит Шагдыржап
    [BUILDING] => 17
    [POSTAL_CODE] => 668391
    [COUNTRY] => Россия
    [PROVINCE] => Республика Тыва
    [REGION] => Эрзинский район
    [CITY] => с. Бай-даг
    [ADDRESS_2] => 1
)

internalExecute:
Array
(
    [TYPE_ID] => 4
    [ENTITY_TYPE_ID] => 3
    [ENTITY_ID] => 244228
    [STREET] => СНТ 3, ул. Трактовая
    [BUILDING] => 6
    [POSTAL_CODE] => 667010
    [COUNTRY] => Россия
    [PROVINCE] => Республика Тыва
    [REGION] => 
    [CITY] => г. Кызыл
    [ADDRESS_2] => 
)

internalExecute:
Array
(
    [TYPE_ID] => 4
    [ENTITY_TYPE_ID] => 3
    [ENTITY_ID] => 244228
    [STREET] => СНТ 3, ул. Трактовая
    [BUILDING] => 6
    [POSTAL_CODE] => 667010
    [COUNTRY] => Россия
    [PROVINCE] => Республика Тыва
    [REGION] => 
    [CITY] => г. Кызыл
    [ADDRESS_2] => 
)

internalExecute:
Array
(
    [TYPE_ID] => 4
    [ENTITY_TYPE_ID] => 3
    [ENTITY_ID] => 244229
    [STREET] => Ленина ул
    [BUILDING] => д 136
    [POSTAL_CODE] => 361803
    [COUNTRY] => Россия
    [PROVINCE] => Кабардино-Балкарская Республика
    [REGION] => Черекский
    [CITY] => с Зарагиж
    [ADDRESS_2] => 
)

internalExecute:
Array
(
    [TYPE_ID] => 4
    [ENTITY_TYPE_ID] => 3
    [ENTITY_ID] => 244229
    [STREET] => Ленина ул
    [BUILDING] => д 136
    [POSTAL_CODE] => 361803
    [COUNTRY] => Россия
    [PROVINCE] => Кабардино-Балкарская Республика
    [REGION] => Черекский
    [CITY] => с Зарагиж
    [ADDRESS_2] => 
)

internalExecute:
Array
(
    [TYPE_ID] => 1
    [ENTITY_TYPE_ID] => 3
    [ENTITY_ID] => 244229
    [STREET] => Ленина ул
    [BUILDING] => д 136
    [POSTAL_CODE] => 361803
    [COUNTRY] => Россия
    [PROVINCE] => Кабардино-Балкарская Республика
    [REGION] => Черекский
    [CITY] => с Зарагиж
    [ADDRESS_2] => 
)

internalExecute:
Array
(
    [TYPE_ID] => 1
    [ENTITY_TYPE_ID] => 3
    [ENTITY_ID] => 244229
    [STREET] => Ленина ул
    [BUILDING] => д 136
    [POSTAL_CODE] => 361803
    [COUNTRY] => Россия
    [PROVINCE] => Кабардино-Балкарская Республика
    [REGION] => Черекский
    [CITY] => с Зарагиж
    [ADDRESS_2] => 
)

internalExecute:
Array
(
    [TYPE_ID] => 4
    [ENTITY_TYPE_ID] => 3
    [ENTITY_ID] => 244230
    [STREET] => Ватутина
    [BUILDING] => 22
    [POSTAL_CODE] => 
    [COUNTRY] => Россия
    [PROVINCE] => Кабардино-Балкарской Республика
    [REGION] => Урванский
    [CITY] => С Старый Черек
    [ADDRESS_2] => 
)

internalExecute:
Array
(
    [TYPE_ID] => 4
    [ENTITY_TYPE_ID] => 3
    [ENTITY_ID] => 244230
    [STREET] => Ватутина
    [BUILDING] => 22
    [POSTAL_CODE] => 
    [COUNTRY] => Россия
    [PROVINCE] => Кабардино-Балкарской Республика
    [REGION] => Урванский
    [CITY] => С Старый Черек
    [ADDRESS_2] => 
)

internalExecute:
Array
(
    [TYPE_ID] => 4
    [ENTITY_TYPE_ID] => 3
    [ENTITY_ID] => 244239
    [STREET] => М. ЯРАГСКОГО
    [BUILDING] => 18
    [POSTAL_CODE] => 
    [COUNTRY] => Россия
    [PROVINCE] => РЕСПУБЛИКА ДАГЕСТАН
    [REGION] => КУРАХСКИЙ РАЙОН
    [CITY] => СЕЛО ИКРА
    [ADDRESS_2] => 
)

internalExecute:
Array
(
    [TYPE_ID] => 4
    [ENTITY_TYPE_ID] => 3
    [ENTITY_ID] => 244239
    [STREET] => М. ЯРАГСКОГО
    [BUILDING] => 18
    [POSTAL_CODE] => 
    [COUNTRY] => Россия
    [PROVINCE] => РЕСПУБЛИКА ДАГЕСТАН
    [REGION] => КУРАХСКИЙ РАЙОН
    [CITY] => СЕЛО ИКРА
    [ADDRESS_2] => 
)

internalExecute:
Array
(
    [TYPE_ID] => 1
    [ENTITY_TYPE_ID] => 3
    [ENTITY_ID] => 244239
    [STREET] => М. ЯРАГСКОГО
    [BUILDING] => 18
    [POSTAL_CODE] => 
    [COUNTRY] => Россия
    [PROVINCE] => РЕСПУБЛИКА ДАГЕСТАН
    [REGION] => КУРАХСКИЙ РАЙОН
    [CITY] => СЕЛО ИКРА
    [ADDRESS_2] => 
)

internalExecute:
Array
(
    [TYPE_ID] => 1
    [ENTITY_TYPE_ID] => 3
    [ENTITY_ID] => 244239
    [STREET] => М. ЯРАГСКОГО
    [BUILDING] => 18
    [POSTAL_CODE] => 
    [COUNTRY] => Россия
    [PROVINCE] => РЕСПУБЛИКА ДАГЕСТАН
    [REGION] => КУРАХСКИЙ РАЙОН
    [CITY] => СЕЛО ИКРА
    [ADDRESS_2] => 
)

internalExecute:
Array
(
    [TYPE_ID] => 4
    [ENTITY_TYPE_ID] => 3
    [ENTITY_ID] => 244240
    [STREET] => М. ЯРАГСКОГО
    [BUILDING] => 18
    [POSTAL_CODE] => 
    [COUNTRY] => Россия
    [PROVINCE] => ДАГЕСТАН
    [REGION] => КУРАХСКИЙ РАЙОН
    [CITY] => С. ИКРА
    [ADDRESS_2] => 
)

internalExecute:
Array
(
    [TYPE_ID] => 4
    [ENTITY_TYPE_ID] => 3
    [ENTITY_ID] => 244240
    [STREET] => М. ЯРАГСКОГО
    [BUILDING] => 18
    [POSTAL_CODE] => 
    [COUNTRY] => Россия
    [PROVINCE] => ДАГЕСТАН
    [REGION] => КУРАХСКИЙ РАЙОН
    [CITY] => С. ИКРА
    [ADDRESS_2] => 
)

internalExecute:
Array
(
    [TYPE_ID] => 4
    [ENTITY_TYPE_ID] => 3
    [ENTITY_ID] => 244253
    [STREET] => ул.Цеткин
    [BUILDING] => 28А
    [POSTAL_CODE] => 
    [COUNTRY] => Россия
    [PROVINCE] => Кемеровская область - Кузбасс
    [REGION] => 
    [CITY] => г.Белово
    [ADDRESS_2] => 
)

internalExecute:
Array
(
    [TYPE_ID] => 4
    [ENTITY_TYPE_ID] => 3
    [ENTITY_ID] => 244253
    [STREET] => ул.Цеткин
    [BUILDING] => 28А
    [POSTAL_CODE] => 
    [COUNTRY] => Россия
    [PROVINCE] => Кемеровская область - Кузбасс
    [REGION] => 
    [CITY] => г.Белово
    [ADDRESS_2] => 
)

internalExecute:
Array
(
    [TYPE_ID] => 1
    [ENTITY_TYPE_ID] => 3
    [ENTITY_ID] => 244253
    [STREET] => ул.Цеткин
    [BUILDING] => 28А
    [POSTAL_CODE] => 
    [COUNTRY] => Россия
    [PROVINCE] => Кемеровская область - Кузбасс
    [REGION] => 
    [CITY] => г.Белово
    [ADDRESS_2] => 
)

internalExecute:
Array
(
    [TYPE_ID] => 1
    [ENTITY_TYPE_ID] => 3
    [ENTITY_ID] => 244253
    [STREET] => ул.Цеткин
    [BUILDING] => 28А
    [POSTAL_CODE] => 
    [COUNTRY] => Россия
    [PROVINCE] => Кемеровская область - Кузбасс
    [REGION] => 
    [CITY] => г.Белово
    [ADDRESS_2] => 
)

internalExecute:
Array
(
    [TYPE_ID] => 4
    [ENTITY_TYPE_ID] => 3
    [ENTITY_ID] => 244254
    [STREET] => ул. 40 лет октября
    [BUILDING] => 19
    [POSTAL_CODE] => 
    [COUNTRY] => Россия
    [PROVINCE] => обл.Кемеровская область-Кузбасс
    [REGION] => 
    [CITY] => г.Кемерово
    [ADDRESS_2] => 65
)

internalExecute:
Array
(
    [TYPE_ID] => 4
    [ENTITY_TYPE_ID] => 3
    [ENTITY_ID] => 244254
    [STREET] => ул. 40 лет октября
    [BUILDING] => 19
    [POSTAL_CODE] => 
    [COUNTRY] => Россия
    [PROVINCE] => обл.Кемеровская область-Кузбасс
    [REGION] => 
    [CITY] => г.Кемерово
    [ADDRESS_2] => 65
)

internalExecute:
Array
(
    [TYPE_ID] => 4
    [ENTITY_TYPE_ID] => 3
    [ENTITY_ID] => 244256
    [STREET] => ул. Калинина
    [BUILDING] => 23
    [POSTAL_CODE] => 
    [COUNTRY] => Россия
    [PROVINCE] => обл.Кемеровская
    [REGION] => р-н Крапивинский
    [CITY] => пгт Крапивинский
    [ADDRESS_2] => 
)

internalExecute:
Array
(
    [TYPE_ID] => 4
    [ENTITY_TYPE_ID] => 3
    [ENTITY_ID] => 244256
    [STREET] => ул. Калинина
    [BUILDING] => 23
    [POSTAL_CODE] => 
    [COUNTRY] => Россия
    [PROVINCE] => обл.Кемеровская
    [REGION] => р-н Крапивинский
    [CITY] => пгт Крапивинский
    [ADDRESS_2] => 
)

internalExecute:
Array
(
    [TYPE_ID] => 1
    [ENTITY_TYPE_ID] => 3
    [ENTITY_ID] => 244256
    [STREET] => ул. Калинина
    [BUILDING] => 23
    [POSTAL_CODE] => 
    [COUNTRY] => Россия
    [PROVINCE] => обл.Кемеровская
    [REGION] => р-н Крапивинский
    [CITY] => пгт Крапивинский
    [ADDRESS_2] => 
)

internalExecute:
Array
(
    [TYPE_ID] => 1
    [ENTITY_TYPE_ID] => 3
    [ENTITY_ID] => 244256
    [STREET] => ул. Калинина
    [BUILDING] => 23
    [POSTAL_CODE] => 
    [COUNTRY] => Россия
    [PROVINCE] => обл.Кемеровская
    [REGION] => р-н Крапивинский
    [CITY] => пгт Крапивинский
    [ADDRESS_2] => 
)

internalExecute:
Array
(
    [TYPE_ID] => 4
    [ENTITY_TYPE_ID] => 3
    [ENTITY_ID] => 244257
    [STREET] => ул.Ключевая
    [BUILDING] => 89
    [POSTAL_CODE] => 
    [COUNTRY] => Россия
    [PROVINCE] => Кемеровская область - Кузбасс
    [REGION] => Ленинск-Кузнецкий р-н
    [CITY] => с. красное
    [ADDRESS_2] => 
)

internalExecute:
Array
(
    [TYPE_ID] => 4
    [ENTITY_TYPE_ID] => 3
    [ENTITY_ID] => 244257
    [STREET] => ул.Ключевая
    [BUILDING] => 89
    [POSTAL_CODE] => 
    [COUNTRY] => Россия
    [PROVINCE] => Кемеровская область - Кузбасс
    [REGION] => Ленинск-Кузнецкий р-н
    [CITY] => с. красное
    [ADDRESS_2] => 
)

internalExecute:
Array
(
    [TYPE_ID] => 4
    [ENTITY_TYPE_ID] => 3
    [ENTITY_ID] => 244259
    [STREET] => проспект кирова 
    [BUILDING] => 120
    [POSTAL_CODE] => 
    [COUNTRY] => Россия
    [PROVINCE] => кемеровская область
    [REGION] => 
    [CITY] => ленинск-кузнецкий
    [ADDRESS_2] => 39
)

internalExecute:
Array
(
    [TYPE_ID] => 4
    [ENTITY_TYPE_ID] => 3
    [ENTITY_ID] => 244259
    [STREET] => проспект кирова 
    [BUILDING] => 120
    [POSTAL_CODE] => 
    [COUNTRY] => Россия
    [PROVINCE] => кемеровская область
    [REGION] => 
    [CITY] => ленинск-кузнецкий
    [ADDRESS_2] => 39
)

internalExecute:
Array
(
    [TYPE_ID] => 1
    [ENTITY_TYPE_ID] => 3
    [ENTITY_ID] => 244259
    [STREET] => проспект кирова 
    [BUILDING] => 120
    [POSTAL_CODE] => 
    [COUNTRY] => Россия
    [PROVINCE] => кемеровская область
    [REGION] => 
    [CITY] => ленинск-кузнецкий
    [ADDRESS_2] => 39
)

internalExecute:
Array
(
    [TYPE_ID] => 1
    [ENTITY_TYPE_ID] => 3
    [ENTITY_ID] => 244259
    [STREET] => проспект кирова 
    [BUILDING] => 120
    [POSTAL_CODE] => 
    [COUNTRY] => Россия
    [PROVINCE] => кемеровская область
    [REGION] => 
    [CITY] => ленинск-кузнецкий
    [ADDRESS_2] => 39
)

internalExecute:
Array
(
    [TYPE_ID] => 4
    [ENTITY_TYPE_ID] => 3
    [ENTITY_ID] => 244260
    [STREET] => гагарина
    [BUILDING] => 34
    [POSTAL_CODE] => 
    [COUNTRY] => Россия
    [PROVINCE] => кемеровская область
    [REGION] => 
    [CITY] => ленинск-кузнецкий
    [ADDRESS_2] => 
)

internalExecute:
Array
(
    [TYPE_ID] => 4
    [ENTITY_TYPE_ID] => 3
    [ENTITY_ID] => 244260
    [STREET] => гагарина
    [BUILDING] => 34
    [POSTAL_CODE] => 
    [COUNTRY] => Россия
    [PROVINCE] => кемеровская область
    [REGION] => 
    [CITY] => ленинск-кузнецкий
    [ADDRESS_2] => 
)

internalExecute:
Array
(
    [TYPE_ID] => 1
    [ENTITY_TYPE_ID] => 3
    [ENTITY_ID] => 244260
    [STREET] => гагарина
    [BUILDING] => 34
    [POSTAL_CODE] => 
    [COUNTRY] => Россия
    [PROVINCE] => кемеровская область
    [REGION] => 
    [CITY] => ленинск-кузнецкий
    [ADDRESS_2] => 
)

internalExecute:
Array
(
    [TYPE_ID] => 1
    [ENTITY_TYPE_ID] => 3
    [ENTITY_ID] => 244260
    [STREET] => гагарина
    [BUILDING] => 34
    [POSTAL_CODE] => 
    [COUNTRY] => Россия
    [PROVINCE] => кемеровская область
    [REGION] => 
    [CITY] => ленинск-кузнецкий
    [ADDRESS_2] => 
)

internalExecute:
Array
(
    [TYPE_ID] => 4
    [ENTITY_TYPE_ID] => 3
    [ENTITY_ID] => 244261
    [STREET] => переулок степной
    [BUILDING] => 2
    [POSTAL_CODE] => 
    [COUNTRY] => Россия
    [PROVINCE] => кемеровская область
    [REGION] => ленинск-кузнецкий
    [CITY] => поселок ракитный
    [ADDRESS_2] => 
)

internalExecute:
Array
(
    [TYPE_ID] => 4
    [ENTITY_TYPE_ID] => 3
    [ENTITY_ID] => 244261
    [STREET] => переулок степной
    [BUILDING] => 2
    [POSTAL_CODE] => 
    [COUNTRY] => Россия
    [PROVINCE] => кемеровская область
    [REGION] => ленинск-кузнецкий
    [CITY] => поселок ракитный
    [ADDRESS_2] => 
)

internalExecute:
Array
(
    [TYPE_ID] => 4
    [ENTITY_TYPE_ID] => 3
    [ENTITY_ID] => 244262
    [STREET] => гагарина
    [BUILDING] => 34
    [POSTAL_CODE] => 
    [COUNTRY] => Россия
    [PROVINCE] => кемеровская область
    [REGION] => 
    [CITY] => ленинск -кузнецкий
    [ADDRESS_2] => 
)

internalExecute:
Array
(
    [TYPE_ID] => 4
    [ENTITY_TYPE_ID] => 3
    [ENTITY_ID] => 244262
    [STREET] => гагарина
    [BUILDING] => 34
    [POSTAL_CODE] => 
    [COUNTRY] => Россия
    [PROVINCE] => кемеровская область
    [REGION] => 
    [CITY] => ленинск -кузнецкий
    [ADDRESS_2] => 
)

internalExecute:
Array
(
    [TYPE_ID] => 4
    [ENTITY_TYPE_ID] => 3
    [ENTITY_ID] => 244264
    [STREET] => ул Лесная 
    [BUILDING] => 156
    [POSTAL_CODE] => 
    [COUNTRY] => Россия
    [PROVINCE] => Карачаево-Черкесская Республика
    [REGION] => Зеленчукский район
    [CITY] => ст-ца Зеленчукская
    [ADDRESS_2] => 
)

internalExecute:
Array
(
    [TYPE_ID] => 4
    [ENTITY_TYPE_ID] => 3
    [ENTITY_ID] => 244264
    [STREET] => ул Лесная 
    [BUILDING] => 156
    [POSTAL_CODE] => 
    [COUNTRY] => Россия
    [PROVINCE] => Карачаево-Черкесская Республика
    [REGION] => Зеленчукский район
    [CITY] => ст-ца Зеленчукская
    [ADDRESS_2] => 
)

internalExecute:
Array
(
    [TYPE_ID] => 1
    [ENTITY_TYPE_ID] => 3
    [ENTITY_ID] => 244264
    [STREET] => ул Лесная 
    [BUILDING] => 156
    [POSTAL_CODE] => 
    [COUNTRY] => Россия
    [PROVINCE] => Карачаево-Черкесская Республика
    [REGION] => Зеленчукский район
    [CITY] => ст-ца Зеленчукская
    [ADDRESS_2] => 
)

internalExecute:
Array
(
    [TYPE_ID] => 1
    [ENTITY_TYPE_ID] => 3
    [ENTITY_ID] => 244264
    [STREET] => ул Лесная 
    [BUILDING] => 156
    [POSTAL_CODE] => 
    [COUNTRY] => Россия
    [PROVINCE] => Карачаево-Черкесская Республика
    [REGION] => Зеленчукский район
    [CITY] => ст-ца Зеленчукская
    [ADDRESS_2] => 
)

internalExecute:
Array
(
    [TYPE_ID] => 4
    [ENTITY_TYPE_ID] => 3
    [ENTITY_ID] => 244265
    [STREET] => ул Подгорная
    [BUILDING] => 86
    [POSTAL_CODE] => 
    [COUNTRY] => Россия
    [PROVINCE] => Карачаево-Черкесская Республика
    [REGION] => Зеленчукский район 
    [CITY] => ст Зеленчукская
    [ADDRESS_2] => 
)

internalExecute:
Array
(
    [TYPE_ID] => 4
    [ENTITY_TYPE_ID] => 3
    [ENTITY_ID] => 244265
    [STREET] => ул Подгорная
    [BUILDING] => 86
    [POSTAL_CODE] => 
    [COUNTRY] => Россия
    [PROVINCE] => Карачаево-Черкесская Республика
    [REGION] => Зеленчукский район 
    [CITY] => ст Зеленчукская
    [ADDRESS_2] => 
)

internalExecute:
Array
(
    [TYPE_ID] => 1
    [ENTITY_TYPE_ID] => 3
    [ENTITY_ID] => 244265
    [STREET] => ул Подгорная
    [BUILDING] => 86
    [POSTAL_CODE] => 
    [COUNTRY] => Россия
    [PROVINCE] => Карачаево-Черкесская Республика
    [REGION] => Зеленчукский район 
    [CITY] => ст Зеленчукская
    [ADDRESS_2] => 
)

internalExecute:
Array
(
    [TYPE_ID] => 1
    [ENTITY_TYPE_ID] => 3
    [ENTITY_ID] => 244265
    [STREET] => ул Подгорная
    [BUILDING] => 86
    [POSTAL_CODE] => 
    [COUNTRY] => Россия
    [PROVINCE] => Карачаево-Черкесская Республика
    [REGION] => Зеленчукский район 
    [CITY] => ст Зеленчукская
    [ADDRESS_2] => 
)

internalExecute:
Array
(
    [TYPE_ID] => 4
    [ENTITY_TYPE_ID] => 3
    [ENTITY_ID] => 244311
    [STREET] => Ольховская
    [BUILDING] => 23
    [POSTAL_CODE] => 620141
    [COUNTRY] => Россия
    [PROVINCE] => Свердловская
    [REGION] => Железнодорожный р-н
    [CITY] => Екатеринбург
    [ADDRESS_2] => 10
)

internalExecute:
Array
(
    [TYPE_ID] => 4
    [ENTITY_TYPE_ID] => 3
    [ENTITY_ID] => 244311
    [STREET] => Ольховская
    [BUILDING] => 23
    [POSTAL_CODE] => 620141
    [COUNTRY] => Россия
    [PROVINCE] => Свердловская
    [REGION] => Железнодорожный р-н
    [CITY] => Екатеринбург
    [ADDRESS_2] => 10
)

internalExecute:
Array
(
    [TYPE_ID] => 1
    [ENTITY_TYPE_ID] => 3
    [ENTITY_ID] => 244311
    [STREET] => Ольховская
    [BUILDING] => 23
    [POSTAL_CODE] => 620141
    [COUNTRY] => Россия
    [PROVINCE] => Свердловская
    [REGION] => Железнодорожный р-н
    [CITY] => Екатеринбург
    [ADDRESS_2] => 10
)

internalExecute:
Array
(
    [TYPE_ID] => 1
    [ENTITY_TYPE_ID] => 3
    [ENTITY_ID] => 244311
    [STREET] => Ольховская
    [BUILDING] => 23
    [POSTAL_CODE] => 620141
    [COUNTRY] => Россия
    [PROVINCE] => Свердловская
    [REGION] => Железнодорожный р-н
    [CITY] => Екатеринбург
    [ADDRESS_2] => 10
)

internalExecute:
Array
(
    [TYPE_ID] => 4
    [ENTITY_TYPE_ID] => 3
    [ENTITY_ID] => 244312
    [STREET] => Ольховская
    [BUILDING] => 23
    [POSTAL_CODE] => 620141
    [COUNTRY] => Россия
    [PROVINCE] => Свердловская
    [REGION] => Железнодорожный р-н
    [CITY] => Екатеринбург
    [ADDRESS_2] => 10
)

internalExecute:
Array
(
    [TYPE_ID] => 4
    [ENTITY_TYPE_ID] => 3
    [ENTITY_ID] => 244312
    [STREET] => Ольховская
    [BUILDING] => 23
    [POSTAL_CODE] => 620141
    [COUNTRY] => Россия
    [PROVINCE] => Свердловская
    [REGION] => Железнодорожный р-н
    [CITY] => Екатеринбург
    [ADDRESS_2] => 10
)

internalExecute:
Array
(
    [TYPE_ID] => 1
    [ENTITY_TYPE_ID] => 3
    [ENTITY_ID] => 244312
    [STREET] => Ольховская
    [BUILDING] => 23
    [POSTAL_CODE] => 620141
    [COUNTRY] => Россия
    [PROVINCE] => Свердловская
    [REGION] => Железнодорожный р-н
    [CITY] => Екатеринбург
    [ADDRESS_2] => 10
)

internalExecute:
Array
(
    [TYPE_ID] => 1
    [ENTITY_TYPE_ID] => 3
    [ENTITY_ID] => 244312
    [STREET] => Ольховская
    [BUILDING] => 23
    [POSTAL_CODE] => 620141
    [COUNTRY] => Россия
    [PROVINCE] => Свердловская
    [REGION] => Железнодорожный р-н
    [CITY] => Екатеринбург
    [ADDRESS_2] => 10
)

internalExecute:
Array
(
    [TYPE_ID] => 4
    [ENTITY_TYPE_ID] => 3
    [ENTITY_ID] => 244313
    [STREET] => Ольховская
    [BUILDING] => 23
    [POSTAL_CODE] => 620141
    [COUNTRY] => Россия
    [PROVINCE] => Свердловская
    [REGION] => Железнодорожный р-н
    [CITY] => Екатеринбург
    [ADDRESS_2] => 10
)

internalExecute:
Array
(
    [TYPE_ID] => 4
    [ENTITY_TYPE_ID] => 3
    [ENTITY_ID] => 244313
    [STREET] => Ольховская
    [BUILDING] => 23
    [POSTAL_CODE] => 620141
    [COUNTRY] => Россия
    [PROVINCE] => Свердловская
    [REGION] => Железнодорожный р-н
    [CITY] => Екатеринбург
    [ADDRESS_2] => 10
)

internalExecute:
Array
(
    [TYPE_ID] => 1
    [ENTITY_TYPE_ID] => 3
    [ENTITY_ID] => 244313
    [STREET] => Ольховская
    [BUILDING] => 23
    [POSTAL_CODE] => 620141
    [COUNTRY] => Россия
    [PROVINCE] => Свердловская
    [REGION] => Железнодорожный р-н
    [CITY] => Екатеринбург
    [ADDRESS_2] => 10
)

internalExecute:
Array
(
    [TYPE_ID] => 1
    [ENTITY_TYPE_ID] => 3
    [ENTITY_ID] => 244313
    [STREET] => Ольховская
    [BUILDING] => 23
    [POSTAL_CODE] => 620141
    [COUNTRY] => Россия
    [PROVINCE] => Свердловская
    [REGION] => Железнодорожный р-н
    [CITY] => Екатеринбург
    [ADDRESS_2] => 10
)

internalExecute:
Array
(
    [TYPE_ID] => 4
    [ENTITY_TYPE_ID] => 3
    [ENTITY_ID] => 244317
    [STREET] => Ольховская
    [BUILDING] => 23
    [POSTAL_CODE] => 620141
    [COUNTRY] => Россия
    [PROVINCE] => Свердловская
    [REGION] => Железнодорожный р-н
    [CITY] => Екатеринбург
    [ADDRESS_2] => 10
)

internalExecute:
Array
(
    [TYPE_ID] => 4
    [ENTITY_TYPE_ID] => 3
    [ENTITY_ID] => 244317
    [STREET] => Ольховская
    [BUILDING] => 23
    [POSTAL_CODE] => 620141
    [COUNTRY] => Россия
    [PROVINCE] => Свердловская
    [REGION] => Железнодорожный р-н
    [CITY] => Екатеринбург
    [ADDRESS_2] => 10
)

internalExecute:
Array
(
    [TYPE_ID] => 1
    [ENTITY_TYPE_ID] => 3
    [ENTITY_ID] => 244317
    [STREET] => Ольховская
    [BUILDING] => 23
    [POSTAL_CODE] => 620141
    [COUNTRY] => Россия
    [PROVINCE] => Свердловская
    [REGION] => Железнодорожный р-н
    [CITY] => Екатеринбург
    [ADDRESS_2] => 10
)

internalExecute:
Array
(
    [TYPE_ID] => 1
    [ENTITY_TYPE_ID] => 3
    [ENTITY_ID] => 244317
    [STREET] => Ольховская
    [BUILDING] => 23
    [POSTAL_CODE] => 620141
    [COUNTRY] => Россия
    [PROVINCE] => Свердловская
    [REGION] => Железнодорожный р-н
    [CITY] => Екатеринбург
    [ADDRESS_2] => 10
)

internalExecute:
Array
(
    [TYPE_ID] => 1
    [ENTITY_TYPE_ID] => 4
    [ENTITY_ID] => 51046
    [STREET] => проспект Комсомольский 
    [BUILDING] => д. 54
    [POSTAL_CODE] => 
    [COUNTRY] => 
    [PROVINCE] => Пермский край
    [REGION] => 
    [CITY] => г. Пермь
    [ADDRESS_2] => 418
)

internalExecute:
Array
(
    [TYPE_ID] => 1
    [ENTITY_TYPE_ID] => 4
    [ENTITY_ID] => 51046
    [STREET] => проспект Комсомольский 
    [BUILDING] => д. 54
    [POSTAL_CODE] => 
    [COUNTRY] => 
    [PROVINCE] => Пермский край
    [REGION] => 
    [CITY] => г. Пермь
    [ADDRESS_2] => 418
)

internalExecute:
Array
(
    [TYPE_ID] => 4
    [ENTITY_TYPE_ID] => 3
    [ENTITY_ID] => 244318
    [STREET] => Братьев Агзаговых
    [BUILDING] => 19
    [POSTAL_CODE] => 
    [COUNTRY] => Россия
    [PROVINCE] => Кабардино-Балкарская Республика
    [REGION] => Чегемский
    [CITY] => Нартан
    [ADDRESS_2] => 
)

internalExecute:
Array
(
    [TYPE_ID] => 4
    [ENTITY_TYPE_ID] => 3
    [ENTITY_ID] => 244318
    [STREET] => Братьев Агзаговых
    [BUILDING] => 19
    [POSTAL_CODE] => 
    [COUNTRY] => Россия
    [PROVINCE] => Кабардино-Балкарская Республика
    [REGION] => Чегемский
    [CITY] => Нартан
    [ADDRESS_2] => 
)

internalExecute:
Array
(
    [TYPE_ID] => 1
    [ENTITY_TYPE_ID] => 3
    [ENTITY_ID] => 244318
    [STREET] => Братьев Агзаговых
    [BUILDING] => 19
    [POSTAL_CODE] => 
    [COUNTRY] => Россия
    [PROVINCE] => Кабардино-Балкарская Республика
    [REGION] => Чегемский
    [CITY] => Нартан
    [ADDRESS_2] => 
)

internalExecute:
Array
(
    [TYPE_ID] => 1
    [ENTITY_TYPE_ID] => 3
    [ENTITY_ID] => 244318
    [STREET] => Братьев Агзаговых
    [BUILDING] => 19
    [POSTAL_CODE] => 
    [COUNTRY] => Россия
    [PROVINCE] => Кабардино-Балкарская Республика
    [REGION] => Чегемский
    [CITY] => Нартан
    [ADDRESS_2] => 
)

internalExecute:
Array
(
    [TYPE_ID] => 4
    [ENTITY_TYPE_ID] => 3
    [ENTITY_ID] => 244319
    [STREET] => Нартух
    [BUILDING] => 11
    [POSTAL_CODE] => 
    [COUNTRY] => Россия
    [PROVINCE] => Кабардино-Балкарская Республика
    [REGION] => 
    [CITY] => Хасанья
    [ADDRESS_2] => 
)

internalExecute:
Array
(
    [TYPE_ID] => 4
    [ENTITY_TYPE_ID] => 3
    [ENTITY_ID] => 244319
    [STREET] => Нартух
    [BUILDING] => 11
    [POSTAL_CODE] => 
    [COUNTRY] => Россия
    [PROVINCE] => Кабардино-Балкарская Республика
    [REGION] => 
    [CITY] => Хасанья
    [ADDRESS_2] => 
)

internalExecute:
Array
(
    [TYPE_ID] => 1
    [ENTITY_TYPE_ID] => 3
    [ENTITY_ID] => 244319
    [STREET] => Нартух
    [BUILDING] => 11
    [POSTAL_CODE] => 
    [COUNTRY] => Россия
    [PROVINCE] => Кабардино-Балкарская Республика
    [REGION] => 
    [CITY] => Хасанья
    [ADDRESS_2] => 
)

internalExecute:
Array
(
    [TYPE_ID] => 1
    [ENTITY_TYPE_ID] => 3
    [ENTITY_ID] => 244319
    [STREET] => Нартух
    [BUILDING] => 11
    [POSTAL_CODE] => 
    [COUNTRY] => Россия
    [PROVINCE] => Кабардино-Балкарская Республика
    [REGION] => 
    [CITY] => Хасанья
    [ADDRESS_2] => 
)

internalExecute:
Array
(
    [TYPE_ID] => 4
    [ENTITY_TYPE_ID] => 3
    [ENTITY_ID] => 244320
    [STREET] => Бр.Агзаговых
    [BUILDING] => 19
    [POSTAL_CODE] => 
    [COUNTRY] => Россия
    [PROVINCE] => Кабардино-Балкарская Республика
    [REGION] => Чегемский
    [CITY] => Нартан
    [ADDRESS_2] => 
)

internalExecute:
Array
(
    [TYPE_ID] => 4
    [ENTITY_TYPE_ID] => 3
    [ENTITY_ID] => 244320
    [STREET] => Бр.Агзаговых
    [BUILDING] => 19
    [POSTAL_CODE] => 
    [COUNTRY] => Россия
    [PROVINCE] => Кабардино-Балкарская Республика
    [REGION] => Чегемский
    [CITY] => Нартан
    [ADDRESS_2] => 
)

internalExecute:
Array
(
    [TYPE_ID] => 1
    [ENTITY_TYPE_ID] => 3
    [ENTITY_ID] => 244320
    [STREET] => Бр.Агзаговых
    [BUILDING] => 19
    [POSTAL_CODE] => 
    [COUNTRY] => Россия
    [PROVINCE] => Кабардино-Балкарская Республика
    [REGION] => Чегемский
    [CITY] => Нартан
    [ADDRESS_2] => 
)

internalExecute:
Array
(
    [TYPE_ID] => 1
    [ENTITY_TYPE_ID] => 3
    [ENTITY_ID] => 244320
    [STREET] => Бр.Агзаговых
    [BUILDING] => 19
    [POSTAL_CODE] => 
    [COUNTRY] => Россия
    [PROVINCE] => Кабардино-Балкарская Республика
    [REGION] => Чегемский
    [CITY] => Нартан
    [ADDRESS_2] => 
)

internalExecute:
Array
(
    [TYPE_ID] => 4
    [ENTITY_TYPE_ID] => 3
    [ENTITY_ID] => 244322
    [STREET] => Хавпачева ул
    [BUILDING] => д 113
    [POSTAL_CODE] => 361026
    [COUNTRY] => Россия
    [PROVINCE] => Кабардино-Балкарская Респ
    [REGION] => Прохладненский
    [CITY] => с Алтуд
    [ADDRESS_2] => 
)

internalExecute:
Array
(
    [TYPE_ID] => 4
    [ENTITY_TYPE_ID] => 3
    [ENTITY_ID] => 244322
    [STREET] => Хавпачева ул
    [BUILDING] => д 113
    [POSTAL_CODE] => 361026
    [COUNTRY] => Россия
    [PROVINCE] => Кабардино-Балкарская Респ
    [REGION] => Прохладненский
    [CITY] => с Алтуд
    [ADDRESS_2] => 
)

internalExecute:
Array
(
    [TYPE_ID] => 1
    [ENTITY_TYPE_ID] => 3
    [ENTITY_ID] => 244322
    [STREET] => Хавпачева ул
    [BUILDING] => д 113
    [POSTAL_CODE] => 361026
    [COUNTRY] => Россия
    [PROVINCE] => Кабардино-Балкарская Респ
    [REGION] => Прохладненский
    [CITY] => с Алтуд
    [ADDRESS_2] => 
)

internalExecute:
Array
(
    [TYPE_ID] => 1
    [ENTITY_TYPE_ID] => 3
    [ENTITY_ID] => 244322
    [STREET] => Хавпачева ул
    [BUILDING] => д 113
    [POSTAL_CODE] => 361026
    [COUNTRY] => Россия
    [PROVINCE] => Кабардино-Балкарская Респ
    [REGION] => Прохладненский
    [CITY] => с Алтуд
    [ADDRESS_2] => 
)

internalExecute:
Array
(
    [TYPE_ID] => 4
    [ENTITY_TYPE_ID] => 3
    [ENTITY_ID] => 244324
    [STREET] => Первомайская ул
    [BUILDING] => д 71
    [POSTAL_CODE] => 361026
    [COUNTRY] => Россия
    [PROVINCE] => Кабардино-Балкарская Республика
    [REGION] => Прохладнеский
    [CITY] => с Алтуд
    [ADDRESS_2] => 
)

internalExecute:
Array
(
    [TYPE_ID] => 4
    [ENTITY_TYPE_ID] => 3
    [ENTITY_ID] => 244324
    [STREET] => Первомайская ул
    [BUILDING] => д 71
    [POSTAL_CODE] => 361026
    [COUNTRY] => Россия
    [PROVINCE] => Кабардино-Балкарская Республика
    [REGION] => Прохладнеский
    [CITY] => с Алтуд
    [ADDRESS_2] => 
)

internalExecute:
Array
(
    [TYPE_ID] => 1
    [ENTITY_TYPE_ID] => 4
    [ENTITY_ID] => 51068
    [STREET] =>  
    [BUILDING] => 4А
    [POSTAL_CODE] => 
    [COUNTRY] => 
    [PROVINCE] => область Волгоградская
    [REGION] => 
    [CITY] => г. Камышин
    [ADDRESS_2] => 
)

internalExecute:
Array
(
    [TYPE_ID] => 1
    [ENTITY_TYPE_ID] => 4
    [ENTITY_ID] => 51068
    [STREET] =>  
    [BUILDING] => 4А
    [POSTAL_CODE] => 
    [COUNTRY] => 
    [PROVINCE] => область Волгоградская
    [REGION] => 
    [CITY] => г. Камышин
    [ADDRESS_2] => 
)

internalExecute:
Array
(
    [TYPE_ID] => 4
    [ENTITY_TYPE_ID] => 3
    [ENTITY_ID] => 244326
    [STREET] => Ольховская
    [BUILDING] => 23
    [POSTAL_CODE] => 
    [COUNTRY] => Россия
    [PROVINCE] => Свердловская
    [REGION] => 
    [CITY] => Екатеринбург
    [ADDRESS_2] => 10
)

internalExecute:
Array
(
    [TYPE_ID] => 4
    [ENTITY_TYPE_ID] => 3
    [ENTITY_ID] => 244326
    [STREET] => Ольховская
    [BUILDING] => 23
    [POSTAL_CODE] => 
    [COUNTRY] => Россия
    [PROVINCE] => Свердловская
    [REGION] => 
    [CITY] => Екатеринбург
    [ADDRESS_2] => 10
)

internalExecute:
Array
(
    [TYPE_ID] => 1
    [ENTITY_TYPE_ID] => 3
    [ENTITY_ID] => 244326
    [STREET] => Ольховская
    [BUILDING] => 23
    [POSTAL_CODE] => 
    [COUNTRY] => Россия
    [PROVINCE] => Свердловская
    [REGION] => 
    [CITY] => Екатеринбург
    [ADDRESS_2] => 10
)

internalExecute:
Array
(
    [TYPE_ID] => 1
    [ENTITY_TYPE_ID] => 3
    [ENTITY_ID] => 244326
    [STREET] => Ольховская
    [BUILDING] => 23
    [POSTAL_CODE] => 
    [COUNTRY] => Россия
    [PROVINCE] => Свердловская
    [REGION] => 
    [CITY] => Екатеринбург
    [ADDRESS_2] => 10
)

internalExecute:
Array
(
    [TYPE_ID] => 1
    [ENTITY_TYPE_ID] => 4
    [ENTITY_ID] => 50920
    [STREET] => ул. Фрунзе
    [BUILDING] => д. 36В
    [POSTAL_CODE] => 
    [COUNTRY] => 
    [PROVINCE] => Республика Крым
    [REGION] => 
    [CITY] => г. Бахчисарай
    [ADDRESS_2] => 3
)

internalExecute:
Array
(
    [TYPE_ID] => 1
    [ENTITY_TYPE_ID] => 4
    [ENTITY_ID] => 50920
    [STREET] => ул. Фрунзе
    [BUILDING] => д. 36В
    [POSTAL_CODE] => 
    [COUNTRY] => 
    [PROVINCE] => Республика Крым
    [REGION] => 
    [CITY] => г. Бахчисарай
    [ADDRESS_2] => 3
)

internalExecute:
Array
(
    [TYPE_ID] => 1
    [ENTITY_TYPE_ID] => 4
    [ENTITY_ID] => 50964
    [STREET] => ул. Кирова
    [BUILDING] => д. 103
    [POSTAL_CODE] => 
    [COUNTRY] => 
    [PROVINCE] => обл. Кемеровская
    [REGION] => 
    [CITY] => г. Новокузнецк
    [ADDRESS_2] => 1 этаж
)

internalExecute:
Array
(
    [TYPE_ID] => 1
    [ENTITY_TYPE_ID] => 4
    [ENTITY_ID] => 50964
    [STREET] => ул. Кирова
    [BUILDING] => д. 103
    [POSTAL_CODE] => 
    [COUNTRY] => 
    [PROVINCE] => обл. Кемеровская
    [REGION] => 
    [CITY] => г. Новокузнецк
    [ADDRESS_2] => 1 этаж
)

internalExecute:
Array
(
    [TYPE_ID] => 4
    [ENTITY_TYPE_ID] => 3
    [ENTITY_ID] => 244331
    [STREET] => Чаадаева
    [BUILDING] => 6
    [POSTAL_CODE] => 654034
    [COUNTRY] => Россия
    [PROVINCE] => Кемеровская область - Кузбасс
    [REGION] => Кузнецкий
    [CITY] => Новокузнецк
    [ADDRESS_2] => 1
)

internalExecute:
Array
(
    [TYPE_ID] => 4
    [ENTITY_TYPE_ID] => 3
    [ENTITY_ID] => 244331
    [STREET] => Чаадаева
    [BUILDING] => 6
    [POSTAL_CODE] => 654034
    [COUNTRY] => Россия
    [PROVINCE] => Кемеровская область - Кузбасс
    [REGION] => Кузнецкий
    [CITY] => Новокузнецк
    [ADDRESS_2] => 1
)

internalExecute:
Array
(
    [TYPE_ID] => 1
    [ENTITY_TYPE_ID] => 3
    [ENTITY_ID] => 244331
    [STREET] => Петракова
    [BUILDING] => 49
    [POSTAL_CODE] => 654034
    [COUNTRY] => Россия
    [PROVINCE] => Кемеровская область - Кузбасс
    [REGION] => Кузнецкий
    [CITY] => Новокузнецк
    [ADDRESS_2] => 30
)

internalExecute:
Array
(
    [TYPE_ID] => 1
    [ENTITY_TYPE_ID] => 3
    [ENTITY_ID] => 244331
    [STREET] => Петракова
    [BUILDING] => 49
    [POSTAL_CODE] => 654034
    [COUNTRY] => Россия
    [PROVINCE] => Кемеровская область - Кузбасс
    [REGION] => Кузнецкий
    [CITY] => Новокузнецк
    [ADDRESS_2] => 30
)

internalExecute:
Array
(
    [TYPE_ID] => 4
    [ENTITY_TYPE_ID] => 3
    [ENTITY_ID] => 244332
    [STREET] => Береговая
    [BUILDING] => 16
    [POSTAL_CODE] => 659477
    [COUNTRY] => Россия
    [PROVINCE] => Алтайский край
    [REGION] =>  р-н Ельцовский
    [CITY] => с. Мартыново
    [ADDRESS_2] => 
)

internalExecute:
Array
(
    [TYPE_ID] => 4
    [ENTITY_TYPE_ID] => 3
    [ENTITY_ID] => 244332
    [STREET] => Береговая
    [BUILDING] => 16
    [POSTAL_CODE] => 659477
    [COUNTRY] => Россия
    [PROVINCE] => Алтайский край
    [REGION] =>  р-н Ельцовский
    [CITY] => с. Мартыново
    [ADDRESS_2] => 
)

internalExecute:
Array
(
    [TYPE_ID] => 1
    [ENTITY_TYPE_ID] => 3
    [ENTITY_ID] => 244332
    [STREET] =>  ул. Вокзальная
    [BUILDING] => 7
    [POSTAL_CODE] => 654029
    [COUNTRY] => Россия
    [PROVINCE] => Кемеровская область
    [REGION] => р-н Куйбышевский
    [CITY] => Новокузнецк
    [ADDRESS_2] => 43
)

internalExecute:
Array
(
    [TYPE_ID] => 1
    [ENTITY_TYPE_ID] => 3
    [ENTITY_ID] => 244332
    [STREET] =>  ул. Вокзальная
    [BUILDING] => 7
    [POSTAL_CODE] => 654029
    [COUNTRY] => Россия
    [PROVINCE] => Кемеровская область
    [REGION] => р-н Куйбышевский
    [CITY] => Новокузнецк
    [ADDRESS_2] => 43
)

internalExecute:
Array
(
    [TYPE_ID] => 4
    [ENTITY_TYPE_ID] => 3
    [ENTITY_ID] => 244333
    [STREET] => Гайдара
    [BUILDING] => 30
    [POSTAL_CODE] => 653047
    [COUNTRY] => Россия
    [PROVINCE] => Кемеровская область
    [REGION] => р-н Рудничный
    [CITY] => г. Прокопьевск
    [ADDRESS_2] => 49
)

internalExecute:
Array
(
    [TYPE_ID] => 4
    [ENTITY_TYPE_ID] => 3
    [ENTITY_ID] => 244333
    [STREET] => Гайдара
    [BUILDING] => 30
    [POSTAL_CODE] => 653047
    [COUNTRY] => Россия
    [PROVINCE] => Кемеровская область
    [REGION] => р-н Рудничный
    [CITY] => г. Прокопьевск
    [ADDRESS_2] => 49
)

internalExecute:
Array
(
    [TYPE_ID] => 4
    [ENTITY_TYPE_ID] => 3
    [ENTITY_ID] => 244334
    [STREET] => ул.Бардина
    [BUILDING] => 36
    [POSTAL_CODE] => 
    [COUNTRY] => Россия
    [PROVINCE] => обл.Кемеровская область-Кузбасс
    [REGION] => 
    [CITY] => г.Белово
    [ADDRESS_2] => 
)

internalExecute:
Array
(
    [TYPE_ID] => 4
    [ENTITY_TYPE_ID] => 3
    [ENTITY_ID] => 244334
    [STREET] => ул.Бардина
    [BUILDING] => 36
    [POSTAL_CODE] => 
    [COUNTRY] => Россия
    [PROVINCE] => обл.Кемеровская область-Кузбасс
    [REGION] => 
    [CITY] => г.Белово
    [ADDRESS_2] => 
)

internalExecute:
Array
(
    [TYPE_ID] => 1
    [ENTITY_TYPE_ID] => 3
    [ENTITY_ID] => 244334
    [STREET] => ул.Бардина
    [BUILDING] => 36
    [POSTAL_CODE] => 
    [COUNTRY] => Россия
    [PROVINCE] => обл.Кемеровская область-Кузбасс
    [REGION] => 
    [CITY] => г.Белово
    [ADDRESS_2] => 
)

internalExecute:
Array
(
    [TYPE_ID] => 1
    [ENTITY_TYPE_ID] => 3
    [ENTITY_ID] => 244334
    [STREET] => ул.Бардина
    [BUILDING] => 36
    [POSTAL_CODE] => 
    [COUNTRY] => Россия
    [PROVINCE] => обл.Кемеровская область-Кузбасс
    [REGION] => 
    [CITY] => г.Белово
    [ADDRESS_2] => 
)

internalExecute:
Array
(
    [TYPE_ID] => 4
    [ENTITY_TYPE_ID] => 3
    [ENTITY_ID] => 244335
    [STREET] => ул.Калининская
    [BUILDING] => 150
    [POSTAL_CODE] => 
    [COUNTRY] => Россия
    [PROVINCE] => Кемеровская область-Кузбасс
    [REGION] => Ленинск-Кузнецкий
    [CITY] => пгт.Промышленная
    [ADDRESS_2] => 
)

internalExecute:
Array
(
    [TYPE_ID] => 4
    [ENTITY_TYPE_ID] => 3
    [ENTITY_ID] => 244335
    [STREET] => ул.Калининская
    [BUILDING] => 150
    [POSTAL_CODE] => 
    [COUNTRY] => Россия
    [PROVINCE] => Кемеровская область-Кузбасс
    [REGION] => Ленинск-Кузнецкий
    [CITY] => пгт.Промышленная
    [ADDRESS_2] => 
)

internalExecute:
Array
(
    [TYPE_ID] => 4
    [ENTITY_TYPE_ID] => 3
    [ENTITY_ID] => 244352
    [STREET] => ул. Н.Чусовского
    [BUILDING] => д. 63
    [POSTAL_CODE] => 677014
    [COUNTRY] => Россия
    [PROVINCE] => Респ. Саха /Якутия/
    [REGION] => 
    [CITY] => г. Якутск
    [ADDRESS_2] => 
)

internalExecute:
Array
(
    [TYPE_ID] => 4
    [ENTITY_TYPE_ID] => 3
    [ENTITY_ID] => 244352
    [STREET] => ул. Н.Чусовского
    [BUILDING] => д. 63
    [POSTAL_CODE] => 677014
    [COUNTRY] => Россия
    [PROVINCE] => Респ. Саха /Якутия/
    [REGION] => 
    [CITY] => г. Якутск
    [ADDRESS_2] => 
)

internalExecute:
Array
(
    [TYPE_ID] => 1
    [ENTITY_TYPE_ID] => 3
    [ENTITY_ID] => 244352
    [STREET] => ул. Н.Чусовского
    [BUILDING] => д. 63
    [POSTAL_CODE] => 677014
    [COUNTRY] => Россия
    [PROVINCE] => Респ. Саха /Якутия/
    [REGION] => 
    [CITY] => г. Якутск
    [ADDRESS_2] => 
)

internalExecute:
Array
(
    [TYPE_ID] => 1
    [ENTITY_TYPE_ID] => 3
    [ENTITY_ID] => 244352
    [STREET] => ул. Н.Чусовского
    [BUILDING] => д. 63
    [POSTAL_CODE] => 677014
    [COUNTRY] => Россия
    [PROVINCE] => Респ. Саха /Якутия/
    [REGION] => 
    [CITY] => г. Якутск
    [ADDRESS_2] => 
)

internalExecute:
Array
(
    [TYPE_ID] => 4
    [ENTITY_TYPE_ID] => 3
    [ENTITY_ID] => 244353
    [STREET] => ул. Н.Чусовского
    [BUILDING] => д. 63
    [POSTAL_CODE] => 677014
    [COUNTRY] => Россия
    [PROVINCE] => Респ. Саха /Якутия/
    [REGION] => 
    [CITY] => г. Якутск
    [ADDRESS_2] => 
)

internalExecute:
Array
(
    [TYPE_ID] => 4
    [ENTITY_TYPE_ID] => 3
    [ENTITY_ID] => 244353
    [STREET] => ул. Н.Чусовского
    [BUILDING] => д. 63
    [POSTAL_CODE] => 677014
    [COUNTRY] => Россия
    [PROVINCE] => Респ. Саха /Якутия/
    [REGION] => 
    [CITY] => г. Якутск
    [ADDRESS_2] => 
)

internalExecute:
Array
(
    [TYPE_ID] => 4
    [ENTITY_TYPE_ID] => 3
    [ENTITY_ID] => 244369
    [STREET] => пер Институтский
    [BUILDING] => 12
    [POSTAL_CODE] => 
    [COUNTRY] => Россия
    [PROVINCE] => гор Москва
    [REGION] => 
    [CITY] => 
    [ADDRESS_2] => 17
)

internalExecute:
Array
(
    [TYPE_ID] => 4
    [ENTITY_TYPE_ID] => 3
    [ENTITY_ID] => 244369
    [STREET] => пер Институтский
    [BUILDING] => 12
    [POSTAL_CODE] => 
    [COUNTRY] => Россия
    [PROVINCE] => гор Москва
    [REGION] => 
    [CITY] => 
    [ADDRESS_2] => 17
)

internalExecute:
Array
(
    [TYPE_ID] => 1
    [ENTITY_TYPE_ID] => 3
    [ENTITY_ID] => 244369
    [STREET] => пер Институтский
    [BUILDING] => 12
    [POSTAL_CODE] => 
    [COUNTRY] => Россия
    [PROVINCE] => гор Москва
    [REGION] => 
    [CITY] => 
    [ADDRESS_2] => 17
)

internalExecute:
Array
(
    [TYPE_ID] => 1
    [ENTITY_TYPE_ID] => 3
    [ENTITY_ID] => 244369
    [STREET] => пер Институтский
    [BUILDING] => 12
    [POSTAL_CODE] => 
    [COUNTRY] => Россия
    [PROVINCE] => гор Москва
    [REGION] => 
    [CITY] => 
    [ADDRESS_2] => 17
)

internalExecute:
Array
(
    [TYPE_ID] => 4
    [ENTITY_TYPE_ID] => 3
    [ENTITY_ID] => 244370
    [STREET] => пер Краснофлотский
    [BUILDING] => 10
    [POSTAL_CODE] => 
    [COUNTRY] => Россия
    [PROVINCE] => Ставропольский край
    [REGION] => Георгиевский район
    [CITY] => ст-ца Александрийская
    [ADDRESS_2] => 
)

internalExecute:
Array
(
    [TYPE_ID] => 4
    [ENTITY_TYPE_ID] => 3
    [ENTITY_ID] => 244370
    [STREET] => пер Краснофлотский
    [BUILDING] => 10
    [POSTAL_CODE] => 
    [COUNTRY] => Россия
    [PROVINCE] => Ставропольский край
    [REGION] => Георгиевский район
    [CITY] => ст-ца Александрийская
    [ADDRESS_2] => 
)

internalExecute:
Array
(
    [TYPE_ID] => 1
    [ENTITY_TYPE_ID] => 3
    [ENTITY_ID] => 244370
    [STREET] => пер Краснофлотский
    [BUILDING] => 10
    [POSTAL_CODE] => 
    [COUNTRY] => Россия
    [PROVINCE] => Ставропольский край
    [REGION] => Георгиевский район
    [CITY] => ст-ца Александрийская
    [ADDRESS_2] => 
)

internalExecute:
Array
(
    [TYPE_ID] => 1
    [ENTITY_TYPE_ID] => 3
    [ENTITY_ID] => 244370
    [STREET] => пер Краснофлотский
    [BUILDING] => 10
    [POSTAL_CODE] => 
    [COUNTRY] => Россия
    [PROVINCE] => Ставропольский край
    [REGION] => Георгиевский район
    [CITY] => ст-ца Александрийская
    [ADDRESS_2] => 
)

internalExecute:
Array
(
    [TYPE_ID] => 4
    [ENTITY_TYPE_ID] => 3
    [ENTITY_ID] => 244382
    [STREET] => Кабардинская ул
    [BUILDING] => д 76
    [POSTAL_CODE] => 360006
    [COUNTRY] => Россия
    [PROVINCE] => Кабардино-Балкарская Респ
    [REGION] => 
    [CITY] => г Нальчик
    [ADDRESS_2] => 7
)

internalExecute:
Array
(
    [TYPE_ID] => 4
    [ENTITY_TYPE_ID] => 3
    [ENTITY_ID] => 244382
    [STREET] => Кабардинская ул
    [BUILDING] => д 76
    [POSTAL_CODE] => 360006
    [COUNTRY] => Россия
    [PROVINCE] => Кабардино-Балкарская Респ
    [REGION] => 
    [CITY] => г Нальчик
    [ADDRESS_2] => 7
)

internalExecute:
Array
(
    [TYPE_ID] => 1
    [ENTITY_TYPE_ID] => 3
    [ENTITY_ID] => 244382
    [STREET] => Кабардинская ул
    [BUILDING] => д 76
    [POSTAL_CODE] => 360006
    [COUNTRY] => Россия
    [PROVINCE] => Кабардино-Балкарская Респ
    [REGION] => 
    [CITY] => г Нальчик
    [ADDRESS_2] => 7
)

internalExecute:
Array
(
    [TYPE_ID] => 1
    [ENTITY_TYPE_ID] => 3
    [ENTITY_ID] => 244382
    [STREET] => Кабардинская ул
    [BUILDING] => д 76
    [POSTAL_CODE] => 360006
    [COUNTRY] => Россия
    [PROVINCE] => Кабардино-Балкарская Респ
    [REGION] => 
    [CITY] => г Нальчик
    [ADDRESS_2] => 7
)

internalExecute:
Array
(
    [TYPE_ID] => 4
    [ENTITY_TYPE_ID] => 3
    [ENTITY_ID] => 244383
    [STREET] => Кабардинская ул
    [BUILDING] => д 76а
    [POSTAL_CODE] => 360006
    [COUNTRY] => Россия
    [PROVINCE] => Кабардино-Балкарская Респ
    [REGION] => 
    [CITY] => г Нальчик
    [ADDRESS_2] => 
)

internalExecute:
Array
(
    [TYPE_ID] => 4
    [ENTITY_TYPE_ID] => 3
    [ENTITY_ID] => 244383
    [STREET] => Кабардинская ул
    [BUILDING] => д 76а
    [POSTAL_CODE] => 360006
    [COUNTRY] => Россия
    [PROVINCE] => Кабардино-Балкарская Респ
    [REGION] => 
    [CITY] => г Нальчик
    [ADDRESS_2] => 
)

internalExecute:
Array
(
    [TYPE_ID] => 1
    [ENTITY_TYPE_ID] => 3
    [ENTITY_ID] => 244383
    [STREET] => Кабардинская ул
    [BUILDING] => д 76а
    [POSTAL_CODE] => 360006
    [COUNTRY] => Россия
    [PROVINCE] => Кабардино-Балкарская Респ
    [REGION] => 
    [CITY] => г Нальчик
    [ADDRESS_2] => 
)

internalExecute:
Array
(
    [TYPE_ID] => 1
    [ENTITY_TYPE_ID] => 3
    [ENTITY_ID] => 244383
    [STREET] => Кабардинская ул
    [BUILDING] => д 76а
    [POSTAL_CODE] => 360006
    [COUNTRY] => Россия
    [PROVINCE] => Кабардино-Балкарская Респ
    [REGION] => 
    [CITY] => г Нальчик
    [ADDRESS_2] => 
)

internalExecute:
Array
(
    [TYPE_ID] => 4
    [ENTITY_TYPE_ID] => 3
    [ENTITY_ID] => 244384
    [STREET] => Кабардинская ул
    [BUILDING] => д 76а
    [POSTAL_CODE] => 360006
    [COUNTRY] => Россия
    [PROVINCE] => Кабардино-Балкарская Респ
    [REGION] => 
    [CITY] => г Нальчик
    [ADDRESS_2] => 15
)

internalExecute:
Array
(
    [TYPE_ID] => 4
    [ENTITY_TYPE_ID] => 3
    [ENTITY_ID] => 244384
    [STREET] => Кабардинская ул
    [BUILDING] => д 76а
    [POSTAL_CODE] => 360006
    [COUNTRY] => Россия
    [PROVINCE] => Кабардино-Балкарская Респ
    [REGION] => 
    [CITY] => г Нальчик
    [ADDRESS_2] => 15
)

internalExecute:
Array
(
    [TYPE_ID] => 1
    [ENTITY_TYPE_ID] => 3
    [ENTITY_ID] => 244384
    [STREET] => Кабардинская ул
    [BUILDING] => д 76а
    [POSTAL_CODE] => 360006
    [COUNTRY] => Россия
    [PROVINCE] => Кабардино-Балкарская Респ
    [REGION] => 
    [CITY] => г Нальчик
    [ADDRESS_2] => 15
)

internalExecute:
Array
(
    [TYPE_ID] => 1
    [ENTITY_TYPE_ID] => 3
    [ENTITY_ID] => 244384
    [STREET] => Кабардинская ул
    [BUILDING] => д 76а
    [POSTAL_CODE] => 360006
    [COUNTRY] => Россия
    [PROVINCE] => Кабардино-Балкарская Респ
    [REGION] => 
    [CITY] => г Нальчик
    [ADDRESS_2] => 15
)

internalExecute:
Array
(
    [TYPE_ID] => 1
    [ENTITY_TYPE_ID] => 4
    [ENTITY_ID] => 51176
    [STREET] =>  
    [BUILDING] => 
    [POSTAL_CODE] => 
    [COUNTRY] => 
    [PROVINCE] => обл. Кемеровская
    [REGION] => 
    [CITY] => г. Прокопьевск
    [ADDRESS_2] => 
)

internalExecute:
Array
(
    [TYPE_ID] => 1
    [ENTITY_TYPE_ID] => 4
    [ENTITY_ID] => 51176
    [STREET] =>  
    [BUILDING] => 
    [POSTAL_CODE] => 
    [COUNTRY] => 
    [PROVINCE] => обл. Кемеровская
    [REGION] => 
    [CITY] => г. Прокопьевск
    [ADDRESS_2] => 
)

internalExecute:
Array
(
    [TYPE_ID] => 4
    [ENTITY_TYPE_ID] => 3
    [ENTITY_ID] => 244392
    [STREET] => Дауда Карабудахкентского
    [BUILDING] => 84
    [POSTAL_CODE] => 368530
    [COUNTRY] => Россия
    [PROVINCE] => Республики Дагестан
    [REGION] => Карабудахкентский
    [CITY] => Карабудахкент
    [ADDRESS_2] => 
)

internalExecute:
Array
(
    [TYPE_ID] => 4
    [ENTITY_TYPE_ID] => 3
    [ENTITY_ID] => 244392
    [STREET] => Дауда Карабудахкентского
    [BUILDING] => 84
    [POSTAL_CODE] => 368530
    [COUNTRY] => Россия
    [PROVINCE] => Республики Дагестан
    [REGION] => Карабудахкентский
    [CITY] => Карабудахкент
    [ADDRESS_2] => 
)

internalExecute:
Array
(
    [TYPE_ID] => 1
    [ENTITY_TYPE_ID] => 3
    [ENTITY_ID] => 244392
    [STREET] => Дауда Карабудахкентского
    [BUILDING] => 84
    [POSTAL_CODE] => 368530
    [COUNTRY] => Россия
    [PROVINCE] => Республики Дагестан
    [REGION] => Карабудахкентский
    [CITY] => Карабудахкент
    [ADDRESS_2] => 
)

internalExecute:
Array
(
    [TYPE_ID] => 1
    [ENTITY_TYPE_ID] => 3
    [ENTITY_ID] => 244392
    [STREET] => Дауда Карабудахкентского
    [BUILDING] => 84
    [POSTAL_CODE] => 368530
    [COUNTRY] => Россия
    [PROVINCE] => Республики Дагестан
    [REGION] => Карабудахкентский
    [CITY] => Карабудахкент
    [ADDRESS_2] => 
)

internalExecute:
Array
(
    [TYPE_ID] => 4
    [ENTITY_TYPE_ID] => 3
    [ENTITY_ID] => 244393
    [STREET] => 
    [BUILDING] => 
    [POSTAL_CODE] => 
    [COUNTRY] => Россия
    [PROVINCE] => 
    [REGION] => 
    [CITY] => 
    [ADDRESS_2] => 
)

internalExecute:
Array
(
    [TYPE_ID] => 4
    [ENTITY_TYPE_ID] => 3
    [ENTITY_ID] => 244393
    [STREET] => 
    [BUILDING] => 
    [POSTAL_CODE] => 
    [COUNTRY] => Россия
    [PROVINCE] => 
    [REGION] => 
    [CITY] => 
    [ADDRESS_2] => 
)

internalExecute:
Array
(
    [TYPE_ID] => 1
    [ENTITY_TYPE_ID] => 4
    [ENTITY_ID] => 51179
    [STREET] => ул. Айская
    [BUILDING] => 
    [POSTAL_CODE] => 
    [COUNTRY] => 
    [PROVINCE] => Республика Башкортостан
    [REGION] => 
    [CITY] => г. Уфа
    [ADDRESS_2] => 
)

internalExecute:
Array
(
    [TYPE_ID] => 1
    [ENTITY_TYPE_ID] => 4
    [ENTITY_ID] => 51179
    [STREET] => ул. Айская
    [BUILDING] => 
    [POSTAL_CODE] => 
    [COUNTRY] => 
    [PROVINCE] => Республика Башкортостан
    [REGION] => 
    [CITY] => г. Уфа
    [ADDRESS_2] => 
)

internalExecute:
Array
(
    [TYPE_ID] => 4
    [ENTITY_TYPE_ID] => 3
    [ENTITY_ID] => 244395
    [STREET] => Комсомольская
    [BUILDING] => 10
    [POSTAL_CODE] => 369369
    [COUNTRY] => Россия
    [PROVINCE] => Карачаево-Черкесия
    [REGION] => Адыге-Хабльский
    [CITY] => с. Садовое
    [ADDRESS_2] => 
)

internalExecute:
Array
(
    [TYPE_ID] => 4
    [ENTITY_TYPE_ID] => 3
    [ENTITY_ID] => 244395
    [STREET] => Комсомольская
    [BUILDING] => 10
    [POSTAL_CODE] => 369369
    [COUNTRY] => Россия
    [PROVINCE] => Карачаево-Черкесия
    [REGION] => Адыге-Хабльский
    [CITY] => с. Садовое
    [ADDRESS_2] => 
)

internalExecute:
Array
(
    [TYPE_ID] => 1
    [ENTITY_TYPE_ID] => 3
    [ENTITY_ID] => 244395
    [STREET] => Театральная
    [BUILDING] => 8
    [POSTAL_CODE] => 361012
    [COUNTRY] => Россия
    [PROVINCE] => Кабардино-Балкарская Респбулика
    [REGION] => Прохладненский
    [CITY] => Красносельское
    [ADDRESS_2] => 2
)

internalExecute:
Array
(
    [TYPE_ID] => 1
    [ENTITY_TYPE_ID] => 3
    [ENTITY_ID] => 244395
    [STREET] => Театральная
    [BUILDING] => 8
    [POSTAL_CODE] => 361012
    [COUNTRY] => Россия
    [PROVINCE] => Кабардино-Балкарская Респбулика
    [REGION] => Прохладненский
    [CITY] => Красносельское
    [ADDRESS_2] => 2
)

internalExecute:
Array
(
    [TYPE_ID] => 4
    [ENTITY_TYPE_ID] => 3
    [ENTITY_ID] => 244396
    [STREET] => Заводская
    [BUILDING] => 18
    [POSTAL_CODE] => 361012
    [COUNTRY] => Россия
    [PROVINCE] => Кабардино-Балкарская Республика
    [REGION] => Прохладненский
    [CITY] => с. Красносельское
    [ADDRESS_2] => 
)

internalExecute:
Array
(
    [TYPE_ID] => 4
    [ENTITY_TYPE_ID] => 3
    [ENTITY_ID] => 244396
    [STREET] => Заводская
    [BUILDING] => 18
    [POSTAL_CODE] => 361012
    [COUNTRY] => Россия
    [PROVINCE] => Кабардино-Балкарская Республика
    [REGION] => Прохладненский
    [CITY] => с. Красносельское
    [ADDRESS_2] => 
)

internalExecute:
Array
(
    [TYPE_ID] => 4
    [ENTITY_TYPE_ID] => 3
    [ENTITY_ID] => 244400
    [STREET] => пер.Береговой 1-й
    [BUILDING] => 4
    [POSTAL_CODE] => 
    [COUNTRY] => Россия
    [PROVINCE] => обл.Кемеровская область-Кузбасс
    [REGION] => 
    [CITY] => г.Кемерово
    [ADDRESS_2] => 
)

internalExecute:
Array
(
    [TYPE_ID] => 4
    [ENTITY_TYPE_ID] => 3
    [ENTITY_ID] => 244400
    [STREET] => пер.Береговой 1-й
    [BUILDING] => 4
    [POSTAL_CODE] => 
    [COUNTRY] => Россия
    [PROVINCE] => обл.Кемеровская область-Кузбасс
    [REGION] => 
    [CITY] => г.Кемерово
    [ADDRESS_2] => 
)

internalExecute:
Array
(
    [TYPE_ID] => 1
    [ENTITY_TYPE_ID] => 3
    [ENTITY_ID] => 244400
    [STREET] => пер.Береговой 1-й
    [BUILDING] => 4
    [POSTAL_CODE] => 
    [COUNTRY] => Россия
    [PROVINCE] => обл.Кемеровская область-Кузбасс
    [REGION] => 
    [CITY] => г.Кемерово
    [ADDRESS_2] => 
)

internalExecute:
Array
(
    [TYPE_ID] => 1
    [ENTITY_TYPE_ID] => 3
    [ENTITY_ID] => 244400
    [STREET] => пер.Береговой 1-й
    [BUILDING] => 4
    [POSTAL_CODE] => 
    [COUNTRY] => Россия
    [PROVINCE] => обл.Кемеровская область-Кузбасс
    [REGION] => 
    [CITY] => г.Кемерово
    [ADDRESS_2] => 
)

internalExecute:
Array
(
    [TYPE_ID] => 4
    [ENTITY_TYPE_ID] => 3
    [ENTITY_ID] => 244401
    [STREET] => ул.Кооперативная
    [BUILDING] => 82
    [POSTAL_CODE] => 
    [COUNTRY] => Россия
    [PROVINCE] => Кемеровская область-Кузбасс
    [REGION] => 
    [CITY] => пгт.Крапивинский
    [ADDRESS_2] => 
)

internalExecute:
Array
(
    [TYPE_ID] => 4
    [ENTITY_TYPE_ID] => 3
    [ENTITY_ID] => 244401
    [STREET] => ул.Кооперативная
    [BUILDING] => 82
    [POSTAL_CODE] => 
    [COUNTRY] => Россия
    [PROVINCE] => Кемеровская область-Кузбасс
    [REGION] => 
    [CITY] => пгт.Крапивинский
    [ADDRESS_2] => 
)

internalExecute:
Array
(
    [TYPE_ID] => 4
    [ENTITY_TYPE_ID] => 3
    [ENTITY_ID] => 244437
    [STREET] => Совхозная
    [BUILDING] => 6
    [POSTAL_CODE] => 
    [COUNTRY] => Россия
    [PROVINCE] => БУРЯТИЯ
    [REGION] => Иволгинский
    [CITY] => с. Сотниково ТЕР. ДНТ ВЫБОР
    [ADDRESS_2] => 
)

internalExecute:
Array
(
    [TYPE_ID] => 4
    [ENTITY_TYPE_ID] => 3
    [ENTITY_ID] => 244437
    [STREET] => Совхозная
    [BUILDING] => 6
    [POSTAL_CODE] => 
    [COUNTRY] => Россия
    [PROVINCE] => БУРЯТИЯ
    [REGION] => Иволгинский
    [CITY] => с. Сотниково ТЕР. ДНТ ВЫБОР
    [ADDRESS_2] => 
)

internalExecute:
Array
(
    [TYPE_ID] => 1
    [ENTITY_TYPE_ID] => 3
    [ENTITY_ID] => 244437
    [STREET] => Совхозная
    [BUILDING] => 6
    [POSTAL_CODE] => 
    [COUNTRY] => Россия
    [PROVINCE] => БУРЯТИЯ
    [REGION] => Иволгинский
    [CITY] => с. Сотниково ТЕР. ДНТ ВЫБОР
    [ADDRESS_2] => 
)

internalExecute:
Array
(
    [TYPE_ID] => 1
    [ENTITY_TYPE_ID] => 3
    [ENTITY_ID] => 244437
    [STREET] => Совхозная
    [BUILDING] => 6
    [POSTAL_CODE] => 
    [COUNTRY] => Россия
    [PROVINCE] => БУРЯТИЯ
    [REGION] => Иволгинский
    [CITY] => с. Сотниково ТЕР. ДНТ ВЫБОР
    [ADDRESS_2] => 
)

internalExecute:
Array
(
    [TYPE_ID] => 4
    [ENTITY_TYPE_ID] => 3
    [ENTITY_ID] => 244438
    [STREET] => КОДУНСКАЯ
    [BUILDING] => 5
    [POSTAL_CODE] => 
    [COUNTRY] => Россия
    [PROVINCE] => РЕСПУБЛИКА БУРЯТИЯ
    [REGION] => КИЖИНГИНСКИЙ
    [CITY] => У. МОГСОХОН
    [ADDRESS_2] => 
)

internalExecute:
Array
(
    [TYPE_ID] => 4
    [ENTITY_TYPE_ID] => 3
    [ENTITY_ID] => 244438
    [STREET] => КОДУНСКАЯ
    [BUILDING] => 5
    [POSTAL_CODE] => 
    [COUNTRY] => Россия
    [PROVINCE] => РЕСПУБЛИКА БУРЯТИЯ
    [REGION] => КИЖИНГИНСКИЙ
    [CITY] => У. МОГСОХОН
    [ADDRESS_2] => 
)

internalExecute:
Array
(
    [TYPE_ID] => 1
    [ENTITY_TYPE_ID] => 3
    [ENTITY_ID] => 244438
    [STREET] => КОДУНСКАЯ
    [BUILDING] => 5
    [POSTAL_CODE] => 
    [COUNTRY] => Россия
    [PROVINCE] => РЕСПУБЛИКА БУРЯТИЯ
    [REGION] => КИЖИНГИНСКИЙ
    [CITY] => У. МОГСОХОН
    [ADDRESS_2] => 
)

internalExecute:
Array
(
    [TYPE_ID] => 1
    [ENTITY_TYPE_ID] => 3
    [ENTITY_ID] => 244438
    [STREET] => КОДУНСКАЯ
    [BUILDING] => 5
    [POSTAL_CODE] => 
    [COUNTRY] => Россия
    [PROVINCE] => РЕСПУБЛИКА БУРЯТИЯ
    [REGION] => КИЖИНГИНСКИЙ
    [CITY] => У. МОГСОХОН
    [ADDRESS_2] => 
)

internalExecute:
Array
(
    [TYPE_ID] => 4
    [ENTITY_TYPE_ID] => 3
    [ENTITY_ID] => 244439
    [STREET] => 12
    [BUILDING] => 149
    [POSTAL_CODE] => 
    [COUNTRY] => Россия
    [PROVINCE] => Республика Бурятия
    [REGION] => Иволгинский
    [CITY] => с. Сотниково СНТ "Багульник"
    [ADDRESS_2] => 
)

internalExecute:
Array
(
    [TYPE_ID] => 4
    [ENTITY_TYPE_ID] => 3
    [ENTITY_ID] => 244439
    [STREET] => 12
    [BUILDING] => 149
    [POSTAL_CODE] => 
    [COUNTRY] => Россия
    [PROVINCE] => Республика Бурятия
    [REGION] => Иволгинский
    [CITY] => с. Сотниково СНТ "Багульник"
    [ADDRESS_2] => 
)

internalExecute:
Array
(
    [TYPE_ID] => 1
    [ENTITY_TYPE_ID] => 3
    [ENTITY_ID] => 244439
    [STREET] => 12
    [BUILDING] => 149
    [POSTAL_CODE] => 
    [COUNTRY] => Россия
    [PROVINCE] => Республика Бурятия
    [REGION] => Иволгинский
    [CITY] => с. Сотниково СНТ "Багульник"
    [ADDRESS_2] => 
)

internalExecute:
Array
(
    [TYPE_ID] => 1
    [ENTITY_TYPE_ID] => 3
    [ENTITY_ID] => 244439
    [STREET] => 12
    [BUILDING] => 149
    [POSTAL_CODE] => 
    [COUNTRY] => Россия
    [PROVINCE] => Республика Бурятия
    [REGION] => Иволгинский
    [CITY] => с. Сотниково СНТ "Багульник"
    [ADDRESS_2] => 
)

internalExecute:
Array
(
    [TYPE_ID] => 4
    [ENTITY_TYPE_ID] => 3
    [ENTITY_ID] => 244440
    [STREET] => Щербачкова
    [BUILDING] => 8
    [POSTAL_CODE] => 
    [COUNTRY] => Россия
    [PROVINCE] => Республика Саха (Якутия)
    [REGION] => Аллаиховский
    [CITY] => Оленегорск
    [ADDRESS_2] => 1
)

internalExecute:
Array
(
    [TYPE_ID] => 4
    [ENTITY_TYPE_ID] => 3
    [ENTITY_ID] => 244440
    [STREET] => Щербачкова
    [BUILDING] => 8
    [POSTAL_CODE] => 
    [COUNTRY] => Россия
    [PROVINCE] => Республика Саха (Якутия)
    [REGION] => Аллаиховский
    [CITY] => Оленегорск
    [ADDRESS_2] => 1
)

internalExecute:
Array
(
    [TYPE_ID] => 1
    [ENTITY_TYPE_ID] => 3
    [ENTITY_ID] => 244440
    [STREET] => Гольдерова 
    [BUILDING] => 3
    [POSTAL_CODE] => 
    [COUNTRY] => Россия
    [PROVINCE] => Республика Саха (Якутия)
    [REGION] => Верхневилюйский
    [CITY] => Верхневилюйск
    [ADDRESS_2] => 
)

internalExecute:
Array
(
    [TYPE_ID] => 1
    [ENTITY_TYPE_ID] => 3
    [ENTITY_ID] => 244440
    [STREET] => Гольдерова 
    [BUILDING] => 3
    [POSTAL_CODE] => 
    [COUNTRY] => Россия
    [PROVINCE] => Республика Саха (Якутия)
    [REGION] => Верхневилюйский
    [CITY] => Верхневилюйск
    [ADDRESS_2] => 
)

internalExecute:
Array
(
    [TYPE_ID] => 4
    [ENTITY_TYPE_ID] => 3
    [ENTITY_ID] => 244441
    [STREET] => Гольдерова 
    [BUILDING] => 3
    [POSTAL_CODE] => 
    [COUNTRY] => Россия
    [PROVINCE] => Республика Саха (Якутия)
    [REGION] => Верхневилюйский
    [CITY] => Верхневилюйск
    [ADDRESS_2] => 
)

internalExecute:
Array
(
    [TYPE_ID] => 4
    [ENTITY_TYPE_ID] => 3
    [ENTITY_ID] => 244441
    [STREET] => Гольдерова 
    [BUILDING] => 3
    [POSTAL_CODE] => 
    [COUNTRY] => Россия
    [PROVINCE] => Республика Саха (Якутия)
    [REGION] => Верхневилюйский
    [CITY] => Верхневилюйск
    [ADDRESS_2] => 
)

internalExecute:
Array
(
    [TYPE_ID] => 4
    [ENTITY_TYPE_ID] => 3
    [ENTITY_ID] => 244442
    [STREET] => Гольдерова
    [BUILDING] => 3
    [POSTAL_CODE] => 
    [COUNTRY] => Россия
    [PROVINCE] => Республика Саха (Якутия)
    [REGION] => Верхневилюйский
    [CITY] => Верхневилюйск
    [ADDRESS_2] => 
)

internalExecute:
Array
(
    [TYPE_ID] => 4
    [ENTITY_TYPE_ID] => 3
    [ENTITY_ID] => 244442
    [STREET] => Гольдерова
    [BUILDING] => 3
    [POSTAL_CODE] => 
    [COUNTRY] => Россия
    [PROVINCE] => Республика Саха (Якутия)
    [REGION] => Верхневилюйский
    [CITY] => Верхневилюйск
    [ADDRESS_2] => 
)

internalExecute:
Array
(
    [TYPE_ID] => 4
    [ENTITY_TYPE_ID] => 3
    [ENTITY_ID] => 244444
    [STREET] => Октябрьская
    [BUILDING] => 78
    [POSTAL_CODE] => 670000
    [COUNTRY] => Россия
    [PROVINCE] => Республика Бурятия
    [REGION] => Кабанский
    [CITY] => пгт.Каменск
    [ADDRESS_2] => 9
)

internalExecute:
Array
(
    [TYPE_ID] => 4
    [ENTITY_TYPE_ID] => 3
    [ENTITY_ID] => 244444
    [STREET] => Октябрьская
    [BUILDING] => 78
    [POSTAL_CODE] => 670000
    [COUNTRY] => Россия
    [PROVINCE] => Республика Бурятия
    [REGION] => Кабанский
    [CITY] => пгт.Каменск
    [ADDRESS_2] => 9
)

internalExecute:
Array
(
    [TYPE_ID] => 1
    [ENTITY_TYPE_ID] => 3
    [ENTITY_ID] => 244444
    [STREET] => Октябрьская
    [BUILDING] => 78
    [POSTAL_CODE] => 670000
    [COUNTRY] => Россия
    [PROVINCE] => Республика Бурятия
    [REGION] => Кабанский
    [CITY] => пгт.Каменск
    [ADDRESS_2] => 9
)

internalExecute:
Array
(
    [TYPE_ID] => 1
    [ENTITY_TYPE_ID] => 3
    [ENTITY_ID] => 244444
    [STREET] => Октябрьская
    [BUILDING] => 78
    [POSTAL_CODE] => 670000
    [COUNTRY] => Россия
    [PROVINCE] => Республика Бурятия
    [REGION] => Кабанский
    [CITY] => пгт.Каменск
    [ADDRESS_2] => 9
)

internalExecute:
Array
(
    [TYPE_ID] => 4
    [ENTITY_TYPE_ID] => 3
    [ENTITY_ID] => 244445
    [STREET] => мкр.Молодежный
    [BUILDING] => 24
    [POSTAL_CODE] => 670000
    [COUNTRY] => Россия
    [PROVINCE] => Респ.Бурятия
    [REGION] => Кабанский р-н
    [CITY] => пгт.Каменск
    [ADDRESS_2] => 5
)

internalExecute:
Array
(
    [TYPE_ID] => 4
    [ENTITY_TYPE_ID] => 3
    [ENTITY_ID] => 244445
    [STREET] => мкр.Молодежный
    [BUILDING] => 24
    [POSTAL_CODE] => 670000
    [COUNTRY] => Россия
    [PROVINCE] => Респ.Бурятия
    [REGION] => Кабанский р-н
    [CITY] => пгт.Каменск
    [ADDRESS_2] => 5
)

internalExecute:
Array
(
    [TYPE_ID] => 4
    [ENTITY_TYPE_ID] => 3
    [ENTITY_ID] => 244449
    [STREET] => Ольховская
    [BUILDING] => 23
    [POSTAL_CODE] => 620141
    [COUNTRY] => Россия
    [PROVINCE] => Свердловская 
    [REGION] => 
    [CITY] => Екатеринбург
    [ADDRESS_2] => 10
)

internalExecute:
Array
(
    [TYPE_ID] => 4
    [ENTITY_TYPE_ID] => 3
    [ENTITY_ID] => 244449
    [STREET] => Ольховская
    [BUILDING] => 23
    [POSTAL_CODE] => 620141
    [COUNTRY] => Россия
    [PROVINCE] => Свердловская 
    [REGION] => 
    [CITY] => Екатеринбург
    [ADDRESS_2] => 10
)

internalExecute:
Array
(
    [TYPE_ID] => 1
    [ENTITY_TYPE_ID] => 3
    [ENTITY_ID] => 244449
    [STREET] => Ольховская
    [BUILDING] => 23
    [POSTAL_CODE] => 620141
    [COUNTRY] => Россия
    [PROVINCE] => Свердловская 
    [REGION] => 
    [CITY] => Екатеринбург
    [ADDRESS_2] => 10
)

internalExecute:
Array
(
    [TYPE_ID] => 1
    [ENTITY_TYPE_ID] => 3
    [ENTITY_ID] => 244449
    [STREET] => Ольховская
    [BUILDING] => 23
    [POSTAL_CODE] => 620141
    [COUNTRY] => Россия
    [PROVINCE] => Свердловская 
    [REGION] => 
    [CITY] => Екатеринбург
    [ADDRESS_2] => 10
)

internalExecute:
Array
(
    [TYPE_ID] => 4
    [ENTITY_TYPE_ID] => 3
    [ENTITY_ID] => 244450
    [STREET] => Ленина
    [BUILDING] => 50
    [POSTAL_CODE] => 
    [COUNTRY] => Россия
    [PROVINCE] => Свердловская
    [REGION] => 
    [CITY] => Кушва
    [ADDRESS_2] => 43
)

internalExecute:
Array
(
    [TYPE_ID] => 4
    [ENTITY_TYPE_ID] => 3
    [ENTITY_ID] => 244450
    [STREET] => Ленина
    [BUILDING] => 50
    [POSTAL_CODE] => 
    [COUNTRY] => Россия
    [PROVINCE] => Свердловская
    [REGION] => 
    [CITY] => Кушва
    [ADDRESS_2] => 43
)

internalExecute:
Array
(
    [TYPE_ID] => 1
    [ENTITY_TYPE_ID] => 3
    [ENTITY_ID] => 244450
    [STREET] => Ленина
    [BUILDING] => 50
    [POSTAL_CODE] => 
    [COUNTRY] => Россия
    [PROVINCE] => Свердловская
    [REGION] => 
    [CITY] => Кушва
    [ADDRESS_2] => 43
)

internalExecute:
Array
(
    [TYPE_ID] => 1
    [ENTITY_TYPE_ID] => 3
    [ENTITY_ID] => 244450
    [STREET] => Ленина
    [BUILDING] => 50
    [POSTAL_CODE] => 
    [COUNTRY] => Россия
    [PROVINCE] => Свердловская
    [REGION] => 
    [CITY] => Кушва
    [ADDRESS_2] => 43
)

internalExecute:
Array
(
    [TYPE_ID] => 4
    [ENTITY_TYPE_ID] => 3
    [ENTITY_ID] => 244458
    [STREET] => Г.Ч. Ширшина
    [BUILDING] => 27
    [POSTAL_CODE] => 668380
    [COUNTRY] => Россия
    [PROVINCE] => Республика Тыва
    [REGION] => Эрзинский район
    [CITY] => с. Эрзин
    [ADDRESS_2] => 1
)

internalExecute:
Array
(
    [TYPE_ID] => 4
    [ENTITY_TYPE_ID] => 3
    [ENTITY_ID] => 244458
    [STREET] => Г.Ч. Ширшина
    [BUILDING] => 27
    [POSTAL_CODE] => 668380
    [COUNTRY] => Россия
    [PROVINCE] => Республика Тыва
    [REGION] => Эрзинский район
    [CITY] => с. Эрзин
    [ADDRESS_2] => 1
)

internalExecute:
Array
(
    [TYPE_ID] => 1
    [ENTITY_TYPE_ID] => 3
    [ENTITY_ID] => 244458
    [STREET] => Г.Ч. Ширшина
    [BUILDING] => 27
    [POSTAL_CODE] => 668380
    [COUNTRY] => Россия
    [PROVINCE] => Республика Тыва
    [REGION] => Эрзинский район
    [CITY] => с. Эрзин
    [ADDRESS_2] => 1
)

internalExecute:
Array
(
    [TYPE_ID] => 1
    [ENTITY_TYPE_ID] => 3
    [ENTITY_ID] => 244458
    [STREET] => Г.Ч. Ширшина
    [BUILDING] => 27
    [POSTAL_CODE] => 668380
    [COUNTRY] => Россия
    [PROVINCE] => Республика Тыва
    [REGION] => Эрзинский район
    [CITY] => с. Эрзин
    [ADDRESS_2] => 1
)

internalExecute:
Array
(
    [TYPE_ID] => 4
    [ENTITY_TYPE_ID] => 3
    [ENTITY_ID] => 244459
    [STREET] => Ленина
    [BUILDING] => 28
    [POSTAL_CODE] => 668391
    [COUNTRY] => Россия
    [PROVINCE] => Республика Тыва
    [REGION] => Эрзинский район
    [CITY] => с. Бай-Даг
    [ADDRESS_2] => 1
)

internalExecute:
Array
(
    [TYPE_ID] => 4
    [ENTITY_TYPE_ID] => 3
    [ENTITY_ID] => 244459
    [STREET] => Ленина
    [BUILDING] => 28
    [POSTAL_CODE] => 668391
    [COUNTRY] => Россия
    [PROVINCE] => Республика Тыва
    [REGION] => Эрзинский район
    [CITY] => с. Бай-Даг
    [ADDRESS_2] => 1
)

internalExecute:
Array
(
    [TYPE_ID] => 4
    [ENTITY_TYPE_ID] => 3
    [ENTITY_ID] => 244462
    [STREET] => ул. Центральная
    [BUILDING] => 7
    [POSTAL_CODE] => 
    [COUNTRY] => Россия
    [PROVINCE] => Кемеровская область-Кузбасс
    [REGION] => р-н Прокопьевский
    [CITY] => п.Серп и Молот 
    [ADDRESS_2] => 
)

internalExecute:
Array
(
    [TYPE_ID] => 4
    [ENTITY_TYPE_ID] => 3
    [ENTITY_ID] => 244462
    [STREET] => ул. Центральная
    [BUILDING] => 7
    [POSTAL_CODE] => 
    [COUNTRY] => Россия
    [PROVINCE] => Кемеровская область-Кузбасс
    [REGION] => р-н Прокопьевский
    [CITY] => п.Серп и Молот 
    [ADDRESS_2] => 
)

internalExecute:
Array
(
    [TYPE_ID] => 1
    [ENTITY_TYPE_ID] => 3
    [ENTITY_ID] => 244462
    [STREET] => ул. Центральная
    [BUILDING] => 7
    [POSTAL_CODE] => 
    [COUNTRY] => Россия
    [PROVINCE] => Кемеровская область-Кузбасс
    [REGION] => р-н Прокопьевский
    [CITY] => п.Серп и Молот 
    [ADDRESS_2] => 
)

internalExecute:
Array
(
    [TYPE_ID] => 1
    [ENTITY_TYPE_ID] => 3
    [ENTITY_ID] => 244462
    [STREET] => ул. Центральная
    [BUILDING] => 7
    [POSTAL_CODE] => 
    [COUNTRY] => Россия
    [PROVINCE] => Кемеровская область-Кузбасс
    [REGION] => р-н Прокопьевский
    [CITY] => п.Серп и Молот 
    [ADDRESS_2] => 
)

internalExecute:
Array
(
    [TYPE_ID] => 4
    [ENTITY_TYPE_ID] => 3
    [ENTITY_ID] => 244463
    [STREET] => ул.Клименко
    [BUILDING] => 29/3
    [POSTAL_CODE] => 
    [COUNTRY] => Россия
    [PROVINCE] => обл Кемеровская область-Кузбасс
    [REGION] => 
    [CITY] => г.Новокузнецк
    [ADDRESS_2] => 12
)

internalExecute:
Array
(
    [TYPE_ID] => 4
    [ENTITY_TYPE_ID] => 3
    [ENTITY_ID] => 244463
    [STREET] => ул.Клименко
    [BUILDING] => 29/3
    [POSTAL_CODE] => 
    [COUNTRY] => Россия
    [PROVINCE] => обл Кемеровская область-Кузбасс
    [REGION] => 
    [CITY] => г.Новокузнецк
    [ADDRESS_2] => 12
)

internalExecute:
Array
(
    [TYPE_ID] => 4
    [ENTITY_TYPE_ID] => 3
    [ENTITY_ID] => 244464
    [STREET] => пр-кт Раиса Беляева
    [BUILDING] => 49
    [POSTAL_CODE] => 
    [COUNTRY] => Россия
    [PROVINCE] => Респ.Татарстан
    [REGION] => 
    [CITY] => г.Набережные Челны
    [ADDRESS_2] => 263
)

internalExecute:
Array
(
    [TYPE_ID] => 4
    [ENTITY_TYPE_ID] => 3
    [ENTITY_ID] => 244464
    [STREET] => пр-кт Раиса Беляева
    [BUILDING] => 49
    [POSTAL_CODE] => 
    [COUNTRY] => Россия
    [PROVINCE] => Респ.Татарстан
    [REGION] => 
    [CITY] => г.Набережные Челны
    [ADDRESS_2] => 263
)

internalExecute:
Array
(
    [TYPE_ID] => 4
    [ENTITY_TYPE_ID] => 3
    [ENTITY_ID] => 244465
    [STREET] => Обручева 
    [BUILDING] => 4
    [POSTAL_CODE] => 
    [COUNTRY] => Россия
    [PROVINCE] => Кемеровская область-Кузбасс
    [REGION] => Зенковский 
    [CITY] => г.Прокопьевск
    [ADDRESS_2] => 43
)

internalExecute:
Array
(
    [TYPE_ID] => 4
    [ENTITY_TYPE_ID] => 3
    [ENTITY_ID] => 244465
    [STREET] => Обручева 
    [BUILDING] => 4
    [POSTAL_CODE] => 
    [COUNTRY] => Россия
    [PROVINCE] => Кемеровская область-Кузбасс
    [REGION] => Зенковский 
    [CITY] => г.Прокопьевск
    [ADDRESS_2] => 43
)

internalExecute:
Array
(
    [TYPE_ID] => 4
    [ENTITY_TYPE_ID] => 3
    [ENTITY_ID] => 244468
    [STREET] => Гоголя 
    [BUILDING] => 40
    [POSTAL_CODE] => 297600
    [COUNTRY] => Россия
    [PROVINCE] => Республика Крым 
    [REGION] => Белогорский 
    [CITY] => Белогорск
    [ADDRESS_2] => 
)

internalExecute:
Array
(
    [TYPE_ID] => 4
    [ENTITY_TYPE_ID] => 3
    [ENTITY_ID] => 244468
    [STREET] => Гоголя 
    [BUILDING] => 40
    [POSTAL_CODE] => 297600
    [COUNTRY] => Россия
    [PROVINCE] => Республика Крым 
    [REGION] => Белогорский 
    [CITY] => Белогорск
    [ADDRESS_2] => 
)

internalExecute:
Array
(
    [TYPE_ID] => 4
    [ENTITY_TYPE_ID] => 3
    [ENTITY_ID] => 244473
    [STREET] => 
    [BUILDING] => 
    [POSTAL_CODE] => 
    [COUNTRY] => Россия
    [PROVINCE] => 
    [REGION] => 
    [CITY] => 
    [ADDRESS_2] => 
)

internalExecute:
Array
(
    [TYPE_ID] => 4
    [ENTITY_TYPE_ID] => 3
    [ENTITY_ID] => 244473
    [STREET] => 
    [BUILDING] => 
    [POSTAL_CODE] => 
    [COUNTRY] => Россия
    [PROVINCE] => 
    [REGION] => 
    [CITY] => 
    [ADDRESS_2] => 
)

internalExecute:
Array
(
    [TYPE_ID] => 4
    [ENTITY_TYPE_ID] => 3
    [ENTITY_ID] => 244500
    [STREET] => Нариманова
    [BUILDING] => 2
    [POSTAL_CODE] => 368530
    [COUNTRY] => Россия
    [PROVINCE] => Республика Дагестан
    [REGION] => Карабудахкенсткий
    [CITY] => Карабудахкент
    [ADDRESS_2] => 
)

internalExecute:
Array
(
    [TYPE_ID] => 4
    [ENTITY_TYPE_ID] => 3
    [ENTITY_ID] => 244500
    [STREET] => Нариманова
    [BUILDING] => 2
    [POSTAL_CODE] => 368530
    [COUNTRY] => Россия
    [PROVINCE] => Республика Дагестан
    [REGION] => Карабудахкенсткий
    [CITY] => Карабудахкент
    [ADDRESS_2] => 
)

internalExecute:
Array
(
    [TYPE_ID] => 1
    [ENTITY_TYPE_ID] => 3
    [ENTITY_ID] => 244500
    [STREET] => Нариманова
    [BUILDING] => 2
    [POSTAL_CODE] => 368530
    [COUNTRY] => Россия
    [PROVINCE] => Республика Дагестан
    [REGION] => Карабудахкенсткий
    [CITY] => Карабудахкент
    [ADDRESS_2] => 
)

internalExecute:
Array
(
    [TYPE_ID] => 1
    [ENTITY_TYPE_ID] => 3
    [ENTITY_ID] => 244500
    [STREET] => Нариманова
    [BUILDING] => 2
    [POSTAL_CODE] => 368530
    [COUNTRY] => Россия
    [PROVINCE] => Республика Дагестан
    [REGION] => Карабудахкенсткий
    [CITY] => Карабудахкент
    [ADDRESS_2] => 
)

internalExecute:
Array
(
    [TYPE_ID] => 4
    [ENTITY_TYPE_ID] => 3
    [ENTITY_ID] => 244501
    [STREET] => 
    [BUILDING] => 
    [POSTAL_CODE] => 
    [COUNTRY] => Россия
    [PROVINCE] => 
    [REGION] => 
    [CITY] => 
    [ADDRESS_2] => 
)

internalExecute:
Array
(
    [TYPE_ID] => 4
    [ENTITY_TYPE_ID] => 3
    [ENTITY_ID] => 244501
    [STREET] => 
    [BUILDING] => 
    [POSTAL_CODE] => 
    [COUNTRY] => Россия
    [PROVINCE] => 
    [REGION] => 
    [CITY] => 
    [ADDRESS_2] => 
)

internalExecute:
Array
(
    [TYPE_ID] => 4
    [ENTITY_TYPE_ID] => 3
    [ENTITY_ID] => 244510
    [STREET] => Григорченкова
    [BUILDING] => 34А
    [POSTAL_CODE] => 
    [COUNTRY] => Россия
    [PROVINCE] => Кемеровская область
    [REGION] => 
    [CITY] => г. Ленинск-Кузнецкий
    [ADDRESS_2] => 8
)

internalExecute:
Array
(
    [TYPE_ID] => 4
    [ENTITY_TYPE_ID] => 3
    [ENTITY_ID] => 244510
    [STREET] => Григорченкова
    [BUILDING] => 34А
    [POSTAL_CODE] => 
    [COUNTRY] => Россия
    [PROVINCE] => Кемеровская область
    [REGION] => 
    [CITY] => г. Ленинск-Кузнецкий
    [ADDRESS_2] => 8
)

internalExecute:
Array
(
    [TYPE_ID] => 1
    [ENTITY_TYPE_ID] => 3
    [ENTITY_ID] => 244510
    [STREET] => Григорченкова
    [BUILDING] => 34А
    [POSTAL_CODE] => 
    [COUNTRY] => Россия
    [PROVINCE] => Кемеровская область
    [REGION] => 
    [CITY] => г. Ленинск-Кузнецкий
    [ADDRESS_2] => 8
)

internalExecute:
Array
(
    [TYPE_ID] => 1
    [ENTITY_TYPE_ID] => 3
    [ENTITY_ID] => 244510
    [STREET] => Григорченкова
    [BUILDING] => 34А
    [POSTAL_CODE] => 
    [COUNTRY] => Россия
    [PROVINCE] => Кемеровская область
    [REGION] => 
    [CITY] => г. Ленинск-Кузнецкий
    [ADDRESS_2] => 8
)

internalExecute:
Array
(
    [TYPE_ID] => 4
    [ENTITY_TYPE_ID] => 3
    [ENTITY_ID] => 244511
    [STREET] => Пирогова
    [BUILDING] => 2/2
    [POSTAL_CODE] => 
    [COUNTRY] => Россия
    [PROVINCE] => Кемеровская обл.
    [REGION] => 
    [CITY] => Ленинск-Кузнецкий
    [ADDRESS_2] => 7
)

internalExecute:
Array
(
    [TYPE_ID] => 4
    [ENTITY_TYPE_ID] => 3
    [ENTITY_ID] => 244511
    [STREET] => Пирогова
    [BUILDING] => 2/2
    [POSTAL_CODE] => 
    [COUNTRY] => Россия
    [PROVINCE] => Кемеровская обл.
    [REGION] => 
    [CITY] => Ленинск-Кузнецкий
    [ADDRESS_2] => 7
)

internalExecute:
Array
(
    [TYPE_ID] => 4
    [ENTITY_TYPE_ID] => 3
    [ENTITY_ID] => 244512
    [STREET] => В.Гольдерова
    [BUILDING] => 3
    [POSTAL_CODE] => 
    [COUNTRY] => Россия
    [PROVINCE] => Республика Саха (Якутия)
    [REGION] => Верхневилюйский
    [CITY] => Верхневилюйск
    [ADDRESS_2] => 
)

internalExecute:
Array
(
    [TYPE_ID] => 4
    [ENTITY_TYPE_ID] => 3
    [ENTITY_ID] => 244512
    [STREET] => В.Гольдерова
    [BUILDING] => 3
    [POSTAL_CODE] => 
    [COUNTRY] => Россия
    [PROVINCE] => Республика Саха (Якутия)
    [REGION] => Верхневилюйский
    [CITY] => Верхневилюйск
    [ADDRESS_2] => 
)

internalExecute:
Array
(
    [TYPE_ID] => 1
    [ENTITY_TYPE_ID] => 3
    [ENTITY_ID] => 244512
    [STREET] => В.Гольдерова
    [BUILDING] => 3
    [POSTAL_CODE] => 
    [COUNTRY] => Россия
    [PROVINCE] => Республика Саха (Якутия)
    [REGION] => Верхневилюйский
    [CITY] => Верхневилюйск
    [ADDRESS_2] => 
)

internalExecute:
Array
(
    [TYPE_ID] => 1
    [ENTITY_TYPE_ID] => 3
    [ENTITY_ID] => 244512
    [STREET] => В.Гольдерова
    [BUILDING] => 3
    [POSTAL_CODE] => 
    [COUNTRY] => Россия
    [PROVINCE] => Республика Саха (Якутия)
    [REGION] => Верхневилюйский
    [CITY] => Верхневилюйск
    [ADDRESS_2] => 
)

internalExecute:
Array
(
    [TYPE_ID] => 4
    [ENTITY_TYPE_ID] => 3
    [ENTITY_ID] => 244517
    [STREET] => Ленина
    [BUILDING] => 55
    [POSTAL_CODE] => 
    [COUNTRY] => Россия
    [PROVINCE] => Кабардино-Балкарская Республика
    [REGION] => Черекский
    [CITY] => Зарагиж
    [ADDRESS_2] => 
)

internalExecute:
Array
(
    [TYPE_ID] => 4
    [ENTITY_TYPE_ID] => 3
    [ENTITY_ID] => 244517
    [STREET] => Ленина
    [BUILDING] => 55
    [POSTAL_CODE] => 
    [COUNTRY] => Россия
    [PROVINCE] => Кабардино-Балкарская Республика
    [REGION] => Черекский
    [CITY] => Зарагиж
    [ADDRESS_2] => 
)

internalExecute:
Array
(
    [TYPE_ID] => 1
    [ENTITY_TYPE_ID] => 3
    [ENTITY_ID] => 244517
    [STREET] => Садовая
    [BUILDING] => 82
    [POSTAL_CODE] => 
    [COUNTRY] => Россия
    [PROVINCE] => Кабардино-Балкарская Республика
    [REGION] => Урванский
    [CITY] => Псыгансу
    [ADDRESS_2] => 
)

internalExecute:
Array
(
    [TYPE_ID] => 1
    [ENTITY_TYPE_ID] => 3
    [ENTITY_ID] => 244517
    [STREET] => Садовая
    [BUILDING] => 82
    [POSTAL_CODE] => 
    [COUNTRY] => Россия
    [PROVINCE] => Кабардино-Балкарская Республика
    [REGION] => Урванский
    [CITY] => Псыгансу
    [ADDRESS_2] => 
)

internalExecute:
Array
(
    [TYPE_ID] => 4
    [ENTITY_TYPE_ID] => 3
    [ENTITY_ID] => 244518
    [STREET] => Садовая
    [BUILDING] => 82
    [POSTAL_CODE] => 
    [COUNTRY] => Россия
    [PROVINCE] => Кабардино-Балкарская Республика
    [REGION] => Урванский
    [CITY] => Псыгансу
    [ADDRESS_2] => 
)

internalExecute:
Array
(
    [TYPE_ID] => 4
    [ENTITY_TYPE_ID] => 3
    [ENTITY_ID] => 244518
    [STREET] => Садовая
    [BUILDING] => 82
    [POSTAL_CODE] => 
    [COUNTRY] => Россия
    [PROVINCE] => Кабардино-Балкарская Республика
    [REGION] => Урванский
    [CITY] => Псыгансу
    [ADDRESS_2] => 
)

internalExecute:
Array
(
    [TYPE_ID] => 4
    [ENTITY_TYPE_ID] => 3
    [ENTITY_ID] => 244521
    [STREET] => Ленина
    [BUILDING] => 41
    [POSTAL_CODE] => 668330
    [COUNTRY] => Россия
    [PROVINCE] => Республика Тыва
    [REGION] => Чеди-Хольский район
    [CITY] => с. Сайлыг
    [ADDRESS_2] => 
)

internalExecute:
Array
(
    [TYPE_ID] => 4
    [ENTITY_TYPE_ID] => 3
    [ENTITY_ID] => 244521
    [STREET] => Ленина
    [BUILDING] => 41
    [POSTAL_CODE] => 668330
    [COUNTRY] => Россия
    [PROVINCE] => Республика Тыва
    [REGION] => Чеди-Хольский район
    [CITY] => с. Сайлыг
    [ADDRESS_2] => 
)

internalExecute:
Array
(
    [TYPE_ID] => 1
    [ENTITY_TYPE_ID] => 3
    [ENTITY_ID] => 244521
    [STREET] => Комсомольская 
    [BUILDING] => 98 а
    [POSTAL_CODE] => 667000
    [COUNTRY] => Россия
    [PROVINCE] => Республика Тыва
    [REGION] => 
    [CITY] => г. Кызыл
    [ADDRESS_2] => 
)

internalExecute:
Array
(
    [TYPE_ID] => 1
    [ENTITY_TYPE_ID] => 3
    [ENTITY_ID] => 244521
    [STREET] => Комсомольская 
    [BUILDING] => 98 а
    [POSTAL_CODE] => 667000
    [COUNTRY] => Россия
    [PROVINCE] => Республика Тыва
    [REGION] => 
    [CITY] => г. Кызыл
    [ADDRESS_2] => 
)

internalExecute:
Array
(
    [TYPE_ID] => 4
    [ENTITY_TYPE_ID] => 3
    [ENTITY_ID] => 244522
    [STREET] => Ленина
    [BUILDING] => 41
    [POSTAL_CODE] => 668330
    [COUNTRY] => Россия
    [PROVINCE] => Республика Тыва
    [REGION] => Чеди-Хольский район
    [CITY] => с. Сайлыг
    [ADDRESS_2] => 
)

internalExecute:
Array
(
    [TYPE_ID] => 4
    [ENTITY_TYPE_ID] => 3
    [ENTITY_ID] => 244522
    [STREET] => Ленина
    [BUILDING] => 41
    [POSTAL_CODE] => 668330
    [COUNTRY] => Россия
    [PROVINCE] => Республика Тыва
    [REGION] => Чеди-Хольский район
    [CITY] => с. Сайлыг
    [ADDRESS_2] => 
)

internalExecute:
Array
(
    [TYPE_ID] => 1
    [ENTITY_TYPE_ID] => 4
    [ENTITY_ID] => 51310
    [STREET] =>  
    [BUILDING] => 
    [POSTAL_CODE] => 
    [COUNTRY] => 
    [PROVINCE] => обл. Кемеровская
    [REGION] => 
    [CITY] => г. Прокопьевск
    [ADDRESS_2] => 
)

internalExecute:
Array
(
    [TYPE_ID] => 1
    [ENTITY_TYPE_ID] => 4
    [ENTITY_ID] => 51310
    [STREET] =>  
    [BUILDING] => 
    [POSTAL_CODE] => 
    [COUNTRY] => 
    [PROVINCE] => обл. Кемеровская
    [REGION] => 
    [CITY] => г. Прокопьевск
    [ADDRESS_2] => 
)

internalExecute:
Array
(
    [TYPE_ID] => 1
    [ENTITY_TYPE_ID] => 4
    [ENTITY_ID] => 30828
    [STREET] => ул. Кирова
    [BUILDING] => д. 18
    [POSTAL_CODE] => 
    [COUNTRY] => Россия
    [PROVINCE] => Республика Саха (Якутия)
    [REGION] => 
    [CITY] => г. Якутск
    [ADDRESS_2] => каб. 309
)

internalExecute:
Array
(
    [TYPE_ID] => 1
    [ENTITY_TYPE_ID] => 4
    [ENTITY_ID] => 30828
    [STREET] => ул. Кирова
    [BUILDING] => д. 18
    [POSTAL_CODE] => 
    [COUNTRY] => Россия
    [PROVINCE] => Республика Саха (Якутия)
    [REGION] => 
    [CITY] => г. Якутск
    [ADDRESS_2] => каб. 309
)

internalExecute:
Array
(
    [TYPE_ID] => 4
    [ENTITY_TYPE_ID] => 3
    [ENTITY_ID] => 244534
    [STREET] => Ольховская
    [BUILDING] => 23
    [POSTAL_CODE] => 
    [COUNTRY] => Россия
    [PROVINCE] => Свердловская
    [REGION] => 
    [CITY] => Екатеринбург
    [ADDRESS_2] => 
)

internalExecute:
Array
(
    [TYPE_ID] => 4
    [ENTITY_TYPE_ID] => 3
    [ENTITY_ID] => 244534
    [STREET] => Ольховская
    [BUILDING] => 23
    [POSTAL_CODE] => 
    [COUNTRY] => Россия
    [PROVINCE] => Свердловская
    [REGION] => 
    [CITY] => Екатеринбург
    [ADDRESS_2] => 
)

internalExecute:
Array
(
    [TYPE_ID] => 1
    [ENTITY_TYPE_ID] => 3
    [ENTITY_ID] => 244534
    [STREET] => Ольховская
    [BUILDING] => 23
    [POSTAL_CODE] => 
    [COUNTRY] => Россия
    [PROVINCE] => Свердловская
    [REGION] => 
    [CITY] => Екатеринбург
    [ADDRESS_2] => 
)

internalExecute:
Array
(
    [TYPE_ID] => 1
    [ENTITY_TYPE_ID] => 3
    [ENTITY_ID] => 244534
    [STREET] => Ольховская
    [BUILDING] => 23
    [POSTAL_CODE] => 
    [COUNTRY] => Россия
    [PROVINCE] => Свердловская
    [REGION] => 
    [CITY] => Екатеринбург
    [ADDRESS_2] => 
)

internalExecute:
Array
(
    [TYPE_ID] => 4
    [ENTITY_TYPE_ID] => 3
    [ENTITY_ID] => 244535
    [STREET] => Ольховская
    [BUILDING] => 23
    [POSTAL_CODE] => 
    [COUNTRY] => Россия
    [PROVINCE] => Свердловская
    [REGION] => 
    [CITY] => Екатеринбург
    [ADDRESS_2] => 
)

internalExecute:
Array
(
    [TYPE_ID] => 4
    [ENTITY_TYPE_ID] => 3
    [ENTITY_ID] => 244535
    [STREET] => Ольховская
    [BUILDING] => 23
    [POSTAL_CODE] => 
    [COUNTRY] => Россия
    [PROVINCE] => Свердловская
    [REGION] => 
    [CITY] => Екатеринбург
    [ADDRESS_2] => 
)

internalExecute:
Array
(
    [TYPE_ID] => 1
    [ENTITY_TYPE_ID] => 3
    [ENTITY_ID] => 244535
    [STREET] => Ольховская
    [BUILDING] => 23
    [POSTAL_CODE] => 
    [COUNTRY] => Россия
    [PROVINCE] => Свердловская
    [REGION] => 
    [CITY] => Екатеринбург
    [ADDRESS_2] => 
)

internalExecute:
Array
(
    [TYPE_ID] => 1
    [ENTITY_TYPE_ID] => 3
    [ENTITY_ID] => 244535
    [STREET] => Ольховская
    [BUILDING] => 23
    [POSTAL_CODE] => 
    [COUNTRY] => Россия
    [PROVINCE] => Свердловская
    [REGION] => 
    [CITY] => Екатеринбург
    [ADDRESS_2] => 
)

internalExecute:
Array
(
    [TYPE_ID] => 4
    [ENTITY_TYPE_ID] => 3
    [ENTITY_ID] => 244536
    [STREET] => Ольховская
    [BUILDING] => 32
    [POSTAL_CODE] => 
    [COUNTRY] => Россия
    [PROVINCE] => Свердловская
    [REGION] => 
    [CITY] => Екатеринбург
    [ADDRESS_2] => 
)

internalExecute:
Array
(
    [TYPE_ID] => 4
    [ENTITY_TYPE_ID] => 3
    [ENTITY_ID] => 244536
    [STREET] => Ольховская
    [BUILDING] => 32
    [POSTAL_CODE] => 
    [COUNTRY] => Россия
    [PROVINCE] => Свердловская
    [REGION] => 
    [CITY] => Екатеринбург
    [ADDRESS_2] => 
)

internalExecute:
Array
(
    [TYPE_ID] => 1
    [ENTITY_TYPE_ID] => 3
    [ENTITY_ID] => 244536
    [STREET] => Ольховская
    [BUILDING] => 32
    [POSTAL_CODE] => 
    [COUNTRY] => Россия
    [PROVINCE] => Свердловская
    [REGION] => 
    [CITY] => Екатеринбург
    [ADDRESS_2] => 
)

internalExecute:
Array
(
    [TYPE_ID] => 1
    [ENTITY_TYPE_ID] => 3
    [ENTITY_ID] => 244536
    [STREET] => Ольховская
    [BUILDING] => 32
    [POSTAL_CODE] => 
    [COUNTRY] => Россия
    [PROVINCE] => Свердловская
    [REGION] => 
    [CITY] => Екатеринбург
    [ADDRESS_2] => 
)

internalExecute:
Array
(
    [TYPE_ID] => 4
    [ENTITY_TYPE_ID] => 3
    [ENTITY_ID] => 244537
    [STREET] => Ольховская
    [BUILDING] => 23
    [POSTAL_CODE] => 
    [COUNTRY] => Россия
    [PROVINCE] => Свердловская
    [REGION] => 
    [CITY] => Екатеринбург
    [ADDRESS_2] => 
)

internalExecute:
Array
(
    [TYPE_ID] => 4
    [ENTITY_TYPE_ID] => 3
    [ENTITY_ID] => 244537
    [STREET] => Ольховская
    [BUILDING] => 23
    [POSTAL_CODE] => 
    [COUNTRY] => Россия
    [PROVINCE] => Свердловская
    [REGION] => 
    [CITY] => Екатеринбург
    [ADDRESS_2] => 
)

internalExecute:
Array
(
    [TYPE_ID] => 1
    [ENTITY_TYPE_ID] => 3
    [ENTITY_ID] => 244537
    [STREET] => Ольховская
    [BUILDING] => 23
    [POSTAL_CODE] => 
    [COUNTRY] => Россия
    [PROVINCE] => Свердловская
    [REGION] => 
    [CITY] => Екатеринбург
    [ADDRESS_2] => 
)

internalExecute:
Array
(
    [TYPE_ID] => 1
    [ENTITY_TYPE_ID] => 3
    [ENTITY_ID] => 244537
    [STREET] => Ольховская
    [BUILDING] => 23
    [POSTAL_CODE] => 
    [COUNTRY] => Россия
    [PROVINCE] => Свердловская
    [REGION] => 
    [CITY] => Екатеринбург
    [ADDRESS_2] => 
)

internalExecute:
Array
(
    [TYPE_ID] => 4
    [ENTITY_TYPE_ID] => 3
    [ENTITY_ID] => 244538
    [STREET] => Ольховская
    [BUILDING] => 23
    [POSTAL_CODE] => 
    [COUNTRY] => Россия
    [PROVINCE] => Свердловская
    [REGION] => 
    [CITY] => Екатеринбург
    [ADDRESS_2] => 
)

internalExecute:
Array
(
    [TYPE_ID] => 4
    [ENTITY_TYPE_ID] => 3
    [ENTITY_ID] => 244538
    [STREET] => Ольховская
    [BUILDING] => 23
    [POSTAL_CODE] => 
    [COUNTRY] => Россия
    [PROVINCE] => Свердловская
    [REGION] => 
    [CITY] => Екатеринбург
    [ADDRESS_2] => 
)

internalExecute:
Array
(
    [TYPE_ID] => 1
    [ENTITY_TYPE_ID] => 3
    [ENTITY_ID] => 244538
    [STREET] => Ольховская
    [BUILDING] => 23
    [POSTAL_CODE] => 
    [COUNTRY] => Россия
    [PROVINCE] => Свердловская
    [REGION] => 
    [CITY] => Екатеринбург
    [ADDRESS_2] => 
)

internalExecute:
Array
(
    [TYPE_ID] => 1
    [ENTITY_TYPE_ID] => 3
    [ENTITY_ID] => 244538
    [STREET] => Ольховская
    [BUILDING] => 23
    [POSTAL_CODE] => 
    [COUNTRY] => Россия
    [PROVINCE] => Свердловская
    [REGION] => 
    [CITY] => Екатеринбург
    [ADDRESS_2] => 
)

internalExecute:
Array
(
    [TYPE_ID] => 4
    [ENTITY_TYPE_ID] => 3
    [ENTITY_ID] => 244539
    [STREET] => Проезжая 
    [BUILDING] => 23
    [POSTAL_CODE] => 671160
    [COUNTRY] => Россия
    [PROVINCE] => Республика Бурятия
    [REGION] => Селенгинский
    [CITY] => г. Гусиноозерск
    [ADDRESS_2] => 3
)

internalExecute:
Array
(
    [TYPE_ID] => 4
    [ENTITY_TYPE_ID] => 3
    [ENTITY_ID] => 244539
    [STREET] => Проезжая 
    [BUILDING] => 23
    [POSTAL_CODE] => 671160
    [COUNTRY] => Россия
    [PROVINCE] => Республика Бурятия
    [REGION] => Селенгинский
    [CITY] => г. Гусиноозерск
    [ADDRESS_2] => 3
)

internalExecute:
Array
(
    [TYPE_ID] => 1
    [ENTITY_TYPE_ID] => 3
    [ENTITY_ID] => 244539
    [STREET] => Проезжая 
    [BUILDING] => 23
    [POSTAL_CODE] => 671160
    [COUNTRY] => Россия
    [PROVINCE] => Республика Бурятия
    [REGION] => Селенгинский
    [CITY] => г. Гусиноозерск
    [ADDRESS_2] => 3
)

internalExecute:
Array
(
    [TYPE_ID] => 1
    [ENTITY_TYPE_ID] => 3
    [ENTITY_ID] => 244539
    [STREET] => Проезжая 
    [BUILDING] => 23
    [POSTAL_CODE] => 671160
    [COUNTRY] => Россия
    [PROVINCE] => Республика Бурятия
    [REGION] => Селенгинский
    [CITY] => г. Гусиноозерск
    [ADDRESS_2] => 3
)

internalExecute:
Array
(
    [TYPE_ID] => 4
    [ENTITY_TYPE_ID] => 3
    [ENTITY_ID] => 244540
    [STREET] => Солнечная
    [BUILDING] => 1
    [POSTAL_CODE] => 629804
    [COUNTRY] => Россия
    [PROVINCE] => Ямало-Ненецкий АО
    [REGION] => мкр Вынгапуровский
    [CITY] => гор. Ноябрьск
    [ADDRESS_2] => 4
)

internalExecute:
Array
(
    [TYPE_ID] => 4
    [ENTITY_TYPE_ID] => 3
    [ENTITY_ID] => 244540
    [STREET] => Солнечная
    [BUILDING] => 1
    [POSTAL_CODE] => 629804
    [COUNTRY] => Россия
    [PROVINCE] => Ямало-Ненецкий АО
    [REGION] => мкр Вынгапуровский
    [CITY] => гор. Ноябрьск
    [ADDRESS_2] => 4
)

internalExecute:
Array
(
    [TYPE_ID] => 4
    [ENTITY_TYPE_ID] => 3
    [ENTITY_ID] => 244545
    [STREET] => Ольховская
    [BUILDING] => 23
    [POSTAL_CODE] => 
    [COUNTRY] => Россия
    [PROVINCE] => Свердловская
    [REGION] => 
    [CITY] => Екатеринбург
    [ADDRESS_2] => 
)

internalExecute:
Array
(
    [TYPE_ID] => 4
    [ENTITY_TYPE_ID] => 3
    [ENTITY_ID] => 244545
    [STREET] => Ольховская
    [BUILDING] => 23
    [POSTAL_CODE] => 
    [COUNTRY] => Россия
    [PROVINCE] => Свердловская
    [REGION] => 
    [CITY] => Екатеринбург
    [ADDRESS_2] => 
)

internalExecute:
Array
(
    [TYPE_ID] => 1
    [ENTITY_TYPE_ID] => 3
    [ENTITY_ID] => 244545
    [STREET] => Ольховская
    [BUILDING] => 23
    [POSTAL_CODE] => 
    [COUNTRY] => Россия
    [PROVINCE] => Свердловская
    [REGION] => 
    [CITY] => Екатеринбург
    [ADDRESS_2] => 
)

internalExecute:
Array
(
    [TYPE_ID] => 1
    [ENTITY_TYPE_ID] => 3
    [ENTITY_ID] => 244545
    [STREET] => Ольховская
    [BUILDING] => 23
    [POSTAL_CODE] => 
    [COUNTRY] => Россия
    [PROVINCE] => Свердловская
    [REGION] => 
    [CITY] => Екатеринбург
    [ADDRESS_2] => 
)

internalExecute:
Array
(
    [TYPE_ID] => 4
    [ENTITY_TYPE_ID] => 3
    [ENTITY_ID] => 244546
    [STREET] => Ольховская
    [BUILDING] => 23
    [POSTAL_CODE] => 
    [COUNTRY] => Россия
    [PROVINCE] => Свердловская
    [REGION] => 
    [CITY] => Екатеринбург
    [ADDRESS_2] => 
)

internalExecute:
Array
(
    [TYPE_ID] => 4
    [ENTITY_TYPE_ID] => 3
    [ENTITY_ID] => 244546
    [STREET] => Ольховская
    [BUILDING] => 23
    [POSTAL_CODE] => 
    [COUNTRY] => Россия
    [PROVINCE] => Свердловская
    [REGION] => 
    [CITY] => Екатеринбург
    [ADDRESS_2] => 
)

internalExecute:
Array
(
    [TYPE_ID] => 1
    [ENTITY_TYPE_ID] => 3
    [ENTITY_ID] => 244546
    [STREET] => Ольховская
    [BUILDING] => 23
    [POSTAL_CODE] => 
    [COUNTRY] => Россия
    [PROVINCE] => Свердловская
    [REGION] => 
    [CITY] => Екатеринбург
    [ADDRESS_2] => 
)

internalExecute:
Array
(
    [TYPE_ID] => 1
    [ENTITY_TYPE_ID] => 3
    [ENTITY_ID] => 244546
    [STREET] => Ольховская
    [BUILDING] => 23
    [POSTAL_CODE] => 
    [COUNTRY] => Россия
    [PROVINCE] => Свердловская
    [REGION] => 
    [CITY] => Екатеринбург
    [ADDRESS_2] => 
)

internalExecute:
Array
(
    [TYPE_ID] => 4
    [ENTITY_TYPE_ID] => 3
    [ENTITY_ID] => 244547
    [STREET] => Ольховская
    [BUILDING] => 23
    [POSTAL_CODE] => 
    [COUNTRY] => Россия
    [PROVINCE] => Свердловская
    [REGION] => 
    [CITY] => Екатеринбург
    [ADDRESS_2] => 
)

internalExecute:
Array
(
    [TYPE_ID] => 4
    [ENTITY_TYPE_ID] => 3
    [ENTITY_ID] => 244547
    [STREET] => Ольховская
    [BUILDING] => 23
    [POSTAL_CODE] => 
    [COUNTRY] => Россия
    [PROVINCE] => Свердловская
    [REGION] => 
    [CITY] => Екатеринбург
    [ADDRESS_2] => 
)

internalExecute:
Array
(
    [TYPE_ID] => 1
    [ENTITY_TYPE_ID] => 3
    [ENTITY_ID] => 244547
    [STREET] => Ольховская
    [BUILDING] => 23
    [POSTAL_CODE] => 
    [COUNTRY] => Россия
    [PROVINCE] => Свердловская
    [REGION] => 
    [CITY] => Екатеринбург
    [ADDRESS_2] => 
)

internalExecute:
Array
(
    [TYPE_ID] => 1
    [ENTITY_TYPE_ID] => 3
    [ENTITY_ID] => 244547
    [STREET] => Ольховская
    [BUILDING] => 23
    [POSTAL_CODE] => 
    [COUNTRY] => Россия
    [PROVINCE] => Свердловская
    [REGION] => 
    [CITY] => Екатеринбург
    [ADDRESS_2] => 
)

internalExecute:
Array
(
    [TYPE_ID] => 4
    [ENTITY_TYPE_ID] => 3
    [ENTITY_ID] => 244548
    [STREET] => Ольховская
    [BUILDING] => 23
    [POSTAL_CODE] => 
    [COUNTRY] => Россия
    [PROVINCE] => Свердловская
    [REGION] => 
    [CITY] => Екатеринбург
    [ADDRESS_2] => 
)

internalExecute:
Array
(
    [TYPE_ID] => 4
    [ENTITY_TYPE_ID] => 3
    [ENTITY_ID] => 244548
    [STREET] => Ольховская
    [BUILDING] => 23
    [POSTAL_CODE] => 
    [COUNTRY] => Россия
    [PROVINCE] => Свердловская
    [REGION] => 
    [CITY] => Екатеринбург
    [ADDRESS_2] => 
)

internalExecute:
Array
(
    [TYPE_ID] => 1
    [ENTITY_TYPE_ID] => 3
    [ENTITY_ID] => 244548
    [STREET] => Ольховская
    [BUILDING] => 23
    [POSTAL_CODE] => 
    [COUNTRY] => Россия
    [PROVINCE] => Свердловская
    [REGION] => 
    [CITY] => Екатеринбург
    [ADDRESS_2] => 
)

internalExecute:
Array
(
    [TYPE_ID] => 1
    [ENTITY_TYPE_ID] => 3
    [ENTITY_ID] => 244548
    [STREET] => Ольховская
    [BUILDING] => 23
    [POSTAL_CODE] => 
    [COUNTRY] => Россия
    [PROVINCE] => Свердловская
    [REGION] => 
    [CITY] => Екатеринбург
    [ADDRESS_2] => 
)

internalExecute:
Array
(
    [TYPE_ID] => 4
    [ENTITY_TYPE_ID] => 3
    [ENTITY_ID] => 244549
    [STREET] => Ольховская
    [BUILDING] => 23
    [POSTAL_CODE] => 
    [COUNTRY] => Россия
    [PROVINCE] => Свердловская
    [REGION] => 
    [CITY] => Екатеринбург
    [ADDRESS_2] => 
)

internalExecute:
Array
(
    [TYPE_ID] => 4
    [ENTITY_TYPE_ID] => 3
    [ENTITY_ID] => 244549
    [STREET] => Ольховская
    [BUILDING] => 23
    [POSTAL_CODE] => 
    [COUNTRY] => Россия
    [PROVINCE] => Свердловская
    [REGION] => 
    [CITY] => Екатеринбург
    [ADDRESS_2] => 
)

internalExecute:
Array
(
    [TYPE_ID] => 1
    [ENTITY_TYPE_ID] => 3
    [ENTITY_ID] => 244549
    [STREET] => Ольховская
    [BUILDING] => 23
    [POSTAL_CODE] => 
    [COUNTRY] => Россия
    [PROVINCE] => Свердловская
    [REGION] => 
    [CITY] => Екатеринбург
    [ADDRESS_2] => 
)

internalExecute:
Array
(
    [TYPE_ID] => 1
    [ENTITY_TYPE_ID] => 3
    [ENTITY_ID] => 244549
    [STREET] => Ольховская
    [BUILDING] => 23
    [POSTAL_CODE] => 
    [COUNTRY] => Россия
    [PROVINCE] => Свердловская
    [REGION] => 
    [CITY] => Екатеринбург
    [ADDRESS_2] => 
)

internalExecute:
Array
(
    [TYPE_ID] => 4
    [ENTITY_TYPE_ID] => 3
    [ENTITY_ID] => 244550
    [STREET] => Ольховская
    [BUILDING] => 23
    [POSTAL_CODE] => 
    [COUNTRY] => Россия
    [PROVINCE] => Свердловская
    [REGION] => 
    [CITY] => Екатеринбург
    [ADDRESS_2] => 
)

internalExecute:
Array
(
    [TYPE_ID] => 4
    [ENTITY_TYPE_ID] => 3
    [ENTITY_ID] => 244550
    [STREET] => Ольховская
    [BUILDING] => 23
    [POSTAL_CODE] => 
    [COUNTRY] => Россия
    [PROVINCE] => Свердловская
    [REGION] => 
    [CITY] => Екатеринбург
    [ADDRESS_2] => 
)

internalExecute:
Array
(
    [TYPE_ID] => 1
    [ENTITY_TYPE_ID] => 3
    [ENTITY_ID] => 244550
    [STREET] => Ольховская
    [BUILDING] => 23
    [POSTAL_CODE] => 
    [COUNTRY] => Россия
    [PROVINCE] => Свердловская
    [REGION] => 
    [CITY] => Екатеринбург
    [ADDRESS_2] => 
)

internalExecute:
Array
(
    [TYPE_ID] => 1
    [ENTITY_TYPE_ID] => 3
    [ENTITY_ID] => 244550
    [STREET] => Ольховская
    [BUILDING] => 23
    [POSTAL_CODE] => 
    [COUNTRY] => Россия
    [PROVINCE] => Свердловская
    [REGION] => 
    [CITY] => Екатеринбург
    [ADDRESS_2] => 
)

internalExecute:
Array
(
    [TYPE_ID] => 4
    [ENTITY_TYPE_ID] => 3
    [ENTITY_ID] => 244551
    [STREET] => Ольховская
    [BUILDING] => 23
    [POSTAL_CODE] => 
    [COUNTRY] => Россия
    [PROVINCE] => Свердловская
    [REGION] => 
    [CITY] => Екатеринбург
    [ADDRESS_2] => 
)

internalExecute:
Array
(
    [TYPE_ID] => 4
    [ENTITY_TYPE_ID] => 3
    [ENTITY_ID] => 244551
    [STREET] => Ольховская
    [BUILDING] => 23
    [POSTAL_CODE] => 
    [COUNTRY] => Россия
    [PROVINCE] => Свердловская
    [REGION] => 
    [CITY] => Екатеринбург
    [ADDRESS_2] => 
)

internalExecute:
Array
(
    [TYPE_ID] => 1
    [ENTITY_TYPE_ID] => 3
    [ENTITY_ID] => 244551
    [STREET] => Ольховская
    [BUILDING] => 23
    [POSTAL_CODE] => 
    [COUNTRY] => Россия
    [PROVINCE] => Свердловская
    [REGION] => 
    [CITY] => Екатеринбург
    [ADDRESS_2] => 
)

internalExecute:
Array
(
    [TYPE_ID] => 1
    [ENTITY_TYPE_ID] => 3
    [ENTITY_ID] => 244551
    [STREET] => Ольховская
    [BUILDING] => 23
    [POSTAL_CODE] => 
    [COUNTRY] => Россия
    [PROVINCE] => Свердловская
    [REGION] => 
    [CITY] => Екатеринбург
    [ADDRESS_2] => 
)

internalExecute:
Array
(
    [TYPE_ID] => 4
    [ENTITY_TYPE_ID] => 3
    [ENTITY_ID] => 244552
    [STREET] => Ольховская
    [BUILDING] => 23
    [POSTAL_CODE] => 
    [COUNTRY] => Россия
    [PROVINCE] => Свердловская
    [REGION] => 
    [CITY] => Екатеринбург
    [ADDRESS_2] => 
)

internalExecute:
Array
(
    [TYPE_ID] => 4
    [ENTITY_TYPE_ID] => 3
    [ENTITY_ID] => 244552
    [STREET] => Ольховская
    [BUILDING] => 23
    [POSTAL_CODE] => 
    [COUNTRY] => Россия
    [PROVINCE] => Свердловская
    [REGION] => 
    [CITY] => Екатеринбург
    [ADDRESS_2] => 
)

internalExecute:
Array
(
    [TYPE_ID] => 1
    [ENTITY_TYPE_ID] => 3
    [ENTITY_ID] => 244552
    [STREET] => Ольховская
    [BUILDING] => 23
    [POSTAL_CODE] => 
    [COUNTRY] => Россия
    [PROVINCE] => Свердловская
    [REGION] => 
    [CITY] => Екатеринбург
    [ADDRESS_2] => 
)

internalExecute:
Array
(
    [TYPE_ID] => 1
    [ENTITY_TYPE_ID] => 3
    [ENTITY_ID] => 244552
    [STREET] => Ольховская
    [BUILDING] => 23
    [POSTAL_CODE] => 
    [COUNTRY] => Россия
    [PROVINCE] => Свердловская
    [REGION] => 
    [CITY] => Екатеринбург
    [ADDRESS_2] => 
)

internalExecute:
Array
(
    [TYPE_ID] => 4
    [ENTITY_TYPE_ID] => 3
    [ENTITY_ID] => 244553
    [STREET] => Ольховская
    [BUILDING] => 23
    [POSTAL_CODE] => 
    [COUNTRY] => Россия
    [PROVINCE] => Свердловская
    [REGION] => 
    [CITY] => Екатеринбург
    [ADDRESS_2] => 
)

internalExecute:
Array
(
    [TYPE_ID] => 4
    [ENTITY_TYPE_ID] => 3
    [ENTITY_ID] => 244553
    [STREET] => Ольховская
    [BUILDING] => 23
    [POSTAL_CODE] => 
    [COUNTRY] => Россия
    [PROVINCE] => Свердловская
    [REGION] => 
    [CITY] => Екатеринбург
    [ADDRESS_2] => 
)

internalExecute:
Array
(
    [TYPE_ID] => 1
    [ENTITY_TYPE_ID] => 3
    [ENTITY_ID] => 244553
    [STREET] => Ольховская
    [BUILDING] => 23
    [POSTAL_CODE] => 
    [COUNTRY] => Россия
    [PROVINCE] => Свердловская
    [REGION] => 
    [CITY] => Екатеринбург
    [ADDRESS_2] => 
)

internalExecute:
Array
(
    [TYPE_ID] => 1
    [ENTITY_TYPE_ID] => 3
    [ENTITY_ID] => 244553
    [STREET] => Ольховская
    [BUILDING] => 23
    [POSTAL_CODE] => 
    [COUNTRY] => Россия
    [PROVINCE] => Свердловская
    [REGION] => 
    [CITY] => Екатеринбург
    [ADDRESS_2] => 
)

internalExecute:
Array
(
    [TYPE_ID] => 4
    [ENTITY_TYPE_ID] => 3
    [ENTITY_ID] => 244556
    [STREET] => Ольховская
    [BUILDING] => 23
    [POSTAL_CODE] => 
    [COUNTRY] => Россия
    [PROVINCE] => Свердловская
    [REGION] => 
    [CITY] => Екатеринбург
    [ADDRESS_2] => 
)

internalExecute:
Array
(
    [TYPE_ID] => 4
    [ENTITY_TYPE_ID] => 3
    [ENTITY_ID] => 244556
    [STREET] => Ольховская
    [BUILDING] => 23
    [POSTAL_CODE] => 
    [COUNTRY] => Россия
    [PROVINCE] => Свердловская
    [REGION] => 
    [CITY] => Екатеринбург
    [ADDRESS_2] => 
)

internalExecute:
Array
(
    [TYPE_ID] => 1
    [ENTITY_TYPE_ID] => 3
    [ENTITY_ID] => 244556
    [STREET] => Ольховская
    [BUILDING] => 23
    [POSTAL_CODE] => 
    [COUNTRY] => Россия
    [PROVINCE] => Свердловская
    [REGION] => 
    [CITY] => Екатеринбург
    [ADDRESS_2] => 
)

internalExecute:
Array
(
    [TYPE_ID] => 1
    [ENTITY_TYPE_ID] => 3
    [ENTITY_ID] => 244556
    [STREET] => Ольховская
    [BUILDING] => 23
    [POSTAL_CODE] => 
    [COUNTRY] => Россия
    [PROVINCE] => Свердловская
    [REGION] => 
    [CITY] => Екатеринбург
    [ADDRESS_2] => 
)

internalExecute:
Array
(
    [TYPE_ID] => 4
    [ENTITY_TYPE_ID] => 3
    [ENTITY_ID] => 244557
    [STREET] => Ольховская
    [BUILDING] => 23
    [POSTAL_CODE] => 
    [COUNTRY] => Россия
    [PROVINCE] => Свердловская
    [REGION] => 
    [CITY] => Екатеринбург
    [ADDRESS_2] => 
)

internalExecute:
Array
(
    [TYPE_ID] => 4
    [ENTITY_TYPE_ID] => 3
    [ENTITY_ID] => 244557
    [STREET] => Ольховская
    [BUILDING] => 23
    [POSTAL_CODE] => 
    [COUNTRY] => Россия
    [PROVINCE] => Свердловская
    [REGION] => 
    [CITY] => Екатеринбург
    [ADDRESS_2] => 
)

internalExecute:
Array
(
    [TYPE_ID] => 1
    [ENTITY_TYPE_ID] => 3
    [ENTITY_ID] => 244557
    [STREET] => Ольховская
    [BUILDING] => 23
    [POSTAL_CODE] => 
    [COUNTRY] => Россия
    [PROVINCE] => Свердловская
    [REGION] => 
    [CITY] => Екатеринбург
    [ADDRESS_2] => 
)

internalExecute:
Array
(
    [TYPE_ID] => 1
    [ENTITY_TYPE_ID] => 3
    [ENTITY_ID] => 244557
    [STREET] => Ольховская
    [BUILDING] => 23
    [POSTAL_CODE] => 
    [COUNTRY] => Россия
    [PROVINCE] => Свердловская
    [REGION] => 
    [CITY] => Екатеринбург
    [ADDRESS_2] => 
)

internalExecute:
Array
(
    [TYPE_ID] => 6
    [ENTITY_TYPE_ID] => 4
    [ENTITY_ID] => 51343
    [STREET] => Ольховская
    [BUILDING] => 23
    [POSTAL_CODE] => 
    [COUNTRY] => Россия
    [PROVINCE] => Свердловская
    [REGION] => 
    [CITY] => Екатеринбург
    [ADDRESS_2] => 
)

internalExecute:
Array
(
    [TYPE_ID] => 6
    [ENTITY_TYPE_ID] => 4
    [ENTITY_ID] => 51343
    [STREET] => Ольховская
    [BUILDING] => 23
    [POSTAL_CODE] => 
    [COUNTRY] => Россия
    [PROVINCE] => Свердловская
    [REGION] => 
    [CITY] => Екатеринбург
    [ADDRESS_2] => 
)

internalExecute:
Array
(
    [TYPE_ID] => 4
    [ENTITY_TYPE_ID] => 3
    [ENTITY_ID] => 244559
    [STREET] => Ленина
    [BUILDING] => 331
    [POSTAL_CODE] => 
    [COUNTRY] => Россия
    [PROVINCE] => Кабардино-Балкарская Республика
    [REGION] => Зольский
    [CITY] => Малка
    [ADDRESS_2] => 
)

internalExecute:
Array
(
    [TYPE_ID] => 4
    [ENTITY_TYPE_ID] => 3
    [ENTITY_ID] => 244559
    [STREET] => Ленина
    [BUILDING] => 331
    [POSTAL_CODE] => 
    [COUNTRY] => Россия
    [PROVINCE] => Кабардино-Балкарская Республика
    [REGION] => Зольский
    [CITY] => Малка
    [ADDRESS_2] => 
)

internalExecute:
Array
(
    [TYPE_ID] => 1
    [ENTITY_TYPE_ID] => 3
    [ENTITY_ID] => 244559
    [STREET] => Ленина
    [BUILDING] => 331
    [POSTAL_CODE] => 
    [COUNTRY] => Россия
    [PROVINCE] => Кабардино-Балкарская Республика
    [REGION] => Зольский
    [CITY] => Малка
    [ADDRESS_2] => 
)

internalExecute:
Array
(
    [TYPE_ID] => 1
    [ENTITY_TYPE_ID] => 3
    [ENTITY_ID] => 244559
    [STREET] => Ленина
    [BUILDING] => 331
    [POSTAL_CODE] => 
    [COUNTRY] => Россия
    [PROVINCE] => Кабардино-Балкарская Республика
    [REGION] => Зольский
    [CITY] => Малка
    [ADDRESS_2] => 
)

internalExecute:
Array
(
    [TYPE_ID] => 4
    [ENTITY_TYPE_ID] => 3
    [ENTITY_ID] => 244560
    [STREET] => Ленина
    [BUILDING] => 331
    [POSTAL_CODE] => 
    [COUNTRY] => Россия
    [PROVINCE] => Кабардино-Балкарская Республика
    [REGION] => Зольский
    [CITY] => Малка
    [ADDRESS_2] => 
)

internalExecute:
Array
(
    [TYPE_ID] => 4
    [ENTITY_TYPE_ID] => 3
    [ENTITY_ID] => 244560
    [STREET] => Ленина
    [BUILDING] => 331
    [POSTAL_CODE] => 
    [COUNTRY] => Россия
    [PROVINCE] => Кабардино-Балкарская Республика
    [REGION] => Зольский
    [CITY] => Малка
    [ADDRESS_2] => 
)

internalExecute:
Array
(
    [TYPE_ID] => 1
    [ENTITY_TYPE_ID] => 3
    [ENTITY_ID] => 244560
    [STREET] => Ленина
    [BUILDING] => 331
    [POSTAL_CODE] => 
    [COUNTRY] => Россия
    [PROVINCE] => Кабардино-Балкарская Республика
    [REGION] => Зольский
    [CITY] => Малка
    [ADDRESS_2] => 
)

internalExecute:
Array
(
    [TYPE_ID] => 1
    [ENTITY_TYPE_ID] => 3
    [ENTITY_ID] => 244560
    [STREET] => Ленина
    [BUILDING] => 331
    [POSTAL_CODE] => 
    [COUNTRY] => Россия
    [PROVINCE] => Кабардино-Балкарская Республика
    [REGION] => Зольский
    [CITY] => Малка
    [ADDRESS_2] => 
)

internalExecute:
Array
(
    [TYPE_ID] => 4
    [ENTITY_TYPE_ID] => 3
    [ENTITY_ID] => 244561
    [STREET] => Ленина
    [BUILDING] => 331
    [POSTAL_CODE] => 
    [COUNTRY] => Россия
    [PROVINCE] => Кабардино-Балкарская Республика
    [REGION] => Зольский
    [CITY] => Малка
    [ADDRESS_2] => 
)

internalExecute:
Array
(
    [TYPE_ID] => 4
    [ENTITY_TYPE_ID] => 3
    [ENTITY_ID] => 244561
    [STREET] => Ленина
    [BUILDING] => 331
    [POSTAL_CODE] => 
    [COUNTRY] => Россия
    [PROVINCE] => Кабардино-Балкарская Республика
    [REGION] => Зольский
    [CITY] => Малка
    [ADDRESS_2] => 
)

internalExecute:
Array
(
    [TYPE_ID] => 1
    [ENTITY_TYPE_ID] => 3
    [ENTITY_ID] => 244561
    [STREET] => Ленина
    [BUILDING] => 331
    [POSTAL_CODE] => 
    [COUNTRY] => Россия
    [PROVINCE] => Кабардино-Балкарская Республика
    [REGION] => Зольский
    [CITY] => Малка
    [ADDRESS_2] => 
)

internalExecute:
Array
(
    [TYPE_ID] => 1
    [ENTITY_TYPE_ID] => 3
    [ENTITY_ID] => 244561
    [STREET] => Ленина
    [BUILDING] => 331
    [POSTAL_CODE] => 
    [COUNTRY] => Россия
    [PROVINCE] => Кабардино-Балкарская Республика
    [REGION] => Зольский
    [CITY] => Малка
    [ADDRESS_2] => 
)

internalExecute:
Array
(
    [TYPE_ID] => 4
    [ENTITY_TYPE_ID] => 3
    [ENTITY_ID] => 244565
    [STREET] => Колхозная
    [BUILDING] => 72
    [POSTAL_CODE] => 653000
    [COUNTRY] => Россия
    [PROVINCE] => Кемеровская область
    [REGION] => 
    [CITY] => Прокопьевск
    [ADDRESS_2] => 
)

internalExecute:
Array
(
    [TYPE_ID] => 4
    [ENTITY_TYPE_ID] => 3
    [ENTITY_ID] => 244565
    [STREET] => Колхозная
    [BUILDING] => 72
    [POSTAL_CODE] => 653000
    [COUNTRY] => Россия
    [PROVINCE] => Кемеровская область
    [REGION] => 
    [CITY] => Прокопьевск
    [ADDRESS_2] => 
)

internalExecute:
Array
(
    [TYPE_ID] => 1
    [ENTITY_TYPE_ID] => 3
    [ENTITY_ID] => 244565
    [STREET] => Пригородная
    [BUILDING] => 50
    [POSTAL_CODE] => 653000
    [COUNTRY] => Россия
    [PROVINCE] => Кемеровская область
    [REGION] => 
    [CITY] => Прокопьевск
    [ADDRESS_2] => 
)

internalExecute:
Array
(
    [TYPE_ID] => 1
    [ENTITY_TYPE_ID] => 3
    [ENTITY_ID] => 244565
    [STREET] => Пригородная
    [BUILDING] => 50
    [POSTAL_CODE] => 653000
    [COUNTRY] => Россия
    [PROVINCE] => Кемеровская область
    [REGION] => 
    [CITY] => Прокопьевск
    [ADDRESS_2] => 
)

internalExecute:
Array
(
    [TYPE_ID] => 4
    [ENTITY_TYPE_ID] => 3
    [ENTITY_ID] => 244566
    [STREET] => Пригородная
    [BUILDING] => 50
    [POSTAL_CODE] => 653000
    [COUNTRY] => Россия
    [PROVINCE] => Кемеровская область
    [REGION] => 
    [CITY] => Прокопьевск
    [ADDRESS_2] => 
)

internalExecute:
Array
(
    [TYPE_ID] => 4
    [ENTITY_TYPE_ID] => 3
    [ENTITY_ID] => 244566
    [STREET] => Пригородная
    [BUILDING] => 50
    [POSTAL_CODE] => 653000
    [COUNTRY] => Россия
    [PROVINCE] => Кемеровская область
    [REGION] => 
    [CITY] => Прокопьевск
    [ADDRESS_2] => 
)

internalExecute:
Array
(
    [TYPE_ID] => 4
    [ENTITY_TYPE_ID] => 3
    [ENTITY_ID] => 244575
    [STREET] => Лакина
    [BUILDING] => 36
    [POSTAL_CODE] => 
    [COUNTRY] => Россия
    [PROVINCE] => Владимирская область
    [REGION] => 
    [CITY] => город Муром
    [ADDRESS_2] => 10
)

internalExecute:
Array
(
    [TYPE_ID] => 4
    [ENTITY_TYPE_ID] => 3
    [ENTITY_ID] => 244575
    [STREET] => Лакина
    [BUILDING] => 36
    [POSTAL_CODE] => 
    [COUNTRY] => Россия
    [PROVINCE] => Владимирская область
    [REGION] => 
    [CITY] => город Муром
    [ADDRESS_2] => 10
)

internalExecute:
Array
(
    [TYPE_ID] => 1
    [ENTITY_TYPE_ID] => 3
    [ENTITY_ID] => 244575
    [STREET] => Лакина
    [BUILDING] => 36
    [POSTAL_CODE] => 
    [COUNTRY] => Россия
    [PROVINCE] => Владимирская область
    [REGION] => 
    [CITY] => город Муром
    [ADDRESS_2] => 10
)

internalExecute:
Array
(
    [TYPE_ID] => 1
    [ENTITY_TYPE_ID] => 3
    [ENTITY_ID] => 244575
    [STREET] => Лакина
    [BUILDING] => 36
    [POSTAL_CODE] => 
    [COUNTRY] => Россия
    [PROVINCE] => Владимирская область
    [REGION] => 
    [CITY] => город Муром
    [ADDRESS_2] => 10
)

internalExecute:
Array
(
    [TYPE_ID] => 4
    [ENTITY_TYPE_ID] => 3
    [ENTITY_ID] => 244576
    [STREET] => Лакина
    [BUILDING] => 36
    [POSTAL_CODE] => 
    [COUNTRY] => Россия
    [PROVINCE] => Владимирская область 
    [REGION] => 
    [CITY] => город Муром
    [ADDRESS_2] => 10
)

internalExecute:
Array
(
    [TYPE_ID] => 4
    [ENTITY_TYPE_ID] => 3
    [ENTITY_ID] => 244576
    [STREET] => Лакина
    [BUILDING] => 36
    [POSTAL_CODE] => 
    [COUNTRY] => Россия
    [PROVINCE] => Владимирская область 
    [REGION] => 
    [CITY] => город Муром
    [ADDRESS_2] => 10
)

internalExecute:
Array
(
    [TYPE_ID] => 4
    [ENTITY_TYPE_ID] => 3
    [ENTITY_ID] => 244580
    [STREET] => Ольховская
    [BUILDING] => 23
    [POSTAL_CODE] => 
    [COUNTRY] => Россия
    [PROVINCE] => Свердловская
    [REGION] => 
    [CITY] => Екатеринбург
    [ADDRESS_2] => 
)

internalExecute:
Array
(
    [TYPE_ID] => 4
    [ENTITY_TYPE_ID] => 3
    [ENTITY_ID] => 244580
    [STREET] => Ольховская
    [BUILDING] => 23
    [POSTAL_CODE] => 
    [COUNTRY] => Россия
    [PROVINCE] => Свердловская
    [REGION] => 
    [CITY] => Екатеринбург
    [ADDRESS_2] => 
)

internalExecute:
Array
(
    [TYPE_ID] => 1
    [ENTITY_TYPE_ID] => 3
    [ENTITY_ID] => 244580
    [STREET] => Ольховская
    [BUILDING] => 23
    [POSTAL_CODE] => 
    [COUNTRY] => Россия
    [PROVINCE] => Свердловская
    [REGION] => 
    [CITY] => Екатеринбург
    [ADDRESS_2] => 
)

internalExecute:
Array
(
    [TYPE_ID] => 1
    [ENTITY_TYPE_ID] => 3
    [ENTITY_ID] => 244580
    [STREET] => Ольховская
    [BUILDING] => 23
    [POSTAL_CODE] => 
    [COUNTRY] => Россия
    [PROVINCE] => Свердловская
    [REGION] => 
    [CITY] => Екатеринбург
    [ADDRESS_2] => 
)

internalExecute:
Array
(
    [TYPE_ID] => 4
    [ENTITY_TYPE_ID] => 3
    [ENTITY_ID] => 244588
    [STREET] => Комсомольская
    [BUILDING] => 9
    [POSTAL_CODE] => 668117
    [COUNTRY] => Россия
    [PROVINCE] => Республика Тыва
    [REGION] => Дзун-Хемчикский район
    [CITY] => с. Теве-Хая
    [ADDRESS_2] => 2
)

internalExecute:
Array
(
    [TYPE_ID] => 4
    [ENTITY_TYPE_ID] => 3
    [ENTITY_ID] => 244588
    [STREET] => Комсомольская
    [BUILDING] => 9
    [POSTAL_CODE] => 668117
    [COUNTRY] => Россия
    [PROVINCE] => Республика Тыва
    [REGION] => Дзун-Хемчикский район
    [CITY] => с. Теве-Хая
    [ADDRESS_2] => 2
)

internalExecute:
Array
(
    [TYPE_ID] => 1
    [ENTITY_TYPE_ID] => 3
    [ENTITY_ID] => 244588
    [STREET] => Комсомольская
    [BUILDING] => 9
    [POSTAL_CODE] => 668117
    [COUNTRY] => Россия
    [PROVINCE] => Республика Тыва
    [REGION] => Дзун-Хемчикский район
    [CITY] => с. Теве-Хая
    [ADDRESS_2] => 2
)

internalExecute:
Array
(
    [TYPE_ID] => 1
    [ENTITY_TYPE_ID] => 3
    [ENTITY_ID] => 244588
    [STREET] => Комсомольская
    [BUILDING] => 9
    [POSTAL_CODE] => 668117
    [COUNTRY] => Россия
    [PROVINCE] => Республика Тыва
    [REGION] => Дзун-Хемчикский район
    [CITY] => с. Теве-Хая
    [ADDRESS_2] => 2
)

internalExecute:
Array
(
    [TYPE_ID] => 4
    [ENTITY_TYPE_ID] => 3
    [ENTITY_ID] => 244589
    [STREET] => Комсомольская
    [BUILDING] => 9
    [POSTAL_CODE] => 668117
    [COUNTRY] => Россия
    [PROVINCE] => Республика Тыва
    [REGION] => Дзун-Хемчикский район
    [CITY] => с. Теве-Хая
    [ADDRESS_2] => 2
)

internalExecute:
Array
(
    [TYPE_ID] => 4
    [ENTITY_TYPE_ID] => 3
    [ENTITY_ID] => 244589
    [STREET] => Комсомольская
    [BUILDING] => 9
    [POSTAL_CODE] => 668117
    [COUNTRY] => Россия
    [PROVINCE] => Республика Тыва
    [REGION] => Дзун-Хемчикский район
    [CITY] => с. Теве-Хая
    [ADDRESS_2] => 2
)

internalExecute:
Array
(
    [TYPE_ID] => 1
    [ENTITY_TYPE_ID] => 3
    [ENTITY_ID] => 244589
    [STREET] => Комсомольская
    [BUILDING] => 9
    [POSTAL_CODE] => 668117
    [COUNTRY] => Россия
    [PROVINCE] => Республика Тыва
    [REGION] => Дзун-Хемчикский район
    [CITY] => с. Теве-Хая
    [ADDRESS_2] => 2
)

internalExecute:
Array
(
    [TYPE_ID] => 1
    [ENTITY_TYPE_ID] => 3
    [ENTITY_ID] => 244589
    [STREET] => Комсомольская
    [BUILDING] => 9
    [POSTAL_CODE] => 668117
    [COUNTRY] => Россия
    [PROVINCE] => Республика Тыва
    [REGION] => Дзун-Хемчикский район
    [CITY] => с. Теве-Хая
    [ADDRESS_2] => 2
)

internalExecute:
Array
(
    [TYPE_ID] => 4
    [ENTITY_TYPE_ID] => 3
    [ENTITY_ID] => 244590
    [STREET] => Ондар Лопсан
    [BUILDING] => 43
    [POSTAL_CODE] => 668150
    [COUNTRY] => Россия
    [PROVINCE] => Республика Тыва
    [REGION] => Сут-Хольский район
    [CITY] => с. Суг-Аксы
    [ADDRESS_2] => 2
)

internalExecute:
Array
(
    [TYPE_ID] => 4
    [ENTITY_TYPE_ID] => 3
    [ENTITY_ID] => 244590
    [STREET] => Ондар Лопсан
    [BUILDING] => 43
    [POSTAL_CODE] => 668150
    [COUNTRY] => Россия
    [PROVINCE] => Республика Тыва
    [REGION] => Сут-Хольский район
    [CITY] => с. Суг-Аксы
    [ADDRESS_2] => 2
)

internalExecute:
Array
(
    [TYPE_ID] => 4
    [ENTITY_TYPE_ID] => 3
    [ENTITY_ID] => 244591
    [STREET] => тер. СНТ Солнечная Поляна, ул. Солнечная
    [BUILDING] => 34
    [POSTAL_CODE] => 667000
    [COUNTRY] => Россия
    [PROVINCE] => Республика Тыва
    [REGION] => 
    [CITY] => г. Кызыл
    [ADDRESS_2] => 
)

internalExecute:
Array
(
    [TYPE_ID] => 4
    [ENTITY_TYPE_ID] => 3
    [ENTITY_ID] => 244591
    [STREET] => тер. СНТ Солнечная Поляна, ул. Солнечная
    [BUILDING] => 34
    [POSTAL_CODE] => 667000
    [COUNTRY] => Россия
    [PROVINCE] => Республика Тыва
    [REGION] => 
    [CITY] => г. Кызыл
    [ADDRESS_2] => 
)

internalExecute:
Array
(
    [TYPE_ID] => 4
    [ENTITY_TYPE_ID] => 3
    [ENTITY_ID] => 244593
    [STREET] => Алдан-Маадырская
    [BUILDING] => 51
    [POSTAL_CODE] => 668150
    [COUNTRY] => Россия
    [PROVINCE] => Республика Тыва
    [REGION] => Сут-Хольский район
    [CITY] => с. Суг-Аксы
    [ADDRESS_2] => 3
)

internalExecute:
Array
(
    [TYPE_ID] => 4
    [ENTITY_TYPE_ID] => 3
    [ENTITY_ID] => 244593
    [STREET] => Алдан-Маадырская
    [BUILDING] => 51
    [POSTAL_CODE] => 668150
    [COUNTRY] => Россия
    [PROVINCE] => Республика Тыва
    [REGION] => Сут-Хольский район
    [CITY] => с. Суг-Аксы
    [ADDRESS_2] => 3
)

internalExecute:
Array
(
    [TYPE_ID] => 1
    [ENTITY_TYPE_ID] => 3
    [ENTITY_ID] => 244593
    [STREET] => Алдан-Маадырская
    [BUILDING] => 51
    [POSTAL_CODE] => 668150
    [COUNTRY] => Россия
    [PROVINCE] => Республика Тыва
    [REGION] => Сут-Хольский район
    [CITY] => с. Суг-Аксы
    [ADDRESS_2] => 3
)

internalExecute:
Array
(
    [TYPE_ID] => 1
    [ENTITY_TYPE_ID] => 3
    [ENTITY_ID] => 244593
    [STREET] => Алдан-Маадырская
    [BUILDING] => 51
    [POSTAL_CODE] => 668150
    [COUNTRY] => Россия
    [PROVINCE] => Республика Тыва
    [REGION] => Сут-Хольский район
    [CITY] => с. Суг-Аксы
    [ADDRESS_2] => 3
)

internalExecute:
Array
(
    [TYPE_ID] => 4
    [ENTITY_TYPE_ID] => 3
    [ENTITY_ID] => 244594
    [STREET] => ул. Алдан-Маадырская
    [BUILDING] => 51
    [POSTAL_CODE] => 668150
    [COUNTRY] => Россия
    [PROVINCE] => Республика Тыва
    [REGION] => Сут-Хольский район
    [CITY] => с. Суг-Аксы
    [ADDRESS_2] => 3
)

internalExecute:
Array
(
    [TYPE_ID] => 4
    [ENTITY_TYPE_ID] => 3
    [ENTITY_ID] => 244594
    [STREET] => ул. Алдан-Маадырская
    [BUILDING] => 51
    [POSTAL_CODE] => 668150
    [COUNTRY] => Россия
    [PROVINCE] => Республика Тыва
    [REGION] => Сут-Хольский район
    [CITY] => с. Суг-Аксы
    [ADDRESS_2] => 3
)

internalExecute:
Array
(
    [TYPE_ID] => 4
    [ENTITY_TYPE_ID] => 3
    [ENTITY_ID] => 244595
    [STREET] => 
    [BUILDING] => 
    [POSTAL_CODE] => 
    [COUNTRY] => Россия
    [PROVINCE] => 
    [REGION] => 
    [CITY] => 
    [ADDRESS_2] => 
)

internalExecute:
Array
(
    [TYPE_ID] => 4
    [ENTITY_TYPE_ID] => 3
    [ENTITY_ID] => 244595
    [STREET] => 
    [BUILDING] => 
    [POSTAL_CODE] => 
    [COUNTRY] => Россия
    [PROVINCE] => 
    [REGION] => 
    [CITY] => 
    [ADDRESS_2] => 
)

internalExecute:
Array
(
    [TYPE_ID] => 1
    [ENTITY_TYPE_ID] => 3
    [ENTITY_ID] => 244595
    [STREET] => 
    [BUILDING] => 
    [POSTAL_CODE] => 
    [COUNTRY] => Россия
    [PROVINCE] => 
    [REGION] => 
    [CITY] => 
    [ADDRESS_2] => 
)

internalExecute:
Array
(
    [TYPE_ID] => 1
    [ENTITY_TYPE_ID] => 3
    [ENTITY_ID] => 244595
    [STREET] => 
    [BUILDING] => 
    [POSTAL_CODE] => 
    [COUNTRY] => Россия
    [PROVINCE] => 
    [REGION] => 
    [CITY] => 
    [ADDRESS_2] => 
)

internalExecute:
Array
(
    [TYPE_ID] => 4
    [ENTITY_TYPE_ID] => 3
    [ENTITY_ID] => 244597
    [STREET] => Ударников 
    [BUILDING] => 30
    [POSTAL_CODE] => 214039
    [COUNTRY] => Россия
    [PROVINCE] => Смоленская область
    [REGION] => 
    [CITY] => г. Смоленск
    [ADDRESS_2] => 97
)

internalExecute:
Array
(
    [TYPE_ID] => 4
    [ENTITY_TYPE_ID] => 3
    [ENTITY_ID] => 244597
    [STREET] => Ударников 
    [BUILDING] => 30
    [POSTAL_CODE] => 214039
    [COUNTRY] => Россия
    [PROVINCE] => Смоленская область
    [REGION] => 
    [CITY] => г. Смоленск
    [ADDRESS_2] => 97
)

internalExecute:
Array
(
    [TYPE_ID] => 1
    [ENTITY_TYPE_ID] => 3
    [ENTITY_ID] => 244597
    [STREET] => проспект Гагарина
    [BUILDING] => 43-В
    [POSTAL_CODE] => 214018
    [COUNTRY] => Россия
    [PROVINCE] => Смоленская область
    [REGION] => 
    [CITY] => г. Смоленск
    [ADDRESS_2] => 145
)

internalExecute:
Array
(
    [TYPE_ID] => 1
    [ENTITY_TYPE_ID] => 3
    [ENTITY_ID] => 244597
    [STREET] => проспект Гагарина
    [BUILDING] => 43-В
    [POSTAL_CODE] => 214018
    [COUNTRY] => Россия
    [PROVINCE] => Смоленская область
    [REGION] => 
    [CITY] => г. Смоленск
    [ADDRESS_2] => 145
)

internalExecute:
Array
(
    [TYPE_ID] => 4
    [ENTITY_TYPE_ID] => 3
    [ENTITY_ID] => 244598
    [STREET] => Красный ручей
    [BUILDING] => 17
    [POSTAL_CODE] => 214000
    [COUNTRY] => Россия
    [PROVINCE] => Смоленская область
    [REGION] => 
    [CITY] => г. Смоленск
    [ADDRESS_2] => 
)

internalExecute:
Array
(
    [TYPE_ID] => 4
    [ENTITY_TYPE_ID] => 3
    [ENTITY_ID] => 244598
    [STREET] => Красный ручей
    [BUILDING] => 17
    [POSTAL_CODE] => 214000
    [COUNTRY] => Россия
    [PROVINCE] => Смоленская область
    [REGION] => 
    [CITY] => г. Смоленск
    [ADDRESS_2] => 
)

internalExecute:
Array
(
    [TYPE_ID] => 1
    [ENTITY_TYPE_ID] => 3
    [ENTITY_ID] => 244598
    [STREET] => Черняховского
    [BUILDING] => 16
    [POSTAL_CODE] => 214013
    [COUNTRY] => Россия
    [PROVINCE] => Смоленская область
    [REGION] => 
    [CITY] => Смоленск
    [ADDRESS_2] => 5
)

internalExecute:
Array
(
    [TYPE_ID] => 1
    [ENTITY_TYPE_ID] => 3
    [ENTITY_ID] => 244598
    [STREET] => Черняховского
    [BUILDING] => 16
    [POSTAL_CODE] => 214013
    [COUNTRY] => Россия
    [PROVINCE] => Смоленская область
    [REGION] => 
    [CITY] => Смоленск
    [ADDRESS_2] => 5
)

internalExecute:
Array
(
    [TYPE_ID] => 4
    [ENTITY_TYPE_ID] => 3
    [ENTITY_ID] => 244599
    [STREET] => Перекопная
    [BUILDING] => 21
    [POSTAL_CODE] => 214000
    [COUNTRY] => Россия
    [PROVINCE] => Смоленская область
    [REGION] => 
    [CITY] => гор. Смоленск
    [ADDRESS_2] => 2
)

internalExecute:
Array
(
    [TYPE_ID] => 4
    [ENTITY_TYPE_ID] => 3
    [ENTITY_ID] => 244599
    [STREET] => Перекопная
    [BUILDING] => 21
    [POSTAL_CODE] => 214000
    [COUNTRY] => Россия
    [PROVINCE] => Смоленская область
    [REGION] => 
    [CITY] => гор. Смоленск
    [ADDRESS_2] => 2
)

internalExecute:
Array
(
    [TYPE_ID] => 1
    [ENTITY_TYPE_ID] => 4
    [ENTITY_ID] => 51364
    [STREET] =>  
    [BUILDING] => 
    [POSTAL_CODE] => 
    [COUNTRY] => 
    [PROVINCE] => Республика Дагестан
    [REGION] => 
    [CITY] => с. Бабаюрт
    [ADDRESS_2] => 
)

internalExecute:
Array
(
    [TYPE_ID] => 1
    [ENTITY_TYPE_ID] => 4
    [ENTITY_ID] => 51364
    [STREET] =>  
    [BUILDING] => 
    [POSTAL_CODE] => 
    [COUNTRY] => 
    [PROVINCE] => Республика Дагестан
    [REGION] => 
    [CITY] => с. Бабаюрт
    [ADDRESS_2] => 
)

internalExecute:
Array
(
    [TYPE_ID] => 1
    [ENTITY_TYPE_ID] => 4
    [ENTITY_ID] => 51365
    [STREET] => Ул. Свердлова
    [BUILDING] => д. 12
    [POSTAL_CODE] => 
    [COUNTRY] => 
    [PROVINCE] => Республика Бурятия
    [REGION] => 
    [CITY] => г. Улан-Удэ
    [ADDRESS_2] => 2
)

internalExecute:
Array
(
    [TYPE_ID] => 1
    [ENTITY_TYPE_ID] => 4
    [ENTITY_ID] => 51365
    [STREET] => Ул. Свердлова
    [BUILDING] => д. 12
    [POSTAL_CODE] => 
    [COUNTRY] => 
    [PROVINCE] => Республика Бурятия
    [REGION] => 
    [CITY] => г. Улан-Удэ
    [ADDRESS_2] => 2
)

internalExecute:
Array
(
    [TYPE_ID] => 1
    [ENTITY_TYPE_ID] => 4
    [ENTITY_ID] => 51366
    [STREET] => Ул. Куйбышева
    [BUILDING] => 37
    [POSTAL_CODE] => 
    [COUNTRY] => 
    [PROVINCE] => Край Пермский
    [REGION] => 
    [CITY] => г. Пермь
    [ADDRESS_2] => 347
)

internalExecute:
Array
(
    [TYPE_ID] => 1
    [ENTITY_TYPE_ID] => 4
    [ENTITY_ID] => 51366
    [STREET] => Ул. Куйбышева
    [BUILDING] => 37
    [POSTAL_CODE] => 
    [COUNTRY] => 
    [PROVINCE] => Край Пермский
    [REGION] => 
    [CITY] => г. Пермь
    [ADDRESS_2] => 347
)

internalExecute:
Array
(
    [TYPE_ID] => 4
    [ENTITY_TYPE_ID] => 3
    [ENTITY_ID] => 244609
    [STREET] => Ленина
    [BUILDING] => 48
    [POSTAL_CODE] => 
    [COUNTRY] => Россия
    [PROVINCE] => Свердловская
    [REGION] => 
    [CITY] => Екатеринбург
    [ADDRESS_2] => 
)

internalExecute:
Array
(
    [TYPE_ID] => 4
    [ENTITY_TYPE_ID] => 3
    [ENTITY_ID] => 244609
    [STREET] => Ленина
    [BUILDING] => 48
    [POSTAL_CODE] => 
    [COUNTRY] => Россия
    [PROVINCE] => Свердловская
    [REGION] => 
    [CITY] => Екатеринбург
    [ADDRESS_2] => 
)

internalExecute:
Array
(
    [TYPE_ID] => 1
    [ENTITY_TYPE_ID] => 3
    [ENTITY_ID] => 244609
    [STREET] => Ленина
    [BUILDING] => 48
    [POSTAL_CODE] => 
    [COUNTRY] => Россия
    [PROVINCE] => Свердловская
    [REGION] => 
    [CITY] => Екатеринбург
    [ADDRESS_2] => 
)

internalExecute:
Array
(
    [TYPE_ID] => 1
    [ENTITY_TYPE_ID] => 3
    [ENTITY_ID] => 244609
    [STREET] => Ленина
    [BUILDING] => 48
    [POSTAL_CODE] => 
    [COUNTRY] => Россия
    [PROVINCE] => Свердловская
    [REGION] => 
    [CITY] => Екатеринбург
    [ADDRESS_2] => 
)

internalExecute:
Array
(
    [TYPE_ID] => 4
    [ENTITY_TYPE_ID] => 3
    [ENTITY_ID] => 244610
    [STREET] => Грибная
    [BUILDING] => 3 "А"
    [POSTAL_CODE] => 670014
    [COUNTRY] => Россия
    [PROVINCE] => Республика Бурятия
    [REGION] => 
    [CITY] => г. Улан-Удэ
    [ADDRESS_2] => 
)

internalExecute:
Array
(
    [TYPE_ID] => 4
    [ENTITY_TYPE_ID] => 3
    [ENTITY_ID] => 244610
    [STREET] => Грибная
    [BUILDING] => 3 "А"
    [POSTAL_CODE] => 670014
    [COUNTRY] => Россия
    [PROVINCE] => Республика Бурятия
    [REGION] => 
    [CITY] => г. Улан-Удэ
    [ADDRESS_2] => 
)

internalExecute:
Array
(
    [TYPE_ID] => 1
    [ENTITY_TYPE_ID] => 3
    [ENTITY_ID] => 244610
    [STREET] => Грибная
    [BUILDING] => 3 "А"
    [POSTAL_CODE] => 670014
    [COUNTRY] => Россия
    [PROVINCE] => Республика Бурятия
    [REGION] => 
    [CITY] => г. Улан-Удэ
    [ADDRESS_2] => 
)

internalExecute:
Array
(
    [TYPE_ID] => 1
    [ENTITY_TYPE_ID] => 3
    [ENTITY_ID] => 244610
    [STREET] => Грибная
    [BUILDING] => 3 "А"
    [POSTAL_CODE] => 670014
    [COUNTRY] => Россия
    [PROVINCE] => Республика Бурятия
    [REGION] => 
    [CITY] => г. Улан-Удэ
    [ADDRESS_2] => 
)

internalExecute:
Array
(
    [TYPE_ID] => 4
    [ENTITY_TYPE_ID] => 3
    [ENTITY_ID] => 244611
    [STREET] => Северная
    [BUILDING] => 67
    [POSTAL_CODE] => 670047
    [COUNTRY] => Россия
    [PROVINCE] => Республика Бурятия
    [REGION] => 
    [CITY] => г. Улан-Удэ
    [ADDRESS_2] => 1
)

internalExecute:
Array
(
    [TYPE_ID] => 4
    [ENTITY_TYPE_ID] => 3
    [ENTITY_ID] => 244611
    [STREET] => Северная
    [BUILDING] => 67
    [POSTAL_CODE] => 670047
    [COUNTRY] => Россия
    [PROVINCE] => Республика Бурятия
    [REGION] => 
    [CITY] => г. Улан-Удэ
    [ADDRESS_2] => 1
)

internalExecute:
Array
(
    [TYPE_ID] => 4
    [ENTITY_TYPE_ID] => 3
    [ENTITY_ID] => 244612
    [STREET] => Северная
    [BUILDING] => 67
    [POSTAL_CODE] => 670047
    [COUNTRY] => Россия
    [PROVINCE] => Республика Бурятия
    [REGION] => 
    [CITY] => г. Улан-Удэ
    [ADDRESS_2] => 1
)

internalExecute:
Array
(
    [TYPE_ID] => 4
    [ENTITY_TYPE_ID] => 3
    [ENTITY_ID] => 244612
    [STREET] => Северная
    [BUILDING] => 67
    [POSTAL_CODE] => 670047
    [COUNTRY] => Россия
    [PROVINCE] => Республика Бурятия
    [REGION] => 
    [CITY] => г. Улан-Удэ
    [ADDRESS_2] => 1
)

internalExecute:
Array
(
    [TYPE_ID] => 4
    [ENTITY_TYPE_ID] => 3
    [ENTITY_ID] => 244615
    [STREET] => Ленина
    [BUILDING] => 48
    [POSTAL_CODE] => 
    [COUNTRY] => Россия
    [PROVINCE] => Свердловская
    [REGION] => 
    [CITY] => Екатеринбург
    [ADDRESS_2] => 
)

internalExecute:
Array
(
    [TYPE_ID] => 4
    [ENTITY_TYPE_ID] => 3
    [ENTITY_ID] => 244615
    [STREET] => Ленина
    [BUILDING] => 48
    [POSTAL_CODE] => 
    [COUNTRY] => Россия
    [PROVINCE] => Свердловская
    [REGION] => 
    [CITY] => Екатеринбург
    [ADDRESS_2] => 
)

internalExecute:
Array
(
    [TYPE_ID] => 1
    [ENTITY_TYPE_ID] => 3
    [ENTITY_ID] => 244615
    [STREET] => Ленина
    [BUILDING] => 48
    [POSTAL_CODE] => 
    [COUNTRY] => Россия
    [PROVINCE] => Свердловская
    [REGION] => 
    [CITY] => Екатеринбург
    [ADDRESS_2] => 
)

internalExecute:
Array
(
    [TYPE_ID] => 1
    [ENTITY_TYPE_ID] => 3
    [ENTITY_ID] => 244615
    [STREET] => Ленина
    [BUILDING] => 48
    [POSTAL_CODE] => 
    [COUNTRY] => Россия
    [PROVINCE] => Свердловская
    [REGION] => 
    [CITY] => Екатеринбург
    [ADDRESS_2] => 
)

internalExecute:
Array
(
    [TYPE_ID] => 4
    [ENTITY_TYPE_ID] => 3
    [ENTITY_ID] => 244619
    [STREET] => Пирогова
    [BUILDING] => 2/2
    [POSTAL_CODE] => 
    [COUNTRY] => Россия
    [PROVINCE] => Кемеровская обл
    [REGION] => 
    [CITY] => Ленинск-Кузнецкий
    [ADDRESS_2] => 7
)

internalExecute:
Array
(
    [TYPE_ID] => 4
    [ENTITY_TYPE_ID] => 3
    [ENTITY_ID] => 244619
    [STREET] => Пирогова
    [BUILDING] => 2/2
    [POSTAL_CODE] => 
    [COUNTRY] => Россия
    [PROVINCE] => Кемеровская обл
    [REGION] => 
    [CITY] => Ленинск-Кузнецкий
    [ADDRESS_2] => 7
)

internalExecute:
Array
(
    [TYPE_ID] => 1
    [ENTITY_TYPE_ID] => 3
    [ENTITY_ID] => 244619
    [STREET] => Пирогова
    [BUILDING] => 2/2
    [POSTAL_CODE] => 
    [COUNTRY] => Россия
    [PROVINCE] => Кемеровская обл
    [REGION] => 
    [CITY] => Ленинск-Кузнецкий
    [ADDRESS_2] => 7
)

internalExecute:
Array
(
    [TYPE_ID] => 1
    [ENTITY_TYPE_ID] => 3
    [ENTITY_ID] => 244619
    [STREET] => Пирогова
    [BUILDING] => 2/2
    [POSTAL_CODE] => 
    [COUNTRY] => Россия
    [PROVINCE] => Кемеровская обл
    [REGION] => 
    [CITY] => Ленинск-Кузнецкий
    [ADDRESS_2] => 7
)

internalExecute:
Array
(
    [TYPE_ID] => 4
    [ENTITY_TYPE_ID] => 3
    [ENTITY_ID] => 244631
    [STREET] => Ольховская 
    [BUILDING] => 23
    [POSTAL_CODE] => 
    [COUNTRY] => Россия
    [PROVINCE] => Свердловская
    [REGION] => 
    [CITY] => Екатеринбург
    [ADDRESS_2] => 10
)

internalExecute:
Array
(
    [TYPE_ID] => 4
    [ENTITY_TYPE_ID] => 3
    [ENTITY_ID] => 244631
    [STREET] => Ольховская 
    [BUILDING] => 23
    [POSTAL_CODE] => 
    [COUNTRY] => Россия
    [PROVINCE] => Свердловская
    [REGION] => 
    [CITY] => Екатеринбург
    [ADDRESS_2] => 10
)

internalExecute:
Array
(
    [TYPE_ID] => 1
    [ENTITY_TYPE_ID] => 3
    [ENTITY_ID] => 244631
    [STREET] => Ольховская 
    [BUILDING] => 23
    [POSTAL_CODE] => 
    [COUNTRY] => Россия
    [PROVINCE] => Свердловская
    [REGION] => 
    [CITY] => Екатеринбург
    [ADDRESS_2] => 10
)

internalExecute:
Array
(
    [TYPE_ID] => 1
    [ENTITY_TYPE_ID] => 3
    [ENTITY_ID] => 244631
    [STREET] => Ольховская 
    [BUILDING] => 23
    [POSTAL_CODE] => 
    [COUNTRY] => Россия
    [PROVINCE] => Свердловская
    [REGION] => 
    [CITY] => Екатеринбург
    [ADDRESS_2] => 10
)

internalExecute:
Array
(
    [TYPE_ID] => 6
    [ENTITY_TYPE_ID] => 4
    [ENTITY_ID] => 51441
    [STREET] => Ольховская 
    [BUILDING] => 23
    [POSTAL_CODE] => 620141
    [COUNTRY] => Россия
    [PROVINCE] => Свердловская обл
    [REGION] => 
    [CITY] => Екатеринбург
    [ADDRESS_2] => 10
)

internalExecute:
Array
(
    [TYPE_ID] => 6
    [ENTITY_TYPE_ID] => 4
    [ENTITY_ID] => 51441
    [STREET] => Ольховская 
    [BUILDING] => 23
    [POSTAL_CODE] => 620141
    [COUNTRY] => Россия
    [PROVINCE] => Свердловская обл
    [REGION] => 
    [CITY] => Екатеринбург
    [ADDRESS_2] => 10
)

internalExecute:
Array
(
    [TYPE_ID] => 4
    [ENTITY_TYPE_ID] => 3
    [ENTITY_ID] => 244632
    [STREET] => Ленина
    [BUILDING] => 48
    [POSTAL_CODE] => 
    [COUNTRY] => Россия
    [PROVINCE] => Свердловская область 
    [REGION] => 
    [CITY] => Екатеринбург 
    [ADDRESS_2] => 
)

internalExecute:
Array
(
    [TYPE_ID] => 4
    [ENTITY_TYPE_ID] => 3
    [ENTITY_ID] => 244632
    [STREET] => Ленина
    [BUILDING] => 48
    [POSTAL_CODE] => 
    [COUNTRY] => Россия
    [PROVINCE] => Свердловская область 
    [REGION] => 
    [CITY] => Екатеринбург 
    [ADDRESS_2] => 
)

internalExecute:
Array
(
    [TYPE_ID] => 1
    [ENTITY_TYPE_ID] => 3
    [ENTITY_ID] => 244632
    [STREET] => Ленина
    [BUILDING] => 48
    [POSTAL_CODE] => 
    [COUNTRY] => Россия
    [PROVINCE] => Свердловская область 
    [REGION] => 
    [CITY] => Екатеринбург 
    [ADDRESS_2] => 
)

internalExecute:
Array
(
    [TYPE_ID] => 1
    [ENTITY_TYPE_ID] => 3
    [ENTITY_ID] => 244632
    [STREET] => Ленина
    [BUILDING] => 48
    [POSTAL_CODE] => 
    [COUNTRY] => Россия
    [PROVINCE] => Свердловская область 
    [REGION] => 
    [CITY] => Екатеринбург 
    [ADDRESS_2] => 
)

internalExecute:
Array
(
    [TYPE_ID] => 1
    [ENTITY_TYPE_ID] => 4
    [ENTITY_ID] => 51457
    [STREET] => Боевая
    [BUILDING] => 56А
    [POSTAL_CODE] => 
    [COUNTRY] => 
    [PROVINCE] => обл. Астраханская
    [REGION] => 
    [CITY] => г. Астрахань
    [ADDRESS_2] => 3
)

internalExecute:
Array
(
    [TYPE_ID] => 1
    [ENTITY_TYPE_ID] => 4
    [ENTITY_ID] => 51457
    [STREET] => Боевая
    [BUILDING] => 56А
    [POSTAL_CODE] => 
    [COUNTRY] => 
    [PROVINCE] => обл. Астраханская
    [REGION] => 
    [CITY] => г. Астрахань
    [ADDRESS_2] => 3
)

internalExecute:
Array
(
    [TYPE_ID] => 4
    [ENTITY_TYPE_ID] => 3
    [ENTITY_ID] => 244640
    [STREET] => федотова
    [BUILDING] => 36
    [POSTAL_CODE] => 
    [COUNTRY] => Россия
    [PROVINCE] => кемеровская область-кузбасс
    [REGION] => 
    [CITY] => город ленинск-кузнецкий
    [ADDRESS_2] => 
)

internalExecute:
Array
(
    [TYPE_ID] => 4
    [ENTITY_TYPE_ID] => 3
    [ENTITY_ID] => 244640
    [STREET] => федотова
    [BUILDING] => 36
    [POSTAL_CODE] => 
    [COUNTRY] => Россия
    [PROVINCE] => кемеровская область-кузбасс
    [REGION] => 
    [CITY] => город ленинск-кузнецкий
    [ADDRESS_2] => 
)

internalExecute:
Array
(
    [TYPE_ID] => 1
    [ENTITY_TYPE_ID] => 3
    [ENTITY_ID] => 244640
    [STREET] => федотова
    [BUILDING] => 36
    [POSTAL_CODE] => 
    [COUNTRY] => Россия
    [PROVINCE] => кемеровская область-кузбасс
    [REGION] => 
    [CITY] => город ленинск-кузнецкий
    [ADDRESS_2] => 
)

internalExecute:
Array
(
    [TYPE_ID] => 1
    [ENTITY_TYPE_ID] => 3
    [ENTITY_ID] => 244640
    [STREET] => федотова
    [BUILDING] => 36
    [POSTAL_CODE] => 
    [COUNTRY] => Россия
    [PROVINCE] => кемеровская область-кузбасс
    [REGION] => 
    [CITY] => город ленинск-кузнецкий
    [ADDRESS_2] => 
)

internalExecute:
Array
(
    [TYPE_ID] => 4
    [ENTITY_TYPE_ID] => 3
    [ENTITY_ID] => 244641
    [STREET] => веры волошиной
    [BUILDING] => 42
    [POSTAL_CODE] => 650024
    [COUNTRY] => Россия
    [PROVINCE] => кемерово кемеровская область- кузбасс
    [REGION] => 
    [CITY] => кемерово
    [ADDRESS_2] => 104
)

internalExecute:
Array
(
    [TYPE_ID] => 4
    [ENTITY_TYPE_ID] => 3
    [ENTITY_ID] => 244641
    [STREET] => веры волошиной
    [BUILDING] => 42
    [POSTAL_CODE] => 650024
    [COUNTRY] => Россия
    [PROVINCE] => кемерово кемеровская область- кузбасс
    [REGION] => 
    [CITY] => кемерово
    [ADDRESS_2] => 104
)

internalExecute:
Array
(
    [TYPE_ID] => 4
    [ENTITY_TYPE_ID] => 3
    [ENTITY_ID] => 244642
    [STREET] => Тренева
    [BUILDING] => 11 к. 1
    [POSTAL_CODE] => 414042
    [COUNTRY] => Россия
    [PROVINCE] => Астраханская область
    [REGION] => Трусовский
    [CITY] => г. Астрахань
    [ADDRESS_2] => 12
)

internalExecute:
Array
(
    [TYPE_ID] => 4
    [ENTITY_TYPE_ID] => 3
    [ENTITY_ID] => 244642
    [STREET] => Тренева
    [BUILDING] => 11 к. 1
    [POSTAL_CODE] => 414042
    [COUNTRY] => Россия
    [PROVINCE] => Астраханская область
    [REGION] => Трусовский
    [CITY] => г. Астрахань
    [ADDRESS_2] => 12
)

internalExecute:
Array
(
    [TYPE_ID] => 1
    [ENTITY_TYPE_ID] => 3
    [ENTITY_ID] => 244642
    [STREET] => проспект Бумажников
    [BUILDING] => 4
    [POSTAL_CODE] => 414042
    [COUNTRY] => Россия
    [PROVINCE] => Астраханская область
    [REGION] => Трусовский
    [CITY] => г. Астрахань
    [ADDRESS_2] => 55
)

internalExecute:
Array
(
    [TYPE_ID] => 1
    [ENTITY_TYPE_ID] => 3
    [ENTITY_ID] => 244642
    [STREET] => проспект Бумажников
    [BUILDING] => 4
    [POSTAL_CODE] => 414042
    [COUNTRY] => Россия
    [PROVINCE] => Астраханская область
    [REGION] => Трусовский
    [CITY] => г. Астрахань
    [ADDRESS_2] => 55
)

internalExecute:
Array
(
    [TYPE_ID] => 4
    [ENTITY_TYPE_ID] => 3
    [ENTITY_ID] => 244643
    [STREET] => ЧКАЛОВА
    [BUILDING] => 62
    [POSTAL_CODE] => 416352
    [COUNTRY] => Россия
    [PROVINCE] => АСТРАХАНСКАЯ ОБЛАСТЬ
    [REGION] => ИКРЯНИНСКИЙ РАЙОН
    [CITY] => С. ОРАНЖЕРЕИ
    [ADDRESS_2] => 50
)

internalExecute:
Array
(
    [TYPE_ID] => 4
    [ENTITY_TYPE_ID] => 3
    [ENTITY_ID] => 244643
    [STREET] => ЧКАЛОВА
    [BUILDING] => 62
    [POSTAL_CODE] => 416352
    [COUNTRY] => Россия
    [PROVINCE] => АСТРАХАНСКАЯ ОБЛАСТЬ
    [REGION] => ИКРЯНИНСКИЙ РАЙОН
    [CITY] => С. ОРАНЖЕРЕИ
    [ADDRESS_2] => 50
)

internalExecute:
Array
(
    [TYPE_ID] => 4
    [ENTITY_TYPE_ID] => 3
    [ENTITY_ID] => 244644
    [STREET] => ПРОСПЕКТ БУМАЖНИКОВ
    [BUILDING] => 4
    [POSTAL_CODE] => 414042
    [COUNTRY] => Россия
    [PROVINCE] => АСТРАХАНСКАЯ ОБЛАСТЬ
    [REGION] => ТРУСОВСКИЙ
    [CITY] => Г. АСТРАХАНЬ
    [ADDRESS_2] => 49
)

internalExecute:
Array
(
    [TYPE_ID] => 4
    [ENTITY_TYPE_ID] => 3
    [ENTITY_ID] => 244644
    [STREET] => ПРОСПЕКТ БУМАЖНИКОВ
    [BUILDING] => 4
    [POSTAL_CODE] => 414042
    [COUNTRY] => Россия
    [PROVINCE] => АСТРАХАНСКАЯ ОБЛАСТЬ
    [REGION] => ТРУСОВСКИЙ
    [CITY] => Г. АСТРАХАНЬ
    [ADDRESS_2] => 49
)

internalExecute:
Array
(
    [TYPE_ID] => 4
    [ENTITY_TYPE_ID] => 3
    [ENTITY_ID] => 244645
    [STREET] => ПРОСПЕКТ БУМАЖНИКОВ
    [BUILDING] => 4
    [POSTAL_CODE] => 414042
    [COUNTRY] => Россия
    [PROVINCE] => АСТРАХАНСКАЯ ОБЛАСТЬ
    [REGION] => ТРУСОВСКИЙ
    [CITY] => Г. АСТРАХАНЬ
    [ADDRESS_2] => 49
)

internalExecute:
Array
(
    [TYPE_ID] => 4
    [ENTITY_TYPE_ID] => 3
    [ENTITY_ID] => 244645
    [STREET] => ПРОСПЕКТ БУМАЖНИКОВ
    [BUILDING] => 4
    [POSTAL_CODE] => 414042
    [COUNTRY] => Россия
    [PROVINCE] => АСТРАХАНСКАЯ ОБЛАСТЬ
    [REGION] => ТРУСОВСКИЙ
    [CITY] => Г. АСТРАХАНЬ
    [ADDRESS_2] => 49
)

internalExecute:
Array
(
    [TYPE_ID] => 4
    [ENTITY_TYPE_ID] => 3
    [ENTITY_ID] => 244648
    [STREET] => пер. Киевский 
    [BUILDING] => 14
    [POSTAL_CODE] => 214018
    [COUNTRY] => Россия
    [PROVINCE] => Смоленская область
    [REGION] => 
    [CITY] => гор. Смоленск
    [ADDRESS_2] => ком. 311
)

internalExecute:
Array
(
    [TYPE_ID] => 4
    [ENTITY_TYPE_ID] => 3
    [ENTITY_ID] => 244648
    [STREET] => пер. Киевский 
    [BUILDING] => 14
    [POSTAL_CODE] => 214018
    [COUNTRY] => Россия
    [PROVINCE] => Смоленская область
    [REGION] => 
    [CITY] => гор. Смоленск
    [ADDRESS_2] => ком. 311
)

internalExecute:
Array
(
    [TYPE_ID] => 1
    [ENTITY_TYPE_ID] => 3
    [ENTITY_ID] => 244648
    [STREET] => пер. Киевский 
    [BUILDING] => 14
    [POSTAL_CODE] => 214018
    [COUNTRY] => Россия
    [PROVINCE] => Смоленская область
    [REGION] => 
    [CITY] => гор. Смоленск
    [ADDRESS_2] => ком. 311
)

internalExecute:
Array
(
    [TYPE_ID] => 1
    [ENTITY_TYPE_ID] => 3
    [ENTITY_ID] => 244648
    [STREET] => пер. Киевский 
    [BUILDING] => 14
    [POSTAL_CODE] => 214018
    [COUNTRY] => Россия
    [PROVINCE] => Смоленская область
    [REGION] => 
    [CITY] => гор. Смоленск
    [ADDRESS_2] => ком. 311
)

internalExecute:
Array
(
    [TYPE_ID] => 4
    [ENTITY_TYPE_ID] => 3
    [ENTITY_ID] => 244649
    [STREET] => Красный ручей 
    [BUILDING] => 17
    [POSTAL_CODE] => 214000
    [COUNTRY] => Россия
    [PROVINCE] => Смоленская область
    [REGION] => 
    [CITY] => гор. Смоленск
    [ADDRESS_2] => 
)

internalExecute:
Array
(
    [TYPE_ID] => 4
    [ENTITY_TYPE_ID] => 3
    [ENTITY_ID] => 244649
    [STREET] => Красный ручей 
    [BUILDING] => 17
    [POSTAL_CODE] => 214000
    [COUNTRY] => Россия
    [PROVINCE] => Смоленская область
    [REGION] => 
    [CITY] => гор. Смоленск
    [ADDRESS_2] => 
)

internalExecute:
Array
(
    [TYPE_ID] => 1
    [ENTITY_TYPE_ID] => 3
    [ENTITY_ID] => 244649
    [STREET] => Черняховского
    [BUILDING] => 16
    [POSTAL_CODE] => 214013
    [COUNTRY] => Россия
    [PROVINCE] => Смоленская область
    [REGION] => 
    [CITY] => гор. Смоленск
    [ADDRESS_2] => 5
)

internalExecute:
Array
(
    [TYPE_ID] => 1
    [ENTITY_TYPE_ID] => 3
    [ENTITY_ID] => 244649
    [STREET] => Черняховского
    [BUILDING] => 16
    [POSTAL_CODE] => 214013
    [COUNTRY] => Россия
    [PROVINCE] => Смоленская область
    [REGION] => 
    [CITY] => гор. Смоленск
    [ADDRESS_2] => 5
)

internalExecute:
Array
(
    [TYPE_ID] => 4
    [ENTITY_TYPE_ID] => 3
    [ENTITY_ID] => 244650
    [STREET] => ул. Щорса
    [BUILDING] => 8
    [POSTAL_CODE] => 214034
    [COUNTRY] => Россия
    [PROVINCE] => Смоленская область
    [REGION] => д. Быльники ул. Солнечная д. 14, кв. 11
    [CITY] => гор. Смоленск
    [ADDRESS_2] => 60
)

internalExecute:
Array
(
    [TYPE_ID] => 4
    [ENTITY_TYPE_ID] => 3
    [ENTITY_ID] => 244650
    [STREET] => ул. Щорса
    [BUILDING] => 8
    [POSTAL_CODE] => 214034
    [COUNTRY] => Россия
    [PROVINCE] => Смоленская область
    [REGION] => д. Быльники ул. Солнечная д. 14, кв. 11
    [CITY] => гор. Смоленск
    [ADDRESS_2] => 60
)

internalExecute:
Array
(
    [TYPE_ID] => 4
    [ENTITY_TYPE_ID] => 3
    [ENTITY_ID] => 244656
    [STREET] => пер.Самарский
    [BUILDING] => 8
    [POSTAL_CODE] => 
    [COUNTRY] => Россия
    [PROVINCE] => Кемеровскя область-Кузбасс
    [REGION] => 
    [CITY] => г.Ленинск-Кузнецкий
    [ADDRESS_2] => 
)

internalExecute:
Array
(
    [TYPE_ID] => 4
    [ENTITY_TYPE_ID] => 3
    [ENTITY_ID] => 244656
    [STREET] => пер.Самарский
    [BUILDING] => 8
    [POSTAL_CODE] => 
    [COUNTRY] => Россия
    [PROVINCE] => Кемеровскя область-Кузбасс
    [REGION] => 
    [CITY] => г.Ленинск-Кузнецкий
    [ADDRESS_2] => 
)

internalExecute:
Array
(
    [TYPE_ID] => 1
    [ENTITY_TYPE_ID] => 3
    [ENTITY_ID] => 244656
    [STREET] => пер.Самарский
    [BUILDING] => 8
    [POSTAL_CODE] => 
    [COUNTRY] => Россия
    [PROVINCE] => Кемеровскя область-Кузбасс
    [REGION] => 
    [CITY] => г.Ленинск-Кузнецкий
    [ADDRESS_2] => 
)

internalExecute:
Array
(
    [TYPE_ID] => 1
    [ENTITY_TYPE_ID] => 3
    [ENTITY_ID] => 244656
    [STREET] => пер.Самарский
    [BUILDING] => 8
    [POSTAL_CODE] => 
    [COUNTRY] => Россия
    [PROVINCE] => Кемеровскя область-Кузбасс
    [REGION] => 
    [CITY] => г.Ленинск-Кузнецкий
    [ADDRESS_2] => 
)

internalExecute:
Array
(
    [TYPE_ID] => 4
    [ENTITY_TYPE_ID] => 3
    [ENTITY_ID] => 244657
    [STREET] => Верхняя
    [BUILDING] => 12
    [POSTAL_CODE] => 
    [COUNTRY] => Россия
    [PROVINCE] => Кемеровская область-Кузбасс
    [REGION] => Ленинск-Кузнецкий р-н
    [CITY] => п.Солнечный
    [ADDRESS_2] => 1
)

internalExecute:
Array
(
    [TYPE_ID] => 4
    [ENTITY_TYPE_ID] => 3
    [ENTITY_ID] => 244657
    [STREET] => Верхняя
    [BUILDING] => 12
    [POSTAL_CODE] => 
    [COUNTRY] => Россия
    [PROVINCE] => Кемеровская область-Кузбасс
    [REGION] => Ленинск-Кузнецкий р-н
    [CITY] => п.Солнечный
    [ADDRESS_2] => 1
)

internalExecute:
Array
(
    [TYPE_ID] => 4
    [ENTITY_TYPE_ID] => 3
    [ENTITY_ID] => 244663
    [STREET] => Весенняя
    [BUILDING] => 44
    [POSTAL_CODE] => 
    [COUNTRY] => Россия
    [PROVINCE] => Кемеровская область
    [REGION] => Гуриевский
    [CITY] => Печеркино
    [ADDRESS_2] => 
)

internalExecute:
Array
(
    [TYPE_ID] => 4
    [ENTITY_TYPE_ID] => 3
    [ENTITY_ID] => 244663
    [STREET] => Весенняя
    [BUILDING] => 44
    [POSTAL_CODE] => 
    [COUNTRY] => Россия
    [PROVINCE] => Кемеровская область
    [REGION] => Гуриевский
    [CITY] => Печеркино
    [ADDRESS_2] => 
)

internalExecute:
Array
(
    [TYPE_ID] => 1
    [ENTITY_TYPE_ID] => 3
    [ENTITY_ID] => 244663
    [STREET] => 3й микрорайон
    [BUILDING] => 9
    [POSTAL_CODE] => 
    [COUNTRY] => Россия
    [PROVINCE] => Кемеровская область
    [REGION] => 
    [CITY] => Белово
    [ADDRESS_2] => 2
)

internalExecute:
Array
(
    [TYPE_ID] => 1
    [ENTITY_TYPE_ID] => 3
    [ENTITY_ID] => 244663
    [STREET] => 3й микрорайон
    [BUILDING] => 9
    [POSTAL_CODE] => 
    [COUNTRY] => Россия
    [PROVINCE] => Кемеровская область
    [REGION] => 
    [CITY] => Белово
    [ADDRESS_2] => 2
)

internalExecute:
Array
(
    [TYPE_ID] => 4
    [ENTITY_TYPE_ID] => 3
    [ENTITY_ID] => 244664
    [STREET] => Весенняя
    [BUILDING] => 44
    [POSTAL_CODE] => 
    [COUNTRY] => Россия
    [PROVINCE] => Кемеровская область
    [REGION] => Гурьевский
    [CITY] => Печеркино
    [ADDRESS_2] => 
)

internalExecute:
Array
(
    [TYPE_ID] => 4
    [ENTITY_TYPE_ID] => 3
    [ENTITY_ID] => 244664
    [STREET] => Весенняя
    [BUILDING] => 44
    [POSTAL_CODE] => 
    [COUNTRY] => Россия
    [PROVINCE] => Кемеровская область
    [REGION] => Гурьевский
    [CITY] => Печеркино
    [ADDRESS_2] => 
)

internalExecute:
Array
(
    [TYPE_ID] => 1
    [ENTITY_TYPE_ID] => 3
    [ENTITY_ID] => 244664
    [STREET] => Весенняя
    [BUILDING] => 44
    [POSTAL_CODE] => 
    [COUNTRY] => Россия
    [PROVINCE] => Кемеровская область
    [REGION] => Гурьевский
    [CITY] => Печеркино
    [ADDRESS_2] => 
)

internalExecute:
Array
(
    [TYPE_ID] => 1
    [ENTITY_TYPE_ID] => 3
    [ENTITY_ID] => 244664
    [STREET] => Весенняя
    [BUILDING] => 44
    [POSTAL_CODE] => 
    [COUNTRY] => Россия
    [PROVINCE] => Кемеровская область
    [REGION] => Гурьевский
    [CITY] => Печеркино
    [ADDRESS_2] => 
)

internalExecute:
Array
(
    [TYPE_ID] => 4
    [ENTITY_TYPE_ID] => 3
    [ENTITY_ID] => 244668
    [STREET] => Кадыкоева А.Т.
    [BUILDING] => дом 4
    [POSTAL_CODE] => 361402
    [COUNTRY] => Россия
    [PROVINCE] => Кабардино-Балкарская Республика
    [REGION] => Чегемский район
    [CITY] => село Чегем-2
    [ADDRESS_2] => 
)

internalExecute:
Array
(
    [TYPE_ID] => 4
    [ENTITY_TYPE_ID] => 3
    [ENTITY_ID] => 244668
    [STREET] => Кадыкоева А.Т.
    [BUILDING] => дом 4
    [POSTAL_CODE] => 361402
    [COUNTRY] => Россия
    [PROVINCE] => Кабардино-Балкарская Республика
    [REGION] => Чегемский район
    [CITY] => село Чегем-2
    [ADDRESS_2] => 
)

internalExecute:
Array
(
    [TYPE_ID] => 1
    [ENTITY_TYPE_ID] => 3
    [ENTITY_ID] => 244668
    [STREET] => улица Темиржанова
    [BUILDING] => дом 14
    [POSTAL_CODE] => 361336
    [COUNTRY] => Россия
    [PROVINCE] => Кабардино-Балкарская Республика
    [REGION] => Урванский район
    [CITY] => город Нарткала
    [ADDRESS_2] => 
)

internalExecute:
Array
(
    [TYPE_ID] => 1
    [ENTITY_TYPE_ID] => 3
    [ENTITY_ID] => 244668
    [STREET] => улица Темиржанова
    [BUILDING] => дом 14
    [POSTAL_CODE] => 361336
    [COUNTRY] => Россия
    [PROVINCE] => Кабардино-Балкарская Республика
    [REGION] => Урванский район
    [CITY] => город Нарткала
    [ADDRESS_2] => 
)

internalExecute:
Array
(
    [TYPE_ID] => 4
    [ENTITY_TYPE_ID] => 3
    [ENTITY_ID] => 244669
    [STREET] => улица Ленина
    [BUILDING] => дом 61
    [POSTAL_CODE] => 361304
    [COUNTRY] => Россия
    [PROVINCE] => Кабардино-Балкарская Республика
    [REGION] => Урванский район
    [CITY] => село Кахун
    [ADDRESS_2] => 
)

internalExecute:
Array
(
    [TYPE_ID] => 4
    [ENTITY_TYPE_ID] => 3
    [ENTITY_ID] => 244669
    [STREET] => улица Ленина
    [BUILDING] => дом 61
    [POSTAL_CODE] => 361304
    [COUNTRY] => Россия
    [PROVINCE] => Кабардино-Балкарская Республика
    [REGION] => Урванский район
    [CITY] => село Кахун
    [ADDRESS_2] => 
)

internalExecute:
Array
(
    [TYPE_ID] => 1
    [ENTITY_TYPE_ID] => 3
    [ENTITY_ID] => 244669
    [STREET] => улица Ленина
    [BUILDING] => дом 61
    [POSTAL_CODE] => 361304
    [COUNTRY] => Россия
    [PROVINCE] => Кабардино-Балкарская Республика
    [REGION] => Урванский район
    [CITY] => село Кахун
    [ADDRESS_2] => 
)

internalExecute:
Array
(
    [TYPE_ID] => 1
    [ENTITY_TYPE_ID] => 3
    [ENTITY_ID] => 244669
    [STREET] => улица Ленина
    [BUILDING] => дом 61
    [POSTAL_CODE] => 361304
    [COUNTRY] => Россия
    [PROVINCE] => Кабардино-Балкарская Республика
    [REGION] => Урванский район
    [CITY] => село Кахун
    [ADDRESS_2] => 
)

internalExecute:
Array
(
    [TYPE_ID] => 4
    [ENTITY_TYPE_ID] => 3
    [ENTITY_ID] => 244670
    [STREET] => улица Темиржанова
    [BUILDING] => дом 14
    [POSTAL_CODE] => 361336
    [COUNTRY] => Россия
    [PROVINCE] => Кабардино-Балкарская Республика
    [REGION] => Урванский район
    [CITY] => город Нарткала
    [ADDRESS_2] => 
)

internalExecute:
Array
(
    [TYPE_ID] => 4
    [ENTITY_TYPE_ID] => 3
    [ENTITY_ID] => 244670
    [STREET] => улица Темиржанова
    [BUILDING] => дом 14
    [POSTAL_CODE] => 361336
    [COUNTRY] => Россия
    [PROVINCE] => Кабардино-Балкарская Республика
    [REGION] => Урванский район
    [CITY] => город Нарткала
    [ADDRESS_2] => 
)

internalExecute:
Array
(
    [TYPE_ID] => 4
    [ENTITY_TYPE_ID] => 3
    [ENTITY_ID] => 244671
    [STREET] => улица Темиржанова
    [BUILDING] => дом 14
    [POSTAL_CODE] => 361336
    [COUNTRY] => Россия
    [PROVINCE] => Кабардино-Балкарская Республика
    [REGION] => Урванский район
    [CITY] => город Нарткала
    [ADDRESS_2] => 
)

internalExecute:
Array
(
    [TYPE_ID] => 4
    [ENTITY_TYPE_ID] => 3
    [ENTITY_ID] => 244671
    [STREET] => улица Темиржанова
    [BUILDING] => дом 14
    [POSTAL_CODE] => 361336
    [COUNTRY] => Россия
    [PROVINCE] => Кабардино-Балкарская Республика
    [REGION] => Урванский район
    [CITY] => город Нарткала
    [ADDRESS_2] => 
)

internalExecute:
Array
(
    [TYPE_ID] => 4
    [ENTITY_TYPE_ID] => 3
    [ENTITY_ID] => 244676
    [STREET] => Кирова
    [BUILDING] => 96
    [POSTAL_CODE] => 671360
    [COUNTRY] => Россия
    [PROVINCE] => Республика Бурятия
    [REGION] => Бичурский
    [CITY] => с. Бичура
    [ADDRESS_2] => 
)

internalExecute:
Array
(
    [TYPE_ID] => 4
    [ENTITY_TYPE_ID] => 3
    [ENTITY_ID] => 244676
    [STREET] => Кирова
    [BUILDING] => 96
    [POSTAL_CODE] => 671360
    [COUNTRY] => Россия
    [PROVINCE] => Республика Бурятия
    [REGION] => Бичурский
    [CITY] => с. Бичура
    [ADDRESS_2] => 
)

internalExecute:
Array
(
    [TYPE_ID] => 1
    [ENTITY_TYPE_ID] => 3
    [ENTITY_ID] => 244676
    [STREET] => Кирова
    [BUILDING] => 96
    [POSTAL_CODE] => 671360
    [COUNTRY] => Россия
    [PROVINCE] => Республика Бурятия
    [REGION] => Бичурский
    [CITY] => с. Бичура
    [ADDRESS_2] => 
)

internalExecute:
Array
(
    [TYPE_ID] => 1
    [ENTITY_TYPE_ID] => 3
    [ENTITY_ID] => 244676
    [STREET] => Кирова
    [BUILDING] => 96
    [POSTAL_CODE] => 671360
    [COUNTRY] => Россия
    [PROVINCE] => Республика Бурятия
    [REGION] => Бичурский
    [CITY] => с. Бичура
    [ADDRESS_2] => 
)

internalExecute:
Array
(
    [TYPE_ID] => 4
    [ENTITY_TYPE_ID] => 3
    [ENTITY_ID] => 244677
    [STREET] => Ленина
    [BUILDING] => 238
    [POSTAL_CODE] => 671360
    [COUNTRY] => Россия
    [PROVINCE] => Республика Бурятия
    [REGION] => Бичурский
    [CITY] => с. Бичура
    [ADDRESS_2] => 24
)

internalExecute:
Array
(
    [TYPE_ID] => 4
    [ENTITY_TYPE_ID] => 3
    [ENTITY_ID] => 244677
    [STREET] => Ленина
    [BUILDING] => 238
    [POSTAL_CODE] => 671360
    [COUNTRY] => Россия
    [PROVINCE] => Республика Бурятия
    [REGION] => Бичурский
    [CITY] => с. Бичура
    [ADDRESS_2] => 24
)

internalExecute:
Array
(
    [TYPE_ID] => 4
    [ENTITY_TYPE_ID] => 3
    [ENTITY_ID] => 244679
    [STREET] => Аджиева И.М.
    [BUILDING] => 37
    [POSTAL_CODE] => 
    [COUNTRY] => Россия
    [PROVINCE] => Кабардино-Балкарская Республика
    [REGION] => Зольский
    [CITY] => Малка
    [ADDRESS_2] => 
)

internalExecute:
Array
(
    [TYPE_ID] => 4
    [ENTITY_TYPE_ID] => 3
    [ENTITY_ID] => 244679
    [STREET] => Аджиева И.М.
    [BUILDING] => 37
    [POSTAL_CODE] => 
    [COUNTRY] => Россия
    [PROVINCE] => Кабардино-Балкарская Республика
    [REGION] => Зольский
    [CITY] => Малка
    [ADDRESS_2] => 
)

internalExecute:
Array
(
    [TYPE_ID] => 1
    [ENTITY_TYPE_ID] => 3
    [ENTITY_ID] => 244679
    [STREET] => Аджиева И.М.
    [BUILDING] => 37
    [POSTAL_CODE] => 
    [COUNTRY] => Россия
    [PROVINCE] => Кабардино-Балкарская Республика
    [REGION] => Зольский
    [CITY] => Малка
    [ADDRESS_2] => 
)

internalExecute:
Array
(
    [TYPE_ID] => 1
    [ENTITY_TYPE_ID] => 3
    [ENTITY_ID] => 244679
    [STREET] => Аджиева И.М.
    [BUILDING] => 37
    [POSTAL_CODE] => 
    [COUNTRY] => Россия
    [PROVINCE] => Кабардино-Балкарская Республика
    [REGION] => Зольский
    [CITY] => Малка
    [ADDRESS_2] => 
)

internalExecute:
Array
(
    [TYPE_ID] => 4
    [ENTITY_TYPE_ID] => 3
    [ENTITY_ID] => 244680
    [STREET] => 
    [BUILDING] => 
    [POSTAL_CODE] => 
    [COUNTRY] => Россия
    [PROVINCE] => 
    [REGION] => 
    [CITY] => 
    [ADDRESS_2] => 
)

internalExecute:
Array
(
    [TYPE_ID] => 4
    [ENTITY_TYPE_ID] => 3
    [ENTITY_ID] => 244680
    [STREET] => 
    [BUILDING] => 
    [POSTAL_CODE] => 
    [COUNTRY] => Россия
    [PROVINCE] => 
    [REGION] => 
    [CITY] => 
    [ADDRESS_2] => 
)

internalExecute:
Array
(
    [TYPE_ID] => 4
    [ENTITY_TYPE_ID] => 3
    [ENTITY_ID] => 244681
    [STREET] => 
    [BUILDING] => 
    [POSTAL_CODE] => 
    [COUNTRY] => Россия
    [PROVINCE] => 
    [REGION] => 
    [CITY] => 
    [ADDRESS_2] => 
)

internalExecute:
Array
(
    [TYPE_ID] => 4
    [ENTITY_TYPE_ID] => 3
    [ENTITY_ID] => 244681
    [STREET] => 
    [BUILDING] => 
    [POSTAL_CODE] => 
    [COUNTRY] => Россия
    [PROVINCE] => 
    [REGION] => 
    [CITY] => 
    [ADDRESS_2] => 
)

internalExecute:
Array
(
    [TYPE_ID] => 4
    [ENTITY_TYPE_ID] => 3
    [ENTITY_ID] => 244682
    [STREET] => 
    [BUILDING] => 
    [POSTAL_CODE] => 
    [COUNTRY] => Россия
    [PROVINCE] => 
    [REGION] => 
    [CITY] => 
    [ADDRESS_2] => 
)

internalExecute:
Array
(
    [TYPE_ID] => 4
    [ENTITY_TYPE_ID] => 3
    [ENTITY_ID] => 244682
    [STREET] => 
    [BUILDING] => 
    [POSTAL_CODE] => 
    [COUNTRY] => Россия
    [PROVINCE] => 
    [REGION] => 
    [CITY] => 
    [ADDRESS_2] => 
)

internalExecute:
Array
(
    [TYPE_ID] => 1
    [ENTITY_TYPE_ID] => 4
    [ENTITY_ID] => 51457
    [STREET] => БОЕВАЯ
    [BUILDING] => 57 А
    [POSTAL_CODE] => 
    [COUNTRY] => Россия
    [PROVINCE] => АСТРАХАНСКАЯ ОБЛАСТЬ
    [REGION] => СОВЕТСКИЙ 
    [CITY] => АСТРАХАНЬ
    [ADDRESS_2] => 3
)

internalExecute:
Array
(
    [TYPE_ID] => 1
    [ENTITY_TYPE_ID] => 4
    [ENTITY_ID] => 51457
    [STREET] => БОЕВАЯ
    [BUILDING] => 57 А
    [POSTAL_CODE] => 
    [COUNTRY] => Россия
    [PROVINCE] => АСТРАХАНСКАЯ ОБЛАСТЬ
    [REGION] => СОВЕТСКИЙ 
    [CITY] => АСТРАХАНЬ
    [ADDRESS_2] => 3
)

internalExecute:
Array
(
    [TYPE_ID] => 4
    [ENTITY_TYPE_ID] => 3
    [ENTITY_ID] => 244696
    [STREET] => ул Асфальтная 
    [BUILDING] => 62 А
    [POSTAL_CODE] => 
    [COUNTRY] => Россия
    [PROVINCE] => Карачаево-Черкесская Респ
    [REGION] => Зеленчукский район
    [CITY] => с Нижняя Ермоловка
    [ADDRESS_2] => 
)

internalExecute:
Array
(
    [TYPE_ID] => 4
    [ENTITY_TYPE_ID] => 3
    [ENTITY_ID] => 244696
    [STREET] => ул Асфальтная 
    [BUILDING] => 62 А
    [POSTAL_CODE] => 
    [COUNTRY] => Россия
    [PROVINCE] => Карачаево-Черкесская Респ
    [REGION] => Зеленчукский район
    [CITY] => с Нижняя Ермоловка
    [ADDRESS_2] => 
)

internalExecute:
Array
(
    [TYPE_ID] => 1
    [ENTITY_TYPE_ID] => 3
    [ENTITY_ID] => 244696
    [STREET] => ул Асфальтная 
    [BUILDING] => 62 А
    [POSTAL_CODE] => 
    [COUNTRY] => Россия
    [PROVINCE] => Карачаево-Черкесская Респ
    [REGION] => Зеленчукский район
    [CITY] => с Нижняя Ермоловка
    [ADDRESS_2] => 
)

internalExecute:
Array
(
    [TYPE_ID] => 1
    [ENTITY_TYPE_ID] => 3
    [ENTITY_ID] => 244696
    [STREET] => ул Асфальтная 
    [BUILDING] => 62 А
    [POSTAL_CODE] => 
    [COUNTRY] => Россия
    [PROVINCE] => Карачаево-Черкесская Респ
    [REGION] => Зеленчукский район
    [CITY] => с Нижняя Ермоловка
    [ADDRESS_2] => 
)

internalExecute:
Array
(
    [TYPE_ID] => 4
    [ENTITY_TYPE_ID] => 3
    [ENTITY_ID] => 244697
    [STREET] => ул Победы
    [BUILDING] => 236
    [POSTAL_CODE] => 
    [COUNTRY] => Россия
    [PROVINCE] => Карачаево-Черкесская Респ
    [REGION] => Зеленчукский район
    [CITY] => ст Зеленчукская
    [ADDRESS_2] => 
)

internalExecute:
Array
(
    [TYPE_ID] => 4
    [ENTITY_TYPE_ID] => 3
    [ENTITY_ID] => 244697
    [STREET] => ул Победы
    [BUILDING] => 236
    [POSTAL_CODE] => 
    [COUNTRY] => Россия
    [PROVINCE] => Карачаево-Черкесская Респ
    [REGION] => Зеленчукский район
    [CITY] => ст Зеленчукская
    [ADDRESS_2] => 
)

internalExecute:
Array
(
    [TYPE_ID] => 1
    [ENTITY_TYPE_ID] => 3
    [ENTITY_ID] => 244697
    [STREET] => ул Победы
    [BUILDING] => 236
    [POSTAL_CODE] => 
    [COUNTRY] => Россия
    [PROVINCE] => Карачаево-Черкесская Респ
    [REGION] => Зеленчукский район
    [CITY] => ст Зеленчукская
    [ADDRESS_2] => 
)

internalExecute:
Array
(
    [TYPE_ID] => 1
    [ENTITY_TYPE_ID] => 3
    [ENTITY_ID] => 244697
    [STREET] => ул Победы
    [BUILDING] => 236
    [POSTAL_CODE] => 
    [COUNTRY] => Россия
    [PROVINCE] => Карачаево-Черкесская Респ
    [REGION] => Зеленчукский район
    [CITY] => ст Зеленчукская
    [ADDRESS_2] => 
)

internalExecute:
Array
(
    [TYPE_ID] => 4
    [ENTITY_TYPE_ID] => 3
    [ENTITY_ID] => 244698
    [STREET] => Гагарина
    [BUILDING] => 6
    [POSTAL_CODE] => 
    [COUNTRY] => Россия
    [PROVINCE] => Карачаево-Черкесская Респ
    [REGION] => ногайский
    [CITY] => аул Кызыл-Тогай
    [ADDRESS_2] => 
)

internalExecute:
Array
(
    [TYPE_ID] => 4
    [ENTITY_TYPE_ID] => 3
    [ENTITY_ID] => 244698
    [STREET] => Гагарина
    [BUILDING] => 6
    [POSTAL_CODE] => 
    [COUNTRY] => Россия
    [PROVINCE] => Карачаево-Черкесская Респ
    [REGION] => ногайский
    [CITY] => аул Кызыл-Тогай
    [ADDRESS_2] => 
)

internalExecute:
Array
(
    [TYPE_ID] => 1
    [ENTITY_TYPE_ID] => 3
    [ENTITY_ID] => 244698
    [STREET] => Гагарина
    [BUILDING] => 6
    [POSTAL_CODE] => 
    [COUNTRY] => Россия
    [PROVINCE] => Карачаево-Черкесская Респ
    [REGION] => ногайский
    [CITY] => аул Кызыл-Тогай
    [ADDRESS_2] => 
)

internalExecute:
Array
(
    [TYPE_ID] => 1
    [ENTITY_TYPE_ID] => 3
    [ENTITY_ID] => 244698
    [STREET] => Гагарина
    [BUILDING] => 6
    [POSTAL_CODE] => 
    [COUNTRY] => Россия
    [PROVINCE] => Карачаево-Черкесская Респ
    [REGION] => ногайский
    [CITY] => аул Кызыл-Тогай
    [ADDRESS_2] => 
)

internalExecute:
Array
(
    [TYPE_ID] => 4
    [ENTITY_TYPE_ID] => 3
    [ENTITY_ID] => 244699
    [STREET] => Гагарина
    [BUILDING] => 6
    [POSTAL_CODE] => 
    [COUNTRY] => Россия
    [PROVINCE] => Карачаево-Черкесская Респ
    [REGION] => 
    [CITY] => аул Кызыл-Тогай
    [ADDRESS_2] => 
)

internalExecute:
Array
(
    [TYPE_ID] => 4
    [ENTITY_TYPE_ID] => 3
    [ENTITY_ID] => 244699
    [STREET] => Гагарина
    [BUILDING] => 6
    [POSTAL_CODE] => 
    [COUNTRY] => Россия
    [PROVINCE] => Карачаево-Черкесская Респ
    [REGION] => 
    [CITY] => аул Кызыл-Тогай
    [ADDRESS_2] => 
)

internalExecute:
Array
(
    [TYPE_ID] => 1
    [ENTITY_TYPE_ID] => 4
    [ENTITY_ID] => 51572
    [STREET] => ул. Горького
    [BUILDING] => д. 63
    [POSTAL_CODE] => 
    [COUNTRY] => 
    [PROVINCE] => Край Краснодарский
    [REGION] => 
    [CITY] => пгт. Мостовской
    [ADDRESS_2] => 
)

internalExecute:
Array
(
    [TYPE_ID] => 1
    [ENTITY_TYPE_ID] => 4
    [ENTITY_ID] => 51572
    [STREET] => ул. Горького
    [BUILDING] => д. 63
    [POSTAL_CODE] => 
    [COUNTRY] => 
    [PROVINCE] => Край Краснодарский
    [REGION] => 
    [CITY] => пгт. Мостовской
    [ADDRESS_2] => 
)

internalExecute:
Array
(
    [TYPE_ID] => 4
    [ENTITY_TYPE_ID] => 3
    [ENTITY_ID] => 244713
    [STREET] => Театральная 
    [BUILDING] => 4
    [POSTAL_CODE] => 
    [COUNTRY] => Россия
    [PROVINCE] => Кемеровская область-Кузбасс
    [REGION] => 
    [CITY] => г.Ленинск-Кузнецкий 
    [ADDRESS_2] => 
)

internalExecute:
Array
(
    [TYPE_ID] => 4
    [ENTITY_TYPE_ID] => 3
    [ENTITY_ID] => 244713
    [STREET] => Театральная 
    [BUILDING] => 4
    [POSTAL_CODE] => 
    [COUNTRY] => Россия
    [PROVINCE] => Кемеровская область-Кузбасс
    [REGION] => 
    [CITY] => г.Ленинск-Кузнецкий 
    [ADDRESS_2] => 
)

internalExecute:
Array
(
    [TYPE_ID] => 1
    [ENTITY_TYPE_ID] => 3
    [ENTITY_ID] => 244713
    [STREET] => Театральная 
    [BUILDING] => 4
    [POSTAL_CODE] => 
    [COUNTRY] => Россия
    [PROVINCE] => Кемеровская область-Кузбасс
    [REGION] => 
    [CITY] => г.Ленинск-Кузнецкий 
    [ADDRESS_2] => 
)

internalExecute:
Array
(
    [TYPE_ID] => 1
    [ENTITY_TYPE_ID] => 3
    [ENTITY_ID] => 244713
    [STREET] => Театральная 
    [BUILDING] => 4
    [POSTAL_CODE] => 
    [COUNTRY] => Россия
    [PROVINCE] => Кемеровская область-Кузбасс
    [REGION] => 
    [CITY] => г.Ленинск-Кузнецкий 
    [ADDRESS_2] => 
)

internalExecute:
Array
(
    [TYPE_ID] => 4
    [ENTITY_TYPE_ID] => 3
    [ENTITY_ID] => 244714
    [STREET] => ул.40 лет октября 
    [BUILDING] => 19
    [POSTAL_CODE] => 
    [COUNTRY] => Россия
    [PROVINCE] => Кемеровская область-Кузбасс
    [REGION] => 
    [CITY] => г.Кемерово
    [ADDRESS_2] => 65
)

internalExecute:
Array
(
    [TYPE_ID] => 4
    [ENTITY_TYPE_ID] => 3
    [ENTITY_ID] => 244714
    [STREET] => ул.40 лет октября 
    [BUILDING] => 19
    [POSTAL_CODE] => 
    [COUNTRY] => Россия
    [PROVINCE] => Кемеровская область-Кузбасс
    [REGION] => 
    [CITY] => г.Кемерово
    [ADDRESS_2] => 65
)

internalExecute:
Array
(
    [TYPE_ID] => 4
    [ENTITY_TYPE_ID] => 3
    [ENTITY_ID] => 244715
    [STREET] => Институтская
    [BUILDING] => 97
    [POSTAL_CODE] => 653000
    [COUNTRY] => Россия
    [PROVINCE] => Кемеровская область
    [REGION] => 
    [CITY] => Прокопьевск
    [ADDRESS_2] => 62
)

internalExecute:
Array
(
    [TYPE_ID] => 4
    [ENTITY_TYPE_ID] => 3
    [ENTITY_ID] => 244715
    [STREET] => Институтская
    [BUILDING] => 97
    [POSTAL_CODE] => 653000
    [COUNTRY] => Россия
    [PROVINCE] => Кемеровская область
    [REGION] => 
    [CITY] => Прокопьевск
    [ADDRESS_2] => 62
)

internalExecute:
Array
(
    [TYPE_ID] => 1
    [ENTITY_TYPE_ID] => 3
    [ENTITY_ID] => 244715
    [STREET] => Институтская
    [BUILDING] => 97
    [POSTAL_CODE] => 653000
    [COUNTRY] => Россия
    [PROVINCE] => Кемеровская область
    [REGION] => 
    [CITY] => Прокопьевск
    [ADDRESS_2] => 62
)

internalExecute:
Array
(
    [TYPE_ID] => 1
    [ENTITY_TYPE_ID] => 3
    [ENTITY_ID] => 244715
    [STREET] => Институтская
    [BUILDING] => 97
    [POSTAL_CODE] => 653000
    [COUNTRY] => Россия
    [PROVINCE] => Кемеровская область
    [REGION] => 
    [CITY] => Прокопьевск
    [ADDRESS_2] => 62
)

internalExecute:
Array
(
    [TYPE_ID] => 4
    [ENTITY_TYPE_ID] => 3
    [ENTITY_ID] => 244716
    [STREET] => Институтская
    [BUILDING] => 82
    [POSTAL_CODE] => 653000
    [COUNTRY] => Россия
    [PROVINCE] => Кемеровская область
    [REGION] => 
    [CITY] => Прокопьевск
    [ADDRESS_2] => 45
)

internalExecute:
Array
(
    [TYPE_ID] => 4
    [ENTITY_TYPE_ID] => 3
    [ENTITY_ID] => 244716
    [STREET] => Институтская
    [BUILDING] => 82
    [POSTAL_CODE] => 653000
    [COUNTRY] => Россия
    [PROVINCE] => Кемеровская область
    [REGION] => 
    [CITY] => Прокопьевск
    [ADDRESS_2] => 45
)

internalExecute:
Array
(
    [TYPE_ID] => 4
    [ENTITY_TYPE_ID] => 3
    [ENTITY_ID] => 244721
    [STREET] => Ольховская ул
    [BUILDING] => 23 д
    [POSTAL_CODE] => 620141
    [COUNTRY] => Россия
    [PROVINCE] => Свердловская обл
    [REGION] => 
    [CITY] => Екатеринбург г
    [ADDRESS_2] => 10
)

internalExecute:
Array
(
    [TYPE_ID] => 4
    [ENTITY_TYPE_ID] => 3
    [ENTITY_ID] => 244721
    [STREET] => Ольховская ул
    [BUILDING] => 23 д
    [POSTAL_CODE] => 620141
    [COUNTRY] => Россия
    [PROVINCE] => Свердловская обл
    [REGION] => 
    [CITY] => Екатеринбург г
    [ADDRESS_2] => 10
)

internalExecute:
Array
(
    [TYPE_ID] => 1
    [ENTITY_TYPE_ID] => 3
    [ENTITY_ID] => 244721
    [STREET] => Начдива Васильева ул
    [BUILDING] => 7/2 д
    [POSTAL_CODE] => 620043
    [COUNTRY] => Россия
    [PROVINCE] => Свердловская обл
    [REGION] => 
    [CITY] => Екатеринбург г
    [ADDRESS_2] => 
)

internalExecute:
Array
(
    [TYPE_ID] => 1
    [ENTITY_TYPE_ID] => 3
    [ENTITY_ID] => 244721
    [STREET] => Начдива Васильева ул
    [BUILDING] => 7/2 д
    [POSTAL_CODE] => 620043
    [COUNTRY] => Россия
    [PROVINCE] => Свердловская обл
    [REGION] => 
    [CITY] => Екатеринбург г
    [ADDRESS_2] => 
)

internalExecute:
Array
(
    [TYPE_ID] => 6
    [ENTITY_TYPE_ID] => 4
    [ENTITY_ID] => 51349
    [STREET] => Ольховская ул
    [BUILDING] => 23 д
    [POSTAL_CODE] => 620141
    [COUNTRY] => Россия
    [PROVINCE] => Свердловская обл
    [REGION] => Красноуфимский р-н
    [CITY] => Екатеринбург г
    [ADDRESS_2] => 10
)

internalExecute:
Array
(
    [TYPE_ID] => 6
    [ENTITY_TYPE_ID] => 4
    [ENTITY_ID] => 51349
    [STREET] => Ольховская ул
    [BUILDING] => 23 д
    [POSTAL_CODE] => 620141
    [COUNTRY] => Россия
    [PROVINCE] => Свердловская обл
    [REGION] => Красноуфимский р-н
    [CITY] => Екатеринбург г
    [ADDRESS_2] => 10
)

internalExecute:
Array
(
    [TYPE_ID] => 4
    [ENTITY_TYPE_ID] => 3
    [ENTITY_ID] => 244733
    [STREET] => КИРОВА
    [BUILDING] => 12
    [POSTAL_CODE] => 416425
    [COUNTRY] => Россия
    [PROVINCE] => АСТРАХАНСКАЯ ОБЛАСТЬ
    [REGION] => ЛИМАНСКИЙ
    [CITY] => С. ОЛЯ
    [ADDRESS_2] => 
)

internalExecute:
Array
(
    [TYPE_ID] => 4
    [ENTITY_TYPE_ID] => 3
    [ENTITY_ID] => 244733
    [STREET] => КИРОВА
    [BUILDING] => 12
    [POSTAL_CODE] => 416425
    [COUNTRY] => Россия
    [PROVINCE] => АСТРАХАНСКАЯ ОБЛАСТЬ
    [REGION] => ЛИМАНСКИЙ
    [CITY] => С. ОЛЯ
    [ADDRESS_2] => 
)

internalExecute:
Array
(
    [TYPE_ID] => 1
    [ENTITY_TYPE_ID] => 3
    [ENTITY_ID] => 244733
    [STREET] => ТАТИЩЕВА
    [BUILDING] => 33
    [POSTAL_CODE] => 414056
    [COUNTRY] => Россия
    [PROVINCE] => АСТРАХАНСКАЯ ОБЛАСТЬ
    [REGION] => ЛЕНИНСКИЙ
    [CITY] => Г. АСТРАХАНЬ
    [ADDRESS_2] => 30
)

internalExecute:
Array
(
    [TYPE_ID] => 1
    [ENTITY_TYPE_ID] => 3
    [ENTITY_ID] => 244733
    [STREET] => ТАТИЩЕВА
    [BUILDING] => 33
    [POSTAL_CODE] => 414056
    [COUNTRY] => Россия
    [PROVINCE] => АСТРАХАНСКАЯ ОБЛАСТЬ
    [REGION] => ЛЕНИНСКИЙ
    [CITY] => Г. АСТРАХАНЬ
    [ADDRESS_2] => 30
)

internalExecute:
Array
(
    [TYPE_ID] => 4
    [ENTITY_TYPE_ID] => 3
    [ENTITY_ID] => 244734
    [STREET] => СТЕПНАЯ
    [BUILDING] => 22
    [POSTAL_CODE] => 416425
    [COUNTRY] => Россия
    [PROVINCE] => АСТРАХАНСКАЯ ОБЛАСТЬ
    [REGION] => ЛИМАНСКИЙ
    [CITY] => С. ОЛЯ
    [ADDRESS_2] => 1
)

internalExecute:
Array
(
    [TYPE_ID] => 4
    [ENTITY_TYPE_ID] => 3
    [ENTITY_ID] => 244734
    [STREET] => СТЕПНАЯ
    [BUILDING] => 22
    [POSTAL_CODE] => 416425
    [COUNTRY] => Россия
    [PROVINCE] => АСТРАХАНСКАЯ ОБЛАСТЬ
    [REGION] => ЛИМАНСКИЙ
    [CITY] => С. ОЛЯ
    [ADDRESS_2] => 1
)

internalExecute:
Array
(
    [TYPE_ID] => 1
    [ENTITY_TYPE_ID] => 3
    [ENTITY_ID] => 244734
    [STREET] => ТАТИЩЕВА
    [BUILDING] => 33
    [POSTAL_CODE] => 414056
    [COUNTRY] => Россия
    [PROVINCE] => АСТРАХАНСКАЯ ОБЛАСТЬ
    [REGION] => ЛЕНИНСКИЙ
    [CITY] => Г. АСТРАХАНЬ
    [ADDRESS_2] => 30
)

internalExecute:
Array
(
    [TYPE_ID] => 1
    [ENTITY_TYPE_ID] => 3
    [ENTITY_ID] => 244734
    [STREET] => ТАТИЩЕВА
    [BUILDING] => 33
    [POSTAL_CODE] => 414056
    [COUNTRY] => Россия
    [PROVINCE] => АСТРАХАНСКАЯ ОБЛАСТЬ
    [REGION] => ЛЕНИНСКИЙ
    [CITY] => Г. АСТРАХАНЬ
    [ADDRESS_2] => 30
)

internalExecute:
Array
(
    [TYPE_ID] => 4
    [ENTITY_TYPE_ID] => 3
    [ENTITY_ID] => 244735
    [STREET] => СОВЕТСКАЯ
    [BUILDING] => 105
    [POSTAL_CODE] => 416425
    [COUNTRY] => Россия
    [PROVINCE] => АСТРАХАНСКАЯ ОБЛАСТЬ
    [REGION] => ЛИМАНСКИЙ
    [CITY] => С. ЯНДЫКИ
    [ADDRESS_2] => 
)

internalExecute:
Array
(
    [TYPE_ID] => 4
    [ENTITY_TYPE_ID] => 3
    [ENTITY_ID] => 244735
    [STREET] => СОВЕТСКАЯ
    [BUILDING] => 105
    [POSTAL_CODE] => 416425
    [COUNTRY] => Россия
    [PROVINCE] => АСТРАХАНСКАЯ ОБЛАСТЬ
    [REGION] => ЛИМАНСКИЙ
    [CITY] => С. ЯНДЫКИ
    [ADDRESS_2] => 
)

internalExecute:
Array
(
    [TYPE_ID] => 4
    [ENTITY_TYPE_ID] => 3
    [ENTITY_ID] => 244754
    [STREET] => Мэлса Самбуева
    [BUILDING] => 18А
    [POSTAL_CODE] => 671932
    [COUNTRY] => Россия
    [PROVINCE] => Республика Бурятия
    [REGION] => Закаменский
    [CITY] => у. Санага
    [ADDRESS_2] => 
)

internalExecute:
Array
(
    [TYPE_ID] => 4
    [ENTITY_TYPE_ID] => 3
    [ENTITY_ID] => 244754
    [STREET] => Мэлса Самбуева
    [BUILDING] => 18А
    [POSTAL_CODE] => 671932
    [COUNTRY] => Россия
    [PROVINCE] => Республика Бурятия
    [REGION] => Закаменский
    [CITY] => у. Санага
    [ADDRESS_2] => 
)

internalExecute:
Array
(
    [TYPE_ID] => 1
    [ENTITY_TYPE_ID] => 3
    [ENTITY_ID] => 244754
    [STREET] => Нижняя Тулунжинская 
    [BUILDING] => 36
    [POSTAL_CODE] => 670023
    [COUNTRY] => Россия
    [PROVINCE] => Республика Бурятия
    [REGION] => 
    [CITY] => г. Улан-Удэ
    [ADDRESS_2] => 
)

internalExecute:
Array
(
    [TYPE_ID] => 1
    [ENTITY_TYPE_ID] => 3
    [ENTITY_ID] => 244754
    [STREET] => Нижняя Тулунжинская 
    [BUILDING] => 36
    [POSTAL_CODE] => 670023
    [COUNTRY] => Россия
    [PROVINCE] => Республика Бурятия
    [REGION] => 
    [CITY] => г. Улан-Удэ
    [ADDRESS_2] => 
)

internalExecute:
Array
(
    [TYPE_ID] => 4
    [ENTITY_TYPE_ID] => 3
    [ENTITY_ID] => 244755
    [STREET] => Партизанская
    [BUILDING] => 80
    [POSTAL_CODE] => 670023
    [COUNTRY] => Россия
    [PROVINCE] => Республика Бурятия
    [REGION] => Иволгинский
    [CITY] => Сотниково
    [ADDRESS_2] => 
)

internalExecute:
Array
(
    [TYPE_ID] => 4
    [ENTITY_TYPE_ID] => 3
    [ENTITY_ID] => 244755
    [STREET] => Партизанская
    [BUILDING] => 80
    [POSTAL_CODE] => 670023
    [COUNTRY] => Россия
    [PROVINCE] => Республика Бурятия
    [REGION] => Иволгинский
    [CITY] => Сотниково
    [ADDRESS_2] => 
)

internalExecute:
Array
(
    [TYPE_ID] => 4
    [ENTITY_TYPE_ID] => 3
    [ENTITY_ID] => 244799
    [STREET] => Совхозная 
    [BUILDING] => 15
    [POSTAL_CODE] => 
    [COUNTRY] => Россия
    [PROVINCE] => Бурятия
    [REGION] => 
    [CITY] => Улан-Удэ
    [ADDRESS_2] => 2
)

internalExecute:
Array
(
    [TYPE_ID] => 4
    [ENTITY_TYPE_ID] => 3
    [ENTITY_ID] => 244799
    [STREET] => Совхозная 
    [BUILDING] => 15
    [POSTAL_CODE] => 
    [COUNTRY] => Россия
    [PROVINCE] => Бурятия
    [REGION] => 
    [CITY] => Улан-Удэ
    [ADDRESS_2] => 2
)

internalExecute:
Array
(
    [TYPE_ID] => 1
    [ENTITY_TYPE_ID] => 3
    [ENTITY_ID] => 244799
    [STREET] => Совхозная 
    [BUILDING] => 15
    [POSTAL_CODE] => 
    [COUNTRY] => Россия
    [PROVINCE] => Бурятия
    [REGION] => 
    [CITY] => Улан-Удэ
    [ADDRESS_2] => 2
)

internalExecute:
Array
(
    [TYPE_ID] => 1
    [ENTITY_TYPE_ID] => 3
    [ENTITY_ID] => 244799
    [STREET] => Совхозная 
    [BUILDING] => 15
    [POSTAL_CODE] => 
    [COUNTRY] => Россия
    [PROVINCE] => Бурятия
    [REGION] => 
    [CITY] => Улан-Удэ
    [ADDRESS_2] => 2
)

internalExecute:
Array
(
    [TYPE_ID] => 4
    [ENTITY_TYPE_ID] => 3
    [ENTITY_ID] => 244800
    [STREET] => Совхозная 
    [BUILDING] => 15
    [POSTAL_CODE] => 
    [COUNTRY] => Россия
    [PROVINCE] => Бурятия
    [REGION] => 
    [CITY] => Улан-Удэ
    [ADDRESS_2] => 2
)

internalExecute:
Array
(
    [TYPE_ID] => 4
    [ENTITY_TYPE_ID] => 3
    [ENTITY_ID] => 244800
    [STREET] => Совхозная 
    [BUILDING] => 15
    [POSTAL_CODE] => 
    [COUNTRY] => Россия
    [PROVINCE] => Бурятия
    [REGION] => 
    [CITY] => Улан-Удэ
    [ADDRESS_2] => 2
)

internalExecute:
Array
(
    [TYPE_ID] => 4
    [ENTITY_TYPE_ID] => 3
    [ENTITY_ID] => 244801
    [STREET] => Совхозная
    [BUILDING] => 15
    [POSTAL_CODE] => 
    [COUNTRY] => Россия
    [PROVINCE] => Бурятия
    [REGION] => 
    [CITY] => Улан-Удэ
    [ADDRESS_2] => 2
)

internalExecute:
Array
(
    [TYPE_ID] => 4
    [ENTITY_TYPE_ID] => 3
    [ENTITY_ID] => 244801
    [STREET] => Совхозная
    [BUILDING] => 15
    [POSTAL_CODE] => 
    [COUNTRY] => Россия
    [PROVINCE] => Бурятия
    [REGION] => 
    [CITY] => Улан-Удэ
    [ADDRESS_2] => 2
)

internalExecute:
Array
(
    [TYPE_ID] => 4
    [ENTITY_TYPE_ID] => 3
    [ENTITY_ID] => 244805
    [STREET] => Владимировская
    [BUILDING] => 8
    [POSTAL_CODE] => 414009
    [COUNTRY] => Россия
    [PROVINCE] => Астраханская область
    [REGION] => 
    [CITY] => г. Астрахань
    [ADDRESS_2] => 
)

internalExecute:
Array
(
    [TYPE_ID] => 4
    [ENTITY_TYPE_ID] => 3
    [ENTITY_ID] => 244805
    [STREET] => Владимировская
    [BUILDING] => 8
    [POSTAL_CODE] => 414009
    [COUNTRY] => Россия
    [PROVINCE] => Астраханская область
    [REGION] => 
    [CITY] => г. Астрахань
    [ADDRESS_2] => 
)

internalExecute:
Array
(
    [TYPE_ID] => 1
    [ENTITY_TYPE_ID] => 3
    [ENTITY_ID] => 244805
    [STREET] => Туйбахтина
    [BUILDING] => 4
    [POSTAL_CODE] => 416358
    [COUNTRY] => Россия
    [PROVINCE] => Астраханская область
    [REGION] => икрянинский
    [CITY] => с. Ново-Булгары
    [ADDRESS_2] => 
)

internalExecute:
Array
(
    [TYPE_ID] => 1
    [ENTITY_TYPE_ID] => 3
    [ENTITY_ID] => 244805
    [STREET] => Туйбахтина
    [BUILDING] => 4
    [POSTAL_CODE] => 416358
    [COUNTRY] => Россия
    [PROVINCE] => Астраханская область
    [REGION] => икрянинский
    [CITY] => с. Ново-Булгары
    [ADDRESS_2] => 
)

internalExecute:
Array
(
    [TYPE_ID] => 4
    [ENTITY_TYPE_ID] => 3
    [ENTITY_ID] => 244806
    [STREET] => Туйбахтина
    [BUILDING] => 5
    [POSTAL_CODE] => 416358
    [COUNTRY] => Россия
    [PROVINCE] => Астраханская область
    [REGION] => Икрянинский 
    [CITY] => с. Ново-Булгары
    [ADDRESS_2] => 
)

internalExecute:
Array
(
    [TYPE_ID] => 4
    [ENTITY_TYPE_ID] => 3
    [ENTITY_ID] => 244806
    [STREET] => Туйбахтина
    [BUILDING] => 5
    [POSTAL_CODE] => 416358
    [COUNTRY] => Россия
    [PROVINCE] => Астраханская область
    [REGION] => Икрянинский 
    [CITY] => с. Ново-Булгары
    [ADDRESS_2] => 
)

internalExecute:
Array
(
    [TYPE_ID] => 4
    [ENTITY_TYPE_ID] => 3
    [ENTITY_ID] => 244813
    [STREET] => Коммуностическая
    [BUILDING] => 32
    [POSTAL_CODE] => 
    [COUNTRY] => Россия
    [PROVINCE] => Кемеровская область
    [REGION] => Промышленовский
    [CITY] => д.Пьяново
    [ADDRESS_2] => 
)

internalExecute:
Array
(
    [TYPE_ID] => 4
    [ENTITY_TYPE_ID] => 3
    [ENTITY_ID] => 244813
    [STREET] => Коммуностическая
    [BUILDING] => 32
    [POSTAL_CODE] => 
    [COUNTRY] => Россия
    [PROVINCE] => Кемеровская область
    [REGION] => Промышленовский
    [CITY] => д.Пьяново
    [ADDRESS_2] => 
)

internalExecute:
Array
(
    [TYPE_ID] => 1
    [ENTITY_TYPE_ID] => 3
    [ENTITY_ID] => 244813
    [STREET] => Коммуностическая
    [BUILDING] => 32
    [POSTAL_CODE] => 
    [COUNTRY] => Россия
    [PROVINCE] => Кемеровская область
    [REGION] => Промышленовский
    [CITY] => д.Пьяново
    [ADDRESS_2] => 
)

internalExecute:
Array
(
    [TYPE_ID] => 1
    [ENTITY_TYPE_ID] => 3
    [ENTITY_ID] => 244813
    [STREET] => Коммуностическая
    [BUILDING] => 32
    [POSTAL_CODE] => 
    [COUNTRY] => Россия
    [PROVINCE] => Кемеровская область
    [REGION] => Промышленовский
    [CITY] => д.Пьяново
    [ADDRESS_2] => 
)

internalExecute:
Array
(
    [TYPE_ID] => 4
    [ENTITY_TYPE_ID] => 3
    [ENTITY_ID] => 244814
    [STREET] => Коммунистическая
    [BUILDING] => 28
    [POSTAL_CODE] => 652392
    [COUNTRY] => Россия
    [PROVINCE] => Кемеровская область
    [REGION] => Промышленовский
    [CITY] => Пьяново
    [ADDRESS_2] => 
)

internalExecute:
Array
(
    [TYPE_ID] => 4
    [ENTITY_TYPE_ID] => 3
    [ENTITY_ID] => 244814
    [STREET] => Коммунистическая
    [BUILDING] => 28
    [POSTAL_CODE] => 652392
    [COUNTRY] => Россия
    [PROVINCE] => Кемеровская область
    [REGION] => Промышленовский
    [CITY] => Пьяново
    [ADDRESS_2] => 
)

internalExecute:
Array
(
    [TYPE_ID] => 1
    [ENTITY_TYPE_ID] => 3
    [ENTITY_ID] => 244814
    [STREET] => Коммунистическая
    [BUILDING] => 28
    [POSTAL_CODE] => 652392
    [COUNTRY] => Россия
    [PROVINCE] => Кемеровская область
    [REGION] => Промышленовский
    [CITY] => Пьяново
    [ADDRESS_2] => 
)

internalExecute:
Array
(
    [TYPE_ID] => 1
    [ENTITY_TYPE_ID] => 3
    [ENTITY_ID] => 244814
    [STREET] => Коммунистическая
    [BUILDING] => 28
    [POSTAL_CODE] => 652392
    [COUNTRY] => Россия
    [PROVINCE] => Кемеровская область
    [REGION] => Промышленовский
    [CITY] => Пьяново
    [ADDRESS_2] => 
)

internalExecute:
Array
(
    [TYPE_ID] => 4
    [ENTITY_TYPE_ID] => 3
    [ENTITY_ID] => 244815
    [STREET] => Коммунистическая
    [BUILDING] => 28
    [POSTAL_CODE] => 
    [COUNTRY] => Россия
    [PROVINCE] => Кемеровская
    [REGION] => Промышленовский
    [CITY] => Пьяново
    [ADDRESS_2] => 
)

internalExecute:
Array
(
    [TYPE_ID] => 4
    [ENTITY_TYPE_ID] => 3
    [ENTITY_ID] => 244815
    [STREET] => Коммунистическая
    [BUILDING] => 28
    [POSTAL_CODE] => 
    [COUNTRY] => Россия
    [PROVINCE] => Кемеровская
    [REGION] => Промышленовский
    [CITY] => Пьяново
    [ADDRESS_2] => 
)

internalExecute:
Array
(
    [TYPE_ID] => 4
    [ENTITY_TYPE_ID] => 3
    [ENTITY_ID] => 244827
    [STREET] => Лесная
    [BUILDING] => 5
    [POSTAL_CODE] => 
    [COUNTRY] => Россия
    [PROVINCE] => Владимирская область
    [REGION] => Селивановский 
    [CITY] => с. Малышево
    [ADDRESS_2] => 1
)

internalExecute:
Array
(
    [TYPE_ID] => 4
    [ENTITY_TYPE_ID] => 3
    [ENTITY_ID] => 244827
    [STREET] => Лесная
    [BUILDING] => 5
    [POSTAL_CODE] => 
    [COUNTRY] => Россия
    [PROVINCE] => Владимирская область
    [REGION] => Селивановский 
    [CITY] => с. Малышево
    [ADDRESS_2] => 1
)

internalExecute:
Array
(
    [TYPE_ID] => 1
    [ENTITY_TYPE_ID] => 3
    [ENTITY_ID] => 244827
    [STREET] => Центральная
    [BUILDING] => 100
    [POSTAL_CODE] => 
    [COUNTRY] => Россия
    [PROVINCE] => Владимирская область
    [REGION] => Селивановский
    [CITY] => п. Новлянка
    [ADDRESS_2] => 
)

internalExecute:
Array
(
    [TYPE_ID] => 1
    [ENTITY_TYPE_ID] => 3
    [ENTITY_ID] => 244827
    [STREET] => Центральная
    [BUILDING] => 100
    [POSTAL_CODE] => 
    [COUNTRY] => Россия
    [PROVINCE] => Владимирская область
    [REGION] => Селивановский
    [CITY] => п. Новлянка
    [ADDRESS_2] => 
)

internalExecute:
Array
(
    [TYPE_ID] => 4
    [ENTITY_TYPE_ID] => 3
    [ENTITY_ID] => 244828
    [STREET] => Парковая
    [BUILDING] => 6
    [POSTAL_CODE] => 
    [COUNTRY] => Россия
    [PROVINCE] => Владимирская область
    [REGION] => Селивановский
    [CITY] => п. Новлянка
    [ADDRESS_2] => 1
)

internalExecute:
Array
(
    [TYPE_ID] => 4
    [ENTITY_TYPE_ID] => 3
    [ENTITY_ID] => 244828
    [STREET] => Парковая
    [BUILDING] => 6
    [POSTAL_CODE] => 
    [COUNTRY] => Россия
    [PROVINCE] => Владимирская область
    [REGION] => Селивановский
    [CITY] => п. Новлянка
    [ADDRESS_2] => 1
)

internalExecute:
Array
(
    [TYPE_ID] => 4
    [ENTITY_TYPE_ID] => 3
    [ENTITY_ID] => 244849
    [STREET] => Строительная 
    [BUILDING] => 54
    [POSTAL_CODE] => 
    [COUNTRY] => Россия
    [PROVINCE] => Кемеровская область-Кузбасс
    [REGION] => 
    [CITY] => Г.Белово ,пгт Грамотеино
    [ADDRESS_2] => 
)

internalExecute:
Array
(
    [TYPE_ID] => 4
    [ENTITY_TYPE_ID] => 3
    [ENTITY_ID] => 244849
    [STREET] => Строительная 
    [BUILDING] => 54
    [POSTAL_CODE] => 
    [COUNTRY] => Россия
    [PROVINCE] => Кемеровская область-Кузбасс
    [REGION] => 
    [CITY] => Г.Белово ,пгт Грамотеино
    [ADDRESS_2] => 
)

internalExecute:
Array
(
    [TYPE_ID] => 1
    [ENTITY_TYPE_ID] => 3
    [ENTITY_ID] => 244849
    [STREET] => Строительная 
    [BUILDING] => 54
    [POSTAL_CODE] => 
    [COUNTRY] => Россия
    [PROVINCE] => Кемеровская область-Кузбасс
    [REGION] => 
    [CITY] => Г.Белово ,пгт Грамотеино
    [ADDRESS_2] => 
)

internalExecute:
Array
(
    [TYPE_ID] => 1
    [ENTITY_TYPE_ID] => 3
    [ENTITY_ID] => 244849
    [STREET] => Строительная 
    [BUILDING] => 54
    [POSTAL_CODE] => 
    [COUNTRY] => Россия
    [PROVINCE] => Кемеровская область-Кузбасс
    [REGION] => 
    [CITY] => Г.Белово ,пгт Грамотеино
    [ADDRESS_2] => 
)

internalExecute:
Array
(
    [TYPE_ID] => 4
    [ENTITY_TYPE_ID] => 3
    [ENTITY_ID] => 244850
    [STREET] => б-р Клюева
    [BUILDING] => 4
    [POSTAL_CODE] => 
    [COUNTRY] => Россия
    [PROVINCE] => Кемеровская область-Кузбасс
    [REGION] => 
    [CITY] => г.Ленинск-Кузнецкий
    [ADDRESS_2] => 36
)

internalExecute:
Array
(
    [TYPE_ID] => 4
    [ENTITY_TYPE_ID] => 3
    [ENTITY_ID] => 244850
    [STREET] => б-р Клюева
    [BUILDING] => 4
    [POSTAL_CODE] => 
    [COUNTRY] => Россия
    [PROVINCE] => Кемеровская область-Кузбасс
    [REGION] => 
    [CITY] => г.Ленинск-Кузнецкий
    [ADDRESS_2] => 36
)

internalExecute:
Array
(
    [TYPE_ID] => 4
    [ENTITY_TYPE_ID] => 3
    [ENTITY_ID] => 244853
    [STREET] => ул Комсомольская
    [BUILDING] => 26
    [POSTAL_CODE] => 
    [COUNTRY] => Россия
    [PROVINCE] => Ставропольский край
    [REGION] => Курский район
    [CITY] => ст Галюгаевская
    [ADDRESS_2] => 
)

internalExecute:
Array
(
    [TYPE_ID] => 4
    [ENTITY_TYPE_ID] => 3
    [ENTITY_ID] => 244853
    [STREET] => ул Комсомольская
    [BUILDING] => 26
    [POSTAL_CODE] => 
    [COUNTRY] => Россия
    [PROVINCE] => Ставропольский край
    [REGION] => Курский район
    [CITY] => ст Галюгаевская
    [ADDRESS_2] => 
)

internalExecute:
Array
(
    [TYPE_ID] => 1
    [ENTITY_TYPE_ID] => 3
    [ENTITY_ID] => 244853
    [STREET] => ул Комсомольская
    [BUILDING] => 26
    [POSTAL_CODE] => 
    [COUNTRY] => Россия
    [PROVINCE] => Ставропольский край
    [REGION] => Курский район
    [CITY] => ст Галюгаевская
    [ADDRESS_2] => 
)

internalExecute:
Array
(
    [TYPE_ID] => 1
    [ENTITY_TYPE_ID] => 3
    [ENTITY_ID] => 244853
    [STREET] => ул Комсомольская
    [BUILDING] => 26
    [POSTAL_CODE] => 
    [COUNTRY] => Россия
    [PROVINCE] => Ставропольский край
    [REGION] => Курский район
    [CITY] => ст Галюгаевская
    [ADDRESS_2] => 
)

internalExecute:
Array
(
    [TYPE_ID] => 4
    [ENTITY_TYPE_ID] => 3
    [ENTITY_ID] => 244854
    [STREET] => ул Комсомольская 
    [BUILDING] => 26
    [POSTAL_CODE] => 
    [COUNTRY] => Россия
    [PROVINCE] => Ставропольский край
    [REGION] => ст Галюлагаевская
    [CITY] => Курский район
    [ADDRESS_2] => 
)

internalExecute:
Array
(
    [TYPE_ID] => 4
    [ENTITY_TYPE_ID] => 3
    [ENTITY_ID] => 244854
    [STREET] => ул Комсомольская 
    [BUILDING] => 26
    [POSTAL_CODE] => 
    [COUNTRY] => Россия
    [PROVINCE] => Ставропольский край
    [REGION] => ст Галюлагаевская
    [CITY] => Курский район
    [ADDRESS_2] => 
)

internalExecute:
Array
(
    [TYPE_ID] => 1
    [ENTITY_TYPE_ID] => 3
    [ENTITY_ID] => 244854
    [STREET] => ул Комсомольская 
    [BUILDING] => 26
    [POSTAL_CODE] => 
    [COUNTRY] => Россия
    [PROVINCE] => Ставропольский край
    [REGION] => ст Галюлагаевская
    [CITY] => Курский район
    [ADDRESS_2] => 
)

internalExecute:
Array
(
    [TYPE_ID] => 1
    [ENTITY_TYPE_ID] => 3
    [ENTITY_ID] => 244854
    [STREET] => ул Комсомольская 
    [BUILDING] => 26
    [POSTAL_CODE] => 
    [COUNTRY] => Россия
    [PROVINCE] => Ставропольский край
    [REGION] => ст Галюлагаевская
    [CITY] => Курский район
    [ADDRESS_2] => 
)

internalExecute:
Array
(
    [TYPE_ID] => 4
    [ENTITY_TYPE_ID] => 3
    [ENTITY_ID] => 244855
    [STREET] => Энергетиков
    [BUILDING] => 14
    [POSTAL_CODE] => 667000
    [COUNTRY] => Россия
    [PROVINCE] => Республика Тыва
    [REGION] => 
    [CITY] => г. Кызыл
    [ADDRESS_2] => 
)

internalExecute:
Array
(
    [TYPE_ID] => 4
    [ENTITY_TYPE_ID] => 3
    [ENTITY_ID] => 244855
    [STREET] => Энергетиков
    [BUILDING] => 14
    [POSTAL_CODE] => 667000
    [COUNTRY] => Россия
    [PROVINCE] => Республика Тыва
    [REGION] => 
    [CITY] => г. Кызыл
    [ADDRESS_2] => 
)

internalExecute:
Array
(
    [TYPE_ID] => 1
    [ENTITY_TYPE_ID] => 3
    [ENTITY_ID] => 244855
    [STREET] => Комитетская
    [BUILDING] => 11
    [POSTAL_CODE] => 667000
    [COUNTRY] => Россия
    [PROVINCE] => Республика Тыва
    [REGION] => 
    [CITY] => г. Кызыл
    [ADDRESS_2] => 
)

internalExecute:
Array
(
    [TYPE_ID] => 1
    [ENTITY_TYPE_ID] => 3
    [ENTITY_ID] => 244855
    [STREET] => Комитетская
    [BUILDING] => 11
    [POSTAL_CODE] => 667000
    [COUNTRY] => Россия
    [PROVINCE] => Республика Тыва
    [REGION] => 
    [CITY] => г. Кызыл
    [ADDRESS_2] => 
)

internalExecute:
Array
(
    [TYPE_ID] => 4
    [ENTITY_TYPE_ID] => 3
    [ENTITY_ID] => 244856
    [STREET] => Центральная
    [BUILDING] => 8
    [POSTAL_CODE] => 668420
    [COUNTRY] => Россия
    [PROVINCE] => Республика Тыва
    [REGION] => Каа-хемский район
    [CITY] => с. Кундустуг
    [ADDRESS_2] => 
)

internalExecute:
Array
(
    [TYPE_ID] => 4
    [ENTITY_TYPE_ID] => 3
    [ENTITY_ID] => 244856
    [STREET] => Центральная
    [BUILDING] => 8
    [POSTAL_CODE] => 668420
    [COUNTRY] => Россия
    [PROVINCE] => Республика Тыва
    [REGION] => Каа-хемский район
    [CITY] => с. Кундустуг
    [ADDRESS_2] => 
)

internalExecute:
Array
(
    [TYPE_ID] => 4
    [ENTITY_TYPE_ID] => 3
    [ENTITY_ID] => 244873
    [STREET] => Ульяновская
    [BUILDING] => 51
    [POSTAL_CODE] => 659470
    [COUNTRY] => Россия
    [PROVINCE] => Алтайский край
    [REGION] => Ельцовский
    [CITY] => Ельцовка
    [ADDRESS_2] => 2
)

internalExecute:
Array
(
    [TYPE_ID] => 4
    [ENTITY_TYPE_ID] => 3
    [ENTITY_ID] => 244873
    [STREET] => Ульяновская
    [BUILDING] => 51
    [POSTAL_CODE] => 659470
    [COUNTRY] => Россия
    [PROVINCE] => Алтайский край
    [REGION] => Ельцовский
    [CITY] => Ельцовка
    [ADDRESS_2] => 2
)

internalExecute:
Array
(
    [TYPE_ID] => 1
    [ENTITY_TYPE_ID] => 3
    [ENTITY_ID] => 244873
    [STREET] => Ульяновская
    [BUILDING] => 51
    [POSTAL_CODE] => 659470
    [COUNTRY] => Россия
    [PROVINCE] => Алтайский край
    [REGION] => Ельцовский
    [CITY] => Ельцовка
    [ADDRESS_2] => 2
)

internalExecute:
Array
(
    [TYPE_ID] => 1
    [ENTITY_TYPE_ID] => 3
    [ENTITY_ID] => 244873
    [STREET] => Ульяновская
    [BUILDING] => 51
    [POSTAL_CODE] => 659470
    [COUNTRY] => Россия
    [PROVINCE] => Алтайский край
    [REGION] => Ельцовский
    [CITY] => Ельцовка
    [ADDRESS_2] => 2
)

internalExecute:
Array
(
    [TYPE_ID] => 4
    [ENTITY_TYPE_ID] => 3
    [ENTITY_ID] => 244874
    [STREET] => Садовая
    [BUILDING] => 23
    [POSTAL_CODE] => 659470
    [COUNTRY] => Россия
    [PROVINCE] => Алтайский край
    [REGION] => Ельцовский
    [CITY] => Ельцовка
    [ADDRESS_2] => -
)

internalExecute:
Array
(
    [TYPE_ID] => 4
    [ENTITY_TYPE_ID] => 3
    [ENTITY_ID] => 244874
    [STREET] => Садовая
    [BUILDING] => 23
    [POSTAL_CODE] => 659470
    [COUNTRY] => Россия
    [PROVINCE] => Алтайский край
    [REGION] => Ельцовский
    [CITY] => Ельцовка
    [ADDRESS_2] => -
)

internalExecute:
Array
(
    [TYPE_ID] => 4
    [ENTITY_TYPE_ID] => 3
    [ENTITY_ID] => 244875
    [STREET] => пер. Одон
    [BUILDING] => 4
    [POSTAL_CODE] => 671051
    [COUNTRY] => Россия
    [PROVINCE] => Республика Бурятия
    [REGION] => Иволгинский
    [CITY] => у. Нур-Селение
    [ADDRESS_2] => 
)

internalExecute:
Array
(
    [TYPE_ID] => 4
    [ENTITY_TYPE_ID] => 3
    [ENTITY_ID] => 244875
    [STREET] => пер. Одон
    [BUILDING] => 4
    [POSTAL_CODE] => 671051
    [COUNTRY] => Россия
    [PROVINCE] => Республика Бурятия
    [REGION] => Иволгинский
    [CITY] => у. Нур-Селение
    [ADDRESS_2] => 
)

internalExecute:
Array
(
    [TYPE_ID] => 1
    [ENTITY_TYPE_ID] => 3
    [ENTITY_ID] => 244875
    [STREET] => пер. Одон
    [BUILDING] => 4
    [POSTAL_CODE] => 671051
    [COUNTRY] => Россия
    [PROVINCE] => Республика Бурятия
    [REGION] => Иволгинский
    [CITY] => у. Нур-Селение
    [ADDRESS_2] => 
)

internalExecute:
Array
(
    [TYPE_ID] => 1
    [ENTITY_TYPE_ID] => 3
    [ENTITY_ID] => 244875
    [STREET] => пер. Одон
    [BUILDING] => 4
    [POSTAL_CODE] => 671051
    [COUNTRY] => Россия
    [PROVINCE] => Республика Бурятия
    [REGION] => Иволгинский
    [CITY] => у. Нур-Селение
    [ADDRESS_2] => 
)

internalExecute:
Array
(
    [TYPE_ID] => 4
    [ENTITY_TYPE_ID] => 3
    [ENTITY_ID] => 244876
    [STREET] => Гармаева
    [BUILDING] => 45
    [POSTAL_CODE] => 670013
    [COUNTRY] => Россия
    [PROVINCE] => Республика Бурятия
    [REGION] => 
    [CITY] => г. Улан-Удэ
    [ADDRESS_2] => 1
)

internalExecute:
Array
(
    [TYPE_ID] => 4
    [ENTITY_TYPE_ID] => 3
    [ENTITY_ID] => 244876
    [STREET] => Гармаева
    [BUILDING] => 45
    [POSTAL_CODE] => 670013
    [COUNTRY] => Россия
    [PROVINCE] => Республика Бурятия
    [REGION] => 
    [CITY] => г. Улан-Удэ
    [ADDRESS_2] => 1
)

internalExecute:
Array
(
    [TYPE_ID] => 4
    [ENTITY_TYPE_ID] => 3
    [ENTITY_ID] => 244877
    [STREET] => Нижняя Тулунжинская
    [BUILDING] => 36
    [POSTAL_CODE] => 670023
    [COUNTRY] => Россия
    [PROVINCE] => Республика Бурятия
    [REGION] => 
    [CITY] => г. Улан-Удэ
    [ADDRESS_2] => 
)

internalExecute:
Array
(
    [TYPE_ID] => 4
    [ENTITY_TYPE_ID] => 3
    [ENTITY_ID] => 244877
    [STREET] => Нижняя Тулунжинская
    [BUILDING] => 36
    [POSTAL_CODE] => 670023
    [COUNTRY] => Россия
    [PROVINCE] => Республика Бурятия
    [REGION] => 
    [CITY] => г. Улан-Удэ
    [ADDRESS_2] => 
)

internalExecute:
Array
(
    [TYPE_ID] => 1
    [ENTITY_TYPE_ID] => 3
    [ENTITY_ID] => 244877
    [STREET] => Нижняя Тулунжинская
    [BUILDING] => 36
    [POSTAL_CODE] => 670023
    [COUNTRY] => Россия
    [PROVINCE] => Республика Бурятия
    [REGION] => 
    [CITY] => г. Улан-Удэ
    [ADDRESS_2] => 
)

internalExecute:
Array
(
    [TYPE_ID] => 1
    [ENTITY_TYPE_ID] => 3
    [ENTITY_ID] => 244877
    [STREET] => Нижняя Тулунжинская
    [BUILDING] => 36
    [POSTAL_CODE] => 670023
    [COUNTRY] => Россия
    [PROVINCE] => Республика Бурятия
    [REGION] => 
    [CITY] => г. Улан-Удэ
    [ADDRESS_2] => 
)

internalExecute:
Array
(
    [TYPE_ID] => 4
    [ENTITY_TYPE_ID] => 3
    [ENTITY_ID] => 244878
    [STREET] => Мэлса Самбунва
    [BUILDING] => 18
    [POSTAL_CODE] => 
    [COUNTRY] => Россия
    [PROVINCE] => Республика бурятия
    [REGION] => Закаменский
    [CITY] => с. Санага
    [ADDRESS_2] => 
)

internalExecute:
Array
(
    [TYPE_ID] => 4
    [ENTITY_TYPE_ID] => 3
    [ENTITY_ID] => 244878
    [STREET] => Мэлса Самбунва
    [BUILDING] => 18
    [POSTAL_CODE] => 
    [COUNTRY] => Россия
    [PROVINCE] => Республика бурятия
    [REGION] => Закаменский
    [CITY] => с. Санага
    [ADDRESS_2] => 
)

internalExecute:
Array
(
    [TYPE_ID] => 4
    [ENTITY_TYPE_ID] => 3
    [ENTITY_ID] => 244882
    [STREET] => Ногмова
    [BUILDING] => 4
    [POSTAL_CODE] => 
    [COUNTRY] => Россия
    [PROVINCE] => Кабардино-Балкарская Республика
    [REGION] => Зольский
    [CITY] => Этоко
    [ADDRESS_2] => 
)

internalExecute:
Array
(
    [TYPE_ID] => 4
    [ENTITY_TYPE_ID] => 3
    [ENTITY_ID] => 244882
    [STREET] => Ногмова
    [BUILDING] => 4
    [POSTAL_CODE] => 
    [COUNTRY] => Россия
    [PROVINCE] => Кабардино-Балкарская Республика
    [REGION] => Зольский
    [CITY] => Этоко
    [ADDRESS_2] => 
)

internalExecute:
Array
(
    [TYPE_ID] => 1
    [ENTITY_TYPE_ID] => 3
    [ENTITY_ID] => 244882
    [STREET] => Ногмова
    [BUILDING] => 4
    [POSTAL_CODE] => 
    [COUNTRY] => Россия
    [PROVINCE] => Кабардино-Балкарская Республика
    [REGION] => Зольский
    [CITY] => Этоко
    [ADDRESS_2] => 
)

internalExecute:
Array
(
    [TYPE_ID] => 1
    [ENTITY_TYPE_ID] => 3
    [ENTITY_ID] => 244882
    [STREET] => Ногмова
    [BUILDING] => 4
    [POSTAL_CODE] => 
    [COUNTRY] => Россия
    [PROVINCE] => Кабардино-Балкарская Республика
    [REGION] => Зольский
    [CITY] => Этоко
    [ADDRESS_2] => 
)

internalExecute:
Array
(
    [TYPE_ID] => 4
    [ENTITY_TYPE_ID] => 3
    [ENTITY_ID] => 244883
    [STREET] => 
    [BUILDING] => 
    [POSTAL_CODE] => 
    [COUNTRY] => Россия
    [PROVINCE] => 
    [REGION] => 
    [CITY] => 
    [ADDRESS_2] => 
)

internalExecute:
Array
(
    [TYPE_ID] => 4
    [ENTITY_TYPE_ID] => 3
    [ENTITY_ID] => 244883
    [STREET] => 
    [BUILDING] => 
    [POSTAL_CODE] => 
    [COUNTRY] => Россия
    [PROVINCE] => 
    [REGION] => 
    [CITY] => 
    [ADDRESS_2] => 
)

internalExecute:
Array
(
    [TYPE_ID] => 4
    [ENTITY_TYPE_ID] => 3
    [ENTITY_ID] => 244886
    [STREET] => пер. Школьный
    [BUILDING] => 12
    [POSTAL_CODE] => 652840
    [COUNTRY] => Россия
    [PROVINCE] => Кемеровская область
    [REGION] => 
    [CITY] => гор. Мыски, пос. Подобасс
    [ADDRESS_2] => 
)

internalExecute:
Array
(
    [TYPE_ID] => 4
    [ENTITY_TYPE_ID] => 3
    [ENTITY_ID] => 244886
    [STREET] => пер. Школьный
    [BUILDING] => 12
    [POSTAL_CODE] => 652840
    [COUNTRY] => Россия
    [PROVINCE] => Кемеровская область
    [REGION] => 
    [CITY] => гор. Мыски, пос. Подобасс
    [ADDRESS_2] => 
)

internalExecute:
Array
(
    [TYPE_ID] => 1
    [ENTITY_TYPE_ID] => 3
    [ENTITY_ID] => 244886
    [STREET] => пер. Березовый
    [BUILDING] => 49
    [POSTAL_CODE] => 652840
    [COUNTRY] => Россия
    [PROVINCE] => Кемеровская область
    [REGION] => 
    [CITY] => гор. Мыски
    [ADDRESS_2] => 
)

internalExecute:
Array
(
    [TYPE_ID] => 1
    [ENTITY_TYPE_ID] => 3
    [ENTITY_ID] => 244886
    [STREET] => пер. Березовый
    [BUILDING] => 49
    [POSTAL_CODE] => 652840
    [COUNTRY] => Россия
    [PROVINCE] => Кемеровская область
    [REGION] => 
    [CITY] => гор. Мыски
    [ADDRESS_2] => 
)

internalExecute:
Array
(
    [TYPE_ID] => 4
    [ENTITY_TYPE_ID] => 3
    [ENTITY_ID] => 244887
    [STREET] => Краснобродская
    [BUILDING] => 6
    [POSTAL_CODE] => 652640
    [COUNTRY] => Россия
    [PROVINCE] => Кемеровская область
    [REGION] => 
    [CITY] => пгт Краснобродский
    [ADDRESS_2] => 1
)

internalExecute:
Array
(
    [TYPE_ID] => 4
    [ENTITY_TYPE_ID] => 3
    [ENTITY_ID] => 244887
    [STREET] => Краснобродская
    [BUILDING] => 6
    [POSTAL_CODE] => 652640
    [COUNTRY] => Россия
    [PROVINCE] => Кемеровская область
    [REGION] => 
    [CITY] => пгт Краснобродский
    [ADDRESS_2] => 1
)

internalExecute:
Array
(
    [TYPE_ID] => 4
    [ENTITY_TYPE_ID] => 3
    [ENTITY_ID] => 244888
    [STREET] => Гаджиева
    [BUILDING] => 1
    [POSTAL_CODE] => 368536
    [COUNTRY] => Россия
    [PROVINCE] => Республика Дагестан
    [REGION] => Карабудахкенсткий район
    [CITY] => Гели
    [ADDRESS_2] => 
)

internalExecute:
Array
(
    [TYPE_ID] => 4
    [ENTITY_TYPE_ID] => 3
    [ENTITY_ID] => 244888
    [STREET] => Гаджиева
    [BUILDING] => 1
    [POSTAL_CODE] => 368536
    [COUNTRY] => Россия
    [PROVINCE] => Республика Дагестан
    [REGION] => Карабудахкенсткий район
    [CITY] => Гели
    [ADDRESS_2] => 
)

internalExecute:
Array
(
    [TYPE_ID] => 1
    [ENTITY_TYPE_ID] => 3
    [ENTITY_ID] => 244888
    [STREET] => Гаджиева
    [BUILDING] => 1
    [POSTAL_CODE] => 368536
    [COUNTRY] => Россия
    [PROVINCE] => Республика Дагестан
    [REGION] => Карабудахкенсткий район
    [CITY] => Гели
    [ADDRESS_2] => 
)

internalExecute:
Array
(
    [TYPE_ID] => 1
    [ENTITY_TYPE_ID] => 3
    [ENTITY_ID] => 244888
    [STREET] => Гаджиева
    [BUILDING] => 1
    [POSTAL_CODE] => 368536
    [COUNTRY] => Россия
    [PROVINCE] => Республика Дагестан
    [REGION] => Карабудахкенсткий район
    [CITY] => Гели
    [ADDRESS_2] => 
)

internalExecute:
Array
(
    [TYPE_ID] => 4
    [ENTITY_TYPE_ID] => 3
    [ENTITY_ID] => 244889
    [STREET] => 
    [BUILDING] => 
    [POSTAL_CODE] => 
    [COUNTRY] => Россия
    [PROVINCE] => 
    [REGION] => 
    [CITY] => 
    [ADDRESS_2] => 
)

internalExecute:
Array
(
    [TYPE_ID] => 4
    [ENTITY_TYPE_ID] => 3
    [ENTITY_ID] => 244889
    [STREET] => 
    [BUILDING] => 
    [POSTAL_CODE] => 
    [COUNTRY] => Россия
    [PROVINCE] => 
    [REGION] => 
    [CITY] => 
    [ADDRESS_2] => 
)

internalExecute:
Array
(
    [TYPE_ID] => 4
    [ENTITY_TYPE_ID] => 3
    [ENTITY_ID] => 244895
    [STREET] => Ксанаева И. ул
    [BUILDING] => д 12
    [POSTAL_CODE] => 361805
    [COUNTRY] => Россия
    [PROVINCE] => Кабардино-Балкарская Респ
    [REGION] => Черекский р-н
    [CITY] => с Верхняя Жемтала
    [ADDRESS_2] => 
)

internalExecute:
Array
(
    [TYPE_ID] => 4
    [ENTITY_TYPE_ID] => 3
    [ENTITY_ID] => 244895
    [STREET] => Ксанаева И. ул
    [BUILDING] => д 12
    [POSTAL_CODE] => 361805
    [COUNTRY] => Россия
    [PROVINCE] => Кабардино-Балкарская Респ
    [REGION] => Черекский р-н
    [CITY] => с Верхняя Жемтала
    [ADDRESS_2] => 
)

internalExecute:
Array
(
    [TYPE_ID] => 1
    [ENTITY_TYPE_ID] => 3
    [ENTITY_ID] => 244895
    [STREET] => Ксанаева И. ул
    [BUILDING] => д 12
    [POSTAL_CODE] => 361805
    [COUNTRY] => Россия
    [PROVINCE] => Кабардино-Балкарская Респ
    [REGION] => Черекский р-н
    [CITY] => с Верхняя Жемтала
    [ADDRESS_2] => 
)

internalExecute:
Array
(
    [TYPE_ID] => 1
    [ENTITY_TYPE_ID] => 3
    [ENTITY_ID] => 244895
    [STREET] => Ксанаева И. ул
    [BUILDING] => д 12
    [POSTAL_CODE] => 361805
    [COUNTRY] => Россия
    [PROVINCE] => Кабардино-Балкарская Респ
    [REGION] => Черекский р-н
    [CITY] => с Верхняя Жемтала
    [ADDRESS_2] => 
)

internalExecute:
Array
(
    [TYPE_ID] => 4
    [ENTITY_TYPE_ID] => 3
    [ENTITY_ID] => 244897
    [STREET] => Ксанаева И. ул
    [BUILDING] => д 12
    [POSTAL_CODE] => 361805
    [COUNTRY] => Россия
    [PROVINCE] => Кабардино-Балкарская Респ
    [REGION] => Черекский р-н
    [CITY] => с Верхняя Жемтала
    [ADDRESS_2] => 
)

internalExecute:
Array
(
    [TYPE_ID] => 4
    [ENTITY_TYPE_ID] => 3
    [ENTITY_ID] => 244897
    [STREET] => Ксанаева И. ул
    [BUILDING] => д 12
    [POSTAL_CODE] => 361805
    [COUNTRY] => Россия
    [PROVINCE] => Кабардино-Балкарская Респ
    [REGION] => Черекский р-н
    [CITY] => с Верхняя Жемтала
    [ADDRESS_2] => 
)

internalExecute:
Array
(
    [TYPE_ID] => 4
    [ENTITY_TYPE_ID] => 3
    [ENTITY_ID] => 244904
    [STREET] => Горняцкий 2й переулок
    [BUILDING] => 4
    [POSTAL_CODE] => 650044
    [COUNTRY] => Россия
    [PROVINCE] => Кемеровская
    [REGION] => 
    [CITY] => Кемерово
    [ADDRESS_2] => 
)

internalExecute:
Array
(
    [TYPE_ID] => 4
    [ENTITY_TYPE_ID] => 3
    [ENTITY_ID] => 244904
    [STREET] => Горняцкий 2й переулок
    [BUILDING] => 4
    [POSTAL_CODE] => 650044
    [COUNTRY] => Россия
    [PROVINCE] => Кемеровская
    [REGION] => 
    [CITY] => Кемерово
    [ADDRESS_2] => 
)

internalExecute:
Array
(
    [TYPE_ID] => 1
    [ENTITY_TYPE_ID] => 3
    [ENTITY_ID] => 244904
    [STREET] => Горняцкий 2й переулок
    [BUILDING] => 4
    [POSTAL_CODE] => 650044
    [COUNTRY] => Россия
    [PROVINCE] => Кемеровская
    [REGION] => 
    [CITY] => Кемерово
    [ADDRESS_2] => 
)

internalExecute:
Array
(
    [TYPE_ID] => 1
    [ENTITY_TYPE_ID] => 3
    [ENTITY_ID] => 244904
    [STREET] => Горняцкий 2й переулок
    [BUILDING] => 4
    [POSTAL_CODE] => 650044
    [COUNTRY] => Россия
    [PROVINCE] => Кемеровская
    [REGION] => 
    [CITY] => Кемерово
    [ADDRESS_2] => 
)

internalExecute:
Array
(
    [TYPE_ID] => 4
    [ENTITY_TYPE_ID] => 3
    [ENTITY_ID] => 244905
    [STREET] => Чернышевского
    [BUILDING] => 17
    [POSTAL_CODE] => 
    [COUNTRY] => Россия
    [PROVINCE] => Кемеровская
    [REGION] => 
    [CITY] => Тайга
    [ADDRESS_2] => 
)

internalExecute:
Array
(
    [TYPE_ID] => 4
    [ENTITY_TYPE_ID] => 3
    [ENTITY_ID] => 244905
    [STREET] => Чернышевского
    [BUILDING] => 17
    [POSTAL_CODE] => 
    [COUNTRY] => Россия
    [PROVINCE] => Кемеровская
    [REGION] => 
    [CITY] => Тайга
    [ADDRESS_2] => 
)

internalExecute:
Array
(
    [TYPE_ID] => 4
    [ENTITY_TYPE_ID] => 3
    [ENTITY_ID] => 244906
    [STREET] => суворова
    [BUILDING] => 9
    [POSTAL_CODE] => 652519
    [COUNTRY] => Россия
    [PROVINCE] => кемеровская область-кузбасс
    [REGION] => 
    [CITY] => ленинск-кузнецкий
    [ADDRESS_2] => 66
)

internalExecute:
Array
(
    [TYPE_ID] => 4
    [ENTITY_TYPE_ID] => 3
    [ENTITY_ID] => 244906
    [STREET] => суворова
    [BUILDING] => 9
    [POSTAL_CODE] => 652519
    [COUNTRY] => Россия
    [PROVINCE] => кемеровская область-кузбасс
    [REGION] => 
    [CITY] => ленинск-кузнецкий
    [ADDRESS_2] => 66
)

internalExecute:
Array
(
    [TYPE_ID] => 1
    [ENTITY_TYPE_ID] => 3
    [ENTITY_ID] => 244906
    [STREET] => суворова
    [BUILDING] => 9
    [POSTAL_CODE] => 652519
    [COUNTRY] => Россия
    [PROVINCE] => кемеровская область-кузбасс
    [REGION] => 
    [CITY] => ленинск-кузнецкий
    [ADDRESS_2] => 66
)

internalExecute:
Array
(
    [TYPE_ID] => 1
    [ENTITY_TYPE_ID] => 3
    [ENTITY_ID] => 244906
    [STREET] => суворова
    [BUILDING] => 9
    [POSTAL_CODE] => 652519
    [COUNTRY] => Россия
    [PROVINCE] => кемеровская область-кузбасс
    [REGION] => 
    [CITY] => ленинск-кузнецкий
    [ADDRESS_2] => 66
)

internalExecute:
Array
(
    [TYPE_ID] => 4
    [ENTITY_TYPE_ID] => 3
    [ENTITY_ID] => 244907
    [STREET] => совхозная
    [BUILDING] => 47
    [POSTAL_CODE] => 652522
    [COUNTRY] => Россия
    [PROVINCE] => кемеровская область-кузбасс
    [REGION] => промыщленновский
    [CITY] => с краснинское
    [ADDRESS_2] => 
)

internalExecute:
Array
(
    [TYPE_ID] => 4
    [ENTITY_TYPE_ID] => 3
    [ENTITY_ID] => 244907
    [STREET] => совхозная
    [BUILDING] => 47
    [POSTAL_CODE] => 652522
    [COUNTRY] => Россия
    [PROVINCE] => кемеровская область-кузбасс
    [REGION] => промыщленновский
    [CITY] => с краснинское
    [ADDRESS_2] => 
)

internalExecute:
Array
(
    [TYPE_ID] => 4
    [ENTITY_TYPE_ID] => 3
    [ENTITY_ID] => 244908
    [STREET] => Алдан-Маадырская
    [BUILDING] => 51
    [POSTAL_CODE] => 668150
    [COUNTRY] => Россия
    [PROVINCE] => Республика Тыва
    [REGION] => Сут-Хольский район
    [CITY] => с. Суг-Аксы
    [ADDRESS_2] => 3
)

internalExecute:
Array
(
    [TYPE_ID] => 4
    [ENTITY_TYPE_ID] => 3
    [ENTITY_ID] => 244908
    [STREET] => Алдан-Маадырская
    [BUILDING] => 51
    [POSTAL_CODE] => 668150
    [COUNTRY] => Россия
    [PROVINCE] => Республика Тыва
    [REGION] => Сут-Хольский район
    [CITY] => с. Суг-Аксы
    [ADDRESS_2] => 3
)

internalExecute:
Array
(
    [TYPE_ID] => 1
    [ENTITY_TYPE_ID] => 3
    [ENTITY_ID] => 244908
    [STREET] => Алдан-Маадырская
    [BUILDING] => 51
    [POSTAL_CODE] => 668150
    [COUNTRY] => Россия
    [PROVINCE] => Республика Тыва
    [REGION] => Сут-Хольский район
    [CITY] => с. Суг-Аксы
    [ADDRESS_2] => 3
)

internalExecute:
Array
(
    [TYPE_ID] => 1
    [ENTITY_TYPE_ID] => 3
    [ENTITY_ID] => 244908
    [STREET] => Алдан-Маадырская
    [BUILDING] => 51
    [POSTAL_CODE] => 668150
    [COUNTRY] => Россия
    [PROVINCE] => Республика Тыва
    [REGION] => Сут-Хольский район
    [CITY] => с. Суг-Аксы
    [ADDRESS_2] => 3
)

internalExecute:
Array
(
    [TYPE_ID] => 4
    [ENTITY_TYPE_ID] => 3
    [ENTITY_ID] => 244909
    [STREET] => тер СНТ "Звезда" ул. Октаргай
    [BUILDING] => 4
    [POSTAL_CODE] => 667000
    [COUNTRY] => Россия
    [PROVINCE] => Республика Тыва
    [REGION] => 
    [CITY] => г. Кызыл
    [ADDRESS_2] => 
)

internalExecute:
Array
(
    [TYPE_ID] => 4
    [ENTITY_TYPE_ID] => 3
    [ENTITY_ID] => 244909
    [STREET] => тер СНТ "Звезда" ул. Октаргай
    [BUILDING] => 4
    [POSTAL_CODE] => 667000
    [COUNTRY] => Россия
    [PROVINCE] => Республика Тыва
    [REGION] => 
    [CITY] => г. Кызыл
    [ADDRESS_2] => 
)

internalExecute:
Array
(
    [TYPE_ID] => 4
    [ENTITY_TYPE_ID] => 3
    [ENTITY_ID] => 244910
    [STREET] => тер СНТ Звезда ул. Октаргай
    [BUILDING] => 4
    [POSTAL_CODE] => 667000
    [COUNTRY] => Россия
    [PROVINCE] => Республика Тыва
    [REGION] => 
    [CITY] => г. Кызыл
    [ADDRESS_2] => 
)

internalExecute:
Array
(
    [TYPE_ID] => 4
    [ENTITY_TYPE_ID] => 3
    [ENTITY_ID] => 244910
    [STREET] => тер СНТ Звезда ул. Октаргай
    [BUILDING] => 4
    [POSTAL_CODE] => 667000
    [COUNTRY] => Россия
    [PROVINCE] => Республика Тыва
    [REGION] => 
    [CITY] => г. Кызыл
    [ADDRESS_2] => 
)

internalExecute:
Array
(
    [TYPE_ID] => 4
    [ENTITY_TYPE_ID] => 3
    [ENTITY_ID] => 244941
    [STREET] => Киевская
    [BUILDING] => 51
    [POSTAL_CODE] => 652645
    [COUNTRY] => Россия
    [PROVINCE] => Кемеровская область
    [REGION] => 
    [CITY] => Белово пгт Новый Городок
    [ADDRESS_2] => 53
)

internalExecute:
Array
(
    [TYPE_ID] => 4
    [ENTITY_TYPE_ID] => 3
    [ENTITY_ID] => 244941
    [STREET] => Киевская
    [BUILDING] => 51
    [POSTAL_CODE] => 652645
    [COUNTRY] => Россия
    [PROVINCE] => Кемеровская область
    [REGION] => 
    [CITY] => Белово пгт Новый Городок
    [ADDRESS_2] => 53
)

internalExecute:
Array
(
    [TYPE_ID] => 1
    [ENTITY_TYPE_ID] => 3
    [ENTITY_ID] => 244941
    [STREET] => Киевская
    [BUILDING] => 51
    [POSTAL_CODE] => 652645
    [COUNTRY] => Россия
    [PROVINCE] => Кемеровская область
    [REGION] => 
    [CITY] => Белово пгт Новый Городок
    [ADDRESS_2] => 53
)

internalExecute:
Array
(
    [TYPE_ID] => 1
    [ENTITY_TYPE_ID] => 3
    [ENTITY_ID] => 244941
    [STREET] => Киевская
    [BUILDING] => 51
    [POSTAL_CODE] => 652645
    [COUNTRY] => Россия
    [PROVINCE] => Кемеровская область
    [REGION] => 
    [CITY] => Белово пгт Новый Городок
    [ADDRESS_2] => 53
)

internalExecute:
Array
(
    [TYPE_ID] => 4
    [ENTITY_TYPE_ID] => 3
    [ENTITY_ID] => 244942
    [STREET] => Ипподромная
    [BUILDING] => 31
    [POSTAL_CODE] => 630005
    [COUNTRY] => Россия
    [PROVINCE] => Новосибирская область
    [REGION] => 
    [CITY] => Новосибирск
    [ADDRESS_2] => 179
)

internalExecute:
Array
(
    [TYPE_ID] => 4
    [ENTITY_TYPE_ID] => 3
    [ENTITY_ID] => 244942
    [STREET] => Ипподромная
    [BUILDING] => 31
    [POSTAL_CODE] => 630005
    [COUNTRY] => Россия
    [PROVINCE] => Новосибирская область
    [REGION] => 
    [CITY] => Новосибирск
    [ADDRESS_2] => 179
)

internalExecute:
Array
(
    [TYPE_ID] => 1
    [ENTITY_TYPE_ID] => 4
    [ENTITY_ID] => 51694
    [STREET] => ул. Тургенева
    [BUILDING] => 39
    [POSTAL_CODE] => 
    [COUNTRY] => 
    [PROVINCE] => Край Пермский
    [REGION] => 
    [CITY] => г. Пермь
    [ADDRESS_2] => 
)

internalExecute:
Array
(
    [TYPE_ID] => 1
    [ENTITY_TYPE_ID] => 4
    [ENTITY_ID] => 51694
    [STREET] => ул. Тургенева
    [BUILDING] => 39
    [POSTAL_CODE] => 
    [COUNTRY] => 
    [PROVINCE] => Край Пермский
    [REGION] => 
    [CITY] => г. Пермь
    [ADDRESS_2] => 
)

internalExecute:
Array
(
    [TYPE_ID] => 4
    [ENTITY_TYPE_ID] => 3
    [ENTITY_ID] => 244944
    [STREET] => Ольховая ул
    [BUILDING] => 2 д
    [POSTAL_CODE] => 620920
    [COUNTRY] => Россия
    [PROVINCE] => Свердловская обл
    [REGION] => 
    [CITY] => Екатеринбург г
    [ADDRESS_2] => 1
)

internalExecute:
Array
(
    [TYPE_ID] => 4
    [ENTITY_TYPE_ID] => 3
    [ENTITY_ID] => 244944
    [STREET] => Ольховая ул
    [BUILDING] => 2 д
    [POSTAL_CODE] => 620920
    [COUNTRY] => Россия
    [PROVINCE] => Свердловская обл
    [REGION] => 
    [CITY] => Екатеринбург г
    [ADDRESS_2] => 1
)

internalExecute:
Array
(
    [TYPE_ID] => 1
    [ENTITY_TYPE_ID] => 3
    [ENTITY_ID] => 244944
    [STREET] => Ольховая ул
    [BUILDING] => 2 д
    [POSTAL_CODE] => 620920
    [COUNTRY] => Россия
    [PROVINCE] => Свердловская обл
    [REGION] => 
    [CITY] => Екатеринбург г
    [ADDRESS_2] => 1
)

internalExecute:
Array
(
    [TYPE_ID] => 1
    [ENTITY_TYPE_ID] => 3
    [ENTITY_ID] => 244944
    [STREET] => Ольховая ул
    [BUILDING] => 2 д
    [POSTAL_CODE] => 620920
    [COUNTRY] => Россия
    [PROVINCE] => Свердловская обл
    [REGION] => 
    [CITY] => Екатеринбург г
    [ADDRESS_2] => 1
)

internalExecute:
Array
(
    [TYPE_ID] => 6
    [ENTITY_TYPE_ID] => 4
    [ENTITY_ID] => 51696
    [STREET] => Ольховская ул
    [BUILDING] => 23 д
    [POSTAL_CODE] => 620141
    [COUNTRY] => Россия
    [PROVINCE] => Свердловская обл
    [REGION] => 
    [CITY] => Екатеринбург г
    [ADDRESS_2] => 
)

internalExecute:
Array
(
    [TYPE_ID] => 6
    [ENTITY_TYPE_ID] => 4
    [ENTITY_ID] => 51696
    [STREET] => Ольховская ул
    [BUILDING] => 23 д
    [POSTAL_CODE] => 620141
    [COUNTRY] => Россия
    [PROVINCE] => Свердловская обл
    [REGION] => 
    [CITY] => Екатеринбург г
    [ADDRESS_2] => 
)

internalExecute:
Array
(
    [TYPE_ID] => 4
    [ENTITY_TYPE_ID] => 3
    [ENTITY_ID] => 244947
    [STREET] => пер.Передовой 
    [BUILDING] => 4
    [POSTAL_CODE] => 
    [COUNTRY] => Россия
    [PROVINCE] => Кемеровская область -Кузбасс
    [REGION] => 
    [CITY] => г.Ленинск-Кузнецкий
    [ADDRESS_2] => 
)

internalExecute:
Array
(
    [TYPE_ID] => 4
    [ENTITY_TYPE_ID] => 3
    [ENTITY_ID] => 244947
    [STREET] => пер.Передовой 
    [BUILDING] => 4
    [POSTAL_CODE] => 
    [COUNTRY] => Россия
    [PROVINCE] => Кемеровская область -Кузбасс
    [REGION] => 
    [CITY] => г.Ленинск-Кузнецкий
    [ADDRESS_2] => 
)

internalExecute:
Array
(
    [TYPE_ID] => 1
    [ENTITY_TYPE_ID] => 3
    [ENTITY_ID] => 244947
    [STREET] => пер.Передовой 
    [BUILDING] => 4
    [POSTAL_CODE] => 
    [COUNTRY] => Россия
    [PROVINCE] => Кемеровская область -Кузбасс
    [REGION] => 
    [CITY] => г.Ленинск-Кузнецкий
    [ADDRESS_2] => 
)

internalExecute:
Array
(
    [TYPE_ID] => 1
    [ENTITY_TYPE_ID] => 3
    [ENTITY_ID] => 244947
    [STREET] => пер.Передовой 
    [BUILDING] => 4
    [POSTAL_CODE] => 
    [COUNTRY] => Россия
    [PROVINCE] => Кемеровская область -Кузбасс
    [REGION] => 
    [CITY] => г.Ленинск-Кузнецкий
    [ADDRESS_2] => 
)

internalExecute:
Array
(
    [TYPE_ID] => 4
    [ENTITY_TYPE_ID] => 3
    [ENTITY_ID] => 244948
    [STREET] => Сурикова
    [BUILDING] => 19
    [POSTAL_CODE] => 
    [COUNTRY] => Россия
    [PROVINCE] => Кемеровская область-Кузбасс
    [REGION] => 
    [CITY] => г.Ленинск-Кузнецкий
    [ADDRESS_2] => 
)

internalExecute:
Array
(
    [TYPE_ID] => 4
    [ENTITY_TYPE_ID] => 3
    [ENTITY_ID] => 244948
    [STREET] => Сурикова
    [BUILDING] => 19
    [POSTAL_CODE] => 
    [COUNTRY] => Россия
    [PROVINCE] => Кемеровская область-Кузбасс
    [REGION] => 
    [CITY] => г.Ленинск-Кузнецкий
    [ADDRESS_2] => 
)

internalExecute:
Array
(
    [TYPE_ID] => 4
    [ENTITY_TYPE_ID] => 3
    [ENTITY_ID] => 244949
    [STREET] => Молодежная
    [BUILDING] => 9
    [POSTAL_CODE] => 
    [COUNTRY] => Россия
    [PROVINCE] => Кемеровская область-Кузбасс
    [REGION] => Крапивинский
    [CITY] => с.Борисово
    [ADDRESS_2] => 2
)

internalExecute:
Array
(
    [TYPE_ID] => 4
    [ENTITY_TYPE_ID] => 3
    [ENTITY_ID] => 244949
    [STREET] => Молодежная
    [BUILDING] => 9
    [POSTAL_CODE] => 
    [COUNTRY] => Россия
    [PROVINCE] => Кемеровская область-Кузбасс
    [REGION] => Крапивинский
    [CITY] => с.Борисово
    [ADDRESS_2] => 2
)

internalExecute:
Array
(
    [TYPE_ID] => 4
    [ENTITY_TYPE_ID] => 3
    [ENTITY_ID] => 244955
    [STREET] => Партизанская 
    [BUILDING] => 14
    [POSTAL_CODE] => 
    [COUNTRY] => Россия
    [PROVINCE] => Республика Саха (Якутия)
    [REGION] => Мегино-Кангаласский
    [CITY] => Майя
    [ADDRESS_2] => 
)

internalExecute:
Array
(
    [TYPE_ID] => 4
    [ENTITY_TYPE_ID] => 3
    [ENTITY_ID] => 244955
    [STREET] => Партизанская 
    [BUILDING] => 14
    [POSTAL_CODE] => 
    [COUNTRY] => Россия
    [PROVINCE] => Республика Саха (Якутия)
    [REGION] => Мегино-Кангаласский
    [CITY] => Майя
    [ADDRESS_2] => 
)

internalExecute:
Array
(
    [TYPE_ID] => 1
    [ENTITY_TYPE_ID] => 3
    [ENTITY_ID] => 244955
    [STREET] => Воинская
    [BUILDING] => 9/2
    [POSTAL_CODE] => 
    [COUNTRY] => Россия
    [PROVINCE] => Республика Саха (Якутия)
    [REGION] => Якутск
    [CITY] => 
    [ADDRESS_2] => 24
)

internalExecute:
Array
(
    [TYPE_ID] => 1
    [ENTITY_TYPE_ID] => 3
    [ENTITY_ID] => 244955
    [STREET] => Воинская
    [BUILDING] => 9/2
    [POSTAL_CODE] => 
    [COUNTRY] => Россия
    [PROVINCE] => Республика Саха (Якутия)
    [REGION] => Якутск
    [CITY] => 
    [ADDRESS_2] => 24
)

internalExecute:
Array
(
    [TYPE_ID] => 4
    [ENTITY_TYPE_ID] => 3
    [ENTITY_ID] => 244956
    [STREET] => Халбаат
    [BUILDING] => 11
    [POSTAL_CODE] => 
    [COUNTRY] => Россия
    [PROVINCE] => Республика Саха (Якутия)
    [REGION] => Сунтарский
    [CITY] => Шея
    [ADDRESS_2] => 
)

internalExecute:
Array
(
    [TYPE_ID] => 4
    [ENTITY_TYPE_ID] => 3
    [ENTITY_ID] => 244956
    [STREET] => Халбаат
    [BUILDING] => 11
    [POSTAL_CODE] => 
    [COUNTRY] => Россия
    [PROVINCE] => Республика Саха (Якутия)
    [REGION] => Сунтарский
    [CITY] => Шея
    [ADDRESS_2] => 
)

internalExecute:
Array
(
    [TYPE_ID] => 4
    [ENTITY_TYPE_ID] => 3
    [ENTITY_ID] => 244978
    [STREET] => Ломоносова ул
    [BUILDING] => д 69
    [POSTAL_CODE] => 360015
    [COUNTRY] => Россия
    [PROVINCE] => Кабардино-Балкарская Респ
    [REGION] => 
    [CITY] => г Нальчик
    [ADDRESS_2] => 
)

internalExecute:
Array
(
    [TYPE_ID] => 4
    [ENTITY_TYPE_ID] => 3
    [ENTITY_ID] => 244978
    [STREET] => Ломоносова ул
    [BUILDING] => д 69
    [POSTAL_CODE] => 360015
    [COUNTRY] => Россия
    [PROVINCE] => Кабардино-Балкарская Респ
    [REGION] => 
    [CITY] => г Нальчик
    [ADDRESS_2] => 
)

internalExecute:
Array
(
    [TYPE_ID] => 1
    [ENTITY_TYPE_ID] => 3
    [ENTITY_ID] => 244978
    [STREET] => Ломоносова ул
    [BUILDING] => д 69
    [POSTAL_CODE] => 360015
    [COUNTRY] => Россия
    [PROVINCE] => Кабардино-Балкарская Респ
    [REGION] => 
    [CITY] => г Нальчик
    [ADDRESS_2] => 
)

internalExecute:
Array
(
    [TYPE_ID] => 1
    [ENTITY_TYPE_ID] => 3
    [ENTITY_ID] => 244978
    [STREET] => Ломоносова ул
    [BUILDING] => д 69
    [POSTAL_CODE] => 360015
    [COUNTRY] => Россия
    [PROVINCE] => Кабардино-Балкарская Респ
    [REGION] => 
    [CITY] => г Нальчик
    [ADDRESS_2] => 
)

internalExecute:
Array
(
    [TYPE_ID] => 4
    [ENTITY_TYPE_ID] => 3
    [ENTITY_ID] => 244979
    [STREET] => Ломоносова ул
    [BUILDING] => 69
    [POSTAL_CODE] => 360015
    [COUNTRY] => Россия
    [PROVINCE] => Кабардино-Балкарская Респ
    [REGION] => 
    [CITY] => г Нальчик
    [ADDRESS_2] => 
)

internalExecute:
Array
(
    [TYPE_ID] => 4
    [ENTITY_TYPE_ID] => 3
    [ENTITY_ID] => 244979
    [STREET] => Ломоносова ул
    [BUILDING] => 69
    [POSTAL_CODE] => 360015
    [COUNTRY] => Россия
    [PROVINCE] => Кабардино-Балкарская Респ
    [REGION] => 
    [CITY] => г Нальчик
    [ADDRESS_2] => 
)

internalExecute:
Array
(
    [TYPE_ID] => 1
    [ENTITY_TYPE_ID] => 3
    [ENTITY_ID] => 244979
    [STREET] => Ломоносова ул
    [BUILDING] => 69
    [POSTAL_CODE] => 360015
    [COUNTRY] => Россия
    [PROVINCE] => Кабардино-Балкарская Респ
    [REGION] => 
    [CITY] => г Нальчик
    [ADDRESS_2] => 
)

internalExecute:
Array
(
    [TYPE_ID] => 1
    [ENTITY_TYPE_ID] => 3
    [ENTITY_ID] => 244979
    [STREET] => Ломоносова ул
    [BUILDING] => 69
    [POSTAL_CODE] => 360015
    [COUNTRY] => Россия
    [PROVINCE] => Кабардино-Балкарская Респ
    [REGION] => 
    [CITY] => г Нальчик
    [ADDRESS_2] => 
)

internalExecute:
Array
(
    [TYPE_ID] => 4
    [ENTITY_TYPE_ID] => 3
    [ENTITY_ID] => 244980
    [STREET] => Ломоносова ул
    [BUILDING] => д 69
    [POSTAL_CODE] => 360015
    [COUNTRY] => Россия
    [PROVINCE] => Кабардино-Балкарская Респ
    [REGION] => 
    [CITY] => г Нальчик
    [ADDRESS_2] => 
)

internalExecute:
Array
(
    [TYPE_ID] => 4
    [ENTITY_TYPE_ID] => 3
    [ENTITY_ID] => 244980
    [STREET] => Ломоносова ул
    [BUILDING] => д 69
    [POSTAL_CODE] => 360015
    [COUNTRY] => Россия
    [PROVINCE] => Кабардино-Балкарская Респ
    [REGION] => 
    [CITY] => г Нальчик
    [ADDRESS_2] => 
)

internalExecute:
Array
(
    [TYPE_ID] => 4
    [ENTITY_TYPE_ID] => 3
    [ENTITY_ID] => 245054
    [STREET] => к маркса
    [BUILDING] => 8
    [POSTAL_CODE] => 652522
    [COUNTRY] => Россия
    [PROVINCE] => кемеровская область кузбасс
    [REGION] => таштагольский
    [CITY] => город таштагол
    [ADDRESS_2] => 
)

internalExecute:
Array
(
    [TYPE_ID] => 4
    [ENTITY_TYPE_ID] => 3
    [ENTITY_ID] => 245054
    [STREET] => к маркса
    [BUILDING] => 8
    [POSTAL_CODE] => 652522
    [COUNTRY] => Россия
    [PROVINCE] => кемеровская область кузбасс
    [REGION] => таштагольский
    [CITY] => город таштагол
    [ADDRESS_2] => 
)

internalExecute:
Array
(
    [TYPE_ID] => 1
    [ENTITY_TYPE_ID] => 3
    [ENTITY_ID] => 245054
    [STREET] => к маркса
    [BUILDING] => 8
    [POSTAL_CODE] => 652522
    [COUNTRY] => Россия
    [PROVINCE] => кемеровская область кузбасс
    [REGION] => таштагольский
    [CITY] => город таштагол
    [ADDRESS_2] => 
)

internalExecute:
Array
(
    [TYPE_ID] => 1
    [ENTITY_TYPE_ID] => 3
    [ENTITY_ID] => 245054
    [STREET] => к маркса
    [BUILDING] => 8
    [POSTAL_CODE] => 652522
    [COUNTRY] => Россия
    [PROVINCE] => кемеровская область кузбасс
    [REGION] => таштагольский
    [CITY] => город таштагол
    [ADDRESS_2] => 
)

internalExecute:
Array
(
    [TYPE_ID] => 4
    [ENTITY_TYPE_ID] => 3
    [ENTITY_ID] => 245055
    [STREET] => зои космедемьянской
    [BUILDING] => 19
    [POSTAL_CODE] => 652519
    [COUNTRY] => Россия
    [PROVINCE] => кемеровская область кузбасс
    [REGION] => 
    [CITY] => город ленинск-кузнецкий
    [ADDRESS_2] => 11
)

internalExecute:
Array
(
    [TYPE_ID] => 4
    [ENTITY_TYPE_ID] => 3
    [ENTITY_ID] => 245055
    [STREET] => зои космедемьянской
    [BUILDING] => 19
    [POSTAL_CODE] => 652519
    [COUNTRY] => Россия
    [PROVINCE] => кемеровская область кузбасс
    [REGION] => 
    [CITY] => город ленинск-кузнецкий
    [ADDRESS_2] => 11
)

internalExecute:
Array
(
    [TYPE_ID] => 1
    [ENTITY_TYPE_ID] => 3
    [ENTITY_ID] => 245055
    [STREET] => зои космедемьянской
    [BUILDING] => 19
    [POSTAL_CODE] => 652519
    [COUNTRY] => Россия
    [PROVINCE] => кемеровская область кузбасс
    [REGION] => 
    [CITY] => город ленинск-кузнецкий
    [ADDRESS_2] => 11
)

internalExecute:
Array
(
    [TYPE_ID] => 1
    [ENTITY_TYPE_ID] => 3
    [ENTITY_ID] => 245055
    [STREET] => зои космедемьянской
    [BUILDING] => 19
    [POSTAL_CODE] => 652519
    [COUNTRY] => Россия
    [PROVINCE] => кемеровская область кузбасс
    [REGION] => 
    [CITY] => город ленинск-кузнецкий
    [ADDRESS_2] => 11
)

internalExecute:
Array
(
    [TYPE_ID] => 4
    [ENTITY_TYPE_ID] => 3
    [ENTITY_ID] => 245056
    [STREET] => зои космедемьянской
    [BUILDING] => 19
    [POSTAL_CODE] => 652519
    [COUNTRY] => Россия
    [PROVINCE] => кемеровская область
    [REGION] => 
    [CITY] => ленинск-кузнецкий
    [ADDRESS_2] => 11
)

internalExecute:
Array
(
    [TYPE_ID] => 4
    [ENTITY_TYPE_ID] => 3
    [ENTITY_ID] => 245056
    [STREET] => зои космедемьянской
    [BUILDING] => 19
    [POSTAL_CODE] => 652519
    [COUNTRY] => Россия
    [PROVINCE] => кемеровская область
    [REGION] => 
    [CITY] => ленинск-кузнецкий
    [ADDRESS_2] => 11
)

internalExecute:
Array
(
    [TYPE_ID] => 4
    [ENTITY_TYPE_ID] => 3
    [ENTITY_ID] => 245082
    [STREET] => Интернациональная
    [BUILDING] => 22
    [POSTAL_CODE] => 296143
    [COUNTRY] => Россия
    [PROVINCE] => Республика Крым
    [REGION] => Джанкойский 
    [CITY] => с. Маслово 
    [ADDRESS_2] => 
)

internalExecute:
Array
(
    [TYPE_ID] => 4
    [ENTITY_TYPE_ID] => 3
    [ENTITY_ID] => 245082
    [STREET] => Интернациональная
    [BUILDING] => 22
    [POSTAL_CODE] => 296143
    [COUNTRY] => Россия
    [PROVINCE] => Республика Крым
    [REGION] => Джанкойский 
    [CITY] => с. Маслово 
    [ADDRESS_2] => 
)

internalExecute:
Array
(
    [TYPE_ID] => 1
    [ENTITY_TYPE_ID] => 3
    [ENTITY_ID] => 245082
    [STREET] => Интернациональная
    [BUILDING] => 22
    [POSTAL_CODE] => 296143
    [COUNTRY] => Россия
    [PROVINCE] => Республика Крым
    [REGION] => Джанкойский 
    [CITY] => с. Маслово 
    [ADDRESS_2] => 
)

internalExecute:
Array
(
    [TYPE_ID] => 1
    [ENTITY_TYPE_ID] => 3
    [ENTITY_ID] => 245082
    [STREET] => Интернациональная
    [BUILDING] => 22
    [POSTAL_CODE] => 296143
    [COUNTRY] => Россия
    [PROVINCE] => Республика Крым
    [REGION] => Джанкойский 
    [CITY] => с. Маслово 
    [ADDRESS_2] => 
)

internalExecute:
Array
(
    [TYPE_ID] => 4
    [ENTITY_TYPE_ID] => 3
    [ENTITY_ID] => 245083
    [STREET] => Интернациональная
    [BUILDING] => 22
    [POSTAL_CODE] => 296143
    [COUNTRY] => Россия
    [PROVINCE] => Крым
    [REGION] => Джанкойский
    [CITY] => с. Маслово
    [ADDRESS_2] => 
)

internalExecute:
Array
(
    [TYPE_ID] => 4
    [ENTITY_TYPE_ID] => 3
    [ENTITY_ID] => 245083
    [STREET] => Интернациональная
    [BUILDING] => 22
    [POSTAL_CODE] => 296143
    [COUNTRY] => Россия
    [PROVINCE] => Крым
    [REGION] => Джанкойский
    [CITY] => с. Маслово
    [ADDRESS_2] => 
)

internalExecute:
Array
(
    [TYPE_ID] => 1
    [ENTITY_TYPE_ID] => 4
    [ENTITY_ID] => 51791
    [STREET] => ул. Ленина
    [BUILDING] => 41
    [POSTAL_CODE] => 
    [COUNTRY] => 
    [PROVINCE] => Респ. Дагестан
    [REGION] => 
    [CITY] => г. Каспийск
    [ADDRESS_2] => 363
)

internalExecute:
Array
(
    [TYPE_ID] => 1
    [ENTITY_TYPE_ID] => 4
    [ENTITY_ID] => 51791
    [STREET] => ул. Ленина
    [BUILDING] => 41
    [POSTAL_CODE] => 
    [COUNTRY] => 
    [PROVINCE] => Респ. Дагестан
    [REGION] => 
    [CITY] => г. Каспийск
    [ADDRESS_2] => 363
)

internalExecute:
Array
(
    [TYPE_ID] => 1
    [ENTITY_TYPE_ID] => 4
    [ENTITY_ID] => 51792
    [STREET] => Пер. Клубный
    [BUILDING] => 11
    [POSTAL_CODE] => 
    [COUNTRY] => 
    [PROVINCE] => Край Ставропольский
    [REGION] => 
    [CITY] => г. Невинномысск
    [ADDRESS_2] => 
)

internalExecute:
Array
(
    [TYPE_ID] => 1
    [ENTITY_TYPE_ID] => 4
    [ENTITY_ID] => 51792
    [STREET] => Пер. Клубный
    [BUILDING] => 11
    [POSTAL_CODE] => 
    [COUNTRY] => 
    [PROVINCE] => Край Ставропольский
    [REGION] => 
    [CITY] => г. Невинномысск
    [ADDRESS_2] => 
)

internalExecute:
Array
(
    [TYPE_ID] => 4
    [ENTITY_TYPE_ID] => 3
    [ENTITY_ID] => 245086
    [STREET] => М.Самбуева
    [BUILDING] => 16
    [POSTAL_CODE] => 671930
    [COUNTRY] => Россия
    [PROVINCE] => Республика Бурятия
    [REGION] => Закаменский
    [CITY] => с. Санага
    [ADDRESS_2] => 
)

internalExecute:
Array
(
    [TYPE_ID] => 4
    [ENTITY_TYPE_ID] => 3
    [ENTITY_ID] => 245086
    [STREET] => М.Самбуева
    [BUILDING] => 16
    [POSTAL_CODE] => 671930
    [COUNTRY] => Россия
    [PROVINCE] => Республика Бурятия
    [REGION] => Закаменский
    [CITY] => с. Санага
    [ADDRESS_2] => 
)

internalExecute:
Array
(
    [TYPE_ID] => 4
    [ENTITY_TYPE_ID] => 3
    [ENTITY_ID] => 245093
    [STREET] => Московская
    [BUILDING] => 68
    [POSTAL_CODE] => 
    [COUNTRY] => Россия
    [PROVINCE] => Владимирская область
    [REGION] => 
    [CITY] => город Муром
    [ADDRESS_2] => 57
)

internalExecute:
Array
(
    [TYPE_ID] => 4
    [ENTITY_TYPE_ID] => 3
    [ENTITY_ID] => 245093
    [STREET] => Московская
    [BUILDING] => 68
    [POSTAL_CODE] => 
    [COUNTRY] => Россия
    [PROVINCE] => Владимирская область
    [REGION] => 
    [CITY] => город Муром
    [ADDRESS_2] => 57
)

internalExecute:
Array
(
    [TYPE_ID] => 1
    [ENTITY_TYPE_ID] => 3
    [ENTITY_ID] => 245093
    [STREET] => Московская
    [BUILDING] => 68
    [POSTAL_CODE] => 
    [COUNTRY] => Россия
    [PROVINCE] => Владимирская область
    [REGION] => 
    [CITY] => город Муром
    [ADDRESS_2] => 57
)

internalExecute:
Array
(
    [TYPE_ID] => 1
    [ENTITY_TYPE_ID] => 3
    [ENTITY_ID] => 245093
    [STREET] => Московская
    [BUILDING] => 68
    [POSTAL_CODE] => 
    [COUNTRY] => Россия
    [PROVINCE] => Владимирская область
    [REGION] => 
    [CITY] => город Муром
    [ADDRESS_2] => 57
)

internalExecute:
Array
(
    [TYPE_ID] => 4
    [ENTITY_TYPE_ID] => 3
    [ENTITY_ID] => 245094
    [STREET] => переулок Гибней
    [BUILDING] => 617
    [POSTAL_CODE] => 
    [COUNTRY] => Россия
    [PROVINCE] => Канада 
    [REGION] => Онтарио
    [CITY] => город Ньюмаркет
    [ADDRESS_2] => 
)

internalExecute:
Array
(
    [TYPE_ID] => 4
    [ENTITY_TYPE_ID] => 3
    [ENTITY_ID] => 245094
    [STREET] => переулок Гибней
    [BUILDING] => 617
    [POSTAL_CODE] => 
    [COUNTRY] => Россия
    [PROVINCE] => Канада 
    [REGION] => Онтарио
    [CITY] => город Ньюмаркет
    [ADDRESS_2] => 
)

internalExecute:
Array
(
    [TYPE_ID] => 4
    [ENTITY_TYPE_ID] => 3
    [ENTITY_ID] => 245096
    [STREET] => Гагарина
    [BUILDING] => 19
    [POSTAL_CODE] => 668380
    [COUNTRY] => Россия
    [PROVINCE] => Республика Тыва
    [REGION] => Эрзинский 
    [CITY] => Эрзин
    [ADDRESS_2] => 2
)

internalExecute:
Array
(
    [TYPE_ID] => 4
    [ENTITY_TYPE_ID] => 3
    [ENTITY_ID] => 245096
    [STREET] => Гагарина
    [BUILDING] => 19
    [POSTAL_CODE] => 668380
    [COUNTRY] => Россия
    [PROVINCE] => Республика Тыва
    [REGION] => Эрзинский 
    [CITY] => Эрзин
    [ADDRESS_2] => 2
)

internalExecute:
Array
(
    [TYPE_ID] => 1
    [ENTITY_TYPE_ID] => 3
    [ENTITY_ID] => 245096
    [STREET] => Гагарина
    [BUILDING] => 19
    [POSTAL_CODE] => 668380
    [COUNTRY] => Россия
    [PROVINCE] => Республика Тыва
    [REGION] => Эрзинский 
    [CITY] => Эрзин
    [ADDRESS_2] => 2
)

internalExecute:
Array
(
    [TYPE_ID] => 1
    [ENTITY_TYPE_ID] => 3
    [ENTITY_ID] => 245096
    [STREET] => Гагарина
    [BUILDING] => 19
    [POSTAL_CODE] => 668380
    [COUNTRY] => Россия
    [PROVINCE] => Республика Тыва
    [REGION] => Эрзинский 
    [CITY] => Эрзин
    [ADDRESS_2] => 2
)

internalExecute:
Array
(
    [TYPE_ID] => 4
    [ENTITY_TYPE_ID] => 3
    [ENTITY_ID] => 245097
    [STREET] => Кочетова
    [BUILDING] => 30а
    [POSTAL_CODE] => 667000
    [COUNTRY] => Россия
    [PROVINCE] => Республика Тыва
    [REGION] => 
    [CITY] => Кызыл
    [ADDRESS_2] => 4
)

internalExecute:
Array
(
    [TYPE_ID] => 4
    [ENTITY_TYPE_ID] => 3
    [ENTITY_ID] => 245097
    [STREET] => Кочетова
    [BUILDING] => 30а
    [POSTAL_CODE] => 667000
    [COUNTRY] => Россия
    [PROVINCE] => Республика Тыва
    [REGION] => 
    [CITY] => Кызыл
    [ADDRESS_2] => 4
)

internalExecute:
Array
(
    [TYPE_ID] => 4
    [ENTITY_TYPE_ID] => 3
    [ENTITY_ID] => 245109
    [STREET] => Шевченко
    [BUILDING] => 2 к.1
    [POSTAL_CODE] => 
    [COUNTRY] => Россия
    [PROVINCE] => Республика Саха (Якутия)
    [REGION] => 
    [CITY] => Якутск
    [ADDRESS_2] => 12
)

internalExecute:
Array
(
    [TYPE_ID] => 4
    [ENTITY_TYPE_ID] => 3
    [ENTITY_ID] => 245109
    [STREET] => Шевченко
    [BUILDING] => 2 к.1
    [POSTAL_CODE] => 
    [COUNTRY] => Россия
    [PROVINCE] => Республика Саха (Якутия)
    [REGION] => 
    [CITY] => Якутск
    [ADDRESS_2] => 12
)

internalExecute:
Array
(
    [TYPE_ID] => 1
    [ENTITY_TYPE_ID] => 3
    [ENTITY_ID] => 245109
    [STREET] => Рыдзинского
    [BUILDING] => 18/9
    [POSTAL_CODE] => 
    [COUNTRY] => Россия
    [PROVINCE] => Республика Саха (Якутия)
    [REGION] => 
    [CITY] => Якутск
    [ADDRESS_2] => 
)

internalExecute:
Array
(
    [TYPE_ID] => 1
    [ENTITY_TYPE_ID] => 3
    [ENTITY_ID] => 245109
    [STREET] => Рыдзинского
    [BUILDING] => 18/9
    [POSTAL_CODE] => 
    [COUNTRY] => Россия
    [PROVINCE] => Республика Саха (Якутия)
    [REGION] => 
    [CITY] => Якутск
    [ADDRESS_2] => 
)

internalExecute:
Array
(
    [TYPE_ID] => 4
    [ENTITY_TYPE_ID] => 3
    [ENTITY_ID] => 245120
    [STREET] => Красноармейская ул
    [BUILDING] => д 52
    [POSTAL_CODE] => 369000
    [COUNTRY] => Россия
    [PROVINCE] => Карачаево-Черкесская Респ
    [REGION] => 
    [CITY] => г Черкесск
    [ADDRESS_2] => 91
)

internalExecute:
Array
(
    [TYPE_ID] => 4
    [ENTITY_TYPE_ID] => 3
    [ENTITY_ID] => 245120
    [STREET] => Красноармейская ул
    [BUILDING] => д 52
    [POSTAL_CODE] => 369000
    [COUNTRY] => Россия
    [PROVINCE] => Карачаево-Черкесская Респ
    [REGION] => 
    [CITY] => г Черкесск
    [ADDRESS_2] => 91
)

internalExecute:
Array
(
    [TYPE_ID] => 1
    [ENTITY_TYPE_ID] => 3
    [ENTITY_ID] => 245120
    [STREET] => Красноармейская ул
    [BUILDING] => д 52
    [POSTAL_CODE] => 369000
    [COUNTRY] => Россия
    [PROVINCE] => Карачаево-Черкесская Респ
    [REGION] => 
    [CITY] => г Черкесск
    [ADDRESS_2] => 91
)

internalExecute:
Array
(
    [TYPE_ID] => 1
    [ENTITY_TYPE_ID] => 3
    [ENTITY_ID] => 245120
    [STREET] => Красноармейская ул
    [BUILDING] => д 52
    [POSTAL_CODE] => 369000
    [COUNTRY] => Россия
    [PROVINCE] => Карачаево-Черкесская Респ
    [REGION] => 
    [CITY] => г Черкесск
    [ADDRESS_2] => 91
)

internalExecute:
Array
(
    [TYPE_ID] => 4
    [ENTITY_TYPE_ID] => 3
    [ENTITY_ID] => 245121
    [STREET] => Советов
    [BUILDING] => 5
    [POSTAL_CODE] => 369340
    [COUNTRY] => Россия
    [PROVINCE] => Карачаево-Черкесская Респ
    [REGION] => Ногайский р-н
    [CITY] => пос. Эркен-шахар
    [ADDRESS_2] => 4
)

internalExecute:
Array
(
    [TYPE_ID] => 4
    [ENTITY_TYPE_ID] => 3
    [ENTITY_ID] => 245121
    [STREET] => Советов
    [BUILDING] => 5
    [POSTAL_CODE] => 369340
    [COUNTRY] => Россия
    [PROVINCE] => Карачаево-Черкесская Респ
    [REGION] => Ногайский р-н
    [CITY] => пос. Эркен-шахар
    [ADDRESS_2] => 4
)

internalExecute:
Array
(
    [TYPE_ID] => 4
    [ENTITY_TYPE_ID] => 3
    [ENTITY_ID] => 245125
    [STREET] => школьная
    [BUILDING] => 69
    [POSTAL_CODE] => 687211
    [COUNTRY] => Россия
    [PROVINCE] => Забайкальский край
    [REGION] => дульдургинский
    [CITY] => с Алханай
    [ADDRESS_2] => 
)

internalExecute:
Array
(
    [TYPE_ID] => 4
    [ENTITY_TYPE_ID] => 3
    [ENTITY_ID] => 245125
    [STREET] => школьная
    [BUILDING] => 69
    [POSTAL_CODE] => 687211
    [COUNTRY] => Россия
    [PROVINCE] => Забайкальский край
    [REGION] => дульдургинский
    [CITY] => с Алханай
    [ADDRESS_2] => 
)

internalExecute:
Array
(
    [TYPE_ID] => 1
    [ENTITY_TYPE_ID] => 3
    [ENTITY_ID] => 245125
    [STREET] => школьная
    [BUILDING] => 69
    [POSTAL_CODE] => 687211
    [COUNTRY] => Россия
    [PROVINCE] => Забайкальский край
    [REGION] => дульдургинский
    [CITY] => с Алханай
    [ADDRESS_2] => 
)

internalExecute:
Array
(
    [TYPE_ID] => 1
    [ENTITY_TYPE_ID] => 3
    [ENTITY_ID] => 245125
    [STREET] => школьная
    [BUILDING] => 69
    [POSTAL_CODE] => 687211
    [COUNTRY] => Россия
    [PROVINCE] => Забайкальский край
    [REGION] => дульдургинский
    [CITY] => с Алханай
    [ADDRESS_2] => 
)

internalExecute:
Array
(
    [TYPE_ID] => 4
    [ENTITY_TYPE_ID] => 3
    [ENTITY_ID] => 245126
    [STREET] => Хилинская ул
    [BUILDING] => д 7
    [POSTAL_CODE] => 687527
    [COUNTRY] => Россия
    [PROVINCE] => Забайкальский край
    [REGION] => 
    [CITY] => с Судунтуй
    [ADDRESS_2] => 
)

internalExecute:
Array
(
    [TYPE_ID] => 4
    [ENTITY_TYPE_ID] => 3
    [ENTITY_ID] => 245126
    [STREET] => Хилинская ул
    [BUILDING] => д 7
    [POSTAL_CODE] => 687527
    [COUNTRY] => Россия
    [PROVINCE] => Забайкальский край
    [REGION] => 
    [CITY] => с Судунтуй
    [ADDRESS_2] => 
)

internalExecute:
Array
(
    [TYPE_ID] => 4
    [ENTITY_TYPE_ID] => 3
    [ENTITY_ID] => 245128
    [STREET] => Чернышевского 
    [BUILDING] => 8
    [POSTAL_CODE] => 
    [COUNTRY] => Россия
    [PROVINCE] => Республика Саха (Якутия)
    [REGION] => Якутск
    [CITY] => 
    [ADDRESS_2] => 58
)

internalExecute:
Array
(
    [TYPE_ID] => 4
    [ENTITY_TYPE_ID] => 3
    [ENTITY_ID] => 245128
    [STREET] => Чернышевского 
    [BUILDING] => 8
    [POSTAL_CODE] => 
    [COUNTRY] => Россия
    [PROVINCE] => Республика Саха (Якутия)
    [REGION] => Якутск
    [CITY] => 
    [ADDRESS_2] => 58
)

internalExecute:
Array
(
    [TYPE_ID] => 1
    [ENTITY_TYPE_ID] => 3
    [ENTITY_ID] => 245128
    [STREET] => Генерала Притузова 
    [BUILDING] => 2
    [POSTAL_CODE] => 
    [COUNTRY] => Россия
    [PROVINCE] => Республика Саха (Якутия)
    [REGION] => Якутск
    [CITY] => 
    [ADDRESS_2] => 186
)

internalExecute:
Array
(
    [TYPE_ID] => 1
    [ENTITY_TYPE_ID] => 3
    [ENTITY_ID] => 245128
    [STREET] => Генерала Притузова 
    [BUILDING] => 2
    [POSTAL_CODE] => 
    [COUNTRY] => Россия
    [PROVINCE] => Республика Саха (Якутия)
    [REGION] => Якутск
    [CITY] => 
    [ADDRESS_2] => 186
)

internalExecute:
Array
(
    [TYPE_ID] => 4
    [ENTITY_TYPE_ID] => 3
    [ENTITY_ID] => 245129
    [STREET] => Кэрэхтээх
    [BUILDING] => 15
    [POSTAL_CODE] => 
    [COUNTRY] => Россия
    [PROVINCE] => Республика Саха (Якутия)
    [REGION] => Амгинский
    [CITY] => Амга
    [ADDRESS_2] => 
)

internalExecute:
Array
(
    [TYPE_ID] => 4
    [ENTITY_TYPE_ID] => 3
    [ENTITY_ID] => 245129
    [STREET] => Кэрэхтээх
    [BUILDING] => 15
    [POSTAL_CODE] => 
    [COUNTRY] => Россия
    [PROVINCE] => Республика Саха (Якутия)
    [REGION] => Амгинский
    [CITY] => Амга
    [ADDRESS_2] => 
)

internalExecute:
Array
(
    [TYPE_ID] => 4
    [ENTITY_TYPE_ID] => 3
    [ENTITY_ID] => 245136
    [STREET] => Пролетарская
    [BUILDING] => 7
    [POSTAL_CODE] => 668312
    [COUNTRY] => Россия
    [PROVINCE] => Республика Тыва
    [REGION] => Тандинский района
    [CITY] => с. Межегей
    [ADDRESS_2] => 2
)

internalExecute:
Array
(
    [TYPE_ID] => 4
    [ENTITY_TYPE_ID] => 3
    [ENTITY_ID] => 245136
    [STREET] => Пролетарская
    [BUILDING] => 7
    [POSTAL_CODE] => 668312
    [COUNTRY] => Россия
    [PROVINCE] => Республика Тыва
    [REGION] => Тандинский района
    [CITY] => с. Межегей
    [ADDRESS_2] => 2
)

internalExecute:
Array
(
    [TYPE_ID] => 1
    [ENTITY_TYPE_ID] => 3
    [ENTITY_ID] => 245136
    [STREET] => Пролетарская
    [BUILDING] => 7
    [POSTAL_CODE] => 668312
    [COUNTRY] => Россия
    [PROVINCE] => Республика Тыва
    [REGION] => Тандинский района
    [CITY] => с. Межегей
    [ADDRESS_2] => 2
)

internalExecute:
Array
(
    [TYPE_ID] => 1
    [ENTITY_TYPE_ID] => 3
    [ENTITY_ID] => 245136
    [STREET] => Пролетарская
    [BUILDING] => 7
    [POSTAL_CODE] => 668312
    [COUNTRY] => Россия
    [PROVINCE] => Республика Тыва
    [REGION] => Тандинский района
    [CITY] => с. Межегей
    [ADDRESS_2] => 2
)

internalExecute:
Array
(
    [TYPE_ID] => 4
    [ENTITY_TYPE_ID] => 3
    [ENTITY_ID] => 245137
    [STREET] => Оюн Данчай
    [BUILDING] => 4
    [POSTAL_CODE] => 668312
    [COUNTRY] => Россия
    [PROVINCE] => Республика Тыва
    [REGION] => Тандинский район
    [CITY] => с. Межегей
    [ADDRESS_2] => 1
)

internalExecute:
Array
(
    [TYPE_ID] => 4
    [ENTITY_TYPE_ID] => 3
    [ENTITY_ID] => 245137
    [STREET] => Оюн Данчай
    [BUILDING] => 4
    [POSTAL_CODE] => 668312
    [COUNTRY] => Россия
    [PROVINCE] => Республика Тыва
    [REGION] => Тандинский район
    [CITY] => с. Межегей
    [ADDRESS_2] => 1
)

internalExecute:
Array
(
    [TYPE_ID] => 4
    [ENTITY_TYPE_ID] => 3
    [ENTITY_ID] => 245152
    [STREET] => 2-я Садовая
    [BUILDING] => 8
    [POSTAL_CODE] => 
    [COUNTRY] => Россия
    [PROVINCE] => Кемеровская область
    [REGION] => 
    [CITY] => г. Белово
    [ADDRESS_2] => 
)

internalExecute:
Array
(
    [TYPE_ID] => 4
    [ENTITY_TYPE_ID] => 3
    [ENTITY_ID] => 245152
    [STREET] => 2-я Садовая
    [BUILDING] => 8
    [POSTAL_CODE] => 
    [COUNTRY] => Россия
    [PROVINCE] => Кемеровская область
    [REGION] => 
    [CITY] => г. Белово
    [ADDRESS_2] => 
)

internalExecute:
Array
(
    [TYPE_ID] => 1
    [ENTITY_TYPE_ID] => 3
    [ENTITY_ID] => 245152
    [STREET] => 2-я Садовая
    [BUILDING] => 8
    [POSTAL_CODE] => 
    [COUNTRY] => Россия
    [PROVINCE] => Кемеровская область
    [REGION] => 
    [CITY] => г. Белово
    [ADDRESS_2] => 
)

internalExecute:
Array
(
    [TYPE_ID] => 1
    [ENTITY_TYPE_ID] => 3
    [ENTITY_ID] => 245152
    [STREET] => 2-я Садовая
    [BUILDING] => 8
    [POSTAL_CODE] => 
    [COUNTRY] => Россия
    [PROVINCE] => Кемеровская область
    [REGION] => 
    [CITY] => г. Белово
    [ADDRESS_2] => 
)

internalExecute:
Array
(
    [TYPE_ID] => 4
    [ENTITY_TYPE_ID] => 3
    [ENTITY_ID] => 245153
    [STREET] => Содружества
    [BUILDING] => 42
    [POSTAL_CODE] => 
    [COUNTRY] => Россия
    [PROVINCE] => Кемеровская область
    [REGION] => 
    [CITY] => пос.Новый Каракан
    [ADDRESS_2] => 23
)

internalExecute:
Array
(
    [TYPE_ID] => 4
    [ENTITY_TYPE_ID] => 3
    [ENTITY_ID] => 245153
    [STREET] => Содружества
    [BUILDING] => 42
    [POSTAL_CODE] => 
    [COUNTRY] => Россия
    [PROVINCE] => Кемеровская область
    [REGION] => 
    [CITY] => пос.Новый Каракан
    [ADDRESS_2] => 23
)

internalExecute:
Array
(
    [TYPE_ID] => 1
    [ENTITY_TYPE_ID] => 4
    [ENTITY_ID] => 51871
    [STREET] => Московское шоссе
    [BUILDING] => 137к5
    [POSTAL_CODE] => 
    [COUNTRY] => 
    [PROVINCE] => обл. Орловская
    [REGION] => 
    [CITY] => г. Орел
    [ADDRESS_2] => пом. 24
)

internalExecute:
Array
(
    [TYPE_ID] => 1
    [ENTITY_TYPE_ID] => 4
    [ENTITY_ID] => 51871
    [STREET] => Московское шоссе
    [BUILDING] => 137к5
    [POSTAL_CODE] => 
    [COUNTRY] => 
    [PROVINCE] => обл. Орловская
    [REGION] => 
    [CITY] => г. Орел
    [ADDRESS_2] => пом. 24
)

internalExecute:
Array
(
    [TYPE_ID] => 4
    [ENTITY_TYPE_ID] => 3
    [ENTITY_ID] => 245158
    [STREET] => ул. Лесная
    [BUILDING] => д. 4
    [POSTAL_CODE] => 652380
    [COUNTRY] => Россия
    [PROVINCE] => Кемеровская область – Кузбасс
    [REGION] => р-н Промышленновский
    [CITY] => Пгт. Промышленная
    [ADDRESS_2] => кв. 12
)

internalExecute:
Array
(
    [TYPE_ID] => 4
    [ENTITY_TYPE_ID] => 3
    [ENTITY_ID] => 245158
    [STREET] => ул. Лесная
    [BUILDING] => д. 4
    [POSTAL_CODE] => 652380
    [COUNTRY] => Россия
    [PROVINCE] => Кемеровская область – Кузбасс
    [REGION] => р-н Промышленновский
    [CITY] => Пгт. Промышленная
    [ADDRESS_2] => кв. 12
)

internalExecute:
Array
(
    [TYPE_ID] => 1
    [ENTITY_TYPE_ID] => 3
    [ENTITY_ID] => 245158
    [STREET] => ул. Вокзальная
    [BUILDING] => д. 73Г
    [POSTAL_CODE] => 652381
    [COUNTRY] => Россия
    [PROVINCE] => Кемеровская область – Кузбасс
    [REGION] => р-н Промышленновский
    [CITY] => Пгт. Промышленная
    [ADDRESS_2] => кв. 2
)

internalExecute:
Array
(
    [TYPE_ID] => 1
    [ENTITY_TYPE_ID] => 3
    [ENTITY_ID] => 245158
    [STREET] => ул. Вокзальная
    [BUILDING] => д. 73Г
    [POSTAL_CODE] => 652381
    [COUNTRY] => Россия
    [PROVINCE] => Кемеровская область – Кузбасс
    [REGION] => р-н Промышленновский
    [CITY] => Пгт. Промышленная
    [ADDRESS_2] => кв. 2
)

internalExecute:
Array
(
    [TYPE_ID] => 4
    [ENTITY_TYPE_ID] => 3
    [ENTITY_ID] => 245159
    [STREET] => п-т Ленинградский
    [BUILDING] => д. 47 А
    [POSTAL_CODE] => 650003
    [COUNTRY] => Россия
    [PROVINCE] => Кемеровская область – Кузбасс
    [REGION] => р-н Ленинский
    [CITY] => г. Кемерово
    [ADDRESS_2] => кв. 132
)

internalExecute:
Array
(
    [TYPE_ID] => 4
    [ENTITY_TYPE_ID] => 3
    [ENTITY_ID] => 245159
    [STREET] => п-т Ленинградский
    [BUILDING] => д. 47 А
    [POSTAL_CODE] => 650003
    [COUNTRY] => Россия
    [PROVINCE] => Кемеровская область – Кузбасс
    [REGION] => р-н Ленинский
    [CITY] => г. Кемерово
    [ADDRESS_2] => кв. 132
)

internalExecute:
Array
(
    [TYPE_ID] => 1
    [ENTITY_TYPE_ID] => 3
    [ENTITY_ID] => 245159
    [STREET] => ул. Вокзальная
    [BUILDING] => д. 73Г
    [POSTAL_CODE] => 652381
    [COUNTRY] => Россия
    [PROVINCE] => Кемеровская область – Кузбасс
    [REGION] => Р-н Промышленновский
    [CITY] => Пгт. Промышленная
    [ADDRESS_2] => кв. 2
)

internalExecute:
Array
(
    [TYPE_ID] => 1
    [ENTITY_TYPE_ID] => 3
    [ENTITY_ID] => 245159
    [STREET] => ул. Вокзальная
    [BUILDING] => д. 73Г
    [POSTAL_CODE] => 652381
    [COUNTRY] => Россия
    [PROVINCE] => Кемеровская область – Кузбасс
    [REGION] => Р-н Промышленновский
    [CITY] => Пгт. Промышленная
    [ADDRESS_2] => кв. 2
)

internalExecute:
Array
(
    [TYPE_ID] => 4
    [ENTITY_TYPE_ID] => 3
    [ENTITY_ID] => 245160
    [STREET] =>  п-т Ленинградский
    [BUILDING] => д. 47 А
    [POSTAL_CODE] => 650003
    [COUNTRY] => Россия
    [PROVINCE] => Кемеровская область - Кузбасс
    [REGION] => р-н Ленинский
    [CITY] => г. Кемерово
    [ADDRESS_2] => кв. 132
)

internalExecute:
Array
(
    [TYPE_ID] => 4
    [ENTITY_TYPE_ID] => 3
    [ENTITY_ID] => 245160
    [STREET] =>  п-т Ленинградский
    [BUILDING] => д. 47 А
    [POSTAL_CODE] => 650003
    [COUNTRY] => Россия
    [PROVINCE] => Кемеровская область - Кузбасс
    [REGION] => р-н Ленинский
    [CITY] => г. Кемерово
    [ADDRESS_2] => кв. 132
)

internalExecute:
Array
(
    [TYPE_ID] => 4
    [ENTITY_TYPE_ID] => 3
    [ENTITY_ID] => 245164
    [STREET] => ул. Гагарина
    [BUILDING] => д. 13
    [POSTAL_CODE] => 6778030
    [COUNTRY] => Россия
    [PROVINCE] => Республика Саха (Якутия)
    [REGION] => у. Горный
    [CITY] => с. Бердигестях
    [ADDRESS_2] => 
)

internalExecute:
Array
(
    [TYPE_ID] => 4
    [ENTITY_TYPE_ID] => 3
    [ENTITY_ID] => 245164
    [STREET] => ул. Гагарина
    [BUILDING] => д. 13
    [POSTAL_CODE] => 6778030
    [COUNTRY] => Россия
    [PROVINCE] => Республика Саха (Якутия)
    [REGION] => у. Горный
    [CITY] => с. Бердигестях
    [ADDRESS_2] => 
)

internalExecute:
Array
(
    [TYPE_ID] => 1
    [ENTITY_TYPE_ID] => 3
    [ENTITY_ID] => 245164
    [STREET] => ул. Ленина
    [BUILDING] => д. 23
    [POSTAL_CODE] => 678473
    [COUNTRY] => Россия
    [PROVINCE] => Республика Саха (Якутия)
    [REGION] => у. Нюрбинский
    [CITY] => с. Жархан
    [ADDRESS_2] => 
)

internalExecute:
Array
(
    [TYPE_ID] => 1
    [ENTITY_TYPE_ID] => 3
    [ENTITY_ID] => 245164
    [STREET] => ул. Ленина
    [BUILDING] => д. 23
    [POSTAL_CODE] => 678473
    [COUNTRY] => Россия
    [PROVINCE] => Республика Саха (Якутия)
    [REGION] => у. Нюрбинский
    [CITY] => с. Жархан
    [ADDRESS_2] => 
)

internalExecute:
Array
(
    [TYPE_ID] => 4
    [ENTITY_TYPE_ID] => 3
    [ENTITY_ID] => 245165
    [STREET] => ул. Ленина
    [BUILDING] => д. 23
    [POSTAL_CODE] => 678473
    [COUNTRY] => Россия
    [PROVINCE] => Республика Саха (Якутия)
    [REGION] => у. Нюрбинский
    [CITY] => с. Жархан
    [ADDRESS_2] => 
)

internalExecute:
Array
(
    [TYPE_ID] => 4
    [ENTITY_TYPE_ID] => 3
    [ENTITY_ID] => 245165
    [STREET] => ул. Ленина
    [BUILDING] => д. 23
    [POSTAL_CODE] => 678473
    [COUNTRY] => Россия
    [PROVINCE] => Республика Саха (Якутия)
    [REGION] => у. Нюрбинский
    [CITY] => с. Жархан
    [ADDRESS_2] => 
)

internalExecute:
Array
(
    [TYPE_ID] => 4
    [ENTITY_TYPE_ID] => 3
    [ENTITY_ID] => 245166
    [STREET] => Шогенова
    [BUILDING] => 36
    [POSTAL_CODE] => 
    [COUNTRY] => Россия
    [PROVINCE] => Кабардино-Балкарская Республика
    [REGION] => Зольский
    [CITY] => Малка
    [ADDRESS_2] => 
)

internalExecute:
Array
(
    [TYPE_ID] => 4
    [ENTITY_TYPE_ID] => 3
    [ENTITY_ID] => 245166
    [STREET] => Шогенова
    [BUILDING] => 36
    [POSTAL_CODE] => 
    [COUNTRY] => Россия
    [PROVINCE] => Кабардино-Балкарская Республика
    [REGION] => Зольский
    [CITY] => Малка
    [ADDRESS_2] => 
)

internalExecute:
Array
(
    [TYPE_ID] => 1
    [ENTITY_TYPE_ID] => 3
    [ENTITY_ID] => 245166
    [STREET] => Шогенова
    [BUILDING] => 36
    [POSTAL_CODE] => 
    [COUNTRY] => Россия
    [PROVINCE] => Кабардино-Балкарская Республика
    [REGION] => Зольский
    [CITY] => Малка
    [ADDRESS_2] => 
)

internalExecute:
Array
(
    [TYPE_ID] => 1
    [ENTITY_TYPE_ID] => 3
    [ENTITY_ID] => 245166
    [STREET] => Шогенова
    [BUILDING] => 36
    [POSTAL_CODE] => 
    [COUNTRY] => Россия
    [PROVINCE] => Кабардино-Балкарская Республика
    [REGION] => Зольский
    [CITY] => Малка
    [ADDRESS_2] => 
)

internalExecute:
Array
(
    [TYPE_ID] => 4
    [ENTITY_TYPE_ID] => 3
    [ENTITY_ID] => 245167
    [STREET] => Ленина
    [BUILDING] => 50
    [POSTAL_CODE] => 
    [COUNTRY] => Россия
    [PROVINCE] => Кабардино-Балкарская Республика
    [REGION] => Зольский
    [CITY] => Малка
    [ADDRESS_2] => 
)

internalExecute:
Array
(
    [TYPE_ID] => 4
    [ENTITY_TYPE_ID] => 3
    [ENTITY_ID] => 245167
    [STREET] => Ленина
    [BUILDING] => 50
    [POSTAL_CODE] => 
    [COUNTRY] => Россия
    [PROVINCE] => Кабардино-Балкарская Республика
    [REGION] => Зольский
    [CITY] => Малка
    [ADDRESS_2] => 
)

internalExecute:
Array
(
    [TYPE_ID] => 4
    [ENTITY_TYPE_ID] => 3
    [ENTITY_ID] => 245169
    [STREET] => Надречная
    [BUILDING] => 24
    [POSTAL_CODE] => 
    [COUNTRY] => Россия
    [PROVINCE] => КБР
    [REGION] => Зольский
    [CITY] => Шордаково
    [ADDRESS_2] => 
)

internalExecute:
Array
(
    [TYPE_ID] => 4
    [ENTITY_TYPE_ID] => 3
    [ENTITY_ID] => 245169
    [STREET] => Надречная
    [BUILDING] => 24
    [POSTAL_CODE] => 
    [COUNTRY] => Россия
    [PROVINCE] => КБР
    [REGION] => Зольский
    [CITY] => Шордаково
    [ADDRESS_2] => 
)

internalExecute:
Array
(
    [TYPE_ID] => 1
    [ENTITY_TYPE_ID] => 3
    [ENTITY_ID] => 245169
    [STREET] => Надречная
    [BUILDING] => 24
    [POSTAL_CODE] => 
    [COUNTRY] => Россия
    [PROVINCE] => КБР
    [REGION] => Зольский
    [CITY] => Шордаково
    [ADDRESS_2] => 
)

internalExecute:
Array
(
    [TYPE_ID] => 1
    [ENTITY_TYPE_ID] => 3
    [ENTITY_ID] => 245169
    [STREET] => Надречная
    [BUILDING] => 24
    [POSTAL_CODE] => 
    [COUNTRY] => Россия
    [PROVINCE] => КБР
    [REGION] => Зольский
    [CITY] => Шордаково
    [ADDRESS_2] => 
)

internalExecute:
Array
(
    [TYPE_ID] => 4
    [ENTITY_TYPE_ID] => 3
    [ENTITY_ID] => 245170
    [STREET] => Школьная
    [BUILDING] => 57
    [POSTAL_CODE] => 
    [COUNTRY] => Россия
    [PROVINCE] => Кабардино-Балкарская Республика
    [REGION] => Зольский
    [CITY] => Шордаково
    [ADDRESS_2] => 
)

internalExecute:
Array
(
    [TYPE_ID] => 4
    [ENTITY_TYPE_ID] => 3
    [ENTITY_ID] => 245170
    [STREET] => Школьная
    [BUILDING] => 57
    [POSTAL_CODE] => 
    [COUNTRY] => Россия
    [PROVINCE] => Кабардино-Балкарская Республика
    [REGION] => Зольский
    [CITY] => Шордаково
    [ADDRESS_2] => 
)

internalExecute:
Array
(
    [TYPE_ID] => 4
    [ENTITY_TYPE_ID] => 3
    [ENTITY_ID] => 245173
    [STREET] => Школьная
    [BUILDING] => 1
    [POSTAL_CODE] => 
    [COUNTRY] => Россия
    [PROVINCE] => Забайкальский край
    [REGION] => Агинский
    [CITY] => пгт. Орловский
    [ADDRESS_2] => 4
)

internalExecute:
Array
(
    [TYPE_ID] => 4
    [ENTITY_TYPE_ID] => 3
    [ENTITY_ID] => 245173
    [STREET] => Школьная
    [BUILDING] => 1
    [POSTAL_CODE] => 
    [COUNTRY] => Россия
    [PROVINCE] => Забайкальский край
    [REGION] => Агинский
    [CITY] => пгт. Орловский
    [ADDRESS_2] => 4
)

internalExecute:
Array
(
    [TYPE_ID] => 1
    [ENTITY_TYPE_ID] => 3
    [ENTITY_ID] => 245173
    [STREET] => Школьная
    [BUILDING] => 1
    [POSTAL_CODE] => 
    [COUNTRY] => Россия
    [PROVINCE] => Забайкальский край
    [REGION] => Агинский
    [CITY] => пгт. Орловский
    [ADDRESS_2] => 4
)

internalExecute:
Array
(
    [TYPE_ID] => 1
    [ENTITY_TYPE_ID] => 3
    [ENTITY_ID] => 245173
    [STREET] => Школьная
    [BUILDING] => 1
    [POSTAL_CODE] => 
    [COUNTRY] => Россия
    [PROVINCE] => Забайкальский край
    [REGION] => Агинский
    [CITY] => пгт. Орловский
    [ADDRESS_2] => 4
)

internalExecute:
Array
(
    [TYPE_ID] => 4
    [ENTITY_TYPE_ID] => 3
    [ENTITY_ID] => 245174
    [STREET] => Чапаева
    [BUILDING] => 60
    [POSTAL_CODE] => 
    [COUNTRY] => Россия
    [PROVINCE] => Забайкальский край
    [REGION] => Могойтуйский
    [CITY] => пгт. Могойтуй
    [ADDRESS_2] => 
)

internalExecute:
Array
(
    [TYPE_ID] => 4
    [ENTITY_TYPE_ID] => 3
    [ENTITY_ID] => 245174
    [STREET] => Чапаева
    [BUILDING] => 60
    [POSTAL_CODE] => 
    [COUNTRY] => Россия
    [PROVINCE] => Забайкальский край
    [REGION] => Могойтуйский
    [CITY] => пгт. Могойтуй
    [ADDRESS_2] => 
)

internalExecute:
Array
(
    [TYPE_ID] => 4
    [ENTITY_TYPE_ID] => 3
    [ENTITY_ID] => 245175
    [STREET] => Чапаева
    [BUILDING] => 60
    [POSTAL_CODE] => 
    [COUNTRY] => Россия
    [PROVINCE] => Забайкальский край
    [REGION] => Могойтуйский
    [CITY] => пгт. Могойтуй
    [ADDRESS_2] => 
)

internalExecute:
Array
(
    [TYPE_ID] => 4
    [ENTITY_TYPE_ID] => 3
    [ENTITY_ID] => 245175
    [STREET] => Чапаева
    [BUILDING] => 60
    [POSTAL_CODE] => 
    [COUNTRY] => Россия
    [PROVINCE] => Забайкальский край
    [REGION] => Могойтуйский
    [CITY] => пгт. Могойтуй
    [ADDRESS_2] => 
)

internalExecute:
Array
(
    [TYPE_ID] => 4
    [ENTITY_TYPE_ID] => 3
    [ENTITY_ID] => 245176
    [STREET] => Чапаева
    [BUILDING] => 60
    [POSTAL_CODE] => 
    [COUNTRY] => Россия
    [PROVINCE] => Забайкальский край
    [REGION] => Могойтуйский
    [CITY] => пгт. Могойтуй
    [ADDRESS_2] => 
)

internalExecute:
Array
(
    [TYPE_ID] => 4
    [ENTITY_TYPE_ID] => 3
    [ENTITY_ID] => 245176
    [STREET] => Чапаева
    [BUILDING] => 60
    [POSTAL_CODE] => 
    [COUNTRY] => Россия
    [PROVINCE] => Забайкальский край
    [REGION] => Могойтуйский
    [CITY] => пгт. Могойтуй
    [ADDRESS_2] => 
)

internalExecute:
Array
(
    [TYPE_ID] => 4
    [ENTITY_TYPE_ID] => 3
    [ENTITY_ID] => 245182
    [STREET] => Кэрэхтээх 
    [BUILDING] => 15
    [POSTAL_CODE] => 
    [COUNTRY] => Россия
    [PROVINCE] => Республика Саха (Якутия)
    [REGION] => Амгинский
    [CITY] => Амга
    [ADDRESS_2] => 
)

internalExecute:
Array
(
    [TYPE_ID] => 4
    [ENTITY_TYPE_ID] => 3
    [ENTITY_ID] => 245182
    [STREET] => Кэрэхтээх 
    [BUILDING] => 15
    [POSTAL_CODE] => 
    [COUNTRY] => Россия
    [PROVINCE] => Республика Саха (Якутия)
    [REGION] => Амгинский
    [CITY] => Амга
    [ADDRESS_2] => 
)

internalExecute:
Array
(
    [TYPE_ID] => 1
    [ENTITY_TYPE_ID] => 3
    [ENTITY_ID] => 245182
    [STREET] => Кэрэхтээх 
    [BUILDING] => 15
    [POSTAL_CODE] => 
    [COUNTRY] => Россия
    [PROVINCE] => Республика Саха (Якутия)
    [REGION] => Амгинский
    [CITY] => Амга
    [ADDRESS_2] => 
)

internalExecute:
Array
(
    [TYPE_ID] => 1
    [ENTITY_TYPE_ID] => 3
    [ENTITY_ID] => 245182
    [STREET] => Кэрэхтээх 
    [BUILDING] => 15
    [POSTAL_CODE] => 
    [COUNTRY] => Россия
    [PROVINCE] => Республика Саха (Якутия)
    [REGION] => Амгинский
    [CITY] => Амга
    [ADDRESS_2] => 
)

internalExecute:
Array
(
    [TYPE_ID] => 4
    [ENTITY_TYPE_ID] => 3
    [ENTITY_ID] => 245188
    [STREET] => Ольховская ул
    [BUILDING] => 23 д
    [POSTAL_CODE] => 620141
    [COUNTRY] => Россия
    [PROVINCE] => Свердловская обл
    [REGION] => 
    [CITY] => Екатеринбург г
    [ADDRESS_2] => 
)

internalExecute:
Array
(
    [TYPE_ID] => 4
    [ENTITY_TYPE_ID] => 3
    [ENTITY_ID] => 245188
    [STREET] => Ольховская ул
    [BUILDING] => 23 д
    [POSTAL_CODE] => 620141
    [COUNTRY] => Россия
    [PROVINCE] => Свердловская обл
    [REGION] => 
    [CITY] => Екатеринбург г
    [ADDRESS_2] => 
)

internalExecute:
Array
(
    [TYPE_ID] => 1
    [ENTITY_TYPE_ID] => 3
    [ENTITY_ID] => 245188
    [STREET] => Ольховская ул
    [BUILDING] => 23 д
    [POSTAL_CODE] => 620141
    [COUNTRY] => Россия
    [PROVINCE] => Свердловская обл
    [REGION] => 
    [CITY] => Екатеринбург г
    [ADDRESS_2] => 
)

internalExecute:
Array
(
    [TYPE_ID] => 1
    [ENTITY_TYPE_ID] => 3
    [ENTITY_ID] => 245188
    [STREET] => Ольховская ул
    [BUILDING] => 23 д
    [POSTAL_CODE] => 620141
    [COUNTRY] => Россия
    [PROVINCE] => Свердловская обл
    [REGION] => 
    [CITY] => Екатеринбург г
    [ADDRESS_2] => 
)

internalExecute:
Array
(
    [TYPE_ID] => 4
    [ENTITY_TYPE_ID] => 3
    [ENTITY_ID] => 245189
    [STREET] => Ольховская ул
    [BUILDING] => 23 д
    [POSTAL_CODE] => 620141
    [COUNTRY] => Россия
    [PROVINCE] => Свердловская обл
    [REGION] => 
    [CITY] => Екатеринбург г
    [ADDRESS_2] => 
)

internalExecute:
Array
(
    [TYPE_ID] => 4
    [ENTITY_TYPE_ID] => 3
    [ENTITY_ID] => 245189
    [STREET] => Ольховская ул
    [BUILDING] => 23 д
    [POSTAL_CODE] => 620141
    [COUNTRY] => Россия
    [PROVINCE] => Свердловская обл
    [REGION] => 
    [CITY] => Екатеринбург г
    [ADDRESS_2] => 
)

internalExecute:
Array
(
    [TYPE_ID] => 4
    [ENTITY_TYPE_ID] => 3
    [ENTITY_ID] => 245190
    [STREET] => Ольховская ул
    [BUILDING] => 2 д
    [POSTAL_CODE] => 620000
    [COUNTRY] => Россия
    [PROVINCE] => Свердловская обл
    [REGION] => 
    [CITY] => Екатеринбург г
    [ADDRESS_2] => 
)

internalExecute:
Array
(
    [TYPE_ID] => 4
    [ENTITY_TYPE_ID] => 3
    [ENTITY_ID] => 245190
    [STREET] => Ольховская ул
    [BUILDING] => 2 д
    [POSTAL_CODE] => 620000
    [COUNTRY] => Россия
    [PROVINCE] => Свердловская обл
    [REGION] => 
    [CITY] => Екатеринбург г
    [ADDRESS_2] => 
)

internalExecute:
Array
(
    [TYPE_ID] => 4
    [ENTITY_TYPE_ID] => 3
    [ENTITY_ID] => 245192
    [STREET] => Гидамский пер
    [BUILDING] => 12
    [POSTAL_CODE] => 369232
    [COUNTRY] => Россия
    [PROVINCE] => Карачаево-Черкесская Респ
    [REGION] => 
    [CITY] => аул Верхняя Теберда
    [ADDRESS_2] => 
)

internalExecute:
Array
(
    [TYPE_ID] => 4
    [ENTITY_TYPE_ID] => 3
    [ENTITY_ID] => 245192
    [STREET] => Гидамский пер
    [BUILDING] => 12
    [POSTAL_CODE] => 369232
    [COUNTRY] => Россия
    [PROVINCE] => Карачаево-Черкесская Респ
    [REGION] => 
    [CITY] => аул Верхняя Теберда
    [ADDRESS_2] => 
)

internalExecute:
Array
(
    [TYPE_ID] => 1
    [ENTITY_TYPE_ID] => 3
    [ENTITY_ID] => 245192
    [STREET] => Гидамский пер
    [BUILDING] => 12
    [POSTAL_CODE] => 369232
    [COUNTRY] => Россия
    [PROVINCE] => Карачаево-Черкесская Респ
    [REGION] => 
    [CITY] => аул Верхняя Теберда
    [ADDRESS_2] => 
)

internalExecute:
Array
(
    [TYPE_ID] => 1
    [ENTITY_TYPE_ID] => 3
    [ENTITY_ID] => 245192
    [STREET] => Гидамский пер
    [BUILDING] => 12
    [POSTAL_CODE] => 369232
    [COUNTRY] => Россия
    [PROVINCE] => Карачаево-Черкесская Респ
    [REGION] => 
    [CITY] => аул Верхняя Теберда
    [ADDRESS_2] => 
)

internalExecute:
Array
(
    [TYPE_ID] => 4
    [ENTITY_TYPE_ID] => 3
    [ENTITY_ID] => 245193
    [STREET] => Урожайная
    [BUILDING] => 33
    [POSTAL_CODE] => 
    [COUNTRY] => Россия
    [PROVINCE] => Карачаево-Черкесская Респ
    [REGION] => 
    [CITY] => с.Знаменка
    [ADDRESS_2] => 
)

internalExecute:
Array
(
    [TYPE_ID] => 4
    [ENTITY_TYPE_ID] => 3
    [ENTITY_ID] => 245193
    [STREET] => Урожайная
    [BUILDING] => 33
    [POSTAL_CODE] => 
    [COUNTRY] => Россия
    [PROVINCE] => Карачаево-Черкесская Респ
    [REGION] => 
    [CITY] => с.Знаменка
    [ADDRESS_2] => 
)

internalExecute:
Array
(
    [TYPE_ID] => 4
    [ENTITY_TYPE_ID] => 3
    [ENTITY_ID] => 245194
    [STREET] => Гидамский пер
    [BUILDING] => 12
    [POSTAL_CODE] => 369232
    [COUNTRY] => Россия
    [PROVINCE] => Карачаево-Черкесская Респ
    [REGION] => 
    [CITY] => аул Верхняя Теберда
    [ADDRESS_2] => 
)

internalExecute:
Array
(
    [TYPE_ID] => 4
    [ENTITY_TYPE_ID] => 3
    [ENTITY_ID] => 245194
    [STREET] => Гидамский пер
    [BUILDING] => 12
    [POSTAL_CODE] => 369232
    [COUNTRY] => Россия
    [PROVINCE] => Карачаево-Черкесская Респ
    [REGION] => 
    [CITY] => аул Верхняя Теберда
    [ADDRESS_2] => 
)

internalExecute:
Array
(
    [TYPE_ID] => 1
    [ENTITY_TYPE_ID] => 3
    [ENTITY_ID] => 245194
    [STREET] => Гидамский пер
    [BUILDING] => 12
    [POSTAL_CODE] => 369232
    [COUNTRY] => Россия
    [PROVINCE] => Карачаево-Черкесская Респ
    [REGION] => 
    [CITY] => аул Верхняя Теберда
    [ADDRESS_2] => 
)

internalExecute:
Array
(
    [TYPE_ID] => 1
    [ENTITY_TYPE_ID] => 3
    [ENTITY_ID] => 245194
    [STREET] => Гидамский пер
    [BUILDING] => 12
    [POSTAL_CODE] => 369232
    [COUNTRY] => Россия
    [PROVINCE] => Карачаево-Черкесская Респ
    [REGION] => 
    [CITY] => аул Верхняя Теберда
    [ADDRESS_2] => 
)

internalExecute:
Array
(
    [TYPE_ID] => 4
    [ENTITY_TYPE_ID] => 3
    [ENTITY_ID] => 245195
    [STREET] => Урожайная
    [BUILDING] => 33
    [POSTAL_CODE] => 
    [COUNTRY] => Россия
    [PROVINCE] => Карачаево-Черкесская Респ
    [REGION] => 
    [CITY] => с.Знаменка
    [ADDRESS_2] => 
)

internalExecute:
Array
(
    [TYPE_ID] => 4
    [ENTITY_TYPE_ID] => 3
    [ENTITY_ID] => 245195
    [STREET] => Урожайная
    [BUILDING] => 33
    [POSTAL_CODE] => 
    [COUNTRY] => Россия
    [PROVINCE] => Карачаево-Черкесская Респ
    [REGION] => 
    [CITY] => с.Знаменка
    [ADDRESS_2] => 
)

internalExecute:
Array
(
    [TYPE_ID] => 4
    [ENTITY_TYPE_ID] => 3
    [ENTITY_ID] => 245200
    [STREET] => Свердлова
    [BUILDING] => 56
    [POSTAL_CODE] => 453050
    [COUNTRY] => Россия
    [PROVINCE] => Республика Башкортостан
    [REGION] => Гафурийский
    [CITY] => село Красноусольский
    [ADDRESS_2] => 
)

internalExecute:
Array
(
    [TYPE_ID] => 4
    [ENTITY_TYPE_ID] => 3
    [ENTITY_ID] => 245200
    [STREET] => Свердлова
    [BUILDING] => 56
    [POSTAL_CODE] => 453050
    [COUNTRY] => Россия
    [PROVINCE] => Республика Башкортостан
    [REGION] => Гафурийский
    [CITY] => село Красноусольский
    [ADDRESS_2] => 
)

internalExecute:
Array
(
    [TYPE_ID] => 1
    [ENTITY_TYPE_ID] => 3
    [ENTITY_ID] => 245200
    [STREET] => Свердлова
    [BUILDING] => 56
    [POSTAL_CODE] => 453050
    [COUNTRY] => Россия
    [PROVINCE] => Республика Башкортостан
    [REGION] => Гафурийский
    [CITY] => село Красноусольский
    [ADDRESS_2] => 
)

internalExecute:
Array
(
    [TYPE_ID] => 1
    [ENTITY_TYPE_ID] => 3
    [ENTITY_ID] => 245200
    [STREET] => Свердлова
    [BUILDING] => 56
    [POSTAL_CODE] => 453050
    [COUNTRY] => Россия
    [PROVINCE] => Республика Башкортостан
    [REGION] => Гафурийский
    [CITY] => село Красноусольский
    [ADDRESS_2] => 
)

internalExecute:
Array
(
    [TYPE_ID] => 4
    [ENTITY_TYPE_ID] => 3
    [ENTITY_ID] => 245201
    [STREET] => ул. Глинки
    [BUILDING] => д. 9 стр. 3
    [POSTAL_CODE] => 
    [COUNTRY] => Россия
    [PROVINCE] => Республика Башкортостан
    [REGION] => 
    [CITY] => г. Уфа
    [ADDRESS_2] => кв. 2
)

internalExecute:
Array
(
    [TYPE_ID] => 4
    [ENTITY_TYPE_ID] => 3
    [ENTITY_ID] => 245201
    [STREET] => ул. Глинки
    [BUILDING] => д. 9 стр. 3
    [POSTAL_CODE] => 
    [COUNTRY] => Россия
    [PROVINCE] => Республика Башкортостан
    [REGION] => 
    [CITY] => г. Уфа
    [ADDRESS_2] => кв. 2
)

internalExecute:
Array
(
    [TYPE_ID] => 4
    [ENTITY_TYPE_ID] => 3
    [ENTITY_ID] => 245203
    [STREET] => Советская
    [BUILDING] => 111
    [POSTAL_CODE] => 
    [COUNTRY] => Россия
    [PROVINCE] => Кабардино-Балкарской Республика
    [REGION] => Терский
    [CITY] => с. Верхний Курп
    [ADDRESS_2] => 8
)

internalExecute:
Array
(
    [TYPE_ID] => 4
    [ENTITY_TYPE_ID] => 3
    [ENTITY_ID] => 245203
    [STREET] => Советская
    [BUILDING] => 111
    [POSTAL_CODE] => 
    [COUNTRY] => Россия
    [PROVINCE] => Кабардино-Балкарской Республика
    [REGION] => Терский
    [CITY] => с. Верхний Курп
    [ADDRESS_2] => 8
)

internalExecute:
Array
(
    [TYPE_ID] => 1
    [ENTITY_TYPE_ID] => 3
    [ENTITY_ID] => 245203
    [STREET] => Кабардинская
    [BUILDING] => 291
    [POSTAL_CODE] => 
    [COUNTRY] => Россия
    [PROVINCE] => Кабардино-Балкарской Республика
    [REGION] => Терский
    [CITY] => Терек
    [ADDRESS_2] => 
)

internalExecute:
Array
(
    [TYPE_ID] => 1
    [ENTITY_TYPE_ID] => 3
    [ENTITY_ID] => 245203
    [STREET] => Кабардинская
    [BUILDING] => 291
    [POSTAL_CODE] => 
    [COUNTRY] => Россия
    [PROVINCE] => Кабардино-Балкарской Республика
    [REGION] => Терский
    [CITY] => Терек
    [ADDRESS_2] => 
)

internalExecute:
Array
(
    [TYPE_ID] => 4
    [ENTITY_TYPE_ID] => 3
    [ENTITY_ID] => 245204
    [STREET] => Мальбахова
    [BUILDING] => 231
    [POSTAL_CODE] => 
    [COUNTRY] => Россия
    [PROVINCE] =>  Кабардино-Балкарская Республика
    [REGION] => Терский
    [CITY] => с Дейское
    [ADDRESS_2] => 
)

internalExecute:
Array
(
    [TYPE_ID] => 4
    [ENTITY_TYPE_ID] => 3
    [ENTITY_ID] => 245204
    [STREET] => Мальбахова
    [BUILDING] => 231
    [POSTAL_CODE] => 
    [COUNTRY] => Россия
    [PROVINCE] =>  Кабардино-Балкарская Республика
    [REGION] => Терский
    [CITY] => с Дейское
    [ADDRESS_2] => 
)

internalExecute:
Array
(
    [TYPE_ID] => 4
    [ENTITY_TYPE_ID] => 3
    [ENTITY_ID] => 245207
    [STREET] => Ольховская ул
    [BUILDING] => 23 д
    [POSTAL_CODE] => 620141
    [COUNTRY] => Россия
    [PROVINCE] => Свердловская обл
    [REGION] => 
    [CITY] => Екатеринбург г
    [ADDRESS_2] => 
)

internalExecute:
Array
(
    [TYPE_ID] => 4
    [ENTITY_TYPE_ID] => 3
    [ENTITY_ID] => 245207
    [STREET] => Ольховская ул
    [BUILDING] => 23 д
    [POSTAL_CODE] => 620141
    [COUNTRY] => Россия
    [PROVINCE] => Свердловская обл
    [REGION] => 
    [CITY] => Екатеринбург г
    [ADDRESS_2] => 
)

internalExecute:
Array
(
    [TYPE_ID] => 1
    [ENTITY_TYPE_ID] => 3
    [ENTITY_ID] => 245207
    [STREET] => Ольховская ул
    [BUILDING] => 23 д
    [POSTAL_CODE] => 620141
    [COUNTRY] => Россия
    [PROVINCE] => Свердловская обл
    [REGION] => 
    [CITY] => Екатеринбург г
    [ADDRESS_2] => 
)

internalExecute:
Array
(
    [TYPE_ID] => 1
    [ENTITY_TYPE_ID] => 3
    [ENTITY_ID] => 245207
    [STREET] => Ольховская ул
    [BUILDING] => 23 д
    [POSTAL_CODE] => 620141
    [COUNTRY] => Россия
    [PROVINCE] => Свердловская обл
    [REGION] => 
    [CITY] => Екатеринбург г
    [ADDRESS_2] => 
)

internalExecute:
Array
(
    [TYPE_ID] => 4
    [ENTITY_TYPE_ID] => 3
    [ENTITY_ID] => 245208
    [STREET] => Ольховская ул
    [BUILDING] => 2 д
    [POSTAL_CODE] => 620000
    [COUNTRY] => Россия
    [PROVINCE] => Свердловская обл
    [REGION] => 
    [CITY] => Екатеринбург г
    [ADDRESS_2] => 
)

internalExecute:
Array
(
    [TYPE_ID] => 4
    [ENTITY_TYPE_ID] => 3
    [ENTITY_ID] => 245208
    [STREET] => Ольховская ул
    [BUILDING] => 2 д
    [POSTAL_CODE] => 620000
    [COUNTRY] => Россия
    [PROVINCE] => Свердловская обл
    [REGION] => 
    [CITY] => Екатеринбург г
    [ADDRESS_2] => 
)

internalExecute:
Array
(
    [TYPE_ID] => 4
    [ENTITY_TYPE_ID] => 3
    [ENTITY_ID] => 245209
    [STREET] => Пр. Коста/Мальчинская
    [BUILDING] => 147/21
    [POSTAL_CODE] => 362000
    [COUNTRY] => Россия
    [PROVINCE] => Республика Северная Осетия-Алания 
    [REGION] => Затеречный
    [CITY] => город Владикавказ
    [ADDRESS_2] => 
)

internalExecute:
Array
(
    [TYPE_ID] => 4
    [ENTITY_TYPE_ID] => 3
    [ENTITY_ID] => 245209
    [STREET] => Пр. Коста/Мальчинская
    [BUILDING] => 147/21
    [POSTAL_CODE] => 362000
    [COUNTRY] => Россия
    [PROVINCE] => Республика Северная Осетия-Алания 
    [REGION] => Затеречный
    [CITY] => город Владикавказ
    [ADDRESS_2] => 
)

internalExecute:
Array
(
    [TYPE_ID] => 1
    [ENTITY_TYPE_ID] => 3
    [ENTITY_ID] => 245209
    [STREET] => Пр. Коста/Мальчинская
    [BUILDING] => 147/21
    [POSTAL_CODE] => 362000
    [COUNTRY] => Россия
    [PROVINCE] => Республика Северная Осетия-Алания 
    [REGION] => Затеречный
    [CITY] => город Владикавказ
    [ADDRESS_2] => 
)

internalExecute:
Array
(
    [TYPE_ID] => 1
    [ENTITY_TYPE_ID] => 3
    [ENTITY_ID] => 245209
    [STREET] => Пр. Коста/Мальчинская
    [BUILDING] => 147/21
    [POSTAL_CODE] => 362000
    [COUNTRY] => Россия
    [PROVINCE] => Республика Северная Осетия-Алания 
    [REGION] => Затеречный
    [CITY] => город Владикавказ
    [ADDRESS_2] => 
)

internalExecute:
Array
(
    [TYPE_ID] => 4
    [ENTITY_TYPE_ID] => 3
    [ENTITY_ID] => 245210
    [STREET] => нет
    [BUILDING] => нет
    [POSTAL_CODE] => 368020
    [COUNTRY] => Россия
    [PROVINCE] => Республика Дагестан
    [REGION] => Хасавюртовский
    [CITY] => Кокрек
    [ADDRESS_2] => 
)

internalExecute:
Array
(
    [TYPE_ID] => 4
    [ENTITY_TYPE_ID] => 3
    [ENTITY_ID] => 245210
    [STREET] => нет
    [BUILDING] => нет
    [POSTAL_CODE] => 368020
    [COUNTRY] => Россия
    [PROVINCE] => Республика Дагестан
    [REGION] => Хасавюртовский
    [CITY] => Кокрек
    [ADDRESS_2] => 
)

internalExecute:
Array
(
    [TYPE_ID] => 4
    [ENTITY_TYPE_ID] => 3
    [ENTITY_ID] => 245216
    [STREET] => Широкая
    [BUILDING] => 34
    [POSTAL_CODE] => 653007
    [COUNTRY] => Россия
    [PROVINCE] => Кемеровская область
    [REGION] => 
    [CITY] => гор. Прокопьевск
    [ADDRESS_2] => 
)

internalExecute:
Array
(
    [TYPE_ID] => 4
    [ENTITY_TYPE_ID] => 3
    [ENTITY_ID] => 245216
    [STREET] => Широкая
    [BUILDING] => 34
    [POSTAL_CODE] => 653007
    [COUNTRY] => Россия
    [PROVINCE] => Кемеровская область
    [REGION] => 
    [CITY] => гор. Прокопьевск
    [ADDRESS_2] => 
)

internalExecute:
Array
(
    [TYPE_ID] => 1
    [ENTITY_TYPE_ID] => 3
    [ENTITY_ID] => 245216
    [STREET] => Широкая
    [BUILDING] => 34
    [POSTAL_CODE] => 653007
    [COUNTRY] => Россия
    [PROVINCE] => Кемеровская область
    [REGION] => 
    [CITY] => гор. Прокопьевск
    [ADDRESS_2] => 
)

internalExecute:
Array
(
    [TYPE_ID] => 1
    [ENTITY_TYPE_ID] => 3
    [ENTITY_ID] => 245216
    [STREET] => Широкая
    [BUILDING] => 34
    [POSTAL_CODE] => 653007
    [COUNTRY] => Россия
    [PROVINCE] => Кемеровская область
    [REGION] => 
    [CITY] => гор. Прокопьевск
    [ADDRESS_2] => 
)

internalExecute:
Array
(
    [TYPE_ID] => 4
    [ENTITY_TYPE_ID] => 3
    [ENTITY_ID] => 245217
    [STREET] => Кронштадская
    [BUILDING] => 11
    [POSTAL_CODE] => 653007
    [COUNTRY] => Россия
    [PROVINCE] => Кемеровская область
    [REGION] => 
    [CITY] => гор. Прокопьевск
    [ADDRESS_2] => 
)

internalExecute:
Array
(
    [TYPE_ID] => 4
    [ENTITY_TYPE_ID] => 3
    [ENTITY_ID] => 245217
    [STREET] => Кронштадская
    [BUILDING] => 11
    [POSTAL_CODE] => 653007
    [COUNTRY] => Россия
    [PROVINCE] => Кемеровская область
    [REGION] => 
    [CITY] => гор. Прокопьевск
    [ADDRESS_2] => 
)

internalExecute:
Array
(
    [TYPE_ID] => 4
    [ENTITY_TYPE_ID] => 3
    [ENTITY_ID] => 245218
    [STREET] => Титова
    [BUILDING] => 6
    [POSTAL_CODE] => 668380
    [COUNTRY] => Россия
    [PROVINCE] => Республика Тыва
    [REGION] => Эрзинский
    [CITY] => с. Эрзин
    [ADDRESS_2] => 2
)

internalExecute:
Array
(
    [TYPE_ID] => 4
    [ENTITY_TYPE_ID] => 3
    [ENTITY_ID] => 245218
    [STREET] => Титова
    [BUILDING] => 6
    [POSTAL_CODE] => 668380
    [COUNTRY] => Россия
    [PROVINCE] => Республика Тыва
    [REGION] => Эрзинский
    [CITY] => с. Эрзин
    [ADDRESS_2] => 2
)

internalExecute:
Array
(
    [TYPE_ID] => 1
    [ENTITY_TYPE_ID] => 3
    [ENTITY_ID] => 245218
    [STREET] => Титова
    [BUILDING] => 6
    [POSTAL_CODE] => 668380
    [COUNTRY] => Россия
    [PROVINCE] => Республика Тыва
    [REGION] => Эрзинский
    [CITY] => с. Эрзин
    [ADDRESS_2] => 2
)

internalExecute:
Array
(
    [TYPE_ID] => 1
    [ENTITY_TYPE_ID] => 3
    [ENTITY_ID] => 245218
    [STREET] => Титова
    [BUILDING] => 6
    [POSTAL_CODE] => 668380
    [COUNTRY] => Россия
    [PROVINCE] => Республика Тыва
    [REGION] => Эрзинский
    [CITY] => с. Эрзин
    [ADDRESS_2] => 2
)

internalExecute:
Array
(
    [TYPE_ID] => 4
    [ENTITY_TYPE_ID] => 3
    [ENTITY_ID] => 245219
    [STREET] => Пушкина
    [BUILDING] => 47
    [POSTAL_CODE] => 668380
    [COUNTRY] => Россия
    [PROVINCE] => Республика Тыва
    [REGION] => Эрзинский район
    [CITY] => с. Эрзин
    [ADDRESS_2] => 1
)

internalExecute:
Array
(
    [TYPE_ID] => 4
    [ENTITY_TYPE_ID] => 3
    [ENTITY_ID] => 245219
    [STREET] => Пушкина
    [BUILDING] => 47
    [POSTAL_CODE] => 668380
    [COUNTRY] => Россия
    [PROVINCE] => Республика Тыва
    [REGION] => Эрзинский район
    [CITY] => с. Эрзин
    [ADDRESS_2] => 1
)

internalExecute:
Array
(
    [TYPE_ID] => 4
    [ENTITY_TYPE_ID] => 3
    [ENTITY_ID] => 245220
    [STREET] => Пушкина
    [BUILDING] => 47
    [POSTAL_CODE] => 668380
    [COUNTRY] => Россия
    [PROVINCE] => Республика Тыва
    [REGION] => Эрзинский район
    [CITY] => с. Эрзин
    [ADDRESS_2] => 1
)

internalExecute:
Array
(
    [TYPE_ID] => 4
    [ENTITY_TYPE_ID] => 3
    [ENTITY_ID] => 245220
    [STREET] => Пушкина
    [BUILDING] => 47
    [POSTAL_CODE] => 668380
    [COUNTRY] => Россия
    [PROVINCE] => Республика Тыва
    [REGION] => Эрзинский район
    [CITY] => с. Эрзин
    [ADDRESS_2] => 1
)

internalExecute:
Array
(
    [TYPE_ID] => 4
    [ENTITY_TYPE_ID] => 3
    [ENTITY_ID] => 245222
    [STREET] => Правобережная 
    [BUILDING] => 20/1
    [POSTAL_CODE] => 667000
    [COUNTRY] => Россия
    [PROVINCE] => Республика Тыва
    [REGION] => 
    [CITY] => г. Кызыл
    [ADDRESS_2] => 21
)

internalExecute:
Array
(
    [TYPE_ID] => 4
    [ENTITY_TYPE_ID] => 3
    [ENTITY_ID] => 245222
    [STREET] => Правобережная 
    [BUILDING] => 20/1
    [POSTAL_CODE] => 667000
    [COUNTRY] => Россия
    [PROVINCE] => Республика Тыва
    [REGION] => 
    [CITY] => г. Кызыл
    [ADDRESS_2] => 21
)

internalExecute:
Array
(
    [TYPE_ID] => 1
    [ENTITY_TYPE_ID] => 3
    [ENTITY_ID] => 245222
    [STREET] => Правобережная 
    [BUILDING] => 20/1
    [POSTAL_CODE] => 667000
    [COUNTRY] => Россия
    [PROVINCE] => Республика Тыва
    [REGION] => 
    [CITY] => г. Кызыл
    [ADDRESS_2] => 21
)

internalExecute:
Array
(
    [TYPE_ID] => 1
    [ENTITY_TYPE_ID] => 3
    [ENTITY_ID] => 245222
    [STREET] => Правобережная 
    [BUILDING] => 20/1
    [POSTAL_CODE] => 667000
    [COUNTRY] => Россия
    [PROVINCE] => Республика Тыва
    [REGION] => 
    [CITY] => г. Кызыл
    [ADDRESS_2] => 21
)

internalExecute:
Array
(
    [TYPE_ID] => 4
    [ENTITY_TYPE_ID] => 3
    [ENTITY_ID] => 245223
    [STREET] => Горная
    [BUILDING] => 11
    [POSTAL_CODE] => 667909
    [COUNTRY] => Россия
    [PROVINCE] => Республика Тыва
    [REGION] => Кызылский район
    [CITY] => с. Терлиг-Хая
    [ADDRESS_2] => 2
)

internalExecute:
Array
(
    [TYPE_ID] => 4
    [ENTITY_TYPE_ID] => 3
    [ENTITY_ID] => 245223
    [STREET] => Горная
    [BUILDING] => 11
    [POSTAL_CODE] => 667909
    [COUNTRY] => Россия
    [PROVINCE] => Республика Тыва
    [REGION] => Кызылский район
    [CITY] => с. Терлиг-Хая
    [ADDRESS_2] => 2
)

internalExecute:
Array
(
    [TYPE_ID] => 4
    [ENTITY_TYPE_ID] => 3
    [ENTITY_ID] => 245259
    [STREET] => Мэлса Самбуева
    [BUILDING] => 18А
    [POSTAL_CODE] => 671932
    [COUNTRY] => Россия
    [PROVINCE] => Республика Бурятия
    [REGION] => Закаменский
    [CITY] => у. Санага
    [ADDRESS_2] => 
)

internalExecute:
Array
(
    [TYPE_ID] => 4
    [ENTITY_TYPE_ID] => 3
    [ENTITY_ID] => 245259
    [STREET] => Мэлса Самбуева
    [BUILDING] => 18А
    [POSTAL_CODE] => 671932
    [COUNTRY] => Россия
    [PROVINCE] => Республика Бурятия
    [REGION] => Закаменский
    [CITY] => у. Санага
    [ADDRESS_2] => 
)

internalExecute:
Array
(
    [TYPE_ID] => 1
    [ENTITY_TYPE_ID] => 3
    [ENTITY_ID] => 245259
    [STREET] => Мэлса Самбуева
    [BUILDING] => 18А
    [POSTAL_CODE] => 671932
    [COUNTRY] => Россия
    [PROVINCE] => Республика Бурятия
    [REGION] => Закаменский
    [CITY] => у. Санага
    [ADDRESS_2] => 
)

internalExecute:
Array
(
    [TYPE_ID] => 1
    [ENTITY_TYPE_ID] => 3
    [ENTITY_ID] => 245259
    [STREET] => Мэлса Самбуева
    [BUILDING] => 18А
    [POSTAL_CODE] => 671932
    [COUNTRY] => Россия
    [PROVINCE] => Республика Бурятия
    [REGION] => Закаменский
    [CITY] => у. Санага
    [ADDRESS_2] => 
)

internalExecute:
Array
(
    [TYPE_ID] => 4
    [ENTITY_TYPE_ID] => 3
    [ENTITY_ID] => 245260
    [STREET] => М. Самбуева
    [BUILDING] => 16
    [POSTAL_CODE] => 
    [COUNTRY] => Россия
    [PROVINCE] => Республика Бурятия
    [REGION] => Закаменский
    [CITY] => с. Санага
    [ADDRESS_2] => 
)

internalExecute:
Array
(
    [TYPE_ID] => 4
    [ENTITY_TYPE_ID] => 3
    [ENTITY_ID] => 245260
    [STREET] => М. Самбуева
    [BUILDING] => 16
    [POSTAL_CODE] => 
    [COUNTRY] => Россия
    [PROVINCE] => Республика Бурятия
    [REGION] => Закаменский
    [CITY] => с. Санага
    [ADDRESS_2] => 
)

internalExecute:
Array
(
    [TYPE_ID] => 4
    [ENTITY_TYPE_ID] => 3
    [ENTITY_ID] => 245261
    [STREET] => Луначарского
    [BUILDING] => 10а
    [POSTAL_CODE] => 
    [COUNTRY] => Россия
    [PROVINCE] => Кемеровская область
    [REGION] => 
    [CITY] => г. Белово
    [ADDRESS_2] => 
)

internalExecute:
Array
(
    [TYPE_ID] => 4
    [ENTITY_TYPE_ID] => 3
    [ENTITY_ID] => 245261
    [STREET] => Луначарского
    [BUILDING] => 10а
    [POSTAL_CODE] => 
    [COUNTRY] => Россия
    [PROVINCE] => Кемеровская область
    [REGION] => 
    [CITY] => г. Белово
    [ADDRESS_2] => 
)

internalExecute:
Array
(
    [TYPE_ID] => 1
    [ENTITY_TYPE_ID] => 3
    [ENTITY_ID] => 245261
    [STREET] => Луначарского
    [BUILDING] => 10а
    [POSTAL_CODE] => 
    [COUNTRY] => Россия
    [PROVINCE] => Кемеровская область
    [REGION] => 
    [CITY] => г. Белово
    [ADDRESS_2] => 
)

internalExecute:
Array
(
    [TYPE_ID] => 1
    [ENTITY_TYPE_ID] => 3
    [ENTITY_ID] => 245261
    [STREET] => Луначарского
    [BUILDING] => 10а
    [POSTAL_CODE] => 
    [COUNTRY] => Россия
    [PROVINCE] => Кемеровская область
    [REGION] => 
    [CITY] => г. Белово
    [ADDRESS_2] => 
)

internalExecute:
Array
(
    [TYPE_ID] => 4
    [ENTITY_TYPE_ID] => 3
    [ENTITY_ID] => 245262
    [STREET] => ул. Молодежная
    [BUILDING] => 10
    [POSTAL_CODE] => 
    [COUNTRY] => Россия
    [PROVINCE] => Кемеровская область
    [REGION] => 
    [CITY] => 
    [ADDRESS_2] => 1
)

internalExecute:
Array
(
    [TYPE_ID] => 4
    [ENTITY_TYPE_ID] => 3
    [ENTITY_ID] => 245262
    [STREET] => ул. Молодежная
    [BUILDING] => 10
    [POSTAL_CODE] => 
    [COUNTRY] => Россия
    [PROVINCE] => Кемеровская область
    [REGION] => 
    [CITY] => 
    [ADDRESS_2] => 1
)

internalExecute:
Array
(
    [TYPE_ID] => 4
    [ENTITY_TYPE_ID] => 3
    [ENTITY_ID] => 245264
    [STREET] => Ольховская ул
    [BUILDING] => 23 д
    [POSTAL_CODE] => 620141
    [COUNTRY] => Россия
    [PROVINCE] => Свердловская обл
    [REGION] => 
    [CITY] => Екатеринбург г
    [ADDRESS_2] => 10 кв
)

internalExecute:
Array
(
    [TYPE_ID] => 4
    [ENTITY_TYPE_ID] => 3
    [ENTITY_ID] => 245264
    [STREET] => Ольховская ул
    [BUILDING] => 23 д
    [POSTAL_CODE] => 620141
    [COUNTRY] => Россия
    [PROVINCE] => Свердловская обл
    [REGION] => 
    [CITY] => Екатеринбург г
    [ADDRESS_2] => 10 кв
)

internalExecute:
Array
(
    [TYPE_ID] => 1
    [ENTITY_TYPE_ID] => 3
    [ENTITY_ID] => 245264
    [STREET] => Ольховская ул
    [BUILDING] => 23 д
    [POSTAL_CODE] => 620141
    [COUNTRY] => Россия
    [PROVINCE] => Свердловская обл
    [REGION] => 
    [CITY] => Екатеринбург г
    [ADDRESS_2] => 10 кв
)

internalExecute:
Array
(
    [TYPE_ID] => 1
    [ENTITY_TYPE_ID] => 3
    [ENTITY_ID] => 245264
    [STREET] => Ольховская ул
    [BUILDING] => 23 д
    [POSTAL_CODE] => 620141
    [COUNTRY] => Россия
    [PROVINCE] => Свердловская обл
    [REGION] => 
    [CITY] => Екатеринбург г
    [ADDRESS_2] => 10 кв
)

internalExecute:
Array
(
    [TYPE_ID] => 4
    [ENTITY_TYPE_ID] => 3
    [ENTITY_ID] => 245265
    [STREET] => Ленина пр-кт
    [BUILDING] => 7влд д соор51
    [POSTAL_CODE] => 443110
    [COUNTRY] => Россия
    [PROVINCE] => Самарская обл
    [REGION] => 
    [CITY] => Самара г
    [ADDRESS_2] => 
)

internalExecute:
Array
(
    [TYPE_ID] => 4
    [ENTITY_TYPE_ID] => 3
    [ENTITY_ID] => 245265
    [STREET] => Ленина пр-кт
    [BUILDING] => 7влд д соор51
    [POSTAL_CODE] => 443110
    [COUNTRY] => Россия
    [PROVINCE] => Самарская обл
    [REGION] => 
    [CITY] => Самара г
    [ADDRESS_2] => 
)

internalExecute:
Array
(
    [TYPE_ID] => 1
    [ENTITY_TYPE_ID] => 3
    [ENTITY_ID] => 245265
    [STREET] => Ленина пр-кт
    [BUILDING] => 7влд д соор51
    [POSTAL_CODE] => 443110
    [COUNTRY] => Россия
    [PROVINCE] => Самарская обл
    [REGION] => 
    [CITY] => Самара г
    [ADDRESS_2] => 
)

internalExecute:
Array
(
    [TYPE_ID] => 1
    [ENTITY_TYPE_ID] => 3
    [ENTITY_ID] => 245265
    [STREET] => Ленина пр-кт
    [BUILDING] => 7влд д соор51
    [POSTAL_CODE] => 443110
    [COUNTRY] => Россия
    [PROVINCE] => Самарская обл
    [REGION] => 
    [CITY] => Самара г
    [ADDRESS_2] => 
)

internalExecute:
Array
(
    [TYPE_ID] => 4
    [ENTITY_TYPE_ID] => 3
    [ENTITY_ID] => 245266
    [STREET] => Ленина ул
    [BUILDING] => 2 д
    [POSTAL_CODE] => 623750
    [COUNTRY] => Россия
    [PROVINCE] => Свердловская обл
    [REGION] => Камышловский р-н
    [CITY] => Реж г
    [ADDRESS_2] => 1 кв
)

internalExecute:
Array
(
    [TYPE_ID] => 4
    [ENTITY_TYPE_ID] => 3
    [ENTITY_ID] => 245266
    [STREET] => Ленина ул
    [BUILDING] => 2 д
    [POSTAL_CODE] => 623750
    [COUNTRY] => Россия
    [PROVINCE] => Свердловская обл
    [REGION] => Камышловский р-н
    [CITY] => Реж г
    [ADDRESS_2] => 1 кв
)

internalExecute:
Array
(
    [TYPE_ID] => 4
    [ENTITY_TYPE_ID] => 3
    [ENTITY_ID] => 245267
    [STREET] => Ольховская ул
    [BUILDING] => 22 стр
    [POSTAL_CODE] => 620141
    [COUNTRY] => Россия
    [PROVINCE] => Свердловская обл
    [REGION] => 
    [CITY] => Екатеринбург г
    [ADDRESS_2] => 
)

internalExecute:
Array
(
    [TYPE_ID] => 4
    [ENTITY_TYPE_ID] => 3
    [ENTITY_ID] => 245267
    [STREET] => Ольховская ул
    [BUILDING] => 22 стр
    [POSTAL_CODE] => 620141
    [COUNTRY] => Россия
    [PROVINCE] => Свердловская обл
    [REGION] => 
    [CITY] => Екатеринбург г
    [ADDRESS_2] => 
)

internalExecute:
Array
(
    [TYPE_ID] => 1
    [ENTITY_TYPE_ID] => 3
    [ENTITY_ID] => 245267
    [STREET] => Ольховская ул
    [BUILDING] => 22 стр
    [POSTAL_CODE] => 620141
    [COUNTRY] => Россия
    [PROVINCE] => Свердловская обл
    [REGION] => 
    [CITY] => Екатеринбург г
    [ADDRESS_2] => 
)

internalExecute:
Array
(
    [TYPE_ID] => 1
    [ENTITY_TYPE_ID] => 3
    [ENTITY_ID] => 245267
    [STREET] => Ольховская ул
    [BUILDING] => 22 стр
    [POSTAL_CODE] => 620141
    [COUNTRY] => Россия
    [PROVINCE] => Свердловская обл
    [REGION] => 
    [CITY] => Екатеринбург г
    [ADDRESS_2] => 
)

internalExecute:
Array
(
    [TYPE_ID] => 4
    [ENTITY_TYPE_ID] => 3
    [ENTITY_ID] => 245268
    [STREET] => Ольховская ул
    [BUILDING] => 23 д
    [POSTAL_CODE] => 620141
    [COUNTRY] => Россия
    [PROVINCE] => Свердловская обл
    [REGION] => 
    [CITY] => Екатеринбург г
    [ADDRESS_2] => 
)

internalExecute:
Array
(
    [TYPE_ID] => 4
    [ENTITY_TYPE_ID] => 3
    [ENTITY_ID] => 245268
    [STREET] => Ольховская ул
    [BUILDING] => 23 д
    [POSTAL_CODE] => 620141
    [COUNTRY] => Россия
    [PROVINCE] => Свердловская обл
    [REGION] => 
    [CITY] => Екатеринбург г
    [ADDRESS_2] => 
)

internalExecute:
Array
(
    [TYPE_ID] => 4
    [ENTITY_TYPE_ID] => 3
    [ENTITY_ID] => 245269
    [STREET] => Ольховская ул
    [BUILDING] => 22 стр
    [POSTAL_CODE] => 620141
    [COUNTRY] => Россия
    [PROVINCE] => Свердловская обл
    [REGION] => 
    [CITY] => Екатеринбург г
    [ADDRESS_2] => 
)

internalExecute:
Array
(
    [TYPE_ID] => 4
    [ENTITY_TYPE_ID] => 3
    [ENTITY_ID] => 245269
    [STREET] => Ольховская ул
    [BUILDING] => 22 стр
    [POSTAL_CODE] => 620141
    [COUNTRY] => Россия
    [PROVINCE] => Свердловская обл
    [REGION] => 
    [CITY] => Екатеринбург г
    [ADDRESS_2] => 
)

internalExecute:
Array
(
    [TYPE_ID] => 1
    [ENTITY_TYPE_ID] => 3
    [ENTITY_ID] => 245269
    [STREET] => Ольховская ул
    [BUILDING] => 22 стр
    [POSTAL_CODE] => 620141
    [COUNTRY] => Россия
    [PROVINCE] => Свердловская обл
    [REGION] => 
    [CITY] => Екатеринбург г
    [ADDRESS_2] => 
)

internalExecute:
Array
(
    [TYPE_ID] => 1
    [ENTITY_TYPE_ID] => 3
    [ENTITY_ID] => 245269
    [STREET] => Ольховская ул
    [BUILDING] => 22 стр
    [POSTAL_CODE] => 620141
    [COUNTRY] => Россия
    [PROVINCE] => Свердловская обл
    [REGION] => 
    [CITY] => Екатеринбург г
    [ADDRESS_2] => 
)

internalExecute:
Array
(
    [TYPE_ID] => 4
    [ENTITY_TYPE_ID] => 3
    [ENTITY_ID] => 245270
    [STREET] => Ольховская ул
    [BUILDING] => 23 д
    [POSTAL_CODE] => 620141
    [COUNTRY] => Россия
    [PROVINCE] => Свердловская обл
    [REGION] => 
    [CITY] => Екатеринбург г
    [ADDRESS_2] => 
)

internalExecute:
Array
(
    [TYPE_ID] => 4
    [ENTITY_TYPE_ID] => 3
    [ENTITY_ID] => 245270
    [STREET] => Ольховская ул
    [BUILDING] => 23 д
    [POSTAL_CODE] => 620141
    [COUNTRY] => Россия
    [PROVINCE] => Свердловская обл
    [REGION] => 
    [CITY] => Екатеринбург г
    [ADDRESS_2] => 
)

internalExecute:
Array
(
    [TYPE_ID] => 4
    [ENTITY_TYPE_ID] => 3
    [ENTITY_ID] => 245275
    [STREET] => Юбилейная
    [BUILDING] => 9
    [POSTAL_CODE] => 686332
    [COUNTRY] => Россия
    [PROVINCE] => Магаданская область
    [REGION] => Сусуманский
    [CITY] => ПГТ Мяунджа
    [ADDRESS_2] => 40
)

internalExecute:
Array
(
    [TYPE_ID] => 4
    [ENTITY_TYPE_ID] => 3
    [ENTITY_ID] => 245275
    [STREET] => Юбилейная
    [BUILDING] => 9
    [POSTAL_CODE] => 686332
    [COUNTRY] => Россия
    [PROVINCE] => Магаданская область
    [REGION] => Сусуманский
    [CITY] => ПГТ Мяунджа
    [ADDRESS_2] => 40
)

internalExecute:
Array
(
    [TYPE_ID] => 1
    [ENTITY_TYPE_ID] => 3
    [ENTITY_ID] => 245275
    [STREET] => Абдулвагабова
    [BUILDING] => 43
    [POSTAL_CODE] => 368907
    [COUNTRY] => Россия
    [PROVINCE] => Республика Дагестан
    [REGION] => г. Махачкала
    [CITY] => с. Н. Хушет
    [ADDRESS_2] => -
)

internalExecute:
Array
(
    [TYPE_ID] => 1
    [ENTITY_TYPE_ID] => 3
    [ENTITY_ID] => 245275
    [STREET] => Абдулвагабова
    [BUILDING] => 43
    [POSTAL_CODE] => 368907
    [COUNTRY] => Россия
    [PROVINCE] => Республика Дагестан
    [REGION] => г. Махачкала
    [CITY] => с. Н. Хушет
    [ADDRESS_2] => -
)

internalExecute:
Array
(
    [TYPE_ID] => 4
    [ENTITY_TYPE_ID] => 3
    [ENTITY_ID] => 245276
    [STREET] => ул. Бейбулатова
    [BUILDING] => 15 А К.1
    [POSTAL_CODE] => 368907
    [COUNTRY] => Россия
    [PROVINCE] => Республика Дагестан
    [REGION] => 
    [CITY] => г. Махачкала
    [ADDRESS_2] => 20
)

internalExecute:
Array
(
    [TYPE_ID] => 4
    [ENTITY_TYPE_ID] => 3
    [ENTITY_ID] => 245276
    [STREET] => ул. Бейбулатова
    [BUILDING] => 15 А К.1
    [POSTAL_CODE] => 368907
    [COUNTRY] => Россия
    [PROVINCE] => Республика Дагестан
    [REGION] => 
    [CITY] => г. Махачкала
    [ADDRESS_2] => 20
)

internalExecute:
Array
(
    [TYPE_ID] => 4
    [ENTITY_TYPE_ID] => 3
    [ENTITY_ID] => 245283
    [STREET] => Кирова 
    [BUILDING] => 73
    [POSTAL_CODE] => 
    [COUNTRY] => Россия
    [PROVINCE] => Республика Саха (Якутия)
    [REGION] => Сунтарский
    [CITY] => Сунтар
    [ADDRESS_2] => 9
)

internalExecute:
Array
(
    [TYPE_ID] => 4
    [ENTITY_TYPE_ID] => 3
    [ENTITY_ID] => 245283
    [STREET] => Кирова 
    [BUILDING] => 73
    [POSTAL_CODE] => 
    [COUNTRY] => Россия
    [PROVINCE] => Республика Саха (Якутия)
    [REGION] => Сунтарский
    [CITY] => Сунтар
    [ADDRESS_2] => 9
)

internalExecute:
Array
(
    [TYPE_ID] => 1
    [ENTITY_TYPE_ID] => 3
    [ENTITY_ID] => 245283
    [STREET] => Лермонтова 
    [BUILDING] => 121а
    [POSTAL_CODE] => 
    [COUNTRY] => Россия
    [PROVINCE] => Республика Саха (Якутия)
    [REGION] => 
    [CITY] => Якутск
    [ADDRESS_2] => 89
)

internalExecute:
Array
(
    [TYPE_ID] => 1
    [ENTITY_TYPE_ID] => 3
    [ENTITY_ID] => 245283
    [STREET] => Лермонтова 
    [BUILDING] => 121а
    [POSTAL_CODE] => 
    [COUNTRY] => Россия
    [PROVINCE] => Республика Саха (Якутия)
    [REGION] => 
    [CITY] => Якутск
    [ADDRESS_2] => 89
)

internalExecute:
Array
(
    [TYPE_ID] => 4
    [ENTITY_TYPE_ID] => 3
    [ENTITY_ID] => 245288
    [STREET] => Ленина
    [BUILDING] => 50
    [POSTAL_CODE] => 
    [COUNTRY] => Россия
    [PROVINCE] => Республика Саха (Якутия)
    [REGION] => Амгинский
    [CITY] => Чакыр 2-й
    [ADDRESS_2] => 
)

internalExecute:
Array
(
    [TYPE_ID] => 4
    [ENTITY_TYPE_ID] => 3
    [ENTITY_ID] => 245288
    [STREET] => Ленина
    [BUILDING] => 50
    [POSTAL_CODE] => 
    [COUNTRY] => Россия
    [PROVINCE] => Республика Саха (Якутия)
    [REGION] => Амгинский
    [CITY] => Чакыр 2-й
    [ADDRESS_2] => 
)

internalExecute:
Array
(
    [TYPE_ID] => 1
    [ENTITY_TYPE_ID] => 3
    [ENTITY_ID] => 245288
    [STREET] => Комсомольская
    [BUILDING] => 6
    [POSTAL_CODE] => 
    [COUNTRY] => Россия
    [PROVINCE] => Республика Саха (Якутия)
    [REGION] => Амгинский
    [CITY] => Амга
    [ADDRESS_2] => 8
)

internalExecute:
Array
(
    [TYPE_ID] => 1
    [ENTITY_TYPE_ID] => 3
    [ENTITY_ID] => 245288
    [STREET] => Комсомольская
    [BUILDING] => 6
    [POSTAL_CODE] => 
    [COUNTRY] => Россия
    [PROVINCE] => Республика Саха (Якутия)
    [REGION] => Амгинский
    [CITY] => Амга
    [ADDRESS_2] => 8
)

internalExecute:
Array
(
    [TYPE_ID] => 4
    [ENTITY_TYPE_ID] => 3
    [ENTITY_ID] => 245294
    [STREET] => Кирова ул
    [BUILDING] => 32А д к1
    [POSTAL_CODE] => 620028
    [COUNTRY] => Россия
    [PROVINCE] => Свердловская обл
    [REGION] => 
    [CITY] => Екатеринбург г
    [ADDRESS_2] => 1
)

internalExecute:
Array
(
    [TYPE_ID] => 4
    [ENTITY_TYPE_ID] => 3
    [ENTITY_ID] => 245294
    [STREET] => Кирова ул
    [BUILDING] => 32А д к1
    [POSTAL_CODE] => 620028
    [COUNTRY] => Россия
    [PROVINCE] => Свердловская обл
    [REGION] => 
    [CITY] => Екатеринбург г
    [ADDRESS_2] => 1
)

internalExecute:
Array
(
    [TYPE_ID] => 1
    [ENTITY_TYPE_ID] => 3
    [ENTITY_ID] => 245294
    [STREET] => Кирова ул
    [BUILDING] => 32А д к1
    [POSTAL_CODE] => 620028
    [COUNTRY] => Россия
    [PROVINCE] => Свердловская обл
    [REGION] => 
    [CITY] => Екатеринбург г
    [ADDRESS_2] => 1
)

internalExecute:
Array
(
    [TYPE_ID] => 1
    [ENTITY_TYPE_ID] => 3
    [ENTITY_ID] => 245294
    [STREET] => Кирова ул
    [BUILDING] => 32А д к1
    [POSTAL_CODE] => 620028
    [COUNTRY] => Россия
    [PROVINCE] => Свердловская обл
    [REGION] => 
    [CITY] => Екатеринбург г
    [ADDRESS_2] => 1
)

internalExecute:
Array
(
    [TYPE_ID] => 4
    [ENTITY_TYPE_ID] => 3
    [ENTITY_ID] => 245294
    [STREET] => Кирова ул
    [BUILDING] => 32А д к1
    [POSTAL_CODE] => 620028
    [COUNTRY] => Россия
    [PROVINCE] => Свердловская обл
    [REGION] => 
    [CITY] => Екатеринбург г
    [ADDRESS_2] => 1
)

internalExecute:
Array
(
    [TYPE_ID] => 4
    [ENTITY_TYPE_ID] => 3
    [ENTITY_ID] => 245294
    [STREET] => Кирова ул
    [BUILDING] => 32А д к1
    [POSTAL_CODE] => 620028
    [COUNTRY] => Россия
    [PROVINCE] => Свердловская обл
    [REGION] => 
    [CITY] => Екатеринбург г
    [ADDRESS_2] => 1
)

internalExecute:
Array
(
    [TYPE_ID] => 1
    [ENTITY_TYPE_ID] => 3
    [ENTITY_ID] => 245294
    [STREET] => Кирова ул
    [BUILDING] => 32А д к1
    [POSTAL_CODE] => 620028
    [COUNTRY] => Россия
    [PROVINCE] => Свердловская обл
    [REGION] => 
    [CITY] => Екатеринбург г
    [ADDRESS_2] => 1
)

internalExecute:
Array
(
    [TYPE_ID] => 1
    [ENTITY_TYPE_ID] => 3
    [ENTITY_ID] => 245294
    [STREET] => Кирова ул
    [BUILDING] => 32А д к1
    [POSTAL_CODE] => 620028
    [COUNTRY] => Россия
    [PROVINCE] => Свердловская обл
    [REGION] => 
    [CITY] => Екатеринбург г
    [ADDRESS_2] => 1
)

internalExecute:
Array
(
    [TYPE_ID] => 4
    [ENTITY_TYPE_ID] => 3
    [ENTITY_ID] => 245294
    [STREET] => Кирова ул
    [BUILDING] => 32А д к1
    [POSTAL_CODE] => 620028
    [COUNTRY] => Россия
    [PROVINCE] => Свердловская обл
    [REGION] => 
    [CITY] => Екатеринбург г
    [ADDRESS_2] => 1
)

internalExecute:
Array
(
    [TYPE_ID] => 4
    [ENTITY_TYPE_ID] => 3
    [ENTITY_ID] => 245294
    [STREET] => Кирова ул
    [BUILDING] => 32А д к1
    [POSTAL_CODE] => 620028
    [COUNTRY] => Россия
    [PROVINCE] => Свердловская обл
    [REGION] => 
    [CITY] => Екатеринбург г
    [ADDRESS_2] => 1
)

internalExecute:
Array
(
    [TYPE_ID] => 1
    [ENTITY_TYPE_ID] => 3
    [ENTITY_ID] => 245294
    [STREET] => Кирова ул
    [BUILDING] => 32А д к1
    [POSTAL_CODE] => 620028
    [COUNTRY] => Россия
    [PROVINCE] => Свердловская обл
    [REGION] => 
    [CITY] => Екатеринбург г
    [ADDRESS_2] => 1
)

internalExecute:
Array
(
    [TYPE_ID] => 1
    [ENTITY_TYPE_ID] => 3
    [ENTITY_ID] => 245294
    [STREET] => Кирова ул
    [BUILDING] => 32А д к1
    [POSTAL_CODE] => 620028
    [COUNTRY] => Россия
    [PROVINCE] => Свердловская обл
    [REGION] => 
    [CITY] => Екатеринбург г
    [ADDRESS_2] => 1
)

internalExecute:
Array
(
    [TYPE_ID] => 4
    [ENTITY_TYPE_ID] => 3
    [ENTITY_ID] => 245294
    [STREET] => Кирова ул
    [BUILDING] => 32А д к1
    [POSTAL_CODE] => 620028
    [COUNTRY] => Россия
    [PROVINCE] => Свердловская обл
    [REGION] => 
    [CITY] => Екатеринбург г
    [ADDRESS_2] => 1
)

internalExecute:
Array
(
    [TYPE_ID] => 4
    [ENTITY_TYPE_ID] => 3
    [ENTITY_ID] => 245294
    [STREET] => Кирова ул
    [BUILDING] => 32А д к1
    [POSTAL_CODE] => 620028
    [COUNTRY] => Россия
    [PROVINCE] => Свердловская обл
    [REGION] => 
    [CITY] => Екатеринбург г
    [ADDRESS_2] => 1
)

internalExecute:
Array
(
    [TYPE_ID] => 1
    [ENTITY_TYPE_ID] => 3
    [ENTITY_ID] => 245294
    [STREET] => Кирова ул
    [BUILDING] => 32А д к1
    [POSTAL_CODE] => 620028
    [COUNTRY] => Россия
    [PROVINCE] => Свердловская обл
    [REGION] => 
    [CITY] => Екатеринбург г
    [ADDRESS_2] => 1
)

internalExecute:
Array
(
    [TYPE_ID] => 1
    [ENTITY_TYPE_ID] => 3
    [ENTITY_ID] => 245294
    [STREET] => Кирова ул
    [BUILDING] => 32А д к1
    [POSTAL_CODE] => 620028
    [COUNTRY] => Россия
    [PROVINCE] => Свердловская обл
    [REGION] => 
    [CITY] => Екатеринбург г
    [ADDRESS_2] => 1
)

internalExecute:
Array
(
    [TYPE_ID] => 4
    [ENTITY_TYPE_ID] => 3
    [ENTITY_ID] => 245296
    [STREET] => Центральная
    [BUILDING] => 7
    [POSTAL_CODE] => 653213
    [COUNTRY] => Россия
    [PROVINCE] => Кемеровская область
    [REGION] => Прокопьевский
    [CITY] => Центральный
    [ADDRESS_2] => 
)

internalExecute:
Array
(
    [TYPE_ID] => 4
    [ENTITY_TYPE_ID] => 3
    [ENTITY_ID] => 245296
    [STREET] => Центральная
    [BUILDING] => 7
    [POSTAL_CODE] => 653213
    [COUNTRY] => Россия
    [PROVINCE] => Кемеровская область
    [REGION] => Прокопьевский
    [CITY] => Центральный
    [ADDRESS_2] => 
)

internalExecute:
Array
(
    [TYPE_ID] => 1
    [ENTITY_TYPE_ID] => 3
    [ENTITY_ID] => 245296
    [STREET] => Центральная
    [BUILDING] => 7
    [POSTAL_CODE] => 653213
    [COUNTRY] => Россия
    [PROVINCE] => Кемеровская область
    [REGION] => Прокопьевский
    [CITY] => Центральный
    [ADDRESS_2] => 
)

internalExecute:
Array
(
    [TYPE_ID] => 1
    [ENTITY_TYPE_ID] => 3
    [ENTITY_ID] => 245296
    [STREET] => Центральная
    [BUILDING] => 7
    [POSTAL_CODE] => 653213
    [COUNTRY] => Россия
    [PROVINCE] => Кемеровская область
    [REGION] => Прокопьевский
    [CITY] => Центральный
    [ADDRESS_2] => 
)

internalExecute:
Array
(
    [TYPE_ID] => 4
    [ENTITY_TYPE_ID] => 3
    [ENTITY_ID] => 245297
    [STREET] => Мира
    [BUILDING] => 2
    [POSTAL_CODE] => 653218
    [COUNTRY] => Россия
    [PROVINCE] => Кемеровская область
    [REGION] => Прокопьевский
    [CITY] => Большой Керлегеш
    [ADDRESS_2] => 11
)

internalExecute:
Array
(
    [TYPE_ID] => 4
    [ENTITY_TYPE_ID] => 3
    [ENTITY_ID] => 245297
    [STREET] => Мира
    [BUILDING] => 2
    [POSTAL_CODE] => 653218
    [COUNTRY] => Россия
    [PROVINCE] => Кемеровская область
    [REGION] => Прокопьевский
    [CITY] => Большой Керлегеш
    [ADDRESS_2] => 11
)

internalExecute:
Array
(
    [TYPE_ID] => 4
    [ENTITY_TYPE_ID] => 3
    [ENTITY_ID] => 245294
    [STREET] => Кирова ул
    [BUILDING] => 32А д к1
    [POSTAL_CODE] => 620028
    [COUNTRY] => Россия
    [PROVINCE] => Свердловская обл
    [REGION] => 
    [CITY] => Екатеринбург г
    [ADDRESS_2] => 1
)

internalExecute:
Array
(
    [TYPE_ID] => 4
    [ENTITY_TYPE_ID] => 3
    [ENTITY_ID] => 245294
    [STREET] => Кирова ул
    [BUILDING] => 32А д к1
    [POSTAL_CODE] => 620028
    [COUNTRY] => Россия
    [PROVINCE] => Свердловская обл
    [REGION] => 
    [CITY] => Екатеринбург г
    [ADDRESS_2] => 1
)

internalExecute:
Array
(
    [TYPE_ID] => 1
    [ENTITY_TYPE_ID] => 3
    [ENTITY_ID] => 245294
    [STREET] => Кирова ул
    [BUILDING] => 32А д к1
    [POSTAL_CODE] => 620028
    [COUNTRY] => Россия
    [PROVINCE] => Свердловская обл
    [REGION] => 
    [CITY] => Екатеринбург г
    [ADDRESS_2] => 1
)

internalExecute:
Array
(
    [TYPE_ID] => 1
    [ENTITY_TYPE_ID] => 3
    [ENTITY_ID] => 245294
    [STREET] => Кирова ул
    [BUILDING] => 32А д к1
    [POSTAL_CODE] => 620028
    [COUNTRY] => Россия
    [PROVINCE] => Свердловская обл
    [REGION] => 
    [CITY] => Екатеринбург г
    [ADDRESS_2] => 1
)

internalExecute:
Array
(
    [TYPE_ID] => 4
    [ENTITY_TYPE_ID] => 3
    [ENTITY_ID] => 245294
    [STREET] => Кирова ул
    [BUILDING] => 32А д к1
    [POSTAL_CODE] => 620028
    [COUNTRY] => Россия
    [PROVINCE] => Свердловская обл
    [REGION] => 
    [CITY] => Екатеринбург г
    [ADDRESS_2] => 1
)

internalExecute:
Array
(
    [TYPE_ID] => 4
    [ENTITY_TYPE_ID] => 3
    [ENTITY_ID] => 245294
    [STREET] => Кирова ул
    [BUILDING] => 32А д к1
    [POSTAL_CODE] => 620028
    [COUNTRY] => Россия
    [PROVINCE] => Свердловская обл
    [REGION] => 
    [CITY] => Екатеринбург г
    [ADDRESS_2] => 1
)

internalExecute:
Array
(
    [TYPE_ID] => 1
    [ENTITY_TYPE_ID] => 3
    [ENTITY_ID] => 245294
    [STREET] => Кирова ул
    [BUILDING] => 32А д к1
    [POSTAL_CODE] => 620028
    [COUNTRY] => Россия
    [PROVINCE] => Свердловская обл
    [REGION] => 
    [CITY] => Екатеринбург г
    [ADDRESS_2] => 1
)

internalExecute:
Array
(
    [TYPE_ID] => 1
    [ENTITY_TYPE_ID] => 3
    [ENTITY_ID] => 245294
    [STREET] => Кирова ул
    [BUILDING] => 32А д к1
    [POSTAL_CODE] => 620028
    [COUNTRY] => Россия
    [PROVINCE] => Свердловская обл
    [REGION] => 
    [CITY] => Екатеринбург г
    [ADDRESS_2] => 1
)

internalExecute:
Array
(
    [TYPE_ID] => 4
    [ENTITY_TYPE_ID] => 3
    [ENTITY_ID] => 245294
    [STREET] => Кирова ул
    [BUILDING] => 32А д к1
    [POSTAL_CODE] => 620028
    [COUNTRY] => Россия
    [PROVINCE] => Свердловская обл
    [REGION] => 
    [CITY] => Екатеринбург г
    [ADDRESS_2] => 1
)

internalExecute:
Array
(
    [TYPE_ID] => 4
    [ENTITY_TYPE_ID] => 3
    [ENTITY_ID] => 245294
    [STREET] => Кирова ул
    [BUILDING] => 32А д к1
    [POSTAL_CODE] => 620028
    [COUNTRY] => Россия
    [PROVINCE] => Свердловская обл
    [REGION] => 
    [CITY] => Екатеринбург г
    [ADDRESS_2] => 1
)

internalExecute:
Array
(
    [TYPE_ID] => 1
    [ENTITY_TYPE_ID] => 3
    [ENTITY_ID] => 245294
    [STREET] => Кирова ул
    [BUILDING] => 32А д к1
    [POSTAL_CODE] => 620028
    [COUNTRY] => Россия
    [PROVINCE] => Свердловская обл
    [REGION] => 
    [CITY] => Екатеринбург г
    [ADDRESS_2] => 1
)

internalExecute:
Array
(
    [TYPE_ID] => 1
    [ENTITY_TYPE_ID] => 3
    [ENTITY_ID] => 245294
    [STREET] => Кирова ул
    [BUILDING] => 32А д к1
    [POSTAL_CODE] => 620028
    [COUNTRY] => Россия
    [PROVINCE] => Свердловская обл
    [REGION] => 
    [CITY] => Екатеринбург г
    [ADDRESS_2] => 1
)

internalExecute:
Array
(
    [TYPE_ID] => 4
    [ENTITY_TYPE_ID] => 3
    [ENTITY_ID] => 245309
    [STREET] => Черных
    [BUILDING] => 2
    [POSTAL_CODE] => 652702
    [COUNTRY] => Россия
    [PROVINCE] => Кемеровская область
    [REGION] => 
    [CITY] => Киселевск
    [ADDRESS_2] => 3
)

internalExecute:
Array
(
    [TYPE_ID] => 4
    [ENTITY_TYPE_ID] => 3
    [ENTITY_ID] => 245309
    [STREET] => Черных
    [BUILDING] => 2
    [POSTAL_CODE] => 652702
    [COUNTRY] => Россия
    [PROVINCE] => Кемеровская область
    [REGION] => 
    [CITY] => Киселевск
    [ADDRESS_2] => 3
)

internalExecute:
Array
(
    [TYPE_ID] => 1
    [ENTITY_TYPE_ID] => 3
    [ENTITY_ID] => 245309
    [STREET] => Черных
    [BUILDING] => 2
    [POSTAL_CODE] => 652702
    [COUNTRY] => Россия
    [PROVINCE] => Кемеровская область
    [REGION] => 
    [CITY] => Киселевск
    [ADDRESS_2] => 3
)

internalExecute:
Array
(
    [TYPE_ID] => 1
    [ENTITY_TYPE_ID] => 3
    [ENTITY_ID] => 245309
    [STREET] => Черных
    [BUILDING] => 2
    [POSTAL_CODE] => 652702
    [COUNTRY] => Россия
    [PROVINCE] => Кемеровская область
    [REGION] => 
    [CITY] => Киселевск
    [ADDRESS_2] => 3
)

internalExecute:
Array
(
    [TYPE_ID] => 4
    [ENTITY_TYPE_ID] => 3
    [ENTITY_ID] => 245310
    [STREET] => Иркутская
    [BUILDING] => 28
    [POSTAL_CODE] => 652716
    [COUNTRY] => Россия
    [PROVINCE] => Кемеровская область
    [REGION] => 
    [CITY] => Киселевск
    [ADDRESS_2] => 
)

internalExecute:
Array
(
    [TYPE_ID] => 4
    [ENTITY_TYPE_ID] => 3
    [ENTITY_ID] => 245310
    [STREET] => Иркутская
    [BUILDING] => 28
    [POSTAL_CODE] => 652716
    [COUNTRY] => Россия
    [PROVINCE] => Кемеровская область
    [REGION] => 
    [CITY] => Киселевск
    [ADDRESS_2] => 
)

internalExecute:
Array
(
    [TYPE_ID] => 4
    [ENTITY_TYPE_ID] => 3
    [ENTITY_ID] => 245323
    [STREET] => переулок Герменчик
    [BUILDING] => дом 5
    [POSTAL_CODE] => 361330
    [COUNTRY] => Россия
    [PROVINCE] => Кабардино-Балкарская Республика
    [REGION] => Лескенский район
    [CITY] => село Аргудан
    [ADDRESS_2] => 
)

internalExecute:
Array
(
    [TYPE_ID] => 4
    [ENTITY_TYPE_ID] => 3
    [ENTITY_ID] => 245323
    [STREET] => переулок Герменчик
    [BUILDING] => дом 5
    [POSTAL_CODE] => 361330
    [COUNTRY] => Россия
    [PROVINCE] => Кабардино-Балкарская Республика
    [REGION] => Лескенский район
    [CITY] => село Аргудан
    [ADDRESS_2] => 
)

internalExecute:
Array
(
    [TYPE_ID] => 1
    [ENTITY_TYPE_ID] => 3
    [ENTITY_ID] => 245323
    [STREET] => переулок Герменчик
    [BUILDING] => дом 5
    [POSTAL_CODE] => 361330
    [COUNTRY] => Россия
    [PROVINCE] => Кабардино-Балкарская Республика
    [REGION] => Лескенский район
    [CITY] => село Аргудан
    [ADDRESS_2] => 
)

internalExecute:
Array
(
    [TYPE_ID] => 1
    [ENTITY_TYPE_ID] => 3
    [ENTITY_ID] => 245323
    [STREET] => переулок Герменчик
    [BUILDING] => дом 5
    [POSTAL_CODE] => 361330
    [COUNTRY] => Россия
    [PROVINCE] => Кабардино-Балкарская Республика
    [REGION] => Лескенский район
    [CITY] => село Аргудан
    [ADDRESS_2] => 
)

internalExecute:
Array
(
    [TYPE_ID] => 4
    [ENTITY_TYPE_ID] => 3
    [ENTITY_ID] => 245324
    [STREET] => улица Ленина
    [BUILDING] => дом 61
    [POSTAL_CODE] => 361304
    [COUNTRY] => Россия
    [PROVINCE] => Кабардино-Балкарская Республика 
    [REGION] => Урванский район
    [CITY] => село Кахун
    [ADDRESS_2] => 
)

internalExecute:
Array
(
    [TYPE_ID] => 4
    [ENTITY_TYPE_ID] => 3
    [ENTITY_ID] => 245324
    [STREET] => улица Ленина
    [BUILDING] => дом 61
    [POSTAL_CODE] => 361304
    [COUNTRY] => Россия
    [PROVINCE] => Кабардино-Балкарская Республика 
    [REGION] => Урванский район
    [CITY] => село Кахун
    [ADDRESS_2] => 
)

internalExecute:
Array
(
    [TYPE_ID] => 1
    [ENTITY_TYPE_ID] => 3
    [ENTITY_ID] => 245324
    [STREET] => улица Ленина
    [BUILDING] => дом 61
    [POSTAL_CODE] => 361304
    [COUNTRY] => Россия
    [PROVINCE] => Кабардино-Балкарская Республика 
    [REGION] => Урванский район
    [CITY] => село Кахун
    [ADDRESS_2] => 
)

internalExecute:
Array
(
    [TYPE_ID] => 1
    [ENTITY_TYPE_ID] => 3
    [ENTITY_ID] => 245324
    [STREET] => улица Ленина
    [BUILDING] => дом 61
    [POSTAL_CODE] => 361304
    [COUNTRY] => Россия
    [PROVINCE] => Кабардино-Балкарская Республика 
    [REGION] => Урванский район
    [CITY] => село Кахун
    [ADDRESS_2] => 
)

internalExecute:
Array
(
    [TYPE_ID] => 4
    [ENTITY_TYPE_ID] => 3
    [ENTITY_ID] => 245325
    [STREET] => переулок Герменчик
    [BUILDING] => дом 5
    [POSTAL_CODE] => 361330
    [COUNTRY] => Россия
    [PROVINCE] => Кабардино-Балкарская Республика
    [REGION] => Лескенский район 
    [CITY] => село Аргудан
    [ADDRESS_2] => 
)

internalExecute:
Array
(
    [TYPE_ID] => 4
    [ENTITY_TYPE_ID] => 3
    [ENTITY_ID] => 245325
    [STREET] => переулок Герменчик
    [BUILDING] => дом 5
    [POSTAL_CODE] => 361330
    [COUNTRY] => Россия
    [PROVINCE] => Кабардино-Балкарская Республика
    [REGION] => Лескенский район 
    [CITY] => село Аргудан
    [ADDRESS_2] => 
)

internalExecute:
Array
(
    [TYPE_ID] => 1
    [ENTITY_TYPE_ID] => 3
    [ENTITY_ID] => 245325
    [STREET] => переулок Герменчик
    [BUILDING] => дом 5
    [POSTAL_CODE] => 361330
    [COUNTRY] => Россия
    [PROVINCE] => Кабардино-Балкарская Республика
    [REGION] => Лескенский район 
    [CITY] => село Аргудан
    [ADDRESS_2] => 
)

internalExecute:
Array
(
    [TYPE_ID] => 1
    [ENTITY_TYPE_ID] => 3
    [ENTITY_ID] => 245325
    [STREET] => переулок Герменчик
    [BUILDING] => дом 5
    [POSTAL_CODE] => 361330
    [COUNTRY] => Россия
    [PROVINCE] => Кабардино-Балкарская Республика
    [REGION] => Лескенский район 
    [CITY] => село Аргудан
    [ADDRESS_2] => 
)

internalExecute:
Array
(
    [TYPE_ID] => 4
    [ENTITY_TYPE_ID] => 3
    [ENTITY_ID] => 245329
    [STREET] => Чедер
    [BUILDING] => 12
    [POSTAL_CODE] => 667905
    [COUNTRY] => Россия
    [PROVINCE] => Республика Тыва
    [REGION] => Кызылский
    [CITY] => с. Целинное 
    [ADDRESS_2] => 
)

internalExecute:
Array
(
    [TYPE_ID] => 4
    [ENTITY_TYPE_ID] => 3
    [ENTITY_ID] => 245329
    [STREET] => Чедер
    [BUILDING] => 12
    [POSTAL_CODE] => 667905
    [COUNTRY] => Россия
    [PROVINCE] => Республика Тыва
    [REGION] => Кызылский
    [CITY] => с. Целинное 
    [ADDRESS_2] => 
)

internalExecute:
Array
(
    [TYPE_ID] => 1
    [ENTITY_TYPE_ID] => 3
    [ENTITY_ID] => 245329
    [STREET] => Чедер
    [BUILDING] => 12
    [POSTAL_CODE] => 667905
    [COUNTRY] => Россия
    [PROVINCE] => Республика Тыва
    [REGION] => Кызылский
    [CITY] => с. Целинное 
    [ADDRESS_2] => 
)

internalExecute:
Array
(
    [TYPE_ID] => 1
    [ENTITY_TYPE_ID] => 3
    [ENTITY_ID] => 245329
    [STREET] => Чедер
    [BUILDING] => 12
    [POSTAL_CODE] => 667905
    [COUNTRY] => Россия
    [PROVINCE] => Республика Тыва
    [REGION] => Кызылский
    [CITY] => с. Целинное 
    [ADDRESS_2] => 
)

internalExecute:
Array
(
    [TYPE_ID] => 4
    [ENTITY_TYPE_ID] => 3
    [ENTITY_ID] => 245330
    [STREET] => Подстанция
    [BUILDING] => 3
    [POSTAL_CODE] => 667905
    [COUNTRY] => Россия
    [PROVINCE] => Республика Тыва
    [REGION] => Кызылский район
    [CITY] => с. Целинное
    [ADDRESS_2] => 1
)

internalExecute:
Array
(
    [TYPE_ID] => 4
    [ENTITY_TYPE_ID] => 3
    [ENTITY_ID] => 245330
    [STREET] => Подстанция
    [BUILDING] => 3
    [POSTAL_CODE] => 667905
    [COUNTRY] => Россия
    [PROVINCE] => Республика Тыва
    [REGION] => Кызылский район
    [CITY] => с. Целинное
    [ADDRESS_2] => 1
)

internalExecute:
Array
(
    [TYPE_ID] => 4
    [ENTITY_TYPE_ID] => 3
    [ENTITY_ID] => 245331
    [STREET] => Садовая
    [BUILDING] => 28
    [POSTAL_CODE] => 668310
    [COUNTRY] => Россия
    [PROVINCE] => Республика Тыва
    [REGION] => Тандинский район 
    [CITY] => с. Бай-Хаак
    [ADDRESS_2] => 1
)

internalExecute:
Array
(
    [TYPE_ID] => 4
    [ENTITY_TYPE_ID] => 3
    [ENTITY_ID] => 245331
    [STREET] => Садовая
    [BUILDING] => 28
    [POSTAL_CODE] => 668310
    [COUNTRY] => Россия
    [PROVINCE] => Республика Тыва
    [REGION] => Тандинский район 
    [CITY] => с. Бай-Хаак
    [ADDRESS_2] => 1
)

internalExecute:
Array
(
    [TYPE_ID] => 4
    [ENTITY_TYPE_ID] => 3
    [ENTITY_ID] => 245342
    [STREET] => Космическая
    [BUILDING] => 4
    [POSTAL_CODE] => 633411
    [COUNTRY] => Россия
    [PROVINCE] => Новосибирская область
    [REGION] => Тогучинский
    [CITY] => рп.Горный
    [ADDRESS_2] => 54
)

internalExecute:
Array
(
    [TYPE_ID] => 4
    [ENTITY_TYPE_ID] => 3
    [ENTITY_ID] => 245342
    [STREET] => Космическая
    [BUILDING] => 4
    [POSTAL_CODE] => 633411
    [COUNTRY] => Россия
    [PROVINCE] => Новосибирская область
    [REGION] => Тогучинский
    [CITY] => рп.Горный
    [ADDRESS_2] => 54
)

internalExecute:
Array
(
    [TYPE_ID] => 1
    [ENTITY_TYPE_ID] => 3
    [ENTITY_ID] => 245342
    [STREET] => Заречная
    [BUILDING] => 27
    [POSTAL_CODE] => 633447
    [COUNTRY] => Россия
    [PROVINCE] => Новосибирская область
    [REGION] => Тогучинский
    [CITY] => село Кудельный Ключ
    [ADDRESS_2] => 
)

internalExecute:
Array
(
    [TYPE_ID] => 1
    [ENTITY_TYPE_ID] => 3
    [ENTITY_ID] => 245342
    [STREET] => Заречная
    [BUILDING] => 27
    [POSTAL_CODE] => 633447
    [COUNTRY] => Россия
    [PROVINCE] => Новосибирская область
    [REGION] => Тогучинский
    [CITY] => село Кудельный Ключ
    [ADDRESS_2] => 
)

internalExecute:
Array
(
    [TYPE_ID] => 4
    [ENTITY_TYPE_ID] => 3
    [ENTITY_ID] => 245343
    [STREET] => Берёзовая
    [BUILDING] => 11
    [POSTAL_CODE] => 633411
    [COUNTRY] => Россия
    [PROVINCE] => Новосибирская область
    [REGION] => Тогучинский
    [CITY] => рп. Горный
    [ADDRESS_2] => 
)

internalExecute:
Array
(
    [TYPE_ID] => 4
    [ENTITY_TYPE_ID] => 3
    [ENTITY_ID] => 245343
    [STREET] => Берёзовая
    [BUILDING] => 11
    [POSTAL_CODE] => 633411
    [COUNTRY] => Россия
    [PROVINCE] => Новосибирская область
    [REGION] => Тогучинский
    [CITY] => рп. Горный
    [ADDRESS_2] => 
)

internalExecute:
Array
(
    [TYPE_ID] => 1
    [ENTITY_TYPE_ID] => 3
    [ENTITY_ID] => 245343
    [STREET] => Берёзовая
    [BUILDING] => 11
    [POSTAL_CODE] => 633411
    [COUNTRY] => Россия
    [PROVINCE] => Новосибирская область
    [REGION] => Тогучинский
    [CITY] => рп. Горный
    [ADDRESS_2] => 
)

internalExecute:
Array
(
    [TYPE_ID] => 1
    [ENTITY_TYPE_ID] => 3
    [ENTITY_ID] => 245343
    [STREET] => Берёзовая
    [BUILDING] => 11
    [POSTAL_CODE] => 633411
    [COUNTRY] => Россия
    [PROVINCE] => Новосибирская область
    [REGION] => Тогучинский
    [CITY] => рп. Горный
    [ADDRESS_2] => 
)

internalExecute:
Array
(
    [TYPE_ID] => 4
    [ENTITY_TYPE_ID] => 3
    [ENTITY_ID] => 245346
    [STREET] => Партизанская
    [BUILDING] => 15
    [POSTAL_CODE] => 
    [COUNTRY] => Россия
    [PROVINCE] => Республика Бурятия
    [REGION] => Тарбагатайский
    [CITY] => с. Нижний Саянтуй
    [ADDRESS_2] => 2
)

internalExecute:
Array
(
    [TYPE_ID] => 4
    [ENTITY_TYPE_ID] => 3
    [ENTITY_ID] => 245346
    [STREET] => Партизанская
    [BUILDING] => 15
    [POSTAL_CODE] => 
    [COUNTRY] => Россия
    [PROVINCE] => Республика Бурятия
    [REGION] => Тарбагатайский
    [CITY] => с. Нижний Саянтуй
    [ADDRESS_2] => 2
)

internalExecute:
Array
(
    [TYPE_ID] => 1
    [ENTITY_TYPE_ID] => 3
    [ENTITY_ID] => 245346
    [STREET] => Партизанская
    [BUILDING] => 15
    [POSTAL_CODE] => 
    [COUNTRY] => Россия
    [PROVINCE] => Республика Бурятия
    [REGION] => Тарбагатайский
    [CITY] => с. Нижний Саянтуй
    [ADDRESS_2] => 2
)

internalExecute:
Array
(
    [TYPE_ID] => 1
    [ENTITY_TYPE_ID] => 3
    [ENTITY_ID] => 245346
    [STREET] => Партизанская
    [BUILDING] => 15
    [POSTAL_CODE] => 
    [COUNTRY] => Россия
    [PROVINCE] => Республика Бурятия
    [REGION] => Тарбагатайский
    [CITY] => с. Нижний Саянтуй
    [ADDRESS_2] => 2
)

internalExecute:
Array
(
    [TYPE_ID] => 4
    [ENTITY_TYPE_ID] => 3
    [ENTITY_ID] => 245347
    [STREET] => Октябрьская
    [BUILDING] => 17
    [POSTAL_CODE] => 671120
    [COUNTRY] => Россия
    [PROVINCE] => Республика Бурятия
    [REGION] => Тарбагатайский 
    [CITY] => село Нижний Саянтуй
    [ADDRESS_2] => 
)

internalExecute:
Array
(
    [TYPE_ID] => 4
    [ENTITY_TYPE_ID] => 3
    [ENTITY_ID] => 245347
    [STREET] => Октябрьская
    [BUILDING] => 17
    [POSTAL_CODE] => 671120
    [COUNTRY] => Россия
    [PROVINCE] => Республика Бурятия
    [REGION] => Тарбагатайский 
    [CITY] => село Нижний Саянтуй
    [ADDRESS_2] => 
)

internalExecute:
Array
(
    [TYPE_ID] => 4
    [ENTITY_TYPE_ID] => 3
    [ENTITY_ID] => 245352
    [STREET] => Павленко
    [BUILDING] => 2
    [POSTAL_CODE] => 
    [COUNTRY] => Россия
    [PROVINCE] => Кемеровская область-Кузбасс
    [REGION] => 
    [CITY] => г.Ленинск-Кузнецкий 
    [ADDRESS_2] => 
)

internalExecute:
Array
(
    [TYPE_ID] => 4
    [ENTITY_TYPE_ID] => 3
    [ENTITY_ID] => 245352
    [STREET] => Павленко
    [BUILDING] => 2
    [POSTAL_CODE] => 
    [COUNTRY] => Россия
    [PROVINCE] => Кемеровская область-Кузбасс
    [REGION] => 
    [CITY] => г.Ленинск-Кузнецкий 
    [ADDRESS_2] => 
)

internalExecute:
Array
(
    [TYPE_ID] => 1
    [ENTITY_TYPE_ID] => 3
    [ENTITY_ID] => 245352
    [STREET] => Павленко
    [BUILDING] => 2
    [POSTAL_CODE] => 
    [COUNTRY] => Россия
    [PROVINCE] => Кемеровская область-Кузбасс
    [REGION] => 
    [CITY] => г.Ленинск-Кузнецкий 
    [ADDRESS_2] => 
)

internalExecute:
Array
(
    [TYPE_ID] => 1
    [ENTITY_TYPE_ID] => 3
    [ENTITY_ID] => 245352
    [STREET] => Павленко
    [BUILDING] => 2
    [POSTAL_CODE] => 
    [COUNTRY] => Россия
    [PROVINCE] => Кемеровская область-Кузбасс
    [REGION] => 
    [CITY] => г.Ленинск-Кузнецкий 
    [ADDRESS_2] => 
)

internalExecute:
Array
(
    [TYPE_ID] => 4
    [ENTITY_TYPE_ID] => 3
    [ENTITY_ID] => 245353
    [STREET] => Верхняя
    [BUILDING] => 12
    [POSTAL_CODE] => 
    [COUNTRY] => Россия
    [PROVINCE] => Кемеровская область -кузбасс
    [REGION] => ЛенинскКузнецкий 
    [CITY] => п.Солнечный
    [ADDRESS_2] => 1
)

internalExecute:
Array
(
    [TYPE_ID] => 4
    [ENTITY_TYPE_ID] => 3
    [ENTITY_ID] => 245353
    [STREET] => Верхняя
    [BUILDING] => 12
    [POSTAL_CODE] => 
    [COUNTRY] => Россия
    [PROVINCE] => Кемеровская область -кузбасс
    [REGION] => ЛенинскКузнецкий 
    [CITY] => п.Солнечный
    [ADDRESS_2] => 1
)

internalExecute:
Array
(
    [TYPE_ID] => 1
    [ENTITY_TYPE_ID] => 4
    [ENTITY_ID] => 51871
    [STREET] => Улица Московская
    [BUILDING] => 66
    [POSTAL_CODE] => 
    [COUNTRY] => Россия
    [PROVINCE] => Орловская область
    [REGION] => 
    [CITY] => Орел
    [ADDRESS_2] => 2
)

internalExecute:
Array
(
    [TYPE_ID] => 1
    [ENTITY_TYPE_ID] => 4
    [ENTITY_ID] => 51871
    [STREET] => Улица Московская
    [BUILDING] => 66
    [POSTAL_CODE] => 
    [COUNTRY] => Россия
    [PROVINCE] => Орловская область
    [REGION] => 
    [CITY] => Орел
    [ADDRESS_2] => 2
)

internalExecute:
Array
(
    [TYPE_ID] => 4
    [ENTITY_TYPE_ID] => 3
    [ENTITY_ID] => 245359
    [STREET] => Челюскинцев
    [BUILDING] => 19
    [POSTAL_CODE] => 
    [COUNTRY] => Россия
    [PROVINCE] => нижегородская
    [REGION] => 
    [CITY] => Нижний Новгород
    [ADDRESS_2] => 63
)

internalExecute:
Array
(
    [TYPE_ID] => 4
    [ENTITY_TYPE_ID] => 3
    [ENTITY_ID] => 245359
    [STREET] => Челюскинцев
    [BUILDING] => 19
    [POSTAL_CODE] => 
    [COUNTRY] => Россия
    [PROVINCE] => нижегородская
    [REGION] => 
    [CITY] => Нижний Новгород
    [ADDRESS_2] => 63
)

internalExecute:
Array
(
    [TYPE_ID] => 1
    [ENTITY_TYPE_ID] => 3
    [ENTITY_ID] => 245359
    [STREET] => Челюскинцев
    [BUILDING] => 19
    [POSTAL_CODE] => 
    [COUNTRY] => Россия
    [PROVINCE] => нижегородская
    [REGION] => 
    [CITY] => Нижний Новгород
    [ADDRESS_2] => 63
)

internalExecute:
Array
(
    [TYPE_ID] => 1
    [ENTITY_TYPE_ID] => 3
    [ENTITY_ID] => 245359
    [STREET] => Челюскинцев
    [BUILDING] => 19
    [POSTAL_CODE] => 
    [COUNTRY] => Россия
    [PROVINCE] => нижегородская
    [REGION] => 
    [CITY] => Нижний Новгород
    [ADDRESS_2] => 63
)

internalExecute:
Array
(
    [TYPE_ID] => 4
    [ENTITY_TYPE_ID] => 3
    [ENTITY_ID] => 245360
    [STREET] => 0
    [BUILDING] => 8
    [POSTAL_CODE] => 606710
    [COUNTRY] => Россия
    [PROVINCE] => Нижегородская область
    [REGION] => Краснобаковский
    [CITY] => Потрохово
    [ADDRESS_2] => 3
)

internalExecute:
Array
(
    [TYPE_ID] => 4
    [ENTITY_TYPE_ID] => 3
    [ENTITY_ID] => 245360
    [STREET] => 0
    [BUILDING] => 8
    [POSTAL_CODE] => 606710
    [COUNTRY] => Россия
    [PROVINCE] => Нижегородская область
    [REGION] => Краснобаковский
    [CITY] => Потрохово
    [ADDRESS_2] => 3
)

internalExecute:
Array
(
    [TYPE_ID] => 4
    [ENTITY_TYPE_ID] => 3
    [ENTITY_ID] => 245362
    [STREET] => Октябрьская ул
    [BUILDING] => 10
    [POSTAL_CODE] => 671160
    [COUNTRY] => Россия
    [PROVINCE] => Республика Бурятия
    [REGION] => Селенгинский
    [CITY] => г Гусиноозерск
    [ADDRESS_2] => 65
)

internalExecute:
Array
(
    [TYPE_ID] => 4
    [ENTITY_TYPE_ID] => 3
    [ENTITY_ID] => 245362
    [STREET] => Октябрьская ул
    [BUILDING] => 10
    [POSTAL_CODE] => 671160
    [COUNTRY] => Россия
    [PROVINCE] => Республика Бурятия
    [REGION] => Селенгинский
    [CITY] => г Гусиноозерск
    [ADDRESS_2] => 65
)

internalExecute:
Array
(
    [TYPE_ID] => 1
    [ENTITY_TYPE_ID] => 3
    [ENTITY_ID] => 245362
    [STREET] => Октябрьская ул
    [BUILDING] => 10
    [POSTAL_CODE] => 671160
    [COUNTRY] => Россия
    [PROVINCE] => Республика Бурятия
    [REGION] => Селенгинский
    [CITY] => г Гусиноозерск
    [ADDRESS_2] => 65
)

internalExecute:
Array
(
    [TYPE_ID] => 1
    [ENTITY_TYPE_ID] => 3
    [ENTITY_ID] => 245362
    [STREET] => Октябрьская ул
    [BUILDING] => 10
    [POSTAL_CODE] => 671160
    [COUNTRY] => Россия
    [PROVINCE] => Республика Бурятия
    [REGION] => Селенгинский
    [CITY] => г Гусиноозерск
    [ADDRESS_2] => 65
)

internalExecute:
Array
(
    [TYPE_ID] => 4
    [ENTITY_TYPE_ID] => 3
    [ENTITY_ID] => 245363
    [STREET] => Воронежская
    [BUILDING] => 6
    [POSTAL_CODE] => 
    [COUNTRY] => Россия
    [PROVINCE] => Республика Бурятия
    [REGION] => 
    [CITY] => г. Улан-Удэ
    [ADDRESS_2] => 22
)

internalExecute:
Array
(
    [TYPE_ID] => 4
    [ENTITY_TYPE_ID] => 3
    [ENTITY_ID] => 245363
    [STREET] => Воронежская
    [BUILDING] => 6
    [POSTAL_CODE] => 
    [COUNTRY] => Россия
    [PROVINCE] => Республика Бурятия
    [REGION] => 
    [CITY] => г. Улан-Удэ
    [ADDRESS_2] => 22
)

internalExecute:
Array
(
    [TYPE_ID] => 4
    [ENTITY_TYPE_ID] => 3
    [ENTITY_ID] => 245364
    [STREET] => Володарского
    [BUILDING] => 41
    [POSTAL_CODE] => 671160
    [COUNTRY] => Россия
    [PROVINCE] => Республика Бурятия
    [REGION] => Селенгинский
    [CITY] => г. Улан-Удэ
    [ADDRESS_2] => 
)

internalExecute:
Array
(
    [TYPE_ID] => 4
    [ENTITY_TYPE_ID] => 3
    [ENTITY_ID] => 245364
    [STREET] => Володарского
    [BUILDING] => 41
    [POSTAL_CODE] => 671160
    [COUNTRY] => Россия
    [PROVINCE] => Республика Бурятия
    [REGION] => Селенгинский
    [CITY] => г. Улан-Удэ
    [ADDRESS_2] => 
)

internalExecute:
Array
(
    [TYPE_ID] => 4
    [ENTITY_TYPE_ID] => 3
    [ENTITY_ID] => 245365
    [STREET] => Воронежская
    [BUILDING] => 6
    [POSTAL_CODE] => 
    [COUNTRY] => Россия
    [PROVINCE] => Республика Бурятия
    [REGION] => 
    [CITY] => г. Улан-Удэ
    [ADDRESS_2] => 22
)

internalExecute:
Array
(
    [TYPE_ID] => 4
    [ENTITY_TYPE_ID] => 3
    [ENTITY_ID] => 245365
    [STREET] => Воронежская
    [BUILDING] => 6
    [POSTAL_CODE] => 
    [COUNTRY] => Россия
    [PROVINCE] => Республика Бурятия
    [REGION] => 
    [CITY] => г. Улан-Удэ
    [ADDRESS_2] => 22
)

internalExecute:
Array
(
    [TYPE_ID] => 4
    [ENTITY_TYPE_ID] => 3
    [ENTITY_ID] => 245366
    [STREET] => б-р Химиков
    [BUILDING] => 6
    [POSTAL_CODE] => 
    [COUNTRY] => Россия
    [PROVINCE] => обл.Кемеровская область-Кузбасс
    [REGION] => 
    [CITY] => г.Ленинск-Кузнецкий
    [ADDRESS_2] => 3
)

internalExecute:
Array
(
    [TYPE_ID] => 4
    [ENTITY_TYPE_ID] => 3
    [ENTITY_ID] => 245366
    [STREET] => б-р Химиков
    [BUILDING] => 6
    [POSTAL_CODE] => 
    [COUNTRY] => Россия
    [PROVINCE] => обл.Кемеровская область-Кузбасс
    [REGION] => 
    [CITY] => г.Ленинск-Кузнецкий
    [ADDRESS_2] => 3
)

internalExecute:
Array
(
    [TYPE_ID] => 1
    [ENTITY_TYPE_ID] => 3
    [ENTITY_ID] => 245366
    [STREET] => б-р Химиков
    [BUILDING] => 6
    [POSTAL_CODE] => 
    [COUNTRY] => Россия
    [PROVINCE] => обл.Кемеровская область-Кузбасс
    [REGION] => 
    [CITY] => г.Ленинск-Кузнецкий
    [ADDRESS_2] => 3
)

internalExecute:
Array
(
    [TYPE_ID] => 1
    [ENTITY_TYPE_ID] => 3
    [ENTITY_ID] => 245366
    [STREET] => б-р Химиков
    [BUILDING] => 6
    [POSTAL_CODE] => 
    [COUNTRY] => Россия
    [PROVINCE] => обл.Кемеровская область-Кузбасс
    [REGION] => 
    [CITY] => г.Ленинск-Кузнецкий
    [ADDRESS_2] => 3
)

internalExecute:
Array
(
    [TYPE_ID] => 4
    [ENTITY_TYPE_ID] => 3
    [ENTITY_ID] => 245367
    [STREET] => ул.Набережная
    [BUILDING] => 62
    [POSTAL_CODE] => 
    [COUNTRY] => Россия
    [PROVINCE] => Кемеровская обл
    [REGION] => 
    [CITY] => г.Белово
    [ADDRESS_2] => 
)

internalExecute:
Array
(
    [TYPE_ID] => 4
    [ENTITY_TYPE_ID] => 3
    [ENTITY_ID] => 245367
    [STREET] => ул.Набережная
    [BUILDING] => 62
    [POSTAL_CODE] => 
    [COUNTRY] => Россия
    [PROVINCE] => Кемеровская обл
    [REGION] => 
    [CITY] => г.Белово
    [ADDRESS_2] => 
)

internalExecute:
Array
(
    [TYPE_ID] => 4
    [ENTITY_TYPE_ID] => 3
    [ENTITY_ID] => 245369
    [STREET] => Строителей
    [BUILDING] => 29
    [POSTAL_CODE] => 682640
    [COUNTRY] => Россия
    [PROVINCE] => Хабаровский край
    [REGION] => 
    [CITY] => г Амурск
    [ADDRESS_2] => 58
)

internalExecute:
Array
(
    [TYPE_ID] => 4
    [ENTITY_TYPE_ID] => 3
    [ENTITY_ID] => 245369
    [STREET] => Строителей
    [BUILDING] => 29
    [POSTAL_CODE] => 682640
    [COUNTRY] => Россия
    [PROVINCE] => Хабаровский край
    [REGION] => 
    [CITY] => г Амурск
    [ADDRESS_2] => 58
)

internalExecute:
Array
(
    [TYPE_ID] => 1
    [ENTITY_TYPE_ID] => 3
    [ENTITY_ID] => 245369
    [STREET] => Строителей
    [BUILDING] => 29
    [POSTAL_CODE] => 682640
    [COUNTRY] => Россия
    [PROVINCE] => Хабаровский край
    [REGION] => 
    [CITY] => г Амурск
    [ADDRESS_2] => 58
)

internalExecute:
Array
(
    [TYPE_ID] => 1
    [ENTITY_TYPE_ID] => 3
    [ENTITY_ID] => 245369
    [STREET] => Строителей
    [BUILDING] => 29
    [POSTAL_CODE] => 682640
    [COUNTRY] => Россия
    [PROVINCE] => Хабаровский край
    [REGION] => 
    [CITY] => г Амурск
    [ADDRESS_2] => 58
)

internalExecute:
Array
(
    [TYPE_ID] => 4
    [ENTITY_TYPE_ID] => 3
    [ENTITY_ID] => 245370
    [STREET] => пр Мира
    [BUILDING] => 42
    [POSTAL_CODE] => 682640
    [COUNTRY] => Россия
    [PROVINCE] => Хабаровский край
    [REGION] => 
    [CITY] => г Амурск
    [ADDRESS_2] => 42
)

internalExecute:
Array
(
    [TYPE_ID] => 4
    [ENTITY_TYPE_ID] => 3
    [ENTITY_ID] => 245370
    [STREET] => пр Мира
    [BUILDING] => 42
    [POSTAL_CODE] => 682640
    [COUNTRY] => Россия
    [PROVINCE] => Хабаровский край
    [REGION] => 
    [CITY] => г Амурск
    [ADDRESS_2] => 42
)

internalExecute:
Array
(
    [TYPE_ID] => 4
    [ENTITY_TYPE_ID] => 3
    [ENTITY_ID] => 245388
    [STREET] => Кажарова
    [BUILDING] => 12
    [POSTAL_CODE] => 
    [COUNTRY] => Россия
    [PROVINCE] => Кабардино-Баларская Республика
    [REGION] => Баксанский
    [CITY] => с. Исламей
    [ADDRESS_2] => 
)

internalExecute:
Array
(
    [TYPE_ID] => 4
    [ENTITY_TYPE_ID] => 3
    [ENTITY_ID] => 245388
    [STREET] => Кажарова
    [BUILDING] => 12
    [POSTAL_CODE] => 
    [COUNTRY] => Россия
    [PROVINCE] => Кабардино-Баларская Республика
    [REGION] => Баксанский
    [CITY] => с. Исламей
    [ADDRESS_2] => 
)

internalExecute:
Array
(
    [TYPE_ID] => 1
    [ENTITY_TYPE_ID] => 3
    [ENTITY_ID] => 245388
    [STREET] => Кажарова
    [BUILDING] => 12
    [POSTAL_CODE] => 
    [COUNTRY] => Россия
    [PROVINCE] => Кабардино-Баларская Республика
    [REGION] => Баксанский
    [CITY] => с. Исламей
    [ADDRESS_2] => 
)

internalExecute:
Array
(
    [TYPE_ID] => 1
    [ENTITY_TYPE_ID] => 3
    [ENTITY_ID] => 245388
    [STREET] => Кажарова
    [BUILDING] => 12
    [POSTAL_CODE] => 
    [COUNTRY] => Россия
    [PROVINCE] => Кабардино-Баларская Республика
    [REGION] => Баксанский
    [CITY] => с. Исламей
    [ADDRESS_2] => 
)

internalExecute:
Array
(
    [TYPE_ID] => 4
    [ENTITY_TYPE_ID] => 3
    [ENTITY_ID] => 245389
    [STREET] => Кирова
    [BUILDING] => 436
    [POSTAL_CODE] => 
    [COUNTRY] => Россия
    [PROVINCE] => Кабардино-Балкарская Респ
    [REGION] => Баксанский
    [CITY] => с. Заюково
    [ADDRESS_2] => 
)

internalExecute:
Array
(
    [TYPE_ID] => 4
    [ENTITY_TYPE_ID] => 3
    [ENTITY_ID] => 245389
    [STREET] => Кирова
    [BUILDING] => 436
    [POSTAL_CODE] => 
    [COUNTRY] => Россия
    [PROVINCE] => Кабардино-Балкарская Респ
    [REGION] => Баксанский
    [CITY] => с. Заюково
    [ADDRESS_2] => 
)

internalExecute:
Array
(
    [TYPE_ID] => 4
    [ENTITY_TYPE_ID] => 3
    [ENTITY_ID] => 245395
    [STREET] => Титова
    [BUILDING] => 6
    [POSTAL_CODE] => 668380
    [COUNTRY] => Россия
    [PROVINCE] => Республика Тыва
    [REGION] => Эрзинский район
    [CITY] => с. Эрзин
    [ADDRESS_2] => 6
)

internalExecute:
Array
(
    [TYPE_ID] => 4
    [ENTITY_TYPE_ID] => 3
    [ENTITY_ID] => 245395
    [STREET] => Титова
    [BUILDING] => 6
    [POSTAL_CODE] => 668380
    [COUNTRY] => Россия
    [PROVINCE] => Республика Тыва
    [REGION] => Эрзинский район
    [CITY] => с. Эрзин
    [ADDRESS_2] => 6
)

internalExecute:
Array
(
    [TYPE_ID] => 1
    [ENTITY_TYPE_ID] => 3
    [ENTITY_ID] => 245395
    [STREET] => Титова
    [BUILDING] => 6
    [POSTAL_CODE] => 668380
    [COUNTRY] => Россия
    [PROVINCE] => Республика Тыва
    [REGION] => Эрзинский район
    [CITY] => с. Эрзин
    [ADDRESS_2] => 6
)

internalExecute:
Array
(
    [TYPE_ID] => 1
    [ENTITY_TYPE_ID] => 3
    [ENTITY_ID] => 245395
    [STREET] => Титова
    [BUILDING] => 6
    [POSTAL_CODE] => 668380
    [COUNTRY] => Россия
    [PROVINCE] => Республика Тыва
    [REGION] => Эрзинский район
    [CITY] => с. Эрзин
    [ADDRESS_2] => 6
)

internalExecute:
Array
(
    [TYPE_ID] => 4
    [ENTITY_TYPE_ID] => 3
    [ENTITY_ID] => 245397
    [STREET] => Ленина
    [BUILDING] => 20
    [POSTAL_CODE] => 668130
    [COUNTRY] => Россия
    [PROVINCE] => Республика Тыва
    [REGION] => Овюрский район
    [CITY] => с. Хандагайты
    [ADDRESS_2] => 2
)

internalExecute:
Array
(
    [TYPE_ID] => 4
    [ENTITY_TYPE_ID] => 3
    [ENTITY_ID] => 245397
    [STREET] => Ленина
    [BUILDING] => 20
    [POSTAL_CODE] => 668130
    [COUNTRY] => Россия
    [PROVINCE] => Республика Тыва
    [REGION] => Овюрский район
    [CITY] => с. Хандагайты
    [ADDRESS_2] => 2
)

internalExecute:
Array
(
    [TYPE_ID] => 1
    [ENTITY_TYPE_ID] => 3
    [ENTITY_ID] => 245397
    [STREET] => Кошкар-оола 
    [BUILDING] => 38
    [POSTAL_CODE] => 668020
    [COUNTRY] => Россия
    [PROVINCE] => Республика Тыва
    [REGION] => Монгун-Тайгинский район
    [CITY] => с. Мугур-Аксы
    [ADDRESS_2] => 
)

internalExecute:
Array
(
    [TYPE_ID] => 1
    [ENTITY_TYPE_ID] => 3
    [ENTITY_ID] => 245397
    [STREET] => Кошкар-оола 
    [BUILDING] => 38
    [POSTAL_CODE] => 668020
    [COUNTRY] => Россия
    [PROVINCE] => Республика Тыва
    [REGION] => Монгун-Тайгинский район
    [CITY] => с. Мугур-Аксы
    [ADDRESS_2] => 
)

internalExecute:
Array
(
    [TYPE_ID] => 4
    [ENTITY_TYPE_ID] => 3
    [ENTITY_ID] => 245398
    [STREET] => Калинина 
    [BUILDING] => 5/1
    [POSTAL_CODE] => 667000
    [COUNTRY] => Россия
    [PROVINCE] => Республика Тыва
    [REGION] => 
    [CITY] => г. Кызыл
    [ADDRESS_2] => 11
)

internalExecute:
Array
(
    [TYPE_ID] => 4
    [ENTITY_TYPE_ID] => 3
    [ENTITY_ID] => 245398
    [STREET] => Калинина 
    [BUILDING] => 5/1
    [POSTAL_CODE] => 667000
    [COUNTRY] => Россия
    [PROVINCE] => Республика Тыва
    [REGION] => 
    [CITY] => г. Кызыл
    [ADDRESS_2] => 11
)

internalExecute:
Array
(
    [TYPE_ID] => 1
    [ENTITY_TYPE_ID] => 3
    [ENTITY_ID] => 245398
    [STREET] => Кошкар-оола
    [BUILDING] => 38
    [POSTAL_CODE] => 668020
    [COUNTRY] => Россия
    [PROVINCE] => Республика Тыва
    [REGION] => Монгун-Тайгинский район
    [CITY] => с. Мугур-Аксы
    [ADDRESS_2] => 
)

internalExecute:
Array
(
    [TYPE_ID] => 1
    [ENTITY_TYPE_ID] => 3
    [ENTITY_ID] => 245398
    [STREET] => Кошкар-оола
    [BUILDING] => 38
    [POSTAL_CODE] => 668020
    [COUNTRY] => Россия
    [PROVINCE] => Республика Тыва
    [REGION] => Монгун-Тайгинский район
    [CITY] => с. Мугур-Аксы
    [ADDRESS_2] => 
)

internalExecute:
Array
(
    [TYPE_ID] => 4
    [ENTITY_TYPE_ID] => 3
    [ENTITY_ID] => 245399
    [STREET] => Бай-Хаакская
    [BUILDING] => 2
    [POSTAL_CODE] => 667000
    [COUNTRY] => Россия
    [PROVINCE] => Республика Тыва
    [REGION] => 
    [CITY] => г. Кызыл
    [ADDRESS_2] => 97
)

internalExecute:
Array
(
    [TYPE_ID] => 4
    [ENTITY_TYPE_ID] => 3
    [ENTITY_ID] => 245399
    [STREET] => Бай-Хаакская
    [BUILDING] => 2
    [POSTAL_CODE] => 667000
    [COUNTRY] => Россия
    [PROVINCE] => Республика Тыва
    [REGION] => 
    [CITY] => г. Кызыл
    [ADDRESS_2] => 97
)

internalExecute:
Array
(
    [TYPE_ID] => 4
    [ENTITY_TYPE_ID] => 3
    [ENTITY_ID] => 245400
    [STREET] => Бай-Хаакская
    [BUILDING] => 2
    [POSTAL_CODE] => 667000
    [COUNTRY] => Россия
    [PROVINCE] => Республика Тыва
    [REGION] => 
    [CITY] => г. Кызыл
    [ADDRESS_2] => 97
)

internalExecute:
Array
(
    [TYPE_ID] => 4
    [ENTITY_TYPE_ID] => 3
    [ENTITY_ID] => 245400
    [STREET] => Бай-Хаакская
    [BUILDING] => 2
    [POSTAL_CODE] => 667000
    [COUNTRY] => Россия
    [PROVINCE] => Республика Тыва
    [REGION] => 
    [CITY] => г. Кызыл
    [ADDRESS_2] => 97
)

internalExecute:
Array
(
    [TYPE_ID] => 4
    [ENTITY_TYPE_ID] => 3
    [ENTITY_ID] => 245407
    [STREET] => Заречная
    [BUILDING] => 27
    [POSTAL_CODE] => 633447
    [COUNTRY] => Россия
    [PROVINCE] => Новосибирская область
    [REGION] => Тогучинский район
    [CITY] => село Кудельный Ключ
    [ADDRESS_2] => 
)

internalExecute:
Array
(
    [TYPE_ID] => 4
    [ENTITY_TYPE_ID] => 3
    [ENTITY_ID] => 245407
    [STREET] => Заречная
    [BUILDING] => 27
    [POSTAL_CODE] => 633447
    [COUNTRY] => Россия
    [PROVINCE] => Новосибирская область
    [REGION] => Тогучинский район
    [CITY] => село Кудельный Ключ
    [ADDRESS_2] => 
)

internalExecute:
Array
(
    [TYPE_ID] => 1
    [ENTITY_TYPE_ID] => 3
    [ENTITY_ID] => 245407
    [STREET] => Заречная
    [BUILDING] => 27
    [POSTAL_CODE] => 633447
    [COUNTRY] => Россия
    [PROVINCE] => Новосибирская область
    [REGION] => Тогучинский район
    [CITY] => село Кудельный Ключ
    [ADDRESS_2] => 
)

internalExecute:
Array
(
    [TYPE_ID] => 1
    [ENTITY_TYPE_ID] => 3
    [ENTITY_ID] => 245407
    [STREET] => Заречная
    [BUILDING] => 27
    [POSTAL_CODE] => 633447
    [COUNTRY] => Россия
    [PROVINCE] => Новосибирская область
    [REGION] => Тогучинский район
    [CITY] => село Кудельный Ключ
    [ADDRESS_2] => 
)

internalExecute:
Array
(
    [TYPE_ID] => 4
    [ENTITY_TYPE_ID] => 3
    [ENTITY_ID] => 245409
    [STREET] => Берёзовая
    [BUILDING] => 11
    [POSTAL_CODE] => 633411
    [COUNTRY] => Россия
    [PROVINCE] => Новосибирская область
    [REGION] => Тогучинский район
    [CITY] => рп.Горный
    [ADDRESS_2] => 
)

internalExecute:
Array
(
    [TYPE_ID] => 4
    [ENTITY_TYPE_ID] => 3
    [ENTITY_ID] => 245409
    [STREET] => Берёзовая
    [BUILDING] => 11
    [POSTAL_CODE] => 633411
    [COUNTRY] => Россия
    [PROVINCE] => Новосибирская область
    [REGION] => Тогучинский район
    [CITY] => рп.Горный
    [ADDRESS_2] => 
)

internalExecute:
Array
(
    [TYPE_ID] => 4
    [ENTITY_TYPE_ID] => 3
    [ENTITY_ID] => 245410
    [STREET] => Садовая
    [BUILDING] => 21
    [POSTAL_CODE] => 
    [COUNTRY] => Россия
    [PROVINCE] => Еврейская автономная область
    [REGION] => Октябрьский
    [CITY] => с. Пузино
    [ADDRESS_2] => 2
)

internalExecute:
Array
(
    [TYPE_ID] => 4
    [ENTITY_TYPE_ID] => 3
    [ENTITY_ID] => 245410
    [STREET] => Садовая
    [BUILDING] => 21
    [POSTAL_CODE] => 
    [COUNTRY] => Россия
    [PROVINCE] => Еврейская автономная область
    [REGION] => Октябрьский
    [CITY] => с. Пузино
    [ADDRESS_2] => 2
)

internalExecute:
Array
(
    [TYPE_ID] => 1
    [ENTITY_TYPE_ID] => 3
    [ENTITY_ID] => 245410
    [STREET] => Гаражная
    [BUILDING] => 3
    [POSTAL_CODE] => 
    [COUNTRY] => Россия
    [PROVINCE] => Хабаровский край
    [REGION] => Амурский
    [CITY] => рп. Эльбан
    [ADDRESS_2] => 23
)

internalExecute:
Array
(
    [TYPE_ID] => 1
    [ENTITY_TYPE_ID] => 3
    [ENTITY_ID] => 245410
    [STREET] => Гаражная
    [BUILDING] => 3
    [POSTAL_CODE] => 
    [COUNTRY] => Россия
    [PROVINCE] => Хабаровский край
    [REGION] => Амурский
    [CITY] => рп. Эльбан
    [ADDRESS_2] => 23
)

internalExecute:
Array
(
    [TYPE_ID] => 4
    [ENTITY_TYPE_ID] => 3
    [ENTITY_ID] => 245411
    [STREET] => 2 мкр.
    [BUILDING] => 22
    [POSTAL_CODE] => 682610
    [COUNTRY] => Россия
    [PROVINCE] => Хабаровский край
    [REGION] => Амурский район
    [CITY] => рп. Эльбан
    [ADDRESS_2] => 86
)

internalExecute:
Array
(
    [TYPE_ID] => 4
    [ENTITY_TYPE_ID] => 3
    [ENTITY_ID] => 245411
    [STREET] => 2 мкр.
    [BUILDING] => 22
    [POSTAL_CODE] => 682610
    [COUNTRY] => Россия
    [PROVINCE] => Хабаровский край
    [REGION] => Амурский район
    [CITY] => рп. Эльбан
    [ADDRESS_2] => 86
)

internalExecute:
Array
(
    [TYPE_ID] => 4
    [ENTITY_TYPE_ID] => 3
    [ENTITY_ID] => 245427
    [STREET] => Партизанская
    [BUILDING] => 15
    [POSTAL_CODE] => 671120
    [COUNTRY] => Россия
    [PROVINCE] => Бурятия
    [REGION] => Тарбагатайский
    [CITY] => Нижний Саянтуй
    [ADDRESS_2] => 2
)

internalExecute:
Array
(
    [TYPE_ID] => 4
    [ENTITY_TYPE_ID] => 3
    [ENTITY_ID] => 245427
    [STREET] => Партизанская
    [BUILDING] => 15
    [POSTAL_CODE] => 671120
    [COUNTRY] => Россия
    [PROVINCE] => Бурятия
    [REGION] => Тарбагатайский
    [CITY] => Нижний Саянтуй
    [ADDRESS_2] => 2
)

internalExecute:
Array
(
    [TYPE_ID] => 1
    [ENTITY_TYPE_ID] => 3
    [ENTITY_ID] => 245427
    [STREET] => Партизанская
    [BUILDING] => 15
    [POSTAL_CODE] => 671120
    [COUNTRY] => Россия
    [PROVINCE] => Бурятия
    [REGION] => Тарбагатайский
    [CITY] => Нижний Саянтуй
    [ADDRESS_2] => 2
)

internalExecute:
Array
(
    [TYPE_ID] => 1
    [ENTITY_TYPE_ID] => 3
    [ENTITY_ID] => 245427
    [STREET] => Партизанская
    [BUILDING] => 15
    [POSTAL_CODE] => 671120
    [COUNTRY] => Россия
    [PROVINCE] => Бурятия
    [REGION] => Тарбагатайский
    [CITY] => Нижний Саянтуй
    [ADDRESS_2] => 2
)

internalExecute:
Array
(
    [TYPE_ID] => 4
    [ENTITY_TYPE_ID] => 3
    [ENTITY_ID] => 245428
    [STREET] => Октябрьская
    [BUILDING] => 17
    [POSTAL_CODE] => 671120
    [COUNTRY] => Россия
    [PROVINCE] => Республика Бурятия
    [REGION] => Тарбагатайский
    [CITY] => Нижний Саянтуй
    [ADDRESS_2] => 
)

internalExecute:
Array
(
    [TYPE_ID] => 4
    [ENTITY_TYPE_ID] => 3
    [ENTITY_ID] => 245428
    [STREET] => Октябрьская
    [BUILDING] => 17
    [POSTAL_CODE] => 671120
    [COUNTRY] => Россия
    [PROVINCE] => Республика Бурятия
    [REGION] => Тарбагатайский
    [CITY] => Нижний Саянтуй
    [ADDRESS_2] => 
)

internalExecute:
Array
(
    [TYPE_ID] => 4
    [ENTITY_TYPE_ID] => 3
    [ENTITY_ID] => 245434
    [STREET] => Горького
    [BUILDING] => 38
    [POSTAL_CODE] => 652740
    [COUNTRY] => Россия
    [PROVINCE] => Кемеровская область
    [REGION] => 
    [CITY] => гор. Калтан
    [ADDRESS_2] => 33
)

internalExecute:
Array
(
    [TYPE_ID] => 4
    [ENTITY_TYPE_ID] => 3
    [ENTITY_ID] => 245434
    [STREET] => Горького
    [BUILDING] => 38
    [POSTAL_CODE] => 652740
    [COUNTRY] => Россия
    [PROVINCE] => Кемеровская область
    [REGION] => 
    [CITY] => гор. Калтан
    [ADDRESS_2] => 33
)

internalExecute:
Array
(
    [TYPE_ID] => 1
    [ENTITY_TYPE_ID] => 3
    [ENTITY_ID] => 245434
    [STREET] => Горького
    [BUILDING] => 38
    [POSTAL_CODE] => 652740
    [COUNTRY] => Россия
    [PROVINCE] => Кемеровская область
    [REGION] => 
    [CITY] => гор. Калтан
    [ADDRESS_2] => 33
)

internalExecute:
Array
(
    [TYPE_ID] => 1
    [ENTITY_TYPE_ID] => 3
    [ENTITY_ID] => 245434
    [STREET] => Горького
    [BUILDING] => 38
    [POSTAL_CODE] => 652740
    [COUNTRY] => Россия
    [PROVINCE] => Кемеровская область
    [REGION] => 
    [CITY] => гор. Калтан
    [ADDRESS_2] => 33
)

internalExecute:
Array
(
    [TYPE_ID] => 4
    [ENTITY_TYPE_ID] => 3
    [ENTITY_ID] => 245435
    [STREET] => Молодежная
    [BUILDING] => 24
    [POSTAL_CODE] => 653207
    [COUNTRY] => Россия
    [PROVINCE] => Кемеровская область
    [REGION] => Прокопьевский район
    [CITY] => с. Котино
    [ADDRESS_2] => 2
)

internalExecute:
Array
(
    [TYPE_ID] => 4
    [ENTITY_TYPE_ID] => 3
    [ENTITY_ID] => 245435
    [STREET] => Молодежная
    [BUILDING] => 24
    [POSTAL_CODE] => 653207
    [COUNTRY] => Россия
    [PROVINCE] => Кемеровская область
    [REGION] => Прокопьевский район
    [CITY] => с. Котино
    [ADDRESS_2] => 2
)

internalExecute:
Array
(
    [TYPE_ID] => 4
    [ENTITY_TYPE_ID] => 3
    [ENTITY_ID] => 245380
    [STREET] => Лермонтова ул
    [BUILDING] => 13
    [POSTAL_CODE] => 108831
    [COUNTRY] => Россия
    [PROVINCE] => Дагестан Респ
    [REGION] => Кизилюртовский р-н
    [CITY] => Чонтаул 
    [ADDRESS_2] => 
)

internalExecute:
Array
(
    [TYPE_ID] => 4
    [ENTITY_TYPE_ID] => 3
    [ENTITY_ID] => 245380
    [STREET] => Лермонтова ул
    [BUILDING] => 13
    [POSTAL_CODE] => 108831
    [COUNTRY] => Россия
    [PROVINCE] => Дагестан Респ
    [REGION] => Кизилюртовский р-н
    [CITY] => Чонтаул 
    [ADDRESS_2] => 
)

internalExecute:
Array
(
    [TYPE_ID] => 1
    [ENTITY_TYPE_ID] => 3
    [ENTITY_ID] => 245380
    [STREET] => Лермонтова ул
    [BUILDING] => 13
    [POSTAL_CODE] => 108831
    [COUNTRY] => Россия
    [PROVINCE] => Дагестан Респ
    [REGION] => Кизилюртовский р-н
    [CITY] => Чонтаул 
    [ADDRESS_2] => 
)

internalExecute:
Array
(
    [TYPE_ID] => 1
    [ENTITY_TYPE_ID] => 3
    [ENTITY_ID] => 245380
    [STREET] => Лермонтова ул
    [BUILDING] => 13
    [POSTAL_CODE] => 108831
    [COUNTRY] => Россия
    [PROVINCE] => Дагестан Респ
    [REGION] => Кизилюртовский р-н
    [CITY] => Чонтаул 
    [ADDRESS_2] => 
)

internalExecute:
Array
(
    [TYPE_ID] => 4
    [ENTITY_TYPE_ID] => 3
    [ENTITY_ID] => 245490
    [STREET] => Песочная
    [BUILDING] => 5
    [POSTAL_CODE] => 653000
    [COUNTRY] => Россия
    [PROVINCE] => Ленинградская область
    [REGION] => 
    [CITY] => д. Бережки
    [ADDRESS_2] => 24
)

internalExecute:
Array
(
    [TYPE_ID] => 4
    [ENTITY_TYPE_ID] => 3
    [ENTITY_ID] => 245490
    [STREET] => Песочная
    [BUILDING] => 5
    [POSTAL_CODE] => 653000
    [COUNTRY] => Россия
    [PROVINCE] => Ленинградская область
    [REGION] => 
    [CITY] => д. Бережки
    [ADDRESS_2] => 24
)

internalExecute:
Array
(
    [TYPE_ID] => 1
    [ENTITY_TYPE_ID] => 3
    [ENTITY_ID] => 245490
    [STREET] => Керченская
    [BUILDING] => 19
    [POSTAL_CODE] => 653000
    [COUNTRY] => Россия
    [PROVINCE] => Кемеровская область
    [REGION] => 
    [CITY] => Прокопьевск
    [ADDRESS_2] => 
)

internalExecute:
Array
(
    [TYPE_ID] => 1
    [ENTITY_TYPE_ID] => 3
    [ENTITY_ID] => 245490
    [STREET] => Керченская
    [BUILDING] => 19
    [POSTAL_CODE] => 653000
    [COUNTRY] => Россия
    [PROVINCE] => Кемеровская область
    [REGION] => 
    [CITY] => Прокопьевск
    [ADDRESS_2] => 
)

internalExecute:
Array
(
    [TYPE_ID] => 4
    [ENTITY_TYPE_ID] => 3
    [ENTITY_ID] => 245491
    [STREET] => проспект Шахтеров
    [BUILDING] => 6
    [POSTAL_CODE] => 653000
    [COUNTRY] => Россия
    [PROVINCE] => Кемеровская область
    [REGION] => 
    [CITY] => Прокопьевск
    [ADDRESS_2] => 11
)

internalExecute:
Array
(
    [TYPE_ID] => 4
    [ENTITY_TYPE_ID] => 3
    [ENTITY_ID] => 245491
    [STREET] => проспект Шахтеров
    [BUILDING] => 6
    [POSTAL_CODE] => 653000
    [COUNTRY] => Россия
    [PROVINCE] => Кемеровская область
    [REGION] => 
    [CITY] => Прокопьевск
    [ADDRESS_2] => 11
)

internalExecute:
Array
(
    [TYPE_ID] => 4
    [ENTITY_TYPE_ID] => 3
    [ENTITY_ID] => 245492
    [STREET] => Пирогова
    [BUILDING] => 3
    [POSTAL_CODE] => 653000
    [COUNTRY] => Россия
    [PROVINCE] => Кемеровская область
    [REGION] => 
    [CITY] => Прокопьевск
    [ADDRESS_2] => 2
)

internalExecute:
Array
(
    [TYPE_ID] => 4
    [ENTITY_TYPE_ID] => 3
    [ENTITY_ID] => 245492
    [STREET] => Пирогова
    [BUILDING] => 3
    [POSTAL_CODE] => 653000
    [COUNTRY] => Россия
    [PROVINCE] => Кемеровская область
    [REGION] => 
    [CITY] => Прокопьевск
    [ADDRESS_2] => 2
)

internalExecute:
Array
(
    [TYPE_ID] => 4
    [ENTITY_TYPE_ID] => 3
    [ENTITY_ID] => 245493
    [STREET] => проспект Шахтеров
    [BUILDING] => 6
    [POSTAL_CODE] => 653000
    [COUNTRY] => Россия
    [PROVINCE] => Кемеровская область
    [REGION] => 
    [CITY] => Прокопьевск
    [ADDRESS_2] => 11
)

internalExecute:
Array
(
    [TYPE_ID] => 4
    [ENTITY_TYPE_ID] => 3
    [ENTITY_ID] => 245493
    [STREET] => проспект Шахтеров
    [BUILDING] => 6
    [POSTAL_CODE] => 653000
    [COUNTRY] => Россия
    [PROVINCE] => Кемеровская область
    [REGION] => 
    [CITY] => Прокопьевск
    [ADDRESS_2] => 11
)

internalExecute:
Array
(
    [TYPE_ID] => 4
    [ENTITY_TYPE_ID] => 3
    [ENTITY_ID] => 245504
    [STREET] => Геологическая
    [BUILDING] => 13
    [POSTAL_CODE] => 
    [COUNTRY] => Россия
    [PROVINCE] => Республика Бурятия
    [REGION] => Тарбагатайский
    [CITY] => с. Нижний Саянтуй
    [ADDRESS_2] => 
)

internalExecute:
Array
(
    [TYPE_ID] => 4
    [ENTITY_TYPE_ID] => 3
    [ENTITY_ID] => 245504
    [STREET] => Геологическая
    [BUILDING] => 13
    [POSTAL_CODE] => 
    [COUNTRY] => Россия
    [PROVINCE] => Республика Бурятия
    [REGION] => Тарбагатайский
    [CITY] => с. Нижний Саянтуй
    [ADDRESS_2] => 
)

internalExecute:
Array
(
    [TYPE_ID] => 1
    [ENTITY_TYPE_ID] => 3
    [ENTITY_ID] => 245504
    [STREET] => Геологическая
    [BUILDING] => 13
    [POSTAL_CODE] => 
    [COUNTRY] => Россия
    [PROVINCE] => Республика Бурятия
    [REGION] => Тарбагатайский
    [CITY] => с. Нижний Саянтуй
    [ADDRESS_2] => 
)

internalExecute:
Array
(
    [TYPE_ID] => 1
    [ENTITY_TYPE_ID] => 3
    [ENTITY_ID] => 245504
    [STREET] => Геологическая
    [BUILDING] => 13
    [POSTAL_CODE] => 
    [COUNTRY] => Россия
    [PROVINCE] => Республика Бурятия
    [REGION] => Тарбагатайский
    [CITY] => с. Нижний Саянтуй
    [ADDRESS_2] => 
)

internalExecute:
Array
(
    [TYPE_ID] => 4
    [ENTITY_TYPE_ID] => 3
    [ENTITY_ID] => 245505
    [STREET] => Молодежная
    [BUILDING] => 8
    [POSTAL_CODE] => 
    [COUNTRY] => Россия
    [PROVINCE] => Республика Бурятия
    [REGION] => Тарбагатайский
    [CITY] => с. Хандагатай
    [ADDRESS_2] => 1
)

internalExecute:
Array
(
    [TYPE_ID] => 4
    [ENTITY_TYPE_ID] => 3
    [ENTITY_ID] => 245505
    [STREET] => Молодежная
    [BUILDING] => 8
    [POSTAL_CODE] => 
    [COUNTRY] => Россия
    [PROVINCE] => Республика Бурятия
    [REGION] => Тарбагатайский
    [CITY] => с. Хандагатай
    [ADDRESS_2] => 1
)

internalExecute:
Array
(
    [TYPE_ID] => 4
    [ENTITY_TYPE_ID] => 3
    [ENTITY_ID] => 245507
    [STREET] => ул. Чедер
    [BUILDING] => 12
    [POSTAL_CODE] => 667905
    [COUNTRY] => Россия
    [PROVINCE] => Республика Тыва
    [REGION] => Кызылский район
    [CITY] => с. Целинное
    [ADDRESS_2] => 
)

internalExecute:
Array
(
    [TYPE_ID] => 4
    [ENTITY_TYPE_ID] => 3
    [ENTITY_ID] => 245507
    [STREET] => ул. Чедер
    [BUILDING] => 12
    [POSTAL_CODE] => 667905
    [COUNTRY] => Россия
    [PROVINCE] => Республика Тыва
    [REGION] => Кызылский район
    [CITY] => с. Целинное
    [ADDRESS_2] => 
)

internalExecute:
Array
(
    [TYPE_ID] => 1
    [ENTITY_TYPE_ID] => 3
    [ENTITY_ID] => 245507
    [STREET] => ул. Чедер
    [BUILDING] => 12
    [POSTAL_CODE] => 667905
    [COUNTRY] => Россия
    [PROVINCE] => Республика Тыва
    [REGION] => Кызылский район
    [CITY] => с. Целинное
    [ADDRESS_2] => 
)

internalExecute:
Array
(
    [TYPE_ID] => 1
    [ENTITY_TYPE_ID] => 3
    [ENTITY_ID] => 245507
    [STREET] => ул. Чедер
    [BUILDING] => 12
    [POSTAL_CODE] => 667905
    [COUNTRY] => Россия
    [PROVINCE] => Республика Тыва
    [REGION] => Кызылский район
    [CITY] => с. Целинное
    [ADDRESS_2] => 
)

internalExecute:
Array
(
    [TYPE_ID] => 4
    [ENTITY_TYPE_ID] => 3
    [ENTITY_ID] => 245511
    [STREET] => Профсоюзная
    [BUILDING] => 6
    [POSTAL_CODE] => 
    [COUNTRY] => Россия
    [PROVINCE] => Республика Бурятия
    [REGION] => Курумканский
    [CITY] => с. Курумкан
    [ADDRESS_2] => 1
)

internalExecute:
Array
(
    [TYPE_ID] => 4
    [ENTITY_TYPE_ID] => 3
    [ENTITY_ID] => 245511
    [STREET] => Профсоюзная
    [BUILDING] => 6
    [POSTAL_CODE] => 
    [COUNTRY] => Россия
    [PROVINCE] => Республика Бурятия
    [REGION] => Курумканский
    [CITY] => с. Курумкан
    [ADDRESS_2] => 1
)

internalExecute:
Array
(
    [TYPE_ID] => 1
    [ENTITY_TYPE_ID] => 3
    [ENTITY_ID] => 245511
    [STREET] => Профсоюзная
    [BUILDING] => 6
    [POSTAL_CODE] => 
    [COUNTRY] => Россия
    [PROVINCE] => Республика Бурятия
    [REGION] => Курумканский
    [CITY] => с. Курумкан
    [ADDRESS_2] => 1
)

internalExecute:
Array
(
    [TYPE_ID] => 1
    [ENTITY_TYPE_ID] => 3
    [ENTITY_ID] => 245511
    [STREET] => Профсоюзная
    [BUILDING] => 6
    [POSTAL_CODE] => 
    [COUNTRY] => Россия
    [PROVINCE] => Республика Бурятия
    [REGION] => Курумканский
    [CITY] => с. Курумкан
    [ADDRESS_2] => 1
)

internalExecute:
Array
(
    [TYPE_ID] => 4
    [ENTITY_TYPE_ID] => 3
    [ENTITY_ID] => 245512
    [STREET] => Ленина
    [BUILDING] => 100
    [POSTAL_CODE] => 
    [COUNTRY] => Россия
    [PROVINCE] => Республика Бурятия
    [REGION] => Курумканский
    [CITY] => с. Курумкан
    [ADDRESS_2] => 3
)

internalExecute:
Array
(
    [TYPE_ID] => 4
    [ENTITY_TYPE_ID] => 3
    [ENTITY_ID] => 245512
    [STREET] => Ленина
    [BUILDING] => 100
    [POSTAL_CODE] => 
    [COUNTRY] => Россия
    [PROVINCE] => Республика Бурятия
    [REGION] => Курумканский
    [CITY] => с. Курумкан
    [ADDRESS_2] => 3
)

internalExecute:
Array
(
    [TYPE_ID] => 4
    [ENTITY_TYPE_ID] => 3
    [ENTITY_ID] => 245514
    [STREET] => улица Мичурина
    [BUILDING] => дом 18
    [POSTAL_CODE] => 361304
    [COUNTRY] => Россия
    [PROVINCE] => Кабардино-Балкарская Республика
    [REGION] => Урванский район
    [CITY] => село Кахун
    [ADDRESS_2] => 
)

internalExecute:
Array
(
    [TYPE_ID] => 4
    [ENTITY_TYPE_ID] => 3
    [ENTITY_ID] => 245514
    [STREET] => улица Мичурина
    [BUILDING] => дом 18
    [POSTAL_CODE] => 361304
    [COUNTRY] => Россия
    [PROVINCE] => Кабардино-Балкарская Республика
    [REGION] => Урванский район
    [CITY] => село Кахун
    [ADDRESS_2] => 
)

internalExecute:
Array
(
    [TYPE_ID] => 1
    [ENTITY_TYPE_ID] => 3
    [ENTITY_ID] => 245514
    [STREET] => Жемухова
    [BUILDING] => дом 13
    [POSTAL_CODE] => 361304
    [COUNTRY] => Россия
    [PROVINCE] => Кабардино-Балкарская Республика
    [REGION] => Урванский район
    [CITY] => село Кахун
    [ADDRESS_2] => 
)

internalExecute:
Array
(
    [TYPE_ID] => 1
    [ENTITY_TYPE_ID] => 3
    [ENTITY_ID] => 245514
    [STREET] => Жемухова
    [BUILDING] => дом 13
    [POSTAL_CODE] => 361304
    [COUNTRY] => Россия
    [PROVINCE] => Кабардино-Балкарская Республика
    [REGION] => Урванский район
    [CITY] => село Кахун
    [ADDRESS_2] => 
)

internalExecute:
Array
(
    [TYPE_ID] => 4
    [ENTITY_TYPE_ID] => 3
    [ENTITY_ID] => 245515
    [STREET] => улица Ленина
    [BUILDING] => дом,61
    [POSTAL_CODE] => 361304
    [COUNTRY] => Россия
    [PROVINCE] => Кабардино-Балкарская Республика
    [REGION] => Урванский район
    [CITY] => село Кахун
    [ADDRESS_2] => 
)

internalExecute:
Array
(
    [TYPE_ID] => 4
    [ENTITY_TYPE_ID] => 3
    [ENTITY_ID] => 245515
    [STREET] => улица Ленина
    [BUILDING] => дом,61
    [POSTAL_CODE] => 361304
    [COUNTRY] => Россия
    [PROVINCE] => Кабардино-Балкарская Республика
    [REGION] => Урванский район
    [CITY] => село Кахун
    [ADDRESS_2] => 
)

internalExecute:
Array
(
    [TYPE_ID] => 1
    [ENTITY_TYPE_ID] => 3
    [ENTITY_ID] => 245515
    [STREET] => улица Ленина
    [BUILDING] => дом,61
    [POSTAL_CODE] => 361304
    [COUNTRY] => Россия
    [PROVINCE] => Кабардино-Балкарская Республика
    [REGION] => Урванский район
    [CITY] => село Кахун
    [ADDRESS_2] => 
)

internalExecute:
Array
(
    [TYPE_ID] => 1
    [ENTITY_TYPE_ID] => 3
    [ENTITY_ID] => 245515
    [STREET] => улица Ленина
    [BUILDING] => дом,61
    [POSTAL_CODE] => 361304
    [COUNTRY] => Россия
    [PROVINCE] => Кабардино-Балкарская Республика
    [REGION] => Урванский район
    [CITY] => село Кахун
    [ADDRESS_2] => 
)

internalExecute:
Array
(
    [TYPE_ID] => 4
    [ENTITY_TYPE_ID] => 3
    [ENTITY_ID] => 245516
    [STREET] => улица Жемухова
    [BUILDING] => дом 11
    [POSTAL_CODE] => 361304
    [COUNTRY] => Россия
    [PROVINCE] => Кабардино-Балкарская Республика
    [REGION] => Урванский район
    [CITY] => село Кахун
    [ADDRESS_2] => 
)

internalExecute:
Array
(
    [TYPE_ID] => 4
    [ENTITY_TYPE_ID] => 3
    [ENTITY_ID] => 245516
    [STREET] => улица Жемухова
    [BUILDING] => дом 11
    [POSTAL_CODE] => 361304
    [COUNTRY] => Россия
    [PROVINCE] => Кабардино-Балкарская Республика
    [REGION] => Урванский район
    [CITY] => село Кахун
    [ADDRESS_2] => 
)

internalExecute:
Array
(
    [TYPE_ID] => 4
    [ENTITY_TYPE_ID] => 3
    [ENTITY_ID] => 245517
    [STREET] => ул. Лесная
    [BUILDING] => д. 4
    [POSTAL_CODE] => 652380
    [COUNTRY] => Россия
    [PROVINCE] => Кемеровская область – Кузбасс
    [REGION] => Р-н Промышленновский
    [CITY] => Пгт. Промышленная
    [ADDRESS_2] => кв. 12
)

internalExecute:
Array
(
    [TYPE_ID] => 4
    [ENTITY_TYPE_ID] => 3
    [ENTITY_ID] => 245517
    [STREET] => ул. Лесная
    [BUILDING] => д. 4
    [POSTAL_CODE] => 652380
    [COUNTRY] => Россия
    [PROVINCE] => Кемеровская область – Кузбасс
    [REGION] => Р-н Промышленновский
    [CITY] => Пгт. Промышленная
    [ADDRESS_2] => кв. 12
)

internalExecute:
Array
(
    [TYPE_ID] => 1
    [ENTITY_TYPE_ID] => 3
    [ENTITY_ID] => 245517
    [STREET] => ул. Вокзальная
    [BUILDING] => д. 73 г
    [POSTAL_CODE] => 652381
    [COUNTRY] => Россия
    [PROVINCE] => Кемеровская область – Кузбасс
    [REGION] => Р-н Промышленновский
    [CITY] => Пгт. Промышленная
    [ADDRESS_2] => кв. 2
)

internalExecute:
Array
(
    [TYPE_ID] => 1
    [ENTITY_TYPE_ID] => 3
    [ENTITY_ID] => 245517
    [STREET] => ул. Вокзальная
    [BUILDING] => д. 73 г
    [POSTAL_CODE] => 652381
    [COUNTRY] => Россия
    [PROVINCE] => Кемеровская область – Кузбасс
    [REGION] => Р-н Промышленновский
    [CITY] => Пгт. Промышленная
    [ADDRESS_2] => кв. 2
)

internalExecute:
Array
(
    [TYPE_ID] => 4
    [ENTITY_TYPE_ID] => 3
    [ENTITY_ID] => 245518
    [STREET] => п-т Ленинградский
    [BUILDING] => д. 47 А
    [POSTAL_CODE] => 650003
    [COUNTRY] => Россия
    [PROVINCE] => Кемеровская область – Кузбасс
    [REGION] => Р-н Ленинский
    [CITY] => г. Кемерово
    [ADDRESS_2] => кв. 132
)

internalExecute:
Array
(
    [TYPE_ID] => 4
    [ENTITY_TYPE_ID] => 3
    [ENTITY_ID] => 245518
    [STREET] => п-т Ленинградский
    [BUILDING] => д. 47 А
    [POSTAL_CODE] => 650003
    [COUNTRY] => Россия
    [PROVINCE] => Кемеровская область – Кузбасс
    [REGION] => Р-н Ленинский
    [CITY] => г. Кемерово
    [ADDRESS_2] => кв. 132
)

internalExecute:
Array
(
    [TYPE_ID] => 1
    [ENTITY_TYPE_ID] => 3
    [ENTITY_ID] => 245518
    [STREET] => ул. Вокзальная
    [BUILDING] => д. 73 г
    [POSTAL_CODE] => 652381
    [COUNTRY] => Россия
    [PROVINCE] => Кемеровская область – Кузбасс
    [REGION] => р-н Промышленновский
    [CITY] => Пгт. Промышленная
    [ADDRESS_2] => кв. 2
)

internalExecute:
Array
(
    [TYPE_ID] => 1
    [ENTITY_TYPE_ID] => 3
    [ENTITY_ID] => 245518
    [STREET] => ул. Вокзальная
    [BUILDING] => д. 73 г
    [POSTAL_CODE] => 652381
    [COUNTRY] => Россия
    [PROVINCE] => Кемеровская область – Кузбасс
    [REGION] => р-н Промышленновский
    [CITY] => Пгт. Промышленная
    [ADDRESS_2] => кв. 2
)

internalExecute:
Array
(
    [TYPE_ID] => 4
    [ENTITY_TYPE_ID] => 3
    [ENTITY_ID] => 245519
    [STREET] => ул. Подгорная
    [BUILDING] => д. 37
    [POSTAL_CODE] => 652502
    [COUNTRY] => Россия
    [PROVINCE] => Кемеровская область - Кузбасс
    [REGION] => 
    [CITY] => г Ленинск-Кузнецкий
    [ADDRESS_2] => 
)

internalExecute:
Array
(
    [TYPE_ID] => 4
    [ENTITY_TYPE_ID] => 3
    [ENTITY_ID] => 245519
    [STREET] => ул. Подгорная
    [BUILDING] => д. 37
    [POSTAL_CODE] => 652502
    [COUNTRY] => Россия
    [PROVINCE] => Кемеровская область - Кузбасс
    [REGION] => 
    [CITY] => г Ленинск-Кузнецкий
    [ADDRESS_2] => 
)

internalExecute:
Array
(
    [TYPE_ID] => 4
    [ENTITY_TYPE_ID] => 3
    [ENTITY_ID] => 245566
    [STREET] => Ударников
    [BUILDING] => 30
    [POSTAL_CODE] => 214039
    [COUNTRY] => Россия
    [PROVINCE] => Смоленская область
    [REGION] => 
    [CITY] => г. Смоленск
    [ADDRESS_2] => 97
)

internalExecute:
Array
(
    [TYPE_ID] => 4
    [ENTITY_TYPE_ID] => 3
    [ENTITY_ID] => 245566
    [STREET] => Ударников
    [BUILDING] => 30
    [POSTAL_CODE] => 214039
    [COUNTRY] => Россия
    [PROVINCE] => Смоленская область
    [REGION] => 
    [CITY] => г. Смоленск
    [ADDRESS_2] => 97
)

internalExecute:
Array
(
    [TYPE_ID] => 1
    [ENTITY_TYPE_ID] => 3
    [ENTITY_ID] => 245566
    [STREET] => пр-кт Гагарина
    [BUILDING] => 43 в
    [POSTAL_CODE] => 214018
    [COUNTRY] => Россия
    [PROVINCE] => Смоленская область
    [REGION] => 
    [CITY] => г. Смоленск
    [ADDRESS_2] => 145
)

internalExecute:
Array
(
    [TYPE_ID] => 1
    [ENTITY_TYPE_ID] => 3
    [ENTITY_ID] => 245566
    [STREET] => пр-кт Гагарина
    [BUILDING] => 43 в
    [POSTAL_CODE] => 214018
    [COUNTRY] => Россия
    [PROVINCE] => Смоленская область
    [REGION] => 
    [CITY] => г. Смоленск
    [ADDRESS_2] => 145
)

internalExecute:
Array
(
    [TYPE_ID] => 4
    [ENTITY_TYPE_ID] => 3
    [ENTITY_ID] => 245567
    [STREET] => Минская
    [BUILDING] => 30
    [POSTAL_CODE] => 214530
    [COUNTRY] => Россия
    [PROVINCE] => Смоленская область
    [REGION] => Смоленский район
    [CITY] => с. Печерск
    [ADDRESS_2] => 11
)

internalExecute:
Array
(
    [TYPE_ID] => 4
    [ENTITY_TYPE_ID] => 3
    [ENTITY_ID] => 245567
    [STREET] => Минская
    [BUILDING] => 30
    [POSTAL_CODE] => 214530
    [COUNTRY] => Россия
    [PROVINCE] => Смоленская область
    [REGION] => Смоленский район
    [CITY] => с. Печерск
    [ADDRESS_2] => 11
)

internalExecute:
Array
(
    [TYPE_ID] => 1
    [ENTITY_TYPE_ID] => 3
    [ENTITY_ID] => 245567
    [STREET] => Минская
    [BUILDING] => 30
    [POSTAL_CODE] => 214530
    [COUNTRY] => Россия
    [PROVINCE] => Смоленская область
    [REGION] => Смоленский район
    [CITY] => с. Печерск
    [ADDRESS_2] => 11
)

internalExecute:
Array
(
    [TYPE_ID] => 1
    [ENTITY_TYPE_ID] => 3
    [ENTITY_ID] => 245567
    [STREET] => Минская
    [BUILDING] => 30
    [POSTAL_CODE] => 214530
    [COUNTRY] => Россия
    [PROVINCE] => Смоленская область
    [REGION] => Смоленский район
    [CITY] => с. Печерск
    [ADDRESS_2] => 11
)

internalExecute:
Array
(
    [TYPE_ID] => 4
    [ENTITY_TYPE_ID] => 3
    [ENTITY_ID] => 245568
    [STREET] => пр-кт Королева
    [BUILDING] => 9
    [POSTAL_CODE] => 197349
    [COUNTRY] => Россия
    [PROVINCE] => Ленинградская область
    [REGION] => 
    [CITY] => город Санкт-Петербург
    [ADDRESS_2] => 87
)

internalExecute:
Array
(
    [TYPE_ID] => 4
    [ENTITY_TYPE_ID] => 3
    [ENTITY_ID] => 245568
    [STREET] => пр-кт Королева
    [BUILDING] => 9
    [POSTAL_CODE] => 197349
    [COUNTRY] => Россия
    [PROVINCE] => Ленинградская область
    [REGION] => 
    [CITY] => город Санкт-Петербург
    [ADDRESS_2] => 87
)

internalExecute:
Array
(
    [TYPE_ID] => 4
    [ENTITY_TYPE_ID] => 3
    [ENTITY_ID] => 245574
    [STREET] => Никулиной
    [BUILDING] => 12
    [POSTAL_CODE] => 
    [COUNTRY] => Россия
    [PROVINCE] => Республика Северная Осетия
    [REGION] => Моздокский
    [CITY] => Тельмана
    [ADDRESS_2] => 1
)

internalExecute:
Array
(
    [TYPE_ID] => 4
    [ENTITY_TYPE_ID] => 3
    [ENTITY_ID] => 245574
    [STREET] => Никулиной
    [BUILDING] => 12
    [POSTAL_CODE] => 
    [COUNTRY] => Россия
    [PROVINCE] => Республика Северная Осетия
    [REGION] => Моздокский
    [CITY] => Тельмана
    [ADDRESS_2] => 1
)

internalExecute:
Array
(
    [TYPE_ID] => 1
    [ENTITY_TYPE_ID] => 3
    [ENTITY_ID] => 245574
    [STREET] => Никулиной
    [BUILDING] => 12
    [POSTAL_CODE] => 
    [COUNTRY] => Россия
    [PROVINCE] => Республика Северная Осетия
    [REGION] => Моздокский
    [CITY] => Тельмана
    [ADDRESS_2] => 1
)

internalExecute:
Array
(
    [TYPE_ID] => 1
    [ENTITY_TYPE_ID] => 3
    [ENTITY_ID] => 245574
    [STREET] => Никулиной
    [BUILDING] => 12
    [POSTAL_CODE] => 
    [COUNTRY] => Россия
    [PROVINCE] => Республика Северная Осетия
    [REGION] => Моздокский
    [CITY] => Тельмана
    [ADDRESS_2] => 1
)

internalExecute:
Array
(
    [TYPE_ID] => 4
    [ENTITY_TYPE_ID] => 3
    [ENTITY_ID] => 245575
    [STREET] => 
    [BUILDING] => 
    [POSTAL_CODE] => 
    [COUNTRY] => Россия
    [PROVINCE] => 
    [REGION] => 
    [CITY] => 
    [ADDRESS_2] => 
)

internalExecute:
Array
(
    [TYPE_ID] => 4
    [ENTITY_TYPE_ID] => 3
    [ENTITY_ID] => 245575
    [STREET] => 
    [BUILDING] => 
    [POSTAL_CODE] => 
    [COUNTRY] => Россия
    [PROVINCE] => 
    [REGION] => 
    [CITY] => 
    [ADDRESS_2] => 
)

internalExecute:
Array
(
    [TYPE_ID] => 4
    [ENTITY_TYPE_ID] => 3
    [ENTITY_ID] => 245580
    [STREET] => Тургенева
    [BUILDING] => 7
    [POSTAL_CODE] => 
    [COUNTRY] => Россия
    [PROVINCE] => Владимирская область
    [REGION] => 
    [CITY] => город Муром
    [ADDRESS_2] => 
)

internalExecute:
Array
(
    [TYPE_ID] => 4
    [ENTITY_TYPE_ID] => 3
    [ENTITY_ID] => 245580
    [STREET] => Тургенева
    [BUILDING] => 7
    [POSTAL_CODE] => 
    [COUNTRY] => Россия
    [PROVINCE] => Владимирская область
    [REGION] => 
    [CITY] => город Муром
    [ADDRESS_2] => 
)

internalExecute:
Array
(
    [TYPE_ID] => 1
    [ENTITY_TYPE_ID] => 3
    [ENTITY_ID] => 245580
    [STREET] => Тургенева
    [BUILDING] => 7
    [POSTAL_CODE] => 
    [COUNTRY] => Россия
    [PROVINCE] => Владимирская область
    [REGION] => 
    [CITY] => город Муром
    [ADDRESS_2] => 
)

internalExecute:
Array
(
    [TYPE_ID] => 1
    [ENTITY_TYPE_ID] => 3
    [ENTITY_ID] => 245580
    [STREET] => Тургенева
    [BUILDING] => 7
    [POSTAL_CODE] => 
    [COUNTRY] => Россия
    [PROVINCE] => Владимирская область
    [REGION] => 
    [CITY] => город Муром
    [ADDRESS_2] => 
)

internalExecute:
Array
(
    [TYPE_ID] => 4
    [ENTITY_TYPE_ID] => 3
    [ENTITY_ID] => 245581
    [STREET] => Новозаводская
    [BUILDING] => 8
    [POSTAL_CODE] => 
    [COUNTRY] => Россия
    [PROVINCE] => город Москва
    [REGION] => 
    [CITY] => город Москва
    [ADDRESS_2] => 79
)

internalExecute:
Array
(
    [TYPE_ID] => 4
    [ENTITY_TYPE_ID] => 3
    [ENTITY_ID] => 245581
    [STREET] => Новозаводская
    [BUILDING] => 8
    [POSTAL_CODE] => 
    [COUNTRY] => Россия
    [PROVINCE] => город Москва
    [REGION] => 
    [CITY] => город Москва
    [ADDRESS_2] => 79
)

internalExecute:
Array
(
    [TYPE_ID] => 4
    [ENTITY_TYPE_ID] => 3
    [ENTITY_ID] => 245585
    [STREET] => Охотничья
    [BUILDING] => 36
    [POSTAL_CODE] => 668530
    [COUNTRY] => Россия
    [PROVINCE] => Республика Тыва
    [REGION] => Тоджинский
    [CITY] => с. Тоора-Хем
    [ADDRESS_2] => 1
)

internalExecute:
Array
(
    [TYPE_ID] => 4
    [ENTITY_TYPE_ID] => 3
    [ENTITY_ID] => 245585
    [STREET] => Охотничья
    [BUILDING] => 36
    [POSTAL_CODE] => 668530
    [COUNTRY] => Россия
    [PROVINCE] => Республика Тыва
    [REGION] => Тоджинский
    [CITY] => с. Тоора-Хем
    [ADDRESS_2] => 1
)

internalExecute:
Array
(
    [TYPE_ID] => 1
    [ENTITY_TYPE_ID] => 3
    [ENTITY_ID] => 245585
    [STREET] => Охотничья
    [BUILDING] => 36
    [POSTAL_CODE] => 668530
    [COUNTRY] => Россия
    [PROVINCE] => Республика Тыва
    [REGION] => Тоджинский
    [CITY] => с. Тоора-Хем
    [ADDRESS_2] => 1
)

internalExecute:
Array
(
    [TYPE_ID] => 1
    [ENTITY_TYPE_ID] => 3
    [ENTITY_ID] => 245585
    [STREET] => Охотничья
    [BUILDING] => 36
    [POSTAL_CODE] => 668530
    [COUNTRY] => Россия
    [PROVINCE] => Республика Тыва
    [REGION] => Тоджинский
    [CITY] => с. Тоора-Хем
    [ADDRESS_2] => 1
)

internalExecute:
Array
(
    [TYPE_ID] => 4
    [ENTITY_TYPE_ID] => 3
    [ENTITY_ID] => 245586
    [STREET] => Охотничья
    [BUILDING] => 36
    [POSTAL_CODE] => 668530
    [COUNTRY] => Россия
    [PROVINCE] => Республика Тыва
    [REGION] => Тоджинский район
    [CITY] => с. Тоора -Хем
    [ADDRESS_2] => 1
)

internalExecute:
Array
(
    [TYPE_ID] => 4
    [ENTITY_TYPE_ID] => 3
    [ENTITY_ID] => 245586
    [STREET] => Охотничья
    [BUILDING] => 36
    [POSTAL_CODE] => 668530
    [COUNTRY] => Россия
    [PROVINCE] => Республика Тыва
    [REGION] => Тоджинский район
    [CITY] => с. Тоора -Хем
    [ADDRESS_2] => 1
)

internalExecute:
Array
(
    [TYPE_ID] => 4
    [ENTITY_TYPE_ID] => 3
    [ENTITY_ID] => 245619
    [STREET] => Хетагуровская
    [BUILDING] => 16
    [POSTAL_CODE] => 681000
    [COUNTRY] => Россия
    [PROVINCE] => Хабаровский край
    [REGION] => 
    [CITY] => г. Комсомольск-на-Амуре
    [ADDRESS_2] => 5
)

internalExecute:
Array
(
    [TYPE_ID] => 4
    [ENTITY_TYPE_ID] => 3
    [ENTITY_ID] => 245619
    [STREET] => Хетагуровская
    [BUILDING] => 16
    [POSTAL_CODE] => 681000
    [COUNTRY] => Россия
    [PROVINCE] => Хабаровский край
    [REGION] => 
    [CITY] => г. Комсомольск-на-Амуре
    [ADDRESS_2] => 5
)

internalExecute:
Array
(
    [TYPE_ID] => 1
    [ENTITY_TYPE_ID] => 3
    [ENTITY_ID] => 245619
    [STREET] => Магистральное
    [BUILDING] => 13/6
    [POSTAL_CODE] => 681000
    [COUNTRY] => Россия
    [PROVINCE] => Хабаровский край
    [REGION] => 
    [CITY] => г. Комсомольск-на-Амуре
    [ADDRESS_2] => 59
)

internalExecute:
Array
(
    [TYPE_ID] => 1
    [ENTITY_TYPE_ID] => 3
    [ENTITY_ID] => 245619
    [STREET] => Магистральное
    [BUILDING] => 13/6
    [POSTAL_CODE] => 681000
    [COUNTRY] => Россия
    [PROVINCE] => Хабаровский край
    [REGION] => 
    [CITY] => г. Комсомольск-на-Амуре
    [ADDRESS_2] => 59
)

internalExecute:
Array
(
    [TYPE_ID] => 4
    [ENTITY_TYPE_ID] => 3
    [ENTITY_ID] => 245626
    [STREET] => Кирова
    [BUILDING] => 5
    [POSTAL_CODE] => 681000
    [COUNTRY] => Россия
    [PROVINCE] => Хабаровский край
    [REGION] => 
    [CITY] => г. Комсомольск-на-Амуре
    [ADDRESS_2] => 17
)

internalExecute:
Array
(
    [TYPE_ID] => 4
    [ENTITY_TYPE_ID] => 3
    [ENTITY_ID] => 245626
    [STREET] => Кирова
    [BUILDING] => 5
    [POSTAL_CODE] => 681000
    [COUNTRY] => Россия
    [PROVINCE] => Хабаровский край
    [REGION] => 
    [CITY] => г. Комсомольск-на-Амуре
    [ADDRESS_2] => 17
)

internalExecute:
Array
(
    [TYPE_ID] => 4
    [ENTITY_TYPE_ID] => 3
    [ENTITY_ID] => 245654
    [STREET] => 2-я Знаменская
    [BUILDING] => 9
    [POSTAL_CODE] => 653007
    [COUNTRY] => Россия
    [PROVINCE] => Кемеровская область
    [REGION] => 
    [CITY] => Прокопьевск
    [ADDRESS_2] => 
)

internalExecute:
Array
(
    [TYPE_ID] => 4
    [ENTITY_TYPE_ID] => 3
    [ENTITY_ID] => 245654
    [STREET] => 2-я Знаменская
    [BUILDING] => 9
    [POSTAL_CODE] => 653007
    [COUNTRY] => Россия
    [PROVINCE] => Кемеровская область
    [REGION] => 
    [CITY] => Прокопьевск
    [ADDRESS_2] => 
)

internalExecute:
Array
(
    [TYPE_ID] => 1
    [ENTITY_TYPE_ID] => 3
    [ENTITY_ID] => 245654
    [STREET] => 2-я Знаменская
    [BUILDING] => 9
    [POSTAL_CODE] => 653007
    [COUNTRY] => Россия
    [PROVINCE] => Кемеровская область
    [REGION] => 
    [CITY] => Прокопьевск
    [ADDRESS_2] => 
)

internalExecute:
Array
(
    [TYPE_ID] => 1
    [ENTITY_TYPE_ID] => 3
    [ENTITY_ID] => 245654
    [STREET] => 2-я Знаменская
    [BUILDING] => 9
    [POSTAL_CODE] => 653007
    [COUNTRY] => Россия
    [PROVINCE] => Кемеровская область
    [REGION] => 
    [CITY] => Прокопьевск
    [ADDRESS_2] => 
)

internalExecute:
Array
(
    [TYPE_ID] => 4
    [ENTITY_TYPE_ID] => 3
    [ENTITY_ID] => 245655
    [STREET] => Снежная
    [BUILDING] => 30
    [POSTAL_CODE] => 653007
    [COUNTRY] => Россия
    [PROVINCE] => Кемеровская область
    [REGION] => 
    [CITY] => Прокопьевск
    [ADDRESS_2] => 
)

internalExecute:
Array
(
    [TYPE_ID] => 4
    [ENTITY_TYPE_ID] => 3
    [ENTITY_ID] => 245655
    [STREET] => Снежная
    [BUILDING] => 30
    [POSTAL_CODE] => 653007
    [COUNTRY] => Россия
    [PROVINCE] => Кемеровская область
    [REGION] => 
    [CITY] => Прокопьевск
    [ADDRESS_2] => 
)

internalExecute:
Array
(
    [TYPE_ID] => 4
    [ENTITY_TYPE_ID] => 3
    [ENTITY_ID] => 245659
    [STREET] => Союзная
    [BUILDING] => 77
    [POSTAL_CODE] => 653036
    [COUNTRY] => Россия
    [PROVINCE] => Кемеровская область
    [REGION] => 
    [CITY] => Прокопьевск
    [ADDRESS_2] => 36
)

internalExecute:
Array
(
    [TYPE_ID] => 4
    [ENTITY_TYPE_ID] => 3
    [ENTITY_ID] => 245659
    [STREET] => Союзная
    [BUILDING] => 77
    [POSTAL_CODE] => 653036
    [COUNTRY] => Россия
    [PROVINCE] => Кемеровская область
    [REGION] => 
    [CITY] => Прокопьевск
    [ADDRESS_2] => 36
)

internalExecute:
Array
(
    [TYPE_ID] => 1
    [ENTITY_TYPE_ID] => 3
    [ENTITY_ID] => 245659
    [STREET] => Союзная
    [BUILDING] => 77
    [POSTAL_CODE] => 653036
    [COUNTRY] => Россия
    [PROVINCE] => Кемеровская область
    [REGION] => 
    [CITY] => Прокопьевск
    [ADDRESS_2] => 36
)

internalExecute:
Array
(
    [TYPE_ID] => 1
    [ENTITY_TYPE_ID] => 3
    [ENTITY_ID] => 245659
    [STREET] => Союзная
    [BUILDING] => 77
    [POSTAL_CODE] => 653036
    [COUNTRY] => Россия
    [PROVINCE] => Кемеровская область
    [REGION] => 
    [CITY] => Прокопьевск
    [ADDRESS_2] => 36
)

internalExecute:
Array
(
    [TYPE_ID] => 4
    [ENTITY_TYPE_ID] => 3
    [ENTITY_ID] => 245660
    [STREET] => Тамары Щадук
    [BUILDING] => 17
    [POSTAL_CODE] => 653036
    [COUNTRY] => Россия
    [PROVINCE] => Кемеровская область
    [REGION] => 
    [CITY] => Прокопьевск
    [ADDRESS_2] => 
)

internalExecute:
Array
(
    [TYPE_ID] => 4
    [ENTITY_TYPE_ID] => 3
    [ENTITY_ID] => 245660
    [STREET] => Тамары Щадук
    [BUILDING] => 17
    [POSTAL_CODE] => 653036
    [COUNTRY] => Россия
    [PROVINCE] => Кемеровская область
    [REGION] => 
    [CITY] => Прокопьевск
    [ADDRESS_2] => 
)

internalExecute:
Array
(
    [TYPE_ID] => 4
    [ENTITY_TYPE_ID] => 3
    [ENTITY_ID] => 245806
    [STREET] => Б-р Солнечный 
    [BUILDING] => 20
    [POSTAL_CODE] => 
    [COUNTRY] => Россия
    [PROVINCE] => Кемеровская область-Кузбасс
    [REGION] => 
    [CITY] => г.Кемерово
    [ADDRESS_2] => 15
)

internalExecute:
Array
(
    [TYPE_ID] => 4
    [ENTITY_TYPE_ID] => 3
    [ENTITY_ID] => 245806
    [STREET] => Б-р Солнечный 
    [BUILDING] => 20
    [POSTAL_CODE] => 
    [COUNTRY] => Россия
    [PROVINCE] => Кемеровская область-Кузбасс
    [REGION] => 
    [CITY] => г.Кемерово
    [ADDRESS_2] => 15
)

internalExecute:
Array
(
    [TYPE_ID] => 1
    [ENTITY_TYPE_ID] => 3
    [ENTITY_ID] => 245806
    [STREET] => Б-р Солнечный 
    [BUILDING] => 20
    [POSTAL_CODE] => 
    [COUNTRY] => Россия
    [PROVINCE] => Кемеровская область-Кузбасс
    [REGION] => 
    [CITY] => г.Кемерово
    [ADDRESS_2] => 15
)

internalExecute:
Array
(
    [TYPE_ID] => 1
    [ENTITY_TYPE_ID] => 3
    [ENTITY_ID] => 245806
    [STREET] => Б-р Солнечный 
    [BUILDING] => 20
    [POSTAL_CODE] => 
    [COUNTRY] => Россия
    [PROVINCE] => Кемеровская область-Кузбасс
    [REGION] => 
    [CITY] => г.Кемерово
    [ADDRESS_2] => 15
)

internalExecute:
Array
(
    [TYPE_ID] => 4
    [ENTITY_TYPE_ID] => 3
    [ENTITY_ID] => 245807
    [STREET] => пр-кт Текстильщиков 
    [BUILDING] => 10
    [POSTAL_CODE] => 
    [COUNTRY] => Россия
    [PROVINCE] => Кемеровская область-Кузбасс 
    [REGION] => 
    [CITY] => г.Ленинск-кузнецкий 
    [ADDRESS_2] => 3
)

internalExecute:
Array
(
    [TYPE_ID] => 4
    [ENTITY_TYPE_ID] => 3
    [ENTITY_ID] => 245807
    [STREET] => пр-кт Текстильщиков 
    [BUILDING] => 10
    [POSTAL_CODE] => 
    [COUNTRY] => Россия
    [PROVINCE] => Кемеровская область-Кузбасс 
    [REGION] => 
    [CITY] => г.Ленинск-кузнецкий 
    [ADDRESS_2] => 3
)

internalExecute:
Array
(
    [TYPE_ID] => 4
    [ENTITY_TYPE_ID] => 3
    [ENTITY_ID] => 245808
    [STREET] => Горького
    [BUILDING] => 38
    [POSTAL_CODE] => 652740
    [COUNTRY] => Россия
    [PROVINCE] => Кемеровская область
    [REGION] => 
    [CITY] => гор. Калтан
    [ADDRESS_2] => 33
)

internalExecute:
Array
(
    [TYPE_ID] => 4
    [ENTITY_TYPE_ID] => 3
    [ENTITY_ID] => 245808
    [STREET] => Горького
    [BUILDING] => 38
    [POSTAL_CODE] => 652740
    [COUNTRY] => Россия
    [PROVINCE] => Кемеровская область
    [REGION] => 
    [CITY] => гор. Калтан
    [ADDRESS_2] => 33
)

internalExecute:
Array
(
    [TYPE_ID] => 1
    [ENTITY_TYPE_ID] => 3
    [ENTITY_ID] => 245808
    [STREET] => Горького
    [BUILDING] => 38
    [POSTAL_CODE] => 652740
    [COUNTRY] => Россия
    [PROVINCE] => Кемеровская область
    [REGION] => 
    [CITY] => гор. Калтан
    [ADDRESS_2] => 33
)

internalExecute:
Array
(
    [TYPE_ID] => 1
    [ENTITY_TYPE_ID] => 3
    [ENTITY_ID] => 245808
    [STREET] => Горького
    [BUILDING] => 38
    [POSTAL_CODE] => 652740
    [COUNTRY] => Россия
    [PROVINCE] => Кемеровская область
    [REGION] => 
    [CITY] => гор. Калтан
    [ADDRESS_2] => 33
)

internalExecute:
Array
(
    [TYPE_ID] => 4
    [ENTITY_TYPE_ID] => 3
    [ENTITY_ID] => 245809
    [STREET] => Комсомольская
    [BUILDING] => 3
    [POSTAL_CODE] => 653000
    [COUNTRY] => Россия
    [PROVINCE] => Кемеровская область
    [REGION] => 
    [CITY] => Прокопьевск
    [ADDRESS_2] => 81
)

internalExecute:
Array
(
    [TYPE_ID] => 4
    [ENTITY_TYPE_ID] => 3
    [ENTITY_ID] => 245809
    [STREET] => Комсомольская
    [BUILDING] => 3
    [POSTAL_CODE] => 653000
    [COUNTRY] => Россия
    [PROVINCE] => Кемеровская область
    [REGION] => 
    [CITY] => Прокопьевск
    [ADDRESS_2] => 81
)

internalExecute:
Array
(
    [TYPE_ID] => 4
    [ENTITY_TYPE_ID] => 3
    [ENTITY_ID] => 245814
    [STREET] => ул. им. Николая Гутника
    [BUILDING] => д. 11
    [POSTAL_CODE] => 678521
    [COUNTRY] => Россия
    [PROVINCE] => Республика Саха (Якутия)
    [REGION] => у. Верхоянский
    [CITY] => с. Сайды
    [ADDRESS_2] => 
)

internalExecute:
Array
(
    [TYPE_ID] => 4
    [ENTITY_TYPE_ID] => 3
    [ENTITY_ID] => 245814
    [STREET] => ул. им. Николая Гутника
    [BUILDING] => д. 11
    [POSTAL_CODE] => 678521
    [COUNTRY] => Россия
    [PROVINCE] => Республика Саха (Якутия)
    [REGION] => у. Верхоянский
    [CITY] => с. Сайды
    [ADDRESS_2] => 
)

internalExecute:
Array
(
    [TYPE_ID] => 1
    [ENTITY_TYPE_ID] => 3
    [ENTITY_ID] => 245814
    [STREET] => ул. им. Николая Гутника
    [BUILDING] => д. 11
    [POSTAL_CODE] => 678521
    [COUNTRY] => Россия
    [PROVINCE] => Республика Саха (Якутия)
    [REGION] => у. Верхоянский
    [CITY] => с. Сайды
    [ADDRESS_2] => 
)

internalExecute:
Array
(
    [TYPE_ID] => 1
    [ENTITY_TYPE_ID] => 3
    [ENTITY_ID] => 245814
    [STREET] => ул. им. Николая Гутника
    [BUILDING] => д. 11
    [POSTAL_CODE] => 678521
    [COUNTRY] => Россия
    [PROVINCE] => Республика Саха (Якутия)
    [REGION] => у. Верхоянский
    [CITY] => с. Сайды
    [ADDRESS_2] => 
)

internalExecute:
Array
(
    [TYPE_ID] => 4
    [ENTITY_TYPE_ID] => 3
    [ENTITY_ID] => 245815
    [STREET] => ул. Спортивная
    [BUILDING] => д. 23
    [POSTAL_CODE] => 678521
    [COUNTRY] => Россия
    [PROVINCE] => Республика Саха (Якутия)
    [REGION] => у. Верхоянский
    [CITY] => с. Сайды
    [ADDRESS_2] => 
)

internalExecute:
Array
(
    [TYPE_ID] => 4
    [ENTITY_TYPE_ID] => 3
    [ENTITY_ID] => 245815
    [STREET] => ул. Спортивная
    [BUILDING] => д. 23
    [POSTAL_CODE] => 678521
    [COUNTRY] => Россия
    [PROVINCE] => Республика Саха (Якутия)
    [REGION] => у. Верхоянский
    [CITY] => с. Сайды
    [ADDRESS_2] => 
)

internalExecute:
Array
(
    [TYPE_ID] => 1
    [ENTITY_TYPE_ID] => 3
    [ENTITY_ID] => 245815
    [STREET] => ул. Спортивная
    [BUILDING] => д. 23
    [POSTAL_CODE] => 678521
    [COUNTRY] => Россия
    [PROVINCE] => Республика Саха (Якутия)
    [REGION] => у. Верхоянский
    [CITY] => с. Сайды
    [ADDRESS_2] => 
)

internalExecute:
Array
(
    [TYPE_ID] => 1
    [ENTITY_TYPE_ID] => 3
    [ENTITY_ID] => 245815
    [STREET] => ул. Спортивная
    [BUILDING] => д. 23
    [POSTAL_CODE] => 678521
    [COUNTRY] => Россия
    [PROVINCE] => Республика Саха (Якутия)
    [REGION] => у. Верхоянский
    [CITY] => с. Сайды
    [ADDRESS_2] => 
)

internalExecute:
Array
(
    [TYPE_ID] => 4
    [ENTITY_TYPE_ID] => 3
    [ENTITY_ID] => 245894
    [STREET] => Кузьмина 
    [BUILDING] => 30/2
    [POSTAL_CODE] => 
    [COUNTRY] => Россия
    [PROVINCE] => Республика Саха (Якутия)
    [REGION] => Якутск
    [CITY] => 
    [ADDRESS_2] => 47
)

internalExecute:
Array
(
    [TYPE_ID] => 4
    [ENTITY_TYPE_ID] => 3
    [ENTITY_ID] => 245894
    [STREET] => Кузьмина 
    [BUILDING] => 30/2
    [POSTAL_CODE] => 
    [COUNTRY] => Россия
    [PROVINCE] => Республика Саха (Якутия)
    [REGION] => Якутск
    [CITY] => 
    [ADDRESS_2] => 47
)

internalExecute:
Array
(
    [TYPE_ID] => 1
    [ENTITY_TYPE_ID] => 3
    [ENTITY_ID] => 245894
    [STREET] => Кооперативная
    [BUILDING] => 7
    [POSTAL_CODE] => 
    [COUNTRY] => Россия
    [PROVINCE] => Республика Саха (Якутия)
    [REGION] => Мегино-Кангаласский
    [CITY] => п.Нижний Бестях
    [ADDRESS_2] => 24
)

internalExecute:
Array
(
    [TYPE_ID] => 1
    [ENTITY_TYPE_ID] => 3
    [ENTITY_ID] => 245894
    [STREET] => Кооперативная
    [BUILDING] => 7
    [POSTAL_CODE] => 
    [COUNTRY] => Россия
    [PROVINCE] => Республика Саха (Якутия)
    [REGION] => Мегино-Кангаласский
    [CITY] => п.Нижний Бестях
    [ADDRESS_2] => 24
)

internalExecute:
Array
(
    [TYPE_ID] => 4
    [ENTITY_TYPE_ID] => 3
    [ENTITY_ID] => 245895
    [STREET] => кв-л Магистральный
    [BUILDING] => 1 к.В
    [POSTAL_CODE] => 
    [COUNTRY] => Россия
    [PROVINCE] => Республика Саха (Якутия)
    [REGION] => Мегино-Кангаласский
    [CITY] => п.Нижний-Бестях
    [ADDRESS_2] => 9
)

internalExecute:
Array
(
    [TYPE_ID] => 4
    [ENTITY_TYPE_ID] => 3
    [ENTITY_ID] => 245895
    [STREET] => кв-л Магистральный
    [BUILDING] => 1 к.В
    [POSTAL_CODE] => 
    [COUNTRY] => Россия
    [PROVINCE] => Республика Саха (Якутия)
    [REGION] => Мегино-Кангаласский
    [CITY] => п.Нижний-Бестях
    [ADDRESS_2] => 9
)

internalExecute:
Array
(
    [TYPE_ID] => 4
    [ENTITY_TYPE_ID] => 3
    [ENTITY_ID] => 245900
    [STREET] => Чомоорко
    [BUILDING] => 7
    [POSTAL_CODE] => 
    [COUNTRY] => Россия
    [PROVINCE] => Республика Саха (Якутия)
    [REGION] => Намский
    [CITY] => Партизан
    [ADDRESS_2] => 3
)

internalExecute:
Array
(
    [TYPE_ID] => 4
    [ENTITY_TYPE_ID] => 3
    [ENTITY_ID] => 245900
    [STREET] => Чомоорко
    [BUILDING] => 7
    [POSTAL_CODE] => 
    [COUNTRY] => Россия
    [PROVINCE] => Республика Саха (Якутия)
    [REGION] => Намский
    [CITY] => Партизан
    [ADDRESS_2] => 3
)

internalExecute:
Array
(
    [TYPE_ID] => 1
    [ENTITY_TYPE_ID] => 3
    [ENTITY_ID] => 245900
    [STREET] => Чомоорко
    [BUILDING] => 7
    [POSTAL_CODE] => 
    [COUNTRY] => Россия
    [PROVINCE] => Республика Саха (Якутия)
    [REGION] => Намский
    [CITY] => Партизан
    [ADDRESS_2] => 3
)

internalExecute:
Array
(
    [TYPE_ID] => 1
    [ENTITY_TYPE_ID] => 3
    [ENTITY_ID] => 245900
    [STREET] => Чомоорко
    [BUILDING] => 7
    [POSTAL_CODE] => 
    [COUNTRY] => Россия
    [PROVINCE] => Республика Саха (Якутия)
    [REGION] => Намский
    [CITY] => Партизан
    [ADDRESS_2] => 3
)

internalExecute:
Array
(
    [TYPE_ID] => 4
    [ENTITY_TYPE_ID] => 3
    [ENTITY_ID] => 245901
    [STREET] => Заложная
    [BUILDING] => 27 к.2
    [POSTAL_CODE] => 
    [COUNTRY] => Россия
    [PROVINCE] => Республика Саха (Якутия)
    [REGION] => Момский
    [CITY] => Хонуу
    [ADDRESS_2] => 
)

internalExecute:
Array
(
    [TYPE_ID] => 4
    [ENTITY_TYPE_ID] => 3
    [ENTITY_ID] => 245901
    [STREET] => Заложная
    [BUILDING] => 27 к.2
    [POSTAL_CODE] => 
    [COUNTRY] => Россия
    [PROVINCE] => Республика Саха (Якутия)
    [REGION] => Момский
    [CITY] => Хонуу
    [ADDRESS_2] => 
)

internalExecute:
Array
(
    [TYPE_ID] => 1
    [ENTITY_TYPE_ID] => 3
    [ENTITY_ID] => 245901
    [STREET] => Тогой
    [BUILDING] => 3
    [POSTAL_CODE] => 
    [COUNTRY] => Россия
    [PROVINCE] => Республика Саха (Якутия)
    [REGION] => Намский
    [CITY] => Партизан
    [ADDRESS_2] => 
)

internalExecute:
Array
(
    [TYPE_ID] => 1
    [ENTITY_TYPE_ID] => 3
    [ENTITY_ID] => 245901
    [STREET] => Тогой
    [BUILDING] => 3
    [POSTAL_CODE] => 
    [COUNTRY] => Россия
    [PROVINCE] => Республика Саха (Якутия)
    [REGION] => Намский
    [CITY] => Партизан
    [ADDRESS_2] => 
)

internalExecute:
Array
(
    [TYPE_ID] => 4
    [ENTITY_TYPE_ID] => 3
    [ENTITY_ID] => 245902
    [STREET] => Набережная 
    [BUILDING] => 11
    [POSTAL_CODE] => 
    [COUNTRY] => Россия
    [PROVINCE] => Республика Саха (Якутия)
    [REGION] => Намский
    [CITY] => Ымыяхтах
    [ADDRESS_2] => 
)

internalExecute:
Array
(
    [TYPE_ID] => 4
    [ENTITY_TYPE_ID] => 3
    [ENTITY_ID] => 245902
    [STREET] => Набережная 
    [BUILDING] => 11
    [POSTAL_CODE] => 
    [COUNTRY] => Россия
    [PROVINCE] => Республика Саха (Якутия)
    [REGION] => Намский
    [CITY] => Ымыяхтах
    [ADDRESS_2] => 
)

internalExecute:
Array
(
    [TYPE_ID] => 1
    [ENTITY_TYPE_ID] => 3
    [ENTITY_ID] => 245902
    [STREET] => Лермонова 
    [BUILDING] => 49
    [POSTAL_CODE] => 
    [COUNTRY] => Россия
    [PROVINCE] => Республика Саха (Якутия)
    [REGION] => Якутск
    [CITY] => 
    [ADDRESS_2] => 45
)

internalExecute:
Array
(
    [TYPE_ID] => 1
    [ENTITY_TYPE_ID] => 3
    [ENTITY_ID] => 245902
    [STREET] => Лермонова 
    [BUILDING] => 49
    [POSTAL_CODE] => 
    [COUNTRY] => Россия
    [PROVINCE] => Республика Саха (Якутия)
    [REGION] => Якутск
    [CITY] => 
    [ADDRESS_2] => 45
)

internalExecute:
Array
(
    [TYPE_ID] => 4
    [ENTITY_TYPE_ID] => 3
    [ENTITY_ID] => 245903
    [STREET] => Звездная ул
    [BUILDING] => 4
    [POSTAL_CODE] => 617062
    [COUNTRY] => Россия
    [PROVINCE] => Пермский край
    [REGION] => 
    [CITY] => г Краснокамск
    [ADDRESS_2] => 10
)

internalExecute:
Array
(
    [TYPE_ID] => 4
    [ENTITY_TYPE_ID] => 3
    [ENTITY_ID] => 245903
    [STREET] => Звездная ул
    [BUILDING] => 4
    [POSTAL_CODE] => 617062
    [COUNTRY] => Россия
    [PROVINCE] => Пермский край
    [REGION] => 
    [CITY] => г Краснокамск
    [ADDRESS_2] => 10
)

internalExecute:
Array
(
    [TYPE_ID] => 1
    [ENTITY_TYPE_ID] => 3
    [ENTITY_ID] => 245903
    [STREET] => Звездная ул
    [BUILDING] => 4
    [POSTAL_CODE] => 617062
    [COUNTRY] => Россия
    [PROVINCE] => Пермский край
    [REGION] => 
    [CITY] => г Краснокамск
    [ADDRESS_2] => 10
)

internalExecute:
Array
(
    [TYPE_ID] => 1
    [ENTITY_TYPE_ID] => 3
    [ENTITY_ID] => 245903
    [STREET] => Звездная ул
    [BUILDING] => 4
    [POSTAL_CODE] => 617062
    [COUNTRY] => Россия
    [PROVINCE] => Пермский край
    [REGION] => 
    [CITY] => г Краснокамск
    [ADDRESS_2] => 10
)

internalExecute:
Array
(
    [TYPE_ID] => 4
    [ENTITY_TYPE_ID] => 3
    [ENTITY_ID] => 245904
    [STREET] => Звездная ул
    [BUILDING] => 4
    [POSTAL_CODE] => 617062
    [COUNTRY] => Россия
    [PROVINCE] => Пермский край
    [REGION] => 
    [CITY] => г Краснокамск
    [ADDRESS_2] => 17
)

internalExecute:
Array
(
    [TYPE_ID] => 4
    [ENTITY_TYPE_ID] => 3
    [ENTITY_ID] => 245904
    [STREET] => Звездная ул
    [BUILDING] => 4
    [POSTAL_CODE] => 617062
    [COUNTRY] => Россия
    [PROVINCE] => Пермский край
    [REGION] => 
    [CITY] => г Краснокамск
    [ADDRESS_2] => 17
)

internalExecute:
Array
(
    [TYPE_ID] => 4
    [ENTITY_TYPE_ID] => 3
    [ENTITY_ID] => 245929
    [STREET] => Шевченко
    [BUILDING] => 6
    [POSTAL_CODE] => 357100
    [COUNTRY] => Россия
    [PROVINCE] => Ставропольский край
    [REGION] => 
    [CITY] => Невинномысск 
    [ADDRESS_2] => 29
)

internalExecute:
Array
(
    [TYPE_ID] => 4
    [ENTITY_TYPE_ID] => 3
    [ENTITY_ID] => 245929
    [STREET] => Шевченко
    [BUILDING] => 6
    [POSTAL_CODE] => 357100
    [COUNTRY] => Россия
    [PROVINCE] => Ставропольский край
    [REGION] => 
    [CITY] => Невинномысск 
    [ADDRESS_2] => 29
)

internalExecute:
Array
(
    [TYPE_ID] => 1
    [ENTITY_TYPE_ID] => 3
    [ENTITY_ID] => 245929
    [STREET] => Шевченко
    [BUILDING] => 6
    [POSTAL_CODE] => 357100
    [COUNTRY] => Россия
    [PROVINCE] => Ставропольский край
    [REGION] => 
    [CITY] => Невинномысск 
    [ADDRESS_2] => 29
)

internalExecute:
Array
(
    [TYPE_ID] => 1
    [ENTITY_TYPE_ID] => 3
    [ENTITY_ID] => 245929
    [STREET] => Шевченко
    [BUILDING] => 6
    [POSTAL_CODE] => 357100
    [COUNTRY] => Россия
    [PROVINCE] => Ставропольский край
    [REGION] => 
    [CITY] => Невинномысск 
    [ADDRESS_2] => 29
)

internalExecute:
Array
(
    [TYPE_ID] => 4
    [ENTITY_TYPE_ID] => 3
    [ENTITY_ID] => 245930
    [STREET] => Юбилейная
    [BUILDING] => 12
    [POSTAL_CODE] => 357020
    [COUNTRY] => Россия
    [PROVINCE] => Ставропольский край
    [REGION] => Кочубеевский район
    [CITY] => с. Ивановское
    [ADDRESS_2] => 
)

internalExecute:
Array
(
    [TYPE_ID] => 4
    [ENTITY_TYPE_ID] => 3
    [ENTITY_ID] => 245930
    [STREET] => Юбилейная
    [BUILDING] => 12
    [POSTAL_CODE] => 357020
    [COUNTRY] => Россия
    [PROVINCE] => Ставропольский край
    [REGION] => Кочубеевский район
    [CITY] => с. Ивановское
    [ADDRESS_2] => 
)

internalExecute:
Array
(
    [TYPE_ID] => 4
    [ENTITY_TYPE_ID] => 3
    [ENTITY_ID] => 246018
    [STREET] => Ольгинская ул
    [BUILDING] => 31 д
    [POSTAL_CODE] => 620024
    [COUNTRY] => Россия
    [PROVINCE] => Свердловская обл
    [REGION] => 
    [CITY] => Екатеринбург г
    [ADDRESS_2] => 
)

internalExecute:
Array
(
    [TYPE_ID] => 4
    [ENTITY_TYPE_ID] => 3
    [ENTITY_ID] => 246018
    [STREET] => Ольгинская ул
    [BUILDING] => 31 д
    [POSTAL_CODE] => 620024
    [COUNTRY] => Россия
    [PROVINCE] => Свердловская обл
    [REGION] => 
    [CITY] => Екатеринбург г
    [ADDRESS_2] => 
)

internalExecute:
Array
(
    [TYPE_ID] => 1
    [ENTITY_TYPE_ID] => 3
    [ENTITY_ID] => 246018
    [STREET] => Ленинградский пр-кт
    [BUILDING] => 34 д
    [POSTAL_CODE] => 125040
    [COUNTRY] => Россия
    [PROVINCE] => Москва г
    [REGION] => 
    [CITY] => Москва г
    [ADDRESS_2] => 41 кв
)

internalExecute:
Array
(
    [TYPE_ID] => 1
    [ENTITY_TYPE_ID] => 3
    [ENTITY_ID] => 246018
    [STREET] => Ленинградский пр-кт
    [BUILDING] => 34 д
    [POSTAL_CODE] => 125040
    [COUNTRY] => Россия
    [PROVINCE] => Москва г
    [REGION] => 
    [CITY] => Москва г
    [ADDRESS_2] => 41 кв
)

internalExecute:
Array
(
    [TYPE_ID] => 4
    [ENTITY_TYPE_ID] => 3
    [ENTITY_ID] => 246019
    [STREET] => Хакимова ул
    [BUILDING] => 40 д
    [POSTAL_CODE] => 460018
    [COUNTRY] => Россия
    [PROVINCE] => Оренбургская обл
    [REGION] => 
    [CITY] => Оренбург г
    [ADDRESS_2] => 
)

internalExecute:
Array
(
    [TYPE_ID] => 4
    [ENTITY_TYPE_ID] => 3
    [ENTITY_ID] => 246019
    [STREET] => Хакимова ул
    [BUILDING] => 40 д
    [POSTAL_CODE] => 460018
    [COUNTRY] => Россия
    [PROVINCE] => Оренбургская обл
    [REGION] => 
    [CITY] => Оренбург г
    [ADDRESS_2] => 
)

internalExecute:
Array
(
    [TYPE_ID] => 1
    [ENTITY_TYPE_ID] => 3
    [ENTITY_ID] => 246019
    [STREET] => Хакимова ул
    [BUILDING] => 40 д
    [POSTAL_CODE] => 460018
    [COUNTRY] => Россия
    [PROVINCE] => Оренбургская обл
    [REGION] => 
    [CITY] => Оренбург г
    [ADDRESS_2] => 
)

internalExecute:
Array
(
    [TYPE_ID] => 1
    [ENTITY_TYPE_ID] => 3
    [ENTITY_ID] => 246019
    [STREET] => Хакимова ул
    [BUILDING] => 40 д
    [POSTAL_CODE] => 460018
    [COUNTRY] => Россия
    [PROVINCE] => Оренбургская обл
    [REGION] => 
    [CITY] => Оренбург г
    [ADDRESS_2] => 
)

internalExecute:
Array
(
    [TYPE_ID] => 4
    [ENTITY_TYPE_ID] => 3
    [ENTITY_ID] => 246020
    [STREET] => Ольховая ул
    [BUILDING] => 4а д
    [POSTAL_CODE] => 660132
    [COUNTRY] => Россия
    [PROVINCE] => Красноярский край
    [REGION] => 
    [CITY] => Красноярск г
    [ADDRESS_2] => 4 кв
)

internalExecute:
Array
(
    [TYPE_ID] => 4
    [ENTITY_TYPE_ID] => 3
    [ENTITY_ID] => 246020
    [STREET] => Ольховая ул
    [BUILDING] => 4а д
    [POSTAL_CODE] => 660132
    [COUNTRY] => Россия
    [PROVINCE] => Красноярский край
    [REGION] => 
    [CITY] => Красноярск г
    [ADDRESS_2] => 4 кв
)

internalExecute:
Array
(
    [TYPE_ID] => 4
    [ENTITY_TYPE_ID] => 3
    [ENTITY_ID] => 246029
    [STREET] => Яхогоева ул
    [BUILDING] => д 29
    [POSTAL_CODE] => 361326
    [COUNTRY] => Россия
    [PROVINCE] => Кабардино-Балкарская Респ
    [REGION] => Урванский
    [CITY] => с Псыгансу
    [ADDRESS_2] => 
)

internalExecute:
Array
(
    [TYPE_ID] => 4
    [ENTITY_TYPE_ID] => 3
    [ENTITY_ID] => 246029
    [STREET] => Яхогоева ул
    [BUILDING] => д 29
    [POSTAL_CODE] => 361326
    [COUNTRY] => Россия
    [PROVINCE] => Кабардино-Балкарская Респ
    [REGION] => Урванский
    [CITY] => с Псыгансу
    [ADDRESS_2] => 
)

internalExecute:
Array
(
    [TYPE_ID] => 1
    [ENTITY_TYPE_ID] => 3
    [ENTITY_ID] => 246029
    [STREET] => Яхогоева ул
    [BUILDING] => д 29
    [POSTAL_CODE] => 361326
    [COUNTRY] => Россия
    [PROVINCE] => Кабардино-Балкарская Респ
    [REGION] => Урванский
    [CITY] => с Псыгансу
    [ADDRESS_2] => 
)

internalExecute:
Array
(
    [TYPE_ID] => 1
    [ENTITY_TYPE_ID] => 3
    [ENTITY_ID] => 246029
    [STREET] => Яхогоева ул
    [BUILDING] => д 29
    [POSTAL_CODE] => 361326
    [COUNTRY] => Россия
    [PROVINCE] => Кабардино-Балкарская Респ
    [REGION] => Урванский
    [CITY] => с Псыгансу
    [ADDRESS_2] => 
)

internalExecute:
Array
(
    [TYPE_ID] => 4
    [ENTITY_TYPE_ID] => 3
    [ENTITY_ID] => 246030
    [STREET] => Ленина ул
    [BUILDING] => д 26а
    [POSTAL_CODE] => 361326
    [COUNTRY] => Россия
    [PROVINCE] => Кабардино-Балкарская Респ
    [REGION] => Урванский
    [CITY] => с Псыгансу
    [ADDRESS_2] => 
)

internalExecute:
Array
(
    [TYPE_ID] => 4
    [ENTITY_TYPE_ID] => 3
    [ENTITY_ID] => 246030
    [STREET] => Ленина ул
    [BUILDING] => д 26а
    [POSTAL_CODE] => 361326
    [COUNTRY] => Россия
    [PROVINCE] => Кабардино-Балкарская Респ
    [REGION] => Урванский
    [CITY] => с Псыгансу
    [ADDRESS_2] => 
)

internalExecute:
Array
(
    [TYPE_ID] => 4
    [ENTITY_TYPE_ID] => 3
    [ENTITY_ID] => 246123
    [STREET] => Бесланеева ул
    [BUILDING] => д 16-а
    [POSTAL_CODE] => 361531
    [COUNTRY] => Россия
    [PROVINCE] => Кабардино-Балкарская Респ
    [REGION] => 
    [CITY] => г Баксан
    [ADDRESS_2] => 
)

internalExecute:
Array
(
    [TYPE_ID] => 4
    [ENTITY_TYPE_ID] => 3
    [ENTITY_ID] => 246123
    [STREET] => Бесланеева ул
    [BUILDING] => д 16-а
    [POSTAL_CODE] => 361531
    [COUNTRY] => Россия
    [PROVINCE] => Кабардино-Балкарская Респ
    [REGION] => 
    [CITY] => г Баксан
    [ADDRESS_2] => 
)

internalExecute:
Array
(
    [TYPE_ID] => 1
    [ENTITY_TYPE_ID] => 3
    [ENTITY_ID] => 246123
    [STREET] => Бесланеева ул
    [BUILDING] => д 16-а
    [POSTAL_CODE] => 361531
    [COUNTRY] => Россия
    [PROVINCE] => Кабардино-Балкарская Респ
    [REGION] => 
    [CITY] => г Баксан
    [ADDRESS_2] => 
)

internalExecute:
Array
(
    [TYPE_ID] => 1
    [ENTITY_TYPE_ID] => 3
    [ENTITY_ID] => 246123
    [STREET] => Бесланеева ул
    [BUILDING] => д 16-а
    [POSTAL_CODE] => 361531
    [COUNTRY] => Россия
    [PROVINCE] => Кабардино-Балкарская Респ
    [REGION] => 
    [CITY] => г Баксан
    [ADDRESS_2] => 
)

internalExecute:
Array
(
    [TYPE_ID] => 4
    [ENTITY_TYPE_ID] => 3
    [ENTITY_ID] => 246124
    [STREET] => Бесланеева ул
    [BUILDING] => д 16-а
    [POSTAL_CODE] => 361531
    [COUNTRY] => Россия
    [PROVINCE] => Кабардино-Балкарская Респ
    [REGION] => 
    [CITY] => г Баксан
    [ADDRESS_2] => 
)

internalExecute:
Array
(
    [TYPE_ID] => 4
    [ENTITY_TYPE_ID] => 3
    [ENTITY_ID] => 246124
    [STREET] => Бесланеева ул
    [BUILDING] => д 16-а
    [POSTAL_CODE] => 361531
    [COUNTRY] => Россия
    [PROVINCE] => Кабардино-Балкарская Респ
    [REGION] => 
    [CITY] => г Баксан
    [ADDRESS_2] => 
)

internalExecute:
Array
(
    [TYPE_ID] => 4
    [ENTITY_TYPE_ID] => 3
    [ENTITY_ID] => 246209
    [STREET] => Бесланеева ул
    [BUILDING] => д 16-а
    [POSTAL_CODE] => 361531
    [COUNTRY] => Россия
    [PROVINCE] => Кабардино-Балкарская Респ
    [REGION] => 
    [CITY] => г Баксан
    [ADDRESS_2] => 
)

internalExecute:
Array
(
    [TYPE_ID] => 4
    [ENTITY_TYPE_ID] => 3
    [ENTITY_ID] => 246209
    [STREET] => Бесланеева ул
    [BUILDING] => д 16-а
    [POSTAL_CODE] => 361531
    [COUNTRY] => Россия
    [PROVINCE] => Кабардино-Балкарская Респ
    [REGION] => 
    [CITY] => г Баксан
    [ADDRESS_2] => 
)

internalExecute:
Array
(
    [TYPE_ID] => 1
    [ENTITY_TYPE_ID] => 3
    [ENTITY_ID] => 246209
    [STREET] => Бесланеева ул
    [BUILDING] => д 16-а
    [POSTAL_CODE] => 361531
    [COUNTRY] => Россия
    [PROVINCE] => Кабардино-Балкарская Респ
    [REGION] => 
    [CITY] => г Баксан
    [ADDRESS_2] => 
)

internalExecute:
Array
(
    [TYPE_ID] => 1
    [ENTITY_TYPE_ID] => 3
    [ENTITY_ID] => 246209
    [STREET] => Бесланеева ул
    [BUILDING] => д 16-а
    [POSTAL_CODE] => 361531
    [COUNTRY] => Россия
    [PROVINCE] => Кабардино-Балкарская Респ
    [REGION] => 
    [CITY] => г Баксан
    [ADDRESS_2] => 
)

internalExecute:
Array
(
    [TYPE_ID] => 4
    [ENTITY_TYPE_ID] => 3
    [ENTITY_ID] => 246210
    [STREET] => Бесланеева ул
    [BUILDING] => д 16-а
    [POSTAL_CODE] => 361531
    [COUNTRY] => Россия
    [PROVINCE] => Кабардино-Балкарская Респ
    [REGION] => 
    [CITY] => г Баксан
    [ADDRESS_2] => 
)

internalExecute:
Array
(
    [TYPE_ID] => 4
    [ENTITY_TYPE_ID] => 3
    [ENTITY_ID] => 246210
    [STREET] => Бесланеева ул
    [BUILDING] => д 16-а
    [POSTAL_CODE] => 361531
    [COUNTRY] => Россия
    [PROVINCE] => Кабардино-Балкарская Респ
    [REGION] => 
    [CITY] => г Баксан
    [ADDRESS_2] => 
)

internalExecute:
Array
(
    [TYPE_ID] => 4
    [ENTITY_TYPE_ID] => 3
    [ENTITY_ID] => 246600
    [STREET] => ул. Чургуй-оола 
    [BUILDING] => 12
    [POSTAL_CODE] => 668365
    [COUNTRY] => Россия
    [PROVINCE] => Республика Тыва
    [REGION] => Тес-Хемский район
    [CITY] => с. Оо -Шынаа
    [ADDRESS_2] => 2
)

internalExecute:
Array
(
    [TYPE_ID] => 4
    [ENTITY_TYPE_ID] => 3
    [ENTITY_ID] => 246600
    [STREET] => ул. Чургуй-оола 
    [BUILDING] => 12
    [POSTAL_CODE] => 668365
    [COUNTRY] => Россия
    [PROVINCE] => Республика Тыва
    [REGION] => Тес-Хемский район
    [CITY] => с. Оо -Шынаа
    [ADDRESS_2] => 2
)

internalExecute:
Array
(
    [TYPE_ID] => 1
    [ENTITY_TYPE_ID] => 3
    [ENTITY_ID] => 246600
    [STREET] => Найырал 
    [BUILDING] => 10
    [POSTAL_CODE] => 668210
    [COUNTRY] => Россия
    [PROVINCE] => Республика Тыва
    [REGION] => Улуг-Хемский район
    [CITY] => с. Эйлиг-Хем
    [ADDRESS_2] => 2
)

internalExecute:
Array
(
    [TYPE_ID] => 1
    [ENTITY_TYPE_ID] => 3
    [ENTITY_ID] => 246600
    [STREET] => Найырал 
    [BUILDING] => 10
    [POSTAL_CODE] => 668210
    [COUNTRY] => Россия
    [PROVINCE] => Республика Тыва
    [REGION] => Улуг-Хемский район
    [CITY] => с. Эйлиг-Хем
    [ADDRESS_2] => 2
)

internalExecute:
Array
(
    [TYPE_ID] => 4
    [ENTITY_TYPE_ID] => 3
    [ENTITY_ID] => 246601
    [STREET] => Найырал
    [BUILDING] => 10
    [POSTAL_CODE] => 668210
    [COUNTRY] => Россия
    [PROVINCE] => Республика Тыва
    [REGION] => Улуг-хемский район
    [CITY] => с. Эйлиг-Хем
    [ADDRESS_2] => 2
)

internalExecute:
Array
(
    [TYPE_ID] => 4
    [ENTITY_TYPE_ID] => 3
    [ENTITY_ID] => 246601
    [STREET] => Найырал
    [BUILDING] => 10
    [POSTAL_CODE] => 668210
    [COUNTRY] => Россия
    [PROVINCE] => Республика Тыва
    [REGION] => Улуг-хемский район
    [CITY] => с. Эйлиг-Хем
    [ADDRESS_2] => 2
)

internalExecute:
Array
(
    [TYPE_ID] => 4
    [ENTITY_TYPE_ID] => 3
    [ENTITY_ID] => 246671
    [STREET] => ул. Сарыг-Сепская
    [BUILDING] => 28
    [POSTAL_CODE] => 668414
    [COUNTRY] => Россия
    [PROVINCE] => Республика Тыва 
    [REGION] => Каа-Хемский район
    [CITY] => с. Дерзиг-Аксы
    [ADDRESS_2] => 
)

internalExecute:
Array
(
    [TYPE_ID] => 4
    [ENTITY_TYPE_ID] => 3
    [ENTITY_ID] => 246671
    [STREET] => ул. Сарыг-Сепская
    [BUILDING] => 28
    [POSTAL_CODE] => 668414
    [COUNTRY] => Россия
    [PROVINCE] => Республика Тыва 
    [REGION] => Каа-Хемский район
    [CITY] => с. Дерзиг-Аксы
    [ADDRESS_2] => 
)

internalExecute:
Array
(
    [TYPE_ID] => 1
    [ENTITY_TYPE_ID] => 3
    [ENTITY_ID] => 246671
    [STREET] => ул. Сарыг-Сепская
    [BUILDING] => 28
    [POSTAL_CODE] => 668414
    [COUNTRY] => Россия
    [PROVINCE] => Республика Тыва 
    [REGION] => Каа-Хемский район
    [CITY] => с. Дерзиг-Аксы
    [ADDRESS_2] => 
)

internalExecute:
Array
(
    [TYPE_ID] => 1
    [ENTITY_TYPE_ID] => 3
    [ENTITY_ID] => 246671
    [STREET] => ул. Сарыг-Сепская
    [BUILDING] => 28
    [POSTAL_CODE] => 668414
    [COUNTRY] => Россия
    [PROVINCE] => Республика Тыва 
    [REGION] => Каа-Хемский район
    [CITY] => с. Дерзиг-Аксы
    [ADDRESS_2] => 
)

internalExecute:
Array
(
    [TYPE_ID] => 4
    [ENTITY_TYPE_ID] => 3
    [ENTITY_ID] => 246672
    [STREET] => Рабочая
    [BUILDING] => 2в
    [POSTAL_CODE] => 668414
    [COUNTRY] => Россия
    [PROVINCE] => Республика Тыва
    [REGION] => Каа-Хемский район
    [CITY] => с. Дерзиг-Аксы
    [ADDRESS_2] => 
)

internalExecute:
Array
(
    [TYPE_ID] => 4
    [ENTITY_TYPE_ID] => 3
    [ENTITY_ID] => 246672
    [STREET] => Рабочая
    [BUILDING] => 2в
    [POSTAL_CODE] => 668414
    [COUNTRY] => Россия
    [PROVINCE] => Республика Тыва
    [REGION] => Каа-Хемский район
    [CITY] => с. Дерзиг-Аксы
    [ADDRESS_2] => 
)

internalExecute:
Array
(
    [TYPE_ID] => 4
    [ENTITY_TYPE_ID] => 3
    [ENTITY_ID] => 247074
    [STREET] => Российская
    [BUILDING] => 27
    [POSTAL_CODE] => 633428
    [COUNTRY] => Россия
    [PROVINCE] => Новосибирская область
    [REGION] => Тогучинский
    [CITY] => село Кудрино
    [ADDRESS_2] => 
)

internalExecute:
Array
(
    [TYPE_ID] => 4
    [ENTITY_TYPE_ID] => 3
    [ENTITY_ID] => 247074
    [STREET] => Российская
    [BUILDING] => 27
    [POSTAL_CODE] => 633428
    [COUNTRY] => Россия
    [PROVINCE] => Новосибирская область
    [REGION] => Тогучинский
    [CITY] => село Кудрино
    [ADDRESS_2] => 
)

internalExecute:
Array
(
    [TYPE_ID] => 1
    [ENTITY_TYPE_ID] => 3
    [ENTITY_ID] => 247074
    [STREET] => Российская
    [BUILDING] => 27
    [POSTAL_CODE] => 633428
    [COUNTRY] => Россия
    [PROVINCE] => Новосибирская область
    [REGION] => Тогучинский
    [CITY] => село Кудрино
    [ADDRESS_2] => 
)

internalExecute:
Array
(
    [TYPE_ID] => 1
    [ENTITY_TYPE_ID] => 3
    [ENTITY_ID] => 247074
    [STREET] => Российская
    [BUILDING] => 27
    [POSTAL_CODE] => 633428
    [COUNTRY] => Россия
    [PROVINCE] => Новосибирская область
    [REGION] => Тогучинский
    [CITY] => село Кудрино
    [ADDRESS_2] => 
)

internalExecute:
Array
(
    [TYPE_ID] => 4
    [ENTITY_TYPE_ID] => 3
    [ENTITY_ID] => 247075
    [STREET] => Маяковского
    [BUILDING] => 1/1
    [POSTAL_CODE] => 630037
    [COUNTRY] => Россия
    [PROVINCE] => Новосибирская область
    [REGION] => Новосибирский
    [CITY] => город Новосибирск
    [ADDRESS_2] => 43
)

internalExecute:
Array
(
    [TYPE_ID] => 4
    [ENTITY_TYPE_ID] => 3
    [ENTITY_ID] => 247075
    [STREET] => Маяковского
    [BUILDING] => 1/1
    [POSTAL_CODE] => 630037
    [COUNTRY] => Россия
    [PROVINCE] => Новосибирская область
    [REGION] => Новосибирский
    [CITY] => город Новосибирск
    [ADDRESS_2] => 43
)

internalExecute:
Array
(
    [TYPE_ID] => 4
    [ENTITY_TYPE_ID] => 3
    [ENTITY_ID] => 247086
    [STREET] => Хетагуровская
    [BUILDING] => 16
    [POSTAL_CODE] => 681000
    [COUNTRY] => Россия
    [PROVINCE] => Хабаровский край
    [REGION] => 
    [CITY] => г. Комсомольск-на-Амуре
    [ADDRESS_2] => 5
)

internalExecute:
Array
(
    [TYPE_ID] => 4
    [ENTITY_TYPE_ID] => 3
    [ENTITY_ID] => 247086
    [STREET] => Хетагуровская
    [BUILDING] => 16
    [POSTAL_CODE] => 681000
    [COUNTRY] => Россия
    [PROVINCE] => Хабаровский край
    [REGION] => 
    [CITY] => г. Комсомольск-на-Амуре
    [ADDRESS_2] => 5
)

internalExecute:
Array
(
    [TYPE_ID] => 1
    [ENTITY_TYPE_ID] => 3
    [ENTITY_ID] => 247086
    [STREET] => ш. Магистральное
    [BUILDING] => 13/6
    [POSTAL_CODE] => 681000
    [COUNTRY] => Россия
    [PROVINCE] => Хабаровский край
    [REGION] => 
    [CITY] => г. Комсомольск-на-Амуре
    [ADDRESS_2] => 59
)

internalExecute:
Array
(
    [TYPE_ID] => 1
    [ENTITY_TYPE_ID] => 3
    [ENTITY_ID] => 247086
    [STREET] => ш. Магистральное
    [BUILDING] => 13/6
    [POSTAL_CODE] => 681000
    [COUNTRY] => Россия
    [PROVINCE] => Хабаровский край
    [REGION] => 
    [CITY] => г. Комсомольск-на-Амуре
    [ADDRESS_2] => 59
)

internalExecute:
Array
(
    [TYPE_ID] => 4
    [ENTITY_TYPE_ID] => 3
    [ENTITY_ID] => 247087
    [STREET] => Кирова
    [BUILDING] => 5
    [POSTAL_CODE] => 681000
    [COUNTRY] => Россия
    [PROVINCE] => Хабаровский край
    [REGION] => 
    [CITY] => г. Комсомольск-на-Амуре
    [ADDRESS_2] => 17
)

internalExecute:
Array
(
    [TYPE_ID] => 4
    [ENTITY_TYPE_ID] => 3
    [ENTITY_ID] => 247087
    [STREET] => Кирова
    [BUILDING] => 5
    [POSTAL_CODE] => 681000
    [COUNTRY] => Россия
    [PROVINCE] => Хабаровский край
    [REGION] => 
    [CITY] => г. Комсомольск-на-Амуре
    [ADDRESS_2] => 17
)

internalExecute:
Array
(
    [TYPE_ID] => 4
    [ENTITY_TYPE_ID] => 3
    [ENTITY_ID] => 247171
    [STREET] => Спутников
    [BUILDING] => 5
    [POSTAL_CODE] => 
    [COUNTRY] => Россия
    [PROVINCE] => Кемеровская область
    [REGION] => 
    [CITY] => Кемерово
    [ADDRESS_2] => 2
)

internalExecute:
Array
(
    [TYPE_ID] => 4
    [ENTITY_TYPE_ID] => 3
    [ENTITY_ID] => 247171
    [STREET] => Спутников
    [BUILDING] => 5
    [POSTAL_CODE] => 
    [COUNTRY] => Россия
    [PROVINCE] => Кемеровская область
    [REGION] => 
    [CITY] => Кемерово
    [ADDRESS_2] => 2
)

internalExecute:
Array
(
    [TYPE_ID] => 1
    [ENTITY_TYPE_ID] => 3
    [ENTITY_ID] => 247171
    [STREET] => Спутников
    [BUILDING] => 5
    [POSTAL_CODE] => 
    [COUNTRY] => Россия
    [PROVINCE] => Кемеровская область
    [REGION] => 
    [CITY] => Кемерово
    [ADDRESS_2] => 2
)

internalExecute:
Array
(
    [TYPE_ID] => 1
    [ENTITY_TYPE_ID] => 3
    [ENTITY_ID] => 247171
    [STREET] => Спутников
    [BUILDING] => 5
    [POSTAL_CODE] => 
    [COUNTRY] => Россия
    [PROVINCE] => Кемеровская область
    [REGION] => 
    [CITY] => Кемерово
    [ADDRESS_2] => 2
)

internalExecute:
Array
(
    [TYPE_ID] => 4
    [ENTITY_TYPE_ID] => 3
    [ENTITY_ID] => 247172
    [STREET] => Коломейцева
    [BUILDING] => 6
    [POSTAL_CODE] => 650099
    [COUNTRY] => Россия
    [PROVINCE] => Кемеровская область
    [REGION] => 
    [CITY] => Кемерово
    [ADDRESS_2] => 20
)

internalExecute:
Array
(
    [TYPE_ID] => 4
    [ENTITY_TYPE_ID] => 3
    [ENTITY_ID] => 247172
    [STREET] => Коломейцева
    [BUILDING] => 6
    [POSTAL_CODE] => 650099
    [COUNTRY] => Россия
    [PROVINCE] => Кемеровская область
    [REGION] => 
    [CITY] => Кемерово
    [ADDRESS_2] => 20
)

internalExecute:
Array
(
    [TYPE_ID] => 4
    [ENTITY_TYPE_ID] => 3
    [ENTITY_ID] => 247173
    [STREET] => Паровозная
    [BUILDING] => 6
    [POSTAL_CODE] => 650044
    [COUNTRY] => Россия
    [PROVINCE] => Кемеровская область
    [REGION] => 
    [CITY] => Кемерово
    [ADDRESS_2] => 
)

internalExecute:
Array
(
    [TYPE_ID] => 4
    [ENTITY_TYPE_ID] => 3
    [ENTITY_ID] => 247173
    [STREET] => Паровозная
    [BUILDING] => 6
    [POSTAL_CODE] => 650044
    [COUNTRY] => Россия
    [PROVINCE] => Кемеровская область
    [REGION] => 
    [CITY] => Кемерово
    [ADDRESS_2] => 
)

internalExecute:
Array
(
    [TYPE_ID] => 4
    [ENTITY_TYPE_ID] => 3
    [ENTITY_ID] => 247174
    [STREET] => Паровозная
    [BUILDING] => 6
    [POSTAL_CODE] => 650044
    [COUNTRY] => Россия
    [PROVINCE] => Кемеровская область
    [REGION] => 
    [CITY] => Кемерово
    [ADDRESS_2] => 
)

internalExecute:
Array
(
    [TYPE_ID] => 4
    [ENTITY_TYPE_ID] => 3
    [ENTITY_ID] => 247174
    [STREET] => Паровозная
    [BUILDING] => 6
    [POSTAL_CODE] => 650044
    [COUNTRY] => Россия
    [PROVINCE] => Кемеровская область
    [REGION] => 
    [CITY] => Кемерово
    [ADDRESS_2] => 
)

internalExecute:
Array
(
    [TYPE_ID] => 4
    [ENTITY_TYPE_ID] => 3
    [ENTITY_ID] => 247194
    [STREET] => луговая
    [BUILDING] => 36
    [POSTAL_CODE] => 302507
    [COUNTRY] => Россия
    [PROVINCE] => Орловская область
    [REGION] => Орловский
    [CITY] => с. Старцево
    [ADDRESS_2] => 
)

internalExecute:
Array
(
    [TYPE_ID] => 4
    [ENTITY_TYPE_ID] => 3
    [ENTITY_ID] => 247194
    [STREET] => луговая
    [BUILDING] => 36
    [POSTAL_CODE] => 302507
    [COUNTRY] => Россия
    [PROVINCE] => Орловская область
    [REGION] => Орловский
    [CITY] => с. Старцево
    [ADDRESS_2] => 
)

internalExecute:
Array
(
    [TYPE_ID] => 1
    [ENTITY_TYPE_ID] => 3
    [ENTITY_ID] => 247194
    [STREET] => луговая
    [BUILDING] => 36
    [POSTAL_CODE] => 302507
    [COUNTRY] => Россия
    [PROVINCE] => Орловская область
    [REGION] => Орловский
    [CITY] => с. Старцево
    [ADDRESS_2] => 
)

internalExecute:
Array
(
    [TYPE_ID] => 1
    [ENTITY_TYPE_ID] => 3
    [ENTITY_ID] => 247194
    [STREET] => луговая
    [BUILDING] => 36
    [POSTAL_CODE] => 302507
    [COUNTRY] => Россия
    [PROVINCE] => Орловская область
    [REGION] => Орловский
    [CITY] => с. Старцево
    [ADDRESS_2] => 
)

internalExecute:
Array
(
    [TYPE_ID] => 4
    [ENTITY_TYPE_ID] => 3
    [ENTITY_ID] => 247195
    [STREET] => ул. Луговая 
    [BUILDING] => 14
    [POSTAL_CODE] => 302507
    [COUNTRY] => Россия
    [PROVINCE] => Орловская область
    [REGION] => с. Старцево
    [CITY] => Орловский район 
    [ADDRESS_2] => 
)

internalExecute:
Array
(
    [TYPE_ID] => 4
    [ENTITY_TYPE_ID] => 3
    [ENTITY_ID] => 247195
    [STREET] => ул. Луговая 
    [BUILDING] => 14
    [POSTAL_CODE] => 302507
    [COUNTRY] => Россия
    [PROVINCE] => Орловская область
    [REGION] => с. Старцево
    [CITY] => Орловский район 
    [ADDRESS_2] => 
)

internalExecute:
Array
(
    [TYPE_ID] => 1
    [ENTITY_TYPE_ID] => 3
    [ENTITY_ID] => 247195
    [STREET] => ул. Луговая 
    [BUILDING] => 14
    [POSTAL_CODE] => 302507
    [COUNTRY] => Россия
    [PROVINCE] => Орловская область
    [REGION] => с. Старцево
    [CITY] => Орловский район 
    [ADDRESS_2] => 
)

internalExecute:
Array
(
    [TYPE_ID] => 1
    [ENTITY_TYPE_ID] => 3
    [ENTITY_ID] => 247195
    [STREET] => ул. Луговая 
    [BUILDING] => 14
    [POSTAL_CODE] => 302507
    [COUNTRY] => Россия
    [PROVINCE] => Орловская область
    [REGION] => с. Старцево
    [CITY] => Орловский район 
    [ADDRESS_2] => 
)

internalExecute:
Array
(
    [TYPE_ID] => 4
    [ENTITY_TYPE_ID] => 3
    [ENTITY_ID] => 247196
    [STREET] => ул. Полевая
    [BUILDING] => 1
    [POSTAL_CODE] => 302507
    [COUNTRY] => Россия
    [PROVINCE] => Орловская область
    [REGION] => с. Старцево
    [CITY] => Орловский район
    [ADDRESS_2] => 
)

internalExecute:
Array
(
    [TYPE_ID] => 4
    [ENTITY_TYPE_ID] => 3
    [ENTITY_ID] => 247196
    [STREET] => ул. Полевая
    [BUILDING] => 1
    [POSTAL_CODE] => 302507
    [COUNTRY] => Россия
    [PROVINCE] => Орловская область
    [REGION] => с. Старцево
    [CITY] => Орловский район
    [ADDRESS_2] => 
)

internalExecute:
Array
(
    [TYPE_ID] => 1
    [ENTITY_TYPE_ID] => 3
    [ENTITY_ID] => 247196
    [STREET] => ул. Полевая
    [BUILDING] => 1
    [POSTAL_CODE] => 302507
    [COUNTRY] => Россия
    [PROVINCE] => Орловская область
    [REGION] => с. Старцево
    [CITY] => Орловский район
    [ADDRESS_2] => 
)

internalExecute:
Array
(
    [TYPE_ID] => 1
    [ENTITY_TYPE_ID] => 3
    [ENTITY_ID] => 247196
    [STREET] => ул. Полевая
    [BUILDING] => 1
    [POSTAL_CODE] => 302507
    [COUNTRY] => Россия
    [PROVINCE] => Орловская область
    [REGION] => с. Старцево
    [CITY] => Орловский район
    [ADDRESS_2] => 
)

internalExecute:
Array
(
    [TYPE_ID] => 4
    [ENTITY_TYPE_ID] => 3
    [ENTITY_ID] => 247251
    [STREET] => Тер. ПК Садоводческое-Дачное Общество 4 ул. Цветочная 
    [BUILDING] => 50
    [POSTAL_CODE] => 
    [COUNTRY] => Россия
    [PROVINCE] => Республика Тыва
    [REGION] => 
    [CITY] => г.Кызыл
    [ADDRESS_2] => 
)

internalExecute:
Array
(
    [TYPE_ID] => 4
    [ENTITY_TYPE_ID] => 3
    [ENTITY_ID] => 247251
    [STREET] => Тер. ПК Садоводческое-Дачное Общество 4 ул. Цветочная 
    [BUILDING] => 50
    [POSTAL_CODE] => 
    [COUNTRY] => Россия
    [PROVINCE] => Республика Тыва
    [REGION] => 
    [CITY] => г.Кызыл
    [ADDRESS_2] => 
)

internalExecute:
Array
(
    [TYPE_ID] => 1
    [ENTITY_TYPE_ID] => 3
    [ENTITY_ID] => 247251
    [STREET] => Тер. ПК Садоводческое-Дачное Общество 4 ул. Цветочная 
    [BUILDING] => 50
    [POSTAL_CODE] => 
    [COUNTRY] => Россия
    [PROVINCE] => Республика Тыва
    [REGION] => 
    [CITY] => г.Кызыл
    [ADDRESS_2] => 
)

internalExecute:
Array
(
    [TYPE_ID] => 1
    [ENTITY_TYPE_ID] => 3
    [ENTITY_ID] => 247251
    [STREET] => Тер. ПК Садоводческое-Дачное Общество 4 ул. Цветочная 
    [BUILDING] => 50
    [POSTAL_CODE] => 
    [COUNTRY] => Россия
    [PROVINCE] => Республика Тыва
    [REGION] => 
    [CITY] => г.Кызыл
    [ADDRESS_2] => 
)

internalExecute:
Array
(
    [TYPE_ID] => 4
    [ENTITY_TYPE_ID] => 3
    [ENTITY_ID] => 247252
    [STREET] => Шевченко
    [BUILDING] => 79
    [POSTAL_CODE] => 
    [COUNTRY] => Россия
    [PROVINCE] => Республика Тыва
    [REGION] => 
    [CITY] => г. Кызыл
    [ADDRESS_2] => 
)

internalExecute:
Array
(
    [TYPE_ID] => 4
    [ENTITY_TYPE_ID] => 3
    [ENTITY_ID] => 247252
    [STREET] => Шевченко
    [BUILDING] => 79
    [POSTAL_CODE] => 
    [COUNTRY] => Россия
    [PROVINCE] => Республика Тыва
    [REGION] => 
    [CITY] => г. Кызыл
    [ADDRESS_2] => 
)

internalExecute:
Array
(
    [TYPE_ID] => 4
    [ENTITY_TYPE_ID] => 3
    [ENTITY_ID] => 247320
    [STREET] => Заречная
    [BUILDING] => 33А
    [POSTAL_CODE] => 
    [COUNTRY] => Россия
    [PROVINCE] => Республика Тыва
    [REGION] => с. Кунгуртуг
    [CITY] => Тере-Хольский район
    [ADDRESS_2] => 
)

internalExecute:
Array
(
    [TYPE_ID] => 4
    [ENTITY_TYPE_ID] => 3
    [ENTITY_ID] => 247320
    [STREET] => Заречная
    [BUILDING] => 33А
    [POSTAL_CODE] => 
    [COUNTRY] => Россия
    [PROVINCE] => Республика Тыва
    [REGION] => с. Кунгуртуг
    [CITY] => Тере-Хольский район
    [ADDRESS_2] => 
)

internalExecute:
Array
(
    [TYPE_ID] => 1
    [ENTITY_TYPE_ID] => 3
    [ENTITY_ID] => 247320
    [STREET] => Буренская
    [BUILDING] => 80
    [POSTAL_CODE] => 
    [COUNTRY] => Россия
    [PROVINCE] => Республика Тыва
    [REGION] => 
    [CITY] => г.Кызыл
    [ADDRESS_2] => 
)

internalExecute:
Array
(
    [TYPE_ID] => 1
    [ENTITY_TYPE_ID] => 3
    [ENTITY_ID] => 247320
    [STREET] => Буренская
    [BUILDING] => 80
    [POSTAL_CODE] => 
    [COUNTRY] => Россия
    [PROVINCE] => Республика Тыва
    [REGION] => 
    [CITY] => г.Кызыл
    [ADDRESS_2] => 
)

internalExecute:
Array
(
    [TYPE_ID] => 4
    [ENTITY_TYPE_ID] => 3
    [ENTITY_ID] => 247321
    [STREET] => пер. Коммунистический 
    [BUILDING] => 3
    [POSTAL_CODE] => 
    [COUNTRY] => Россия
    [PROVINCE] => Республика Тыва
    [REGION] => 
    [CITY] => Кызыл
    [ADDRESS_2] => 1
)

internalExecute:
Array
(
    [TYPE_ID] => 4
    [ENTITY_TYPE_ID] => 3
    [ENTITY_ID] => 247321
    [STREET] => пер. Коммунистический 
    [BUILDING] => 3
    [POSTAL_CODE] => 
    [COUNTRY] => Россия
    [PROVINCE] => Республика Тыва
    [REGION] => 
    [CITY] => Кызыл
    [ADDRESS_2] => 1
)

internalExecute:
Array
(
    [TYPE_ID] => 4
    [ENTITY_TYPE_ID] => 3
    [ENTITY_ID] => 236803
    [STREET] => Орджоникидзе пр-кт
    [BUILDING] => 23 д
    [POSTAL_CODE] => 620042
    [COUNTRY] => Россия
    [PROVINCE] => Свердловская обл
    [REGION] => 
    [CITY] => Екатеринбург г
    [ADDRESS_2] => 
)

internalExecute:
Array
(
    [TYPE_ID] => 4
    [ENTITY_TYPE_ID] => 3
    [ENTITY_ID] => 236803
    [STREET] => Орджоникидзе пр-кт
    [BUILDING] => 23 д
    [POSTAL_CODE] => 620042
    [COUNTRY] => Россия
    [PROVINCE] => Свердловская обл
    [REGION] => 
    [CITY] => Екатеринбург г
    [ADDRESS_2] => 
)

internalExecute:
Array
(
    [TYPE_ID] => 1
    [ENTITY_TYPE_ID] => 3
    [ENTITY_ID] => 236803
    [STREET] => Орджоникидзе пр-кт
    [BUILDING] => 23 д
    [POSTAL_CODE] => 620042
    [COUNTRY] => Россия
    [PROVINCE] => Свердловская обл
    [REGION] => 
    [CITY] => Екатеринбург г
    [ADDRESS_2] => 
)

internalExecute:
Array
(
    [TYPE_ID] => 1
    [ENTITY_TYPE_ID] => 3
    [ENTITY_ID] => 236803
    [STREET] => Орджоникидзе пр-кт
    [BUILDING] => 23 д
    [POSTAL_CODE] => 620042
    [COUNTRY] => Россия
    [PROVINCE] => Свердловская обл
    [REGION] => 
    [CITY] => Екатеринбург г
    [ADDRESS_2] => 
)

internalExecute:
Array
(
    [TYPE_ID] => 6
    [ENTITY_TYPE_ID] => 4
    [ENTITY_ID] => 53441
    [STREET] => Ольховская ул
    [BUILDING] => 32 д
    [POSTAL_CODE] => 
    [COUNTRY] => Россия
    [PROVINCE] => Свердловская обл
    [REGION] => 
    [CITY] => Екатеринбург г
    [ADDRESS_2] => 4
)

internalExecute:
Array
(
    [TYPE_ID] => 6
    [ENTITY_TYPE_ID] => 4
    [ENTITY_ID] => 53441
    [STREET] => Ольховская ул
    [BUILDING] => 32 д
    [POSTAL_CODE] => 
    [COUNTRY] => Россия
    [PROVINCE] => Свердловская обл
    [REGION] => 
    [CITY] => Екатеринбург г
    [ADDRESS_2] => 4
)

internalExecute:
Array
(
    [TYPE_ID] => 4
    [ENTITY_TYPE_ID] => 3
    [ENTITY_ID] => 236803
    [STREET] => Ольховская ул
    [BUILDING] => 1 д
    [POSTAL_CODE] => 
    [COUNTRY] => Россия
    [PROVINCE] => Свердловская обл
    [REGION] => 
    [CITY] => Екатеринбург г
    [ADDRESS_2] => 
)

internalExecute:
Array
(
    [TYPE_ID] => 4
    [ENTITY_TYPE_ID] => 3
    [ENTITY_ID] => 236803
    [STREET] => Ольховская ул
    [BUILDING] => 1 д
    [POSTAL_CODE] => 
    [COUNTRY] => Россия
    [PROVINCE] => Свердловская обл
    [REGION] => 
    [CITY] => Екатеринбург г
    [ADDRESS_2] => 
)

internalExecute:
Array
(
    [TYPE_ID] => 1
    [ENTITY_TYPE_ID] => 3
    [ENTITY_ID] => 236803
    [STREET] => Ольховская ул
    [BUILDING] => 1 д
    [POSTAL_CODE] => 
    [COUNTRY] => Россия
    [PROVINCE] => Свердловская обл
    [REGION] => 
    [CITY] => Екатеринбург г
    [ADDRESS_2] => 
)

internalExecute:
Array
(
    [TYPE_ID] => 1
    [ENTITY_TYPE_ID] => 3
    [ENTITY_ID] => 236803
    [STREET] => Ольховская ул
    [BUILDING] => 1 д
    [POSTAL_CODE] => 
    [COUNTRY] => Россия
    [PROVINCE] => Свердловская обл
    [REGION] => 
    [CITY] => Екатеринбург г
    [ADDRESS_2] => 
)

internalExecute:
Array
(
    [TYPE_ID] => 4
    [ENTITY_TYPE_ID] => 3
    [ENTITY_ID] => 236803
    [STREET] => Ольховская ул
    [BUILDING] => 1 д
    [POSTAL_CODE] => 
    [COUNTRY] => Россия
    [PROVINCE] => Свердловская обл
    [REGION] => 
    [CITY] => Екатеринбург г
    [ADDRESS_2] => 
)

internalExecute:
Array
(
    [TYPE_ID] => 4
    [ENTITY_TYPE_ID] => 3
    [ENTITY_ID] => 236803
    [STREET] => Ольховская ул
    [BUILDING] => 1 д
    [POSTAL_CODE] => 
    [COUNTRY] => Россия
    [PROVINCE] => Свердловская обл
    [REGION] => 
    [CITY] => Екатеринбург г
    [ADDRESS_2] => 
)

internalExecute:
Array
(
    [TYPE_ID] => 1
    [ENTITY_TYPE_ID] => 3
    [ENTITY_ID] => 236803
    [STREET] => Ольховская ул
    [BUILDING] => 1 д
    [POSTAL_CODE] => 
    [COUNTRY] => Россия
    [PROVINCE] => Свердловская обл
    [REGION] => 
    [CITY] => Екатеринбург г
    [ADDRESS_2] => 
)

internalExecute:
Array
(
    [TYPE_ID] => 1
    [ENTITY_TYPE_ID] => 3
    [ENTITY_ID] => 236803
    [STREET] => Ольховская ул
    [BUILDING] => 1 д
    [POSTAL_CODE] => 
    [COUNTRY] => Россия
    [PROVINCE] => Свердловская обл
    [REGION] => 
    [CITY] => Екатеринбург г
    [ADDRESS_2] => 
)

internalExecute:
Array
(
    [TYPE_ID] => 4
    [ENTITY_TYPE_ID] => 3
    [ENTITY_ID] => 236803
    [STREET] => Ольховская ул
    [BUILDING] => 1 д
    [POSTAL_CODE] => 
    [COUNTRY] => Россия
    [PROVINCE] => Свердловская обл
    [REGION] => 
    [CITY] => Екатеринбург г
    [ADDRESS_2] => 
)

internalExecute:
Array
(
    [TYPE_ID] => 4
    [ENTITY_TYPE_ID] => 3
    [ENTITY_ID] => 236803
    [STREET] => Ольховская ул
    [BUILDING] => 1 д
    [POSTAL_CODE] => 
    [COUNTRY] => Россия
    [PROVINCE] => Свердловская обл
    [REGION] => 
    [CITY] => Екатеринбург г
    [ADDRESS_2] => 
)

internalExecute:
Array
(
    [TYPE_ID] => 1
    [ENTITY_TYPE_ID] => 3
    [ENTITY_ID] => 236803
    [STREET] => Ольховская ул
    [BUILDING] => 1 д
    [POSTAL_CODE] => 
    [COUNTRY] => Россия
    [PROVINCE] => Свердловская обл
    [REGION] => 
    [CITY] => Екатеринбург г
    [ADDRESS_2] => 
)

internalExecute:
Array
(
    [TYPE_ID] => 1
    [ENTITY_TYPE_ID] => 3
    [ENTITY_ID] => 236803
    [STREET] => Ольховская ул
    [BUILDING] => 1 д
    [POSTAL_CODE] => 
    [COUNTRY] => Россия
    [PROVINCE] => Свердловская обл
    [REGION] => 
    [CITY] => Екатеринбург г
    [ADDRESS_2] => 
)

internalExecute:
Array
(
    [TYPE_ID] => 4
    [ENTITY_TYPE_ID] => 3
    [ENTITY_ID] => 247474
    [STREET] => Кабардинская
    [BUILDING] => 76
    [POSTAL_CODE] => 
    [COUNTRY] => Россия
    [PROVINCE] => Кабардино-Балкарская Республика
    [REGION] => 
    [CITY] => Нальчик
    [ADDRESS_2] => 7
)

internalExecute:
Array
(
    [TYPE_ID] => 4
    [ENTITY_TYPE_ID] => 3
    [ENTITY_ID] => 247474
    [STREET] => Кабардинская
    [BUILDING] => 76
    [POSTAL_CODE] => 
    [COUNTRY] => Россия
    [PROVINCE] => Кабардино-Балкарская Республика
    [REGION] => 
    [CITY] => Нальчик
    [ADDRESS_2] => 7
)

internalExecute:
Array
(
    [TYPE_ID] => 1
    [ENTITY_TYPE_ID] => 3
    [ENTITY_ID] => 247474
    [STREET] => Кабардинская
    [BUILDING] => 76
    [POSTAL_CODE] => 
    [COUNTRY] => Россия
    [PROVINCE] => Кабардино-Балкарская Республика
    [REGION] => 
    [CITY] => Нальчик
    [ADDRESS_2] => 7
)

internalExecute:
Array
(
    [TYPE_ID] => 1
    [ENTITY_TYPE_ID] => 3
    [ENTITY_ID] => 247474
    [STREET] => Кабардинская
    [BUILDING] => 76
    [POSTAL_CODE] => 
    [COUNTRY] => Россия
    [PROVINCE] => Кабардино-Балкарская Республика
    [REGION] => 
    [CITY] => Нальчик
    [ADDRESS_2] => 7
)

internalExecute:
Array
(
    [TYPE_ID] => 4
    [ENTITY_TYPE_ID] => 3
    [ENTITY_ID] => 247475
    [STREET] => Кабардинская 
    [BUILDING] => 76
    [POSTAL_CODE] => 
    [COUNTRY] => Россия
    [PROVINCE] => Кабардино-Балкарская Республика
    [REGION] => 
    [CITY] => Нальчик
    [ADDRESS_2] => 
)

internalExecute:
Array
(
    [TYPE_ID] => 4
    [ENTITY_TYPE_ID] => 3
    [ENTITY_ID] => 247475
    [STREET] => Кабардинская 
    [BUILDING] => 76
    [POSTAL_CODE] => 
    [COUNTRY] => Россия
    [PROVINCE] => Кабардино-Балкарская Республика
    [REGION] => 
    [CITY] => Нальчик
    [ADDRESS_2] => 
)

internalExecute:
Array
(
    [TYPE_ID] => 1
    [ENTITY_TYPE_ID] => 3
    [ENTITY_ID] => 247475
    [STREET] => Кабардинская 
    [BUILDING] => 76
    [POSTAL_CODE] => 
    [COUNTRY] => Россия
    [PROVINCE] => Кабардино-Балкарская Республика
    [REGION] => 
    [CITY] => Нальчик
    [ADDRESS_2] => 
)

internalExecute:
Array
(
    [TYPE_ID] => 1
    [ENTITY_TYPE_ID] => 3
    [ENTITY_ID] => 247475
    [STREET] => Кабардинская 
    [BUILDING] => 76
    [POSTAL_CODE] => 
    [COUNTRY] => Россия
    [PROVINCE] => Кабардино-Балкарская Республика
    [REGION] => 
    [CITY] => Нальчик
    [ADDRESS_2] => 
)

internalExecute:
Array
(
    [TYPE_ID] => 4
    [ENTITY_TYPE_ID] => 3
    [ENTITY_ID] => 247476
    [STREET] => Кабардинская
    [BUILDING] => 76
    [POSTAL_CODE] => 
    [COUNTRY] => Россия
    [PROVINCE] => Кабардино-Балкарская Республика
    [REGION] => 
    [CITY] => Нальчик
    [ADDRESS_2] => 15
)

internalExecute:
Array
(
    [TYPE_ID] => 4
    [ENTITY_TYPE_ID] => 3
    [ENTITY_ID] => 247476
    [STREET] => Кабардинская
    [BUILDING] => 76
    [POSTAL_CODE] => 
    [COUNTRY] => Россия
    [PROVINCE] => Кабардино-Балкарская Республика
    [REGION] => 
    [CITY] => Нальчик
    [ADDRESS_2] => 15
)

internalExecute:
Array
(
    [TYPE_ID] => 1
    [ENTITY_TYPE_ID] => 3
    [ENTITY_ID] => 247476
    [STREET] => Кабардинская
    [BUILDING] => 76
    [POSTAL_CODE] => 
    [COUNTRY] => Россия
    [PROVINCE] => Кабардино-Балкарская Республика
    [REGION] => 
    [CITY] => Нальчик
    [ADDRESS_2] => 15
)

internalExecute:
Array
(
    [TYPE_ID] => 1
    [ENTITY_TYPE_ID] => 3
    [ENTITY_ID] => 247476
    [STREET] => Кабардинская
    [BUILDING] => 76
    [POSTAL_CODE] => 
    [COUNTRY] => Россия
    [PROVINCE] => Кабардино-Балкарская Республика
    [REGION] => 
    [CITY] => Нальчик
    [ADDRESS_2] => 15
)

internalExecute:
Array
(
    [TYPE_ID] => 4
    [ENTITY_TYPE_ID] => 3
    [ENTITY_ID] => 247477
    [STREET] => Чайковского 
    [BUILDING] => 30
    [POSTAL_CODE] => 
    [COUNTRY] => Россия
    [PROVINCE] => Кабардино-Балкарская Республика
    [REGION] => 
    [CITY] => Нальчик
    [ADDRESS_2] => 14
)

internalExecute:
Array
(
    [TYPE_ID] => 4
    [ENTITY_TYPE_ID] => 3
    [ENTITY_ID] => 247477
    [STREET] => Чайковского 
    [BUILDING] => 30
    [POSTAL_CODE] => 
    [COUNTRY] => Россия
    [PROVINCE] => Кабардино-Балкарская Республика
    [REGION] => 
    [CITY] => Нальчик
    [ADDRESS_2] => 14
)

internalExecute:
Array
(
    [TYPE_ID] => 1
    [ENTITY_TYPE_ID] => 3
    [ENTITY_ID] => 247477
    [STREET] => Чайковского 
    [BUILDING] => 30
    [POSTAL_CODE] => 
    [COUNTRY] => Россия
    [PROVINCE] => Кабардино-Балкарская Республика
    [REGION] => 
    [CITY] => Нальчик
    [ADDRESS_2] => 14
)

internalExecute:
Array
(
    [TYPE_ID] => 1
    [ENTITY_TYPE_ID] => 3
    [ENTITY_ID] => 247477
    [STREET] => Чайковского 
    [BUILDING] => 30
    [POSTAL_CODE] => 
    [COUNTRY] => Россия
    [PROVINCE] => Кабардино-Балкарская Республика
    [REGION] => 
    [CITY] => Нальчик
    [ADDRESS_2] => 14
)

internalExecute:
Array
(
    [TYPE_ID] => 4
    [ENTITY_TYPE_ID] => 3
    [ENTITY_ID] => 247548
    [STREET] => Шевченко
    [BUILDING] => 108
    [POSTAL_CODE] => 667000
    [COUNTRY] => Россия
    [PROVINCE] => Республика Тыва
    [REGION] => 
    [CITY] => г. Кызыл
    [ADDRESS_2] => 
)

internalExecute:
Array
(
    [TYPE_ID] => 4
    [ENTITY_TYPE_ID] => 3
    [ENTITY_ID] => 247548
    [STREET] => Шевченко
    [BUILDING] => 108
    [POSTAL_CODE] => 667000
    [COUNTRY] => Россия
    [PROVINCE] => Республика Тыва
    [REGION] => 
    [CITY] => г. Кызыл
    [ADDRESS_2] => 
)

internalExecute:
Array
(
    [TYPE_ID] => 1
    [ENTITY_TYPE_ID] => 3
    [ENTITY_ID] => 247548
    [STREET] => Шевченко
    [BUILDING] => 108
    [POSTAL_CODE] => 667000
    [COUNTRY] => Россия
    [PROVINCE] => Республика Тыва
    [REGION] => 
    [CITY] => г. Кызыл
    [ADDRESS_2] => 
)

internalExecute:
Array
(
    [TYPE_ID] => 1
    [ENTITY_TYPE_ID] => 3
    [ENTITY_ID] => 247548
    [STREET] => Шевченко
    [BUILDING] => 108
    [POSTAL_CODE] => 667000
    [COUNTRY] => Россия
    [PROVINCE] => Республика Тыва
    [REGION] => 
    [CITY] => г. Кызыл
    [ADDRESS_2] => 
)

internalExecute:
Array
(
    [TYPE_ID] => 4
    [ENTITY_TYPE_ID] => 3
    [ENTITY_ID] => 247554
    [STREET] => Пятницкое Шоссе
    [BUILDING] => 15
    [POSTAL_CODE] => 
    [COUNTRY] => Россия
    [PROVINCE] => город Москва
    [REGION] => Митино
    [CITY] => Москва
    [ADDRESS_2] => 65
)

internalExecute:
Array
(
    [TYPE_ID] => 4
    [ENTITY_TYPE_ID] => 3
    [ENTITY_ID] => 247554
    [STREET] => Пятницкое Шоссе
    [BUILDING] => 15
    [POSTAL_CODE] => 
    [COUNTRY] => Россия
    [PROVINCE] => город Москва
    [REGION] => Митино
    [CITY] => Москва
    [ADDRESS_2] => 65
)

internalExecute:
Array
(
    [TYPE_ID] => 1
    [ENTITY_TYPE_ID] => 3
    [ENTITY_ID] => 247554
    [STREET] => Пятницкое Шоссе
    [BUILDING] => 15
    [POSTAL_CODE] => 
    [COUNTRY] => Россия
    [PROVINCE] => город Москва
    [REGION] => Митино
    [CITY] => Москва
    [ADDRESS_2] => 65
)

internalExecute:
Array
(
    [TYPE_ID] => 1
    [ENTITY_TYPE_ID] => 3
    [ENTITY_ID] => 247554
    [STREET] => Пятницкое Шоссе
    [BUILDING] => 15
    [POSTAL_CODE] => 
    [COUNTRY] => Россия
    [PROVINCE] => город Москва
    [REGION] => Митино
    [CITY] => Москва
    [ADDRESS_2] => 65
)

internalExecute:
Array
(
    [TYPE_ID] => 4
    [ENTITY_TYPE_ID] => 3
    [ENTITY_ID] => 247555
    [STREET] => нет
    [BUILDING] => нет
    [POSTAL_CODE] => 368420
    [COUNTRY] => Россия
    [PROVINCE] => Республика Дагестан
    [REGION] => Тляратинский район
    [CITY] => с.Укал
    [ADDRESS_2] => нет
)

internalExecute:
Array
(
    [TYPE_ID] => 4
    [ENTITY_TYPE_ID] => 3
    [ENTITY_ID] => 247555
    [STREET] => нет
    [BUILDING] => нет
    [POSTAL_CODE] => 368420
    [COUNTRY] => Россия
    [PROVINCE] => Республика Дагестан
    [REGION] => Тляратинский район
    [CITY] => с.Укал
    [ADDRESS_2] => нет
)

internalExecute:
Array
(
    [TYPE_ID] => 4
    [ENTITY_TYPE_ID] => 3
    [ENTITY_ID] => 247558
    [STREET] => нет
    [BUILDING] => нет
    [POSTAL_CODE] => 442680
    [COUNTRY] => Россия
    [PROVINCE] => г Никольский 
    [REGION] => Дзерказганская область
    [CITY] => г Никольский
    [ADDRESS_2] => нет
)

internalExecute:
Array
(
    [TYPE_ID] => 4
    [ENTITY_TYPE_ID] => 3
    [ENTITY_ID] => 247558
    [STREET] => нет
    [BUILDING] => нет
    [POSTAL_CODE] => 442680
    [COUNTRY] => Россия
    [PROVINCE] => г Никольский 
    [REGION] => Дзерказганская область
    [CITY] => г Никольский
    [ADDRESS_2] => нет
)

internalExecute:
Array
(
    [TYPE_ID] => 4
    [ENTITY_TYPE_ID] => 3
    [ENTITY_ID] => 247592
    [STREET] => Чедер
    [BUILDING] => 12
    [POSTAL_CODE] => 667905
    [COUNTRY] => Россия
    [PROVINCE] => Республика Тыва
    [REGION] => Кызылский район
    [CITY] => с. Целинное
    [ADDRESS_2] => 
)

internalExecute:
Array
(
    [TYPE_ID] => 4
    [ENTITY_TYPE_ID] => 3
    [ENTITY_ID] => 247592
    [STREET] => Чедер
    [BUILDING] => 12
    [POSTAL_CODE] => 667905
    [COUNTRY] => Россия
    [PROVINCE] => Республика Тыва
    [REGION] => Кызылский район
    [CITY] => с. Целинное
    [ADDRESS_2] => 
)

internalExecute:
Array
(
    [TYPE_ID] => 1
    [ENTITY_TYPE_ID] => 3
    [ENTITY_ID] => 247592
    [STREET] => Чедер
    [BUILDING] => 12
    [POSTAL_CODE] => 667905
    [COUNTRY] => Россия
    [PROVINCE] => Республика Тыва
    [REGION] => Кызылский район
    [CITY] => с. Целинное
    [ADDRESS_2] => 
)

internalExecute:
Array
(
    [TYPE_ID] => 1
    [ENTITY_TYPE_ID] => 3
    [ENTITY_ID] => 247592
    [STREET] => Чедер
    [BUILDING] => 12
    [POSTAL_CODE] => 667905
    [COUNTRY] => Россия
    [PROVINCE] => Республика Тыва
    [REGION] => Кызылский район
    [CITY] => с. Целинное
    [ADDRESS_2] => 
)

internalExecute:
Array
(
    [TYPE_ID] => 4
    [ENTITY_TYPE_ID] => 3
    [ENTITY_ID] => 247593
    [STREET] => Чедер
    [BUILDING] => 12
    [POSTAL_CODE] => 667905
    [COUNTRY] => Россия
    [PROVINCE] => Республика Тыва
    [REGION] => Кызылский район
    [CITY] => с. Целинное
    [ADDRESS_2] => 
)

internalExecute:
Array
(
    [TYPE_ID] => 4
    [ENTITY_TYPE_ID] => 3
    [ENTITY_ID] => 247593
    [STREET] => Чедер
    [BUILDING] => 12
    [POSTAL_CODE] => 667905
    [COUNTRY] => Россия
    [PROVINCE] => Республика Тыва
    [REGION] => Кызылский район
    [CITY] => с. Целинное
    [ADDRESS_2] => 
)

internalExecute:
Array
(
    [TYPE_ID] => 1
    [ENTITY_TYPE_ID] => 3
    [ENTITY_ID] => 247593
    [STREET] => Чедер
    [BUILDING] => 12
    [POSTAL_CODE] => 667905
    [COUNTRY] => Россия
    [PROVINCE] => Республика Тыва
    [REGION] => Кызылский район
    [CITY] => с. Целинное
    [ADDRESS_2] => 
)

internalExecute:
Array
(
    [TYPE_ID] => 1
    [ENTITY_TYPE_ID] => 3
    [ENTITY_ID] => 247593
    [STREET] => Чедер
    [BUILDING] => 12
    [POSTAL_CODE] => 667905
    [COUNTRY] => Россия
    [PROVINCE] => Республика Тыва
    [REGION] => Кызылский район
    [CITY] => с. Целинное
    [ADDRESS_2] => 
)

internalExecute:
Array
(
    [TYPE_ID] => 4
    [ENTITY_TYPE_ID] => 3
    [ENTITY_ID] => 247594
    [STREET] => Садовая
    [BUILDING] => 28
    [POSTAL_CODE] => 667905
    [COUNTRY] => Россия
    [PROVINCE] => Республика Тыва
    [REGION] => Тандинский район 
    [CITY] => с. Бай-Хаак
    [ADDRESS_2] => 1
)

internalExecute:
Array
(
    [TYPE_ID] => 4
    [ENTITY_TYPE_ID] => 3
    [ENTITY_ID] => 247594
    [STREET] => Садовая
    [BUILDING] => 28
    [POSTAL_CODE] => 667905
    [COUNTRY] => Россия
    [PROVINCE] => Республика Тыва
    [REGION] => Тандинский район 
    [CITY] => с. Бай-Хаак
    [ADDRESS_2] => 1
)

internalExecute:
Array
(
    [TYPE_ID] => 4
    [ENTITY_TYPE_ID] => 3
    [ENTITY_ID] => 247595
    [STREET] => Подстанция 
    [BUILDING] => 3
    [POSTAL_CODE] => 667905
    [COUNTRY] => Россия
    [PROVINCE] => Республика Тыва
    [REGION] => Кызылский район
    [CITY] => с. Целинное
    [ADDRESS_2] => 1
)

internalExecute:
Array
(
    [TYPE_ID] => 4
    [ENTITY_TYPE_ID] => 3
    [ENTITY_ID] => 247595
    [STREET] => Подстанция 
    [BUILDING] => 3
    [POSTAL_CODE] => 667905
    [COUNTRY] => Россия
    [PROVINCE] => Республика Тыва
    [REGION] => Кызылский район
    [CITY] => с. Целинное
    [ADDRESS_2] => 1
)

internalExecute:
Array
(
    [TYPE_ID] => 4
    [ENTITY_TYPE_ID] => 3
    [ENTITY_ID] => 247596
    [STREET] => Титова
    [BUILDING] => 6
    [POSTAL_CODE] => 668380
    [COUNTRY] => Россия
    [PROVINCE] => Республика Тыва
    [REGION] => Эрзинский район
    [CITY] => с. Эрзин
    [ADDRESS_2] => 6
)

internalExecute:
Array
(
    [TYPE_ID] => 4
    [ENTITY_TYPE_ID] => 3
    [ENTITY_ID] => 247596
    [STREET] => Титова
    [BUILDING] => 6
    [POSTAL_CODE] => 668380
    [COUNTRY] => Россия
    [PROVINCE] => Республика Тыва
    [REGION] => Эрзинский район
    [CITY] => с. Эрзин
    [ADDRESS_2] => 6
)

internalExecute:
Array
(
    [TYPE_ID] => 1
    [ENTITY_TYPE_ID] => 3
    [ENTITY_ID] => 247596
    [STREET] => Титова
    [BUILDING] => 6
    [POSTAL_CODE] => 668380
    [COUNTRY] => Россия
    [PROVINCE] => Республика Тыва
    [REGION] => Эрзинский район
    [CITY] => с. Эрзин
    [ADDRESS_2] => 6
)

internalExecute:
Array
(
    [TYPE_ID] => 1
    [ENTITY_TYPE_ID] => 3
    [ENTITY_ID] => 247596
    [STREET] => Титова
    [BUILDING] => 6
    [POSTAL_CODE] => 668380
    [COUNTRY] => Россия
    [PROVINCE] => Республика Тыва
    [REGION] => Эрзинский район
    [CITY] => с. Эрзин
    [ADDRESS_2] => 6
)

internalExecute:
Array
(
    [TYPE_ID] => 4
    [ENTITY_TYPE_ID] => 3
    [ENTITY_ID] => 247597
    [STREET] => Пушкина
    [BUILDING] => 47
    [POSTAL_CODE] => 668380
    [COUNTRY] => Россия
    [PROVINCE] => Республика Тыва
    [REGION] => Эрзинский район
    [CITY] => с. Эрзин
    [ADDRESS_2] => 1
)

internalExecute:
Array
(
    [TYPE_ID] => 4
    [ENTITY_TYPE_ID] => 3
    [ENTITY_ID] => 247597
    [STREET] => Пушкина
    [BUILDING] => 47
    [POSTAL_CODE] => 668380
    [COUNTRY] => Россия
    [PROVINCE] => Республика Тыва
    [REGION] => Эрзинский район
    [CITY] => с. Эрзин
    [ADDRESS_2] => 1
)

internalExecute:
Array
(
    [TYPE_ID] => 4
    [ENTITY_TYPE_ID] => 3
    [ENTITY_ID] => 247598
    [STREET] => Пушкина
    [BUILDING] => 47
    [POSTAL_CODE] => 668380
    [COUNTRY] => Россия
    [PROVINCE] => Республика Тыва
    [REGION] => Эрзинский район
    [CITY] => с. Эрзин 
    [ADDRESS_2] => 1
)

internalExecute:
Array
(
    [TYPE_ID] => 4
    [ENTITY_TYPE_ID] => 3
    [ENTITY_ID] => 247598
    [STREET] => Пушкина
    [BUILDING] => 47
    [POSTAL_CODE] => 668380
    [COUNTRY] => Россия
    [PROVINCE] => Республика Тыва
    [REGION] => Эрзинский район
    [CITY] => с. Эрзин 
    [ADDRESS_2] => 1
)

internalExecute:
Array
(
    [TYPE_ID] => 4
    [ENTITY_TYPE_ID] => 3
    [ENTITY_ID] => 247530
    [STREET] => Химиков б-р
    [BUILDING] => 10/3 д
    [POSTAL_CODE] => 652523
    [COUNTRY] => Россия
    [PROVINCE] => Кемеровская область - Кузбасс обл
    [REGION] => 
    [CITY] => Ленинск-Кузнецкий г
    [ADDRESS_2] => 16
)

internalExecute:
Array
(
    [TYPE_ID] => 4
    [ENTITY_TYPE_ID] => 3
    [ENTITY_ID] => 247530
    [STREET] => Химиков б-р
    [BUILDING] => 10/3 д
    [POSTAL_CODE] => 652523
    [COUNTRY] => Россия
    [PROVINCE] => Кемеровская область - Кузбасс обл
    [REGION] => 
    [CITY] => Ленинск-Кузнецкий г
    [ADDRESS_2] => 16
)

internalExecute:
Array
(
    [TYPE_ID] => 1
    [ENTITY_TYPE_ID] => 3
    [ENTITY_ID] => 247530
    [STREET] => Химиков б-р
    [BUILDING] => 10/3 д
    [POSTAL_CODE] => 652523
    [COUNTRY] => Россия
    [PROVINCE] => Кемеровская область - Кузбасс обл
    [REGION] => 
    [CITY] => Ленинск-Кузнецкий г
    [ADDRESS_2] => 16
)

internalExecute:
Array
(
    [TYPE_ID] => 1
    [ENTITY_TYPE_ID] => 3
    [ENTITY_ID] => 247530
    [STREET] => Химиков б-р
    [BUILDING] => 10/3 д
    [POSTAL_CODE] => 652523
    [COUNTRY] => Россия
    [PROVINCE] => Кемеровская область - Кузбасс обл
    [REGION] => 
    [CITY] => Ленинск-Кузнецкий г
    [ADDRESS_2] => 16
)

internalExecute:
Array
(
    [TYPE_ID] => 4
    [ENTITY_TYPE_ID] => 3
    [ENTITY_ID] => 247656
    [STREET] => М. Доргун
    [BUILDING] => 1
    [POSTAL_CODE] => 668365
    [COUNTRY] => Россия
    [PROVINCE] => Республика Тыва
    [REGION] => Тес-Хемский район
    [CITY] => с. О-Шынаа
    [ADDRESS_2] => 
)

internalExecute:
Array
(
    [TYPE_ID] => 4
    [ENTITY_TYPE_ID] => 3
    [ENTITY_ID] => 247656
    [STREET] => М. Доргун
    [BUILDING] => 1
    [POSTAL_CODE] => 668365
    [COUNTRY] => Россия
    [PROVINCE] => Республика Тыва
    [REGION] => Тес-Хемский район
    [CITY] => с. О-Шынаа
    [ADDRESS_2] => 
)

internalExecute:
Array
(
    [TYPE_ID] => 1
    [ENTITY_TYPE_ID] => 3
    [ENTITY_ID] => 247656
    [STREET] => 
    [BUILDING] => 
    [POSTAL_CODE] => 
    [COUNTRY] => Россия
    [PROVINCE] => 
    [REGION] => 
    [CITY] => 
    [ADDRESS_2] => 
)

internalExecute:
Array
(
    [TYPE_ID] => 1
    [ENTITY_TYPE_ID] => 3
    [ENTITY_ID] => 247656
    [STREET] => 
    [BUILDING] => 
    [POSTAL_CODE] => 
    [COUNTRY] => Россия
    [PROVINCE] => 
    [REGION] => 
    [CITY] => 
    [ADDRESS_2] => 
)

internalExecute:
Array
(
    [TYPE_ID] => 4
    [ENTITY_TYPE_ID] => 3
    [ENTITY_ID] => 247674
    [STREET] => шоссе Московское
    [BUILDING] => 53
    [POSTAL_CODE] => 
    [COUNTRY] => Россия
    [PROVINCE] => Московская область
    [REGION] => 
    [CITY] => город Серпухов
    [ADDRESS_2] => 199
)

internalExecute:
Array
(
    [TYPE_ID] => 4
    [ENTITY_TYPE_ID] => 3
    [ENTITY_ID] => 247674
    [STREET] => шоссе Московское
    [BUILDING] => 53
    [POSTAL_CODE] => 
    [COUNTRY] => Россия
    [PROVINCE] => Московская область
    [REGION] => 
    [CITY] => город Серпухов
    [ADDRESS_2] => 199
)

internalExecute:
Array
(
    [TYPE_ID] => 1
    [ENTITY_TYPE_ID] => 3
    [ENTITY_ID] => 247674
    [STREET] => шоссе Московское
    [BUILDING] => 53
    [POSTAL_CODE] => 
    [COUNTRY] => Россия
    [PROVINCE] => Московская область
    [REGION] => 
    [CITY] => город Серпухов
    [ADDRESS_2] => 199
)

internalExecute:
Array
(
    [TYPE_ID] => 1
    [ENTITY_TYPE_ID] => 3
    [ENTITY_ID] => 247674
    [STREET] => шоссе Московское
    [BUILDING] => 53
    [POSTAL_CODE] => 
    [COUNTRY] => Россия
    [PROVINCE] => Московская область
    [REGION] => 
    [CITY] => город Серпухов
    [ADDRESS_2] => 199
)

internalExecute:
Array
(
    [TYPE_ID] => 4
    [ENTITY_TYPE_ID] => 3
    [ENTITY_ID] => 247675
    [STREET] => Заречная
    [BUILDING] => 17
    [POSTAL_CODE] => 302000
    [COUNTRY] => Россия
    [PROVINCE] => Орловская область
    [REGION] => Хотынецкий р-н
    [CITY] => п. Звезда
    [ADDRESS_2] => 
)

internalExecute:
Array
(
    [TYPE_ID] => 4
    [ENTITY_TYPE_ID] => 3
    [ENTITY_ID] => 247675
    [STREET] => Заречная
    [BUILDING] => 17
    [POSTAL_CODE] => 302000
    [COUNTRY] => Россия
    [PROVINCE] => Орловская область
    [REGION] => Хотынецкий р-н
    [CITY] => п. Звезда
    [ADDRESS_2] => 
)

internalExecute:
Array
(
    [TYPE_ID] => 4
    [ENTITY_TYPE_ID] => 3
    [ENTITY_ID] => 247677
    [STREET] => ул Кооперативная
    [BUILDING] => 13
    [POSTAL_CODE] => 
    [COUNTRY] => Россия
    [PROVINCE] => Карачаево-Черкесская Республика
    [REGION] => Прикубанский
    [CITY] => с Николаевское
    [ADDRESS_2] => 
)

internalExecute:
Array
(
    [TYPE_ID] => 4
    [ENTITY_TYPE_ID] => 3
    [ENTITY_ID] => 247677
    [STREET] => ул Кооперативная
    [BUILDING] => 13
    [POSTAL_CODE] => 
    [COUNTRY] => Россия
    [PROVINCE] => Карачаево-Черкесская Республика
    [REGION] => Прикубанский
    [CITY] => с Николаевское
    [ADDRESS_2] => 
)

internalExecute:
Array
(
    [TYPE_ID] => 1
    [ENTITY_TYPE_ID] => 3
    [ENTITY_ID] => 247677
    [STREET] => ул Кооперативная
    [BUILDING] => 13
    [POSTAL_CODE] => 
    [COUNTRY] => Россия
    [PROVINCE] => Карачаево-Черкесская Республика
    [REGION] => Прикубанский
    [CITY] => с Николаевское
    [ADDRESS_2] => 
)

internalExecute:
Array
(
    [TYPE_ID] => 1
    [ENTITY_TYPE_ID] => 3
    [ENTITY_ID] => 247677
    [STREET] => ул Кооперативная
    [BUILDING] => 13
    [POSTAL_CODE] => 
    [COUNTRY] => Россия
    [PROVINCE] => Карачаево-Черкесская Республика
    [REGION] => Прикубанский
    [CITY] => с Николаевское
    [ADDRESS_2] => 
)

internalExecute:
Array
(
    [TYPE_ID] => 4
    [ENTITY_TYPE_ID] => 3
    [ENTITY_ID] => 247678
    [STREET] => ул Кооперативная
    [BUILDING] => 13
    [POSTAL_CODE] => 
    [COUNTRY] => Россия
    [PROVINCE] => КЧР
    [REGION] => Прикубанский
    [CITY] => с Николаевское
    [ADDRESS_2] => 
)

internalExecute:
Array
(
    [TYPE_ID] => 4
    [ENTITY_TYPE_ID] => 3
    [ENTITY_ID] => 247678
    [STREET] => ул Кооперативная
    [BUILDING] => 13
    [POSTAL_CODE] => 
    [COUNTRY] => Россия
    [PROVINCE] => КЧР
    [REGION] => Прикубанский
    [CITY] => с Николаевское
    [ADDRESS_2] => 
)

internalExecute:
Array
(
    [TYPE_ID] => 1
    [ENTITY_TYPE_ID] => 3
    [ENTITY_ID] => 247678
    [STREET] => ул Кооперативная
    [BUILDING] => 13
    [POSTAL_CODE] => 
    [COUNTRY] => Россия
    [PROVINCE] => КЧР
    [REGION] => Прикубанский
    [CITY] => с Николаевское
    [ADDRESS_2] => 
)

internalExecute:
Array
(
    [TYPE_ID] => 1
    [ENTITY_TYPE_ID] => 3
    [ENTITY_ID] => 247678
    [STREET] => ул Кооперативная
    [BUILDING] => 13
    [POSTAL_CODE] => 
    [COUNTRY] => Россия
    [PROVINCE] => КЧР
    [REGION] => Прикубанский
    [CITY] => с Николаевское
    [ADDRESS_2] => 
)

internalExecute:
Array
(
    [TYPE_ID] => 4
    [ENTITY_TYPE_ID] => 3
    [ENTITY_ID] => 247457
    [STREET] => Молодёжная ул
    [BUILDING] => 78 д
    [POSTAL_CODE] => 357808
    [COUNTRY] => Россия
    [PROVINCE] => Ставропольский край
    [REGION] => Георгиевский р-н
    [CITY] => ст. Незлобная
    [ADDRESS_2] => 
)

internalExecute:
Array
(
    [TYPE_ID] => 4
    [ENTITY_TYPE_ID] => 3
    [ENTITY_ID] => 247457
    [STREET] => Молодёжная ул
    [BUILDING] => 78 д
    [POSTAL_CODE] => 357808
    [COUNTRY] => Россия
    [PROVINCE] => Ставропольский край
    [REGION] => Георгиевский р-н
    [CITY] => ст. Незлобная
    [ADDRESS_2] => 
)

internalExecute:
Array
(
    [TYPE_ID] => 1
    [ENTITY_TYPE_ID] => 3
    [ENTITY_ID] => 247457
    [STREET] => Молодёжная ул
    [BUILDING] => 78 д
    [POSTAL_CODE] => 357808
    [COUNTRY] => Россия
    [PROVINCE] => Ставропольский край
    [REGION] => Георгиевский р-н
    [CITY] => ст. Незлобная
    [ADDRESS_2] => 
)

internalExecute:
Array
(
    [TYPE_ID] => 1
    [ENTITY_TYPE_ID] => 3
    [ENTITY_ID] => 247457
    [STREET] => Молодёжная ул
    [BUILDING] => 78 д
    [POSTAL_CODE] => 357808
    [COUNTRY] => Россия
    [PROVINCE] => Ставропольский край
    [REGION] => Георгиевский р-н
    [CITY] => ст. Незлобная
    [ADDRESS_2] => 
)

internalExecute:
Array
(
    [TYPE_ID] => 4
    [ENTITY_TYPE_ID] => 3
    [ENTITY_ID] => 133689
    [STREET] => Набережная ул
    [BUILDING] => 3
    [POSTAL_CODE] => 357748
    [COUNTRY] => Россия
    [PROVINCE] => Ставропольский край 
    [REGION] => 
    [CITY] => Кисловодск г
    [ADDRESS_2] => 30
)

internalExecute:
Array
(
    [TYPE_ID] => 4
    [ENTITY_TYPE_ID] => 3
    [ENTITY_ID] => 133689
    [STREET] => Набережная ул
    [BUILDING] => 3
    [POSTAL_CODE] => 357748
    [COUNTRY] => Россия
    [PROVINCE] => Ставропольский край 
    [REGION] => 
    [CITY] => Кисловодск г
    [ADDRESS_2] => 30
)

internalExecute:
Array
(
    [TYPE_ID] => 1
    [ENTITY_TYPE_ID] => 3
    [ENTITY_ID] => 133689
    [STREET] => Набережная ул
    [BUILDING] => 3
    [POSTAL_CODE] => 357748
    [COUNTRY] => Россия
    [PROVINCE] => Ставропольский край 
    [REGION] => 
    [CITY] => Кисловодск г
    [ADDRESS_2] => 30
)

internalExecute:
Array
(
    [TYPE_ID] => 1
    [ENTITY_TYPE_ID] => 3
    [ENTITY_ID] => 133689
    [STREET] => Набережная ул
    [BUILDING] => 3
    [POSTAL_CODE] => 357748
    [COUNTRY] => Россия
    [PROVINCE] => Ставропольский край 
    [REGION] => 
    [CITY] => Кисловодск г
    [ADDRESS_2] => 30
)

internalExecute:
Array
(
    [TYPE_ID] => 4
    [ENTITY_TYPE_ID] => 3
    [ENTITY_ID] => 247708
    [STREET] => Ленина
    [BUILDING] => 20
    [POSTAL_CODE] => 668130
    [COUNTRY] => Россия
    [PROVINCE] => Республика Тыва
    [REGION] => Овюрский
    [CITY] => с. Хандагайты
    [ADDRESS_2] => 2
)

internalExecute:
Array
(
    [TYPE_ID] => 4
    [ENTITY_TYPE_ID] => 3
    [ENTITY_ID] => 247708
    [STREET] => Ленина
    [BUILDING] => 20
    [POSTAL_CODE] => 668130
    [COUNTRY] => Россия
    [PROVINCE] => Республика Тыва
    [REGION] => Овюрский
    [CITY] => с. Хандагайты
    [ADDRESS_2] => 2
)

internalExecute:
Array
(
    [TYPE_ID] => 1
    [ENTITY_TYPE_ID] => 3
    [ENTITY_ID] => 247708
    [STREET] => Кошкар-оол 
    [BUILDING] => 38
    [POSTAL_CODE] => 668020
    [COUNTRY] => Россия
    [PROVINCE] => Республика Тыва
    [REGION] => Монгун-Тайгинский
    [CITY] => с. Мугур-Аксы
    [ADDRESS_2] => 
)

internalExecute:
Array
(
    [TYPE_ID] => 1
    [ENTITY_TYPE_ID] => 3
    [ENTITY_ID] => 247708
    [STREET] => Кошкар-оол 
    [BUILDING] => 38
    [POSTAL_CODE] => 668020
    [COUNTRY] => Россия
    [PROVINCE] => Республика Тыва
    [REGION] => Монгун-Тайгинский
    [CITY] => с. Мугур-Аксы
    [ADDRESS_2] => 
)

internalExecute:
Array
(
    [TYPE_ID] => 4
    [ENTITY_TYPE_ID] => 3
    [ENTITY_ID] => 247709
    [STREET] => Калинина
    [BUILDING] => 5/1
    [POSTAL_CODE] => 668020
    [COUNTRY] => Россия
    [PROVINCE] => Республика Тыва
    [REGION] => 
    [CITY] => г. Кызыл
    [ADDRESS_2] => 11
)

internalExecute:
Array
(
    [TYPE_ID] => 4
    [ENTITY_TYPE_ID] => 3
    [ENTITY_ID] => 247709
    [STREET] => Калинина
    [BUILDING] => 5/1
    [POSTAL_CODE] => 668020
    [COUNTRY] => Россия
    [PROVINCE] => Республика Тыва
    [REGION] => 
    [CITY] => г. Кызыл
    [ADDRESS_2] => 11
)

internalExecute:
Array
(
    [TYPE_ID] => 1
    [ENTITY_TYPE_ID] => 3
    [ENTITY_ID] => 247709
    [STREET] => Калинина
    [BUILDING] => 5/1
    [POSTAL_CODE] => 668020
    [COUNTRY] => Россия
    [PROVINCE] => Республика Тыва
    [REGION] => 
    [CITY] => г. Кызыл
    [ADDRESS_2] => 11
)

internalExecute:
Array
(
    [TYPE_ID] => 1
    [ENTITY_TYPE_ID] => 3
    [ENTITY_ID] => 247709
    [STREET] => Калинина
    [BUILDING] => 5/1
    [POSTAL_CODE] => 668020
    [COUNTRY] => Россия
    [PROVINCE] => Республика Тыва
    [REGION] => 
    [CITY] => г. Кызыл
    [ADDRESS_2] => 11
)

internalExecute:
Array
(
    [TYPE_ID] => 4
    [ENTITY_TYPE_ID] => 3
    [ENTITY_ID] => 247710
    [STREET] => Бай-Хаакская
    [BUILDING] => 2
    [POSTAL_CODE] => 667000
    [COUNTRY] => Россия
    [PROVINCE] => Республика Тыва
    [REGION] => 
    [CITY] => г. Кызыл
    [ADDRESS_2] => 97
)

internalExecute:
Array
(
    [TYPE_ID] => 4
    [ENTITY_TYPE_ID] => 3
    [ENTITY_ID] => 247710
    [STREET] => Бай-Хаакская
    [BUILDING] => 2
    [POSTAL_CODE] => 667000
    [COUNTRY] => Россия
    [PROVINCE] => Республика Тыва
    [REGION] => 
    [CITY] => г. Кызыл
    [ADDRESS_2] => 97
)

internalExecute:
Array
(
    [TYPE_ID] => 4
    [ENTITY_TYPE_ID] => 3
    [ENTITY_ID] => 247711
    [STREET] => Бай-Хаакская
    [BUILDING] => 2
    [POSTAL_CODE] => 667000
    [COUNTRY] => Россия
    [PROVINCE] => Республика Тыва
    [REGION] => 
    [CITY] => г. Кызыл
    [ADDRESS_2] => 97
)

internalExecute:
Array
(
    [TYPE_ID] => 4
    [ENTITY_TYPE_ID] => 3
    [ENTITY_ID] => 247711
    [STREET] => Бай-Хаакская
    [BUILDING] => 2
    [POSTAL_CODE] => 667000
    [COUNTRY] => Россия
    [PROVINCE] => Республика Тыва
    [REGION] => 
    [CITY] => г. Кызыл
    [ADDRESS_2] => 97
)

internalExecute:
Array
(
    [TYPE_ID] => 4
    [ENTITY_TYPE_ID] => 3
    [ENTITY_ID] => 247764
    [STREET] => Олимпийская
    [BUILDING] => 4
    [POSTAL_CODE] => 652840
    [COUNTRY] => Россия
    [PROVINCE] => Кемеровская область
    [REGION] => 
    [CITY] => гор. Мыски
    [ADDRESS_2] => 38
)

internalExecute:
Array
(
    [TYPE_ID] => 4
    [ENTITY_TYPE_ID] => 3
    [ENTITY_ID] => 247764
    [STREET] => Олимпийская
    [BUILDING] => 4
    [POSTAL_CODE] => 652840
    [COUNTRY] => Россия
    [PROVINCE] => Кемеровская область
    [REGION] => 
    [CITY] => гор. Мыски
    [ADDRESS_2] => 38
)

internalExecute:
Array
(
    [TYPE_ID] => 1
    [ENTITY_TYPE_ID] => 3
    [ENTITY_ID] => 247764
    [STREET] => Томусинская
    [BUILDING] => 18
    [POSTAL_CODE] => 652840
    [COUNTRY] => Россия
    [PROVINCE] => Кемеровская область
    [REGION] => 
    [CITY] => гор. Мыски
    [ADDRESS_2] => 
)

internalExecute:
Array
(
    [TYPE_ID] => 1
    [ENTITY_TYPE_ID] => 3
    [ENTITY_ID] => 247764
    [STREET] => Томусинская
    [BUILDING] => 18
    [POSTAL_CODE] => 652840
    [COUNTRY] => Россия
    [PROVINCE] => Кемеровская область
    [REGION] => 
    [CITY] => гор. Мыски
    [ADDRESS_2] => 
)

internalExecute:
Array
(
    [TYPE_ID] => 4
    [ENTITY_TYPE_ID] => 3
    [ENTITY_ID] => 247765
    [STREET] => 3 пер. Первогорный
    [BUILDING] => 17
    [POSTAL_CODE] => 652810
    [COUNTRY] => Россия
    [PROVINCE] => Кемеровская область
    [REGION] => 
    [CITY] => гор. Осинники
    [ADDRESS_2] => 
)

internalExecute:
Array
(
    [TYPE_ID] => 4
    [ENTITY_TYPE_ID] => 3
    [ENTITY_ID] => 247765
    [STREET] => 3 пер. Первогорный
    [BUILDING] => 17
    [POSTAL_CODE] => 652810
    [COUNTRY] => Россия
    [PROVINCE] => Кемеровская область
    [REGION] => 
    [CITY] => гор. Осинники
    [ADDRESS_2] => 
)

internalExecute:
Array
(
    [TYPE_ID] => 4
    [ENTITY_TYPE_ID] => 3
    [ENTITY_ID] => 247772
    [STREET] => Садрутдина Эндреева
    [BUILDING] => 27
    [POSTAL_CODE] => 368530
    [COUNTRY] => Россия
    [PROVINCE] => Республика Дагестан
    [REGION] => Карабудахкентский
    [CITY] => село Карабудахкент
    [ADDRESS_2] => 
)

internalExecute:
Array
(
    [TYPE_ID] => 4
    [ENTITY_TYPE_ID] => 3
    [ENTITY_ID] => 247772
    [STREET] => Садрутдина Эндреева
    [BUILDING] => 27
    [POSTAL_CODE] => 368530
    [COUNTRY] => Россия
    [PROVINCE] => Республика Дагестан
    [REGION] => Карабудахкентский
    [CITY] => село Карабудахкент
    [ADDRESS_2] => 
)

internalExecute:
Array
(
    [TYPE_ID] => 1
    [ENTITY_TYPE_ID] => 3
    [ENTITY_ID] => 247772
    [STREET] => Садрутдина Эндреева
    [BUILDING] => 27
    [POSTAL_CODE] => 368530
    [COUNTRY] => Россия
    [PROVINCE] => Республика Дагестан
    [REGION] => Карабудахкентский
    [CITY] => село Карабудахкент
    [ADDRESS_2] => 
)

internalExecute:
Array
(
    [TYPE_ID] => 1
    [ENTITY_TYPE_ID] => 3
    [ENTITY_ID] => 247772
    [STREET] => Садрутдина Эндреева
    [BUILDING] => 27
    [POSTAL_CODE] => 368530
    [COUNTRY] => Россия
    [PROVINCE] => Республика Дагестан
    [REGION] => Карабудахкентский
    [CITY] => село Карабудахкент
    [ADDRESS_2] => 
)

internalExecute:
Array
(
    [TYPE_ID] => 4
    [ENTITY_TYPE_ID] => 3
    [ENTITY_ID] => 247773
    [STREET] => 
    [BUILDING] => 
    [POSTAL_CODE] => 
    [COUNTRY] => Россия
    [PROVINCE] => 
    [REGION] => 
    [CITY] => 
    [ADDRESS_2] => 
)

internalExecute:
Array
(
    [TYPE_ID] => 4
    [ENTITY_TYPE_ID] => 3
    [ENTITY_ID] => 247773
    [STREET] => 
    [BUILDING] => 
    [POSTAL_CODE] => 
    [COUNTRY] => Россия
    [PROVINCE] => 
    [REGION] => 
    [CITY] => 
    [ADDRESS_2] => 
)

